time_period,cart_session_id,clicked_to_another_page,placed_order,items_purchased,price_usd
"A. Pre_Cross_Sell",122947,1,1,1,49.99
"A. Pre_Cross_Sell",122952,1,0,NULL,NULL
"A. Pre_Cross_Sell",122954,1,0,NULL,NULL
"A. Pre_Cross_Sell",122963,0,0,NULL,NULL
"A. Pre_Cross_Sell",122973,0,0,NULL,NULL
"A. Pre_Cross_Sell",122974,0,0,NULL,NULL
"A. Pre_Cross_Sell",122987,1,1,1,49.99
"A. Pre_Cross_Sell",123008,1,1,1,49.99
"A. Pre_Cross_Sell",123016,0,0,NULL,NULL
"A. Pre_Cross_Sell",123020,1,0,NULL,NULL
"A. Pre_Cross_Sell",123021,1,1,1,59.99
"A. Pre_Cross_Sell",123030,1,1,1,49.99
"A. Pre_Cross_Sell",123031,1,1,1,49.99
"A. Pre_Cross_Sell",123033,0,0,NULL,NULL
"A. Pre_Cross_Sell",123038,1,1,1,49.99
"A. Pre_Cross_Sell",123043,1,0,NULL,NULL
"A. Pre_Cross_Sell",123048,1,0,NULL,NULL
"A. Pre_Cross_Sell",123049,1,1,1,49.99
"A. Pre_Cross_Sell",123050,1,0,NULL,NULL
"A. Pre_Cross_Sell",123055,1,1,1,49.99
"A. Pre_Cross_Sell",123056,1,0,NULL,NULL
"A. Pre_Cross_Sell",123061,0,0,NULL,NULL
"A. Pre_Cross_Sell",123062,1,1,1,49.99
"A. Pre_Cross_Sell",123065,1,1,1,49.99
"A. Pre_Cross_Sell",123068,0,0,NULL,NULL
"A. Pre_Cross_Sell",123070,0,0,NULL,NULL
"A. Pre_Cross_Sell",123075,1,1,1,49.99
"A. Pre_Cross_Sell",123078,0,0,NULL,NULL
"A. Pre_Cross_Sell",123081,1,1,1,49.99
"A. Pre_Cross_Sell",123082,0,0,NULL,NULL
"A. Pre_Cross_Sell",123087,0,0,NULL,NULL
"A. Pre_Cross_Sell",123095,1,0,NULL,NULL
"A. Pre_Cross_Sell",123101,1,1,1,59.99
"A. Pre_Cross_Sell",123103,1,1,1,49.99
"A. Pre_Cross_Sell",123104,0,0,NULL,NULL
"A. Pre_Cross_Sell",123106,0,0,NULL,NULL
"A. Pre_Cross_Sell",123109,1,0,NULL,NULL
"A. Pre_Cross_Sell",123110,1,1,1,49.99
"A. Pre_Cross_Sell",123111,0,0,NULL,NULL
"A. Pre_Cross_Sell",123113,0,0,NULL,NULL
"A. Pre_Cross_Sell",123119,1,1,1,49.99
"A. Pre_Cross_Sell",123120,1,0,NULL,NULL
"A. Pre_Cross_Sell",123123,1,0,NULL,NULL
"A. Pre_Cross_Sell",123128,1,0,NULL,NULL
"A. Pre_Cross_Sell",123129,1,1,1,49.99
"A. Pre_Cross_Sell",123133,1,0,NULL,NULL
"A. Pre_Cross_Sell",123139,1,1,1,49.99
"A. Pre_Cross_Sell",123143,1,1,1,49.99
"A. Pre_Cross_Sell",123150,1,1,1,49.99
"A. Pre_Cross_Sell",123163,0,0,NULL,NULL
"A. Pre_Cross_Sell",123165,0,0,NULL,NULL
"A. Pre_Cross_Sell",123179,1,1,1,49.99
"A. Pre_Cross_Sell",123180,1,1,1,49.99
"A. Pre_Cross_Sell",123181,1,1,1,49.99
"A. Pre_Cross_Sell",123187,1,0,NULL,NULL
"A. Pre_Cross_Sell",123190,0,0,NULL,NULL
"A. Pre_Cross_Sell",123191,1,0,NULL,NULL
"A. Pre_Cross_Sell",123192,0,0,NULL,NULL
"A. Pre_Cross_Sell",123200,0,0,NULL,NULL
"A. Pre_Cross_Sell",123201,1,1,1,49.99
"A. Pre_Cross_Sell",123203,0,0,NULL,NULL
"A. Pre_Cross_Sell",123211,0,0,NULL,NULL
"A. Pre_Cross_Sell",123214,1,0,NULL,NULL
"A. Pre_Cross_Sell",123217,0,0,NULL,NULL
"A. Pre_Cross_Sell",123225,0,0,NULL,NULL
"A. Pre_Cross_Sell",123231,0,0,NULL,NULL
"A. Pre_Cross_Sell",123240,0,0,NULL,NULL
"A. Pre_Cross_Sell",123242,1,0,NULL,NULL
"A. Pre_Cross_Sell",123243,1,1,1,49.99
"A. Pre_Cross_Sell",123252,1,1,1,59.99
"A. Pre_Cross_Sell",123257,0,0,NULL,NULL
"A. Pre_Cross_Sell",123261,0,0,NULL,NULL
"A. Pre_Cross_Sell",123268,0,0,NULL,NULL
"A. Pre_Cross_Sell",123273,0,0,NULL,NULL
"A. Pre_Cross_Sell",123281,1,1,1,49.99
"A. Pre_Cross_Sell",123282,1,0,NULL,NULL
"A. Pre_Cross_Sell",123284,1,1,1,49.99
"A. Pre_Cross_Sell",123286,1,1,1,49.99
"A. Pre_Cross_Sell",123296,0,0,NULL,NULL
"A. Pre_Cross_Sell",123302,1,0,NULL,NULL
"A. Pre_Cross_Sell",123314,1,1,1,49.99
"A. Pre_Cross_Sell",123322,0,0,NULL,NULL
"A. Pre_Cross_Sell",123324,1,1,1,59.99
"A. Pre_Cross_Sell",123326,1,0,NULL,NULL
"A. Pre_Cross_Sell",123328,1,0,NULL,NULL
"A. Pre_Cross_Sell",123333,1,1,1,59.99
"A. Pre_Cross_Sell",123338,1,1,1,49.99
"A. Pre_Cross_Sell",123339,0,0,NULL,NULL
"A. Pre_Cross_Sell",123343,0,0,NULL,NULL
"A. Pre_Cross_Sell",123348,0,0,NULL,NULL
"A. Pre_Cross_Sell",123353,0,0,NULL,NULL
"A. Pre_Cross_Sell",123354,1,0,NULL,NULL
"A. Pre_Cross_Sell",123357,0,0,NULL,NULL
"A. Pre_Cross_Sell",123358,1,1,1,49.99
"A. Pre_Cross_Sell",123360,1,0,NULL,NULL
"A. Pre_Cross_Sell",123366,1,1,1,59.99
"A. Pre_Cross_Sell",123369,1,0,NULL,NULL
"A. Pre_Cross_Sell",123377,0,0,NULL,NULL
"A. Pre_Cross_Sell",123380,0,0,NULL,NULL
"A. Pre_Cross_Sell",123381,0,0,NULL,NULL
"A. Pre_Cross_Sell",123384,0,0,NULL,NULL
"A. Pre_Cross_Sell",123390,1,0,NULL,NULL
"A. Pre_Cross_Sell",123391,1,0,NULL,NULL
"A. Pre_Cross_Sell",123394,1,1,1,59.99
"A. Pre_Cross_Sell",123397,1,1,1,49.99
"A. Pre_Cross_Sell",123399,0,0,NULL,NULL
"A. Pre_Cross_Sell",123402,0,0,NULL,NULL
"A. Pre_Cross_Sell",123409,1,0,NULL,NULL
"A. Pre_Cross_Sell",123423,1,0,NULL,NULL
"A. Pre_Cross_Sell",123424,0,0,NULL,NULL
"A. Pre_Cross_Sell",123426,0,0,NULL,NULL
"A. Pre_Cross_Sell",123437,0,0,NULL,NULL
"A. Pre_Cross_Sell",123440,0,0,NULL,NULL
"A. Pre_Cross_Sell",123443,1,1,1,49.99
"A. Pre_Cross_Sell",123461,1,1,1,49.99
"A. Pre_Cross_Sell",123467,1,1,1,59.99
"A. Pre_Cross_Sell",123468,0,0,NULL,NULL
"A. Pre_Cross_Sell",123474,1,1,1,49.99
"A. Pre_Cross_Sell",123484,1,1,1,49.99
"A. Pre_Cross_Sell",123492,1,1,1,49.99
"A. Pre_Cross_Sell",123496,1,0,NULL,NULL
"A. Pre_Cross_Sell",123500,1,1,1,59.99
"A. Pre_Cross_Sell",123501,1,0,NULL,NULL
"A. Pre_Cross_Sell",123513,0,0,NULL,NULL
"A. Pre_Cross_Sell",123514,0,0,NULL,NULL
"A. Pre_Cross_Sell",123515,1,1,1,49.99
"A. Pre_Cross_Sell",123524,0,0,NULL,NULL
"A. Pre_Cross_Sell",123526,1,1,1,49.99
"A. Pre_Cross_Sell",123536,0,0,NULL,NULL
"A. Pre_Cross_Sell",123538,1,0,NULL,NULL
"A. Pre_Cross_Sell",123539,1,1,1,49.99
"A. Pre_Cross_Sell",123549,0,0,NULL,NULL
"A. Pre_Cross_Sell",123552,1,1,1,49.99
"A. Pre_Cross_Sell",123554,1,1,1,49.99
"A. Pre_Cross_Sell",123563,0,0,NULL,NULL
"A. Pre_Cross_Sell",123565,1,0,NULL,NULL
"A. Pre_Cross_Sell",123571,1,1,1,49.99
"A. Pre_Cross_Sell",123581,1,1,1,59.99
"A. Pre_Cross_Sell",123583,1,0,NULL,NULL
"A. Pre_Cross_Sell",123587,0,0,NULL,NULL
"A. Pre_Cross_Sell",123588,0,0,NULL,NULL
"A. Pre_Cross_Sell",123590,0,0,NULL,NULL
"A. Pre_Cross_Sell",123593,1,1,1,49.99
"A. Pre_Cross_Sell",123596,0,0,NULL,NULL
"A. Pre_Cross_Sell",123601,0,0,NULL,NULL
"A. Pre_Cross_Sell",123607,1,1,1,59.99
"A. Pre_Cross_Sell",123610,1,0,NULL,NULL
"A. Pre_Cross_Sell",123620,1,0,NULL,NULL
"A. Pre_Cross_Sell",123623,0,0,NULL,NULL
"A. Pre_Cross_Sell",123627,0,0,NULL,NULL
"A. Pre_Cross_Sell",123640,1,0,NULL,NULL
"A. Pre_Cross_Sell",123642,1,0,NULL,NULL
"A. Pre_Cross_Sell",123645,0,0,NULL,NULL
"A. Pre_Cross_Sell",123651,1,0,NULL,NULL
"A. Pre_Cross_Sell",123653,1,1,1,49.99
"A. Pre_Cross_Sell",123673,1,1,1,59.99
"A. Pre_Cross_Sell",123676,1,1,1,59.99
"A. Pre_Cross_Sell",123680,0,0,NULL,NULL
"A. Pre_Cross_Sell",123690,1,0,NULL,NULL
"A. Pre_Cross_Sell",123692,1,0,NULL,NULL
"A. Pre_Cross_Sell",123701,1,0,NULL,NULL
"A. Pre_Cross_Sell",123707,0,0,NULL,NULL
"A. Pre_Cross_Sell",123713,1,0,NULL,NULL
"A. Pre_Cross_Sell",123725,0,0,NULL,NULL
"A. Pre_Cross_Sell",123729,1,0,NULL,NULL
"A. Pre_Cross_Sell",123755,0,0,NULL,NULL
"A. Pre_Cross_Sell",123758,0,0,NULL,NULL
"A. Pre_Cross_Sell",123759,1,1,1,49.99
"A. Pre_Cross_Sell",123760,1,1,1,49.99
"A. Pre_Cross_Sell",123769,1,0,NULL,NULL
"A. Pre_Cross_Sell",123772,1,0,NULL,NULL
"A. Pre_Cross_Sell",123780,1,0,NULL,NULL
"A. Pre_Cross_Sell",123782,1,1,1,49.99
"A. Pre_Cross_Sell",123784,0,0,NULL,NULL
"A. Pre_Cross_Sell",123795,0,0,NULL,NULL
"A. Pre_Cross_Sell",123802,0,0,NULL,NULL
"A. Pre_Cross_Sell",123806,0,0,NULL,NULL
"A. Pre_Cross_Sell",123813,0,0,NULL,NULL
"A. Pre_Cross_Sell",123814,0,0,NULL,NULL
"A. Pre_Cross_Sell",123819,0,0,NULL,NULL
"A. Pre_Cross_Sell",123827,1,1,1,49.99
"A. Pre_Cross_Sell",123832,1,0,NULL,NULL
"A. Pre_Cross_Sell",123834,1,0,NULL,NULL
"A. Pre_Cross_Sell",123837,1,1,1,49.99
"A. Pre_Cross_Sell",123838,1,0,NULL,NULL
"A. Pre_Cross_Sell",123840,0,0,NULL,NULL
"A. Pre_Cross_Sell",123841,1,1,1,59.99
"A. Pre_Cross_Sell",123851,1,1,1,49.99
"A. Pre_Cross_Sell",123854,0,0,NULL,NULL
"A. Pre_Cross_Sell",123863,0,0,NULL,NULL
"A. Pre_Cross_Sell",123868,1,1,1,59.99
"A. Pre_Cross_Sell",123874,1,0,NULL,NULL
"A. Pre_Cross_Sell",123878,1,1,1,49.99
"A. Pre_Cross_Sell",123879,1,0,NULL,NULL
"A. Pre_Cross_Sell",123891,1,0,NULL,NULL
"A. Pre_Cross_Sell",123895,1,0,NULL,NULL
"A. Pre_Cross_Sell",123897,1,0,NULL,NULL
"A. Pre_Cross_Sell",123900,0,0,NULL,NULL
"A. Pre_Cross_Sell",123901,0,0,NULL,NULL
"A. Pre_Cross_Sell",123906,0,0,NULL,NULL
"A. Pre_Cross_Sell",123910,1,0,NULL,NULL
"A. Pre_Cross_Sell",123914,0,0,NULL,NULL
"A. Pre_Cross_Sell",123917,1,0,NULL,NULL
"A. Pre_Cross_Sell",123920,1,1,1,59.99
"A. Pre_Cross_Sell",123921,1,1,1,49.99
"A. Pre_Cross_Sell",123938,1,0,NULL,NULL
"A. Pre_Cross_Sell",123939,1,1,1,49.99
"A. Pre_Cross_Sell",123940,1,1,1,49.99
"A. Pre_Cross_Sell",123941,0,0,NULL,NULL
"A. Pre_Cross_Sell",123945,0,0,NULL,NULL
"A. Pre_Cross_Sell",123953,0,0,NULL,NULL
"A. Pre_Cross_Sell",123958,1,0,NULL,NULL
"A. Pre_Cross_Sell",123963,1,1,1,49.99
"A. Pre_Cross_Sell",123965,0,0,NULL,NULL
"A. Pre_Cross_Sell",123971,1,0,NULL,NULL
"A. Pre_Cross_Sell",123992,0,0,NULL,NULL
"A. Pre_Cross_Sell",123995,0,0,NULL,NULL
"A. Pre_Cross_Sell",123999,0,0,NULL,NULL
"A. Pre_Cross_Sell",124001,1,1,1,59.99
"A. Pre_Cross_Sell",124005,1,0,NULL,NULL
"A. Pre_Cross_Sell",124006,0,0,NULL,NULL
"A. Pre_Cross_Sell",124013,1,1,1,49.99
"A. Pre_Cross_Sell",124014,0,0,NULL,NULL
"A. Pre_Cross_Sell",124015,0,0,NULL,NULL
"A. Pre_Cross_Sell",124019,1,0,NULL,NULL
"A. Pre_Cross_Sell",124022,0,0,NULL,NULL
"A. Pre_Cross_Sell",124027,1,0,NULL,NULL
"A. Pre_Cross_Sell",124031,0,0,NULL,NULL
"A. Pre_Cross_Sell",124032,1,1,1,49.99
"A. Pre_Cross_Sell",124038,1,0,NULL,NULL
"A. Pre_Cross_Sell",124040,1,1,1,49.99
"A. Pre_Cross_Sell",124044,1,1,1,59.99
"A. Pre_Cross_Sell",124047,0,0,NULL,NULL
"A. Pre_Cross_Sell",124049,1,0,NULL,NULL
"A. Pre_Cross_Sell",124052,1,0,NULL,NULL
"A. Pre_Cross_Sell",124054,0,0,NULL,NULL
"A. Pre_Cross_Sell",124075,1,1,1,49.99
"A. Pre_Cross_Sell",124078,1,1,1,49.99
"A. Pre_Cross_Sell",124081,0,0,NULL,NULL
"A. Pre_Cross_Sell",124086,1,0,NULL,NULL
"A. Pre_Cross_Sell",124093,1,0,NULL,NULL
"A. Pre_Cross_Sell",124097,1,1,1,49.99
"A. Pre_Cross_Sell",124098,1,0,NULL,NULL
"A. Pre_Cross_Sell",124101,1,0,NULL,NULL
"A. Pre_Cross_Sell",124102,1,1,1,49.99
"A. Pre_Cross_Sell",124106,1,1,1,49.99
"A. Pre_Cross_Sell",124112,1,0,NULL,NULL
"A. Pre_Cross_Sell",124113,1,0,NULL,NULL
"A. Pre_Cross_Sell",124114,0,0,NULL,NULL
"A. Pre_Cross_Sell",124121,0,0,NULL,NULL
"A. Pre_Cross_Sell",124122,1,1,1,49.99
"A. Pre_Cross_Sell",124125,1,0,NULL,NULL
"A. Pre_Cross_Sell",124126,0,0,NULL,NULL
"A. Pre_Cross_Sell",124128,1,1,1,49.99
"A. Pre_Cross_Sell",124135,0,0,NULL,NULL
"A. Pre_Cross_Sell",124138,1,0,NULL,NULL
"A. Pre_Cross_Sell",124140,1,1,1,49.99
"A. Pre_Cross_Sell",124143,1,0,NULL,NULL
"A. Pre_Cross_Sell",124152,0,0,NULL,NULL
"A. Pre_Cross_Sell",124158,0,0,NULL,NULL
"A. Pre_Cross_Sell",124162,1,0,NULL,NULL
"A. Pre_Cross_Sell",124174,1,0,NULL,NULL
"A. Pre_Cross_Sell",124177,0,0,NULL,NULL
"A. Pre_Cross_Sell",124186,1,1,1,49.99
"A. Pre_Cross_Sell",124190,1,0,NULL,NULL
"A. Pre_Cross_Sell",124199,1,0,NULL,NULL
"A. Pre_Cross_Sell",124200,0,0,NULL,NULL
"A. Pre_Cross_Sell",124213,0,0,NULL,NULL
"A. Pre_Cross_Sell",124215,0,0,NULL,NULL
"A. Pre_Cross_Sell",124217,1,0,NULL,NULL
"A. Pre_Cross_Sell",124218,1,1,1,49.99
"A. Pre_Cross_Sell",124228,1,0,NULL,NULL
"A. Pre_Cross_Sell",124231,0,0,NULL,NULL
"A. Pre_Cross_Sell",124234,1,1,1,49.99
"A. Pre_Cross_Sell",124256,1,1,1,49.99
"A. Pre_Cross_Sell",124258,1,0,NULL,NULL
"A. Pre_Cross_Sell",124274,1,0,NULL,NULL
"A. Pre_Cross_Sell",124293,1,0,NULL,NULL
"A. Pre_Cross_Sell",124298,0,0,NULL,NULL
"A. Pre_Cross_Sell",124302,1,1,1,49.99
"A. Pre_Cross_Sell",124307,1,1,1,49.99
"A. Pre_Cross_Sell",124311,1,1,1,49.99
"A. Pre_Cross_Sell",124312,1,0,NULL,NULL
"A. Pre_Cross_Sell",124314,1,1,1,49.99
"A. Pre_Cross_Sell",124315,0,0,NULL,NULL
"A. Pre_Cross_Sell",124331,1,0,NULL,NULL
"A. Pre_Cross_Sell",124339,1,1,1,49.99
"A. Pre_Cross_Sell",124344,1,0,NULL,NULL
"A. Pre_Cross_Sell",124347,0,0,NULL,NULL
"A. Pre_Cross_Sell",124348,1,1,1,49.99
"A. Pre_Cross_Sell",124350,0,0,NULL,NULL
"A. Pre_Cross_Sell",124355,0,0,NULL,NULL
"A. Pre_Cross_Sell",124359,1,0,NULL,NULL
"A. Pre_Cross_Sell",124360,0,0,NULL,NULL
"A. Pre_Cross_Sell",124362,1,1,1,49.99
"A. Pre_Cross_Sell",124370,1,1,1,49.99
"A. Pre_Cross_Sell",124373,1,0,NULL,NULL
"A. Pre_Cross_Sell",124386,1,0,NULL,NULL
"A. Pre_Cross_Sell",124398,1,1,1,49.99
"A. Pre_Cross_Sell",124399,1,1,1,49.99
"A. Pre_Cross_Sell",124401,1,0,NULL,NULL
"A. Pre_Cross_Sell",124407,1,0,NULL,NULL
"A. Pre_Cross_Sell",124408,0,0,NULL,NULL
"A. Pre_Cross_Sell",124415,1,1,1,49.99
"A. Pre_Cross_Sell",124422,1,0,NULL,NULL
"A. Pre_Cross_Sell",124427,1,1,1,49.99
"A. Pre_Cross_Sell",124434,0,0,NULL,NULL
"A. Pre_Cross_Sell",124435,0,0,NULL,NULL
"A. Pre_Cross_Sell",124439,1,0,NULL,NULL
"A. Pre_Cross_Sell",124441,1,0,NULL,NULL
"A. Pre_Cross_Sell",124446,1,0,NULL,NULL
"A. Pre_Cross_Sell",124450,1,0,NULL,NULL
"A. Pre_Cross_Sell",124451,1,1,1,49.99
"A. Pre_Cross_Sell",124469,0,0,NULL,NULL
"A. Pre_Cross_Sell",124472,0,0,NULL,NULL
"A. Pre_Cross_Sell",124480,0,0,NULL,NULL
"A. Pre_Cross_Sell",124496,0,0,NULL,NULL
"A. Pre_Cross_Sell",124500,1,0,NULL,NULL
"A. Pre_Cross_Sell",124507,1,0,NULL,NULL
"A. Pre_Cross_Sell",124512,1,1,1,49.99
"A. Pre_Cross_Sell",124520,1,0,NULL,NULL
"A. Pre_Cross_Sell",124521,1,1,1,49.99
"A. Pre_Cross_Sell",124523,1,0,NULL,NULL
"A. Pre_Cross_Sell",124526,1,1,1,59.99
"A. Pre_Cross_Sell",124530,1,1,1,49.99
"A. Pre_Cross_Sell",124537,0,0,NULL,NULL
"A. Pre_Cross_Sell",124540,0,0,NULL,NULL
"A. Pre_Cross_Sell",124553,1,0,NULL,NULL
"A. Pre_Cross_Sell",124556,1,1,1,49.99
"A. Pre_Cross_Sell",124557,0,0,NULL,NULL
"A. Pre_Cross_Sell",124562,1,0,NULL,NULL
"A. Pre_Cross_Sell",124571,1,1,1,59.99
"A. Pre_Cross_Sell",124574,0,0,NULL,NULL
"A. Pre_Cross_Sell",124576,0,0,NULL,NULL
"A. Pre_Cross_Sell",124594,1,1,1,49.99
"A. Pre_Cross_Sell",124595,0,0,NULL,NULL
"A. Pre_Cross_Sell",124602,1,1,1,49.99
"A. Pre_Cross_Sell",124603,1,1,1,49.99
"A. Pre_Cross_Sell",124604,1,1,1,49.99
"A. Pre_Cross_Sell",124607,1,1,1,49.99
"A. Pre_Cross_Sell",124611,1,1,1,49.99
"A. Pre_Cross_Sell",124612,0,0,NULL,NULL
"A. Pre_Cross_Sell",124613,1,1,1,49.99
"A. Pre_Cross_Sell",124614,0,0,NULL,NULL
"A. Pre_Cross_Sell",124621,0,0,NULL,NULL
"A. Pre_Cross_Sell",124623,0,0,NULL,NULL
"A. Pre_Cross_Sell",124631,0,0,NULL,NULL
"A. Pre_Cross_Sell",124638,1,1,1,49.99
"A. Pre_Cross_Sell",124639,0,0,NULL,NULL
"A. Pre_Cross_Sell",124640,1,1,1,49.99
"A. Pre_Cross_Sell",124643,1,1,1,49.99
"A. Pre_Cross_Sell",124644,1,0,NULL,NULL
"A. Pre_Cross_Sell",124649,1,1,1,49.99
"A. Pre_Cross_Sell",124655,0,0,NULL,NULL
"A. Pre_Cross_Sell",124664,1,0,NULL,NULL
"A. Pre_Cross_Sell",124673,1,1,1,49.99
"A. Pre_Cross_Sell",124683,1,1,1,49.99
"A. Pre_Cross_Sell",124686,0,0,NULL,NULL
"A. Pre_Cross_Sell",124688,1,0,NULL,NULL
"A. Pre_Cross_Sell",124691,0,0,NULL,NULL
"A. Pre_Cross_Sell",124692,1,1,1,49.99
"A. Pre_Cross_Sell",124694,1,0,NULL,NULL
"A. Pre_Cross_Sell",124697,1,0,NULL,NULL
"A. Pre_Cross_Sell",124706,1,1,1,49.99
"A. Pre_Cross_Sell",124711,1,1,1,49.99
"A. Pre_Cross_Sell",124723,0,0,NULL,NULL
"A. Pre_Cross_Sell",124736,0,0,NULL,NULL
"A. Pre_Cross_Sell",124738,1,1,1,59.99
"A. Pre_Cross_Sell",124746,0,0,NULL,NULL
"A. Pre_Cross_Sell",124749,1,0,NULL,NULL
"A. Pre_Cross_Sell",124751,1,1,1,49.99
"A. Pre_Cross_Sell",124756,1,1,1,59.99
"A. Pre_Cross_Sell",124770,1,0,NULL,NULL
"A. Pre_Cross_Sell",124773,0,0,NULL,NULL
"A. Pre_Cross_Sell",124778,0,0,NULL,NULL
"A. Pre_Cross_Sell",124779,0,0,NULL,NULL
"A. Pre_Cross_Sell",124781,1,1,1,49.99
"A. Pre_Cross_Sell",124793,1,1,1,59.99
"A. Pre_Cross_Sell",124794,1,0,NULL,NULL
"A. Pre_Cross_Sell",124800,0,0,NULL,NULL
"A. Pre_Cross_Sell",124801,1,0,NULL,NULL
"A. Pre_Cross_Sell",124803,1,0,NULL,NULL
"A. Pre_Cross_Sell",124813,0,0,NULL,NULL
"A. Pre_Cross_Sell",124817,1,0,NULL,NULL
"A. Pre_Cross_Sell",124829,1,1,1,49.99
"A. Pre_Cross_Sell",124843,1,1,1,49.99
"A. Pre_Cross_Sell",124871,0,0,NULL,NULL
"A. Pre_Cross_Sell",124876,1,1,1,49.99
"A. Pre_Cross_Sell",124877,1,0,NULL,NULL
"A. Pre_Cross_Sell",124882,1,1,1,49.99
"A. Pre_Cross_Sell",124895,1,1,1,49.99
"A. Pre_Cross_Sell",124899,1,1,1,49.99
"A. Pre_Cross_Sell",124906,1,0,NULL,NULL
"A. Pre_Cross_Sell",124910,1,1,1,49.99
"A. Pre_Cross_Sell",124912,1,0,NULL,NULL
"A. Pre_Cross_Sell",124914,1,1,1,49.99
"A. Pre_Cross_Sell",124917,1,0,NULL,NULL
"A. Pre_Cross_Sell",124922,1,0,NULL,NULL
"A. Pre_Cross_Sell",124933,1,1,1,49.99
"A. Pre_Cross_Sell",124936,0,0,NULL,NULL
"A. Pre_Cross_Sell",124939,1,0,NULL,NULL
"A. Pre_Cross_Sell",124953,1,1,1,49.99
"A. Pre_Cross_Sell",124961,0,0,NULL,NULL
"A. Pre_Cross_Sell",124969,0,0,NULL,NULL
"A. Pre_Cross_Sell",124973,0,0,NULL,NULL
"A. Pre_Cross_Sell",124990,0,0,NULL,NULL
"A. Pre_Cross_Sell",124991,1,0,NULL,NULL
"A. Pre_Cross_Sell",125006,1,0,NULL,NULL
"A. Pre_Cross_Sell",125007,0,0,NULL,NULL
"A. Pre_Cross_Sell",125009,1,0,NULL,NULL
"A. Pre_Cross_Sell",125017,0,0,NULL,NULL
"A. Pre_Cross_Sell",125020,1,0,NULL,NULL
"A. Pre_Cross_Sell",125025,0,0,NULL,NULL
"A. Pre_Cross_Sell",125041,1,1,1,49.99
"A. Pre_Cross_Sell",125044,0,0,NULL,NULL
"A. Pre_Cross_Sell",125049,1,1,1,49.99
"A. Pre_Cross_Sell",125056,1,0,NULL,NULL
"A. Pre_Cross_Sell",125060,1,0,NULL,NULL
"A. Pre_Cross_Sell",125067,1,0,NULL,NULL
"A. Pre_Cross_Sell",125074,1,0,NULL,NULL
"A. Pre_Cross_Sell",125076,1,0,NULL,NULL
"A. Pre_Cross_Sell",125088,1,1,1,49.99
"A. Pre_Cross_Sell",125090,1,1,1,49.99
"A. Pre_Cross_Sell",125097,1,1,1,49.99
"A. Pre_Cross_Sell",125118,0,0,NULL,NULL
"A. Pre_Cross_Sell",125129,1,1,1,49.99
"A. Pre_Cross_Sell",125134,1,0,NULL,NULL
"A. Pre_Cross_Sell",125142,1,1,1,49.99
"A. Pre_Cross_Sell",125150,1,1,1,49.99
"A. Pre_Cross_Sell",125153,1,0,NULL,NULL
"A. Pre_Cross_Sell",125154,0,0,NULL,NULL
"A. Pre_Cross_Sell",125161,1,1,1,49.99
"A. Pre_Cross_Sell",125171,1,1,1,49.99
"A. Pre_Cross_Sell",125178,1,0,NULL,NULL
"A. Pre_Cross_Sell",125181,1,1,1,49.99
"A. Pre_Cross_Sell",125187,0,0,NULL,NULL
"A. Pre_Cross_Sell",125190,0,0,NULL,NULL
"A. Pre_Cross_Sell",125191,1,1,1,59.99
"A. Pre_Cross_Sell",125192,1,1,1,49.99
"A. Pre_Cross_Sell",125207,1,1,1,49.99
"A. Pre_Cross_Sell",125210,0,0,NULL,NULL
"A. Pre_Cross_Sell",125218,0,0,NULL,NULL
"A. Pre_Cross_Sell",125232,1,1,1,49.99
"A. Pre_Cross_Sell",125241,1,0,NULL,NULL
"A. Pre_Cross_Sell",125242,1,1,1,49.99
"A. Pre_Cross_Sell",125243,1,0,NULL,NULL
"A. Pre_Cross_Sell",125253,0,0,NULL,NULL
"A. Pre_Cross_Sell",125258,0,0,NULL,NULL
"A. Pre_Cross_Sell",125260,1,0,NULL,NULL
"A. Pre_Cross_Sell",125264,1,1,1,49.99
"A. Pre_Cross_Sell",125275,1,1,1,49.99
"A. Pre_Cross_Sell",125291,0,0,NULL,NULL
"A. Pre_Cross_Sell",125292,1,1,1,49.99
"A. Pre_Cross_Sell",125300,1,1,1,49.99
"A. Pre_Cross_Sell",125303,1,1,1,49.99
"A. Pre_Cross_Sell",125329,1,0,NULL,NULL
"A. Pre_Cross_Sell",125337,1,0,NULL,NULL
"A. Pre_Cross_Sell",125342,0,0,NULL,NULL
"A. Pre_Cross_Sell",125343,1,0,NULL,NULL
"A. Pre_Cross_Sell",125345,1,0,NULL,NULL
"A. Pre_Cross_Sell",125350,1,0,NULL,NULL
"A. Pre_Cross_Sell",125354,1,0,NULL,NULL
"A. Pre_Cross_Sell",125358,0,0,NULL,NULL
"A. Pre_Cross_Sell",125362,1,0,NULL,NULL
"A. Pre_Cross_Sell",125378,1,1,1,49.99
"A. Pre_Cross_Sell",125389,1,1,1,49.99
"A. Pre_Cross_Sell",125390,1,0,NULL,NULL
"A. Pre_Cross_Sell",125395,1,0,NULL,NULL
"A. Pre_Cross_Sell",125400,1,1,1,49.99
"A. Pre_Cross_Sell",125408,1,1,1,49.99
"A. Pre_Cross_Sell",125409,1,1,1,49.99
"A. Pre_Cross_Sell",125414,1,0,NULL,NULL
"A. Pre_Cross_Sell",125416,1,1,1,49.99
"A. Pre_Cross_Sell",125417,1,0,NULL,NULL
"A. Pre_Cross_Sell",125421,0,0,NULL,NULL
"A. Pre_Cross_Sell",125435,1,0,NULL,NULL
"A. Pre_Cross_Sell",125446,1,0,NULL,NULL
"A. Pre_Cross_Sell",125455,0,0,NULL,NULL
"A. Pre_Cross_Sell",125459,1,0,NULL,NULL
"A. Pre_Cross_Sell",125460,0,0,NULL,NULL
"A. Pre_Cross_Sell",125467,1,1,1,49.99
"A. Pre_Cross_Sell",125468,0,0,NULL,NULL
"A. Pre_Cross_Sell",125472,0,0,NULL,NULL
"A. Pre_Cross_Sell",125476,1,1,1,49.99
"A. Pre_Cross_Sell",125490,1,1,1,49.99
"A. Pre_Cross_Sell",125495,1,1,1,49.99
"A. Pre_Cross_Sell",125502,0,0,NULL,NULL
"A. Pre_Cross_Sell",125510,1,1,1,49.99
"A. Pre_Cross_Sell",125517,0,0,NULL,NULL
"A. Pre_Cross_Sell",125532,0,0,NULL,NULL
"A. Pre_Cross_Sell",125535,1,0,NULL,NULL
"A. Pre_Cross_Sell",125549,1,0,NULL,NULL
"A. Pre_Cross_Sell",125555,1,1,1,49.99
"A. Pre_Cross_Sell",125557,1,1,1,59.99
"A. Pre_Cross_Sell",125558,1,0,NULL,NULL
"A. Pre_Cross_Sell",125564,0,0,NULL,NULL
"A. Pre_Cross_Sell",125574,1,0,NULL,NULL
"A. Pre_Cross_Sell",125575,1,0,NULL,NULL
"A. Pre_Cross_Sell",125584,1,1,1,49.99
"A. Pre_Cross_Sell",125585,0,0,NULL,NULL
"A. Pre_Cross_Sell",125602,1,1,1,59.99
"A. Pre_Cross_Sell",125605,1,1,1,49.99
"A. Pre_Cross_Sell",125615,1,0,NULL,NULL
"A. Pre_Cross_Sell",125620,0,0,NULL,NULL
"A. Pre_Cross_Sell",125627,1,1,1,49.99
"A. Pre_Cross_Sell",125634,0,0,NULL,NULL
"A. Pre_Cross_Sell",125638,1,0,NULL,NULL
"A. Pre_Cross_Sell",125654,0,0,NULL,NULL
"A. Pre_Cross_Sell",125655,0,0,NULL,NULL
"A. Pre_Cross_Sell",125662,1,0,NULL,NULL
"A. Pre_Cross_Sell",125666,0,0,NULL,NULL
"A. Pre_Cross_Sell",125683,1,0,NULL,NULL
"A. Pre_Cross_Sell",125686,1,0,NULL,NULL
"A. Pre_Cross_Sell",125689,1,0,NULL,NULL
"A. Pre_Cross_Sell",125694,1,1,1,49.99
"A. Pre_Cross_Sell",125703,0,0,NULL,NULL
"A. Pre_Cross_Sell",125715,1,0,NULL,NULL
"A. Pre_Cross_Sell",125731,0,0,NULL,NULL
"A. Pre_Cross_Sell",125745,1,1,1,59.99
"A. Pre_Cross_Sell",125764,1,1,1,49.99
"A. Pre_Cross_Sell",125773,0,0,NULL,NULL
"A. Pre_Cross_Sell",125775,1,1,1,49.99
"A. Pre_Cross_Sell",125778,1,1,1,49.99
"A. Pre_Cross_Sell",125786,0,0,NULL,NULL
"A. Pre_Cross_Sell",125793,1,0,NULL,NULL
"A. Pre_Cross_Sell",125794,0,0,NULL,NULL
"A. Pre_Cross_Sell",125797,1,0,NULL,NULL
"A. Pre_Cross_Sell",125800,1,0,NULL,NULL
"A. Pre_Cross_Sell",125804,0,0,NULL,NULL
"A. Pre_Cross_Sell",125811,0,0,NULL,NULL
"A. Pre_Cross_Sell",125812,1,1,1,49.99
"A. Pre_Cross_Sell",125820,1,1,1,49.99
"A. Pre_Cross_Sell",125821,1,0,NULL,NULL
"A. Pre_Cross_Sell",125826,1,1,1,49.99
"A. Pre_Cross_Sell",125831,0,0,NULL,NULL
"A. Pre_Cross_Sell",125833,1,0,NULL,NULL
"A. Pre_Cross_Sell",125836,0,0,NULL,NULL
"A. Pre_Cross_Sell",125839,0,0,NULL,NULL
"A. Pre_Cross_Sell",125844,1,0,NULL,NULL
"A. Pre_Cross_Sell",125848,1,0,NULL,NULL
"A. Pre_Cross_Sell",125849,1,1,1,59.99
"A. Pre_Cross_Sell",125853,1,0,NULL,NULL
"A. Pre_Cross_Sell",125870,0,0,NULL,NULL
"A. Pre_Cross_Sell",125875,1,0,NULL,NULL
"A. Pre_Cross_Sell",125880,0,0,NULL,NULL
"A. Pre_Cross_Sell",125887,0,0,NULL,NULL
"A. Pre_Cross_Sell",125895,0,0,NULL,NULL
"A. Pre_Cross_Sell",125896,0,0,NULL,NULL
"A. Pre_Cross_Sell",125907,1,1,1,49.99
"A. Pre_Cross_Sell",125911,1,0,NULL,NULL
"A. Pre_Cross_Sell",125914,1,1,1,49.99
"A. Pre_Cross_Sell",125915,1,0,NULL,NULL
"A. Pre_Cross_Sell",125919,1,0,NULL,NULL
"A. Pre_Cross_Sell",125923,0,0,NULL,NULL
"A. Pre_Cross_Sell",125924,0,0,NULL,NULL
"A. Pre_Cross_Sell",125932,1,0,NULL,NULL
"A. Pre_Cross_Sell",125933,1,0,NULL,NULL
"A. Pre_Cross_Sell",125940,0,0,NULL,NULL
"A. Pre_Cross_Sell",125944,1,1,1,49.99
"A. Pre_Cross_Sell",125963,1,0,NULL,NULL
"A. Pre_Cross_Sell",125972,1,0,NULL,NULL
"A. Pre_Cross_Sell",125986,1,0,NULL,NULL
"A. Pre_Cross_Sell",125988,1,1,1,49.99
"A. Pre_Cross_Sell",125994,1,1,1,49.99
"A. Pre_Cross_Sell",125997,0,0,NULL,NULL
"A. Pre_Cross_Sell",125999,1,0,NULL,NULL
"A. Pre_Cross_Sell",126009,1,0,NULL,NULL
"A. Pre_Cross_Sell",126015,0,0,NULL,NULL
"A. Pre_Cross_Sell",126016,0,0,NULL,NULL
"A. Pre_Cross_Sell",126018,0,0,NULL,NULL
"A. Pre_Cross_Sell",126027,1,1,1,49.99
"A. Pre_Cross_Sell",126029,1,1,1,49.99
"A. Pre_Cross_Sell",126032,0,0,NULL,NULL
"A. Pre_Cross_Sell",126038,1,1,1,49.99
"A. Pre_Cross_Sell",126043,1,1,1,49.99
"A. Pre_Cross_Sell",126045,0,0,NULL,NULL
"A. Pre_Cross_Sell",126046,1,0,NULL,NULL
"A. Pre_Cross_Sell",126048,0,0,NULL,NULL
"A. Pre_Cross_Sell",126051,1,1,1,59.99
"A. Pre_Cross_Sell",126056,1,1,1,59.99
"A. Pre_Cross_Sell",126063,1,0,NULL,NULL
"A. Pre_Cross_Sell",126064,1,1,1,49.99
"A. Pre_Cross_Sell",126078,1,1,1,49.99
"A. Pre_Cross_Sell",126084,1,0,NULL,NULL
"A. Pre_Cross_Sell",126086,1,0,NULL,NULL
"A. Pre_Cross_Sell",126089,1,0,NULL,NULL
"A. Pre_Cross_Sell",126100,1,1,1,59.99
"A. Pre_Cross_Sell",126102,0,0,NULL,NULL
"A. Pre_Cross_Sell",126110,1,0,NULL,NULL
"A. Pre_Cross_Sell",126112,1,1,1,49.99
"A. Pre_Cross_Sell",126119,1,0,NULL,NULL
"A. Pre_Cross_Sell",126121,1,0,NULL,NULL
"A. Pre_Cross_Sell",126125,1,1,1,49.99
"A. Pre_Cross_Sell",126127,0,0,NULL,NULL
"A. Pre_Cross_Sell",126134,1,1,1,49.99
"A. Pre_Cross_Sell",126140,1,0,NULL,NULL
"A. Pre_Cross_Sell",126141,1,0,NULL,NULL
"A. Pre_Cross_Sell",126146,1,0,NULL,NULL
"A. Pre_Cross_Sell",126149,1,1,1,59.99
"A. Pre_Cross_Sell",126152,0,0,NULL,NULL
"A. Pre_Cross_Sell",126159,1,1,1,49.99
"A. Pre_Cross_Sell",126161,0,0,NULL,NULL
"A. Pre_Cross_Sell",126165,1,0,NULL,NULL
"A. Pre_Cross_Sell",126169,1,0,NULL,NULL
"A. Pre_Cross_Sell",126170,1,1,1,49.99
"A. Pre_Cross_Sell",126180,1,1,1,49.99
"A. Pre_Cross_Sell",126181,1,0,NULL,NULL
"A. Pre_Cross_Sell",126196,1,1,1,49.99
"A. Pre_Cross_Sell",126197,1,0,NULL,NULL
"A. Pre_Cross_Sell",126198,0,0,NULL,NULL
"A. Pre_Cross_Sell",126201,1,1,1,49.99
"A. Pre_Cross_Sell",126202,0,0,NULL,NULL
"A. Pre_Cross_Sell",126203,1,0,NULL,NULL
"A. Pre_Cross_Sell",126205,1,0,NULL,NULL
"A. Pre_Cross_Sell",126209,1,0,NULL,NULL
"A. Pre_Cross_Sell",126211,1,1,1,49.99
"A. Pre_Cross_Sell",126213,1,0,NULL,NULL
"A. Pre_Cross_Sell",126214,1,0,NULL,NULL
"A. Pre_Cross_Sell",126215,0,0,NULL,NULL
"A. Pre_Cross_Sell",126223,1,1,1,49.99
"A. Pre_Cross_Sell",126224,0,0,NULL,NULL
"A. Pre_Cross_Sell",126227,0,0,NULL,NULL
"A. Pre_Cross_Sell",126239,1,1,1,59.99
"A. Pre_Cross_Sell",126252,1,0,NULL,NULL
"A. Pre_Cross_Sell",126254,1,0,NULL,NULL
"A. Pre_Cross_Sell",126257,1,1,1,59.99
"A. Pre_Cross_Sell",126261,0,0,NULL,NULL
"A. Pre_Cross_Sell",126263,1,1,1,49.99
"A. Pre_Cross_Sell",126282,1,1,1,49.99
"A. Pre_Cross_Sell",126288,0,0,NULL,NULL
"A. Pre_Cross_Sell",126293,0,0,NULL,NULL
"A. Pre_Cross_Sell",126308,0,0,NULL,NULL
"A. Pre_Cross_Sell",126326,1,1,1,49.99
"A. Pre_Cross_Sell",126329,0,0,NULL,NULL
"A. Pre_Cross_Sell",126334,1,1,1,49.99
"A. Pre_Cross_Sell",126348,1,0,NULL,NULL
"A. Pre_Cross_Sell",126350,1,1,1,59.99
"A. Pre_Cross_Sell",126351,0,0,NULL,NULL
"A. Pre_Cross_Sell",126358,0,0,NULL,NULL
"A. Pre_Cross_Sell",126363,0,0,NULL,NULL
"A. Pre_Cross_Sell",126372,1,1,1,49.99
"A. Pre_Cross_Sell",126389,1,1,1,49.99
"A. Pre_Cross_Sell",126392,0,0,NULL,NULL
"A. Pre_Cross_Sell",126394,1,0,NULL,NULL
"A. Pre_Cross_Sell",126405,1,1,1,49.99
"A. Pre_Cross_Sell",126408,0,0,NULL,NULL
"A. Pre_Cross_Sell",126410,1,1,1,49.99
"A. Pre_Cross_Sell",126418,0,0,NULL,NULL
"A. Pre_Cross_Sell",126430,0,0,NULL,NULL
"A. Pre_Cross_Sell",126434,1,1,1,49.99
"A. Pre_Cross_Sell",126440,1,1,1,49.99
"A. Pre_Cross_Sell",126442,1,1,1,49.99
"A. Pre_Cross_Sell",126448,1,1,1,49.99
"A. Pre_Cross_Sell",126450,1,1,1,49.99
"A. Pre_Cross_Sell",126457,0,0,NULL,NULL
"A. Pre_Cross_Sell",126470,1,1,1,49.99
"A. Pre_Cross_Sell",126475,1,1,1,49.99
"A. Pre_Cross_Sell",126484,1,0,NULL,NULL
"A. Pre_Cross_Sell",126493,0,0,NULL,NULL
"A. Pre_Cross_Sell",126501,0,0,NULL,NULL
"A. Pre_Cross_Sell",126505,0,0,NULL,NULL
"A. Pre_Cross_Sell",126514,1,0,NULL,NULL
"A. Pre_Cross_Sell",126515,1,0,NULL,NULL
"A. Pre_Cross_Sell",126525,1,1,1,49.99
"A. Pre_Cross_Sell",126533,1,0,NULL,NULL
"A. Pre_Cross_Sell",126536,1,1,1,59.99
"A. Pre_Cross_Sell",126553,1,0,NULL,NULL
"A. Pre_Cross_Sell",126559,1,1,1,59.99
"A. Pre_Cross_Sell",126563,1,1,1,49.99
"A. Pre_Cross_Sell",126577,1,1,1,49.99
"A. Pre_Cross_Sell",126586,1,0,NULL,NULL
"A. Pre_Cross_Sell",126589,1,0,NULL,NULL
"A. Pre_Cross_Sell",126595,0,0,NULL,NULL
"A. Pre_Cross_Sell",126606,0,0,NULL,NULL
"A. Pre_Cross_Sell",126610,0,0,NULL,NULL
"A. Pre_Cross_Sell",126611,0,0,NULL,NULL
"A. Pre_Cross_Sell",126619,1,1,1,49.99
"A. Pre_Cross_Sell",126620,1,1,1,49.99
"A. Pre_Cross_Sell",126624,0,0,NULL,NULL
"A. Pre_Cross_Sell",126626,1,0,NULL,NULL
"A. Pre_Cross_Sell",126629,1,0,NULL,NULL
"A. Pre_Cross_Sell",126630,0,0,NULL,NULL
"A. Pre_Cross_Sell",126631,1,0,NULL,NULL
"A. Pre_Cross_Sell",126632,0,0,NULL,NULL
"A. Pre_Cross_Sell",126633,1,0,NULL,NULL
"A. Pre_Cross_Sell",126643,0,0,NULL,NULL
"A. Pre_Cross_Sell",126652,1,1,1,49.99
"A. Pre_Cross_Sell",126659,1,0,NULL,NULL
"A. Pre_Cross_Sell",126664,1,0,NULL,NULL
"A. Pre_Cross_Sell",126666,1,0,NULL,NULL
"A. Pre_Cross_Sell",126669,0,0,NULL,NULL
"A. Pre_Cross_Sell",126675,1,1,1,49.99
"A. Pre_Cross_Sell",126678,1,0,NULL,NULL
"A. Pre_Cross_Sell",126682,1,0,NULL,NULL
"A. Pre_Cross_Sell",126691,0,0,NULL,NULL
"A. Pre_Cross_Sell",126692,1,0,NULL,NULL
"A. Pre_Cross_Sell",126702,1,1,1,49.99
"A. Pre_Cross_Sell",126712,1,0,NULL,NULL
"A. Pre_Cross_Sell",126714,0,0,NULL,NULL
"A. Pre_Cross_Sell",126715,0,0,NULL,NULL
"A. Pre_Cross_Sell",126718,0,0,NULL,NULL
"A. Pre_Cross_Sell",126723,1,1,1,49.99
"A. Pre_Cross_Sell",126730,1,1,1,49.99
"A. Pre_Cross_Sell",126736,1,1,1,49.99
"A. Pre_Cross_Sell",126738,0,0,NULL,NULL
"A. Pre_Cross_Sell",126756,1,1,1,49.99
"A. Pre_Cross_Sell",126768,0,0,NULL,NULL
"A. Pre_Cross_Sell",126772,1,0,NULL,NULL
"A. Pre_Cross_Sell",126779,1,1,1,49.99
"A. Pre_Cross_Sell",126782,1,1,1,49.99
"A. Pre_Cross_Sell",126786,1,0,NULL,NULL
"A. Pre_Cross_Sell",126792,0,0,NULL,NULL
"A. Pre_Cross_Sell",126801,1,1,1,59.99
"A. Pre_Cross_Sell",126803,0,0,NULL,NULL
"A. Pre_Cross_Sell",126815,0,0,NULL,NULL
"A. Pre_Cross_Sell",126816,1,1,1,49.99
"A. Pre_Cross_Sell",126820,1,1,1,49.99
"A. Pre_Cross_Sell",126833,0,0,NULL,NULL
"A. Pre_Cross_Sell",126836,1,1,1,49.99
"A. Pre_Cross_Sell",126850,1,1,1,49.99
"A. Pre_Cross_Sell",126856,1,1,1,59.99
"A. Pre_Cross_Sell",126858,1,1,1,49.99
"A. Pre_Cross_Sell",126859,1,0,NULL,NULL
"A. Pre_Cross_Sell",126861,0,0,NULL,NULL
"A. Pre_Cross_Sell",126863,0,0,NULL,NULL
"A. Pre_Cross_Sell",126867,0,0,NULL,NULL
"A. Pre_Cross_Sell",126871,1,1,1,49.99
"A. Pre_Cross_Sell",126873,1,0,NULL,NULL
"A. Pre_Cross_Sell",126878,1,0,NULL,NULL
"A. Pre_Cross_Sell",126880,1,1,1,49.99
"A. Pre_Cross_Sell",126888,0,0,NULL,NULL
"A. Pre_Cross_Sell",126890,1,0,NULL,NULL
"A. Pre_Cross_Sell",126894,1,0,NULL,NULL
"A. Pre_Cross_Sell",126899,1,1,1,49.99
"A. Pre_Cross_Sell",126906,0,0,NULL,NULL
"A. Pre_Cross_Sell",126925,1,0,NULL,NULL
"A. Pre_Cross_Sell",126933,0,0,NULL,NULL
"A. Pre_Cross_Sell",126937,1,1,1,49.99
"A. Pre_Cross_Sell",126944,1,0,NULL,NULL
"A. Pre_Cross_Sell",126948,0,0,NULL,NULL
"A. Pre_Cross_Sell",126968,1,1,1,49.99
"A. Pre_Cross_Sell",126969,0,0,NULL,NULL
"A. Pre_Cross_Sell",126977,1,1,1,49.99
"A. Pre_Cross_Sell",126980,0,0,NULL,NULL
"A. Pre_Cross_Sell",126981,1,0,NULL,NULL
"A. Pre_Cross_Sell",126986,1,0,NULL,NULL
"A. Pre_Cross_Sell",126989,0,0,NULL,NULL
"A. Pre_Cross_Sell",127001,1,0,NULL,NULL
"A. Pre_Cross_Sell",127004,1,0,NULL,NULL
"A. Pre_Cross_Sell",127026,1,1,1,49.99
"A. Pre_Cross_Sell",127033,1,0,NULL,NULL
"A. Pre_Cross_Sell",127038,0,0,NULL,NULL
"A. Pre_Cross_Sell",127042,1,0,NULL,NULL
"A. Pre_Cross_Sell",127055,0,0,NULL,NULL
"A. Pre_Cross_Sell",127056,1,0,NULL,NULL
"A. Pre_Cross_Sell",127057,1,1,1,49.99
"A. Pre_Cross_Sell",127063,1,0,NULL,NULL
"A. Pre_Cross_Sell",127065,1,1,1,49.99
"A. Pre_Cross_Sell",127073,1,1,1,59.99
"A. Pre_Cross_Sell",127076,0,0,NULL,NULL
"A. Pre_Cross_Sell",127078,0,0,NULL,NULL
"A. Pre_Cross_Sell",127093,0,0,NULL,NULL
"A. Pre_Cross_Sell",127094,1,0,NULL,NULL
"A. Pre_Cross_Sell",127101,1,0,NULL,NULL
"A. Pre_Cross_Sell",127103,1,1,1,59.99
"A. Pre_Cross_Sell",127105,1,1,1,49.99
"A. Pre_Cross_Sell",127108,1,1,1,49.99
"A. Pre_Cross_Sell",127112,1,0,NULL,NULL
"A. Pre_Cross_Sell",127132,1,0,NULL,NULL
"A. Pre_Cross_Sell",127135,1,1,1,49.99
"A. Pre_Cross_Sell",127145,1,1,1,49.99
"A. Pre_Cross_Sell",127151,1,1,1,49.99
"A. Pre_Cross_Sell",127155,1,1,1,49.99
"A. Pre_Cross_Sell",127157,1,1,1,59.99
"A. Pre_Cross_Sell",127160,1,0,NULL,NULL
"A. Pre_Cross_Sell",127161,1,1,1,49.99
"A. Pre_Cross_Sell",127162,0,0,NULL,NULL
"A. Pre_Cross_Sell",127175,0,0,NULL,NULL
"A. Pre_Cross_Sell",127194,1,0,NULL,NULL
"A. Pre_Cross_Sell",127198,1,0,NULL,NULL
"A. Pre_Cross_Sell",127201,0,0,NULL,NULL
"A. Pre_Cross_Sell",127218,0,0,NULL,NULL
"A. Pre_Cross_Sell",127229,0,0,NULL,NULL
"A. Pre_Cross_Sell",127230,1,1,1,49.99
"A. Pre_Cross_Sell",127232,0,0,NULL,NULL
"A. Pre_Cross_Sell",127235,1,0,NULL,NULL
"A. Pre_Cross_Sell",127239,1,0,NULL,NULL
"A. Pre_Cross_Sell",127260,0,0,NULL,NULL
"A. Pre_Cross_Sell",127264,1,1,1,59.99
"A. Pre_Cross_Sell",127272,1,0,NULL,NULL
"A. Pre_Cross_Sell",127277,1,0,NULL,NULL
"A. Pre_Cross_Sell",127280,1,0,NULL,NULL
"A. Pre_Cross_Sell",127290,0,0,NULL,NULL
"A. Pre_Cross_Sell",127294,1,1,1,59.99
"A. Pre_Cross_Sell",127295,0,0,NULL,NULL
"A. Pre_Cross_Sell",127300,0,0,NULL,NULL
"A. Pre_Cross_Sell",127306,1,0,NULL,NULL
"A. Pre_Cross_Sell",127314,1,0,NULL,NULL
"A. Pre_Cross_Sell",127318,1,1,1,49.99
"A. Pre_Cross_Sell",127326,1,0,NULL,NULL
"A. Pre_Cross_Sell",127328,1,0,NULL,NULL
"A. Pre_Cross_Sell",127330,1,0,NULL,NULL
"A. Pre_Cross_Sell",127334,0,0,NULL,NULL
"A. Pre_Cross_Sell",127335,1,1,1,49.99
"A. Pre_Cross_Sell",127340,0,0,NULL,NULL
"A. Pre_Cross_Sell",127346,1,1,1,49.99
"A. Pre_Cross_Sell",127347,1,0,NULL,NULL
"A. Pre_Cross_Sell",127351,1,0,NULL,NULL
"A. Pre_Cross_Sell",127353,1,1,1,59.99
"A. Pre_Cross_Sell",127361,0,0,NULL,NULL
"A. Pre_Cross_Sell",127370,1,0,NULL,NULL
"A. Pre_Cross_Sell",127371,0,0,NULL,NULL
"A. Pre_Cross_Sell",127385,1,0,NULL,NULL
"A. Pre_Cross_Sell",127393,1,0,NULL,NULL
"A. Pre_Cross_Sell",127394,1,0,NULL,NULL
"A. Pre_Cross_Sell",127395,0,0,NULL,NULL
"A. Pre_Cross_Sell",127403,0,0,NULL,NULL
"A. Pre_Cross_Sell",127404,0,0,NULL,NULL
"A. Pre_Cross_Sell",127405,1,0,NULL,NULL
"A. Pre_Cross_Sell",127409,0,0,NULL,NULL
"A. Pre_Cross_Sell",127416,1,1,1,59.99
"A. Pre_Cross_Sell",127418,1,1,1,59.99
"A. Pre_Cross_Sell",127420,1,1,1,49.99
"A. Pre_Cross_Sell",127436,0,0,NULL,NULL
"A. Pre_Cross_Sell",127442,1,1,1,49.99
"A. Pre_Cross_Sell",127451,1,0,NULL,NULL
"A. Pre_Cross_Sell",127458,1,1,1,49.99
"A. Pre_Cross_Sell",127475,1,0,NULL,NULL
"A. Pre_Cross_Sell",127476,1,0,NULL,NULL
"A. Pre_Cross_Sell",127477,1,1,1,49.99
"A. Pre_Cross_Sell",127480,1,0,NULL,NULL
"A. Pre_Cross_Sell",127484,1,1,1,49.99
"A. Pre_Cross_Sell",127485,1,1,1,49.99
"A. Pre_Cross_Sell",127486,0,0,NULL,NULL
"A. Pre_Cross_Sell",127490,1,0,NULL,NULL
"A. Pre_Cross_Sell",127516,1,1,1,59.99
"A. Pre_Cross_Sell",127517,1,0,NULL,NULL
"A. Pre_Cross_Sell",127524,0,0,NULL,NULL
"A. Pre_Cross_Sell",127526,1,0,NULL,NULL
"A. Pre_Cross_Sell",127529,0,0,NULL,NULL
"A. Pre_Cross_Sell",127534,1,0,NULL,NULL
"A. Pre_Cross_Sell",127537,1,0,NULL,NULL
"A. Pre_Cross_Sell",127538,1,0,NULL,NULL
"A. Pre_Cross_Sell",127544,0,0,NULL,NULL
"A. Pre_Cross_Sell",127546,1,1,1,49.99
"A. Pre_Cross_Sell",127554,1,1,1,49.99
"A. Pre_Cross_Sell",127557,0,0,NULL,NULL
"A. Pre_Cross_Sell",127561,1,1,1,49.99
"A. Pre_Cross_Sell",127567,1,1,1,49.99
"A. Pre_Cross_Sell",127573,1,1,1,49.99
"A. Pre_Cross_Sell",127580,0,0,NULL,NULL
"A. Pre_Cross_Sell",127585,1,0,NULL,NULL
"A. Pre_Cross_Sell",127589,1,1,1,59.99
"A. Pre_Cross_Sell",127593,1,1,1,49.99
"A. Pre_Cross_Sell",127596,1,0,NULL,NULL
"A. Pre_Cross_Sell",127597,1,1,1,59.99
"A. Pre_Cross_Sell",127605,0,0,NULL,NULL
"A. Pre_Cross_Sell",127607,1,1,1,49.99
"A. Pre_Cross_Sell",127617,1,1,1,49.99
"A. Pre_Cross_Sell",127619,1,1,1,49.99
"A. Pre_Cross_Sell",127620,0,0,NULL,NULL
"A. Pre_Cross_Sell",127624,1,1,1,49.99
"A. Pre_Cross_Sell",127626,1,0,NULL,NULL
"A. Pre_Cross_Sell",127635,1,0,NULL,NULL
"A. Pre_Cross_Sell",127640,1,0,NULL,NULL
"A. Pre_Cross_Sell",127654,1,1,1,49.99
"A. Pre_Cross_Sell",127655,1,0,NULL,NULL
"A. Pre_Cross_Sell",127663,0,0,NULL,NULL
"A. Pre_Cross_Sell",127688,1,1,1,49.99
"A. Pre_Cross_Sell",127693,1,1,1,49.99
"A. Pre_Cross_Sell",127694,1,0,NULL,NULL
"A. Pre_Cross_Sell",127700,1,0,NULL,NULL
"A. Pre_Cross_Sell",127705,1,0,NULL,NULL
"A. Pre_Cross_Sell",127711,1,1,1,49.99
"A. Pre_Cross_Sell",127716,0,0,NULL,NULL
"A. Pre_Cross_Sell",127723,1,1,1,49.99
"A. Pre_Cross_Sell",127724,0,0,NULL,NULL
"A. Pre_Cross_Sell",127737,0,0,NULL,NULL
"A. Pre_Cross_Sell",127741,1,1,1,49.99
"A. Pre_Cross_Sell",127746,1,1,1,49.99
"A. Pre_Cross_Sell",127747,0,0,NULL,NULL
"A. Pre_Cross_Sell",127749,1,1,1,49.99
"A. Pre_Cross_Sell",127752,1,0,NULL,NULL
"A. Pre_Cross_Sell",127755,1,0,NULL,NULL
"A. Pre_Cross_Sell",127765,1,0,NULL,NULL
"A. Pre_Cross_Sell",127775,1,0,NULL,NULL
"A. Pre_Cross_Sell",127783,1,1,1,49.99
"A. Pre_Cross_Sell",127786,1,1,1,49.99
"A. Pre_Cross_Sell",127792,1,0,NULL,NULL
"A. Pre_Cross_Sell",127793,1,0,NULL,NULL
"A. Pre_Cross_Sell",127794,1,0,NULL,NULL
"A. Pre_Cross_Sell",127800,0,0,NULL,NULL
"A. Pre_Cross_Sell",127812,1,1,1,59.99
"A. Pre_Cross_Sell",127817,1,1,1,49.99
"A. Pre_Cross_Sell",127821,0,0,NULL,NULL
"A. Pre_Cross_Sell",127824,1,1,1,49.99
"A. Pre_Cross_Sell",127827,1,0,NULL,NULL
"A. Pre_Cross_Sell",127828,0,0,NULL,NULL
"A. Pre_Cross_Sell",127830,0,0,NULL,NULL
"A. Pre_Cross_Sell",127831,1,0,NULL,NULL
"A. Pre_Cross_Sell",127832,1,0,NULL,NULL
"A. Pre_Cross_Sell",127840,1,0,NULL,NULL
"A. Pre_Cross_Sell",127844,0,0,NULL,NULL
"A. Pre_Cross_Sell",127853,1,1,1,49.99
"A. Pre_Cross_Sell",127860,1,1,1,59.99
"A. Pre_Cross_Sell",127872,1,1,1,49.99
"A. Pre_Cross_Sell",127873,0,0,NULL,NULL
"A. Pre_Cross_Sell",127878,0,0,NULL,NULL
"A. Pre_Cross_Sell",127880,1,1,1,49.99
"A. Pre_Cross_Sell",127884,1,0,NULL,NULL
"A. Pre_Cross_Sell",127889,1,0,NULL,NULL
"A. Pre_Cross_Sell",127900,0,0,NULL,NULL
"A. Pre_Cross_Sell",127908,0,0,NULL,NULL
"A. Pre_Cross_Sell",127912,1,0,NULL,NULL
"A. Pre_Cross_Sell",127913,1,0,NULL,NULL
"A. Pre_Cross_Sell",127934,0,0,NULL,NULL
"A. Pre_Cross_Sell",127936,0,0,NULL,NULL
"A. Pre_Cross_Sell",127937,0,0,NULL,NULL
"A. Pre_Cross_Sell",127942,1,1,1,49.99
"A. Pre_Cross_Sell",127945,1,1,1,49.99
"A. Pre_Cross_Sell",127946,1,0,NULL,NULL
"A. Pre_Cross_Sell",127948,1,1,1,49.99
"A. Pre_Cross_Sell",127951,1,0,NULL,NULL
"A. Pre_Cross_Sell",127955,1,0,NULL,NULL
"A. Pre_Cross_Sell",127959,1,1,1,49.99
"A. Pre_Cross_Sell",127965,1,1,1,49.99
"A. Pre_Cross_Sell",127968,0,0,NULL,NULL
"A. Pre_Cross_Sell",127974,1,0,NULL,NULL
"A. Pre_Cross_Sell",127976,1,1,1,49.99
"A. Pre_Cross_Sell",127981,0,0,NULL,NULL
"A. Pre_Cross_Sell",127989,1,0,NULL,NULL
"A. Pre_Cross_Sell",127993,1,1,1,59.99
"A. Pre_Cross_Sell",127998,1,1,1,49.99
"A. Pre_Cross_Sell",128000,1,0,NULL,NULL
"A. Pre_Cross_Sell",128005,1,1,1,49.99
"A. Pre_Cross_Sell",128007,0,0,NULL,NULL
"A. Pre_Cross_Sell",128012,0,0,NULL,NULL
"A. Pre_Cross_Sell",128036,1,1,1,59.99
"A. Pre_Cross_Sell",128037,1,0,NULL,NULL
"A. Pre_Cross_Sell",128051,1,1,1,49.99
"A. Pre_Cross_Sell",128054,0,0,NULL,NULL
"A. Pre_Cross_Sell",128069,1,1,1,49.99
"A. Pre_Cross_Sell",128076,1,1,1,49.99
"A. Pre_Cross_Sell",128082,0,0,NULL,NULL
"A. Pre_Cross_Sell",128084,1,0,NULL,NULL
"A. Pre_Cross_Sell",128092,1,1,1,49.99
"A. Pre_Cross_Sell",128095,1,0,NULL,NULL
"A. Pre_Cross_Sell",128102,0,0,NULL,NULL
"A. Pre_Cross_Sell",128115,1,1,1,49.99
"A. Pre_Cross_Sell",128121,1,1,1,49.99
"A. Pre_Cross_Sell",128129,1,1,1,59.99
"A. Pre_Cross_Sell",128135,0,0,NULL,NULL
"A. Pre_Cross_Sell",128150,1,1,1,49.99
"A. Pre_Cross_Sell",128152,1,1,1,49.99
"A. Pre_Cross_Sell",128157,0,0,NULL,NULL
"A. Pre_Cross_Sell",128172,0,0,NULL,NULL
"A. Pre_Cross_Sell",128175,1,0,NULL,NULL
"A. Pre_Cross_Sell",128176,1,1,1,49.99
"A. Pre_Cross_Sell",128178,1,1,1,59.99
"A. Pre_Cross_Sell",128179,1,0,NULL,NULL
"A. Pre_Cross_Sell",128190,0,0,NULL,NULL
"A. Pre_Cross_Sell",128193,0,0,NULL,NULL
"A. Pre_Cross_Sell",128208,1,0,NULL,NULL
"A. Pre_Cross_Sell",128224,1,1,1,49.99
"A. Pre_Cross_Sell",128226,0,0,NULL,NULL
"A. Pre_Cross_Sell",128227,1,1,1,49.99
"A. Pre_Cross_Sell",128229,1,1,1,49.99
"A. Pre_Cross_Sell",128236,1,1,1,49.99
"A. Pre_Cross_Sell",128239,1,0,NULL,NULL
"A. Pre_Cross_Sell",128245,0,0,NULL,NULL
"A. Pre_Cross_Sell",128249,0,0,NULL,NULL
"A. Pre_Cross_Sell",128251,0,0,NULL,NULL
"A. Pre_Cross_Sell",128261,1,1,1,49.99
"A. Pre_Cross_Sell",128266,1,0,NULL,NULL
"A. Pre_Cross_Sell",128269,1,0,NULL,NULL
"A. Pre_Cross_Sell",128270,1,0,NULL,NULL
"A. Pre_Cross_Sell",128276,0,0,NULL,NULL
"A. Pre_Cross_Sell",128279,1,1,1,49.99
"A. Pre_Cross_Sell",128281,1,1,1,49.99
"A. Pre_Cross_Sell",128285,0,0,NULL,NULL
"A. Pre_Cross_Sell",128288,1,1,1,59.99
"A. Pre_Cross_Sell",128302,0,0,NULL,NULL
"A. Pre_Cross_Sell",128303,1,0,NULL,NULL
"A. Pre_Cross_Sell",128319,1,0,NULL,NULL
"A. Pre_Cross_Sell",128328,1,1,1,49.99
"A. Pre_Cross_Sell",128330,0,0,NULL,NULL
"A. Pre_Cross_Sell",128345,0,0,NULL,NULL
"A. Pre_Cross_Sell",128353,0,0,NULL,NULL
"A. Pre_Cross_Sell",128373,1,1,1,49.99
"A. Pre_Cross_Sell",128375,0,0,NULL,NULL
"A. Pre_Cross_Sell",128391,1,0,NULL,NULL
"A. Pre_Cross_Sell",128392,1,0,NULL,NULL
"A. Pre_Cross_Sell",128395,1,0,NULL,NULL
"A. Pre_Cross_Sell",128399,1,0,NULL,NULL
"A. Pre_Cross_Sell",128401,0,0,NULL,NULL
"A. Pre_Cross_Sell",128404,1,1,1,49.99
"A. Pre_Cross_Sell",128407,0,0,NULL,NULL
"A. Pre_Cross_Sell",128411,1,1,1,49.99
"A. Pre_Cross_Sell",128415,0,0,NULL,NULL
"A. Pre_Cross_Sell",128426,1,1,1,49.99
"A. Pre_Cross_Sell",128429,1,1,1,49.99
"A. Pre_Cross_Sell",128434,1,0,NULL,NULL
"A. Pre_Cross_Sell",128435,0,0,NULL,NULL
"A. Pre_Cross_Sell",128450,0,0,NULL,NULL
"A. Pre_Cross_Sell",128467,1,0,NULL,NULL
"A. Pre_Cross_Sell",128475,0,0,NULL,NULL
"A. Pre_Cross_Sell",128479,1,0,NULL,NULL
"A. Pre_Cross_Sell",128485,0,0,NULL,NULL
"A. Pre_Cross_Sell",128497,0,0,NULL,NULL
"A. Pre_Cross_Sell",128499,0,0,NULL,NULL
"A. Pre_Cross_Sell",128500,1,0,NULL,NULL
"A. Pre_Cross_Sell",128501,1,1,1,59.99
"A. Pre_Cross_Sell",128502,1,1,1,59.99
"A. Pre_Cross_Sell",128506,0,0,NULL,NULL
"A. Pre_Cross_Sell",128507,1,1,1,49.99
"A. Pre_Cross_Sell",128508,1,1,1,59.99
"A. Pre_Cross_Sell",128518,1,1,1,49.99
"A. Pre_Cross_Sell",128520,0,0,NULL,NULL
"A. Pre_Cross_Sell",128528,1,1,1,49.99
"A. Pre_Cross_Sell",128531,0,0,NULL,NULL
"A. Pre_Cross_Sell",128537,1,1,1,49.99
"A. Pre_Cross_Sell",128539,0,0,NULL,NULL
"A. Pre_Cross_Sell",128547,0,0,NULL,NULL
"A. Pre_Cross_Sell",128559,1,1,1,49.99
"A. Pre_Cross_Sell",128561,0,0,NULL,NULL
"A. Pre_Cross_Sell",128573,0,0,NULL,NULL
"A. Pre_Cross_Sell",128579,0,0,NULL,NULL
"A. Pre_Cross_Sell",128582,0,0,NULL,NULL
"A. Pre_Cross_Sell",128584,1,1,1,49.99
"A. Pre_Cross_Sell",128588,0,0,NULL,NULL
"A. Pre_Cross_Sell",128589,1,0,NULL,NULL
"A. Pre_Cross_Sell",128590,1,0,NULL,NULL
"A. Pre_Cross_Sell",128594,1,1,1,49.99
"A. Pre_Cross_Sell",128596,1,1,1,49.99
"A. Pre_Cross_Sell",128597,1,1,1,49.99
"A. Pre_Cross_Sell",128600,1,1,1,49.99
"A. Pre_Cross_Sell",128611,1,1,1,59.99
"A. Pre_Cross_Sell",128617,1,0,NULL,NULL
"A. Pre_Cross_Sell",128620,0,0,NULL,NULL
"A. Pre_Cross_Sell",128625,0,0,NULL,NULL
"A. Pre_Cross_Sell",128629,1,1,1,49.99
"A. Pre_Cross_Sell",128634,1,0,NULL,NULL
"A. Pre_Cross_Sell",128635,1,0,NULL,NULL
"A. Pre_Cross_Sell",128642,1,0,NULL,NULL
"A. Pre_Cross_Sell",128653,0,0,NULL,NULL
"A. Pre_Cross_Sell",128654,1,0,NULL,NULL
"A. Pre_Cross_Sell",128659,1,1,1,49.99
"A. Pre_Cross_Sell",128664,1,1,1,49.99
"A. Pre_Cross_Sell",128680,1,0,NULL,NULL
"A. Pre_Cross_Sell",128683,1,1,1,49.99
"A. Pre_Cross_Sell",128684,0,0,NULL,NULL
"A. Pre_Cross_Sell",128685,1,1,1,49.99
"A. Pre_Cross_Sell",128704,0,0,NULL,NULL
"A. Pre_Cross_Sell",128705,1,0,NULL,NULL
"A. Pre_Cross_Sell",128709,0,0,NULL,NULL
"A. Pre_Cross_Sell",128717,1,1,1,49.99
"A. Pre_Cross_Sell",128725,1,1,1,49.99
"A. Pre_Cross_Sell",128735,1,1,1,49.99
"A. Pre_Cross_Sell",128736,0,0,NULL,NULL
"A. Pre_Cross_Sell",128757,0,0,NULL,NULL
"A. Pre_Cross_Sell",128760,0,0,NULL,NULL
"A. Pre_Cross_Sell",128763,1,1,1,49.99
"A. Pre_Cross_Sell",128764,1,1,1,59.99
"A. Pre_Cross_Sell",128766,1,0,NULL,NULL
"A. Pre_Cross_Sell",128767,0,0,NULL,NULL
"A. Pre_Cross_Sell",128775,0,0,NULL,NULL
"A. Pre_Cross_Sell",128783,1,0,NULL,NULL
"A. Pre_Cross_Sell",128790,1,1,1,49.99
"A. Pre_Cross_Sell",128792,1,0,NULL,NULL
"A. Pre_Cross_Sell",128794,1,1,1,49.99
"A. Pre_Cross_Sell",128797,1,0,NULL,NULL
"A. Pre_Cross_Sell",128800,1,1,1,49.99
"A. Pre_Cross_Sell",128815,1,1,1,49.99
"A. Pre_Cross_Sell",128816,1,0,NULL,NULL
"A. Pre_Cross_Sell",128817,1,1,1,49.99
"A. Pre_Cross_Sell",128845,0,0,NULL,NULL
"A. Pre_Cross_Sell",128849,1,0,NULL,NULL
"A. Pre_Cross_Sell",128861,1,1,1,49.99
"A. Pre_Cross_Sell",128864,1,0,NULL,NULL
"A. Pre_Cross_Sell",128866,0,0,NULL,NULL
"A. Pre_Cross_Sell",128867,1,0,NULL,NULL
"A. Pre_Cross_Sell",128874,1,1,1,49.99
"A. Pre_Cross_Sell",128879,0,0,NULL,NULL
"A. Pre_Cross_Sell",128882,1,0,NULL,NULL
"A. Pre_Cross_Sell",128885,0,0,NULL,NULL
"A. Pre_Cross_Sell",128890,1,0,NULL,NULL
"A. Pre_Cross_Sell",128891,0,0,NULL,NULL
"A. Pre_Cross_Sell",128893,0,0,NULL,NULL
"A. Pre_Cross_Sell",128896,1,1,1,49.99
"A. Pre_Cross_Sell",128900,0,0,NULL,NULL
"A. Pre_Cross_Sell",128902,1,0,NULL,NULL
"A. Pre_Cross_Sell",128904,0,0,NULL,NULL
"A. Pre_Cross_Sell",128913,1,0,NULL,NULL
"A. Pre_Cross_Sell",128919,0,0,NULL,NULL
"A. Pre_Cross_Sell",128922,0,0,NULL,NULL
"A. Pre_Cross_Sell",128925,0,0,NULL,NULL
"A. Pre_Cross_Sell",128932,1,1,1,59.99
"A. Pre_Cross_Sell",128935,0,0,NULL,NULL
"A. Pre_Cross_Sell",128937,1,1,1,49.99
"A. Pre_Cross_Sell",128942,1,0,NULL,NULL
"A. Pre_Cross_Sell",128943,0,0,NULL,NULL
"A. Pre_Cross_Sell",128952,1,1,1,49.99
"A. Pre_Cross_Sell",128953,1,1,1,59.99
"A. Pre_Cross_Sell",128954,1,1,1,49.99
"A. Pre_Cross_Sell",128959,1,1,1,49.99
"A. Pre_Cross_Sell",128960,1,0,NULL,NULL
"A. Pre_Cross_Sell",128966,1,1,1,49.99
"A. Pre_Cross_Sell",128967,1,0,NULL,NULL
"A. Pre_Cross_Sell",128968,1,1,1,49.99
"A. Pre_Cross_Sell",128986,1,1,1,49.99
"A. Pre_Cross_Sell",128988,0,0,NULL,NULL
"A. Pre_Cross_Sell",128994,1,0,NULL,NULL
"A. Pre_Cross_Sell",128997,1,1,1,49.99
"A. Pre_Cross_Sell",129007,1,1,1,49.99
"A. Pre_Cross_Sell",129009,1,0,NULL,NULL
"A. Pre_Cross_Sell",129010,0,0,NULL,NULL
"A. Pre_Cross_Sell",129018,1,0,NULL,NULL
"A. Pre_Cross_Sell",129022,1,0,NULL,NULL
"A. Pre_Cross_Sell",129023,1,1,1,49.99
"A. Pre_Cross_Sell",129030,0,0,NULL,NULL
"A. Pre_Cross_Sell",129040,1,1,1,59.99
"A. Pre_Cross_Sell",129042,0,0,NULL,NULL
"A. Pre_Cross_Sell",129043,1,0,NULL,NULL
"A. Pre_Cross_Sell",129058,1,1,1,49.99
"A. Pre_Cross_Sell",129062,1,1,1,49.99
"A. Pre_Cross_Sell",129071,1,1,1,49.99
"A. Pre_Cross_Sell",129073,1,1,1,49.99
"A. Pre_Cross_Sell",129078,1,0,NULL,NULL
"A. Pre_Cross_Sell",129082,1,1,1,49.99
"A. Pre_Cross_Sell",129084,1,0,NULL,NULL
"A. Pre_Cross_Sell",129095,1,0,NULL,NULL
"A. Pre_Cross_Sell",129103,1,0,NULL,NULL
"A. Pre_Cross_Sell",129109,1,0,NULL,NULL
"A. Pre_Cross_Sell",129122,0,0,NULL,NULL
"A. Pre_Cross_Sell",129129,1,0,NULL,NULL
"A. Pre_Cross_Sell",129130,1,1,1,49.99
"A. Pre_Cross_Sell",129133,1,0,NULL,NULL
"A. Pre_Cross_Sell",129134,1,0,NULL,NULL
"A. Pre_Cross_Sell",129143,0,0,NULL,NULL
"A. Pre_Cross_Sell",129149,1,0,NULL,NULL
"A. Pre_Cross_Sell",129157,0,0,NULL,NULL
"A. Pre_Cross_Sell",129175,1,0,NULL,NULL
"A. Pre_Cross_Sell",129190,0,0,NULL,NULL
"A. Pre_Cross_Sell",129199,1,0,NULL,NULL
"A. Pre_Cross_Sell",129205,0,0,NULL,NULL
"A. Pre_Cross_Sell",129206,1,1,1,49.99
"A. Pre_Cross_Sell",129207,1,0,NULL,NULL
"A. Pre_Cross_Sell",129211,0,0,NULL,NULL
"A. Pre_Cross_Sell",129221,1,1,1,49.99
"A. Pre_Cross_Sell",129229,1,1,1,59.99
"A. Pre_Cross_Sell",129230,1,1,1,49.99
"A. Pre_Cross_Sell",129232,1,0,NULL,NULL
"A. Pre_Cross_Sell",129235,1,1,1,49.99
"A. Pre_Cross_Sell",129253,0,0,NULL,NULL
"A. Pre_Cross_Sell",129265,1,1,1,49.99
"A. Pre_Cross_Sell",129266,0,0,NULL,NULL
"A. Pre_Cross_Sell",129271,1,1,1,49.99
"A. Pre_Cross_Sell",129274,0,0,NULL,NULL
"A. Pre_Cross_Sell",129279,1,0,NULL,NULL
"A. Pre_Cross_Sell",129280,0,0,NULL,NULL
"A. Pre_Cross_Sell",129298,1,1,1,49.99
"A. Pre_Cross_Sell",129299,1,1,1,49.99
"A. Pre_Cross_Sell",129300,0,0,NULL,NULL
"A. Pre_Cross_Sell",129302,0,0,NULL,NULL
"A. Pre_Cross_Sell",129304,1,0,NULL,NULL
"A. Pre_Cross_Sell",129315,1,0,NULL,NULL
"A. Pre_Cross_Sell",129321,0,0,NULL,NULL
"A. Pre_Cross_Sell",129326,0,0,NULL,NULL
"A. Pre_Cross_Sell",129329,0,0,NULL,NULL
"A. Pre_Cross_Sell",129335,0,0,NULL,NULL
"A. Pre_Cross_Sell",129345,1,0,NULL,NULL
"A. Pre_Cross_Sell",129347,0,0,NULL,NULL
"A. Pre_Cross_Sell",129349,0,0,NULL,NULL
"A. Pre_Cross_Sell",129350,1,1,1,49.99
"A. Pre_Cross_Sell",129352,0,0,NULL,NULL
"A. Pre_Cross_Sell",129353,1,1,1,49.99
"A. Pre_Cross_Sell",129357,0,0,NULL,NULL
"A. Pre_Cross_Sell",129363,0,0,NULL,NULL
"A. Pre_Cross_Sell",129364,0,0,NULL,NULL
"A. Pre_Cross_Sell",129365,1,0,NULL,NULL
"A. Pre_Cross_Sell",129366,1,1,1,49.99
"A. Pre_Cross_Sell",129368,0,0,NULL,NULL
"A. Pre_Cross_Sell",129378,0,0,NULL,NULL
"A. Pre_Cross_Sell",129380,0,0,NULL,NULL
"A. Pre_Cross_Sell",129386,0,0,NULL,NULL
"A. Pre_Cross_Sell",129389,0,0,NULL,NULL
"A. Pre_Cross_Sell",129390,1,0,NULL,NULL
"A. Pre_Cross_Sell",129393,0,0,NULL,NULL
"A. Pre_Cross_Sell",129401,1,1,1,49.99
"A. Pre_Cross_Sell",129402,0,0,NULL,NULL
"A. Pre_Cross_Sell",129403,0,0,NULL,NULL
"A. Pre_Cross_Sell",129413,1,0,NULL,NULL
"A. Pre_Cross_Sell",129415,1,1,1,49.99
"A. Pre_Cross_Sell",129417,1,0,NULL,NULL
"A. Pre_Cross_Sell",129429,1,0,NULL,NULL
"A. Pre_Cross_Sell",129445,0,0,NULL,NULL
"A. Pre_Cross_Sell",129448,1,1,1,49.99
"A. Pre_Cross_Sell",129449,1,0,NULL,NULL
"A. Pre_Cross_Sell",129452,1,1,1,49.99
"A. Pre_Cross_Sell",129458,0,0,NULL,NULL
"A. Pre_Cross_Sell",129459,1,0,NULL,NULL
"A. Pre_Cross_Sell",129468,1,0,NULL,NULL
"A. Pre_Cross_Sell",129470,1,1,1,49.99
"A. Pre_Cross_Sell",129472,1,0,NULL,NULL
"A. Pre_Cross_Sell",129479,1,0,NULL,NULL
"A. Pre_Cross_Sell",129480,0,0,NULL,NULL
"A. Pre_Cross_Sell",129486,0,0,NULL,NULL
"A. Pre_Cross_Sell",129489,1,1,1,49.99
"A. Pre_Cross_Sell",129492,1,1,1,49.99
"A. Pre_Cross_Sell",129494,1,1,1,59.99
"A. Pre_Cross_Sell",129500,1,1,1,49.99
"A. Pre_Cross_Sell",129501,1,1,1,49.99
"A. Pre_Cross_Sell",129516,1,1,1,49.99
"A. Pre_Cross_Sell",129517,1,1,1,49.99
"A. Pre_Cross_Sell",129518,1,1,1,49.99
"A. Pre_Cross_Sell",129520,1,0,NULL,NULL
"A. Pre_Cross_Sell",129526,0,0,NULL,NULL
"A. Pre_Cross_Sell",129527,0,0,NULL,NULL
"A. Pre_Cross_Sell",129529,0,0,NULL,NULL
"A. Pre_Cross_Sell",129532,1,0,NULL,NULL
"A. Pre_Cross_Sell",129549,0,0,NULL,NULL
"A. Pre_Cross_Sell",129555,1,1,1,49.99
"A. Pre_Cross_Sell",129562,1,0,NULL,NULL
"A. Pre_Cross_Sell",129573,1,1,1,49.99
"A. Pre_Cross_Sell",129576,1,1,1,49.99
"A. Pre_Cross_Sell",129578,1,0,NULL,NULL
"A. Pre_Cross_Sell",129593,0,0,NULL,NULL
"A. Pre_Cross_Sell",129598,0,0,NULL,NULL
"A. Pre_Cross_Sell",129603,1,1,1,49.99
"A. Pre_Cross_Sell",129604,1,1,1,49.99
"A. Pre_Cross_Sell",129611,0,0,NULL,NULL
"A. Pre_Cross_Sell",129622,1,1,1,49.99
"A. Pre_Cross_Sell",129625,1,0,NULL,NULL
"A. Pre_Cross_Sell",129626,1,0,NULL,NULL
"A. Pre_Cross_Sell",129632,0,0,NULL,NULL
"A. Pre_Cross_Sell",129634,0,0,NULL,NULL
"A. Pre_Cross_Sell",129643,1,0,NULL,NULL
"A. Pre_Cross_Sell",129645,1,1,1,49.99
"A. Pre_Cross_Sell",129654,1,1,1,49.99
"A. Pre_Cross_Sell",129655,0,0,NULL,NULL
"A. Pre_Cross_Sell",129661,1,0,NULL,NULL
"A. Pre_Cross_Sell",129663,1,1,1,49.99
"A. Pre_Cross_Sell",129666,1,1,1,49.99
"A. Pre_Cross_Sell",129679,1,0,NULL,NULL
"A. Pre_Cross_Sell",129686,1,0,NULL,NULL
"A. Pre_Cross_Sell",129703,0,0,NULL,NULL
"A. Pre_Cross_Sell",129705,1,0,NULL,NULL
"A. Pre_Cross_Sell",129718,1,1,1,49.99
"A. Pre_Cross_Sell",129727,1,1,1,49.99
"A. Pre_Cross_Sell",129731,0,0,NULL,NULL
"A. Pre_Cross_Sell",129732,1,1,1,49.99
"A. Pre_Cross_Sell",129734,1,0,NULL,NULL
"A. Pre_Cross_Sell",129735,0,0,NULL,NULL
"A. Pre_Cross_Sell",129739,0,0,NULL,NULL
"A. Pre_Cross_Sell",129745,0,0,NULL,NULL
"A. Pre_Cross_Sell",129747,1,1,1,49.99
"A. Pre_Cross_Sell",129749,1,1,1,59.99
"A. Pre_Cross_Sell",129751,1,0,NULL,NULL
"A. Pre_Cross_Sell",129753,1,1,1,49.99
"A. Pre_Cross_Sell",129758,1,1,1,49.99
"A. Pre_Cross_Sell",129766,0,0,NULL,NULL
"A. Pre_Cross_Sell",129773,1,0,NULL,NULL
"A. Pre_Cross_Sell",129791,0,0,NULL,NULL
"A. Pre_Cross_Sell",129793,1,0,NULL,NULL
"A. Pre_Cross_Sell",129797,1,0,NULL,NULL
"A. Pre_Cross_Sell",129802,1,1,1,49.99
"A. Pre_Cross_Sell",129812,0,0,NULL,NULL
"A. Pre_Cross_Sell",129814,1,1,1,49.99
"A. Pre_Cross_Sell",129816,1,0,NULL,NULL
"A. Pre_Cross_Sell",129822,0,0,NULL,NULL
"A. Pre_Cross_Sell",129827,0,0,NULL,NULL
"A. Pre_Cross_Sell",129829,1,1,1,49.99
"A. Pre_Cross_Sell",129841,1,1,1,49.99
"A. Pre_Cross_Sell",129852,1,0,NULL,NULL
"A. Pre_Cross_Sell",129857,1,1,1,49.99
"A. Pre_Cross_Sell",129858,0,0,NULL,NULL
"A. Pre_Cross_Sell",129863,1,1,1,49.99
"A. Pre_Cross_Sell",129865,1,0,NULL,NULL
"A. Pre_Cross_Sell",129868,0,0,NULL,NULL
"A. Pre_Cross_Sell",129869,1,0,NULL,NULL
"A. Pre_Cross_Sell",129877,0,0,NULL,NULL
"A. Pre_Cross_Sell",129885,0,0,NULL,NULL
"A. Pre_Cross_Sell",129886,0,0,NULL,NULL
"A. Pre_Cross_Sell",129890,0,0,NULL,NULL
"A. Pre_Cross_Sell",129891,0,0,NULL,NULL
"A. Pre_Cross_Sell",129894,1,0,NULL,NULL
"A. Pre_Cross_Sell",129903,1,1,1,49.99
"A. Pre_Cross_Sell",129905,0,0,NULL,NULL
"A. Pre_Cross_Sell",129918,1,1,1,49.99
"A. Pre_Cross_Sell",129922,0,0,NULL,NULL
"A. Pre_Cross_Sell",129923,1,0,NULL,NULL
"A. Pre_Cross_Sell",129932,0,0,NULL,NULL
"A. Pre_Cross_Sell",129936,1,1,1,49.99
"A. Pre_Cross_Sell",129940,1,1,1,49.99
"A. Pre_Cross_Sell",129941,0,0,NULL,NULL
"A. Pre_Cross_Sell",129946,0,0,NULL,NULL
"A. Pre_Cross_Sell",129961,1,1,1,49.99
"A. Pre_Cross_Sell",129965,0,0,NULL,NULL
"A. Pre_Cross_Sell",129970,1,0,NULL,NULL
"A. Pre_Cross_Sell",129979,1,0,NULL,NULL
"A. Pre_Cross_Sell",129989,0,0,NULL,NULL
"A. Pre_Cross_Sell",129993,0,0,NULL,NULL
"A. Pre_Cross_Sell",129999,1,0,NULL,NULL
"A. Pre_Cross_Sell",130007,1,1,1,49.99
"A. Pre_Cross_Sell",130018,0,0,NULL,NULL
"A. Pre_Cross_Sell",130022,0,0,NULL,NULL
"A. Pre_Cross_Sell",130034,0,0,NULL,NULL
"A. Pre_Cross_Sell",130035,1,1,1,49.99
"A. Pre_Cross_Sell",130039,1,1,1,49.99
"A. Pre_Cross_Sell",130041,1,0,NULL,NULL
"A. Pre_Cross_Sell",130053,0,0,NULL,NULL
"A. Pre_Cross_Sell",130057,1,1,1,59.99
"A. Pre_Cross_Sell",130060,1,0,NULL,NULL
"A. Pre_Cross_Sell",130061,1,0,NULL,NULL
"A. Pre_Cross_Sell",130066,1,0,NULL,NULL
"A. Pre_Cross_Sell",130069,1,0,NULL,NULL
"A. Pre_Cross_Sell",130070,1,1,1,49.99
"A. Pre_Cross_Sell",130074,1,1,1,49.99
"A. Pre_Cross_Sell",130084,0,0,NULL,NULL
"A. Pre_Cross_Sell",130085,1,0,NULL,NULL
"A. Pre_Cross_Sell",130088,1,0,NULL,NULL
"A. Pre_Cross_Sell",130108,1,1,1,49.99
"A. Pre_Cross_Sell",130111,0,0,NULL,NULL
"A. Pre_Cross_Sell",130121,0,0,NULL,NULL
"A. Pre_Cross_Sell",130128,0,0,NULL,NULL
"A. Pre_Cross_Sell",130148,1,1,1,49.99
"A. Pre_Cross_Sell",130162,1,0,NULL,NULL
"A. Pre_Cross_Sell",130163,1,1,1,49.99
"A. Pre_Cross_Sell",130171,0,0,NULL,NULL
"A. Pre_Cross_Sell",130172,0,0,NULL,NULL
"A. Pre_Cross_Sell",130173,1,1,1,49.99
"A. Pre_Cross_Sell",130179,0,0,NULL,NULL
"A. Pre_Cross_Sell",130181,0,0,NULL,NULL
"A. Pre_Cross_Sell",130187,0,0,NULL,NULL
"A. Pre_Cross_Sell",130192,0,0,NULL,NULL
"A. Pre_Cross_Sell",130195,1,1,1,49.99
"A. Pre_Cross_Sell",130200,0,0,NULL,NULL
"A. Pre_Cross_Sell",130213,1,1,1,49.99
"A. Pre_Cross_Sell",130221,0,0,NULL,NULL
"A. Pre_Cross_Sell",130224,1,1,1,59.99
"A. Pre_Cross_Sell",130227,0,0,NULL,NULL
"A. Pre_Cross_Sell",130232,1,1,1,49.99
"A. Pre_Cross_Sell",130244,0,0,NULL,NULL
"A. Pre_Cross_Sell",130245,1,1,1,49.99
"A. Pre_Cross_Sell",130247,0,0,NULL,NULL
"A. Pre_Cross_Sell",130250,1,1,1,49.99
"A. Pre_Cross_Sell",130256,1,1,1,59.99
"A. Pre_Cross_Sell",130261,1,1,1,49.99
"A. Pre_Cross_Sell",130263,0,0,NULL,NULL
"A. Pre_Cross_Sell",130269,0,0,NULL,NULL
"A. Pre_Cross_Sell",130271,1,1,1,49.99
"A. Pre_Cross_Sell",130273,1,0,NULL,NULL
"A. Pre_Cross_Sell",130274,1,1,1,49.99
"A. Pre_Cross_Sell",130277,1,0,NULL,NULL
"A. Pre_Cross_Sell",130279,1,0,NULL,NULL
"A. Pre_Cross_Sell",130287,0,0,NULL,NULL
"A. Pre_Cross_Sell",130295,1,1,1,49.99
"A. Pre_Cross_Sell",130297,1,1,1,59.99
"A. Pre_Cross_Sell",130300,1,1,1,49.99
"A. Pre_Cross_Sell",130304,1,0,NULL,NULL
"A. Pre_Cross_Sell",130308,0,0,NULL,NULL
"A. Pre_Cross_Sell",130320,1,0,NULL,NULL
"A. Pre_Cross_Sell",130324,1,0,NULL,NULL
"A. Pre_Cross_Sell",130328,1,0,NULL,NULL
"A. Pre_Cross_Sell",130332,1,1,1,49.99
"A. Pre_Cross_Sell",130337,1,1,1,59.99
"A. Pre_Cross_Sell",130338,1,0,NULL,NULL
"A. Pre_Cross_Sell",130341,1,0,NULL,NULL
"A. Pre_Cross_Sell",130345,1,1,1,59.99
"A. Pre_Cross_Sell",130346,1,1,1,49.99
"A. Pre_Cross_Sell",130351,0,0,NULL,NULL
"A. Pre_Cross_Sell",130353,1,1,1,49.99
"A. Pre_Cross_Sell",130355,1,0,NULL,NULL
"A. Pre_Cross_Sell",130357,1,0,NULL,NULL
"A. Pre_Cross_Sell",130358,1,0,NULL,NULL
"A. Pre_Cross_Sell",130359,1,1,1,49.99
"A. Pre_Cross_Sell",130363,1,1,1,49.99
"A. Pre_Cross_Sell",130365,1,1,1,49.99
"A. Pre_Cross_Sell",130368,1,1,1,49.99
"A. Pre_Cross_Sell",130372,1,0,NULL,NULL
"A. Pre_Cross_Sell",130381,1,0,NULL,NULL
"A. Pre_Cross_Sell",130384,1,0,NULL,NULL
"A. Pre_Cross_Sell",130387,1,1,1,49.99
"A. Pre_Cross_Sell",130392,0,0,NULL,NULL
"A. Pre_Cross_Sell",130396,0,0,NULL,NULL
"A. Pre_Cross_Sell",130426,0,0,NULL,NULL
"A. Pre_Cross_Sell",130429,0,0,NULL,NULL
"A. Pre_Cross_Sell",130437,1,0,NULL,NULL
"A. Pre_Cross_Sell",130439,1,1,1,49.99
"A. Pre_Cross_Sell",130445,1,0,NULL,NULL
"A. Pre_Cross_Sell",130446,1,1,1,49.99
"A. Pre_Cross_Sell",130453,1,0,NULL,NULL
"A. Pre_Cross_Sell",130454,1,0,NULL,NULL
"A. Pre_Cross_Sell",130457,1,1,1,49.99
"A. Pre_Cross_Sell",130478,1,1,1,49.99
"A. Pre_Cross_Sell",130480,0,0,NULL,NULL
"A. Pre_Cross_Sell",130487,1,1,1,49.99
"A. Pre_Cross_Sell",130490,1,1,1,49.99
"A. Pre_Cross_Sell",130492,1,1,1,59.99
"A. Pre_Cross_Sell",130499,1,1,1,49.99
"A. Pre_Cross_Sell",130508,1,0,NULL,NULL
"A. Pre_Cross_Sell",130511,1,0,NULL,NULL
"A. Pre_Cross_Sell",130513,1,0,NULL,NULL
"A. Pre_Cross_Sell",130520,1,0,NULL,NULL
"A. Pre_Cross_Sell",130525,0,0,NULL,NULL
"A. Pre_Cross_Sell",130539,1,1,1,49.99
"A. Pre_Cross_Sell",130557,1,1,1,49.99
"A. Pre_Cross_Sell",130574,1,0,NULL,NULL
"A. Pre_Cross_Sell",130582,1,0,NULL,NULL
"A. Pre_Cross_Sell",130590,0,0,NULL,NULL
"A. Pre_Cross_Sell",130592,1,1,1,49.99
"A. Pre_Cross_Sell",130602,1,0,NULL,NULL
"A. Pre_Cross_Sell",130603,1,0,NULL,NULL
"A. Pre_Cross_Sell",130604,1,1,1,49.99
"A. Pre_Cross_Sell",130606,1,0,NULL,NULL
"A. Pre_Cross_Sell",130608,1,0,NULL,NULL
"A. Pre_Cross_Sell",130609,1,0,NULL,NULL
"A. Pre_Cross_Sell",130612,0,0,NULL,NULL
"A. Pre_Cross_Sell",130618,1,0,NULL,NULL
"A. Pre_Cross_Sell",130626,1,1,1,49.99
"A. Pre_Cross_Sell",130633,1,0,NULL,NULL
"A. Pre_Cross_Sell",130643,0,0,NULL,NULL
"A. Pre_Cross_Sell",130645,1,0,NULL,NULL
"A. Pre_Cross_Sell",130651,1,1,1,49.99
"A. Pre_Cross_Sell",130652,1,1,1,59.99
"A. Pre_Cross_Sell",130658,0,0,NULL,NULL
"A. Pre_Cross_Sell",130659,0,0,NULL,NULL
"A. Pre_Cross_Sell",130660,0,0,NULL,NULL
"A. Pre_Cross_Sell",130663,0,0,NULL,NULL
"A. Pre_Cross_Sell",130667,1,1,1,49.99
"A. Pre_Cross_Sell",130672,0,0,NULL,NULL
"A. Pre_Cross_Sell",130678,1,0,NULL,NULL
"A. Pre_Cross_Sell",130685,1,0,NULL,NULL
"A. Pre_Cross_Sell",130697,1,1,1,49.99
"A. Pre_Cross_Sell",130698,1,0,NULL,NULL
"A. Pre_Cross_Sell",130700,0,0,NULL,NULL
"A. Pre_Cross_Sell",130702,1,0,NULL,NULL
"A. Pre_Cross_Sell",130721,0,0,NULL,NULL
"A. Pre_Cross_Sell",130723,1,0,NULL,NULL
"A. Pre_Cross_Sell",130725,0,0,NULL,NULL
"A. Pre_Cross_Sell",130728,1,0,NULL,NULL
"A. Pre_Cross_Sell",130729,1,0,NULL,NULL
"A. Pre_Cross_Sell",130736,1,0,NULL,NULL
"A. Pre_Cross_Sell",130739,1,1,1,49.99
"A. Pre_Cross_Sell",130741,0,0,NULL,NULL
"A. Pre_Cross_Sell",130742,0,0,NULL,NULL
"A. Pre_Cross_Sell",130743,1,0,NULL,NULL
"A. Pre_Cross_Sell",130747,1,1,1,49.99
"A. Pre_Cross_Sell",130749,1,1,1,49.99
"A. Pre_Cross_Sell",130751,0,0,NULL,NULL
"A. Pre_Cross_Sell",130755,0,0,NULL,NULL
"A. Pre_Cross_Sell",130759,0,0,NULL,NULL
"A. Pre_Cross_Sell",130760,1,0,NULL,NULL
"A. Pre_Cross_Sell",130761,0,0,NULL,NULL
"A. Pre_Cross_Sell",130780,1,0,NULL,NULL
"A. Pre_Cross_Sell",130785,0,0,NULL,NULL
"A. Pre_Cross_Sell",130786,0,0,NULL,NULL
"A. Pre_Cross_Sell",130792,1,1,1,49.99
"A. Pre_Cross_Sell",130795,1,1,1,49.99
"A. Pre_Cross_Sell",130800,1,0,NULL,NULL
"A. Pre_Cross_Sell",130802,1,1,1,49.99
"A. Pre_Cross_Sell",130805,1,0,NULL,NULL
"A. Pre_Cross_Sell",130810,0,0,NULL,NULL
"A. Pre_Cross_Sell",130813,1,1,1,49.99
"A. Pre_Cross_Sell",130814,1,0,NULL,NULL
"A. Pre_Cross_Sell",130816,1,1,1,49.99
"A. Pre_Cross_Sell",130819,1,0,NULL,NULL
"A. Pre_Cross_Sell",130820,0,0,NULL,NULL
"A. Pre_Cross_Sell",130828,1,0,NULL,NULL
"A. Pre_Cross_Sell",130832,1,0,NULL,NULL
"A. Pre_Cross_Sell",130838,1,1,1,49.99
"A. Pre_Cross_Sell",130839,0,0,NULL,NULL
"A. Pre_Cross_Sell",130841,1,0,NULL,NULL
"A. Pre_Cross_Sell",130849,1,0,NULL,NULL
"A. Pre_Cross_Sell",130854,1,1,1,49.99
"A. Pre_Cross_Sell",130866,0,0,NULL,NULL
"A. Pre_Cross_Sell",130870,1,1,1,49.99
"A. Pre_Cross_Sell",130878,1,0,NULL,NULL
"A. Pre_Cross_Sell",130890,0,0,NULL,NULL
"A. Pre_Cross_Sell",130899,1,0,NULL,NULL
"A. Pre_Cross_Sell",130900,0,0,NULL,NULL
"A. Pre_Cross_Sell",130904,1,0,NULL,NULL
"A. Pre_Cross_Sell",130906,1,0,NULL,NULL
"A. Pre_Cross_Sell",130915,1,0,NULL,NULL
"A. Pre_Cross_Sell",130916,1,1,1,49.99
"A. Pre_Cross_Sell",130918,1,0,NULL,NULL
"A. Pre_Cross_Sell",130923,1,1,1,49.99
"A. Pre_Cross_Sell",130929,0,0,NULL,NULL
"A. Pre_Cross_Sell",130937,1,0,NULL,NULL
"A. Pre_Cross_Sell",130939,1,1,1,59.99
"A. Pre_Cross_Sell",130945,1,1,1,49.99
"A. Pre_Cross_Sell",130946,1,1,1,49.99
"A. Pre_Cross_Sell",130950,1,1,1,49.99
"A. Pre_Cross_Sell",130952,1,1,1,49.99
"A. Pre_Cross_Sell",130958,1,0,NULL,NULL
"A. Pre_Cross_Sell",130961,0,0,NULL,NULL
"A. Pre_Cross_Sell",130990,1,1,1,49.99
"A. Pre_Cross_Sell",130992,0,0,NULL,NULL
"A. Pre_Cross_Sell",130995,1,1,1,49.99
"A. Pre_Cross_Sell",131007,0,0,NULL,NULL
"A. Pre_Cross_Sell",131012,1,1,1,49.99
"A. Pre_Cross_Sell",131015,0,0,NULL,NULL
"A. Pre_Cross_Sell",131025,1,1,1,49.99
"A. Pre_Cross_Sell",131026,0,0,NULL,NULL
"A. Pre_Cross_Sell",131030,0,0,NULL,NULL
"A. Pre_Cross_Sell",131033,0,0,NULL,NULL
"A. Pre_Cross_Sell",131038,1,1,1,49.99
"A. Pre_Cross_Sell",131045,0,0,NULL,NULL
"A. Pre_Cross_Sell",131058,0,0,NULL,NULL
"A. Pre_Cross_Sell",131060,1,0,NULL,NULL
"A. Pre_Cross_Sell",131080,1,1,1,49.99
"A. Pre_Cross_Sell",131084,1,1,1,49.99
"A. Pre_Cross_Sell",131096,1,1,1,49.99
"A. Pre_Cross_Sell",131110,1,1,1,49.99
"A. Pre_Cross_Sell",131118,0,0,NULL,NULL
"A. Pre_Cross_Sell",131136,1,1,1,49.99
"A. Pre_Cross_Sell",131142,0,0,NULL,NULL
"A. Pre_Cross_Sell",131160,1,0,NULL,NULL
"A. Pre_Cross_Sell",131166,0,0,NULL,NULL
"A. Pre_Cross_Sell",131167,1,1,1,49.99
"A. Pre_Cross_Sell",131175,1,0,NULL,NULL
"A. Pre_Cross_Sell",131191,1,1,1,49.99
"A. Pre_Cross_Sell",131201,0,0,NULL,NULL
"A. Pre_Cross_Sell",131209,1,0,NULL,NULL
"A. Pre_Cross_Sell",131213,1,1,1,49.99
"A. Pre_Cross_Sell",131222,1,1,1,49.99
"A. Pre_Cross_Sell",131223,1,1,1,59.99
"A. Pre_Cross_Sell",131237,1,1,1,59.99
"A. Pre_Cross_Sell",131240,1,0,NULL,NULL
"A. Pre_Cross_Sell",131242,1,0,NULL,NULL
"A. Pre_Cross_Sell",131246,0,0,NULL,NULL
"A. Pre_Cross_Sell",131254,1,0,NULL,NULL
"A. Pre_Cross_Sell",131260,1,0,NULL,NULL
"A. Pre_Cross_Sell",131264,0,0,NULL,NULL
"A. Pre_Cross_Sell",131265,0,0,NULL,NULL
"A. Pre_Cross_Sell",131267,0,0,NULL,NULL
"A. Pre_Cross_Sell",131271,0,0,NULL,NULL
"A. Pre_Cross_Sell",131275,1,0,NULL,NULL
"A. Pre_Cross_Sell",131283,1,0,NULL,NULL
"A. Pre_Cross_Sell",131284,1,0,NULL,NULL
"A. Pre_Cross_Sell",131288,1,1,1,49.99
"A. Pre_Cross_Sell",131296,0,0,NULL,NULL
"A. Pre_Cross_Sell",131308,1,0,NULL,NULL
"A. Pre_Cross_Sell",131311,1,1,1,49.99
"A. Pre_Cross_Sell",131314,1,0,NULL,NULL
"A. Pre_Cross_Sell",131316,1,0,NULL,NULL
"A. Pre_Cross_Sell",131326,1,0,NULL,NULL
"A. Pre_Cross_Sell",131327,1,1,1,49.99
"A. Pre_Cross_Sell",131330,0,0,NULL,NULL
"A. Pre_Cross_Sell",131333,1,0,NULL,NULL
"A. Pre_Cross_Sell",131335,0,0,NULL,NULL
"A. Pre_Cross_Sell",131341,1,0,NULL,NULL
"A. Pre_Cross_Sell",131342,1,1,1,49.99
"A. Pre_Cross_Sell",131344,0,0,NULL,NULL
"A. Pre_Cross_Sell",131346,1,1,1,49.99
"A. Pre_Cross_Sell",131347,1,1,1,49.99
"A. Pre_Cross_Sell",131351,1,1,1,49.99
"A. Pre_Cross_Sell",131354,1,0,NULL,NULL
"A. Pre_Cross_Sell",131359,1,0,NULL,NULL
"A. Pre_Cross_Sell",131363,1,1,1,49.99
"A. Pre_Cross_Sell",131366,1,0,NULL,NULL
"A. Pre_Cross_Sell",131372,1,1,1,49.99
"A. Pre_Cross_Sell",131375,0,0,NULL,NULL
"A. Pre_Cross_Sell",131379,0,0,NULL,NULL
"A. Pre_Cross_Sell",131382,1,1,1,59.99
"A. Pre_Cross_Sell",131390,1,1,1,49.99
"A. Pre_Cross_Sell",131392,0,0,NULL,NULL
"A. Pre_Cross_Sell",131397,1,0,NULL,NULL
"A. Pre_Cross_Sell",131409,0,0,NULL,NULL
"A. Pre_Cross_Sell",131424,1,1,1,49.99
"A. Pre_Cross_Sell",131442,0,0,NULL,NULL
"A. Pre_Cross_Sell",131449,0,0,NULL,NULL
"A. Pre_Cross_Sell",131451,1,0,NULL,NULL
"A. Pre_Cross_Sell",131456,0,0,NULL,NULL
"A. Pre_Cross_Sell",131459,1,1,1,49.99
"A. Pre_Cross_Sell",131462,0,0,NULL,NULL
"A. Pre_Cross_Sell",131465,0,0,NULL,NULL
"A. Pre_Cross_Sell",131468,0,0,NULL,NULL
"A. Pre_Cross_Sell",131477,1,0,NULL,NULL
"A. Pre_Cross_Sell",131479,1,1,1,49.99
"A. Pre_Cross_Sell",131487,0,0,NULL,NULL
"A. Pre_Cross_Sell",131494,1,1,1,49.99
"A. Pre_Cross_Sell",131500,1,1,1,49.99
"A. Pre_Cross_Sell",131509,1,1,1,59.99
"A. Pre_Cross_Sell",131511,1,0,NULL,NULL
"A. Pre_Cross_Sell",131524,1,1,1,49.99
"A. Pre_Cross_Sell",131533,0,0,NULL,NULL
"A. Pre_Cross_Sell",131539,0,0,NULL,NULL
"A. Pre_Cross_Sell",131544,1,1,1,49.99
"A. Pre_Cross_Sell",131548,1,1,1,49.99
"A. Pre_Cross_Sell",131552,1,1,1,49.99
"A. Pre_Cross_Sell",131556,0,0,NULL,NULL
"A. Pre_Cross_Sell",131558,1,1,1,49.99
"A. Pre_Cross_Sell",131559,1,1,1,49.99
"A. Pre_Cross_Sell",131564,1,1,1,59.99
"A. Pre_Cross_Sell",131566,1,1,1,49.99
"A. Pre_Cross_Sell",131574,1,0,NULL,NULL
"A. Pre_Cross_Sell",131578,0,0,NULL,NULL
"A. Pre_Cross_Sell",131581,1,1,1,49.99
"A. Pre_Cross_Sell",131582,0,0,NULL,NULL
"A. Pre_Cross_Sell",131586,1,1,1,59.99
"A. Pre_Cross_Sell",131603,1,1,1,59.99
"A. Pre_Cross_Sell",131611,1,0,NULL,NULL
"A. Pre_Cross_Sell",131613,1,0,NULL,NULL
"A. Pre_Cross_Sell",131617,0,0,NULL,NULL
"A. Pre_Cross_Sell",131625,1,1,1,49.99
"A. Pre_Cross_Sell",131645,1,1,1,49.99
"A. Pre_Cross_Sell",131646,1,1,1,49.99
"A. Pre_Cross_Sell",131663,1,1,1,49.99
"A. Pre_Cross_Sell",131671,0,0,NULL,NULL
"A. Pre_Cross_Sell",131675,1,0,NULL,NULL
"A. Pre_Cross_Sell",131678,1,1,1,49.99
"A. Pre_Cross_Sell",131682,1,1,1,49.99
"A. Pre_Cross_Sell",131688,1,1,1,59.99
"A. Pre_Cross_Sell",131690,1,0,NULL,NULL
"A. Pre_Cross_Sell",131696,1,0,NULL,NULL
"A. Pre_Cross_Sell",131697,1,1,1,49.99
"A. Pre_Cross_Sell",131707,0,0,NULL,NULL
"A. Pre_Cross_Sell",131711,1,1,1,59.99
"A. Pre_Cross_Sell",131712,1,1,1,49.99
"A. Pre_Cross_Sell",131714,1,1,1,49.99
"A. Pre_Cross_Sell",131720,1,0,NULL,NULL
"A. Pre_Cross_Sell",131725,1,1,1,49.99
"A. Pre_Cross_Sell",131733,1,0,NULL,NULL
"A. Pre_Cross_Sell",131738,1,1,1,49.99
"A. Pre_Cross_Sell",131746,1,1,1,49.99
"A. Pre_Cross_Sell",131748,1,1,1,49.99
"A. Pre_Cross_Sell",131755,0,0,NULL,NULL
"A. Pre_Cross_Sell",131760,0,0,NULL,NULL
"A. Pre_Cross_Sell",131763,1,1,1,49.99
"A. Pre_Cross_Sell",131764,1,0,NULL,NULL
"A. Pre_Cross_Sell",131769,1,0,NULL,NULL
"A. Pre_Cross_Sell",131770,0,0,NULL,NULL
"A. Pre_Cross_Sell",131776,1,1,1,49.99
"A. Pre_Cross_Sell",131780,1,1,1,49.99
"A. Pre_Cross_Sell",131785,1,0,NULL,NULL
"A. Pre_Cross_Sell",131788,0,0,NULL,NULL
"A. Pre_Cross_Sell",131801,1,0,NULL,NULL
"A. Pre_Cross_Sell",131803,1,0,NULL,NULL
"A. Pre_Cross_Sell",131805,1,1,1,49.99
"A. Pre_Cross_Sell",131809,1,0,NULL,NULL
"A. Pre_Cross_Sell",131814,0,0,NULL,NULL
"A. Pre_Cross_Sell",131815,1,0,NULL,NULL
"A. Pre_Cross_Sell",131816,1,0,NULL,NULL
"A. Pre_Cross_Sell",131823,1,0,NULL,NULL
"A. Pre_Cross_Sell",131825,1,0,NULL,NULL
"A. Pre_Cross_Sell",131830,0,0,NULL,NULL
"A. Pre_Cross_Sell",131832,0,0,NULL,NULL
"A. Pre_Cross_Sell",131833,0,0,NULL,NULL
"A. Pre_Cross_Sell",131834,0,0,NULL,NULL
"A. Pre_Cross_Sell",131843,0,0,NULL,NULL
"A. Pre_Cross_Sell",131848,1,0,NULL,NULL
"A. Pre_Cross_Sell",131853,1,1,1,49.99
"A. Pre_Cross_Sell",131862,1,0,NULL,NULL
"A. Pre_Cross_Sell",131881,0,0,NULL,NULL
"A. Pre_Cross_Sell",131890,0,0,NULL,NULL
"A. Pre_Cross_Sell",131892,0,0,NULL,NULL
"A. Pre_Cross_Sell",131893,1,1,1,49.99
"A. Pre_Cross_Sell",131901,1,1,1,49.99
"A. Pre_Cross_Sell",131914,1,1,1,49.99
"A. Pre_Cross_Sell",131918,1,0,NULL,NULL
"A. Pre_Cross_Sell",131922,0,0,NULL,NULL
"A. Pre_Cross_Sell",131935,0,0,NULL,NULL
"A. Pre_Cross_Sell",131942,0,0,NULL,NULL
"A. Pre_Cross_Sell",131951,1,0,NULL,NULL
"A. Pre_Cross_Sell",131952,1,0,NULL,NULL
"A. Pre_Cross_Sell",131955,0,0,NULL,NULL
"A. Pre_Cross_Sell",131963,0,0,NULL,NULL
"A. Pre_Cross_Sell",131970,1,1,1,49.99
"A. Pre_Cross_Sell",131972,1,0,NULL,NULL
"A. Pre_Cross_Sell",131976,0,0,NULL,NULL
"A. Pre_Cross_Sell",131987,1,0,NULL,NULL
"A. Pre_Cross_Sell",131991,0,0,NULL,NULL
"A. Pre_Cross_Sell",132003,1,0,NULL,NULL
"A. Pre_Cross_Sell",132005,0,0,NULL,NULL
"A. Pre_Cross_Sell",132009,1,0,NULL,NULL
"A. Pre_Cross_Sell",132010,0,0,NULL,NULL
"A. Pre_Cross_Sell",132012,1,1,1,49.99
"A. Pre_Cross_Sell",132033,1,1,1,49.99
"A. Pre_Cross_Sell",132043,1,1,1,49.99
"A. Pre_Cross_Sell",132057,1,1,1,49.99
"A. Pre_Cross_Sell",132062,1,0,NULL,NULL
"A. Pre_Cross_Sell",132067,0,0,NULL,NULL
"A. Pre_Cross_Sell",132072,0,0,NULL,NULL
"A. Pre_Cross_Sell",132076,1,0,NULL,NULL
"A. Pre_Cross_Sell",132077,1,1,1,49.99
"A. Pre_Cross_Sell",132078,1,1,1,49.99
"A. Pre_Cross_Sell",132085,1,0,NULL,NULL
"A. Pre_Cross_Sell",132090,1,1,1,49.99
"A. Pre_Cross_Sell",132091,1,0,NULL,NULL
"A. Pre_Cross_Sell",132093,1,1,1,49.99
"A. Pre_Cross_Sell",132103,1,0,NULL,NULL
"A. Pre_Cross_Sell",132105,0,0,NULL,NULL
"A. Pre_Cross_Sell",132118,1,1,1,59.99
"A. Pre_Cross_Sell",132119,1,1,1,59.99
"A. Pre_Cross_Sell",132120,1,0,NULL,NULL
"A. Pre_Cross_Sell",132130,1,1,1,49.99
"A. Pre_Cross_Sell",132132,1,0,NULL,NULL
"A. Pre_Cross_Sell",132137,0,0,NULL,NULL
"A. Pre_Cross_Sell",132140,1,0,NULL,NULL
"A. Pre_Cross_Sell",132143,1,1,1,49.99
"A. Pre_Cross_Sell",132145,1,0,NULL,NULL
"A. Pre_Cross_Sell",132152,1,1,1,49.99
"A. Pre_Cross_Sell",132158,1,1,1,49.99
"A. Pre_Cross_Sell",132163,1,1,1,59.99
"A. Pre_Cross_Sell",132164,0,0,NULL,NULL
"A. Pre_Cross_Sell",132167,1,1,1,49.99
"A. Pre_Cross_Sell",132171,1,1,1,49.99
"A. Pre_Cross_Sell",132172,1,0,NULL,NULL
"A. Pre_Cross_Sell",132173,1,1,1,49.99
"A. Pre_Cross_Sell",132174,1,1,1,49.99
"A. Pre_Cross_Sell",132180,1,1,1,49.99
"A. Pre_Cross_Sell",132189,1,1,1,49.99
"A. Pre_Cross_Sell",132191,1,1,1,49.99
"A. Pre_Cross_Sell",132192,1,0,NULL,NULL
"A. Pre_Cross_Sell",132193,1,0,NULL,NULL
"A. Pre_Cross_Sell",132202,1,1,1,49.99
"A. Pre_Cross_Sell",132204,1,0,NULL,NULL
"A. Pre_Cross_Sell",132207,1,1,1,49.99
"A. Pre_Cross_Sell",132223,1,0,NULL,NULL
"A. Pre_Cross_Sell",132232,0,0,NULL,NULL
"A. Pre_Cross_Sell",132233,0,0,NULL,NULL
"A. Pre_Cross_Sell",132240,1,1,1,49.99
"A. Pre_Cross_Sell",132241,1,0,NULL,NULL
"A. Pre_Cross_Sell",132248,1,1,1,49.99
"A. Pre_Cross_Sell",132266,1,1,1,49.99
"A. Pre_Cross_Sell",132268,1,0,NULL,NULL
"A. Pre_Cross_Sell",132277,0,0,NULL,NULL
"A. Pre_Cross_Sell",132281,1,1,1,49.99
"A. Pre_Cross_Sell",132300,0,0,NULL,NULL
"A. Pre_Cross_Sell",132304,1,1,1,59.99
"A. Pre_Cross_Sell",132314,0,0,NULL,NULL
"A. Pre_Cross_Sell",132318,1,1,1,49.99
"A. Pre_Cross_Sell",132329,1,1,1,49.99
"A. Pre_Cross_Sell",132336,0,0,NULL,NULL
"A. Pre_Cross_Sell",132340,1,0,NULL,NULL
"A. Pre_Cross_Sell",132345,0,0,NULL,NULL
"A. Pre_Cross_Sell",132355,1,0,NULL,NULL
"A. Pre_Cross_Sell",132356,0,0,NULL,NULL
"A. Pre_Cross_Sell",132359,1,1,1,49.99
"A. Pre_Cross_Sell",132362,1,0,NULL,NULL
"A. Pre_Cross_Sell",132363,1,1,1,49.99
"A. Pre_Cross_Sell",132370,0,0,NULL,NULL
"A. Pre_Cross_Sell",132372,1,1,1,49.99
"A. Pre_Cross_Sell",132379,1,0,NULL,NULL
"A. Pre_Cross_Sell",132380,1,0,NULL,NULL
"A. Pre_Cross_Sell",132382,1,1,1,49.99
"A. Pre_Cross_Sell",132385,1,1,1,49.99
"A. Pre_Cross_Sell",132396,0,0,NULL,NULL
"A. Pre_Cross_Sell",132404,1,0,NULL,NULL
"A. Pre_Cross_Sell",132407,1,1,1,49.99
"A. Pre_Cross_Sell",132418,0,0,NULL,NULL
"A. Pre_Cross_Sell",132421,1,0,NULL,NULL
"A. Pre_Cross_Sell",132425,1,0,NULL,NULL
"A. Pre_Cross_Sell",132428,1,1,1,49.99
"A. Pre_Cross_Sell",132437,1,1,1,49.99
"A. Pre_Cross_Sell",132438,0,0,NULL,NULL
"A. Pre_Cross_Sell",132442,0,0,NULL,NULL
"A. Pre_Cross_Sell",132460,1,1,1,59.99
"A. Pre_Cross_Sell",132473,1,1,1,59.99
"A. Pre_Cross_Sell",132475,1,0,NULL,NULL
"A. Pre_Cross_Sell",132478,0,0,NULL,NULL
"A. Pre_Cross_Sell",132480,1,0,NULL,NULL
"A. Pre_Cross_Sell",132494,1,0,NULL,NULL
"A. Pre_Cross_Sell",132498,0,0,NULL,NULL
"A. Pre_Cross_Sell",132500,0,0,NULL,NULL
"A. Pre_Cross_Sell",132513,0,0,NULL,NULL
"A. Pre_Cross_Sell",132515,1,0,NULL,NULL
"A. Pre_Cross_Sell",132518,1,0,NULL,NULL
"A. Pre_Cross_Sell",132535,1,0,NULL,NULL
"A. Pre_Cross_Sell",132539,1,0,NULL,NULL
"A. Pre_Cross_Sell",132546,1,1,1,49.99
"A. Pre_Cross_Sell",132547,0,0,NULL,NULL
"A. Pre_Cross_Sell",132555,0,0,NULL,NULL
"A. Pre_Cross_Sell",132557,1,0,NULL,NULL
"A. Pre_Cross_Sell",132559,1,0,NULL,NULL
"A. Pre_Cross_Sell",132562,1,1,1,49.99
"A. Pre_Cross_Sell",132564,0,0,NULL,NULL
"A. Pre_Cross_Sell",132574,1,1,1,49.99
"A. Pre_Cross_Sell",132576,1,0,NULL,NULL
"A. Pre_Cross_Sell",132578,1,0,NULL,NULL
"A. Pre_Cross_Sell",132583,1,0,NULL,NULL
"A. Pre_Cross_Sell",132584,1,0,NULL,NULL
"A. Pre_Cross_Sell",132590,0,0,NULL,NULL
"A. Pre_Cross_Sell",132598,0,0,NULL,NULL
"A. Pre_Cross_Sell",132602,1,0,NULL,NULL
"A. Pre_Cross_Sell",132619,1,1,1,49.99
"A. Pre_Cross_Sell",132621,0,0,NULL,NULL
"A. Pre_Cross_Sell",132622,1,1,1,49.99
"A. Pre_Cross_Sell",132623,1,0,NULL,NULL
"A. Pre_Cross_Sell",132631,1,1,1,49.99
"A. Pre_Cross_Sell",132634,1,0,NULL,NULL
"A. Pre_Cross_Sell",132636,0,0,NULL,NULL
"A. Pre_Cross_Sell",132640,1,1,1,49.99
"A. Pre_Cross_Sell",132641,1,1,1,59.99
"A. Pre_Cross_Sell",132645,0,0,NULL,NULL
"A. Pre_Cross_Sell",132649,1,1,1,49.99
"A. Pre_Cross_Sell",132651,1,0,NULL,NULL
"A. Pre_Cross_Sell",132656,1,1,1,49.99
"A. Pre_Cross_Sell",132659,1,0,NULL,NULL
"A. Pre_Cross_Sell",132661,1,0,NULL,NULL
"A. Pre_Cross_Sell",132664,1,1,1,49.99
"A. Pre_Cross_Sell",132671,1,0,NULL,NULL
"A. Pre_Cross_Sell",132675,0,0,NULL,NULL
"A. Pre_Cross_Sell",132684,0,0,NULL,NULL
"A. Pre_Cross_Sell",132694,1,0,NULL,NULL
"A. Pre_Cross_Sell",132695,1,0,NULL,NULL
"A. Pre_Cross_Sell",132698,1,1,1,49.99
"A. Pre_Cross_Sell",132700,1,1,1,49.99
"A. Pre_Cross_Sell",132703,1,1,1,49.99
"A. Pre_Cross_Sell",132706,1,0,NULL,NULL
"A. Pre_Cross_Sell",132716,1,0,NULL,NULL
"A. Pre_Cross_Sell",132721,0,0,NULL,NULL
"A. Pre_Cross_Sell",132725,0,0,NULL,NULL
"A. Pre_Cross_Sell",132727,0,0,NULL,NULL
"A. Pre_Cross_Sell",132733,1,0,NULL,NULL
"A. Pre_Cross_Sell",132739,1,1,1,49.99
"A. Pre_Cross_Sell",132745,1,0,NULL,NULL
"A. Pre_Cross_Sell",132750,1,1,1,49.99
"A. Pre_Cross_Sell",132758,1,1,1,49.99
"A. Pre_Cross_Sell",132760,1,1,1,49.99
"A. Pre_Cross_Sell",132762,1,1,1,49.99
"A. Pre_Cross_Sell",132763,0,0,NULL,NULL
"A. Pre_Cross_Sell",132775,1,1,1,49.99
"A. Pre_Cross_Sell",132777,1,0,NULL,NULL
"A. Pre_Cross_Sell",132778,1,0,NULL,NULL
"A. Pre_Cross_Sell",132791,1,0,NULL,NULL
"A. Pre_Cross_Sell",132793,1,0,NULL,NULL
"A. Pre_Cross_Sell",132797,1,1,1,49.99
"A. Pre_Cross_Sell",132799,1,0,NULL,NULL
"B. Post_Cross_Sell",132806,1,0,NULL,NULL
"B. Post_Cross_Sell",132808,1,1,1,49.99
"B. Post_Cross_Sell",132825,0,0,NULL,NULL
"B. Post_Cross_Sell",132835,0,0,NULL,NULL
"B. Post_Cross_Sell",132838,0,0,NULL,NULL
"B. Post_Cross_Sell",132853,1,1,1,49.99
"B. Post_Cross_Sell",132861,1,1,1,49.99
"B. Post_Cross_Sell",132865,0,0,NULL,NULL
"B. Post_Cross_Sell",132868,1,0,NULL,NULL
"B. Post_Cross_Sell",132870,0,0,NULL,NULL
"B. Post_Cross_Sell",132873,0,0,NULL,NULL
"B. Post_Cross_Sell",132876,1,1,2,109.98
"B. Post_Cross_Sell",132878,0,0,NULL,NULL
"B. Post_Cross_Sell",132882,1,1,1,49.99
"B. Post_Cross_Sell",132890,1,0,NULL,NULL
"B. Post_Cross_Sell",132898,1,0,NULL,NULL
"B. Post_Cross_Sell",132906,1,0,NULL,NULL
"B. Post_Cross_Sell",132910,1,0,NULL,NULL
"B. Post_Cross_Sell",132913,0,0,NULL,NULL
"B. Post_Cross_Sell",132926,0,0,NULL,NULL
"B. Post_Cross_Sell",132931,0,0,NULL,NULL
"B. Post_Cross_Sell",132938,0,0,NULL,NULL
"B. Post_Cross_Sell",132940,1,0,NULL,NULL
"B. Post_Cross_Sell",132954,0,0,NULL,NULL
"B. Post_Cross_Sell",132963,1,0,NULL,NULL
"B. Post_Cross_Sell",132965,1,1,2,109.98
"B. Post_Cross_Sell",132967,1,0,NULL,NULL
"B. Post_Cross_Sell",132969,1,1,1,49.99
"B. Post_Cross_Sell",132974,0,0,NULL,NULL
"B. Post_Cross_Sell",132986,1,1,1,49.99
"B. Post_Cross_Sell",132989,0,0,NULL,NULL
"B. Post_Cross_Sell",132991,1,0,NULL,NULL
"B. Post_Cross_Sell",132993,1,0,NULL,NULL
"B. Post_Cross_Sell",132998,0,0,NULL,NULL
"B. Post_Cross_Sell",133002,0,0,NULL,NULL
"B. Post_Cross_Sell",133009,0,0,NULL,NULL
"B. Post_Cross_Sell",133010,0,0,NULL,NULL
"B. Post_Cross_Sell",133012,1,0,NULL,NULL
"B. Post_Cross_Sell",133013,1,0,NULL,NULL
"B. Post_Cross_Sell",133014,0,0,NULL,NULL
"B. Post_Cross_Sell",133021,0,0,NULL,NULL
"B. Post_Cross_Sell",133023,1,0,NULL,NULL
"B. Post_Cross_Sell",133029,0,0,NULL,NULL
"B. Post_Cross_Sell",133030,1,0,NULL,NULL
"B. Post_Cross_Sell",133032,1,1,1,49.99
"B. Post_Cross_Sell",133033,1,1,1,49.99
"B. Post_Cross_Sell",133037,1,1,1,59.99
"B. Post_Cross_Sell",133042,1,1,1,49.99
"B. Post_Cross_Sell",133061,0,0,NULL,NULL
"B. Post_Cross_Sell",133063,0,0,NULL,NULL
"B. Post_Cross_Sell",133065,0,0,NULL,NULL
"B. Post_Cross_Sell",133068,1,0,NULL,NULL
"B. Post_Cross_Sell",133070,1,0,NULL,NULL
"B. Post_Cross_Sell",133090,1,1,1,59.99
"B. Post_Cross_Sell",133095,1,0,NULL,NULL
"B. Post_Cross_Sell",133097,1,0,NULL,NULL
"B. Post_Cross_Sell",133099,1,1,2,109.98
"B. Post_Cross_Sell",133110,0,0,NULL,NULL
"B. Post_Cross_Sell",133123,0,0,NULL,NULL
"B. Post_Cross_Sell",133131,0,0,NULL,NULL
"B. Post_Cross_Sell",133132,1,1,1,49.99
"B. Post_Cross_Sell",133133,1,0,NULL,NULL
"B. Post_Cross_Sell",133137,1,1,1,49.99
"B. Post_Cross_Sell",133140,1,0,NULL,NULL
"B. Post_Cross_Sell",133143,1,0,NULL,NULL
"B. Post_Cross_Sell",133146,1,0,NULL,NULL
"B. Post_Cross_Sell",133150,0,0,NULL,NULL
"B. Post_Cross_Sell",133152,1,0,NULL,NULL
"B. Post_Cross_Sell",133155,1,1,1,49.99
"B. Post_Cross_Sell",133156,1,1,1,59.99
"B. Post_Cross_Sell",133173,1,1,1,59.99
"B. Post_Cross_Sell",133183,0,0,NULL,NULL
"B. Post_Cross_Sell",133185,1,1,1,49.99
"B. Post_Cross_Sell",133188,0,0,NULL,NULL
"B. Post_Cross_Sell",133201,1,0,NULL,NULL
"B. Post_Cross_Sell",133204,1,1,1,59.99
"B. Post_Cross_Sell",133206,1,0,NULL,NULL
"B. Post_Cross_Sell",133209,1,1,1,49.99
"B. Post_Cross_Sell",133213,1,1,1,59.99
"B. Post_Cross_Sell",133214,1,1,1,49.99
"B. Post_Cross_Sell",133217,1,1,1,59.99
"B. Post_Cross_Sell",133218,1,0,NULL,NULL
"B. Post_Cross_Sell",133226,0,0,NULL,NULL
"B. Post_Cross_Sell",133230,0,0,NULL,NULL
"B. Post_Cross_Sell",133232,0,0,NULL,NULL
"B. Post_Cross_Sell",133244,1,0,NULL,NULL
"B. Post_Cross_Sell",133245,0,0,NULL,NULL
"B. Post_Cross_Sell",133258,1,1,1,49.99
"B. Post_Cross_Sell",133261,1,1,1,49.99
"B. Post_Cross_Sell",133268,1,1,1,49.99
"B. Post_Cross_Sell",133276,1,1,1,59.99
"B. Post_Cross_Sell",133279,0,0,NULL,NULL
"B. Post_Cross_Sell",133281,1,1,1,49.99
"B. Post_Cross_Sell",133291,1,1,1,49.99
"B. Post_Cross_Sell",133294,0,0,NULL,NULL
"B. Post_Cross_Sell",133298,1,0,NULL,NULL
"B. Post_Cross_Sell",133301,1,1,1,59.99
"B. Post_Cross_Sell",133302,1,1,1,59.99
"B. Post_Cross_Sell",133308,1,1,1,49.99
"B. Post_Cross_Sell",133314,1,0,NULL,NULL
"B. Post_Cross_Sell",133321,1,1,1,49.99
"B. Post_Cross_Sell",133326,0,0,NULL,NULL
"B. Post_Cross_Sell",133344,0,0,NULL,NULL
"B. Post_Cross_Sell",133345,0,0,NULL,NULL
"B. Post_Cross_Sell",133346,1,1,1,49.99
"B. Post_Cross_Sell",133355,0,0,NULL,NULL
"B. Post_Cross_Sell",133356,1,0,NULL,NULL
"B. Post_Cross_Sell",133366,1,0,NULL,NULL
"B. Post_Cross_Sell",133373,0,0,NULL,NULL
"B. Post_Cross_Sell",133375,1,1,1,59.99
"B. Post_Cross_Sell",133378,0,0,NULL,NULL
"B. Post_Cross_Sell",133379,1,0,NULL,NULL
"B. Post_Cross_Sell",133382,1,1,1,49.99
"B. Post_Cross_Sell",133387,0,0,NULL,NULL
"B. Post_Cross_Sell",133400,1,1,1,49.99
"B. Post_Cross_Sell",133407,1,1,1,49.99
"B. Post_Cross_Sell",133410,0,0,NULL,NULL
"B. Post_Cross_Sell",133411,1,0,NULL,NULL
"B. Post_Cross_Sell",133428,0,0,NULL,NULL
"B. Post_Cross_Sell",133431,0,0,NULL,NULL
"B. Post_Cross_Sell",133435,1,0,NULL,NULL
"B. Post_Cross_Sell",133438,1,0,NULL,NULL
"B. Post_Cross_Sell",133445,1,1,1,49.99
"B. Post_Cross_Sell",133450,0,0,NULL,NULL
"B. Post_Cross_Sell",133451,1,1,1,49.99
"B. Post_Cross_Sell",133453,1,1,1,49.99
"B. Post_Cross_Sell",133456,1,1,1,49.99
"B. Post_Cross_Sell",133463,1,1,1,49.99
"B. Post_Cross_Sell",133464,1,1,1,49.99
"B. Post_Cross_Sell",133465,0,0,NULL,NULL
"B. Post_Cross_Sell",133470,1,1,1,49.99
"B. Post_Cross_Sell",133474,0,0,NULL,NULL
"B. Post_Cross_Sell",133475,1,1,1,49.99
"B. Post_Cross_Sell",133477,0,0,NULL,NULL
"B. Post_Cross_Sell",133480,1,1,1,59.99
"B. Post_Cross_Sell",133481,1,1,1,49.99
"B. Post_Cross_Sell",133486,1,1,1,49.99
"B. Post_Cross_Sell",133487,1,1,1,59.99
"B. Post_Cross_Sell",133497,0,0,NULL,NULL
"B. Post_Cross_Sell",133504,0,0,NULL,NULL
"B. Post_Cross_Sell",133509,1,1,1,49.99
"B. Post_Cross_Sell",133512,1,0,NULL,NULL
"B. Post_Cross_Sell",133514,1,0,NULL,NULL
"B. Post_Cross_Sell",133526,1,0,NULL,NULL
"B. Post_Cross_Sell",133528,1,1,1,49.99
"B. Post_Cross_Sell",133531,0,0,NULL,NULL
"B. Post_Cross_Sell",133541,0,0,NULL,NULL
"B. Post_Cross_Sell",133543,0,0,NULL,NULL
"B. Post_Cross_Sell",133545,1,1,1,59.99
"B. Post_Cross_Sell",133546,0,0,NULL,NULL
"B. Post_Cross_Sell",133563,1,0,NULL,NULL
"B. Post_Cross_Sell",133565,1,0,NULL,NULL
"B. Post_Cross_Sell",133570,0,0,NULL,NULL
"B. Post_Cross_Sell",133573,0,0,NULL,NULL
"B. Post_Cross_Sell",133584,1,0,NULL,NULL
"B. Post_Cross_Sell",133588,1,1,2,109.98
"B. Post_Cross_Sell",133596,1,0,NULL,NULL
"B. Post_Cross_Sell",133612,1,1,1,59.99
"B. Post_Cross_Sell",133613,1,0,NULL,NULL
"B. Post_Cross_Sell",133615,0,0,NULL,NULL
"B. Post_Cross_Sell",133632,0,0,NULL,NULL
"B. Post_Cross_Sell",133637,0,0,NULL,NULL
"B. Post_Cross_Sell",133639,1,1,1,49.99
"B. Post_Cross_Sell",133648,1,0,NULL,NULL
"B. Post_Cross_Sell",133650,1,1,1,49.99
"B. Post_Cross_Sell",133653,0,0,NULL,NULL
"B. Post_Cross_Sell",133656,1,0,NULL,NULL
"B. Post_Cross_Sell",133664,0,0,NULL,NULL
"B. Post_Cross_Sell",133669,0,0,NULL,NULL
"B. Post_Cross_Sell",133671,1,0,NULL,NULL
"B. Post_Cross_Sell",133678,0,0,NULL,NULL
"B. Post_Cross_Sell",133692,1,1,1,49.99
"B. Post_Cross_Sell",133693,1,0,NULL,NULL
"B. Post_Cross_Sell",133695,0,0,NULL,NULL
"B. Post_Cross_Sell",133697,0,0,NULL,NULL
"B. Post_Cross_Sell",133702,1,1,1,49.99
"B. Post_Cross_Sell",133704,1,0,NULL,NULL
"B. Post_Cross_Sell",133707,1,1,1,59.99
"B. Post_Cross_Sell",133711,1,1,1,49.99
"B. Post_Cross_Sell",133716,1,1,1,59.99
"B. Post_Cross_Sell",133729,1,1,1,49.99
"B. Post_Cross_Sell",133735,0,0,NULL,NULL
"B. Post_Cross_Sell",133737,1,0,NULL,NULL
"B. Post_Cross_Sell",133740,1,0,NULL,NULL
"B. Post_Cross_Sell",133741,1,1,1,49.99
"B. Post_Cross_Sell",133742,1,1,1,49.99
"B. Post_Cross_Sell",133748,1,0,NULL,NULL
"B. Post_Cross_Sell",133752,0,0,NULL,NULL
"B. Post_Cross_Sell",133754,1,0,NULL,NULL
"B. Post_Cross_Sell",133755,0,0,NULL,NULL
"B. Post_Cross_Sell",133764,1,0,NULL,NULL
"B. Post_Cross_Sell",133766,1,1,1,49.99
"B. Post_Cross_Sell",133778,1,0,NULL,NULL
"B. Post_Cross_Sell",133784,0,0,NULL,NULL
"B. Post_Cross_Sell",133786,1,0,NULL,NULL
"B. Post_Cross_Sell",133793,1,0,NULL,NULL
"B. Post_Cross_Sell",133799,1,1,1,49.99
"B. Post_Cross_Sell",133802,1,1,1,49.99
"B. Post_Cross_Sell",133816,0,0,NULL,NULL
"B. Post_Cross_Sell",133824,1,1,1,49.99
"B. Post_Cross_Sell",133828,0,0,NULL,NULL
"B. Post_Cross_Sell",133841,1,0,NULL,NULL
"B. Post_Cross_Sell",133843,1,1,1,49.99
"B. Post_Cross_Sell",133844,1,0,NULL,NULL
"B. Post_Cross_Sell",133846,1,1,1,49.99
"B. Post_Cross_Sell",133849,0,0,NULL,NULL
"B. Post_Cross_Sell",133852,0,0,NULL,NULL
"B. Post_Cross_Sell",133856,1,0,NULL,NULL
"B. Post_Cross_Sell",133862,1,1,1,49.99
"B. Post_Cross_Sell",133863,0,0,NULL,NULL
"B. Post_Cross_Sell",133865,1,0,NULL,NULL
"B. Post_Cross_Sell",133867,1,0,NULL,NULL
"B. Post_Cross_Sell",133868,1,0,NULL,NULL
"B. Post_Cross_Sell",133869,1,0,NULL,NULL
"B. Post_Cross_Sell",133893,0,0,NULL,NULL
"B. Post_Cross_Sell",133895,0,0,NULL,NULL
"B. Post_Cross_Sell",133896,1,0,NULL,NULL
"B. Post_Cross_Sell",133903,1,0,NULL,NULL
"B. Post_Cross_Sell",133905,0,0,NULL,NULL
"B. Post_Cross_Sell",133912,0,0,NULL,NULL
"B. Post_Cross_Sell",133913,1,0,NULL,NULL
"B. Post_Cross_Sell",133928,1,1,1,49.99
"B. Post_Cross_Sell",133932,0,0,NULL,NULL
"B. Post_Cross_Sell",133934,0,0,NULL,NULL
"B. Post_Cross_Sell",133937,1,1,1,49.99
"B. Post_Cross_Sell",133942,0,0,NULL,NULL
"B. Post_Cross_Sell",133943,0,0,NULL,NULL
"B. Post_Cross_Sell",133950,1,1,1,49.99
"B. Post_Cross_Sell",133954,0,0,NULL,NULL
"B. Post_Cross_Sell",133968,1,1,1,49.99
"B. Post_Cross_Sell",133972,1,1,1,49.99
"B. Post_Cross_Sell",133991,1,0,NULL,NULL
"B. Post_Cross_Sell",133993,1,0,NULL,NULL
"B. Post_Cross_Sell",133996,1,1,2,109.98
"B. Post_Cross_Sell",134001,1,1,2,109.98
"B. Post_Cross_Sell",134004,1,0,NULL,NULL
"B. Post_Cross_Sell",134014,0,0,NULL,NULL
"B. Post_Cross_Sell",134017,1,1,1,49.99
"B. Post_Cross_Sell",134019,1,0,NULL,NULL
"B. Post_Cross_Sell",134027,0,0,NULL,NULL
"B. Post_Cross_Sell",134031,1,1,1,49.99
"B. Post_Cross_Sell",134035,1,0,NULL,NULL
"B. Post_Cross_Sell",134046,1,0,NULL,NULL
"B. Post_Cross_Sell",134053,0,0,NULL,NULL
"B. Post_Cross_Sell",134054,0,0,NULL,NULL
"B. Post_Cross_Sell",134073,1,0,NULL,NULL
"B. Post_Cross_Sell",134074,0,0,NULL,NULL
"B. Post_Cross_Sell",134075,1,0,NULL,NULL
"B. Post_Cross_Sell",134081,0,0,NULL,NULL
"B. Post_Cross_Sell",134087,1,1,1,49.99
"B. Post_Cross_Sell",134088,1,0,NULL,NULL
"B. Post_Cross_Sell",134089,0,0,NULL,NULL
"B. Post_Cross_Sell",134092,1,0,NULL,NULL
"B. Post_Cross_Sell",134098,1,0,NULL,NULL
"B. Post_Cross_Sell",134109,1,0,NULL,NULL
"B. Post_Cross_Sell",134112,1,1,1,49.99
"B. Post_Cross_Sell",134122,1,0,NULL,NULL
"B. Post_Cross_Sell",134125,1,1,1,49.99
"B. Post_Cross_Sell",134127,1,0,NULL,NULL
"B. Post_Cross_Sell",134136,0,0,NULL,NULL
"B. Post_Cross_Sell",134138,0,0,NULL,NULL
"B. Post_Cross_Sell",134141,1,0,NULL,NULL
"B. Post_Cross_Sell",134149,1,1,1,49.99
"B. Post_Cross_Sell",134153,1,0,NULL,NULL
"B. Post_Cross_Sell",134161,0,0,NULL,NULL
"B. Post_Cross_Sell",134162,1,1,1,49.99
"B. Post_Cross_Sell",134165,1,1,1,49.99
"B. Post_Cross_Sell",134167,1,0,NULL,NULL
"B. Post_Cross_Sell",134169,1,0,NULL,NULL
"B. Post_Cross_Sell",134170,1,1,1,49.99
"B. Post_Cross_Sell",134171,1,1,1,49.99
"B. Post_Cross_Sell",134176,1,1,1,49.99
"B. Post_Cross_Sell",134195,1,0,NULL,NULL
"B. Post_Cross_Sell",134197,1,0,NULL,NULL
"B. Post_Cross_Sell",134201,0,0,NULL,NULL
"B. Post_Cross_Sell",134202,1,0,NULL,NULL
"B. Post_Cross_Sell",134214,1,1,1,49.99
"B. Post_Cross_Sell",134215,0,0,NULL,NULL
"B. Post_Cross_Sell",134216,0,0,NULL,NULL
"B. Post_Cross_Sell",134217,1,1,1,49.99
"B. Post_Cross_Sell",134238,1,1,1,49.99
"B. Post_Cross_Sell",134241,0,0,NULL,NULL
"B. Post_Cross_Sell",134242,1,0,NULL,NULL
"B. Post_Cross_Sell",134246,1,0,NULL,NULL
"B. Post_Cross_Sell",134249,0,0,NULL,NULL
"B. Post_Cross_Sell",134262,0,0,NULL,NULL
"B. Post_Cross_Sell",134266,1,0,NULL,NULL
"B. Post_Cross_Sell",134269,0,0,NULL,NULL
"B. Post_Cross_Sell",134273,1,0,NULL,NULL
"B. Post_Cross_Sell",134275,1,1,1,59.99
"B. Post_Cross_Sell",134276,1,1,1,49.99
"B. Post_Cross_Sell",134277,1,0,NULL,NULL
"B. Post_Cross_Sell",134290,1,1,1,49.99
"B. Post_Cross_Sell",134296,0,0,NULL,NULL
"B. Post_Cross_Sell",134310,0,0,NULL,NULL
"B. Post_Cross_Sell",134315,1,1,1,49.99
"B. Post_Cross_Sell",134323,1,1,1,49.99
"B. Post_Cross_Sell",134325,1,1,1,49.99
"B. Post_Cross_Sell",134331,1,0,NULL,NULL
"B. Post_Cross_Sell",134335,0,0,NULL,NULL
"B. Post_Cross_Sell",134336,1,0,NULL,NULL
"B. Post_Cross_Sell",134337,1,0,NULL,NULL
"B. Post_Cross_Sell",134342,0,0,NULL,NULL
"B. Post_Cross_Sell",134347,1,1,1,49.99
"B. Post_Cross_Sell",134353,1,1,1,49.99
"B. Post_Cross_Sell",134361,0,0,NULL,NULL
"B. Post_Cross_Sell",134373,1,1,1,49.99
"B. Post_Cross_Sell",134377,0,0,NULL,NULL
"B. Post_Cross_Sell",134381,1,0,NULL,NULL
"B. Post_Cross_Sell",134388,0,0,NULL,NULL
"B. Post_Cross_Sell",134389,1,0,NULL,NULL
"B. Post_Cross_Sell",134392,0,0,NULL,NULL
"B. Post_Cross_Sell",134393,0,0,NULL,NULL
"B. Post_Cross_Sell",134396,1,0,NULL,NULL
"B. Post_Cross_Sell",134401,1,0,NULL,NULL
"B. Post_Cross_Sell",134404,0,0,NULL,NULL
"B. Post_Cross_Sell",134411,1,0,NULL,NULL
"B. Post_Cross_Sell",134414,0,0,NULL,NULL
"B. Post_Cross_Sell",134418,1,0,NULL,NULL
"B. Post_Cross_Sell",134420,0,0,NULL,NULL
"B. Post_Cross_Sell",134424,1,1,1,49.99
"B. Post_Cross_Sell",134426,1,1,1,49.99
"B. Post_Cross_Sell",134430,1,0,NULL,NULL
"B. Post_Cross_Sell",134435,0,0,NULL,NULL
"B. Post_Cross_Sell",134438,0,0,NULL,NULL
"B. Post_Cross_Sell",134441,1,0,NULL,NULL
"B. Post_Cross_Sell",134443,0,0,NULL,NULL
"B. Post_Cross_Sell",134451,1,0,NULL,NULL
"B. Post_Cross_Sell",134452,1,1,1,49.99
"B. Post_Cross_Sell",134453,0,0,NULL,NULL
"B. Post_Cross_Sell",134455,1,0,NULL,NULL
"B. Post_Cross_Sell",134464,0,0,NULL,NULL
"B. Post_Cross_Sell",134469,1,1,1,49.99
"B. Post_Cross_Sell",134473,1,0,NULL,NULL
"B. Post_Cross_Sell",134487,0,0,NULL,NULL
"B. Post_Cross_Sell",134493,1,0,NULL,NULL
"B. Post_Cross_Sell",134497,1,1,1,49.99
"B. Post_Cross_Sell",134501,1,0,NULL,NULL
"B. Post_Cross_Sell",134504,0,0,NULL,NULL
"B. Post_Cross_Sell",134505,1,0,NULL,NULL
"B. Post_Cross_Sell",134515,1,1,1,59.99
"B. Post_Cross_Sell",134517,0,0,NULL,NULL
"B. Post_Cross_Sell",134520,1,0,NULL,NULL
"B. Post_Cross_Sell",134521,1,1,1,49.99
"B. Post_Cross_Sell",134524,0,0,NULL,NULL
"B. Post_Cross_Sell",134533,0,0,NULL,NULL
"B. Post_Cross_Sell",134543,1,1,1,49.99
"B. Post_Cross_Sell",134550,0,0,NULL,NULL
"B. Post_Cross_Sell",134552,1,1,1,59.99
"B. Post_Cross_Sell",134554,0,0,NULL,NULL
"B. Post_Cross_Sell",134559,1,0,NULL,NULL
"B. Post_Cross_Sell",134560,1,1,1,49.99
"B. Post_Cross_Sell",134563,1,0,NULL,NULL
"B. Post_Cross_Sell",134565,0,0,NULL,NULL
"B. Post_Cross_Sell",134570,0,0,NULL,NULL
"B. Post_Cross_Sell",134571,0,0,NULL,NULL
"B. Post_Cross_Sell",134576,1,0,NULL,NULL
"B. Post_Cross_Sell",134577,1,1,1,49.99
"B. Post_Cross_Sell",134578,1,1,1,49.99
"B. Post_Cross_Sell",134583,1,0,NULL,NULL
"B. Post_Cross_Sell",134585,0,0,NULL,NULL
"B. Post_Cross_Sell",134595,1,1,1,49.99
"B. Post_Cross_Sell",134599,1,1,1,59.99
"B. Post_Cross_Sell",134600,1,1,1,49.99
"B. Post_Cross_Sell",134602,1,0,NULL,NULL
"B. Post_Cross_Sell",134604,0,0,NULL,NULL
"B. Post_Cross_Sell",134607,0,0,NULL,NULL
"B. Post_Cross_Sell",134608,0,0,NULL,NULL
"B. Post_Cross_Sell",134609,1,1,1,49.99
"B. Post_Cross_Sell",134617,1,0,NULL,NULL
"B. Post_Cross_Sell",134626,1,0,NULL,NULL
"B. Post_Cross_Sell",134632,0,0,NULL,NULL
"B. Post_Cross_Sell",134634,1,0,NULL,NULL
"B. Post_Cross_Sell",134654,0,0,NULL,NULL
"B. Post_Cross_Sell",134657,1,1,1,59.99
"B. Post_Cross_Sell",134662,0,0,NULL,NULL
"B. Post_Cross_Sell",134676,0,0,NULL,NULL
"B. Post_Cross_Sell",134683,1,0,NULL,NULL
"B. Post_Cross_Sell",134694,1,0,NULL,NULL
"B. Post_Cross_Sell",134698,0,0,NULL,NULL
"B. Post_Cross_Sell",134703,0,0,NULL,NULL
"B. Post_Cross_Sell",134708,0,0,NULL,NULL
"B. Post_Cross_Sell",134720,1,0,NULL,NULL
"B. Post_Cross_Sell",134722,1,0,NULL,NULL
"B. Post_Cross_Sell",134727,0,0,NULL,NULL
"B. Post_Cross_Sell",134734,0,0,NULL,NULL
"B. Post_Cross_Sell",134735,1,0,NULL,NULL
"B. Post_Cross_Sell",134738,1,1,1,49.99
"B. Post_Cross_Sell",134739,1,1,1,49.99
"B. Post_Cross_Sell",134741,1,0,NULL,NULL
"B. Post_Cross_Sell",134744,0,0,NULL,NULL
"B. Post_Cross_Sell",134759,0,0,NULL,NULL
"B. Post_Cross_Sell",134773,1,0,NULL,NULL
"B. Post_Cross_Sell",134778,0,0,NULL,NULL
"B. Post_Cross_Sell",134785,1,0,NULL,NULL
"B. Post_Cross_Sell",134787,0,0,NULL,NULL
"B. Post_Cross_Sell",134794,1,0,NULL,NULL
"B. Post_Cross_Sell",134796,1,1,1,49.99
"B. Post_Cross_Sell",134797,1,0,NULL,NULL
"B. Post_Cross_Sell",134798,1,0,NULL,NULL
"B. Post_Cross_Sell",134802,1,1,1,49.99
"B. Post_Cross_Sell",134803,1,1,1,49.99
"B. Post_Cross_Sell",134823,0,0,NULL,NULL
"B. Post_Cross_Sell",134824,1,0,NULL,NULL
"B. Post_Cross_Sell",134826,0,0,NULL,NULL
"B. Post_Cross_Sell",134829,0,0,NULL,NULL
"B. Post_Cross_Sell",134830,1,1,1,49.99
"B. Post_Cross_Sell",134836,1,0,NULL,NULL
"B. Post_Cross_Sell",134837,1,1,1,49.99
"B. Post_Cross_Sell",134843,1,0,NULL,NULL
"B. Post_Cross_Sell",134846,1,1,1,49.99
"B. Post_Cross_Sell",134847,1,1,1,49.99
"B. Post_Cross_Sell",134866,0,0,NULL,NULL
"B. Post_Cross_Sell",134870,1,0,NULL,NULL
"B. Post_Cross_Sell",134873,1,0,NULL,NULL
"B. Post_Cross_Sell",134874,1,1,1,49.99
"B. Post_Cross_Sell",134875,1,0,NULL,NULL
"B. Post_Cross_Sell",134880,1,1,1,59.99
"B. Post_Cross_Sell",134885,1,1,1,49.99
"B. Post_Cross_Sell",134887,1,1,1,49.99
"B. Post_Cross_Sell",134888,1,0,NULL,NULL
"B. Post_Cross_Sell",134894,1,1,1,49.99
"B. Post_Cross_Sell",134899,1,0,NULL,NULL
"B. Post_Cross_Sell",134903,0,0,NULL,NULL
"B. Post_Cross_Sell",134911,1,0,NULL,NULL
"B. Post_Cross_Sell",134916,1,1,1,49.99
"B. Post_Cross_Sell",134921,1,0,NULL,NULL
"B. Post_Cross_Sell",134927,1,1,2,109.98
"B. Post_Cross_Sell",134929,1,1,1,49.99
"B. Post_Cross_Sell",134938,1,1,1,59.99
"B. Post_Cross_Sell",134941,0,0,NULL,NULL
"B. Post_Cross_Sell",134947,1,1,1,49.99
"B. Post_Cross_Sell",134950,0,0,NULL,NULL
"B. Post_Cross_Sell",134954,1,1,1,49.99
"B. Post_Cross_Sell",134959,1,1,1,49.99
"B. Post_Cross_Sell",134966,1,1,1,49.99
"B. Post_Cross_Sell",134978,1,0,NULL,NULL
"B. Post_Cross_Sell",134980,1,1,1,49.99
"B. Post_Cross_Sell",134986,1,0,NULL,NULL
"B. Post_Cross_Sell",134987,1,0,NULL,NULL
"B. Post_Cross_Sell",134990,1,0,NULL,NULL
"B. Post_Cross_Sell",134997,0,0,NULL,NULL
"B. Post_Cross_Sell",134998,1,0,NULL,NULL
"B. Post_Cross_Sell",135001,1,0,NULL,NULL
"B. Post_Cross_Sell",135003,1,0,NULL,NULL
"B. Post_Cross_Sell",135004,1,1,1,49.99
"B. Post_Cross_Sell",135015,1,0,NULL,NULL
"B. Post_Cross_Sell",135022,0,0,NULL,NULL
"B. Post_Cross_Sell",135023,0,0,NULL,NULL
"B. Post_Cross_Sell",135026,1,0,NULL,NULL
"B. Post_Cross_Sell",135029,1,1,1,49.99
"B. Post_Cross_Sell",135031,1,1,1,49.99
"B. Post_Cross_Sell",135038,1,1,1,49.99
"B. Post_Cross_Sell",135042,1,1,1,49.99
"B. Post_Cross_Sell",135047,1,1,1,49.99
"B. Post_Cross_Sell",135053,1,0,NULL,NULL
"B. Post_Cross_Sell",135056,1,0,NULL,NULL
"B. Post_Cross_Sell",135064,1,0,NULL,NULL
"B. Post_Cross_Sell",135065,0,0,NULL,NULL
"B. Post_Cross_Sell",135075,0,0,NULL,NULL
"B. Post_Cross_Sell",135076,1,0,NULL,NULL
"B. Post_Cross_Sell",135078,1,0,NULL,NULL
"B. Post_Cross_Sell",135080,1,1,1,59.99
"B. Post_Cross_Sell",135084,0,0,NULL,NULL
"B. Post_Cross_Sell",135087,1,0,NULL,NULL
"B. Post_Cross_Sell",135093,1,0,NULL,NULL
"B. Post_Cross_Sell",135098,0,0,NULL,NULL
"B. Post_Cross_Sell",135103,1,1,1,49.99
"B. Post_Cross_Sell",135104,1,0,NULL,NULL
"B. Post_Cross_Sell",135108,1,0,NULL,NULL
"B. Post_Cross_Sell",135110,1,0,NULL,NULL
"B. Post_Cross_Sell",135112,1,0,NULL,NULL
"B. Post_Cross_Sell",135114,1,0,NULL,NULL
"B. Post_Cross_Sell",135118,0,0,NULL,NULL
"B. Post_Cross_Sell",135120,1,0,NULL,NULL
"B. Post_Cross_Sell",135123,0,0,NULL,NULL
"B. Post_Cross_Sell",135126,1,0,NULL,NULL
"B. Post_Cross_Sell",135131,1,1,1,59.99
"B. Post_Cross_Sell",135134,1,0,NULL,NULL
"B. Post_Cross_Sell",135139,1,0,NULL,NULL
"B. Post_Cross_Sell",135145,1,1,1,49.99
"B. Post_Cross_Sell",135148,1,0,NULL,NULL
"B. Post_Cross_Sell",135159,1,1,1,49.99
"B. Post_Cross_Sell",135174,1,0,NULL,NULL
"B. Post_Cross_Sell",135180,1,1,1,59.99
"B. Post_Cross_Sell",135181,1,0,NULL,NULL
"B. Post_Cross_Sell",135184,0,0,NULL,NULL
"B. Post_Cross_Sell",135186,1,0,NULL,NULL
"B. Post_Cross_Sell",135190,0,0,NULL,NULL
"B. Post_Cross_Sell",135191,1,1,1,49.99
"B. Post_Cross_Sell",135193,1,1,1,49.99
"B. Post_Cross_Sell",135196,1,0,NULL,NULL
"B. Post_Cross_Sell",135198,0,0,NULL,NULL
"B. Post_Cross_Sell",135201,0,0,NULL,NULL
"B. Post_Cross_Sell",135202,1,1,1,49.99
"B. Post_Cross_Sell",135211,1,0,NULL,NULL
"B. Post_Cross_Sell",135213,0,0,NULL,NULL
"B. Post_Cross_Sell",135215,0,0,NULL,NULL
"B. Post_Cross_Sell",135216,1,1,1,49.99
"B. Post_Cross_Sell",135226,0,0,NULL,NULL
"B. Post_Cross_Sell",135228,0,0,NULL,NULL
"B. Post_Cross_Sell",135230,1,1,1,49.99
"B. Post_Cross_Sell",135236,1,1,1,49.99
"B. Post_Cross_Sell",135239,1,1,1,59.99
"B. Post_Cross_Sell",135256,1,0,NULL,NULL
"B. Post_Cross_Sell",135274,1,0,NULL,NULL
"B. Post_Cross_Sell",135276,1,1,1,49.99
"B. Post_Cross_Sell",135285,1,1,1,49.99
"B. Post_Cross_Sell",135288,1,1,1,49.99
"B. Post_Cross_Sell",135291,1,1,1,49.99
"B. Post_Cross_Sell",135293,1,0,NULL,NULL
"B. Post_Cross_Sell",135295,1,0,NULL,NULL
"B. Post_Cross_Sell",135304,1,1,1,49.99
"B. Post_Cross_Sell",135310,0,0,NULL,NULL
"B. Post_Cross_Sell",135313,0,0,NULL,NULL
"B. Post_Cross_Sell",135317,0,0,NULL,NULL
"B. Post_Cross_Sell",135321,1,0,NULL,NULL
"B. Post_Cross_Sell",135323,0,0,NULL,NULL
"B. Post_Cross_Sell",135328,1,0,NULL,NULL
"B. Post_Cross_Sell",135335,1,0,NULL,NULL
"B. Post_Cross_Sell",135343,1,0,NULL,NULL
"B. Post_Cross_Sell",135345,1,0,NULL,NULL
"B. Post_Cross_Sell",135346,1,1,1,49.99
"B. Post_Cross_Sell",135349,1,1,1,49.99
"B. Post_Cross_Sell",135367,1,0,NULL,NULL
"B. Post_Cross_Sell",135368,1,0,NULL,NULL
"B. Post_Cross_Sell",135371,1,1,1,49.99
"B. Post_Cross_Sell",135376,0,0,NULL,NULL
"B. Post_Cross_Sell",135377,0,0,NULL,NULL
"B. Post_Cross_Sell",135380,1,0,NULL,NULL
"B. Post_Cross_Sell",135383,1,0,NULL,NULL
"B. Post_Cross_Sell",135388,1,0,NULL,NULL
"B. Post_Cross_Sell",135391,1,1,1,49.99
"B. Post_Cross_Sell",135392,1,1,1,49.99
"B. Post_Cross_Sell",135393,1,1,1,49.99
"B. Post_Cross_Sell",135400,1,1,1,49.99
"B. Post_Cross_Sell",135405,0,0,NULL,NULL
"B. Post_Cross_Sell",135407,1,1,1,59.99
"B. Post_Cross_Sell",135408,1,0,NULL,NULL
"B. Post_Cross_Sell",135412,1,0,NULL,NULL
"B. Post_Cross_Sell",135414,1,1,1,49.99
"B. Post_Cross_Sell",135416,1,0,NULL,NULL
"B. Post_Cross_Sell",135420,1,0,NULL,NULL
"B. Post_Cross_Sell",135421,1,0,NULL,NULL
"B. Post_Cross_Sell",135432,1,1,1,59.99
"B. Post_Cross_Sell",135433,1,1,2,109.98
"B. Post_Cross_Sell",135440,0,0,NULL,NULL
"B. Post_Cross_Sell",135442,1,1,1,59.99
"B. Post_Cross_Sell",135453,1,0,NULL,NULL
"B. Post_Cross_Sell",135467,0,0,NULL,NULL
"B. Post_Cross_Sell",135476,0,0,NULL,NULL
"B. Post_Cross_Sell",135491,1,1,1,59.99
"B. Post_Cross_Sell",135492,1,1,1,49.99
"B. Post_Cross_Sell",135493,0,0,NULL,NULL
"B. Post_Cross_Sell",135494,1,1,1,49.99
"B. Post_Cross_Sell",135496,0,0,NULL,NULL
"B. Post_Cross_Sell",135497,0,0,NULL,NULL
"B. Post_Cross_Sell",135498,0,0,NULL,NULL
"B. Post_Cross_Sell",135502,0,0,NULL,NULL
"B. Post_Cross_Sell",135509,0,0,NULL,NULL
"B. Post_Cross_Sell",135510,1,1,1,49.99
"B. Post_Cross_Sell",135511,0,0,NULL,NULL
"B. Post_Cross_Sell",135519,1,0,NULL,NULL
"B. Post_Cross_Sell",135530,1,1,1,49.99
"B. Post_Cross_Sell",135534,1,1,1,59.99
"B. Post_Cross_Sell",135555,1,1,1,49.99
"B. Post_Cross_Sell",135556,1,1,1,49.99
"B. Post_Cross_Sell",135559,1,0,NULL,NULL
"B. Post_Cross_Sell",135565,1,1,1,49.99
"B. Post_Cross_Sell",135567,1,0,NULL,NULL
"B. Post_Cross_Sell",135569,1,0,NULL,NULL
"B. Post_Cross_Sell",135570,1,0,NULL,NULL
"B. Post_Cross_Sell",135571,0,0,NULL,NULL
"B. Post_Cross_Sell",135580,0,0,NULL,NULL
"B. Post_Cross_Sell",135583,1,0,NULL,NULL
"B. Post_Cross_Sell",135602,0,0,NULL,NULL
"B. Post_Cross_Sell",135603,1,0,NULL,NULL
"B. Post_Cross_Sell",135606,1,0,NULL,NULL
"B. Post_Cross_Sell",135607,0,0,NULL,NULL
"B. Post_Cross_Sell",135613,1,0,NULL,NULL
"B. Post_Cross_Sell",135614,1,0,NULL,NULL
"B. Post_Cross_Sell",135617,1,1,1,49.99
"B. Post_Cross_Sell",135619,0,0,NULL,NULL
"B. Post_Cross_Sell",135620,0,0,NULL,NULL
"B. Post_Cross_Sell",135636,1,1,1,49.99
"B. Post_Cross_Sell",135646,1,1,1,49.99
"B. Post_Cross_Sell",135650,1,0,NULL,NULL
"B. Post_Cross_Sell",135651,1,0,NULL,NULL
"B. Post_Cross_Sell",135665,1,0,NULL,NULL
"B. Post_Cross_Sell",135667,1,1,1,49.99
"B. Post_Cross_Sell",135673,1,1,2,109.98
"B. Post_Cross_Sell",135692,0,0,NULL,NULL
"B. Post_Cross_Sell",135693,1,1,1,49.99
"B. Post_Cross_Sell",135707,1,1,1,49.99
"B. Post_Cross_Sell",135711,1,1,1,49.99
"B. Post_Cross_Sell",135712,0,0,NULL,NULL
"B. Post_Cross_Sell",135713,1,1,1,49.99
"B. Post_Cross_Sell",135715,0,0,NULL,NULL
"B. Post_Cross_Sell",135717,1,0,NULL,NULL
"B. Post_Cross_Sell",135721,0,0,NULL,NULL
"B. Post_Cross_Sell",135729,1,1,1,59.99
"B. Post_Cross_Sell",135739,1,0,NULL,NULL
"B. Post_Cross_Sell",135742,1,1,1,49.99
"B. Post_Cross_Sell",135748,0,0,NULL,NULL
"B. Post_Cross_Sell",135759,1,0,NULL,NULL
"B. Post_Cross_Sell",135767,0,0,NULL,NULL
"B. Post_Cross_Sell",135774,1,1,1,49.99
"B. Post_Cross_Sell",135776,0,0,NULL,NULL
"B. Post_Cross_Sell",135777,1,1,1,49.99
"B. Post_Cross_Sell",135778,0,0,NULL,NULL
"B. Post_Cross_Sell",135781,1,0,NULL,NULL
"B. Post_Cross_Sell",135783,1,0,NULL,NULL
"B. Post_Cross_Sell",135786,1,0,NULL,NULL
"B. Post_Cross_Sell",135798,1,0,NULL,NULL
"B. Post_Cross_Sell",135803,1,1,1,49.99
"B. Post_Cross_Sell",135817,1,1,1,49.99
"B. Post_Cross_Sell",135825,1,0,NULL,NULL
"B. Post_Cross_Sell",135835,0,0,NULL,NULL
"B. Post_Cross_Sell",135846,1,0,NULL,NULL
"B. Post_Cross_Sell",135850,1,1,1,49.99
"B. Post_Cross_Sell",135854,1,0,NULL,NULL
"B. Post_Cross_Sell",135855,0,0,NULL,NULL
"B. Post_Cross_Sell",135861,1,1,1,59.99
"B. Post_Cross_Sell",135883,0,0,NULL,NULL
"B. Post_Cross_Sell",135885,1,0,NULL,NULL
"B. Post_Cross_Sell",135896,1,0,NULL,NULL
"B. Post_Cross_Sell",135899,0,0,NULL,NULL
"B. Post_Cross_Sell",135904,1,0,NULL,NULL
"B. Post_Cross_Sell",135913,1,1,1,49.99
"B. Post_Cross_Sell",135915,1,1,1,49.99
"B. Post_Cross_Sell",135920,1,0,NULL,NULL
"B. Post_Cross_Sell",135923,1,1,1,49.99
"B. Post_Cross_Sell",135925,1,1,1,49.99
"B. Post_Cross_Sell",135929,0,0,NULL,NULL
"B. Post_Cross_Sell",135930,0,0,NULL,NULL
"B. Post_Cross_Sell",135932,1,1,2,109.98
"B. Post_Cross_Sell",135936,1,0,NULL,NULL
"B. Post_Cross_Sell",135942,0,0,NULL,NULL
"B. Post_Cross_Sell",135952,0,0,NULL,NULL
"B. Post_Cross_Sell",135962,1,0,NULL,NULL
"B. Post_Cross_Sell",135963,1,1,1,49.99
"B. Post_Cross_Sell",135965,1,1,1,49.99
"B. Post_Cross_Sell",135967,1,1,1,59.99
"B. Post_Cross_Sell",135970,1,0,NULL,NULL
"B. Post_Cross_Sell",135973,1,1,1,59.99
"B. Post_Cross_Sell",135977,0,0,NULL,NULL
"B. Post_Cross_Sell",135978,1,0,NULL,NULL
"B. Post_Cross_Sell",135985,0,0,NULL,NULL
"B. Post_Cross_Sell",135986,0,0,NULL,NULL
"B. Post_Cross_Sell",135989,1,1,1,49.99
"B. Post_Cross_Sell",135997,0,0,NULL,NULL
"B. Post_Cross_Sell",136001,1,0,NULL,NULL
"B. Post_Cross_Sell",136004,1,0,NULL,NULL
"B. Post_Cross_Sell",136007,1,1,1,59.99
"B. Post_Cross_Sell",136013,0,0,NULL,NULL
"B. Post_Cross_Sell",136014,1,0,NULL,NULL
"B. Post_Cross_Sell",136015,1,1,1,49.99
"B. Post_Cross_Sell",136017,0,0,NULL,NULL
"B. Post_Cross_Sell",136019,1,0,NULL,NULL
"B. Post_Cross_Sell",136031,1,0,NULL,NULL
"B. Post_Cross_Sell",136046,1,0,NULL,NULL
"B. Post_Cross_Sell",136048,1,0,NULL,NULL
"B. Post_Cross_Sell",136054,1,0,NULL,NULL
"B. Post_Cross_Sell",136073,0,0,NULL,NULL
"B. Post_Cross_Sell",136075,0,0,NULL,NULL
"B. Post_Cross_Sell",136087,0,0,NULL,NULL
"B. Post_Cross_Sell",136098,0,0,NULL,NULL
"B. Post_Cross_Sell",136100,1,0,NULL,NULL
"B. Post_Cross_Sell",136105,0,0,NULL,NULL
"B. Post_Cross_Sell",136119,0,0,NULL,NULL
"B. Post_Cross_Sell",136125,0,0,NULL,NULL
"B. Post_Cross_Sell",136129,1,1,2,109.98
"B. Post_Cross_Sell",136130,0,0,NULL,NULL
"B. Post_Cross_Sell",136134,1,0,NULL,NULL
"B. Post_Cross_Sell",136138,0,0,NULL,NULL
"B. Post_Cross_Sell",136146,0,0,NULL,NULL
"B. Post_Cross_Sell",136149,0,0,NULL,NULL
"B. Post_Cross_Sell",136155,1,1,1,49.99
"B. Post_Cross_Sell",136176,1,1,1,49.99
"B. Post_Cross_Sell",136181,0,0,NULL,NULL
"B. Post_Cross_Sell",136186,1,1,1,49.99
"B. Post_Cross_Sell",136194,0,0,NULL,NULL
"B. Post_Cross_Sell",136197,1,1,1,49.99
"B. Post_Cross_Sell",136200,1,1,1,49.99
"B. Post_Cross_Sell",136203,1,1,1,49.99
"B. Post_Cross_Sell",136206,1,0,NULL,NULL
"B. Post_Cross_Sell",136212,1,1,1,49.99
"B. Post_Cross_Sell",136216,1,0,NULL,NULL
"B. Post_Cross_Sell",136217,1,1,1,49.99
"B. Post_Cross_Sell",136231,0,0,NULL,NULL
"B. Post_Cross_Sell",136235,0,0,NULL,NULL
"B. Post_Cross_Sell",136238,1,1,1,49.99
"B. Post_Cross_Sell",136239,1,0,NULL,NULL
"B. Post_Cross_Sell",136242,1,1,1,49.99
"B. Post_Cross_Sell",136245,1,0,NULL,NULL
"B. Post_Cross_Sell",136247,1,0,NULL,NULL
"B. Post_Cross_Sell",136249,1,0,NULL,NULL
"B. Post_Cross_Sell",136266,1,1,2,109.98
"B. Post_Cross_Sell",136267,1,0,NULL,NULL
"B. Post_Cross_Sell",136268,0,0,NULL,NULL
"B. Post_Cross_Sell",136277,1,1,1,49.99
"B. Post_Cross_Sell",136278,1,1,1,49.99
"B. Post_Cross_Sell",136293,1,1,1,49.99
"B. Post_Cross_Sell",136294,0,0,NULL,NULL
"B. Post_Cross_Sell",136296,1,1,1,59.99
"B. Post_Cross_Sell",136299,0,0,NULL,NULL
"B. Post_Cross_Sell",136302,1,1,1,49.99
"B. Post_Cross_Sell",136305,0,0,NULL,NULL
"B. Post_Cross_Sell",136310,1,1,1,49.99
"B. Post_Cross_Sell",136316,0,0,NULL,NULL
"B. Post_Cross_Sell",136317,1,1,1,49.99
"B. Post_Cross_Sell",136319,0,0,NULL,NULL
"B. Post_Cross_Sell",136321,1,0,NULL,NULL
"B. Post_Cross_Sell",136323,0,0,NULL,NULL
"B. Post_Cross_Sell",136343,1,0,NULL,NULL
"B. Post_Cross_Sell",136365,1,1,1,49.99
"B. Post_Cross_Sell",136374,1,0,NULL,NULL
"B. Post_Cross_Sell",136376,1,0,NULL,NULL
"B. Post_Cross_Sell",136390,1,0,NULL,NULL
"B. Post_Cross_Sell",136398,0,0,NULL,NULL
"B. Post_Cross_Sell",136400,0,0,NULL,NULL
"B. Post_Cross_Sell",136403,1,1,1,49.99
"B. Post_Cross_Sell",136409,0,0,NULL,NULL
"B. Post_Cross_Sell",136419,1,0,NULL,NULL
"B. Post_Cross_Sell",136421,1,1,1,49.99
"B. Post_Cross_Sell",136422,1,1,1,49.99
"B. Post_Cross_Sell",136425,0,0,NULL,NULL
"B. Post_Cross_Sell",136426,1,0,NULL,NULL
"B. Post_Cross_Sell",136432,0,0,NULL,NULL
"B. Post_Cross_Sell",136436,1,0,NULL,NULL
"B. Post_Cross_Sell",136461,1,0,NULL,NULL
"B. Post_Cross_Sell",136478,1,0,NULL,NULL
"B. Post_Cross_Sell",136487,1,0,NULL,NULL
"B. Post_Cross_Sell",136497,1,0,NULL,NULL
"B. Post_Cross_Sell",136500,0,0,NULL,NULL
"B. Post_Cross_Sell",136527,0,0,NULL,NULL
"B. Post_Cross_Sell",136530,1,0,NULL,NULL
"B. Post_Cross_Sell",136532,1,1,1,49.99
"B. Post_Cross_Sell",136535,0,0,NULL,NULL
"B. Post_Cross_Sell",136538,0,0,NULL,NULL
"B. Post_Cross_Sell",136539,1,1,2,109.98
"B. Post_Cross_Sell",136542,1,0,NULL,NULL
"B. Post_Cross_Sell",136544,1,1,1,59.99
"B. Post_Cross_Sell",136545,1,1,1,49.99
"B. Post_Cross_Sell",136555,0,0,NULL,NULL
"B. Post_Cross_Sell",136556,1,1,1,49.99
"B. Post_Cross_Sell",136568,1,1,1,59.99
"B. Post_Cross_Sell",136570,1,1,1,49.99
"B. Post_Cross_Sell",136571,1,0,NULL,NULL
"B. Post_Cross_Sell",136573,0,0,NULL,NULL
"B. Post_Cross_Sell",136582,1,1,1,49.99
"B. Post_Cross_Sell",136588,1,0,NULL,NULL
"B. Post_Cross_Sell",136589,1,0,NULL,NULL
"B. Post_Cross_Sell",136598,0,0,NULL,NULL
"B. Post_Cross_Sell",136602,1,1,1,49.99
"B. Post_Cross_Sell",136604,1,1,1,49.99
"B. Post_Cross_Sell",136608,1,0,NULL,NULL
"B. Post_Cross_Sell",136609,1,1,1,49.99
"B. Post_Cross_Sell",136611,1,0,NULL,NULL
"B. Post_Cross_Sell",136614,1,1,1,49.99
"B. Post_Cross_Sell",136621,1,0,NULL,NULL
"B. Post_Cross_Sell",136622,1,1,2,109.98
"B. Post_Cross_Sell",136625,1,1,1,49.99
"B. Post_Cross_Sell",136626,1,0,NULL,NULL
"B. Post_Cross_Sell",136628,1,1,1,49.99
"B. Post_Cross_Sell",136633,1,1,1,49.99
"B. Post_Cross_Sell",136635,1,0,NULL,NULL
"B. Post_Cross_Sell",136642,1,1,1,49.99
"B. Post_Cross_Sell",136644,1,0,NULL,NULL
"B. Post_Cross_Sell",136645,0,0,NULL,NULL
"B. Post_Cross_Sell",136662,1,1,1,49.99
"B. Post_Cross_Sell",136669,1,0,NULL,NULL
"B. Post_Cross_Sell",136670,1,1,1,49.99
"B. Post_Cross_Sell",136681,0,0,NULL,NULL
"B. Post_Cross_Sell",136683,1,0,NULL,NULL
"B. Post_Cross_Sell",136686,0,0,NULL,NULL
"B. Post_Cross_Sell",136693,0,0,NULL,NULL
"B. Post_Cross_Sell",136702,1,1,1,49.99
"B. Post_Cross_Sell",136704,0,0,NULL,NULL
"B. Post_Cross_Sell",136708,1,0,NULL,NULL
"B. Post_Cross_Sell",136718,1,0,NULL,NULL
"B. Post_Cross_Sell",136719,1,1,1,49.99
"B. Post_Cross_Sell",136720,0,0,NULL,NULL
"B. Post_Cross_Sell",136724,1,1,1,49.99
"B. Post_Cross_Sell",136725,1,0,NULL,NULL
"B. Post_Cross_Sell",136732,1,1,2,109.98
"B. Post_Cross_Sell",136741,0,0,NULL,NULL
"B. Post_Cross_Sell",136742,1,1,1,49.99
"B. Post_Cross_Sell",136744,1,0,NULL,NULL
"B. Post_Cross_Sell",136772,1,1,1,49.99
"B. Post_Cross_Sell",136779,1,0,NULL,NULL
"B. Post_Cross_Sell",136782,1,0,NULL,NULL
"B. Post_Cross_Sell",136784,0,0,NULL,NULL
"B. Post_Cross_Sell",136788,1,1,1,49.99
"B. Post_Cross_Sell",136792,1,0,NULL,NULL
"B. Post_Cross_Sell",136793,1,0,NULL,NULL
"B. Post_Cross_Sell",136796,1,0,NULL,NULL
"B. Post_Cross_Sell",136797,1,1,1,49.99
"B. Post_Cross_Sell",136800,0,0,NULL,NULL
"B. Post_Cross_Sell",136804,1,1,1,59.99
"B. Post_Cross_Sell",136811,0,0,NULL,NULL
"B. Post_Cross_Sell",136817,0,0,NULL,NULL
"B. Post_Cross_Sell",136818,1,1,1,49.99
"B. Post_Cross_Sell",136820,0,0,NULL,NULL
"B. Post_Cross_Sell",136830,1,0,NULL,NULL
"B. Post_Cross_Sell",136833,1,0,NULL,NULL
"B. Post_Cross_Sell",136840,1,0,NULL,NULL
"B. Post_Cross_Sell",136845,1,1,1,49.99
"B. Post_Cross_Sell",136846,1,1,1,59.99
"B. Post_Cross_Sell",136854,1,1,1,49.99
"B. Post_Cross_Sell",136862,1,0,NULL,NULL
"B. Post_Cross_Sell",136863,1,0,NULL,NULL
"B. Post_Cross_Sell",136868,0,0,NULL,NULL
"B. Post_Cross_Sell",136898,1,0,NULL,NULL
"B. Post_Cross_Sell",136903,1,0,NULL,NULL
"B. Post_Cross_Sell",136908,1,0,NULL,NULL
"B. Post_Cross_Sell",136928,1,1,1,49.99
"B. Post_Cross_Sell",136931,1,1,1,49.99
"B. Post_Cross_Sell",136933,0,0,NULL,NULL
"B. Post_Cross_Sell",136944,0,0,NULL,NULL
"B. Post_Cross_Sell",136948,0,0,NULL,NULL
"B. Post_Cross_Sell",136958,1,1,1,49.99
"B. Post_Cross_Sell",136960,0,0,NULL,NULL
"B. Post_Cross_Sell",136964,1,0,NULL,NULL
"B. Post_Cross_Sell",136965,1,0,NULL,NULL
"B. Post_Cross_Sell",136968,1,0,NULL,NULL
"B. Post_Cross_Sell",136970,0,0,NULL,NULL
"B. Post_Cross_Sell",136974,1,1,2,109.98
"B. Post_Cross_Sell",136976,0,0,NULL,NULL
"B. Post_Cross_Sell",136982,0,0,NULL,NULL
"B. Post_Cross_Sell",136985,1,0,NULL,NULL
"B. Post_Cross_Sell",136986,0,0,NULL,NULL
"B. Post_Cross_Sell",136991,1,1,1,49.99
"B. Post_Cross_Sell",136992,1,0,NULL,NULL
"B. Post_Cross_Sell",137000,1,1,1,59.99
"B. Post_Cross_Sell",137003,1,0,NULL,NULL
"B. Post_Cross_Sell",137006,0,0,NULL,NULL
"B. Post_Cross_Sell",137013,1,1,1,59.99
"B. Post_Cross_Sell",137019,0,0,NULL,NULL
"B. Post_Cross_Sell",137022,0,0,NULL,NULL
"B. Post_Cross_Sell",137028,0,0,NULL,NULL
"B. Post_Cross_Sell",137031,1,0,NULL,NULL
"B. Post_Cross_Sell",137036,0,0,NULL,NULL
"B. Post_Cross_Sell",137043,1,0,NULL,NULL
"B. Post_Cross_Sell",137050,0,0,NULL,NULL
"B. Post_Cross_Sell",137064,1,0,NULL,NULL
"B. Post_Cross_Sell",137065,0,0,NULL,NULL
"B. Post_Cross_Sell",137078,1,1,1,49.99
"B. Post_Cross_Sell",137108,1,1,1,59.99
"B. Post_Cross_Sell",137111,0,0,NULL,NULL
"B. Post_Cross_Sell",137115,1,0,NULL,NULL
"B. Post_Cross_Sell",137118,1,1,1,59.99
"B. Post_Cross_Sell",137127,1,1,1,49.99
"B. Post_Cross_Sell",137133,1,0,NULL,NULL
"B. Post_Cross_Sell",137135,0,0,NULL,NULL
"B. Post_Cross_Sell",137142,0,0,NULL,NULL
"B. Post_Cross_Sell",137157,0,0,NULL,NULL
"B. Post_Cross_Sell",137168,1,0,NULL,NULL
"B. Post_Cross_Sell",137175,1,1,1,49.99
"B. Post_Cross_Sell",137185,1,0,NULL,NULL
"B. Post_Cross_Sell",137188,0,0,NULL,NULL
"B. Post_Cross_Sell",137192,0,0,NULL,NULL
"B. Post_Cross_Sell",137195,0,0,NULL,NULL
"B. Post_Cross_Sell",137205,0,0,NULL,NULL
"B. Post_Cross_Sell",137215,1,1,2,109.98
"B. Post_Cross_Sell",137221,0,0,NULL,NULL
"B. Post_Cross_Sell",137225,1,0,NULL,NULL
"B. Post_Cross_Sell",137227,1,0,NULL,NULL
"B. Post_Cross_Sell",137229,0,0,NULL,NULL
"B. Post_Cross_Sell",137231,1,0,NULL,NULL
"B. Post_Cross_Sell",137235,1,1,1,49.99
"B. Post_Cross_Sell",137237,1,1,1,49.99
"B. Post_Cross_Sell",137252,1,0,NULL,NULL
"B. Post_Cross_Sell",137258,1,0,NULL,NULL
"B. Post_Cross_Sell",137260,1,0,NULL,NULL
"B. Post_Cross_Sell",137262,0,0,NULL,NULL
"B. Post_Cross_Sell",137265,0,0,NULL,NULL
"B. Post_Cross_Sell",137269,0,0,NULL,NULL
"B. Post_Cross_Sell",137274,0,0,NULL,NULL
"B. Post_Cross_Sell",137279,1,0,NULL,NULL
"B. Post_Cross_Sell",137280,1,0,NULL,NULL
"B. Post_Cross_Sell",137283,1,1,1,49.99
"B. Post_Cross_Sell",137289,0,0,NULL,NULL
"B. Post_Cross_Sell",137297,1,1,1,49.99
"B. Post_Cross_Sell",137305,0,0,NULL,NULL
"B. Post_Cross_Sell",137313,1,0,NULL,NULL
"B. Post_Cross_Sell",137320,1,1,1,59.99
"B. Post_Cross_Sell",137322,1,1,2,109.98
"B. Post_Cross_Sell",137323,1,1,1,49.99
"B. Post_Cross_Sell",137325,0,0,NULL,NULL
"B. Post_Cross_Sell",137330,1,1,1,59.99
"B. Post_Cross_Sell",137338,0,0,NULL,NULL
"B. Post_Cross_Sell",137340,1,0,NULL,NULL
"B. Post_Cross_Sell",137343,0,0,NULL,NULL
"B. Post_Cross_Sell",137348,0,0,NULL,NULL
"B. Post_Cross_Sell",137359,1,1,2,109.98
"B. Post_Cross_Sell",137366,1,1,1,49.99
"B. Post_Cross_Sell",137368,1,0,NULL,NULL
"B. Post_Cross_Sell",137380,1,1,1,49.99
"B. Post_Cross_Sell",137381,1,0,NULL,NULL
"B. Post_Cross_Sell",137383,0,0,NULL,NULL
"B. Post_Cross_Sell",137384,0,0,NULL,NULL
"B. Post_Cross_Sell",137399,0,0,NULL,NULL
"B. Post_Cross_Sell",137401,1,0,NULL,NULL
"B. Post_Cross_Sell",137403,1,1,1,59.99
"B. Post_Cross_Sell",137410,1,1,1,49.99
"B. Post_Cross_Sell",137416,1,0,NULL,NULL
"B. Post_Cross_Sell",137419,0,0,NULL,NULL
"B. Post_Cross_Sell",137423,1,0,NULL,NULL
"B. Post_Cross_Sell",137425,0,0,NULL,NULL
"B. Post_Cross_Sell",137428,1,0,NULL,NULL
"B. Post_Cross_Sell",137430,0,0,NULL,NULL
"B. Post_Cross_Sell",137432,0,0,NULL,NULL
"B. Post_Cross_Sell",137456,0,0,NULL,NULL
"B. Post_Cross_Sell",137457,1,1,2,109.98
"B. Post_Cross_Sell",137463,1,1,1,49.99
"B. Post_Cross_Sell",137464,0,0,NULL,NULL
"B. Post_Cross_Sell",137468,0,0,NULL,NULL
"B. Post_Cross_Sell",137470,0,0,NULL,NULL
"B. Post_Cross_Sell",137474,1,0,NULL,NULL
"B. Post_Cross_Sell",137475,1,0,NULL,NULL
"B. Post_Cross_Sell",137495,1,1,1,59.99
"B. Post_Cross_Sell",137498,1,0,NULL,NULL
"B. Post_Cross_Sell",137513,1,1,1,49.99
"B. Post_Cross_Sell",137516,0,0,NULL,NULL
"B. Post_Cross_Sell",137530,1,1,1,49.99
"B. Post_Cross_Sell",137539,1,0,NULL,NULL
"B. Post_Cross_Sell",137541,0,0,NULL,NULL
"B. Post_Cross_Sell",137543,1,0,NULL,NULL
"B. Post_Cross_Sell",137548,0,0,NULL,NULL
"B. Post_Cross_Sell",137552,1,1,1,49.99
"B. Post_Cross_Sell",137553,1,1,1,49.99
"B. Post_Cross_Sell",137554,1,0,NULL,NULL
"B. Post_Cross_Sell",137566,1,1,1,59.99
"B. Post_Cross_Sell",137572,0,0,NULL,NULL
"B. Post_Cross_Sell",137578,1,1,1,59.99
"B. Post_Cross_Sell",137579,0,0,NULL,NULL
"B. Post_Cross_Sell",137584,1,0,NULL,NULL
"B. Post_Cross_Sell",137586,1,0,NULL,NULL
"B. Post_Cross_Sell",137590,1,0,NULL,NULL
"B. Post_Cross_Sell",137593,0,0,NULL,NULL
"B. Post_Cross_Sell",137606,1,1,1,49.99
"B. Post_Cross_Sell",137609,1,0,NULL,NULL
"B. Post_Cross_Sell",137617,1,1,1,59.99
"B. Post_Cross_Sell",137628,1,1,1,49.99
"B. Post_Cross_Sell",137653,1,0,NULL,NULL
"B. Post_Cross_Sell",137658,1,0,NULL,NULL
"B. Post_Cross_Sell",137661,1,0,NULL,NULL
"B. Post_Cross_Sell",137662,1,0,NULL,NULL
"B. Post_Cross_Sell",137666,0,0,NULL,NULL
"B. Post_Cross_Sell",137667,1,1,1,49.99
"B. Post_Cross_Sell",137671,1,1,1,59.99
"B. Post_Cross_Sell",137681,1,0,NULL,NULL
"B. Post_Cross_Sell",137692,1,0,NULL,NULL
"B. Post_Cross_Sell",137697,0,0,NULL,NULL
"B. Post_Cross_Sell",137701,1,0,NULL,NULL
"B. Post_Cross_Sell",137705,0,0,NULL,NULL
"B. Post_Cross_Sell",137713,0,0,NULL,NULL
"B. Post_Cross_Sell",137717,0,0,NULL,NULL
"B. Post_Cross_Sell",137722,0,0,NULL,NULL
"B. Post_Cross_Sell",137723,0,0,NULL,NULL
"B. Post_Cross_Sell",137731,0,0,NULL,NULL
"B. Post_Cross_Sell",137733,1,0,NULL,NULL
"B. Post_Cross_Sell",137738,1,0,NULL,NULL
"B. Post_Cross_Sell",137744,1,1,1,49.99
"B. Post_Cross_Sell",137746,1,1,1,59.99
"B. Post_Cross_Sell",137753,0,0,NULL,NULL
"B. Post_Cross_Sell",137766,1,1,1,59.99
"B. Post_Cross_Sell",137770,0,0,NULL,NULL
"B. Post_Cross_Sell",137777,1,0,NULL,NULL
"B. Post_Cross_Sell",137785,1,0,NULL,NULL
"B. Post_Cross_Sell",137790,0,0,NULL,NULL
"B. Post_Cross_Sell",137791,1,0,NULL,NULL
"B. Post_Cross_Sell",137794,1,1,1,49.99
"B. Post_Cross_Sell",137800,1,0,NULL,NULL
"B. Post_Cross_Sell",137815,1,0,NULL,NULL
"B. Post_Cross_Sell",137819,1,0,NULL,NULL
"B. Post_Cross_Sell",137824,1,1,1,49.99
"B. Post_Cross_Sell",137840,1,0,NULL,NULL
"B. Post_Cross_Sell",137843,1,1,1,49.99
"B. Post_Cross_Sell",137846,0,0,NULL,NULL
"B. Post_Cross_Sell",137850,1,1,1,49.99
"B. Post_Cross_Sell",137853,0,0,NULL,NULL
"B. Post_Cross_Sell",137855,1,1,1,59.99
"B. Post_Cross_Sell",137857,1,1,1,59.99
"B. Post_Cross_Sell",137861,0,0,NULL,NULL
"B. Post_Cross_Sell",137866,1,1,1,49.99
"B. Post_Cross_Sell",137871,1,1,1,49.99
"B. Post_Cross_Sell",137874,0,0,NULL,NULL
"B. Post_Cross_Sell",137875,1,0,NULL,NULL
"B. Post_Cross_Sell",137879,1,1,1,49.99
"B. Post_Cross_Sell",137896,1,1,1,59.99
"B. Post_Cross_Sell",137915,1,1,1,49.99
"B. Post_Cross_Sell",137919,0,0,NULL,NULL
"B. Post_Cross_Sell",137921,0,0,NULL,NULL
"B. Post_Cross_Sell",137922,1,0,NULL,NULL
"B. Post_Cross_Sell",137924,1,0,NULL,NULL
"B. Post_Cross_Sell",137925,1,0,NULL,NULL
"B. Post_Cross_Sell",137949,0,0,NULL,NULL
"B. Post_Cross_Sell",137955,1,1,1,49.99
"B. Post_Cross_Sell",137957,1,1,1,49.99
"B. Post_Cross_Sell",137959,0,0,NULL,NULL
"B. Post_Cross_Sell",137970,1,0,NULL,NULL
"B. Post_Cross_Sell",137974,1,0,NULL,NULL
"B. Post_Cross_Sell",137996,0,0,NULL,NULL
"B. Post_Cross_Sell",137997,1,0,NULL,NULL
"B. Post_Cross_Sell",138012,1,0,NULL,NULL
"B. Post_Cross_Sell",138013,0,0,NULL,NULL
"B. Post_Cross_Sell",138020,0,0,NULL,NULL
"B. Post_Cross_Sell",138030,1,0,NULL,NULL
"B. Post_Cross_Sell",138034,1,0,NULL,NULL
"B. Post_Cross_Sell",138035,1,1,1,49.99
"B. Post_Cross_Sell",138036,0,0,NULL,NULL
"B. Post_Cross_Sell",138037,1,1,1,49.99
"B. Post_Cross_Sell",138039,1,0,NULL,NULL
"B. Post_Cross_Sell",138040,1,0,NULL,NULL
"B. Post_Cross_Sell",138047,1,0,NULL,NULL
"B. Post_Cross_Sell",138052,0,0,NULL,NULL
"B. Post_Cross_Sell",138054,1,1,1,49.99
"B. Post_Cross_Sell",138077,1,0,NULL,NULL
"B. Post_Cross_Sell",138079,1,1,1,49.99
"B. Post_Cross_Sell",138082,1,1,1,49.99
"B. Post_Cross_Sell",138098,1,0,NULL,NULL
"B. Post_Cross_Sell",138103,1,0,NULL,NULL
"B. Post_Cross_Sell",138111,1,1,1,59.99
"B. Post_Cross_Sell",138114,0,0,NULL,NULL
"B. Post_Cross_Sell",138115,1,1,1,49.99
"B. Post_Cross_Sell",138122,1,0,NULL,NULL
"B. Post_Cross_Sell",138130,1,0,NULL,NULL
"B. Post_Cross_Sell",138137,1,0,NULL,NULL
"B. Post_Cross_Sell",138138,0,0,NULL,NULL
"B. Post_Cross_Sell",138141,1,1,1,49.99
"B. Post_Cross_Sell",138143,1,1,1,49.99
"B. Post_Cross_Sell",138144,1,1,1,49.99
"B. Post_Cross_Sell",138145,1,1,1,49.99
"B. Post_Cross_Sell",138152,1,1,1,49.99
"B. Post_Cross_Sell",138153,1,0,NULL,NULL
"B. Post_Cross_Sell",138157,1,0,NULL,NULL
"B. Post_Cross_Sell",138170,1,0,NULL,NULL
"B. Post_Cross_Sell",138178,1,0,NULL,NULL
"B. Post_Cross_Sell",138179,0,0,NULL,NULL
"B. Post_Cross_Sell",138180,1,1,1,49.99
"B. Post_Cross_Sell",138185,1,1,1,49.99
"B. Post_Cross_Sell",138195,1,0,NULL,NULL
"B. Post_Cross_Sell",138202,0,0,NULL,NULL
"B. Post_Cross_Sell",138207,1,0,NULL,NULL
"B. Post_Cross_Sell",138209,1,0,NULL,NULL
"B. Post_Cross_Sell",138212,1,0,NULL,NULL
"B. Post_Cross_Sell",138225,0,0,NULL,NULL
"B. Post_Cross_Sell",138227,1,1,1,49.99
"B. Post_Cross_Sell",138228,0,0,NULL,NULL
"B. Post_Cross_Sell",138234,1,0,NULL,NULL
"B. Post_Cross_Sell",138241,1,0,NULL,NULL
"B. Post_Cross_Sell",138246,1,1,1,49.99
"B. Post_Cross_Sell",138247,0,0,NULL,NULL
"B. Post_Cross_Sell",138264,1,1,1,59.99
"B. Post_Cross_Sell",138267,0,0,NULL,NULL
"B. Post_Cross_Sell",138274,0,0,NULL,NULL
"B. Post_Cross_Sell",138278,1,0,NULL,NULL
"B. Post_Cross_Sell",138279,1,0,NULL,NULL
"B. Post_Cross_Sell",138282,0,0,NULL,NULL
"B. Post_Cross_Sell",138289,1,1,1,49.99
"B. Post_Cross_Sell",138298,0,0,NULL,NULL
"B. Post_Cross_Sell",138299,0,0,NULL,NULL
"B. Post_Cross_Sell",138300,0,0,NULL,NULL
"B. Post_Cross_Sell",138301,0,0,NULL,NULL
"B. Post_Cross_Sell",138302,0,0,NULL,NULL
"B. Post_Cross_Sell",138309,1,0,NULL,NULL
"B. Post_Cross_Sell",138311,1,1,1,59.99
"B. Post_Cross_Sell",138314,1,1,1,49.99
"B. Post_Cross_Sell",138316,1,0,NULL,NULL
"B. Post_Cross_Sell",138319,1,0,NULL,NULL
"B. Post_Cross_Sell",138329,0,0,NULL,NULL
"B. Post_Cross_Sell",138336,1,0,NULL,NULL
"B. Post_Cross_Sell",138337,0,0,NULL,NULL
"B. Post_Cross_Sell",138339,1,1,1,49.99
"B. Post_Cross_Sell",138347,1,1,1,49.99
"B. Post_Cross_Sell",138359,1,1,1,49.99
"B. Post_Cross_Sell",138361,0,0,NULL,NULL
"B. Post_Cross_Sell",138369,1,1,1,59.99
"B. Post_Cross_Sell",138372,1,0,NULL,NULL
"B. Post_Cross_Sell",138375,1,0,NULL,NULL
"B. Post_Cross_Sell",138378,1,0,NULL,NULL
"B. Post_Cross_Sell",138379,1,1,1,59.99
"B. Post_Cross_Sell",138380,1,0,NULL,NULL
"B. Post_Cross_Sell",138386,1,1,1,49.99
"B. Post_Cross_Sell",138393,0,0,NULL,NULL
"B. Post_Cross_Sell",138398,1,0,NULL,NULL
"B. Post_Cross_Sell",138400,1,1,1,49.99
"B. Post_Cross_Sell",138407,1,1,1,49.99
"B. Post_Cross_Sell",138413,0,0,NULL,NULL
"B. Post_Cross_Sell",138415,1,0,NULL,NULL
"B. Post_Cross_Sell",138417,1,1,1,49.99
"B. Post_Cross_Sell",138420,1,0,NULL,NULL
"B. Post_Cross_Sell",138424,1,1,1,49.99
"B. Post_Cross_Sell",138425,1,0,NULL,NULL
"B. Post_Cross_Sell",138431,1,0,NULL,NULL
"B. Post_Cross_Sell",138438,1,0,NULL,NULL
"B. Post_Cross_Sell",138442,0,0,NULL,NULL
"B. Post_Cross_Sell",138451,0,0,NULL,NULL
"B. Post_Cross_Sell",138453,1,1,1,49.99
"B. Post_Cross_Sell",138456,0,0,NULL,NULL
"B. Post_Cross_Sell",138458,1,1,1,59.99
"B. Post_Cross_Sell",138461,1,1,1,49.99
"B. Post_Cross_Sell",138468,1,1,1,49.99
"B. Post_Cross_Sell",138469,0,0,NULL,NULL
"B. Post_Cross_Sell",138512,0,0,NULL,NULL
"B. Post_Cross_Sell",138513,1,1,1,49.99
"B. Post_Cross_Sell",138514,1,0,NULL,NULL
"B. Post_Cross_Sell",138515,1,0,NULL,NULL
"B. Post_Cross_Sell",138516,1,1,1,49.99
"B. Post_Cross_Sell",138519,1,0,NULL,NULL
"B. Post_Cross_Sell",138523,1,1,1,49.99
"B. Post_Cross_Sell",138528,1,0,NULL,NULL
"B. Post_Cross_Sell",138529,1,1,1,49.99
"B. Post_Cross_Sell",138534,1,0,NULL,NULL
"B. Post_Cross_Sell",138542,1,1,1,49.99
"B. Post_Cross_Sell",138553,1,0,NULL,NULL
"B. Post_Cross_Sell",138558,1,1,1,49.99
"B. Post_Cross_Sell",138559,1,1,1,49.99
"B. Post_Cross_Sell",138567,1,1,1,49.99
"B. Post_Cross_Sell",138574,0,0,NULL,NULL
"B. Post_Cross_Sell",138575,1,1,1,49.99
"B. Post_Cross_Sell",138584,1,1,1,49.99
"B. Post_Cross_Sell",138588,1,0,NULL,NULL
"B. Post_Cross_Sell",138589,1,1,1,49.99
"B. Post_Cross_Sell",138593,0,0,NULL,NULL
"B. Post_Cross_Sell",138599,0,0,NULL,NULL
"B. Post_Cross_Sell",138602,0,0,NULL,NULL
"B. Post_Cross_Sell",138609,1,0,NULL,NULL
"B. Post_Cross_Sell",138613,1,0,NULL,NULL
"B. Post_Cross_Sell",138614,1,0,NULL,NULL
"B. Post_Cross_Sell",138618,1,0,NULL,NULL
"B. Post_Cross_Sell",138620,0,0,NULL,NULL
"B. Post_Cross_Sell",138631,0,0,NULL,NULL
"B. Post_Cross_Sell",138632,1,1,1,49.99
"B. Post_Cross_Sell",138635,0,0,NULL,NULL
"B. Post_Cross_Sell",138642,1,1,1,49.99
"B. Post_Cross_Sell",138644,1,0,NULL,NULL
"B. Post_Cross_Sell",138654,1,0,NULL,NULL
"B. Post_Cross_Sell",138657,1,1,1,49.99
"B. Post_Cross_Sell",138665,0,0,NULL,NULL
"B. Post_Cross_Sell",138673,1,1,1,49.99
"B. Post_Cross_Sell",138678,1,0,NULL,NULL
"B. Post_Cross_Sell",138680,0,0,NULL,NULL
"B. Post_Cross_Sell",138685,0,0,NULL,NULL
"B. Post_Cross_Sell",138689,1,0,NULL,NULL
"B. Post_Cross_Sell",138690,1,1,1,49.99
"B. Post_Cross_Sell",138704,1,1,1,49.99
"B. Post_Cross_Sell",138707,0,0,NULL,NULL
"B. Post_Cross_Sell",138709,1,0,NULL,NULL
"B. Post_Cross_Sell",138719,1,0,NULL,NULL
"B. Post_Cross_Sell",138727,1,0,NULL,NULL
"B. Post_Cross_Sell",138729,1,0,NULL,NULL
"B. Post_Cross_Sell",138730,1,1,2,109.98
"B. Post_Cross_Sell",138734,1,0,NULL,NULL
"B. Post_Cross_Sell",138745,0,0,NULL,NULL
"B. Post_Cross_Sell",138749,1,1,1,49.99
"B. Post_Cross_Sell",138751,1,0,NULL,NULL
"B. Post_Cross_Sell",138754,1,0,NULL,NULL
"B. Post_Cross_Sell",138757,1,0,NULL,NULL
"B. Post_Cross_Sell",138761,0,0,NULL,NULL
"B. Post_Cross_Sell",138774,0,0,NULL,NULL
"B. Post_Cross_Sell",138782,1,1,1,49.99
"B. Post_Cross_Sell",138783,1,1,1,49.99
"B. Post_Cross_Sell",138787,1,1,1,49.99
"B. Post_Cross_Sell",138790,1,1,1,49.99
"B. Post_Cross_Sell",138797,0,0,NULL,NULL
"B. Post_Cross_Sell",138799,1,0,NULL,NULL
"B. Post_Cross_Sell",138801,1,0,NULL,NULL
"B. Post_Cross_Sell",138804,1,1,1,49.99
"B. Post_Cross_Sell",138809,0,0,NULL,NULL
"B. Post_Cross_Sell",138811,1,0,NULL,NULL
"B. Post_Cross_Sell",138812,1,1,1,49.99
"B. Post_Cross_Sell",138813,1,1,1,49.99
"B. Post_Cross_Sell",138827,1,1,1,49.99
"B. Post_Cross_Sell",138838,1,1,1,49.99
"B. Post_Cross_Sell",138839,1,1,1,49.99
"B. Post_Cross_Sell",138840,1,0,NULL,NULL
"B. Post_Cross_Sell",138846,1,1,1,49.99
"B. Post_Cross_Sell",138853,0,0,NULL,NULL
"B. Post_Cross_Sell",138857,1,0,NULL,NULL
"B. Post_Cross_Sell",138871,1,1,1,49.99
"B. Post_Cross_Sell",138876,1,1,1,49.99
"B. Post_Cross_Sell",138877,1,1,1,49.99
"B. Post_Cross_Sell",138878,1,0,NULL,NULL
"B. Post_Cross_Sell",138897,1,1,2,109.98
"B. Post_Cross_Sell",138904,1,1,1,59.99
"B. Post_Cross_Sell",138906,1,0,NULL,NULL
"B. Post_Cross_Sell",138911,1,0,NULL,NULL
"B. Post_Cross_Sell",138920,1,1,1,59.99
"B. Post_Cross_Sell",138921,1,0,NULL,NULL
"B. Post_Cross_Sell",138923,1,1,1,59.99
"B. Post_Cross_Sell",138924,1,1,1,49.99
"B. Post_Cross_Sell",138928,0,0,NULL,NULL
"B. Post_Cross_Sell",138935,1,1,1,49.99
"B. Post_Cross_Sell",138939,1,0,NULL,NULL
"B. Post_Cross_Sell",138944,0,0,NULL,NULL
"B. Post_Cross_Sell",138952,1,1,1,49.99
"B. Post_Cross_Sell",138959,0,0,NULL,NULL
"B. Post_Cross_Sell",138961,1,0,NULL,NULL
"B. Post_Cross_Sell",138962,0,0,NULL,NULL
"B. Post_Cross_Sell",138970,1,1,1,49.99
"B. Post_Cross_Sell",138971,1,0,NULL,NULL
"B. Post_Cross_Sell",138972,1,0,NULL,NULL
"B. Post_Cross_Sell",138986,0,0,NULL,NULL
"B. Post_Cross_Sell",138989,1,0,NULL,NULL
"B. Post_Cross_Sell",138994,1,0,NULL,NULL
"B. Post_Cross_Sell",139000,0,0,NULL,NULL
"B. Post_Cross_Sell",139001,1,1,1,49.99
"B. Post_Cross_Sell",139005,1,1,1,59.99
"B. Post_Cross_Sell",139007,1,0,NULL,NULL
"B. Post_Cross_Sell",139011,0,0,NULL,NULL
"B. Post_Cross_Sell",139015,1,0,NULL,NULL
"B. Post_Cross_Sell",139026,1,0,NULL,NULL
"B. Post_Cross_Sell",139033,0,0,NULL,NULL
"B. Post_Cross_Sell",139049,1,1,1,49.99
"B. Post_Cross_Sell",139059,1,1,1,49.99
"B. Post_Cross_Sell",139062,0,0,NULL,NULL
"B. Post_Cross_Sell",139066,1,1,1,49.99
"B. Post_Cross_Sell",139074,0,0,NULL,NULL
"B. Post_Cross_Sell",139083,1,0,NULL,NULL
"B. Post_Cross_Sell",139092,1,1,1,49.99
"B. Post_Cross_Sell",139094,1,1,1,49.99
"B. Post_Cross_Sell",139104,1,0,NULL,NULL
"B. Post_Cross_Sell",139105,1,0,NULL,NULL
"B. Post_Cross_Sell",139106,1,1,1,49.99
"B. Post_Cross_Sell",139109,0,0,NULL,NULL
"B. Post_Cross_Sell",139116,1,1,1,49.99
"B. Post_Cross_Sell",139120,0,0,NULL,NULL
"B. Post_Cross_Sell",139122,1,1,1,49.99
"B. Post_Cross_Sell",139127,1,1,2,109.98
"B. Post_Cross_Sell",139134,1,0,NULL,NULL
"B. Post_Cross_Sell",139139,1,0,NULL,NULL
"B. Post_Cross_Sell",139142,0,0,NULL,NULL
"B. Post_Cross_Sell",139145,1,1,1,49.99
"B. Post_Cross_Sell",139148,1,0,NULL,NULL
"B. Post_Cross_Sell",139150,0,0,NULL,NULL
"B. Post_Cross_Sell",139152,1,1,1,49.99
"B. Post_Cross_Sell",139157,1,1,1,49.99
"B. Post_Cross_Sell",139165,0,0,NULL,NULL
"B. Post_Cross_Sell",139169,1,1,1,49.99
"B. Post_Cross_Sell",139188,1,0,NULL,NULL
"B. Post_Cross_Sell",139204,0,0,NULL,NULL
"B. Post_Cross_Sell",139211,1,0,NULL,NULL
"B. Post_Cross_Sell",139214,0,0,NULL,NULL
"B. Post_Cross_Sell",139216,1,0,NULL,NULL
"B. Post_Cross_Sell",139218,1,1,1,49.99
"B. Post_Cross_Sell",139231,1,1,1,49.99
"B. Post_Cross_Sell",139236,0,0,NULL,NULL
"B. Post_Cross_Sell",139245,0,0,NULL,NULL
"B. Post_Cross_Sell",139249,1,1,1,49.99
"B. Post_Cross_Sell",139251,0,0,NULL,NULL
"B. Post_Cross_Sell",139255,0,0,NULL,NULL
"B. Post_Cross_Sell",139258,1,1,1,59.99
"B. Post_Cross_Sell",139276,1,0,NULL,NULL
"B. Post_Cross_Sell",139283,1,0,NULL,NULL
"B. Post_Cross_Sell",139285,0,0,NULL,NULL
"B. Post_Cross_Sell",139288,0,0,NULL,NULL
"B. Post_Cross_Sell",139302,1,1,1,49.99
"B. Post_Cross_Sell",139308,1,0,NULL,NULL
"B. Post_Cross_Sell",139312,1,1,1,49.99
"B. Post_Cross_Sell",139313,1,1,1,49.99
"B. Post_Cross_Sell",139317,1,1,1,49.99
"B. Post_Cross_Sell",139319,0,0,NULL,NULL
"B. Post_Cross_Sell",139325,1,0,NULL,NULL
"B. Post_Cross_Sell",139336,1,1,1,49.99
"B. Post_Cross_Sell",139339,1,0,NULL,NULL
"B. Post_Cross_Sell",139353,1,0,NULL,NULL
"B. Post_Cross_Sell",139367,1,0,NULL,NULL
"B. Post_Cross_Sell",139372,0,0,NULL,NULL
"B. Post_Cross_Sell",139378,1,1,1,59.99
"B. Post_Cross_Sell",139379,1,1,1,59.99
"B. Post_Cross_Sell",139380,1,1,1,49.99
"B. Post_Cross_Sell",139382,1,0,NULL,NULL
"B. Post_Cross_Sell",139384,1,1,1,49.99
"B. Post_Cross_Sell",139396,1,0,NULL,NULL
"B. Post_Cross_Sell",139402,1,0,NULL,NULL
"B. Post_Cross_Sell",139410,1,0,NULL,NULL
"B. Post_Cross_Sell",139426,0,0,NULL,NULL
"B. Post_Cross_Sell",139429,1,0,NULL,NULL
"B. Post_Cross_Sell",139430,1,1,1,49.99
"B. Post_Cross_Sell",139431,0,0,NULL,NULL
"B. Post_Cross_Sell",139436,1,0,NULL,NULL
"B. Post_Cross_Sell",139448,0,0,NULL,NULL
"B. Post_Cross_Sell",139452,1,0,NULL,NULL
"B. Post_Cross_Sell",139461,1,1,1,49.99
"B. Post_Cross_Sell",139470,1,0,NULL,NULL
"B. Post_Cross_Sell",139472,1,1,1,49.99
"B. Post_Cross_Sell",139479,0,0,NULL,NULL
"B. Post_Cross_Sell",139487,1,1,1,49.99
"B. Post_Cross_Sell",139498,0,0,NULL,NULL
"B. Post_Cross_Sell",139500,1,0,NULL,NULL
"B. Post_Cross_Sell",139501,0,0,NULL,NULL
"B. Post_Cross_Sell",139503,1,0,NULL,NULL
"B. Post_Cross_Sell",139508,1,0,NULL,NULL
"B. Post_Cross_Sell",139521,1,0,NULL,NULL
"B. Post_Cross_Sell",139527,1,1,1,49.99
"B. Post_Cross_Sell",139530,1,1,1,49.99
"B. Post_Cross_Sell",139532,0,0,NULL,NULL
"B. Post_Cross_Sell",139534,1,0,NULL,NULL
"B. Post_Cross_Sell",139540,1,1,2,109.98
"B. Post_Cross_Sell",139545,0,0,NULL,NULL
"B. Post_Cross_Sell",139546,0,0,NULL,NULL
"B. Post_Cross_Sell",139556,1,0,NULL,NULL
"B. Post_Cross_Sell",139557,1,0,NULL,NULL
"B. Post_Cross_Sell",139560,1,1,1,49.99
"B. Post_Cross_Sell",139562,1,0,NULL,NULL
"B. Post_Cross_Sell",139563,1,0,NULL,NULL
"B. Post_Cross_Sell",139565,0,0,NULL,NULL
"B. Post_Cross_Sell",139568,1,1,1,49.99
"B. Post_Cross_Sell",139573,1,1,1,49.99
"B. Post_Cross_Sell",139574,1,0,NULL,NULL
"B. Post_Cross_Sell",139581,1,1,1,49.99
"B. Post_Cross_Sell",139584,1,0,NULL,NULL
"B. Post_Cross_Sell",139585,1,0,NULL,NULL
"B. Post_Cross_Sell",139587,1,0,NULL,NULL
"B. Post_Cross_Sell",139611,1,1,1,49.99
"B. Post_Cross_Sell",139615,1,1,1,59.99
"B. Post_Cross_Sell",139622,1,0,NULL,NULL
"B. Post_Cross_Sell",139627,0,0,NULL,NULL
"B. Post_Cross_Sell",139632,1,1,1,59.99
"B. Post_Cross_Sell",139633,1,0,NULL,NULL
"B. Post_Cross_Sell",139636,1,0,NULL,NULL
"B. Post_Cross_Sell",139638,0,0,NULL,NULL
"B. Post_Cross_Sell",139645,1,0,NULL,NULL
"B. Post_Cross_Sell",139650,1,1,1,49.99
"B. Post_Cross_Sell",139664,0,0,NULL,NULL
"B. Post_Cross_Sell",139669,1,0,NULL,NULL
"B. Post_Cross_Sell",139673,1,1,1,49.99
"B. Post_Cross_Sell",139679,1,1,1,49.99
"B. Post_Cross_Sell",139681,1,1,1,49.99
"B. Post_Cross_Sell",139689,0,0,NULL,NULL
"B. Post_Cross_Sell",139705,1,0,NULL,NULL
"B. Post_Cross_Sell",139706,0,0,NULL,NULL
"B. Post_Cross_Sell",139709,0,0,NULL,NULL
"B. Post_Cross_Sell",139717,1,1,1,49.99
"B. Post_Cross_Sell",139723,1,0,NULL,NULL
"B. Post_Cross_Sell",139726,1,0,NULL,NULL
"B. Post_Cross_Sell",139729,1,0,NULL,NULL
"B. Post_Cross_Sell",139732,0,0,NULL,NULL
"B. Post_Cross_Sell",139735,1,1,1,49.99
"B. Post_Cross_Sell",139737,0,0,NULL,NULL
"B. Post_Cross_Sell",139743,0,0,NULL,NULL
"B. Post_Cross_Sell",139747,1,0,NULL,NULL
"B. Post_Cross_Sell",139763,1,1,1,49.99
"B. Post_Cross_Sell",139770,1,1,1,49.99
"B. Post_Cross_Sell",139771,1,0,NULL,NULL
"B. Post_Cross_Sell",139774,1,0,NULL,NULL
"B. Post_Cross_Sell",139775,1,1,1,49.99
"B. Post_Cross_Sell",139794,0,0,NULL,NULL
"B. Post_Cross_Sell",139797,1,1,1,49.99
"B. Post_Cross_Sell",139798,1,0,NULL,NULL
"B. Post_Cross_Sell",139811,1,0,NULL,NULL
"B. Post_Cross_Sell",139815,1,0,NULL,NULL
"B. Post_Cross_Sell",139817,1,1,1,59.99
"B. Post_Cross_Sell",139820,1,0,NULL,NULL
"B. Post_Cross_Sell",139821,0,0,NULL,NULL
"B. Post_Cross_Sell",139829,1,0,NULL,NULL
"B. Post_Cross_Sell",139830,0,0,NULL,NULL
"B. Post_Cross_Sell",139836,1,1,1,49.99
"B. Post_Cross_Sell",139839,0,0,NULL,NULL
"B. Post_Cross_Sell",139847,0,0,NULL,NULL
"B. Post_Cross_Sell",139849,1,1,1,49.99
"B. Post_Cross_Sell",139862,1,1,1,49.99
"B. Post_Cross_Sell",139876,1,0,NULL,NULL
"B. Post_Cross_Sell",139881,0,0,NULL,NULL
"B. Post_Cross_Sell",139886,1,1,1,49.99
"B. Post_Cross_Sell",139890,1,0,NULL,NULL
"B. Post_Cross_Sell",139896,1,1,1,49.99
"B. Post_Cross_Sell",139897,1,1,1,49.99
"B. Post_Cross_Sell",139900,1,0,NULL,NULL
"B. Post_Cross_Sell",139906,1,0,NULL,NULL
"B. Post_Cross_Sell",139923,1,1,1,49.99
"B. Post_Cross_Sell",139931,0,0,NULL,NULL
"B. Post_Cross_Sell",139935,0,0,NULL,NULL
"B. Post_Cross_Sell",139938,0,0,NULL,NULL
"B. Post_Cross_Sell",139939,1,1,1,49.99
"B. Post_Cross_Sell",139945,1,1,1,49.99
"B. Post_Cross_Sell",139946,0,0,NULL,NULL
"B. Post_Cross_Sell",139952,0,0,NULL,NULL
"B. Post_Cross_Sell",139957,0,0,NULL,NULL
"B. Post_Cross_Sell",139960,1,0,NULL,NULL
"B. Post_Cross_Sell",139961,1,0,NULL,NULL
"B. Post_Cross_Sell",139963,1,0,NULL,NULL
"B. Post_Cross_Sell",139966,1,1,1,49.99
"B. Post_Cross_Sell",139968,1,0,NULL,NULL
"B. Post_Cross_Sell",139974,1,0,NULL,NULL
"B. Post_Cross_Sell",139975,0,0,NULL,NULL
"B. Post_Cross_Sell",139978,1,1,1,49.99
"B. Post_Cross_Sell",139983,0,0,NULL,NULL
"B. Post_Cross_Sell",139988,1,0,NULL,NULL
"B. Post_Cross_Sell",139993,0,0,NULL,NULL
"B. Post_Cross_Sell",139995,1,1,1,49.99
"B. Post_Cross_Sell",139996,0,0,NULL,NULL
"B. Post_Cross_Sell",140001,0,0,NULL,NULL
"B. Post_Cross_Sell",140013,0,0,NULL,NULL
"B. Post_Cross_Sell",140018,0,0,NULL,NULL
"B. Post_Cross_Sell",140020,1,1,1,49.99
"B. Post_Cross_Sell",140025,0,0,NULL,NULL
"B. Post_Cross_Sell",140033,1,1,1,49.99
"B. Post_Cross_Sell",140036,1,1,1,49.99
"B. Post_Cross_Sell",140041,0,0,NULL,NULL
"B. Post_Cross_Sell",140047,0,0,NULL,NULL
"B. Post_Cross_Sell",140059,1,0,NULL,NULL
"B. Post_Cross_Sell",140067,1,0,NULL,NULL
"B. Post_Cross_Sell",140072,0,0,NULL,NULL
"B. Post_Cross_Sell",140077,0,0,NULL,NULL
"B. Post_Cross_Sell",140078,1,0,NULL,NULL
"B. Post_Cross_Sell",140079,1,1,1,49.99
"B. Post_Cross_Sell",140083,0,0,NULL,NULL
"B. Post_Cross_Sell",140084,1,1,1,49.99
"B. Post_Cross_Sell",140087,1,0,NULL,NULL
"B. Post_Cross_Sell",140093,1,1,1,49.99
"B. Post_Cross_Sell",140096,0,0,NULL,NULL
"B. Post_Cross_Sell",140101,1,0,NULL,NULL
"B. Post_Cross_Sell",140109,1,0,NULL,NULL
"B. Post_Cross_Sell",140111,1,0,NULL,NULL
"B. Post_Cross_Sell",140117,1,0,NULL,NULL
"B. Post_Cross_Sell",140120,1,0,NULL,NULL
"B. Post_Cross_Sell",140121,1,0,NULL,NULL
"B. Post_Cross_Sell",140123,0,0,NULL,NULL
"B. Post_Cross_Sell",140124,0,0,NULL,NULL
"B. Post_Cross_Sell",140133,0,0,NULL,NULL
"B. Post_Cross_Sell",140141,1,1,1,49.99
"B. Post_Cross_Sell",140146,1,1,1,49.99
"B. Post_Cross_Sell",140149,1,0,NULL,NULL
"B. Post_Cross_Sell",140173,0,0,NULL,NULL
"B. Post_Cross_Sell",140174,1,1,1,49.99
"B. Post_Cross_Sell",140187,1,0,NULL,NULL
"B. Post_Cross_Sell",140192,1,1,2,109.98
"B. Post_Cross_Sell",140194,0,0,NULL,NULL
"B. Post_Cross_Sell",140195,1,1,1,49.99
"B. Post_Cross_Sell",140203,0,0,NULL,NULL
"B. Post_Cross_Sell",140205,1,1,1,49.99
"B. Post_Cross_Sell",140206,1,1,1,49.99
"B. Post_Cross_Sell",140212,1,0,NULL,NULL
"B. Post_Cross_Sell",140214,1,1,1,59.99
"B. Post_Cross_Sell",140215,1,0,NULL,NULL
"B. Post_Cross_Sell",140217,1,0,NULL,NULL
"B. Post_Cross_Sell",140225,1,0,NULL,NULL
"B. Post_Cross_Sell",140232,0,0,NULL,NULL
"B. Post_Cross_Sell",140240,1,1,1,49.99
"B. Post_Cross_Sell",140258,0,0,NULL,NULL
"B. Post_Cross_Sell",140267,1,1,1,49.99
"B. Post_Cross_Sell",140276,0,0,NULL,NULL
"B. Post_Cross_Sell",140279,1,1,1,49.99
"B. Post_Cross_Sell",140282,1,0,NULL,NULL
"B. Post_Cross_Sell",140292,1,1,1,49.99
"B. Post_Cross_Sell",140295,0,0,NULL,NULL
"B. Post_Cross_Sell",140296,0,0,NULL,NULL
"B. Post_Cross_Sell",140299,1,1,1,49.99
"B. Post_Cross_Sell",140305,1,1,1,49.99
"B. Post_Cross_Sell",140306,1,1,1,49.99
"B. Post_Cross_Sell",140310,0,0,NULL,NULL
"B. Post_Cross_Sell",140313,0,0,NULL,NULL
"B. Post_Cross_Sell",140327,1,1,1,49.99
"B. Post_Cross_Sell",140333,1,1,1,49.99
"B. Post_Cross_Sell",140337,1,0,NULL,NULL
"B. Post_Cross_Sell",140342,0,0,NULL,NULL
"B. Post_Cross_Sell",140348,1,0,NULL,NULL
"B. Post_Cross_Sell",140350,1,0,NULL,NULL
"B. Post_Cross_Sell",140351,1,0,NULL,NULL
"B. Post_Cross_Sell",140356,1,0,NULL,NULL
"B. Post_Cross_Sell",140359,1,1,1,49.99
"B. Post_Cross_Sell",140363,1,0,NULL,NULL
"B. Post_Cross_Sell",140369,1,0,NULL,NULL
"B. Post_Cross_Sell",140370,1,0,NULL,NULL
"B. Post_Cross_Sell",140371,1,0,NULL,NULL
"B. Post_Cross_Sell",140382,0,0,NULL,NULL
"B. Post_Cross_Sell",140383,0,0,NULL,NULL
"B. Post_Cross_Sell",140399,1,0,NULL,NULL
"B. Post_Cross_Sell",140407,1,1,1,49.99
"B. Post_Cross_Sell",140410,1,1,1,49.99
"B. Post_Cross_Sell",140420,1,1,1,49.99
"B. Post_Cross_Sell",140424,0,0,NULL,NULL
"B. Post_Cross_Sell",140425,1,0,NULL,NULL
"B. Post_Cross_Sell",140426,0,0,NULL,NULL
"B. Post_Cross_Sell",140428,1,0,NULL,NULL
"B. Post_Cross_Sell",140433,0,0,NULL,NULL
"B. Post_Cross_Sell",140445,1,0,NULL,NULL
"B. Post_Cross_Sell",140447,1,0,NULL,NULL
"B. Post_Cross_Sell",140454,0,0,NULL,NULL
"B. Post_Cross_Sell",140455,1,1,1,49.99
"B. Post_Cross_Sell",140457,0,0,NULL,NULL
"B. Post_Cross_Sell",140459,0,0,NULL,NULL
"B. Post_Cross_Sell",140462,1,1,1,49.99
"B. Post_Cross_Sell",140465,0,0,NULL,NULL
"B. Post_Cross_Sell",140473,1,1,1,49.99
"B. Post_Cross_Sell",140476,0,0,NULL,NULL
"B. Post_Cross_Sell",140484,1,0,NULL,NULL
"B. Post_Cross_Sell",140486,1,1,1,49.99
"B. Post_Cross_Sell",140487,0,0,NULL,NULL
"B. Post_Cross_Sell",140492,1,1,1,49.99
"B. Post_Cross_Sell",140495,0,0,NULL,NULL
"B. Post_Cross_Sell",140500,1,0,NULL,NULL
"B. Post_Cross_Sell",140505,1,1,1,49.99
"B. Post_Cross_Sell",140518,0,0,NULL,NULL
"B. Post_Cross_Sell",140520,1,0,NULL,NULL
"B. Post_Cross_Sell",140524,1,0,NULL,NULL
"B. Post_Cross_Sell",140530,1,1,1,49.99
"B. Post_Cross_Sell",140535,1,1,1,49.99
"B. Post_Cross_Sell",140536,1,1,1,49.99
"B. Post_Cross_Sell",140546,1,1,1,49.99
"B. Post_Cross_Sell",140550,1,0,NULL,NULL
"B. Post_Cross_Sell",140573,1,0,NULL,NULL
"B. Post_Cross_Sell",140575,1,0,NULL,NULL
"B. Post_Cross_Sell",140578,1,0,NULL,NULL
"B. Post_Cross_Sell",140590,0,0,NULL,NULL
"B. Post_Cross_Sell",140592,0,0,NULL,NULL
"B. Post_Cross_Sell",140599,1,1,1,49.99
"B. Post_Cross_Sell",140608,1,0,NULL,NULL
"B. Post_Cross_Sell",140610,1,1,1,49.99
"B. Post_Cross_Sell",140611,1,0,NULL,NULL
"B. Post_Cross_Sell",140617,1,0,NULL,NULL
"B. Post_Cross_Sell",140620,1,1,1,49.99
"B. Post_Cross_Sell",140621,1,0,NULL,NULL
"B. Post_Cross_Sell",140623,0,0,NULL,NULL
"B. Post_Cross_Sell",140632,0,0,NULL,NULL
"B. Post_Cross_Sell",140635,1,0,NULL,NULL
"B. Post_Cross_Sell",140644,0,0,NULL,NULL
"B. Post_Cross_Sell",140653,0,0,NULL,NULL
"B. Post_Cross_Sell",140655,0,0,NULL,NULL
"B. Post_Cross_Sell",140665,1,1,1,49.99
"B. Post_Cross_Sell",140669,1,0,NULL,NULL
"B. Post_Cross_Sell",140673,1,1,1,49.99
"B. Post_Cross_Sell",140682,1,0,NULL,NULL
"B. Post_Cross_Sell",140683,1,1,1,59.99
"B. Post_Cross_Sell",140685,1,1,1,59.99
"B. Post_Cross_Sell",140692,1,0,NULL,NULL
"B. Post_Cross_Sell",140695,1,0,NULL,NULL
"B. Post_Cross_Sell",140697,0,0,NULL,NULL
"B. Post_Cross_Sell",140698,1,1,1,49.99
"B. Post_Cross_Sell",140712,1,1,1,49.99
"B. Post_Cross_Sell",140719,1,1,1,49.99
"B. Post_Cross_Sell",140724,0,0,NULL,NULL
"B. Post_Cross_Sell",140725,1,1,1,49.99
"B. Post_Cross_Sell",140726,1,1,1,49.99
"B. Post_Cross_Sell",140748,0,0,NULL,NULL
"B. Post_Cross_Sell",140758,1,0,NULL,NULL
"B. Post_Cross_Sell",140762,1,0,NULL,NULL
"B. Post_Cross_Sell",140764,1,1,1,49.99
"B. Post_Cross_Sell",140769,1,1,2,109.98
"B. Post_Cross_Sell",140770,1,1,1,49.99
"B. Post_Cross_Sell",140772,1,0,NULL,NULL
"B. Post_Cross_Sell",140773,0,0,NULL,NULL
"B. Post_Cross_Sell",140777,1,0,NULL,NULL
"B. Post_Cross_Sell",140782,1,0,NULL,NULL
"B. Post_Cross_Sell",140793,1,1,1,59.99
"B. Post_Cross_Sell",140807,1,0,NULL,NULL
"B. Post_Cross_Sell",140811,1,0,NULL,NULL
"B. Post_Cross_Sell",140812,0,0,NULL,NULL
"B. Post_Cross_Sell",140814,1,1,1,59.99
"B. Post_Cross_Sell",140815,1,0,NULL,NULL
"B. Post_Cross_Sell",140817,1,1,1,49.99
"B. Post_Cross_Sell",140822,1,0,NULL,NULL
"B. Post_Cross_Sell",140823,0,0,NULL,NULL
"B. Post_Cross_Sell",140825,1,0,NULL,NULL
"B. Post_Cross_Sell",140828,0,0,NULL,NULL
"B. Post_Cross_Sell",140829,0,0,NULL,NULL
"B. Post_Cross_Sell",140830,0,0,NULL,NULL
"B. Post_Cross_Sell",140832,1,1,1,49.99
"B. Post_Cross_Sell",140834,1,1,1,49.99
"B. Post_Cross_Sell",140841,0,0,NULL,NULL
"B. Post_Cross_Sell",140849,1,0,NULL,NULL
"B. Post_Cross_Sell",140851,0,0,NULL,NULL
"B. Post_Cross_Sell",140854,1,0,NULL,NULL
"B. Post_Cross_Sell",140858,1,1,1,49.99
"B. Post_Cross_Sell",140880,0,0,NULL,NULL
"B. Post_Cross_Sell",140881,1,1,1,49.99
"B. Post_Cross_Sell",140894,1,1,1,59.99
"B. Post_Cross_Sell",140898,1,0,NULL,NULL
"B. Post_Cross_Sell",140904,1,1,1,49.99
"B. Post_Cross_Sell",140906,1,0,NULL,NULL
"B. Post_Cross_Sell",140907,1,0,NULL,NULL
"B. Post_Cross_Sell",140910,1,0,NULL,NULL
"B. Post_Cross_Sell",140911,1,0,NULL,NULL
"B. Post_Cross_Sell",140912,1,0,NULL,NULL
"B. Post_Cross_Sell",140922,1,0,NULL,NULL
"B. Post_Cross_Sell",140929,1,1,1,49.99
"B. Post_Cross_Sell",140933,1,1,1,49.99
"B. Post_Cross_Sell",140936,0,0,NULL,NULL
"B. Post_Cross_Sell",140938,1,0,NULL,NULL
"B. Post_Cross_Sell",140946,1,1,1,49.99
"B. Post_Cross_Sell",140963,1,1,1,59.99
"B. Post_Cross_Sell",140966,0,0,NULL,NULL
"B. Post_Cross_Sell",140968,1,1,1,49.99
"B. Post_Cross_Sell",140969,0,0,NULL,NULL
"B. Post_Cross_Sell",140973,1,1,1,49.99
"B. Post_Cross_Sell",140983,0,0,NULL,NULL
"B. Post_Cross_Sell",140986,0,0,NULL,NULL
"B. Post_Cross_Sell",140989,0,0,NULL,NULL
"B. Post_Cross_Sell",140990,0,0,NULL,NULL
"B. Post_Cross_Sell",141001,0,0,NULL,NULL
"B. Post_Cross_Sell",141010,1,1,1,59.99
"B. Post_Cross_Sell",141013,0,0,NULL,NULL
"B. Post_Cross_Sell",141024,1,0,NULL,NULL
"B. Post_Cross_Sell",141035,1,1,1,49.99
"B. Post_Cross_Sell",141036,0,0,NULL,NULL
"B. Post_Cross_Sell",141045,1,0,NULL,NULL
"B. Post_Cross_Sell",141046,0,0,NULL,NULL
"B. Post_Cross_Sell",141047,1,0,NULL,NULL
"B. Post_Cross_Sell",141055,1,1,1,49.99
"B. Post_Cross_Sell",141065,0,0,NULL,NULL
"B. Post_Cross_Sell",141067,1,0,NULL,NULL
"B. Post_Cross_Sell",141071,1,1,1,59.99
"B. Post_Cross_Sell",141072,1,0,NULL,NULL
"B. Post_Cross_Sell",141078,1,0,NULL,NULL
"B. Post_Cross_Sell",141098,1,0,NULL,NULL
"B. Post_Cross_Sell",141104,1,0,NULL,NULL
"B. Post_Cross_Sell",141108,0,0,NULL,NULL
"B. Post_Cross_Sell",141115,1,1,1,49.99
"B. Post_Cross_Sell",141120,0,0,NULL,NULL
"B. Post_Cross_Sell",141128,0,0,NULL,NULL
"B. Post_Cross_Sell",141133,1,0,NULL,NULL
"B. Post_Cross_Sell",141139,1,0,NULL,NULL
"B. Post_Cross_Sell",141147,1,1,1,49.99
"B. Post_Cross_Sell",141152,1,0,NULL,NULL
"B. Post_Cross_Sell",141154,1,0,NULL,NULL
"B. Post_Cross_Sell",141161,1,1,1,49.99
"B. Post_Cross_Sell",141164,1,1,1,49.99
"B. Post_Cross_Sell",141165,1,1,1,49.99
"B. Post_Cross_Sell",141169,1,0,NULL,NULL
"B. Post_Cross_Sell",141178,0,0,NULL,NULL
"B. Post_Cross_Sell",141186,0,0,NULL,NULL
"B. Post_Cross_Sell",141188,1,0,NULL,NULL
"B. Post_Cross_Sell",141193,1,1,1,49.99
"B. Post_Cross_Sell",141203,1,1,1,49.99
"B. Post_Cross_Sell",141204,1,1,1,49.99
"B. Post_Cross_Sell",141209,0,0,NULL,NULL
"B. Post_Cross_Sell",141218,0,0,NULL,NULL
"B. Post_Cross_Sell",141220,0,0,NULL,NULL
"B. Post_Cross_Sell",141222,1,0,NULL,NULL
"B. Post_Cross_Sell",141224,1,1,1,49.99
"B. Post_Cross_Sell",141227,1,1,1,59.99
"B. Post_Cross_Sell",141231,0,0,NULL,NULL
"B. Post_Cross_Sell",141235,0,0,NULL,NULL
"B. Post_Cross_Sell",141236,1,0,NULL,NULL
"B. Post_Cross_Sell",141238,0,0,NULL,NULL
"B. Post_Cross_Sell",141249,1,0,NULL,NULL
"B. Post_Cross_Sell",141273,0,0,NULL,NULL
"B. Post_Cross_Sell",141277,1,1,1,49.99
"B. Post_Cross_Sell",141279,1,0,NULL,NULL
"B. Post_Cross_Sell",141280,0,0,NULL,NULL
"B. Post_Cross_Sell",141289,1,1,1,49.99
"B. Post_Cross_Sell",141291,0,0,NULL,NULL
"B. Post_Cross_Sell",141292,0,0,NULL,NULL
"B. Post_Cross_Sell",141293,1,1,1,59.99
"B. Post_Cross_Sell",141295,1,0,NULL,NULL
"B. Post_Cross_Sell",141304,1,1,1,49.99
"B. Post_Cross_Sell",141310,1,1,1,59.99
"B. Post_Cross_Sell",141316,1,1,1,49.99
"B. Post_Cross_Sell",141328,1,1,1,49.99
"B. Post_Cross_Sell",141337,1,1,1,49.99
"B. Post_Cross_Sell",141343,0,0,NULL,NULL
"B. Post_Cross_Sell",141346,1,0,NULL,NULL
"B. Post_Cross_Sell",141350,1,0,NULL,NULL
"B. Post_Cross_Sell",141351,0,0,NULL,NULL
"B. Post_Cross_Sell",141352,1,0,NULL,NULL
"B. Post_Cross_Sell",141360,1,0,NULL,NULL
"B. Post_Cross_Sell",141366,1,0,NULL,NULL
"B. Post_Cross_Sell",141372,0,0,NULL,NULL
"B. Post_Cross_Sell",141379,1,1,1,49.99
"B. Post_Cross_Sell",141380,1,0,NULL,NULL
"B. Post_Cross_Sell",141382,0,0,NULL,NULL
"B. Post_Cross_Sell",141388,0,0,NULL,NULL
"B. Post_Cross_Sell",141390,0,0,NULL,NULL
"B. Post_Cross_Sell",141393,1,0,NULL,NULL
"B. Post_Cross_Sell",141400,0,0,NULL,NULL
"B. Post_Cross_Sell",141401,1,1,1,49.99
"B. Post_Cross_Sell",141404,1,1,1,49.99
"B. Post_Cross_Sell",141417,0,0,NULL,NULL
"B. Post_Cross_Sell",141421,1,1,1,49.99
"B. Post_Cross_Sell",141428,0,0,NULL,NULL
"B. Post_Cross_Sell",141436,1,0,NULL,NULL
"B. Post_Cross_Sell",141440,1,0,NULL,NULL
"B. Post_Cross_Sell",141442,1,1,1,49.99
"B. Post_Cross_Sell",141461,1,1,1,49.99
"B. Post_Cross_Sell",141463,0,0,NULL,NULL
"B. Post_Cross_Sell",141468,0,0,NULL,NULL
"B. Post_Cross_Sell",141470,0,0,NULL,NULL
"B. Post_Cross_Sell",141475,1,1,1,49.99
"B. Post_Cross_Sell",141477,0,0,NULL,NULL
"B. Post_Cross_Sell",141479,0,0,NULL,NULL
"B. Post_Cross_Sell",141496,1,1,1,49.99
"B. Post_Cross_Sell",141497,1,1,2,109.98
"B. Post_Cross_Sell",141509,1,1,1,49.99
"B. Post_Cross_Sell",141510,1,0,NULL,NULL
"B. Post_Cross_Sell",141518,0,0,NULL,NULL
"B. Post_Cross_Sell",141525,1,0,NULL,NULL
"B. Post_Cross_Sell",141526,1,0,NULL,NULL
"B. Post_Cross_Sell",141531,1,1,1,49.99
"B. Post_Cross_Sell",141534,1,0,NULL,NULL
"B. Post_Cross_Sell",141543,1,0,NULL,NULL
"B. Post_Cross_Sell",141547,1,1,1,49.99
"B. Post_Cross_Sell",141553,1,0,NULL,NULL
"B. Post_Cross_Sell",141554,1,0,NULL,NULL
"B. Post_Cross_Sell",141559,1,1,2,109.98
"B. Post_Cross_Sell",141573,1,1,1,49.99
"B. Post_Cross_Sell",141574,1,0,NULL,NULL
"B. Post_Cross_Sell",141578,0,0,NULL,NULL
"B. Post_Cross_Sell",141586,1,0,NULL,NULL
"B. Post_Cross_Sell",141588,1,0,NULL,NULL
"B. Post_Cross_Sell",141599,1,0,NULL,NULL
"B. Post_Cross_Sell",141612,1,0,NULL,NULL
"B. Post_Cross_Sell",141613,1,0,NULL,NULL
"B. Post_Cross_Sell",141616,1,0,NULL,NULL
"B. Post_Cross_Sell",141622,1,0,NULL,NULL
"B. Post_Cross_Sell",141629,1,0,NULL,NULL
"B. Post_Cross_Sell",141630,0,0,NULL,NULL
"B. Post_Cross_Sell",141634,1,0,NULL,NULL
"B. Post_Cross_Sell",141637,1,0,NULL,NULL
"B. Post_Cross_Sell",141656,0,0,NULL,NULL
"B. Post_Cross_Sell",141663,1,0,NULL,NULL
"B. Post_Cross_Sell",141664,1,0,NULL,NULL
"B. Post_Cross_Sell",141667,1,1,1,59.99
"B. Post_Cross_Sell",141678,1,0,NULL,NULL
"B. Post_Cross_Sell",141693,1,1,1,59.99
"B. Post_Cross_Sell",141695,1,1,1,59.99
"B. Post_Cross_Sell",141697,1,0,NULL,NULL
"B. Post_Cross_Sell",141699,1,1,1,49.99
"B. Post_Cross_Sell",141706,0,0,NULL,NULL
"B. Post_Cross_Sell",141708,0,0,NULL,NULL
"B. Post_Cross_Sell",141717,1,0,NULL,NULL
"B. Post_Cross_Sell",141722,0,0,NULL,NULL
"B. Post_Cross_Sell",141723,1,1,1,49.99
"B. Post_Cross_Sell",141728,0,0,NULL,NULL
"B. Post_Cross_Sell",141748,1,0,NULL,NULL
"B. Post_Cross_Sell",141752,1,0,NULL,NULL
"B. Post_Cross_Sell",141753,0,0,NULL,NULL
"B. Post_Cross_Sell",141755,1,0,NULL,NULL
"B. Post_Cross_Sell",141759,0,0,NULL,NULL
"B. Post_Cross_Sell",141767,1,1,1,49.99
"B. Post_Cross_Sell",141770,0,0,NULL,NULL
"B. Post_Cross_Sell",141773,1,0,NULL,NULL
"B. Post_Cross_Sell",141779,1,1,2,109.98
"B. Post_Cross_Sell",141781,1,1,1,49.99
"B. Post_Cross_Sell",141785,1,1,1,59.99
"B. Post_Cross_Sell",141786,1,1,1,49.99
"B. Post_Cross_Sell",141787,1,0,NULL,NULL
"B. Post_Cross_Sell",141793,0,0,NULL,NULL
"B. Post_Cross_Sell",141794,1,1,1,49.99
"B. Post_Cross_Sell",141810,1,1,1,49.99
"B. Post_Cross_Sell",141813,1,1,1,49.99
"B. Post_Cross_Sell",141821,1,1,1,59.99
"B. Post_Cross_Sell",141822,0,0,NULL,NULL
"B. Post_Cross_Sell",141833,1,0,NULL,NULL
"B. Post_Cross_Sell",141837,0,0,NULL,NULL
"B. Post_Cross_Sell",141859,0,0,NULL,NULL
"B. Post_Cross_Sell",141863,1,0,NULL,NULL
"B. Post_Cross_Sell",141866,0,0,NULL,NULL
"B. Post_Cross_Sell",141867,1,0,NULL,NULL
"B. Post_Cross_Sell",141873,0,0,NULL,NULL
"B. Post_Cross_Sell",141878,1,1,1,49.99
"B. Post_Cross_Sell",141887,1,0,NULL,NULL
"B. Post_Cross_Sell",141898,0,0,NULL,NULL
"B. Post_Cross_Sell",141899,1,1,1,49.99
"B. Post_Cross_Sell",141901,0,0,NULL,NULL
"B. Post_Cross_Sell",141902,0,0,NULL,NULL
"B. Post_Cross_Sell",141907,1,0,NULL,NULL
"B. Post_Cross_Sell",141910,1,1,1,49.99
"B. Post_Cross_Sell",141912,1,1,1,49.99
"B. Post_Cross_Sell",141924,1,1,1,59.99
"B. Post_Cross_Sell",141933,1,0,NULL,NULL
"B. Post_Cross_Sell",141942,0,0,NULL,NULL
"B. Post_Cross_Sell",141947,1,0,NULL,NULL
"B. Post_Cross_Sell",141953,1,1,1,49.99
"B. Post_Cross_Sell",141957,1,1,1,49.99
"B. Post_Cross_Sell",141965,0,0,NULL,NULL
"B. Post_Cross_Sell",141966,0,0,NULL,NULL
"B. Post_Cross_Sell",141972,1,1,1,49.99
"B. Post_Cross_Sell",141973,0,0,NULL,NULL
"B. Post_Cross_Sell",141974,1,1,1,49.99
"B. Post_Cross_Sell",141979,0,0,NULL,NULL
"B. Post_Cross_Sell",141982,1,1,1,49.99
"B. Post_Cross_Sell",141997,0,0,NULL,NULL
"B. Post_Cross_Sell",142001,0,0,NULL,NULL
"B. Post_Cross_Sell",142004,0,0,NULL,NULL
"B. Post_Cross_Sell",142011,0,0,NULL,NULL
"B. Post_Cross_Sell",142019,1,0,NULL,NULL
"B. Post_Cross_Sell",142020,1,1,1,49.99
"B. Post_Cross_Sell",142029,1,0,NULL,NULL
"B. Post_Cross_Sell",142038,1,1,1,49.99
"B. Post_Cross_Sell",142042,1,1,1,49.99
"B. Post_Cross_Sell",142044,0,0,NULL,NULL
"B. Post_Cross_Sell",142051,0,0,NULL,NULL
"B. Post_Cross_Sell",142055,0,0,NULL,NULL
"B. Post_Cross_Sell",142071,1,1,1,49.99
"B. Post_Cross_Sell",142074,0,0,NULL,NULL
"B. Post_Cross_Sell",142077,1,1,1,59.99
"B. Post_Cross_Sell",142078,1,0,NULL,NULL
"B. Post_Cross_Sell",142079,1,0,NULL,NULL
"B. Post_Cross_Sell",142084,0,0,NULL,NULL
"B. Post_Cross_Sell",142086,0,0,NULL,NULL
"B. Post_Cross_Sell",142093,1,1,1,59.99
"B. Post_Cross_Sell",142098,1,0,NULL,NULL
"B. Post_Cross_Sell",142102,1,1,1,49.99
"B. Post_Cross_Sell",142120,1,0,NULL,NULL
"B. Post_Cross_Sell",142126,0,0,NULL,NULL
"B. Post_Cross_Sell",142131,1,1,1,49.99
"B. Post_Cross_Sell",142137,1,1,1,49.99
"B. Post_Cross_Sell",142138,0,0,NULL,NULL
"B. Post_Cross_Sell",142142,1,0,NULL,NULL
"B. Post_Cross_Sell",142145,1,0,NULL,NULL
"B. Post_Cross_Sell",142150,1,1,1,59.99
"B. Post_Cross_Sell",142152,0,0,NULL,NULL
"B. Post_Cross_Sell",142154,0,0,NULL,NULL
"B. Post_Cross_Sell",142157,1,0,NULL,NULL
"B. Post_Cross_Sell",142163,0,0,NULL,NULL
"B. Post_Cross_Sell",142165,1,1,1,49.99
"B. Post_Cross_Sell",142167,1,1,1,49.99
"B. Post_Cross_Sell",142174,1,0,NULL,NULL
"B. Post_Cross_Sell",142185,0,0,NULL,NULL
"B. Post_Cross_Sell",142186,1,1,1,49.99
"B. Post_Cross_Sell",142194,1,0,NULL,NULL
"B. Post_Cross_Sell",142198,1,0,NULL,NULL
"B. Post_Cross_Sell",142209,1,0,NULL,NULL
"B. Post_Cross_Sell",142214,1,0,NULL,NULL
"B. Post_Cross_Sell",142215,1,0,NULL,NULL
"B. Post_Cross_Sell",142216,1,0,NULL,NULL
"B. Post_Cross_Sell",142220,0,0,NULL,NULL
"B. Post_Cross_Sell",142222,0,0,NULL,NULL
"B. Post_Cross_Sell",142226,1,0,NULL,NULL
"B. Post_Cross_Sell",142227,1,0,NULL,NULL
"B. Post_Cross_Sell",142229,1,1,1,49.99
"B. Post_Cross_Sell",142231,1,1,1,59.99
"B. Post_Cross_Sell",142236,1,1,1,49.99
"B. Post_Cross_Sell",142242,1,1,1,49.99
"B. Post_Cross_Sell",142244,0,0,NULL,NULL
"B. Post_Cross_Sell",142265,1,1,1,49.99
"B. Post_Cross_Sell",142269,1,0,NULL,NULL
"B. Post_Cross_Sell",142273,1,1,1,49.99
"B. Post_Cross_Sell",142278,0,0,NULL,NULL
"B. Post_Cross_Sell",142291,0,0,NULL,NULL
"B. Post_Cross_Sell",142293,1,1,1,49.99
"B. Post_Cross_Sell",142294,1,0,NULL,NULL
"B. Post_Cross_Sell",142301,1,0,NULL,NULL
"B. Post_Cross_Sell",142320,1,1,1,59.99
"B. Post_Cross_Sell",142325,0,0,NULL,NULL
"B. Post_Cross_Sell",142329,1,0,NULL,NULL
"B. Post_Cross_Sell",142337,1,1,1,49.99
"B. Post_Cross_Sell",142339,1,1,1,49.99
"B. Post_Cross_Sell",142342,1,1,1,49.99
"B. Post_Cross_Sell",142345,0,0,NULL,NULL
"B. Post_Cross_Sell",142363,0,0,NULL,NULL
"B. Post_Cross_Sell",142365,0,0,NULL,NULL
"B. Post_Cross_Sell",142372,1,1,1,49.99
"B. Post_Cross_Sell",142377,0,0,NULL,NULL
"B. Post_Cross_Sell",142378,1,0,NULL,NULL
"B. Post_Cross_Sell",142385,1,0,NULL,NULL
"B. Post_Cross_Sell",142389,0,0,NULL,NULL
"B. Post_Cross_Sell",142393,1,0,NULL,NULL
"B. Post_Cross_Sell",142394,1,1,1,49.99
"B. Post_Cross_Sell",142395,1,0,NULL,NULL
"B. Post_Cross_Sell",142401,0,0,NULL,NULL
"B. Post_Cross_Sell",142405,0,0,NULL,NULL
"B. Post_Cross_Sell",142409,1,1,1,49.99
"B. Post_Cross_Sell",142410,1,0,NULL,NULL
"B. Post_Cross_Sell",142418,1,1,1,49.99
"B. Post_Cross_Sell",142423,1,1,1,59.99
"B. Post_Cross_Sell",142425,1,1,1,49.99
"B. Post_Cross_Sell",142432,1,1,1,49.99
"B. Post_Cross_Sell",142441,1,1,1,49.99
"B. Post_Cross_Sell",142452,1,0,NULL,NULL
"B. Post_Cross_Sell",142454,1,0,NULL,NULL
"B. Post_Cross_Sell",142455,0,0,NULL,NULL
"B. Post_Cross_Sell",142457,0,0,NULL,NULL
"B. Post_Cross_Sell",142459,0,0,NULL,NULL
"B. Post_Cross_Sell",142466,1,1,1,49.99
"B. Post_Cross_Sell",142478,1,0,NULL,NULL
"B. Post_Cross_Sell",142481,1,0,NULL,NULL
"B. Post_Cross_Sell",142488,1,1,1,49.99
"B. Post_Cross_Sell",142495,1,0,NULL,NULL
"B. Post_Cross_Sell",142501,1,0,NULL,NULL
"B. Post_Cross_Sell",142505,1,1,1,59.99
"B. Post_Cross_Sell",142522,1,1,1,49.99
"B. Post_Cross_Sell",142523,1,0,NULL,NULL
"B. Post_Cross_Sell",142525,1,0,NULL,NULL
"B. Post_Cross_Sell",142535,1,1,1,59.99
"B. Post_Cross_Sell",142547,0,0,NULL,NULL
"B. Post_Cross_Sell",142549,1,1,1,59.99
"B. Post_Cross_Sell",142554,1,1,1,49.99
"B. Post_Cross_Sell",142559,0,0,NULL,NULL
"B. Post_Cross_Sell",142562,0,0,NULL,NULL
"B. Post_Cross_Sell",142586,0,0,NULL,NULL
"B. Post_Cross_Sell",142593,0,0,NULL,NULL
"B. Post_Cross_Sell",142594,1,1,1,49.99
"B. Post_Cross_Sell",142598,1,0,NULL,NULL
"B. Post_Cross_Sell",142599,0,0,NULL,NULL
"B. Post_Cross_Sell",142605,0,0,NULL,NULL
"B. Post_Cross_Sell",142612,1,1,1,49.99
"B. Post_Cross_Sell",142617,1,1,1,49.99
"B. Post_Cross_Sell",142621,1,0,NULL,NULL
"B. Post_Cross_Sell",142628,1,1,1,49.99
"B. Post_Cross_Sell",142629,0,0,NULL,NULL
"B. Post_Cross_Sell",142631,0,0,NULL,NULL
"B. Post_Cross_Sell",142635,0,0,NULL,NULL
"B. Post_Cross_Sell",142646,1,0,NULL,NULL
"B. Post_Cross_Sell",142653,1,0,NULL,NULL
"B. Post_Cross_Sell",142655,1,1,1,49.99
"B. Post_Cross_Sell",142659,0,0,NULL,NULL
"B. Post_Cross_Sell",142668,1,1,1,49.99
"B. Post_Cross_Sell",142669,1,1,1,49.99
"B. Post_Cross_Sell",142671,1,0,NULL,NULL
"B. Post_Cross_Sell",142674,1,0,NULL,NULL
"B. Post_Cross_Sell",142684,1,1,1,59.99
"B. Post_Cross_Sell",142686,0,0,NULL,NULL
"B. Post_Cross_Sell",142687,0,0,NULL,NULL
"B. Post_Cross_Sell",142694,0,0,NULL,NULL
"B. Post_Cross_Sell",142696,0,0,NULL,NULL
"B. Post_Cross_Sell",142697,1,0,NULL,NULL
"B. Post_Cross_Sell",142700,0,0,NULL,NULL
"B. Post_Cross_Sell",142701,0,0,NULL,NULL
"B. Post_Cross_Sell",142703,0,0,NULL,NULL
"B. Post_Cross_Sell",142706,1,1,1,49.99
"B. Post_Cross_Sell",142717,1,0,NULL,NULL
"B. Post_Cross_Sell",142720,1,1,1,49.99
"B. Post_Cross_Sell",142722,0,0,NULL,NULL
"B. Post_Cross_Sell",142723,1,0,NULL,NULL
"B. Post_Cross_Sell",142731,1,0,NULL,NULL
"B. Post_Cross_Sell",142757,1,0,NULL,NULL
"B. Post_Cross_Sell",142759,1,1,1,49.99
"B. Post_Cross_Sell",142761,1,0,NULL,NULL
"B. Post_Cross_Sell",142765,1,0,NULL,NULL
"B. Post_Cross_Sell",142766,1,0,NULL,NULL
"B. Post_Cross_Sell",142775,1,1,1,49.99
"B. Post_Cross_Sell",142784,0,0,NULL,NULL
"B. Post_Cross_Sell",142785,1,1,1,49.99
"B. Post_Cross_Sell",142788,1,1,1,49.99
"B. Post_Cross_Sell",142792,1,0,NULL,NULL
"B. Post_Cross_Sell",142794,1,1,1,49.99
"B. Post_Cross_Sell",142798,1,1,1,49.99
"B. Post_Cross_Sell",142802,0,0,NULL,NULL
"B. Post_Cross_Sell",142804,1,1,1,49.99
"B. Post_Cross_Sell",142816,1,1,1,49.99
"B. Post_Cross_Sell",142822,1,0,NULL,NULL
"B. Post_Cross_Sell",142827,1,0,NULL,NULL
"B. Post_Cross_Sell",142830,1,0,NULL,NULL
"B. Post_Cross_Sell",142833,1,0,NULL,NULL
"B. Post_Cross_Sell",142834,1,1,1,49.99
"B. Post_Cross_Sell",142836,1,1,1,59.99
"B. Post_Cross_Sell",142837,1,0,NULL,NULL
"B. Post_Cross_Sell",142838,1,1,1,49.99
"B. Post_Cross_Sell",142849,1,1,2,109.98
"B. Post_Cross_Sell",142859,1,0,NULL,NULL
"B. Post_Cross_Sell",142865,1,0,NULL,NULL
"B. Post_Cross_Sell",142873,1,1,1,49.99
"B. Post_Cross_Sell",142885,0,0,NULL,NULL
"B. Post_Cross_Sell",142892,0,0,NULL,NULL
"B. Post_Cross_Sell",142894,0,0,NULL,NULL
"B. Post_Cross_Sell",142904,1,1,1,49.99
"B. Post_Cross_Sell",142917,1,1,1,49.99
"B. Post_Cross_Sell",142926,0,0,NULL,NULL
"B. Post_Cross_Sell",142931,1,1,1,49.99
"B. Post_Cross_Sell",142935,1,0,NULL,NULL
"B. Post_Cross_Sell",142936,1,1,1,49.99
"B. Post_Cross_Sell",142948,0,0,NULL,NULL
"B. Post_Cross_Sell",142949,1,0,NULL,NULL
"B. Post_Cross_Sell",142950,0,0,NULL,NULL
"B. Post_Cross_Sell",142959,1,0,NULL,NULL
"B. Post_Cross_Sell",142961,1,1,1,49.99
"B. Post_Cross_Sell",142973,1,1,1,49.99
"B. Post_Cross_Sell",142981,1,1,1,49.99
"B. Post_Cross_Sell",142991,1,1,1,49.99
"B. Post_Cross_Sell",142994,1,1,1,49.99
"B. Post_Cross_Sell",142998,1,1,1,59.99
"B. Post_Cross_Sell",142999,0,0,NULL,NULL
"B. Post_Cross_Sell",143001,1,1,1,49.99
"B. Post_Cross_Sell",143005,0,0,NULL,NULL
"B. Post_Cross_Sell",143006,1,0,NULL,NULL
"B. Post_Cross_Sell",143018,1,1,1,49.99
"B. Post_Cross_Sell",143019,1,0,NULL,NULL
"B. Post_Cross_Sell",143024,1,1,1,49.99
"B. Post_Cross_Sell",143029,0,0,NULL,NULL
"B. Post_Cross_Sell",143030,1,0,NULL,NULL
