time_period,cart_session_id,cart_pageview_id
"A. Pre_Cross_Sell",122947,285248
"A. Pre_Cross_Sell",122952,285261
"A. Pre_Cross_Sell",122954,285269
"A. Pre_Cross_Sell",122963,285290
"A. Pre_Cross_Sell",122973,285308
"A. Pre_Cross_Sell",122974,285315
"A. Pre_Cross_Sell",122987,285340
"A. Pre_Cross_Sell",123008,285376
"A. Pre_Cross_Sell",123016,285390
"A. Pre_Cross_Sell",123020,285403
"A. Pre_Cross_Sell",123021,285408
"A. Pre_Cross_Sell",123030,285428
"A. Pre_Cross_Sell",123031,285440
"A. Pre_Cross_Sell",123033,285445
"A. Pre_Cross_Sell",123038,285453
"A. Pre_Cross_Sell",123043,285467
"A. Pre_Cross_Sell",123049,285486
"A. Pre_Cross_Sell",123048,285487
"A. Pre_Cross_Sell",123050,285490
"A. Pre_Cross_Sell",123055,285504
"A. Pre_Cross_Sell",123056,285510
"A. Pre_Cross_Sell",123062,285526
"A. Pre_Cross_Sell",123061,285528
"A. Pre_Cross_Sell",123065,285541
"A. Pre_Cross_Sell",123068,285544
"A. Pre_Cross_Sell",123070,285555
"A. Pre_Cross_Sell",123075,285568
"A. Pre_Cross_Sell",123078,285575
"A. Pre_Cross_Sell",123081,285582
"A. Pre_Cross_Sell",123082,285590
"A. Pre_Cross_Sell",123087,285599
"A. Pre_Cross_Sell",123095,285614
"A. Pre_Cross_Sell",123101,285628
"A. Pre_Cross_Sell",123103,285642
"A. Pre_Cross_Sell",123104,285645
"A. Pre_Cross_Sell",123106,285647
"A. Pre_Cross_Sell",123109,285659
"A. Pre_Cross_Sell",123110,285661
"A. Pre_Cross_Sell",123111,285670
"A. Pre_Cross_Sell",123113,285676
"A. Pre_Cross_Sell",123119,285691
"A. Pre_Cross_Sell",123120,285698
"A. Pre_Cross_Sell",123123,285707
"A. Pre_Cross_Sell",123128,285722
"A. Pre_Cross_Sell",123129,285725
"A. Pre_Cross_Sell",123133,285738
"A. Pre_Cross_Sell",123139,285749
"A. Pre_Cross_Sell",123143,285761
"A. Pre_Cross_Sell",123150,285778
"A. Pre_Cross_Sell",123163,285810
"A. Pre_Cross_Sell",123165,285812
"A. Pre_Cross_Sell",123179,285834
"A. Pre_Cross_Sell",123180,285841
"A. Pre_Cross_Sell",123181,285846
"A. Pre_Cross_Sell",123187,285860
"A. Pre_Cross_Sell",123190,285869
"A. Pre_Cross_Sell",123191,285873
"A. Pre_Cross_Sell",123192,285879
"A. Pre_Cross_Sell",123200,285900
"A. Pre_Cross_Sell",123201,285901
"A. Pre_Cross_Sell",123203,285909
"A. Pre_Cross_Sell",123211,285927
"A. Pre_Cross_Sell",123214,285928
"A. Pre_Cross_Sell",123217,285937
"A. Pre_Cross_Sell",123225,285955
"A. Pre_Cross_Sell",123231,285967
"A. Pre_Cross_Sell",123240,285980
"A. Pre_Cross_Sell",123242,285984
"A. Pre_Cross_Sell",123243,285998
"A. Pre_Cross_Sell",123252,286019
"A. Pre_Cross_Sell",123257,286028
"A. Pre_Cross_Sell",123261,286036
"A. Pre_Cross_Sell",123268,286055
"A. Pre_Cross_Sell",123273,286067
"A. Pre_Cross_Sell",123282,286078
"A. Pre_Cross_Sell",123281,286083
"A. Pre_Cross_Sell",123284,286092
"A. Pre_Cross_Sell",123286,286099
"A. Pre_Cross_Sell",123296,286122
"A. Pre_Cross_Sell",123302,286137
"A. Pre_Cross_Sell",123314,286163
"A. Pre_Cross_Sell",123322,286178
"A. Pre_Cross_Sell",123324,286187
"A. Pre_Cross_Sell",123326,286197
"A. Pre_Cross_Sell",123328,286200
"A. Pre_Cross_Sell",123333,286215
"A. Pre_Cross_Sell",123339,286238
"A. Pre_Cross_Sell",123338,286240
"A. Pre_Cross_Sell",123343,286241
"A. Pre_Cross_Sell",123348,286257
"A. Pre_Cross_Sell",123353,286271
"A. Pre_Cross_Sell",123354,286274
"A. Pre_Cross_Sell",123357,286282
"A. Pre_Cross_Sell",123358,286291
"A. Pre_Cross_Sell",123360,286299
"A. Pre_Cross_Sell",123366,286314
"A. Pre_Cross_Sell",123369,286320
"A. Pre_Cross_Sell",123377,286334
"A. Pre_Cross_Sell",123381,286356
"A. Pre_Cross_Sell",123380,286358
"A. Pre_Cross_Sell",123384,286359
"A. Pre_Cross_Sell",123390,286363
"A. Pre_Cross_Sell",123391,286376
"A. Pre_Cross_Sell",123394,286382
"A. Pre_Cross_Sell",123397,286389
"A. Pre_Cross_Sell",123399,286396
"A. Pre_Cross_Sell",123402,286407
"A. Pre_Cross_Sell",123409,286420
"A. Pre_Cross_Sell",123423,286451
"A. Pre_Cross_Sell",123424,286460
"A. Pre_Cross_Sell",123426,286470
"A. Pre_Cross_Sell",123437,286484
"A. Pre_Cross_Sell",123440,286491
"A. Pre_Cross_Sell",123443,286499
"A. Pre_Cross_Sell",123461,286539
"A. Pre_Cross_Sell",123467,286560
"A. Pre_Cross_Sell",123468,286563
"A. Pre_Cross_Sell",123474,286574
"A. Pre_Cross_Sell",123484,286594
"A. Pre_Cross_Sell",123492,286612
"A. Pre_Cross_Sell",123496,286624
"A. Pre_Cross_Sell",123500,286636
"A. Pre_Cross_Sell",123501,286643
"A. Pre_Cross_Sell",123513,286670
"A. Pre_Cross_Sell",123514,286672
"A. Pre_Cross_Sell",123515,286676
"A. Pre_Cross_Sell",123524,286699
"A. Pre_Cross_Sell",123526,286706
"A. Pre_Cross_Sell",123536,286731
"A. Pre_Cross_Sell",123538,286733
"A. Pre_Cross_Sell",123539,286738
"A. Pre_Cross_Sell",123549,286759
"A. Pre_Cross_Sell",123552,286768
"A. Pre_Cross_Sell",123554,286776
"A. Pre_Cross_Sell",123563,286798
"A. Pre_Cross_Sell",123565,286800
"A. Pre_Cross_Sell",123571,286815
"A. Pre_Cross_Sell",123581,286847
"A. Pre_Cross_Sell",123583,286850
"A. Pre_Cross_Sell",123587,286858
"A. Pre_Cross_Sell",123590,286872
"A. Pre_Cross_Sell",123596,286874
"A. Pre_Cross_Sell",123588,286877
"A. Pre_Cross_Sell",123593,286879
"A. Pre_Cross_Sell",123601,286891
"A. Pre_Cross_Sell",123607,286908
"A. Pre_Cross_Sell",123610,286917
"A. Pre_Cross_Sell",123620,286939
"A. Pre_Cross_Sell",123623,286944
"A. Pre_Cross_Sell",123627,286958
"A. Pre_Cross_Sell",123640,286987
"A. Pre_Cross_Sell",123642,286988
"A. Pre_Cross_Sell",123645,286995
"A. Pre_Cross_Sell",123651,287010
"A. Pre_Cross_Sell",123653,287015
"A. Pre_Cross_Sell",123673,287057
"A. Pre_Cross_Sell",123676,287067
"A. Pre_Cross_Sell",123680,287081
"A. Pre_Cross_Sell",123690,287103
"A. Pre_Cross_Sell",123692,287106
"A. Pre_Cross_Sell",123701,287125
"A. Pre_Cross_Sell",123707,287144
"A. Pre_Cross_Sell",123713,287160
"A. Pre_Cross_Sell",123725,287180
"A. Pre_Cross_Sell",123729,287205
"A. Pre_Cross_Sell",123755,287245
"A. Pre_Cross_Sell",123759,287255
"A. Pre_Cross_Sell",123758,287256
"A. Pre_Cross_Sell",123760,287263
"A. Pre_Cross_Sell",123769,287289
"A. Pre_Cross_Sell",123772,287295
"A. Pre_Cross_Sell",123780,287318
"A. Pre_Cross_Sell",123782,287327
"A. Pre_Cross_Sell",123784,287335
"A. Pre_Cross_Sell",123795,287360
"A. Pre_Cross_Sell",123802,287371
"A. Pre_Cross_Sell",123806,287382
"A. Pre_Cross_Sell",123813,287393
"A. Pre_Cross_Sell",123814,287397
"A. Pre_Cross_Sell",123819,287410
"A. Pre_Cross_Sell",123827,287424
"A. Pre_Cross_Sell",123832,287440
"A. Pre_Cross_Sell",123834,287449
"A. Pre_Cross_Sell",123837,287456
"A. Pre_Cross_Sell",123838,287464
"A. Pre_Cross_Sell",123840,287471
"A. Pre_Cross_Sell",123841,287477
"A. Pre_Cross_Sell",123851,287499
"A. Pre_Cross_Sell",123854,287510
"A. Pre_Cross_Sell",123863,287531
"A. Pre_Cross_Sell",123868,287547
"A. Pre_Cross_Sell",123874,287562
"A. Pre_Cross_Sell",123878,287569
"A. Pre_Cross_Sell",123879,287572
"A. Pre_Cross_Sell",123891,287601
"A. Pre_Cross_Sell",123895,287623
"A. Pre_Cross_Sell",123897,287624
"A. Pre_Cross_Sell",123900,287625
"A. Pre_Cross_Sell",123901,287629
"A. Pre_Cross_Sell",123906,287649
"A. Pre_Cross_Sell",123910,287653
"A. Pre_Cross_Sell",123914,287664
"A. Pre_Cross_Sell",123917,287670
"A. Pre_Cross_Sell",123920,287683
"A. Pre_Cross_Sell",123921,287685
"A. Pre_Cross_Sell",123938,287720
"A. Pre_Cross_Sell",123939,287735
"A. Pre_Cross_Sell",123940,287737
"A. Pre_Cross_Sell",123941,287739
"A. Pre_Cross_Sell",123945,287751
"A. Pre_Cross_Sell",123953,287770
"A. Pre_Cross_Sell",123958,287777
"A. Pre_Cross_Sell",123965,287799
"A. Pre_Cross_Sell",123963,287800
"A. Pre_Cross_Sell",123971,287821
"A. Pre_Cross_Sell",123992,287852
"A. Pre_Cross_Sell",123995,287859
"A. Pre_Cross_Sell",123999,287874
"A. Pre_Cross_Sell",124001,287883
"A. Pre_Cross_Sell",124005,287889
"A. Pre_Cross_Sell",124006,287890
"A. Pre_Cross_Sell",124014,287912
"A. Pre_Cross_Sell",124015,287913
"A. Pre_Cross_Sell",124013,287914
"A. Pre_Cross_Sell",124019,287929
"A. Pre_Cross_Sell",124022,287937
"A. Pre_Cross_Sell",124027,287945
"A. Pre_Cross_Sell",124031,287953
"A. Pre_Cross_Sell",124032,287959
"A. Pre_Cross_Sell",124038,287978
"A. Pre_Cross_Sell",124040,287979
"A. Pre_Cross_Sell",124044,287990
"A. Pre_Cross_Sell",124047,287999
"A. Pre_Cross_Sell",124052,288009
"A. Pre_Cross_Sell",124049,288013
"A. Pre_Cross_Sell",124054,288021
"A. Pre_Cross_Sell",124075,288055
"A. Pre_Cross_Sell",124081,288079
"A. Pre_Cross_Sell",124086,288082
"A. Pre_Cross_Sell",124078,288083
"A. Pre_Cross_Sell",124093,288101
"A. Pre_Cross_Sell",124098,288124
"A. Pre_Cross_Sell",124097,288127
"A. Pre_Cross_Sell",124102,288128
"A. Pre_Cross_Sell",124106,288129
"A. Pre_Cross_Sell",124101,288133
"A. Pre_Cross_Sell",124112,288161
"A. Pre_Cross_Sell",124114,288165
"A. Pre_Cross_Sell",124113,288167
"A. Pre_Cross_Sell",124121,288188
"A. Pre_Cross_Sell",124125,288194
"A. Pre_Cross_Sell",124122,288195
"A. Pre_Cross_Sell",124126,288205
"A. Pre_Cross_Sell",124128,288208
"A. Pre_Cross_Sell",124135,288220
"A. Pre_Cross_Sell",124138,288237
"A. Pre_Cross_Sell",124140,288239
"A. Pre_Cross_Sell",124143,288252
"A. Pre_Cross_Sell",124152,288271
"A. Pre_Cross_Sell",124158,288283
"A. Pre_Cross_Sell",124162,288289
"A. Pre_Cross_Sell",124174,288316
"A. Pre_Cross_Sell",124177,288329
"A. Pre_Cross_Sell",124186,288348
"A. Pre_Cross_Sell",124190,288365
"A. Pre_Cross_Sell",124199,288382
"A. Pre_Cross_Sell",124200,288383
"A. Pre_Cross_Sell",124213,288414
"A. Pre_Cross_Sell",124215,288417
"A. Pre_Cross_Sell",124217,288423
"A. Pre_Cross_Sell",124218,288427
"A. Pre_Cross_Sell",124228,288452
"A. Pre_Cross_Sell",124231,288461
"A. Pre_Cross_Sell",124234,288472
"A. Pre_Cross_Sell",124256,288507
"A. Pre_Cross_Sell",124258,288516
"A. Pre_Cross_Sell",124274,288545
"A. Pre_Cross_Sell",124293,288590
"A. Pre_Cross_Sell",124298,288607
"A. Pre_Cross_Sell",124302,288608
"A. Pre_Cross_Sell",124307,288630
"A. Pre_Cross_Sell",124311,288636
"A. Pre_Cross_Sell",124312,288643
"A. Pre_Cross_Sell",124315,288655
"A. Pre_Cross_Sell",124314,288656
"A. Pre_Cross_Sell",124331,288695
"A. Pre_Cross_Sell",124339,288709
"A. Pre_Cross_Sell",124344,288720
"A. Pre_Cross_Sell",124347,288733
"A. Pre_Cross_Sell",124348,288734
"A. Pre_Cross_Sell",124350,288745
"A. Pre_Cross_Sell",124355,288765
"A. Pre_Cross_Sell",124360,288769
"A. Pre_Cross_Sell",124359,288771
"A. Pre_Cross_Sell",124362,288776
"A. Pre_Cross_Sell",124370,288798
"A. Pre_Cross_Sell",124373,288811
"A. Pre_Cross_Sell",124386,288838
"A. Pre_Cross_Sell",124399,288868
"A. Pre_Cross_Sell",124398,288873
"A. Pre_Cross_Sell",124401,288880
"A. Pre_Cross_Sell",124407,288895
"A. Pre_Cross_Sell",124408,288902
"A. Pre_Cross_Sell",124415,288911
"A. Pre_Cross_Sell",124422,288929
"A. Pre_Cross_Sell",124427,288941
"A. Pre_Cross_Sell",124434,288952
"A. Pre_Cross_Sell",124435,288961
"A. Pre_Cross_Sell",124439,288968
"A. Pre_Cross_Sell",124441,288978
"A. Pre_Cross_Sell",124446,288992
"A. Pre_Cross_Sell",124450,289004
"A. Pre_Cross_Sell",124451,289006
"A. Pre_Cross_Sell",124469,289048
"A. Pre_Cross_Sell",124472,289050
"A. Pre_Cross_Sell",124480,289073
"A. Pre_Cross_Sell",124496,289097
"A. Pre_Cross_Sell",124500,289108
"A. Pre_Cross_Sell",124507,289121
"A. Pre_Cross_Sell",124512,289134
"A. Pre_Cross_Sell",124520,289161
"A. Pre_Cross_Sell",124523,289164
"A. Pre_Cross_Sell",124521,289165
"A. Pre_Cross_Sell",124526,289176
"A. Pre_Cross_Sell",124530,289187
"A. Pre_Cross_Sell",124537,289210
"A. Pre_Cross_Sell",124540,289212
"A. Pre_Cross_Sell",124553,289235
"A. Pre_Cross_Sell",124556,289243
"A. Pre_Cross_Sell",124557,289246
"A. Pre_Cross_Sell",124562,289262
"A. Pre_Cross_Sell",124571,289278
"A. Pre_Cross_Sell",124574,289288
"A. Pre_Cross_Sell",124576,289294
"A. Pre_Cross_Sell",124594,289331
"A. Pre_Cross_Sell",124595,289332
"A. Pre_Cross_Sell",124602,289348
"A. Pre_Cross_Sell",124603,289356
"A. Pre_Cross_Sell",124604,289362
"A. Pre_Cross_Sell",124607,289374
"A. Pre_Cross_Sell",124612,289386
"A. Pre_Cross_Sell",124611,289389
"A. Pre_Cross_Sell",124613,289395
"A. Pre_Cross_Sell",124614,289396
"A. Pre_Cross_Sell",124621,289414
"A. Pre_Cross_Sell",124623,289422
"A. Pre_Cross_Sell",124631,289438
"A. Pre_Cross_Sell",124638,289455
"A. Pre_Cross_Sell",124639,289457
"A. Pre_Cross_Sell",124640,289464
"A. Pre_Cross_Sell",124643,289474
"A. Pre_Cross_Sell",124644,289479
"A. Pre_Cross_Sell",124649,289493
"A. Pre_Cross_Sell",124655,289508
"A. Pre_Cross_Sell",124664,289529
"A. Pre_Cross_Sell",124673,289549
"A. Pre_Cross_Sell",124683,289570
"A. Pre_Cross_Sell",124688,289585
"A. Pre_Cross_Sell",124686,289586
"A. Pre_Cross_Sell",124691,289599
"A. Pre_Cross_Sell",124692,289606
"A. Pre_Cross_Sell",124694,289609
"A. Pre_Cross_Sell",124697,289621
"A. Pre_Cross_Sell",124706,289641
"A. Pre_Cross_Sell",124711,289659
"A. Pre_Cross_Sell",124723,289693
"A. Pre_Cross_Sell",124736,289720
"A. Pre_Cross_Sell",124738,289726
"A. Pre_Cross_Sell",124746,289752
"A. Pre_Cross_Sell",124749,289755
"A. Pre_Cross_Sell",124751,289763
"A. Pre_Cross_Sell",124756,289775
"A. Pre_Cross_Sell",124770,289801
"A. Pre_Cross_Sell",124773,289809
"A. Pre_Cross_Sell",124778,289821
"A. Pre_Cross_Sell",124779,289824
"A. Pre_Cross_Sell",124781,289832
"A. Pre_Cross_Sell",124794,289861
"A. Pre_Cross_Sell",124793,289862
"A. Pre_Cross_Sell",124800,289880
"A. Pre_Cross_Sell",124801,289883
"A. Pre_Cross_Sell",124803,289889
"A. Pre_Cross_Sell",124813,289909
"A. Pre_Cross_Sell",124817,289918
"A. Pre_Cross_Sell",124829,289948
"A. Pre_Cross_Sell",124843,289983
"A. Pre_Cross_Sell",124871,290028
"A. Pre_Cross_Sell",124876,290044
"A. Pre_Cross_Sell",124877,290046
"A. Pre_Cross_Sell",124882,290065
"A. Pre_Cross_Sell",124895,290090
"A. Pre_Cross_Sell",124899,290106
"A. Pre_Cross_Sell",124906,290122
"A. Pre_Cross_Sell",124910,290131
"A. Pre_Cross_Sell",124912,290139
"A. Pre_Cross_Sell",124914,290149
"A. Pre_Cross_Sell",124917,290160
"A. Pre_Cross_Sell",124922,290174
"A. Pre_Cross_Sell",124933,290191
"A. Pre_Cross_Sell",124936,290203
"A. Pre_Cross_Sell",124939,290210
"A. Pre_Cross_Sell",124953,290245
"A. Pre_Cross_Sell",124961,290264
"A. Pre_Cross_Sell",124969,290279
"A. Pre_Cross_Sell",124973,290286
"A. Pre_Cross_Sell",124990,290326
"A. Pre_Cross_Sell",124991,290327
"A. Pre_Cross_Sell",125006,290359
"A. Pre_Cross_Sell",125007,290366
"A. Pre_Cross_Sell",125009,290369
"A. Pre_Cross_Sell",125017,290393
"A. Pre_Cross_Sell",125020,290400
"A. Pre_Cross_Sell",125025,290413
"A. Pre_Cross_Sell",125041,290449
"A. Pre_Cross_Sell",125044,290457
"A. Pre_Cross_Sell",125049,290467
"A. Pre_Cross_Sell",125056,290484
"A. Pre_Cross_Sell",125060,290495
"A. Pre_Cross_Sell",125067,290515
"A. Pre_Cross_Sell",125074,290524
"A. Pre_Cross_Sell",125076,290532
"A. Pre_Cross_Sell",125088,290558
"A. Pre_Cross_Sell",125090,290564
"A. Pre_Cross_Sell",125097,290581
"A. Pre_Cross_Sell",125118,290623
"A. Pre_Cross_Sell",125129,290646
"A. Pre_Cross_Sell",125134,290657
"A. Pre_Cross_Sell",125142,290675
"A. Pre_Cross_Sell",125150,290690
"A. Pre_Cross_Sell",125153,290702
"A. Pre_Cross_Sell",125154,290709
"A. Pre_Cross_Sell",125161,290723
"A. Pre_Cross_Sell",125171,290741
"A. Pre_Cross_Sell",125178,290761
"A. Pre_Cross_Sell",125181,290767
"A. Pre_Cross_Sell",125187,290783
"A. Pre_Cross_Sell",125191,290794
"A. Pre_Cross_Sell",125190,290796
"A. Pre_Cross_Sell",125192,290803
"A. Pre_Cross_Sell",125207,290839
"A. Pre_Cross_Sell",125210,290851
"A. Pre_Cross_Sell",125218,290866
"A. Pre_Cross_Sell",125232,290888
"A. Pre_Cross_Sell",125241,290908
"A. Pre_Cross_Sell",125242,290914
"A. Pre_Cross_Sell",125243,290921
"A. Pre_Cross_Sell",125253,290945
"A. Pre_Cross_Sell",125258,290956
"A. Pre_Cross_Sell",125260,290962
"A. Pre_Cross_Sell",125264,290973
"A. Pre_Cross_Sell",125275,290996
"A. Pre_Cross_Sell",125291,291033
"A. Pre_Cross_Sell",125292,291034
"A. Pre_Cross_Sell",125300,291050
"A. Pre_Cross_Sell",125303,291057
"A. Pre_Cross_Sell",125329,291116
"A. Pre_Cross_Sell",125337,291131
"A. Pre_Cross_Sell",125342,291141
"A. Pre_Cross_Sell",125343,291148
"A. Pre_Cross_Sell",125345,291153
"A. Pre_Cross_Sell",125350,291166
"A. Pre_Cross_Sell",125354,291177
"A. Pre_Cross_Sell",125358,291192
"A. Pre_Cross_Sell",125362,291198
"A. Pre_Cross_Sell",125378,291226
"A. Pre_Cross_Sell",125389,291253
"A. Pre_Cross_Sell",125395,291265
"A. Pre_Cross_Sell",125390,291266
"A. Pre_Cross_Sell",125400,291289
"A. Pre_Cross_Sell",125409,291310
"A. Pre_Cross_Sell",125408,291311
"A. Pre_Cross_Sell",125414,291331
"A. Pre_Cross_Sell",125416,291346
"A. Pre_Cross_Sell",125417,291350
"A. Pre_Cross_Sell",125421,291365
"A. Pre_Cross_Sell",125435,291386
"A. Pre_Cross_Sell",125446,291406
"A. Pre_Cross_Sell",125455,291429
"A. Pre_Cross_Sell",125459,291437
"A. Pre_Cross_Sell",125460,291441
"A. Pre_Cross_Sell",125467,291457
"A. Pre_Cross_Sell",125468,291458
"A. Pre_Cross_Sell",125472,291471
"A. Pre_Cross_Sell",125476,291479
"A. Pre_Cross_Sell",125490,291506
"A. Pre_Cross_Sell",125495,291518
"A. Pre_Cross_Sell",125502,291539
"A. Pre_Cross_Sell",125510,291557
"A. Pre_Cross_Sell",125517,291579
"A. Pre_Cross_Sell",125532,291600
"A. Pre_Cross_Sell",125535,291603
"A. Pre_Cross_Sell",125549,291637
"A. Pre_Cross_Sell",125555,291649
"A. Pre_Cross_Sell",125557,291656
"A. Pre_Cross_Sell",125558,291666
"A. Pre_Cross_Sell",125564,291689
"A. Pre_Cross_Sell",125574,291703
"A. Pre_Cross_Sell",125575,291705
"A. Pre_Cross_Sell",125584,291723
"A. Pre_Cross_Sell",125585,291731
"A. Pre_Cross_Sell",125602,291759
"A. Pre_Cross_Sell",125605,291769
"A. Pre_Cross_Sell",125615,291789
"A. Pre_Cross_Sell",125620,291802
"A. Pre_Cross_Sell",125627,291817
"A. Pre_Cross_Sell",125634,291838
"A. Pre_Cross_Sell",125638,291844
"A. Pre_Cross_Sell",125654,291875
"A. Pre_Cross_Sell",125655,291878
"A. Pre_Cross_Sell",125662,291892
"A. Pre_Cross_Sell",125666,291902
"A. Pre_Cross_Sell",125683,291934
"A. Pre_Cross_Sell",125686,291943
"A. Pre_Cross_Sell",125689,291951
"A. Pre_Cross_Sell",125694,291963
"A. Pre_Cross_Sell",125703,291980
"A. Pre_Cross_Sell",125715,292011
"A. Pre_Cross_Sell",125731,292049
"A. Pre_Cross_Sell",125745,292065
"A. Pre_Cross_Sell",125764,292105
"A. Pre_Cross_Sell",125773,292122
"A. Pre_Cross_Sell",125775,292135
"A. Pre_Cross_Sell",125778,292139
"A. Pre_Cross_Sell",125786,292158
"A. Pre_Cross_Sell",125794,292178
"A. Pre_Cross_Sell",125793,292180
"A. Pre_Cross_Sell",125797,292184
"A. Pre_Cross_Sell",125804,292203
"A. Pre_Cross_Sell",125800,292204
"A. Pre_Cross_Sell",125811,292228
"A. Pre_Cross_Sell",125812,292230
"A. Pre_Cross_Sell",125820,292247
"A. Pre_Cross_Sell",125821,292256
"A. Pre_Cross_Sell",125826,292264
"A. Pre_Cross_Sell",125831,292283
"A. Pre_Cross_Sell",125833,292286
"A. Pre_Cross_Sell",125836,292291
"A. Pre_Cross_Sell",125839,292300
"A. Pre_Cross_Sell",125844,292311
"A. Pre_Cross_Sell",125849,292318
"A. Pre_Cross_Sell",125848,292319
"A. Pre_Cross_Sell",125853,292335
"A. Pre_Cross_Sell",125870,292373
"A. Pre_Cross_Sell",125875,292378
"A. Pre_Cross_Sell",125880,292393
"A. Pre_Cross_Sell",125887,292404
"A. Pre_Cross_Sell",125895,292424
"A. Pre_Cross_Sell",125896,292427
"A. Pre_Cross_Sell",125907,292450
"A. Pre_Cross_Sell",125911,292465
"A. Pre_Cross_Sell",125914,292469
"A. Pre_Cross_Sell",125915,292479
"A. Pre_Cross_Sell",125919,292491
"A. Pre_Cross_Sell",125923,292502
"A. Pre_Cross_Sell",125924,292507
"A. Pre_Cross_Sell",125933,292517
"A. Pre_Cross_Sell",125932,292520
"A. Pre_Cross_Sell",125940,292535
"A. Pre_Cross_Sell",125944,292544
"A. Pre_Cross_Sell",125963,292585
"A. Pre_Cross_Sell",125972,292605
"A. Pre_Cross_Sell",125986,292636
"A. Pre_Cross_Sell",125988,292643
"A. Pre_Cross_Sell",125994,292658
"A. Pre_Cross_Sell",125997,292667
"A. Pre_Cross_Sell",125999,292671
"A. Pre_Cross_Sell",126009,292695
"A. Pre_Cross_Sell",126015,292706
"A. Pre_Cross_Sell",126016,292713
"A. Pre_Cross_Sell",126018,292720
"A. Pre_Cross_Sell",126027,292736
"A. Pre_Cross_Sell",126029,292737
"A. Pre_Cross_Sell",126032,292751
"A. Pre_Cross_Sell",126038,292765
"A. Pre_Cross_Sell",126043,292781
"A. Pre_Cross_Sell",126046,292788
"A. Pre_Cross_Sell",126045,292798
"A. Pre_Cross_Sell",126048,292800
"A. Pre_Cross_Sell",126051,292815
"A. Pre_Cross_Sell",126056,292822
"A. Pre_Cross_Sell",126063,292843
"A. Pre_Cross_Sell",126064,292847
"A. Pre_Cross_Sell",126078,292878
"A. Pre_Cross_Sell",126084,292902
"A. Pre_Cross_Sell",126086,292908
"A. Pre_Cross_Sell",126089,292912
"A. Pre_Cross_Sell",126100,292936
"A. Pre_Cross_Sell",126102,292949
"A. Pre_Cross_Sell",126112,292971
"A. Pre_Cross_Sell",126110,292978
"A. Pre_Cross_Sell",126119,292990
"A. Pre_Cross_Sell",126121,292993
"A. Pre_Cross_Sell",126125,293005
"A. Pre_Cross_Sell",126127,293016
"A. Pre_Cross_Sell",126134,293030
"A. Pre_Cross_Sell",126141,293047
"A. Pre_Cross_Sell",126140,293055
"A. Pre_Cross_Sell",126149,293077
"A. Pre_Cross_Sell",126146,293080
"A. Pre_Cross_Sell",126152,293090
"A. Pre_Cross_Sell",126159,293098
"A. Pre_Cross_Sell",126161,293109
"A. Pre_Cross_Sell",126165,293121
"A. Pre_Cross_Sell",126169,293136
"A. Pre_Cross_Sell",126170,293137
"A. Pre_Cross_Sell",126180,293154
"A. Pre_Cross_Sell",126181,293157
"A. Pre_Cross_Sell",126198,293196
"A. Pre_Cross_Sell",126196,293197
"A. Pre_Cross_Sell",126197,293201
"A. Pre_Cross_Sell",126201,293211
"A. Pre_Cross_Sell",126202,293215
"A. Pre_Cross_Sell",126203,293216
"A. Pre_Cross_Sell",126205,293227
"A. Pre_Cross_Sell",126209,293245
"A. Pre_Cross_Sell",126211,293246
"A. Pre_Cross_Sell",126214,293256
"A. Pre_Cross_Sell",126213,293257
"A. Pre_Cross_Sell",126215,293264
"A. Pre_Cross_Sell",126223,293280
"A. Pre_Cross_Sell",126224,293289
"A. Pre_Cross_Sell",126227,293296
"A. Pre_Cross_Sell",126239,293328
"A. Pre_Cross_Sell",126252,293349
"A. Pre_Cross_Sell",126254,293362
"A. Pre_Cross_Sell",126257,293374
"A. Pre_Cross_Sell",126261,293384
"A. Pre_Cross_Sell",126263,293386
"A. Pre_Cross_Sell",126288,293433
"A. Pre_Cross_Sell",126282,293434
"A. Pre_Cross_Sell",126293,293453
"A. Pre_Cross_Sell",126308,293478
"A. Pre_Cross_Sell",126326,293514
"A. Pre_Cross_Sell",126329,293527
"A. Pre_Cross_Sell",126334,293537
"A. Pre_Cross_Sell",126348,293568
"A. Pre_Cross_Sell",126351,293575
"A. Pre_Cross_Sell",126350,293577
"A. Pre_Cross_Sell",126358,293596
"A. Pre_Cross_Sell",126363,293611
"A. Pre_Cross_Sell",126372,293626
"A. Pre_Cross_Sell",126389,293658
"A. Pre_Cross_Sell",126392,293666
"A. Pre_Cross_Sell",126394,293672
"A. Pre_Cross_Sell",126405,293693
"A. Pre_Cross_Sell",126408,293702
"A. Pre_Cross_Sell",126410,293712
"A. Pre_Cross_Sell",126418,293730
"A. Pre_Cross_Sell",126430,293754
"A. Pre_Cross_Sell",126434,293765
"A. Pre_Cross_Sell",126440,293783
"A. Pre_Cross_Sell",126442,293784
"A. Pre_Cross_Sell",126448,293804
"A. Pre_Cross_Sell",126450,293808
"A. Pre_Cross_Sell",126457,293834
"A. Pre_Cross_Sell",126470,293851
"A. Pre_Cross_Sell",126475,293868
"A. Pre_Cross_Sell",126484,293885
"A. Pre_Cross_Sell",126493,293906
"A. Pre_Cross_Sell",126501,293917
"A. Pre_Cross_Sell",126505,293928
"A. Pre_Cross_Sell",126515,293945
"A. Pre_Cross_Sell",126514,293949
"A. Pre_Cross_Sell",126525,293972
"A. Pre_Cross_Sell",126533,293989
"A. Pre_Cross_Sell",126536,293993
"A. Pre_Cross_Sell",126553,294023
"A. Pre_Cross_Sell",126563,294041
"A. Pre_Cross_Sell",126559,294042
"A. Pre_Cross_Sell",126577,294075
"A. Pre_Cross_Sell",126586,294098
"A. Pre_Cross_Sell",126589,294109
"A. Pre_Cross_Sell",126595,294128
"A. Pre_Cross_Sell",126606,294141
"A. Pre_Cross_Sell",126610,294151
"A. Pre_Cross_Sell",126611,294152
"A. Pre_Cross_Sell",126619,294175
"A. Pre_Cross_Sell",126620,294178
"A. Pre_Cross_Sell",126624,294201
"A. Pre_Cross_Sell",126630,294205
"A. Pre_Cross_Sell",126626,294206
"A. Pre_Cross_Sell",126631,294215
"A. Pre_Cross_Sell",126629,294216
"A. Pre_Cross_Sell",126632,294219
"A. Pre_Cross_Sell",126633,294220
"A. Pre_Cross_Sell",126643,294247
"A. Pre_Cross_Sell",126652,294268
"A. Pre_Cross_Sell",126659,294287
"A. Pre_Cross_Sell",126664,294296
"A. Pre_Cross_Sell",126666,294299
"A. Pre_Cross_Sell",126669,294313
"A. Pre_Cross_Sell",126675,294321
"A. Pre_Cross_Sell",126678,294329
"A. Pre_Cross_Sell",126682,294338
"A. Pre_Cross_Sell",126691,294364
"A. Pre_Cross_Sell",126692,294367
"A. Pre_Cross_Sell",126702,294395
"A. Pre_Cross_Sell",126712,294416
"A. Pre_Cross_Sell",126714,294423
"A. Pre_Cross_Sell",126715,294429
"A. Pre_Cross_Sell",126718,294435
"A. Pre_Cross_Sell",126723,294445
"A. Pre_Cross_Sell",126730,294467
"A. Pre_Cross_Sell",126736,294483
"A. Pre_Cross_Sell",126738,294490
"A. Pre_Cross_Sell",126756,294518
"A. Pre_Cross_Sell",126768,294545
"A. Pre_Cross_Sell",126772,294553
"A. Pre_Cross_Sell",126779,294569
"A. Pre_Cross_Sell",126782,294575
"A. Pre_Cross_Sell",126786,294589
"A. Pre_Cross_Sell",126792,294603
"A. Pre_Cross_Sell",126801,294621
"A. Pre_Cross_Sell",126803,294630
"A. Pre_Cross_Sell",126815,294648
"A. Pre_Cross_Sell",126816,294652
"A. Pre_Cross_Sell",126820,294672
"A. Pre_Cross_Sell",126833,294692
"A. Pre_Cross_Sell",126836,294704
"A. Pre_Cross_Sell",126850,294736
"A. Pre_Cross_Sell",126858,294756
"A. Pre_Cross_Sell",126856,294759
"A. Pre_Cross_Sell",126859,294771
"A. Pre_Cross_Sell",126863,294772
"A. Pre_Cross_Sell",126861,294778
"A. Pre_Cross_Sell",126867,294792
"A. Pre_Cross_Sell",126873,294802
"A. Pre_Cross_Sell",126871,294804
"A. Pre_Cross_Sell",126878,294818
"A. Pre_Cross_Sell",126880,294827
"A. Pre_Cross_Sell",126890,294851
"A. Pre_Cross_Sell",126888,294852
"A. Pre_Cross_Sell",126894,294869
"A. Pre_Cross_Sell",126899,294875
"A. Pre_Cross_Sell",126906,294906
"A. Pre_Cross_Sell",126925,294935
"A. Pre_Cross_Sell",126933,294950
"A. Pre_Cross_Sell",126937,294963
"A. Pre_Cross_Sell",126948,294992
"A. Pre_Cross_Sell",126944,294993
"A. Pre_Cross_Sell",126968,295028
"A. Pre_Cross_Sell",126969,295034
"A. Pre_Cross_Sell",126977,295046
"A. Pre_Cross_Sell",126980,295058
"A. Pre_Cross_Sell",126981,295068
"A. Pre_Cross_Sell",126986,295079
"A. Pre_Cross_Sell",126989,295090
"A. Pre_Cross_Sell",127004,295116
"A. Pre_Cross_Sell",127001,295117
"A. Pre_Cross_Sell",127026,295166
"A. Pre_Cross_Sell",127033,295172
"A. Pre_Cross_Sell",127038,295190
"A. Pre_Cross_Sell",127042,295217
"A. Pre_Cross_Sell",127055,295233
"A. Pre_Cross_Sell",127056,295235
"A. Pre_Cross_Sell",127057,295243
"A. Pre_Cross_Sell",127065,295262
"A. Pre_Cross_Sell",127063,295266
"A. Pre_Cross_Sell",127073,295281
"A. Pre_Cross_Sell",127076,295291
"A. Pre_Cross_Sell",127078,295300
"A. Pre_Cross_Sell",127094,295330
"A. Pre_Cross_Sell",127093,295332
"A. Pre_Cross_Sell",127101,295346
"A. Pre_Cross_Sell",127103,295354
"A. Pre_Cross_Sell",127108,295370
"A. Pre_Cross_Sell",127105,295371
"A. Pre_Cross_Sell",127112,295385
"A. Pre_Cross_Sell",127132,295429
"A. Pre_Cross_Sell",127135,295439
"A. Pre_Cross_Sell",127145,295464
"A. Pre_Cross_Sell",127151,295479
"A. Pre_Cross_Sell",127155,295491
"A. Pre_Cross_Sell",127157,295502
"A. Pre_Cross_Sell",127160,295507
"A. Pre_Cross_Sell",127161,295515
"A. Pre_Cross_Sell",127162,295521
"A. Pre_Cross_Sell",127175,295545
"A. Pre_Cross_Sell",127194,295582
"A. Pre_Cross_Sell",127198,295591
"A. Pre_Cross_Sell",127201,295601
"A. Pre_Cross_Sell",127218,295635
"A. Pre_Cross_Sell",127229,295652
"A. Pre_Cross_Sell",127230,295657
"A. Pre_Cross_Sell",127232,295666
"A. Pre_Cross_Sell",127235,295672
"A. Pre_Cross_Sell",127239,295686
"A. Pre_Cross_Sell",127260,295731
"A. Pre_Cross_Sell",127264,295739
"A. Pre_Cross_Sell",127272,295760
"A. Pre_Cross_Sell",127277,295773
"A. Pre_Cross_Sell",127280,295781
"A. Pre_Cross_Sell",127290,295807
"A. Pre_Cross_Sell",127294,295816
"A. Pre_Cross_Sell",127295,295820
"A. Pre_Cross_Sell",127300,295832
"A. Pre_Cross_Sell",127306,295845
"A. Pre_Cross_Sell",127314,295863
"A. Pre_Cross_Sell",127318,295872
"A. Pre_Cross_Sell",127326,295891
"A. Pre_Cross_Sell",127328,295897
"A. Pre_Cross_Sell",127330,295906
"A. Pre_Cross_Sell",127334,295916
"A. Pre_Cross_Sell",127335,295917
"A. Pre_Cross_Sell",127340,295931
"A. Pre_Cross_Sell",127346,295940
"A. Pre_Cross_Sell",127347,295948
"A. Pre_Cross_Sell",127351,295959
"A. Pre_Cross_Sell",127353,295968
"A. Pre_Cross_Sell",127361,295984
"A. Pre_Cross_Sell",127370,296004
"A. Pre_Cross_Sell",127371,296011
"A. Pre_Cross_Sell",127385,296036
"A. Pre_Cross_Sell",127394,296061
"A. Pre_Cross_Sell",127393,296065
"A. Pre_Cross_Sell",127395,296072
"A. Pre_Cross_Sell",127403,296092
"A. Pre_Cross_Sell",127405,296100
"A. Pre_Cross_Sell",127404,296101
"A. Pre_Cross_Sell",127409,296112
"A. Pre_Cross_Sell",127416,296128
"A. Pre_Cross_Sell",127418,296139
"A. Pre_Cross_Sell",127420,296141
"A. Pre_Cross_Sell",127436,296181
"A. Pre_Cross_Sell",127442,296192
"A. Pre_Cross_Sell",127451,296218
"A. Pre_Cross_Sell",127458,296232
"A. Pre_Cross_Sell",127475,296258
"A. Pre_Cross_Sell",127477,296265
"A. Pre_Cross_Sell",127476,296267
"A. Pre_Cross_Sell",127480,296277
"A. Pre_Cross_Sell",127486,296296
"A. Pre_Cross_Sell",127485,296297
"A. Pre_Cross_Sell",127484,296298
"A. Pre_Cross_Sell",127490,296311
"A. Pre_Cross_Sell",127516,296360
"A. Pre_Cross_Sell",127517,296361
"A. Pre_Cross_Sell",127524,296381
"A. Pre_Cross_Sell",127526,296387
"A. Pre_Cross_Sell",127529,296396
"A. Pre_Cross_Sell",127534,296407
"A. Pre_Cross_Sell",127537,296416
"A. Pre_Cross_Sell",127538,296421
"A. Pre_Cross_Sell",127544,296437
"A. Pre_Cross_Sell",127546,296444
"A. Pre_Cross_Sell",127554,296461
"A. Pre_Cross_Sell",127557,296471
"A. Pre_Cross_Sell",127561,296481
"A. Pre_Cross_Sell",127567,296498
"A. Pre_Cross_Sell",127573,296514
"A. Pre_Cross_Sell",127580,296537
"A. Pre_Cross_Sell",127585,296544
"A. Pre_Cross_Sell",127589,296554
"A. Pre_Cross_Sell",127593,296571
"A. Pre_Cross_Sell",127596,296576
"A. Pre_Cross_Sell",127597,296580
"A. Pre_Cross_Sell",127605,296601
"A. Pre_Cross_Sell",127607,296607
"A. Pre_Cross_Sell",127617,296625
"A. Pre_Cross_Sell",127619,296636
"A. Pre_Cross_Sell",127620,296637
"A. Pre_Cross_Sell",127624,296649
"A. Pre_Cross_Sell",127626,296663
"A. Pre_Cross_Sell",127635,296681
"A. Pre_Cross_Sell",127640,296691
"A. Pre_Cross_Sell",127654,296725
"A. Pre_Cross_Sell",127655,296726
"A. Pre_Cross_Sell",127663,296751
"A. Pre_Cross_Sell",127688,296792
"A. Pre_Cross_Sell",127693,296808
"A. Pre_Cross_Sell",127694,296815
"A. Pre_Cross_Sell",127700,296830
"A. Pre_Cross_Sell",127705,296847
"A. Pre_Cross_Sell",127711,296863
"A. Pre_Cross_Sell",127716,296877
"A. Pre_Cross_Sell",127723,296888
"A. Pre_Cross_Sell",127724,296895
"A. Pre_Cross_Sell",127737,296917
"A. Pre_Cross_Sell",127741,296931
"A. Pre_Cross_Sell",127746,296942
"A. Pre_Cross_Sell",127747,296946
"A. Pre_Cross_Sell",127749,296956
"A. Pre_Cross_Sell",127752,296965
"A. Pre_Cross_Sell",127755,296971
"A. Pre_Cross_Sell",127765,296991
"A. Pre_Cross_Sell",127775,297010
"A. Pre_Cross_Sell",127786,297029
"A. Pre_Cross_Sell",127783,297030
"A. Pre_Cross_Sell",127792,297050
"A. Pre_Cross_Sell",127793,297056
"A. Pre_Cross_Sell",127794,297065
"A. Pre_Cross_Sell",127800,297073
"A. Pre_Cross_Sell",127812,297097
"A. Pre_Cross_Sell",127817,297112
"A. Pre_Cross_Sell",127821,297120
"A. Pre_Cross_Sell",127824,297129
"A. Pre_Cross_Sell",127827,297143
"A. Pre_Cross_Sell",127828,297146
"A. Pre_Cross_Sell",127830,297157
"A. Pre_Cross_Sell",127831,297160
"A. Pre_Cross_Sell",127832,297164
"A. Pre_Cross_Sell",127840,297180
"A. Pre_Cross_Sell",127844,297191
"A. Pre_Cross_Sell",127853,297212
"A. Pre_Cross_Sell",127860,297227
"A. Pre_Cross_Sell",127872,297249
"A. Pre_Cross_Sell",127873,297256
"A. Pre_Cross_Sell",127878,297266
"A. Pre_Cross_Sell",127880,297271
"A. Pre_Cross_Sell",127884,297282
"A. Pre_Cross_Sell",127889,297295
"A. Pre_Cross_Sell",127900,297318
"A. Pre_Cross_Sell",127908,297334
"A. Pre_Cross_Sell",127912,297345
"A. Pre_Cross_Sell",127913,297351
"A. Pre_Cross_Sell",127934,297387
"A. Pre_Cross_Sell",127936,297394
"A. Pre_Cross_Sell",127937,297395
"A. Pre_Cross_Sell",127942,297409
"A. Pre_Cross_Sell",127945,297415
"A. Pre_Cross_Sell",127946,297423
"A. Pre_Cross_Sell",127948,297435
"A. Pre_Cross_Sell",127951,297438
"A. Pre_Cross_Sell",127955,297454
"A. Pre_Cross_Sell",127959,297470
"A. Pre_Cross_Sell",127965,297477
"A. Pre_Cross_Sell",127968,297486
"A. Pre_Cross_Sell",127974,297504
"A. Pre_Cross_Sell",127976,297506
"A. Pre_Cross_Sell",127981,297519
"A. Pre_Cross_Sell",127989,297537
"A. Pre_Cross_Sell",127993,297544
"A. Pre_Cross_Sell",127998,297568
"A. Pre_Cross_Sell",128000,297570
"A. Pre_Cross_Sell",128005,297589
"A. Pre_Cross_Sell",128007,297599
"A. Pre_Cross_Sell",128012,297602
"A. Pre_Cross_Sell",128036,297657
"A. Pre_Cross_Sell",128037,297666
"A. Pre_Cross_Sell",128051,297693
"A. Pre_Cross_Sell",128054,297702
"A. Pre_Cross_Sell",128069,297730
"A. Pre_Cross_Sell",128076,297754
"A. Pre_Cross_Sell",128082,297760
"A. Pre_Cross_Sell",128084,297769
"A. Pre_Cross_Sell",128092,297788
"A. Pre_Cross_Sell",128095,297803
"A. Pre_Cross_Sell",128102,297825
"A. Pre_Cross_Sell",128115,297838
"A. Pre_Cross_Sell",128121,297850
"A. Pre_Cross_Sell",128129,297879
"A. Pre_Cross_Sell",128135,297893
"A. Pre_Cross_Sell",128150,297928
"A. Pre_Cross_Sell",128152,297935
"A. Pre_Cross_Sell",128157,297954
"A. Pre_Cross_Sell",128172,297981
"A. Pre_Cross_Sell",128175,297992
"A. Pre_Cross_Sell",128176,297994
"A. Pre_Cross_Sell",128178,298016
"A. Pre_Cross_Sell",128179,298017
"A. Pre_Cross_Sell",128190,298034
"A. Pre_Cross_Sell",128193,298043
"A. Pre_Cross_Sell",128208,298072
"A. Pre_Cross_Sell",128226,298105
"A. Pre_Cross_Sell",128224,298108
"A. Pre_Cross_Sell",128227,298119
"A. Pre_Cross_Sell",128229,298125
"A. Pre_Cross_Sell",128236,298144
"A. Pre_Cross_Sell",128239,298152
"A. Pre_Cross_Sell",128245,298166
"A. Pre_Cross_Sell",128249,298175
"A. Pre_Cross_Sell",128251,298181
"A. Pre_Cross_Sell",128261,298201
"A. Pre_Cross_Sell",128266,298221
"A. Pre_Cross_Sell",128269,298228
"A. Pre_Cross_Sell",128270,298230
"A. Pre_Cross_Sell",128276,298242
"A. Pre_Cross_Sell",128279,298248
"A. Pre_Cross_Sell",128281,298259
"A. Pre_Cross_Sell",128285,298271
"A. Pre_Cross_Sell",128288,298284
"A. Pre_Cross_Sell",128303,298314
"A. Pre_Cross_Sell",128302,298318
"A. Pre_Cross_Sell",128319,298346
"A. Pre_Cross_Sell",128328,298374
"A. Pre_Cross_Sell",128330,298376
"A. Pre_Cross_Sell",128345,298410
"A. Pre_Cross_Sell",128353,298429
"A. Pre_Cross_Sell",128373,298459
"A. Pre_Cross_Sell",128375,298470
"A. Pre_Cross_Sell",128391,298495
"A. Pre_Cross_Sell",128392,298512
"A. Pre_Cross_Sell",128395,298518
"A. Pre_Cross_Sell",128399,298521
"A. Pre_Cross_Sell",128404,298531
"A. Pre_Cross_Sell",128401,298535
"A. Pre_Cross_Sell",128407,298542
"A. Pre_Cross_Sell",128411,298556
"A. Pre_Cross_Sell",128415,298567
"A. Pre_Cross_Sell",128426,298590
"A. Pre_Cross_Sell",128429,298593
"A. Pre_Cross_Sell",128435,298608
"A. Pre_Cross_Sell",128434,298613
"A. Pre_Cross_Sell",128450,298649
"A. Pre_Cross_Sell",128467,298674
"A. Pre_Cross_Sell",128475,298691
"A. Pre_Cross_Sell",128479,298700
"A. Pre_Cross_Sell",128485,298710
"A. Pre_Cross_Sell",128497,298738
"A. Pre_Cross_Sell",128499,298746
"A. Pre_Cross_Sell",128501,298751
"A. Pre_Cross_Sell",128500,298752
"A. Pre_Cross_Sell",128502,298757
"A. Pre_Cross_Sell",128506,298779
"A. Pre_Cross_Sell",128508,298782
"A. Pre_Cross_Sell",128507,298784
"A. Pre_Cross_Sell",128520,298810
"A. Pre_Cross_Sell",128518,298813
"A. Pre_Cross_Sell",128528,298831
"A. Pre_Cross_Sell",128531,298840
"A. Pre_Cross_Sell",128539,298857
"A. Pre_Cross_Sell",128537,298858
"A. Pre_Cross_Sell",128547,298880
"A. Pre_Cross_Sell",128559,298904
"A. Pre_Cross_Sell",128561,298906
"A. Pre_Cross_Sell",128573,298938
"A. Pre_Cross_Sell",128579,298952
"A. Pre_Cross_Sell",128582,298956
"A. Pre_Cross_Sell",128584,298960
"A. Pre_Cross_Sell",128589,298979
"A. Pre_Cross_Sell",128590,298983
"A. Pre_Cross_Sell",128588,298984
"A. Pre_Cross_Sell",128594,298996
"A. Pre_Cross_Sell",128596,299004
"A. Pre_Cross_Sell",128597,299017
"A. Pre_Cross_Sell",128600,299024
"A. Pre_Cross_Sell",128611,299050
"A. Pre_Cross_Sell",128617,299065
"A. Pre_Cross_Sell",128620,299071
"A. Pre_Cross_Sell",128625,299080
"A. Pre_Cross_Sell",128629,299089
"A. Pre_Cross_Sell",128634,299102
"A. Pre_Cross_Sell",128635,299108
"A. Pre_Cross_Sell",128642,299123
"A. Pre_Cross_Sell",128653,299145
"A. Pre_Cross_Sell",128654,299150
"A. Pre_Cross_Sell",128659,299162
"A. Pre_Cross_Sell",128664,299179
"A. Pre_Cross_Sell",128680,299216
"A. Pre_Cross_Sell",128683,299220
"A. Pre_Cross_Sell",128684,299226
"A. Pre_Cross_Sell",128685,299231
"A. Pre_Cross_Sell",128704,299277
"A. Pre_Cross_Sell",128705,299283
"A. Pre_Cross_Sell",128709,299293
"A. Pre_Cross_Sell",128717,299305
"A. Pre_Cross_Sell",128725,299328
"A. Pre_Cross_Sell",128735,299348
"A. Pre_Cross_Sell",128736,299350
"A. Pre_Cross_Sell",128757,299393
"A. Pre_Cross_Sell",128760,299402
"A. Pre_Cross_Sell",128763,299411
"A. Pre_Cross_Sell",128764,299414
"A. Pre_Cross_Sell",128766,299418
"A. Pre_Cross_Sell",128767,299433
"A. Pre_Cross_Sell",128775,299445
"A. Pre_Cross_Sell",128783,299463
"A. Pre_Cross_Sell",128790,299484
"A. Pre_Cross_Sell",128792,299486
"A. Pre_Cross_Sell",128794,299501
"A. Pre_Cross_Sell",128797,299510
"A. Pre_Cross_Sell",128800,299520
"A. Pre_Cross_Sell",128815,299547
"A. Pre_Cross_Sell",128817,299553
"A. Pre_Cross_Sell",128816,299561
"A. Pre_Cross_Sell",128845,299620
"A. Pre_Cross_Sell",128849,299628
"A. Pre_Cross_Sell",128864,299657
"A. Pre_Cross_Sell",128861,299660
"A. Pre_Cross_Sell",128867,299672
"A. Pre_Cross_Sell",128866,299682
"A. Pre_Cross_Sell",128874,299687
"A. Pre_Cross_Sell",128879,299702
"A. Pre_Cross_Sell",128882,299709
"A. Pre_Cross_Sell",128885,299726
"A. Pre_Cross_Sell",128890,299732
"A. Pre_Cross_Sell",128891,299736
"A. Pre_Cross_Sell",128893,299740
"A. Pre_Cross_Sell",128896,299750
"A. Pre_Cross_Sell",128900,299761
"A. Pre_Cross_Sell",128902,299765
"A. Pre_Cross_Sell",128904,299775
"A. Pre_Cross_Sell",128913,299805
"A. Pre_Cross_Sell",128919,299807
"A. Pre_Cross_Sell",128922,299813
"A. Pre_Cross_Sell",128925,299819
"A. Pre_Cross_Sell",128932,299835
"A. Pre_Cross_Sell",128935,299845
"A. Pre_Cross_Sell",128937,299847
"A. Pre_Cross_Sell",128942,299860
"A. Pre_Cross_Sell",128943,299867
"A. Pre_Cross_Sell",128952,299888
"A. Pre_Cross_Sell",128953,299895
"A. Pre_Cross_Sell",128954,299902
"A. Pre_Cross_Sell",128959,299919
"A. Pre_Cross_Sell",128960,299921
"A. Pre_Cross_Sell",128966,299934
"A. Pre_Cross_Sell",128967,299944
"A. Pre_Cross_Sell",128968,299948
"A. Pre_Cross_Sell",128986,299983
"A. Pre_Cross_Sell",128988,299987
"A. Pre_Cross_Sell",128994,299998
"A. Pre_Cross_Sell",128997,300007
"A. Pre_Cross_Sell",129007,300033
"A. Pre_Cross_Sell",129009,300041
"A. Pre_Cross_Sell",129010,300049
"A. Pre_Cross_Sell",129018,300067
"A. Pre_Cross_Sell",129022,300077
"A. Pre_Cross_Sell",129023,300086
"A. Pre_Cross_Sell",129030,300100
"A. Pre_Cross_Sell",129040,300126
"A. Pre_Cross_Sell",129042,300132
"A. Pre_Cross_Sell",129043,300139
"A. Pre_Cross_Sell",129058,300173
"A. Pre_Cross_Sell",129062,300186
"A. Pre_Cross_Sell",129071,300209
"A. Pre_Cross_Sell",129073,300213
"A. Pre_Cross_Sell",129078,300230
"A. Pre_Cross_Sell",129082,300241
"A. Pre_Cross_Sell",129084,300253
"A. Pre_Cross_Sell",129095,300268
"A. Pre_Cross_Sell",129103,300299
"A. Pre_Cross_Sell",129109,300301
"A. Pre_Cross_Sell",129122,300321
"A. Pre_Cross_Sell",129129,300331
"A. Pre_Cross_Sell",129130,300334
"A. Pre_Cross_Sell",129134,300352
"A. Pre_Cross_Sell",129133,300356
"A. Pre_Cross_Sell",129143,300373
"A. Pre_Cross_Sell",129149,300382
"A. Pre_Cross_Sell",129157,300407
"A. Pre_Cross_Sell",129175,300447
"A. Pre_Cross_Sell",129190,300481
"A. Pre_Cross_Sell",129199,300499
"A. Pre_Cross_Sell",129206,300514
"A. Pre_Cross_Sell",129207,300518
"A. Pre_Cross_Sell",129205,300520
"A. Pre_Cross_Sell",129211,300534
"A. Pre_Cross_Sell",129221,300555
"A. Pre_Cross_Sell",129229,300573
"A. Pre_Cross_Sell",129230,300579
"A. Pre_Cross_Sell",129232,300587
"A. Pre_Cross_Sell",129235,300596
"A. Pre_Cross_Sell",129253,300635
"A. Pre_Cross_Sell",129265,300659
"A. Pre_Cross_Sell",129266,300663
"A. Pre_Cross_Sell",129271,300674
"A. Pre_Cross_Sell",129274,300681
"A. Pre_Cross_Sell",129279,300697
"A. Pre_Cross_Sell",129280,300699
"A. Pre_Cross_Sell",129298,300741
"A. Pre_Cross_Sell",129299,300750
"A. Pre_Cross_Sell",129300,300754
"A. Pre_Cross_Sell",129302,300760
"A. Pre_Cross_Sell",129304,300769
"A. Pre_Cross_Sell",129315,300786
"A. Pre_Cross_Sell",129321,300804
"A. Pre_Cross_Sell",129326,300812
"A. Pre_Cross_Sell",129329,300819
"A. Pre_Cross_Sell",129335,300835
"A. Pre_Cross_Sell",129345,300852
"A. Pre_Cross_Sell",129347,300855
"A. Pre_Cross_Sell",129349,300863
"A. Pre_Cross_Sell",129350,300865
"A. Pre_Cross_Sell",129352,300874
"A. Pre_Cross_Sell",129353,300883
"A. Pre_Cross_Sell",129357,300889
"A. Pre_Cross_Sell",129363,300901
"A. Pre_Cross_Sell",129365,300910
"A. Pre_Cross_Sell",129364,300911
"A. Pre_Cross_Sell",129366,300914
"A. Pre_Cross_Sell",129368,300922
"A. Pre_Cross_Sell",129378,300947
"A. Pre_Cross_Sell",129380,300955
"A. Pre_Cross_Sell",129386,300967
"A. Pre_Cross_Sell",129389,300974
"A. Pre_Cross_Sell",129390,300977
"A. Pre_Cross_Sell",129393,300988
"A. Pre_Cross_Sell",129402,301009
"A. Pre_Cross_Sell",129401,301010
"A. Pre_Cross_Sell",129403,301012
"A. Pre_Cross_Sell",129413,301037
"A. Pre_Cross_Sell",129417,301047
"A. Pre_Cross_Sell",129415,301048
"A. Pre_Cross_Sell",129429,301073
"A. Pre_Cross_Sell",129445,301109
"A. Pre_Cross_Sell",129448,301114
"A. Pre_Cross_Sell",129449,301122
"A. Pre_Cross_Sell",129452,301129
"A. Pre_Cross_Sell",129458,301141
"A. Pre_Cross_Sell",129459,301145
"A. Pre_Cross_Sell",129468,301164
"A. Pre_Cross_Sell",129470,301170
"A. Pre_Cross_Sell",129472,301178
"A. Pre_Cross_Sell",129480,301197
"A. Pre_Cross_Sell",129479,301198
"A. Pre_Cross_Sell",129486,301211
"A. Pre_Cross_Sell",129489,301217
"A. Pre_Cross_Sell",129492,301229
"A. Pre_Cross_Sell",129494,301237
"A. Pre_Cross_Sell",129500,301251
"A. Pre_Cross_Sell",129501,301258
"A. Pre_Cross_Sell",129516,301288
"A. Pre_Cross_Sell",129517,301292
"A. Pre_Cross_Sell",129518,301303
"A. Pre_Cross_Sell",129520,301307
"A. Pre_Cross_Sell",129526,301325
"A. Pre_Cross_Sell",129527,301326
"A. Pre_Cross_Sell",129529,301333
"A. Pre_Cross_Sell",129532,301339
"A. Pre_Cross_Sell",129549,301375
"A. Pre_Cross_Sell",129555,301388
"A. Pre_Cross_Sell",129562,301408
"A. Pre_Cross_Sell",129573,301430
"A. Pre_Cross_Sell",129576,301446
"A. Pre_Cross_Sell",129578,301451
"A. Pre_Cross_Sell",129593,301480
"A. Pre_Cross_Sell",129598,301493
"A. Pre_Cross_Sell",129604,301505
"A. Pre_Cross_Sell",129603,301507
"A. Pre_Cross_Sell",129611,301527
"A. Pre_Cross_Sell",129622,301549
"A. Pre_Cross_Sell",129625,301558
"A. Pre_Cross_Sell",129626,301565
"A. Pre_Cross_Sell",129632,301579
"A. Pre_Cross_Sell",129634,301585
"A. Pre_Cross_Sell",129643,301600
"A. Pre_Cross_Sell",129645,301608
"A. Pre_Cross_Sell",129654,301628
"A. Pre_Cross_Sell",129655,301634
"A. Pre_Cross_Sell",129661,301650
"A. Pre_Cross_Sell",129663,301656
"A. Pre_Cross_Sell",129666,301666
"A. Pre_Cross_Sell",129679,301696
"A. Pre_Cross_Sell",129686,301712
"A. Pre_Cross_Sell",129703,301748
"A. Pre_Cross_Sell",129705,301759
"A. Pre_Cross_Sell",129718,301778
"A. Pre_Cross_Sell",129727,301812
"A. Pre_Cross_Sell",129731,301816
"A. Pre_Cross_Sell",129732,301827
"A. Pre_Cross_Sell",129734,301834
"A. Pre_Cross_Sell",129735,301842
"A. Pre_Cross_Sell",129739,301850
"A. Pre_Cross_Sell",129747,301860
"A. Pre_Cross_Sell",129745,301861
"A. Pre_Cross_Sell",129749,301868
"A. Pre_Cross_Sell",129751,301877
"A. Pre_Cross_Sell",129753,301886
"A. Pre_Cross_Sell",129758,301900
"A. Pre_Cross_Sell",129766,301917
"A. Pre_Cross_Sell",129773,301933
"A. Pre_Cross_Sell",129791,301971
"A. Pre_Cross_Sell",129793,301976
"A. Pre_Cross_Sell",129797,301987
"A. Pre_Cross_Sell",129802,301997
"A. Pre_Cross_Sell",129812,302028
"A. Pre_Cross_Sell",129814,302029
"A. Pre_Cross_Sell",129816,302033
"A. Pre_Cross_Sell",129822,302047
"A. Pre_Cross_Sell",129827,302054
"A. Pre_Cross_Sell",129829,302064
"A. Pre_Cross_Sell",129841,302094
"A. Pre_Cross_Sell",129852,302117
"A. Pre_Cross_Sell",129857,302131
"A. Pre_Cross_Sell",129858,302136
"A. Pre_Cross_Sell",129863,302151
"A. Pre_Cross_Sell",129865,302163
"A. Pre_Cross_Sell",129868,302169
"A. Pre_Cross_Sell",129869,302174
"A. Pre_Cross_Sell",129877,302188
"A. Pre_Cross_Sell",129885,302205
"A. Pre_Cross_Sell",129886,302209
"A. Pre_Cross_Sell",129890,302216
"A. Pre_Cross_Sell",129891,302221
"A. Pre_Cross_Sell",129894,302228
"A. Pre_Cross_Sell",129903,302250
"A. Pre_Cross_Sell",129905,302252
"A. Pre_Cross_Sell",129918,302282
"A. Pre_Cross_Sell",129922,302297
"A. Pre_Cross_Sell",129923,302298
"A. Pre_Cross_Sell",129932,302322
"A. Pre_Cross_Sell",129936,302325
"A. Pre_Cross_Sell",129940,302340
"A. Pre_Cross_Sell",129941,302346
"A. Pre_Cross_Sell",129946,302355
"A. Pre_Cross_Sell",129961,302382
"A. Pre_Cross_Sell",129965,302399
"A. Pre_Cross_Sell",129970,302405
"A. Pre_Cross_Sell",129979,302429
"A. Pre_Cross_Sell",129989,302442
"A. Pre_Cross_Sell",129993,302452
"A. Pre_Cross_Sell",129999,302463
"A. Pre_Cross_Sell",130007,302485
"A. Pre_Cross_Sell",130018,302509
"A. Pre_Cross_Sell",130022,302516
"A. Pre_Cross_Sell",130035,302546
"A. Pre_Cross_Sell",130034,302548
"A. Pre_Cross_Sell",130039,302559
"A. Pre_Cross_Sell",130041,302569
"A. Pre_Cross_Sell",130053,302599
"A. Pre_Cross_Sell",130057,302605
"A. Pre_Cross_Sell",130060,302616
"A. Pre_Cross_Sell",130061,302621
"A. Pre_Cross_Sell",130066,302642
"A. Pre_Cross_Sell",130069,302657
"A. Pre_Cross_Sell",130070,302658
"A. Pre_Cross_Sell",130074,302666
"A. Pre_Cross_Sell",130085,302694
"A. Pre_Cross_Sell",130084,302696
"A. Pre_Cross_Sell",130088,302708
"A. Pre_Cross_Sell",130108,302749
"A. Pre_Cross_Sell",130111,302752
"A. Pre_Cross_Sell",130121,302780
"A. Pre_Cross_Sell",130128,302788
"A. Pre_Cross_Sell",130148,302833
"A. Pre_Cross_Sell",130162,302855
"A. Pre_Cross_Sell",130163,302862
"A. Pre_Cross_Sell",130171,302879
"A. Pre_Cross_Sell",130173,302884
"A. Pre_Cross_Sell",130172,302885
"A. Pre_Cross_Sell",130179,302895
"A. Pre_Cross_Sell",130181,302901
"A. Pre_Cross_Sell",130187,302910
"A. Pre_Cross_Sell",130192,302917
"A. Pre_Cross_Sell",130195,302924
"A. Pre_Cross_Sell",130200,302942
"A. Pre_Cross_Sell",130213,302967
"A. Pre_Cross_Sell",130221,302986
"A. Pre_Cross_Sell",130227,302999
"A. Pre_Cross_Sell",130224,303005
"A. Pre_Cross_Sell",130232,303022
"A. Pre_Cross_Sell",130244,303041
"A. Pre_Cross_Sell",130245,303046
"A. Pre_Cross_Sell",130247,303051
"A. Pre_Cross_Sell",130250,303065
"A. Pre_Cross_Sell",130256,303076
"A. Pre_Cross_Sell",130263,303096
"A. Pre_Cross_Sell",130261,303097
"A. Pre_Cross_Sell",130269,303117
"A. Pre_Cross_Sell",130271,303120
"A. Pre_Cross_Sell",130273,303131
"A. Pre_Cross_Sell",130277,303135
"A. Pre_Cross_Sell",130274,303141
"A. Pre_Cross_Sell",130279,303143
"A. Pre_Cross_Sell",130287,303168
"A. Pre_Cross_Sell",130295,303185
"A. Pre_Cross_Sell",130297,303196
"A. Pre_Cross_Sell",130300,303199
"A. Pre_Cross_Sell",130304,303215
"A. Pre_Cross_Sell",130308,303220
"A. Pre_Cross_Sell",130320,303249
"A. Pre_Cross_Sell",130324,303263
"A. Pre_Cross_Sell",130328,303269
"A. Pre_Cross_Sell",130332,303291
"A. Pre_Cross_Sell",130337,303294
"A. Pre_Cross_Sell",130338,303300
"A. Pre_Cross_Sell",130341,303310
"A. Pre_Cross_Sell",130345,303324
"A. Pre_Cross_Sell",130346,303334
"A. Pre_Cross_Sell",130351,303344
"A. Pre_Cross_Sell",130353,303350
"A. Pre_Cross_Sell",130355,303356
"A. Pre_Cross_Sell",130357,303367
"A. Pre_Cross_Sell",130359,303376
"A. Pre_Cross_Sell",130358,303377
"A. Pre_Cross_Sell",130363,303388
"A. Pre_Cross_Sell",130365,303398
"A. Pre_Cross_Sell",130368,303410
"A. Pre_Cross_Sell",130372,303427
"A. Pre_Cross_Sell",130381,303441
"A. Pre_Cross_Sell",130384,303449
"A. Pre_Cross_Sell",130387,303462
"A. Pre_Cross_Sell",130392,303479
"A. Pre_Cross_Sell",130396,303489
"A. Pre_Cross_Sell",130426,303547
"A. Pre_Cross_Sell",130429,303553
"A. Pre_Cross_Sell",130437,303573
"A. Pre_Cross_Sell",130439,303584
"A. Pre_Cross_Sell",130445,303596
"A. Pre_Cross_Sell",130446,303600
"A. Pre_Cross_Sell",130454,303620
"A. Pre_Cross_Sell",130453,303622
"A. Pre_Cross_Sell",130457,303635
"A. Pre_Cross_Sell",130478,303670
"A. Pre_Cross_Sell",130480,303679
"A. Pre_Cross_Sell",130487,303696
"A. Pre_Cross_Sell",130490,303704
"A. Pre_Cross_Sell",130492,303715
"A. Pre_Cross_Sell",130499,303742
"A. Pre_Cross_Sell",130508,303764
"A. Pre_Cross_Sell",130511,303772
"A. Pre_Cross_Sell",130513,303786
"A. Pre_Cross_Sell",130520,303796
"A. Pre_Cross_Sell",130525,303808
"A. Pre_Cross_Sell",130539,303836
"A. Pre_Cross_Sell",130557,303870
"A. Pre_Cross_Sell",130574,303915
"A. Pre_Cross_Sell",130582,303925
"A. Pre_Cross_Sell",130590,303944
"A. Pre_Cross_Sell",130592,303951
"A. Pre_Cross_Sell",130604,303989
"A. Pre_Cross_Sell",130606,303991
"A. Pre_Cross_Sell",130602,303995
"A. Pre_Cross_Sell",130603,303997
"A. Pre_Cross_Sell",130608,304008
"A. Pre_Cross_Sell",130609,304013
"A. Pre_Cross_Sell",130612,304020
"A. Pre_Cross_Sell",130618,304038
"A. Pre_Cross_Sell",130626,304049
"A. Pre_Cross_Sell",130633,304065
"A. Pre_Cross_Sell",130643,304085
"A. Pre_Cross_Sell",130645,304087
"A. Pre_Cross_Sell",130651,304108
"A. Pre_Cross_Sell",130652,304109
"A. Pre_Cross_Sell",130658,304125
"A. Pre_Cross_Sell",130660,304130
"A. Pre_Cross_Sell",130659,304131
"A. Pre_Cross_Sell",130663,304142
"A. Pre_Cross_Sell",130667,304154
"A. Pre_Cross_Sell",130672,304170
"A. Pre_Cross_Sell",130678,304177
"A. Pre_Cross_Sell",130685,304192
"A. Pre_Cross_Sell",130698,304218
"A. Pre_Cross_Sell",130697,304221
"A. Pre_Cross_Sell",130700,304228
"A. Pre_Cross_Sell",130702,304235
"A. Pre_Cross_Sell",130721,304272
"A. Pre_Cross_Sell",130723,304276
"A. Pre_Cross_Sell",130725,304277
"A. Pre_Cross_Sell",130728,304286
"A. Pre_Cross_Sell",130729,304299
"A. Pre_Cross_Sell",130736,304317
"A. Pre_Cross_Sell",130739,304340
"A. Pre_Cross_Sell",130743,304341
"A. Pre_Cross_Sell",130742,304342
"A. Pre_Cross_Sell",130741,304348
"A. Pre_Cross_Sell",130747,304351
"A. Pre_Cross_Sell",130749,304361
"A. Pre_Cross_Sell",130751,304369
"A. Pre_Cross_Sell",130755,304385
"A. Pre_Cross_Sell",130759,304387
"A. Pre_Cross_Sell",130760,304390
"A. Pre_Cross_Sell",130761,304397
"A. Pre_Cross_Sell",130780,304437
"A. Pre_Cross_Sell",130785,304446
"A. Pre_Cross_Sell",130786,304452
"A. Pre_Cross_Sell",130792,304464
"A. Pre_Cross_Sell",130795,304477
"A. Pre_Cross_Sell",130800,304488
"A. Pre_Cross_Sell",130805,304505
"A. Pre_Cross_Sell",130802,304507
"A. Pre_Cross_Sell",130810,304519
"A. Pre_Cross_Sell",130813,304534
"A. Pre_Cross_Sell",130814,304535
"A. Pre_Cross_Sell",130816,304552
"A. Pre_Cross_Sell",130819,304558
"A. Pre_Cross_Sell",130820,304560
"A. Pre_Cross_Sell",130828,304577
"A. Pre_Cross_Sell",130832,304586
"A. Pre_Cross_Sell",130839,304597
"A. Pre_Cross_Sell",130838,304599
"A. Pre_Cross_Sell",130841,304608
"A. Pre_Cross_Sell",130849,304622
"A. Pre_Cross_Sell",130854,304631
"A. Pre_Cross_Sell",130866,304663
"A. Pre_Cross_Sell",130870,304668
"A. Pre_Cross_Sell",130878,304682
"A. Pre_Cross_Sell",130890,304708
"A. Pre_Cross_Sell",130899,304725
"A. Pre_Cross_Sell",130900,304729
"A. Pre_Cross_Sell",130904,304742
"A. Pre_Cross_Sell",130906,304748
"A. Pre_Cross_Sell",130916,304766
"A. Pre_Cross_Sell",130915,304770
"A. Pre_Cross_Sell",130918,304780
"A. Pre_Cross_Sell",130923,304791
"A. Pre_Cross_Sell",130929,304807
"A. Pre_Cross_Sell",130937,304824
"A. Pre_Cross_Sell",130939,304826
"A. Pre_Cross_Sell",130945,304847
"A. Pre_Cross_Sell",130946,304854
"A. Pre_Cross_Sell",130950,304863
"A. Pre_Cross_Sell",130952,304874
"A. Pre_Cross_Sell",130958,304895
"A. Pre_Cross_Sell",130961,304901
"A. Pre_Cross_Sell",130992,304958
"A. Pre_Cross_Sell",130990,304959
"A. Pre_Cross_Sell",130995,304971
"A. Pre_Cross_Sell",131007,304994
"A. Pre_Cross_Sell",131012,305011
"A. Pre_Cross_Sell",131015,305019
"A. Pre_Cross_Sell",131025,305037
"A. Pre_Cross_Sell",131026,305045
"A. Pre_Cross_Sell",131030,305061
"A. Pre_Cross_Sell",131033,305062
"A. Pre_Cross_Sell",131038,305074
"A. Pre_Cross_Sell",131045,305094
"A. Pre_Cross_Sell",131058,305109
"A. Pre_Cross_Sell",131060,305115
"A. Pre_Cross_Sell",131080,305159
"A. Pre_Cross_Sell",131084,305171
"A. Pre_Cross_Sell",131096,305195
"A. Pre_Cross_Sell",131110,305224
"A. Pre_Cross_Sell",131118,305251
"A. Pre_Cross_Sell",131136,305283
"A. Pre_Cross_Sell",131142,305299
"A. Pre_Cross_Sell",131160,305329
"A. Pre_Cross_Sell",131166,305354
"A. Pre_Cross_Sell",131167,305357
"A. Pre_Cross_Sell",131175,305376
"A. Pre_Cross_Sell",131191,305402
"A. Pre_Cross_Sell",131201,305435
"A. Pre_Cross_Sell",131209,305445
"A. Pre_Cross_Sell",131213,305457
"A. Pre_Cross_Sell",131222,305478
"A. Pre_Cross_Sell",131223,305486
"A. Pre_Cross_Sell",131237,305515
"A. Pre_Cross_Sell",131240,305526
"A. Pre_Cross_Sell",131242,305532
"A. Pre_Cross_Sell",131246,305544
"A. Pre_Cross_Sell",131254,305560
"A. Pre_Cross_Sell",131260,305572
"A. Pre_Cross_Sell",131264,305580
"A. Pre_Cross_Sell",131265,305584
"A. Pre_Cross_Sell",131267,305589
"A. Pre_Cross_Sell",131271,305601
"A. Pre_Cross_Sell",131275,305614
"A. Pre_Cross_Sell",131283,305636
"A. Pre_Cross_Sell",131284,305642
"A. Pre_Cross_Sell",131288,305654
"A. Pre_Cross_Sell",131296,305674
"A. Pre_Cross_Sell",131308,305696
"A. Pre_Cross_Sell",131311,305707
"A. Pre_Cross_Sell",131316,305717
"A. Pre_Cross_Sell",131314,305720
"A. Pre_Cross_Sell",131326,305744
"A. Pre_Cross_Sell",131327,305746
"A. Pre_Cross_Sell",131330,305755
"A. Pre_Cross_Sell",131335,305772
"A. Pre_Cross_Sell",131333,305775
"A. Pre_Cross_Sell",131341,305795
"A. Pre_Cross_Sell",131342,305799
"A. Pre_Cross_Sell",131344,305805
"A. Pre_Cross_Sell",131346,305810
"A. Pre_Cross_Sell",131347,305812
"A. Pre_Cross_Sell",131351,305826
"A. Pre_Cross_Sell",131354,305832
"A. Pre_Cross_Sell",131359,305847
"A. Pre_Cross_Sell",131363,305856
"A. Pre_Cross_Sell",131366,305866
"A. Pre_Cross_Sell",131372,305883
"A. Pre_Cross_Sell",131375,305885
"A. Pre_Cross_Sell",131379,305906
"A. Pre_Cross_Sell",131382,305914
"A. Pre_Cross_Sell",131390,305916
"A. Pre_Cross_Sell",131392,305929
"A. Pre_Cross_Sell",131397,305945
"A. Pre_Cross_Sell",131409,305961
"A. Pre_Cross_Sell",131424,305997
"A. Pre_Cross_Sell",131442,306024
"A. Pre_Cross_Sell",131449,306050
"A. Pre_Cross_Sell",131451,306057
"A. Pre_Cross_Sell",131456,306068
"A. Pre_Cross_Sell",131459,306070
"A. Pre_Cross_Sell",131462,306082
"A. Pre_Cross_Sell",131465,306092
"A. Pre_Cross_Sell",131468,306096
"A. Pre_Cross_Sell",131477,306113
"A. Pre_Cross_Sell",131479,306127
"A. Pre_Cross_Sell",131487,306146
"A. Pre_Cross_Sell",131494,306158
"A. Pre_Cross_Sell",131500,306171
"A. Pre_Cross_Sell",131509,306195
"A. Pre_Cross_Sell",131511,306204
"A. Pre_Cross_Sell",131524,306230
"A. Pre_Cross_Sell",131533,306249
"A. Pre_Cross_Sell",131539,306263
"A. Pre_Cross_Sell",131544,306280
"A. Pre_Cross_Sell",131548,306291
"A. Pre_Cross_Sell",131552,306303
"A. Pre_Cross_Sell",131556,306311
"A. Pre_Cross_Sell",131558,306323
"A. Pre_Cross_Sell",131559,306327
"A. Pre_Cross_Sell",131564,306346
"A. Pre_Cross_Sell",131566,306348
"A. Pre_Cross_Sell",131574,306368
"A. Pre_Cross_Sell",131578,306389
"A. Pre_Cross_Sell",131581,306394
"A. Pre_Cross_Sell",131582,306395
"A. Pre_Cross_Sell",131586,306406
"A. Pre_Cross_Sell",131603,306440
"A. Pre_Cross_Sell",131611,306456
"A. Pre_Cross_Sell",131613,306465
"A. Pre_Cross_Sell",131617,306473
"A. Pre_Cross_Sell",131625,306486
"A. Pre_Cross_Sell",131645,306522
"A. Pre_Cross_Sell",131646,306530
"A. Pre_Cross_Sell",131663,306561
"A. Pre_Cross_Sell",131671,306583
"A. Pre_Cross_Sell",131675,306590
"A. Pre_Cross_Sell",131678,306598
"A. Pre_Cross_Sell",131682,306610
"A. Pre_Cross_Sell",131690,306633
"A. Pre_Cross_Sell",131688,306638
"A. Pre_Cross_Sell",131696,306651
"A. Pre_Cross_Sell",131697,306657
"A. Pre_Cross_Sell",131707,306682
"A. Pre_Cross_Sell",131711,306690
"A. Pre_Cross_Sell",131712,306699
"A. Pre_Cross_Sell",131714,306711
"A. Pre_Cross_Sell",131720,306727
"A. Pre_Cross_Sell",131725,306738
"A. Pre_Cross_Sell",131733,306755
"A. Pre_Cross_Sell",131738,306768
"A. Pre_Cross_Sell",131746,306785
"A. Pre_Cross_Sell",131748,306791
"A. Pre_Cross_Sell",131755,306812
"A. Pre_Cross_Sell",131760,306823
"A. Pre_Cross_Sell",131764,306833
"A. Pre_Cross_Sell",131763,306837
"A. Pre_Cross_Sell",131769,306849
"A. Pre_Cross_Sell",131770,306859
"A. Pre_Cross_Sell",131776,306869
"A. Pre_Cross_Sell",131780,306881
"A. Pre_Cross_Sell",131785,306893
"A. Pre_Cross_Sell",131788,306906
"A. Pre_Cross_Sell",131801,306932
"A. Pre_Cross_Sell",131803,306938
"A. Pre_Cross_Sell",131805,306945
"A. Pre_Cross_Sell",131809,306956
"A. Pre_Cross_Sell",131814,306971
"A. Pre_Cross_Sell",131815,306973
"A. Pre_Cross_Sell",131816,306979
"A. Pre_Cross_Sell",131823,306996
"A. Pre_Cross_Sell",131825,307001
"A. Pre_Cross_Sell",131830,307018
"A. Pre_Cross_Sell",131832,307025
"A. Pre_Cross_Sell",131833,307027
"A. Pre_Cross_Sell",131834,307031
"A. Pre_Cross_Sell",131843,307046
"A. Pre_Cross_Sell",131848,307053
"A. Pre_Cross_Sell",131853,307063
"A. Pre_Cross_Sell",131862,307084
"A. Pre_Cross_Sell",131881,307125
"A. Pre_Cross_Sell",131890,307143
"A. Pre_Cross_Sell",131892,307147
"A. Pre_Cross_Sell",131893,307151
"A. Pre_Cross_Sell",131901,307172
"A. Pre_Cross_Sell",131914,307199
"A. Pre_Cross_Sell",131918,307208
"A. Pre_Cross_Sell",131922,307222
"A. Pre_Cross_Sell",131935,307251
"A. Pre_Cross_Sell",131942,307268
"A. Pre_Cross_Sell",131951,307285
"A. Pre_Cross_Sell",131952,307289
"A. Pre_Cross_Sell",131955,307300
"A. Pre_Cross_Sell",131963,307313
"A. Pre_Cross_Sell",131970,307328
"A. Pre_Cross_Sell",131972,307334
"A. Pre_Cross_Sell",131976,307348
"A. Pre_Cross_Sell",131987,307378
"A. Pre_Cross_Sell",131991,307384
"A. Pre_Cross_Sell",132003,307407
"A. Pre_Cross_Sell",132005,307417
"A. Pre_Cross_Sell",132009,307428
"A. Pre_Cross_Sell",132010,307429
"A. Pre_Cross_Sell",132012,307437
"A. Pre_Cross_Sell",132033,307475
"A. Pre_Cross_Sell",132043,307500
"A. Pre_Cross_Sell",132057,307532
"A. Pre_Cross_Sell",132062,307552
"A. Pre_Cross_Sell",132067,307558
"A. Pre_Cross_Sell",132072,307569
"A. Pre_Cross_Sell",132076,307579
"A. Pre_Cross_Sell",132077,307587
"A. Pre_Cross_Sell",132078,307590
"A. Pre_Cross_Sell",132085,307615
"A. Pre_Cross_Sell",132090,307620
"A. Pre_Cross_Sell",132093,307629
"A. Pre_Cross_Sell",132091,307631
"A. Pre_Cross_Sell",132103,307658
"A. Pre_Cross_Sell",132105,307666
"A. Pre_Cross_Sell",132118,307686
"A. Pre_Cross_Sell",132119,307703
"A. Pre_Cross_Sell",132120,307705
"A. Pre_Cross_Sell",132130,307725
"A. Pre_Cross_Sell",132132,307737
"A. Pre_Cross_Sell",132137,307757
"A. Pre_Cross_Sell",132140,307760
"A. Pre_Cross_Sell",132143,307768
"A. Pre_Cross_Sell",132145,307769
"A. Pre_Cross_Sell",132152,307789
"A. Pre_Cross_Sell",132158,307817
"A. Pre_Cross_Sell",132163,307827
"A. Pre_Cross_Sell",132164,307828
"A. Pre_Cross_Sell",132171,307846
"A. Pre_Cross_Sell",132167,307850
"A. Pre_Cross_Sell",132173,307859
"A. Pre_Cross_Sell",132174,307865
"A. Pre_Cross_Sell",132172,307870
"A. Pre_Cross_Sell",132180,307898
"A. Pre_Cross_Sell",132189,307911
"A. Pre_Cross_Sell",132191,307921
"A. Pre_Cross_Sell",132193,307929
"A. Pre_Cross_Sell",132192,307935
"A. Pre_Cross_Sell",132202,307952
"A. Pre_Cross_Sell",132204,307961
"A. Pre_Cross_Sell",132207,307968
"A. Pre_Cross_Sell",132223,308004
"A. Pre_Cross_Sell",132233,308016
"A. Pre_Cross_Sell",132232,308019
"A. Pre_Cross_Sell",132240,308033
"A. Pre_Cross_Sell",132241,308045
"A. Pre_Cross_Sell",132248,308057
"A. Pre_Cross_Sell",132266,308103
"A. Pre_Cross_Sell",132268,308109
"A. Pre_Cross_Sell",132277,308127
"A. Pre_Cross_Sell",132281,308133
"A. Pre_Cross_Sell",132300,308168
"A. Pre_Cross_Sell",132304,308179
"A. Pre_Cross_Sell",132314,308201
"A. Pre_Cross_Sell",132318,308214
"A. Pre_Cross_Sell",132329,308245
"A. Pre_Cross_Sell",132336,308258
"A. Pre_Cross_Sell",132340,308269
"A. Pre_Cross_Sell",132345,308280
"A. Pre_Cross_Sell",132355,308306
"A. Pre_Cross_Sell",132356,308308
"A. Pre_Cross_Sell",132362,308318
"A. Pre_Cross_Sell",132359,308326
"A. Pre_Cross_Sell",132363,308329
"A. Pre_Cross_Sell",132370,308351
"A. Pre_Cross_Sell",132372,308355
"A. Pre_Cross_Sell",132379,308378
"A. Pre_Cross_Sell",132380,308381
"A. Pre_Cross_Sell",132382,308391
"A. Pre_Cross_Sell",132385,308400
"A. Pre_Cross_Sell",132396,308421
"A. Pre_Cross_Sell",132404,308433
"A. Pre_Cross_Sell",132407,308440
"A. Pre_Cross_Sell",132418,308465
"A. Pre_Cross_Sell",132421,308475
"A. Pre_Cross_Sell",132425,308483
"A. Pre_Cross_Sell",132428,308491
"A. Pre_Cross_Sell",132437,308507
"A. Pre_Cross_Sell",132438,308519
"A. Pre_Cross_Sell",132442,308526
"A. Pre_Cross_Sell",132460,308566
"A. Pre_Cross_Sell",132473,308593
"A. Pre_Cross_Sell",132475,308603
"A. Pre_Cross_Sell",132478,308613
"A. Pre_Cross_Sell",132480,308621
"A. Pre_Cross_Sell",132494,308643
"A. Pre_Cross_Sell",132498,308659
"A. Pre_Cross_Sell",132500,308660
"A. Pre_Cross_Sell",132513,308681
"A. Pre_Cross_Sell",132515,308689
"A. Pre_Cross_Sell",132518,308702
"A. Pre_Cross_Sell",132535,308734
"A. Pre_Cross_Sell",132539,308747
"A. Pre_Cross_Sell",132547,308765
"A. Pre_Cross_Sell",132546,308768
"A. Pre_Cross_Sell",132555,308792
"A. Pre_Cross_Sell",132557,308797
"A. Pre_Cross_Sell",132559,308800
"A. Pre_Cross_Sell",132562,308810
"A. Pre_Cross_Sell",132564,308813
"A. Pre_Cross_Sell",132574,308839
"A. Pre_Cross_Sell",132576,308844
"A. Pre_Cross_Sell",132578,308854
"A. Pre_Cross_Sell",132583,308865
"A. Pre_Cross_Sell",132584,308868
"A. Pre_Cross_Sell",132590,308884
"A. Pre_Cross_Sell",132598,308904
"A. Pre_Cross_Sell",132602,308908
"A. Pre_Cross_Sell",132619,308938
"A. Pre_Cross_Sell",132621,308939
"A. Pre_Cross_Sell",132623,308950
"A. Pre_Cross_Sell",132622,308951
"A. Pre_Cross_Sell",132631,308975
"A. Pre_Cross_Sell",132634,308986
"A. Pre_Cross_Sell",132636,308997
"A. Pre_Cross_Sell",132640,309007
"A. Pre_Cross_Sell",132645,309016
"A. Pre_Cross_Sell",132641,309017
"A. Pre_Cross_Sell",132649,309029
"A. Pre_Cross_Sell",132651,309033
"A. Pre_Cross_Sell",132656,309049
"A. Pre_Cross_Sell",132661,309058
"A. Pre_Cross_Sell",132659,309059
"A. Pre_Cross_Sell",132664,309073
"A. Pre_Cross_Sell",132671,309089
"A. Pre_Cross_Sell",132675,309103
"A. Pre_Cross_Sell",132684,309119
"A. Pre_Cross_Sell",132694,309139
"A. Pre_Cross_Sell",132695,309147
"A. Pre_Cross_Sell",132698,309155
"A. Pre_Cross_Sell",132703,309172
"A. Pre_Cross_Sell",132700,309174
"A. Pre_Cross_Sell",132706,309184
"A. Pre_Cross_Sell",132716,309208
"A. Pre_Cross_Sell",132721,309226
"A. Pre_Cross_Sell",132727,309239
"A. Pre_Cross_Sell",132725,309240
"A. Pre_Cross_Sell",132733,309253
"A. Pre_Cross_Sell",132739,309269
"A. Pre_Cross_Sell",132745,309285
"A. Pre_Cross_Sell",132750,309294
"A. Pre_Cross_Sell",132758,309320
"A. Pre_Cross_Sell",132760,309327
"A. Pre_Cross_Sell",132763,309338
"A. Pre_Cross_Sell",132762,309344
"A. Pre_Cross_Sell",132775,309367
"A. Pre_Cross_Sell",132777,309374
"A. Pre_Cross_Sell",132778,309379
"A. Pre_Cross_Sell",132791,309407
"A. Pre_Cross_Sell",132793,309413
"A. Pre_Cross_Sell",132797,309424
"A. Pre_Cross_Sell",132799,309433
"B. Post_Cross_Sell",132806,309447
"B. Post_Cross_Sell",132808,309457
"B. Post_Cross_Sell",132825,309497
"B. Post_Cross_Sell",132835,309520
"B. Post_Cross_Sell",132838,309527
"B. Post_Cross_Sell",132853,309555
"B. Post_Cross_Sell",132861,309580
"B. Post_Cross_Sell",132865,309582
"B. Post_Cross_Sell",132868,309594
"B. Post_Cross_Sell",132870,309604
"B. Post_Cross_Sell",132873,309606
"B. Post_Cross_Sell",132876,309610
"B. Post_Cross_Sell",132878,309622
"B. Post_Cross_Sell",132882,309632
"B. Post_Cross_Sell",132890,309647
"B. Post_Cross_Sell",132898,309665
"B. Post_Cross_Sell",132906,309692
"B. Post_Cross_Sell",132910,309700
"B. Post_Cross_Sell",132913,309714
"B. Post_Cross_Sell",132926,309737
"B. Post_Cross_Sell",132931,309747
"B. Post_Cross_Sell",132940,309767
"B. Post_Cross_Sell",132938,309769
"B. Post_Cross_Sell",132954,309799
"B. Post_Cross_Sell",132963,309817
"B. Post_Cross_Sell",132965,309826
"B. Post_Cross_Sell",132967,309830
"B. Post_Cross_Sell",132969,309832
"B. Post_Cross_Sell",132974,309855
"B. Post_Cross_Sell",132986,309878
"B. Post_Cross_Sell",132989,309891
"B. Post_Cross_Sell",132991,309899
"B. Post_Cross_Sell",132993,309903
"B. Post_Cross_Sell",132998,309917
"B. Post_Cross_Sell",133002,309920
"B. Post_Cross_Sell",133009,309936
"B. Post_Cross_Sell",133010,309938
"B. Post_Cross_Sell",133013,309958
"B. Post_Cross_Sell",133014,309961
"B. Post_Cross_Sell",133012,309964
"B. Post_Cross_Sell",133021,309978
"B. Post_Cross_Sell",133023,309980
"B. Post_Cross_Sell",133029,309989
"B. Post_Cross_Sell",133033,310001
"B. Post_Cross_Sell",133030,310008
"B. Post_Cross_Sell",133032,310013
"B. Post_Cross_Sell",133037,310022
"B. Post_Cross_Sell",133042,310036
"B. Post_Cross_Sell",133061,310084
"B. Post_Cross_Sell",133070,310104
"B. Post_Cross_Sell",133063,310109
"B. Post_Cross_Sell",133065,310110
"B. Post_Cross_Sell",133068,310115
"B. Post_Cross_Sell",133090,310142
"B. Post_Cross_Sell",133095,310156
"B. Post_Cross_Sell",133099,310172
"B. Post_Cross_Sell",133097,310173
"B. Post_Cross_Sell",133110,310202
"B. Post_Cross_Sell",133123,310222
"B. Post_Cross_Sell",133131,310241
"B. Post_Cross_Sell",133132,310244
"B. Post_Cross_Sell",133133,310257
"B. Post_Cross_Sell",133137,310261
"B. Post_Cross_Sell",133140,310272
"B. Post_Cross_Sell",133143,310281
"B. Post_Cross_Sell",133146,310294
"B. Post_Cross_Sell",133150,310304
"B. Post_Cross_Sell",133152,310307
"B. Post_Cross_Sell",133155,310317
"B. Post_Cross_Sell",133156,310328
"B. Post_Cross_Sell",133173,310359
"B. Post_Cross_Sell",133183,310378
"B. Post_Cross_Sell",133185,310385
"B. Post_Cross_Sell",133188,310395
"B. Post_Cross_Sell",133201,310422
"B. Post_Cross_Sell",133204,310431
"B. Post_Cross_Sell",133206,310441
"B. Post_Cross_Sell",133209,310448
"B. Post_Cross_Sell",133213,310462
"B. Post_Cross_Sell",133214,310470
"B. Post_Cross_Sell",133217,310479
"B. Post_Cross_Sell",133218,310487
"B. Post_Cross_Sell",133226,310507
"B. Post_Cross_Sell",133230,310513
"B. Post_Cross_Sell",133232,310520
"B. Post_Cross_Sell",133245,310553
"B. Post_Cross_Sell",133244,310557
"B. Post_Cross_Sell",133258,310590
"B. Post_Cross_Sell",133261,310600
"B. Post_Cross_Sell",133268,310608
"B. Post_Cross_Sell",133276,310636
"B. Post_Cross_Sell",133279,310641
"B. Post_Cross_Sell",133281,310652
"B. Post_Cross_Sell",133291,310667
"B. Post_Cross_Sell",133294,310676
"B. Post_Cross_Sell",133298,310685
"B. Post_Cross_Sell",133302,310697
"B. Post_Cross_Sell",133301,310704
"B. Post_Cross_Sell",133308,310716
"B. Post_Cross_Sell",133314,310733
"B. Post_Cross_Sell",133321,310755
"B. Post_Cross_Sell",133326,310764
"B. Post_Cross_Sell",133344,310796
"B. Post_Cross_Sell",133345,310808
"B. Post_Cross_Sell",133346,310809
"B. Post_Cross_Sell",133355,310824
"B. Post_Cross_Sell",133356,310827
"B. Post_Cross_Sell",133366,310852
"B. Post_Cross_Sell",133373,310867
"B. Post_Cross_Sell",133375,310870
"B. Post_Cross_Sell",133378,310880
"B. Post_Cross_Sell",133379,310883
"B. Post_Cross_Sell",133382,310894
"B. Post_Cross_Sell",133387,310908
"B. Post_Cross_Sell",133400,310928
"B. Post_Cross_Sell",133407,310945
"B. Post_Cross_Sell",133410,310953
"B. Post_Cross_Sell",133411,310961
"B. Post_Cross_Sell",133428,310996
"B. Post_Cross_Sell",133431,310999
"B. Post_Cross_Sell",133435,311008
"B. Post_Cross_Sell",133438,311021
"B. Post_Cross_Sell",133445,311040
"B. Post_Cross_Sell",133450,311053
"B. Post_Cross_Sell",133451,311055
"B. Post_Cross_Sell",133453,311067
"B. Post_Cross_Sell",133456,311075
"B. Post_Cross_Sell",133463,311094
"B. Post_Cross_Sell",133464,311102
"B. Post_Cross_Sell",133465,311109
"B. Post_Cross_Sell",133470,311122
"B. Post_Cross_Sell",133474,311132
"B. Post_Cross_Sell",133475,311139
"B. Post_Cross_Sell",133477,311144
"B. Post_Cross_Sell",133481,311167
"B. Post_Cross_Sell",133480,311168
"B. Post_Cross_Sell",133486,311171
"B. Post_Cross_Sell",133487,311178
"B. Post_Cross_Sell",133497,311210
"B. Post_Cross_Sell",133504,311220
"B. Post_Cross_Sell",133509,311234
"B. Post_Cross_Sell",133514,311248
"B. Post_Cross_Sell",133512,311249
"B. Post_Cross_Sell",133526,311281
"B. Post_Cross_Sell",133528,311282
"B. Post_Cross_Sell",133531,311288
"B. Post_Cross_Sell",133541,311314
"B. Post_Cross_Sell",133543,311317
"B. Post_Cross_Sell",133545,311326
"B. Post_Cross_Sell",133546,311330
"B. Post_Cross_Sell",133563,311364
"B. Post_Cross_Sell",133565,311373
"B. Post_Cross_Sell",133570,311384
"B. Post_Cross_Sell",133573,311394
"B. Post_Cross_Sell",133584,311416
"B. Post_Cross_Sell",133588,311425
"B. Post_Cross_Sell",133596,311443
"B. Post_Cross_Sell",133613,311479
"B. Post_Cross_Sell",133612,311484
"B. Post_Cross_Sell",133615,311495
"B. Post_Cross_Sell",133632,311530
"B. Post_Cross_Sell",133637,311537
"B. Post_Cross_Sell",133639,311546
"B. Post_Cross_Sell",133648,311563
"B. Post_Cross_Sell",133650,311573
"B. Post_Cross_Sell",133653,311580
"B. Post_Cross_Sell",133656,311588
"B. Post_Cross_Sell",133664,311604
"B. Post_Cross_Sell",133669,311616
"B. Post_Cross_Sell",133671,311624
"B. Post_Cross_Sell",133678,311640
"B. Post_Cross_Sell",133692,311660
"B. Post_Cross_Sell",133693,311665
"B. Post_Cross_Sell",133695,311674
"B. Post_Cross_Sell",133697,311679
"B. Post_Cross_Sell",133702,311691
"B. Post_Cross_Sell",133704,311698
"B. Post_Cross_Sell",133707,311707
"B. Post_Cross_Sell",133711,311717
"B. Post_Cross_Sell",133716,311733
"B. Post_Cross_Sell",133729,311763
"B. Post_Cross_Sell",133735,311779
"B. Post_Cross_Sell",133737,311783
"B. Post_Cross_Sell",133740,311792
"B. Post_Cross_Sell",133741,311794
"B. Post_Cross_Sell",133742,311802
"B. Post_Cross_Sell",133748,311821
"B. Post_Cross_Sell",133752,311836
"B. Post_Cross_Sell",133754,311847
"B. Post_Cross_Sell",133755,311853
"B. Post_Cross_Sell",133764,311874
"B. Post_Cross_Sell",133766,311878
"B. Post_Cross_Sell",133778,311905
"B. Post_Cross_Sell",133784,311918
"B. Post_Cross_Sell",133786,311920
"B. Post_Cross_Sell",133793,311938
"B. Post_Cross_Sell",133799,311955
"B. Post_Cross_Sell",133802,311965
"B. Post_Cross_Sell",133816,311995
"B. Post_Cross_Sell",133824,312018
"B. Post_Cross_Sell",133828,312030
"B. Post_Cross_Sell",133843,312052
"B. Post_Cross_Sell",133841,312053
"B. Post_Cross_Sell",133844,312071
"B. Post_Cross_Sell",133849,312080
"B. Post_Cross_Sell",133852,312086
"B. Post_Cross_Sell",133846,312087
"B. Post_Cross_Sell",133856,312103
"B. Post_Cross_Sell",133863,312124
"B. Post_Cross_Sell",133862,312126
"B. Post_Cross_Sell",133865,312128
"B. Post_Cross_Sell",133868,312149
"B. Post_Cross_Sell",133867,312150
"B. Post_Cross_Sell",133869,312155
"B. Post_Cross_Sell",133893,312193
"B. Post_Cross_Sell",133896,312203
"B. Post_Cross_Sell",133895,312207
"B. Post_Cross_Sell",133903,312220
"B. Post_Cross_Sell",133905,312227
"B. Post_Cross_Sell",133912,312241
"B. Post_Cross_Sell",133913,312244
"B. Post_Cross_Sell",133928,312271
"B. Post_Cross_Sell",133932,312284
"B. Post_Cross_Sell",133934,312289
"B. Post_Cross_Sell",133937,312296
"B. Post_Cross_Sell",133943,312312
"B. Post_Cross_Sell",133942,312313
"B. Post_Cross_Sell",133950,312329
"B. Post_Cross_Sell",133954,312338
"B. Post_Cross_Sell",133968,312365
"B. Post_Cross_Sell",133972,312379
"B. Post_Cross_Sell",133991,312424
"B. Post_Cross_Sell",133993,312430
"B. Post_Cross_Sell",133996,312439
"B. Post_Cross_Sell",134001,312457
"B. Post_Cross_Sell",134004,312471
"B. Post_Cross_Sell",134014,312484
"B. Post_Cross_Sell",134019,312496
"B. Post_Cross_Sell",134017,312501
"B. Post_Cross_Sell",134027,312525
"B. Post_Cross_Sell",134031,312540
"B. Post_Cross_Sell",134035,312547
"B. Post_Cross_Sell",134046,312571
"B. Post_Cross_Sell",134053,312584
"B. Post_Cross_Sell",134054,312591
"B. Post_Cross_Sell",134073,312633
"B. Post_Cross_Sell",134074,312636
"B. Post_Cross_Sell",134075,312642
"B. Post_Cross_Sell",134081,312655
"B. Post_Cross_Sell",134088,312669
"B. Post_Cross_Sell",134087,312677
"B. Post_Cross_Sell",134089,312683
"B. Post_Cross_Sell",134092,312688
"B. Post_Cross_Sell",134098,312701
"B. Post_Cross_Sell",134109,312727
"B. Post_Cross_Sell",134112,312737
"B. Post_Cross_Sell",134122,312757
"B. Post_Cross_Sell",134125,312767
"B. Post_Cross_Sell",134127,312776
"B. Post_Cross_Sell",134136,312794
"B. Post_Cross_Sell",134138,312801
"B. Post_Cross_Sell",134141,312808
"B. Post_Cross_Sell",134149,312828
"B. Post_Cross_Sell",134153,312840
"B. Post_Cross_Sell",134161,312858
"B. Post_Cross_Sell",134162,312859
"B. Post_Cross_Sell",134165,312878
"B. Post_Cross_Sell",134167,312885
"B. Post_Cross_Sell",134170,312896
"B. Post_Cross_Sell",134169,312897
"B. Post_Cross_Sell",134171,312902
"B. Post_Cross_Sell",134176,312925
"B. Post_Cross_Sell",134195,312968
"B. Post_Cross_Sell",134197,312977
"B. Post_Cross_Sell",134201,312987
"B. Post_Cross_Sell",134202,312988
"B. Post_Cross_Sell",134214,313015
"B. Post_Cross_Sell",134215,313017
"B. Post_Cross_Sell",134216,313025
"B. Post_Cross_Sell",134217,313029
"B. Post_Cross_Sell",134238,313074
"B. Post_Cross_Sell",134241,313085
"B. Post_Cross_Sell",134242,313088
"B. Post_Cross_Sell",134246,313100
"B. Post_Cross_Sell",134249,313110
"B. Post_Cross_Sell",134262,313132
"B. Post_Cross_Sell",134266,313138
"B. Post_Cross_Sell",134269,313148
"B. Post_Cross_Sell",134273,313158
"B. Post_Cross_Sell",134275,313164
"B. Post_Cross_Sell",134277,313174
"B. Post_Cross_Sell",134276,313175
"B. Post_Cross_Sell",134290,313213
"B. Post_Cross_Sell",134296,313230
"B. Post_Cross_Sell",134310,313260
"B. Post_Cross_Sell",134315,313265
"B. Post_Cross_Sell",134323,313283
"B. Post_Cross_Sell",134325,313291
"B. Post_Cross_Sell",134331,313308
"B. Post_Cross_Sell",134335,313319
"B. Post_Cross_Sell",134336,313325
"B. Post_Cross_Sell",134337,313331
"B. Post_Cross_Sell",134342,313340
"B. Post_Cross_Sell",134347,313352
"B. Post_Cross_Sell",134353,313369
"B. Post_Cross_Sell",134361,313390
"B. Post_Cross_Sell",134373,313419
"B. Post_Cross_Sell",134377,313428
"B. Post_Cross_Sell",134381,313443
"B. Post_Cross_Sell",134388,313468
"B. Post_Cross_Sell",134392,313472
"B. Post_Cross_Sell",134389,313473
"B. Post_Cross_Sell",134393,313475
"B. Post_Cross_Sell",134396,313484
"B. Post_Cross_Sell",134401,313494
"B. Post_Cross_Sell",134404,313511
"B. Post_Cross_Sell",134411,313521
"B. Post_Cross_Sell",134414,313529
"B. Post_Cross_Sell",134418,313539
"B. Post_Cross_Sell",134420,313552
"B. Post_Cross_Sell",134424,313558
"B. Post_Cross_Sell",134426,313569
"B. Post_Cross_Sell",134430,313580
"B. Post_Cross_Sell",134435,313588
"B. Post_Cross_Sell",134438,313598
"B. Post_Cross_Sell",134441,313600
"B. Post_Cross_Sell",134443,313611
"B. Post_Cross_Sell",134451,313626
"B. Post_Cross_Sell",134452,313636
"B. Post_Cross_Sell",134455,313645
"B. Post_Cross_Sell",134453,313649
"B. Post_Cross_Sell",134464,313671
"B. Post_Cross_Sell",134469,313676
"B. Post_Cross_Sell",134473,313696
"B. Post_Cross_Sell",134487,313718
"B. Post_Cross_Sell",134493,313726
"B. Post_Cross_Sell",134501,313746
"B. Post_Cross_Sell",134497,313747
"B. Post_Cross_Sell",134505,313769
"B. Post_Cross_Sell",134504,313771
"B. Post_Cross_Sell",134515,313784
"B. Post_Cross_Sell",134517,313799
"B. Post_Cross_Sell",134521,313809
"B. Post_Cross_Sell",134520,313810
"B. Post_Cross_Sell",134524,313818
"B. Post_Cross_Sell",134533,313843
"B. Post_Cross_Sell",134543,313865
"B. Post_Cross_Sell",134550,313879
"B. Post_Cross_Sell",134552,313887
"B. Post_Cross_Sell",134554,313892
"B. Post_Cross_Sell",134559,313905
"B. Post_Cross_Sell",134560,313912
"B. Post_Cross_Sell",134563,313923
"B. Post_Cross_Sell",134565,313931
"B. Post_Cross_Sell",134570,313946
"B. Post_Cross_Sell",134571,313949
"B. Post_Cross_Sell",134576,313958
"B. Post_Cross_Sell",134577,313967
"B. Post_Cross_Sell",134578,313970
"B. Post_Cross_Sell",134583,313982
"B. Post_Cross_Sell",134585,313992
"B. Post_Cross_Sell",134595,314022
"B. Post_Cross_Sell",134599,314023
"B. Post_Cross_Sell",134600,314030
"B. Post_Cross_Sell",134602,314034
"B. Post_Cross_Sell",134604,314045
"B. Post_Cross_Sell",134607,314057
"B. Post_Cross_Sell",134609,314060
"B. Post_Cross_Sell",134608,314065
"B. Post_Cross_Sell",134617,314079
"B. Post_Cross_Sell",134626,314099
"B. Post_Cross_Sell",134632,314118
"B. Post_Cross_Sell",134634,314121
"B. Post_Cross_Sell",134654,314154
"B. Post_Cross_Sell",134657,314169
"B. Post_Cross_Sell",134662,314176
"B. Post_Cross_Sell",134676,314199
"B. Post_Cross_Sell",134683,314215
"B. Post_Cross_Sell",134694,314241
"B. Post_Cross_Sell",134698,314252
"B. Post_Cross_Sell",134703,314260
"B. Post_Cross_Sell",134708,314269
"B. Post_Cross_Sell",134720,314293
"B. Post_Cross_Sell",134722,314299
"B. Post_Cross_Sell",134727,314311
"B. Post_Cross_Sell",134734,314324
"B. Post_Cross_Sell",134735,314328
"B. Post_Cross_Sell",134738,314339
"B. Post_Cross_Sell",134739,314345
"B. Post_Cross_Sell",134741,314359
"B. Post_Cross_Sell",134744,314366
"B. Post_Cross_Sell",134759,314406
"B. Post_Cross_Sell",134773,314429
"B. Post_Cross_Sell",134778,314437
"B. Post_Cross_Sell",134787,314451
"B. Post_Cross_Sell",134785,314452
"B. Post_Cross_Sell",134794,314470
"B. Post_Cross_Sell",134798,314485
"B. Post_Cross_Sell",134797,314486
"B. Post_Cross_Sell",134796,314489
"B. Post_Cross_Sell",134802,314504
"B. Post_Cross_Sell",134803,314505
"B. Post_Cross_Sell",134823,314554
"B. Post_Cross_Sell",134824,314558
"B. Post_Cross_Sell",134826,314561
"B. Post_Cross_Sell",134830,314577
"B. Post_Cross_Sell",134829,314580
"B. Post_Cross_Sell",134836,314583
"B. Post_Cross_Sell",134837,314592
"B. Post_Cross_Sell",134843,314612
"B. Post_Cross_Sell",134847,314621
"B. Post_Cross_Sell",134846,314626
"B. Post_Cross_Sell",134866,314675
"B. Post_Cross_Sell",134870,314678
"B. Post_Cross_Sell",134874,314687
"B. Post_Cross_Sell",134873,314689
"B. Post_Cross_Sell",134875,314697
"B. Post_Cross_Sell",134880,314711
"B. Post_Cross_Sell",134885,314726
"B. Post_Cross_Sell",134887,314730
"B. Post_Cross_Sell",134888,314750
"B. Post_Cross_Sell",134894,314759
"B. Post_Cross_Sell",134899,314765
"B. Post_Cross_Sell",134903,314792
"B. Post_Cross_Sell",134911,314795
"B. Post_Cross_Sell",134916,314814
"B. Post_Cross_Sell",134921,314821
"B. Post_Cross_Sell",134929,314837
"B. Post_Cross_Sell",134927,314841
"B. Post_Cross_Sell",134941,314866
"B. Post_Cross_Sell",134938,314867
"B. Post_Cross_Sell",134947,314885
"B. Post_Cross_Sell",134950,314895
"B. Post_Cross_Sell",134954,314902
"B. Post_Cross_Sell",134959,314923
"B. Post_Cross_Sell",134966,314937
"B. Post_Cross_Sell",134978,314966
"B. Post_Cross_Sell",134980,314967
"B. Post_Cross_Sell",134986,314973
"B. Post_Cross_Sell",134987,314980
"B. Post_Cross_Sell",134990,314993
"B. Post_Cross_Sell",134998,315010
"B. Post_Cross_Sell",134997,315011
"B. Post_Cross_Sell",135004,315028
"B. Post_Cross_Sell",135001,315030
"B. Post_Cross_Sell",135003,315036
"B. Post_Cross_Sell",135015,315057
"B. Post_Cross_Sell",135022,315072
"B. Post_Cross_Sell",135023,315084
"B. Post_Cross_Sell",135026,315087
"B. Post_Cross_Sell",135029,315097
"B. Post_Cross_Sell",135031,315098
"B. Post_Cross_Sell",135038,315125
"B. Post_Cross_Sell",135042,315135
"B. Post_Cross_Sell",135047,315155
"B. Post_Cross_Sell",135053,315164
"B. Post_Cross_Sell",135056,315178
"B. Post_Cross_Sell",135064,315196
"B. Post_Cross_Sell",135065,315199
"B. Post_Cross_Sell",135075,315221
"B. Post_Cross_Sell",135076,315222
"B. Post_Cross_Sell",135080,315230
"B. Post_Cross_Sell",135078,315232
"B. Post_Cross_Sell",135084,315246
"B. Post_Cross_Sell",135087,315248
"B. Post_Cross_Sell",135093,315267
"B. Post_Cross_Sell",135098,315276
"B. Post_Cross_Sell",135103,315290
"B. Post_Cross_Sell",135104,315291
"B. Post_Cross_Sell",135108,315305
"B. Post_Cross_Sell",135110,315307
"B. Post_Cross_Sell",135112,315318
"B. Post_Cross_Sell",135114,315324
"B. Post_Cross_Sell",135118,315334
"B. Post_Cross_Sell",135120,315336
"B. Post_Cross_Sell",135123,315347
"B. Post_Cross_Sell",135126,315352
"B. Post_Cross_Sell",135131,315365
"B. Post_Cross_Sell",135134,315375
"B. Post_Cross_Sell",135139,315387
"B. Post_Cross_Sell",135145,315400
"B. Post_Cross_Sell",135148,315412
"B. Post_Cross_Sell",135159,315435
"B. Post_Cross_Sell",135174,315465
"B. Post_Cross_Sell",135180,315475
"B. Post_Cross_Sell",135181,315484
"B. Post_Cross_Sell",135184,315493
"B. Post_Cross_Sell",135186,315501
"B. Post_Cross_Sell",135190,315504
"B. Post_Cross_Sell",135191,315509
"B. Post_Cross_Sell",135193,315523
"B. Post_Cross_Sell",135196,315535
"B. Post_Cross_Sell",135198,315540
"B. Post_Cross_Sell",135201,315545
"B. Post_Cross_Sell",135202,315549
"B. Post_Cross_Sell",135211,315573
"B. Post_Cross_Sell",135213,315582
"B. Post_Cross_Sell",135215,315597
"B. Post_Cross_Sell",135216,315600
"B. Post_Cross_Sell",135226,315617
"B. Post_Cross_Sell",135230,315628
"B. Post_Cross_Sell",135228,315633
"B. Post_Cross_Sell",135236,315652
"B. Post_Cross_Sell",135239,315658
"B. Post_Cross_Sell",135256,315696
"B. Post_Cross_Sell",135274,315738
"B. Post_Cross_Sell",135276,315740
"B. Post_Cross_Sell",135285,315765
"B. Post_Cross_Sell",135288,315769
"B. Post_Cross_Sell",135291,315777
"B. Post_Cross_Sell",135293,315790
"B. Post_Cross_Sell",135295,315802
"B. Post_Cross_Sell",135304,315826
"B. Post_Cross_Sell",135310,315834
"B. Post_Cross_Sell",135313,315843
"B. Post_Cross_Sell",135317,315852
"B. Post_Cross_Sell",135321,315857
"B. Post_Cross_Sell",135323,315867
"B. Post_Cross_Sell",135328,315883
"B. Post_Cross_Sell",135335,315906
"B. Post_Cross_Sell",135343,315911
"B. Post_Cross_Sell",135345,315930
"B. Post_Cross_Sell",135346,315939
"B. Post_Cross_Sell",135349,315940
"B. Post_Cross_Sell",135367,315977
"B. Post_Cross_Sell",135368,315979
"B. Post_Cross_Sell",135371,315996
"B. Post_Cross_Sell",135376,315998
"B. Post_Cross_Sell",135377,316006
"B. Post_Cross_Sell",135380,316014
"B. Post_Cross_Sell",135383,316026
"B. Post_Cross_Sell",135388,316050
"B. Post_Cross_Sell",135391,316052
"B. Post_Cross_Sell",135392,316055
"B. Post_Cross_Sell",135393,316060
"B. Post_Cross_Sell",135400,316087
"B. Post_Cross_Sell",135405,316097
"B. Post_Cross_Sell",135407,316103
"B. Post_Cross_Sell",135408,316113
"B. Post_Cross_Sell",135412,316123
"B. Post_Cross_Sell",135414,316125
"B. Post_Cross_Sell",135416,316136
"B. Post_Cross_Sell",135421,316146
"B. Post_Cross_Sell",135420,316151
"B. Post_Cross_Sell",135433,316178
"B. Post_Cross_Sell",135432,316179
"B. Post_Cross_Sell",135440,316202
"B. Post_Cross_Sell",135442,316207
"B. Post_Cross_Sell",135453,316237
"B. Post_Cross_Sell",135467,316263
"B. Post_Cross_Sell",135476,316282
"B. Post_Cross_Sell",135491,316314
"B. Post_Cross_Sell",135492,316315
"B. Post_Cross_Sell",135493,316326
"B. Post_Cross_Sell",135494,316335
"B. Post_Cross_Sell",135496,316338
"B. Post_Cross_Sell",135497,316348
"B. Post_Cross_Sell",135498,316354
"B. Post_Cross_Sell",135502,316359
"B. Post_Cross_Sell",135509,316371
"B. Post_Cross_Sell",135510,316374
"B. Post_Cross_Sell",135511,316384
"B. Post_Cross_Sell",135519,316405
"B. Post_Cross_Sell",135530,316430
"B. Post_Cross_Sell",135534,316444
"B. Post_Cross_Sell",135555,316485
"B. Post_Cross_Sell",135556,316493
"B. Post_Cross_Sell",135559,316503
"B. Post_Cross_Sell",135565,316517
"B. Post_Cross_Sell",135567,316523
"B. Post_Cross_Sell",135569,316532
"B. Post_Cross_Sell",135570,316538
"B. Post_Cross_Sell",135571,316542
"B. Post_Cross_Sell",135580,316563
"B. Post_Cross_Sell",135583,316568
"B. Post_Cross_Sell",135602,316610
"B. Post_Cross_Sell",135603,316615
"B. Post_Cross_Sell",135606,316623
"B. Post_Cross_Sell",135607,316625
"B. Post_Cross_Sell",135614,316643
"B. Post_Cross_Sell",135613,316647
"B. Post_Cross_Sell",135617,316656
"B. Post_Cross_Sell",135619,316667
"B. Post_Cross_Sell",135620,316673
"B. Post_Cross_Sell",135636,316694
"B. Post_Cross_Sell",135646,316718
"B. Post_Cross_Sell",135651,316726
"B. Post_Cross_Sell",135650,316735
"B. Post_Cross_Sell",135665,316759
"B. Post_Cross_Sell",135667,316770
"B. Post_Cross_Sell",135673,316784
"B. Post_Cross_Sell",135692,316828
"B. Post_Cross_Sell",135693,316841
"B. Post_Cross_Sell",135707,316861
"B. Post_Cross_Sell",135712,316875
"B. Post_Cross_Sell",135711,316877
"B. Post_Cross_Sell",135715,316895
"B. Post_Cross_Sell",135713,316903
"B. Post_Cross_Sell",135717,316909
"B. Post_Cross_Sell",135721,316916
"B. Post_Cross_Sell",135729,316938
"B. Post_Cross_Sell",135739,316957
"B. Post_Cross_Sell",135742,316973
"B. Post_Cross_Sell",135748,316981
"B. Post_Cross_Sell",135759,317013
"B. Post_Cross_Sell",135767,317032
"B. Post_Cross_Sell",135774,317044
"B. Post_Cross_Sell",135776,317055
"B. Post_Cross_Sell",135778,317060
"B. Post_Cross_Sell",135777,317064
"B. Post_Cross_Sell",135781,317071
"B. Post_Cross_Sell",135783,317079
"B. Post_Cross_Sell",135786,317089
"B. Post_Cross_Sell",135798,317118
"B. Post_Cross_Sell",135803,317125
"B. Post_Cross_Sell",135817,317157
"B. Post_Cross_Sell",135825,317185
"B. Post_Cross_Sell",135835,317203
"B. Post_Cross_Sell",135846,317228
"B. Post_Cross_Sell",135850,317234
"B. Post_Cross_Sell",135855,317248
"B. Post_Cross_Sell",135854,317252
"B. Post_Cross_Sell",135861,317264
"B. Post_Cross_Sell",135883,317305
"B. Post_Cross_Sell",135885,317314
"B. Post_Cross_Sell",135896,317342
"B. Post_Cross_Sell",135899,317344
"B. Post_Cross_Sell",135904,317358
"B. Post_Cross_Sell",135913,317379
"B. Post_Cross_Sell",135915,317392
"B. Post_Cross_Sell",135920,317409
"B. Post_Cross_Sell",135923,317416
"B. Post_Cross_Sell",135925,317425
"B. Post_Cross_Sell",135930,317443
"B. Post_Cross_Sell",135929,317444
"B. Post_Cross_Sell",135932,317449
"B. Post_Cross_Sell",135936,317463
"B. Post_Cross_Sell",135942,317475
"B. Post_Cross_Sell",135952,317495
"B. Post_Cross_Sell",135962,317515
"B. Post_Cross_Sell",135963,317521
"B. Post_Cross_Sell",135965,317528
"B. Post_Cross_Sell",135967,317537
"B. Post_Cross_Sell",135970,317550
"B. Post_Cross_Sell",135973,317558
"B. Post_Cross_Sell",135977,317568
"B. Post_Cross_Sell",135978,317574
"B. Post_Cross_Sell",135985,317586
"B. Post_Cross_Sell",135986,317595
"B. Post_Cross_Sell",135989,317601
"B. Post_Cross_Sell",136001,317625
"B. Post_Cross_Sell",135997,317626
"B. Post_Cross_Sell",136004,317643
"B. Post_Cross_Sell",136007,317649
"B. Post_Cross_Sell",136013,317662
"B. Post_Cross_Sell",136014,317667
"B. Post_Cross_Sell",136015,317669
"B. Post_Cross_Sell",136017,317679
"B. Post_Cross_Sell",136019,317688
"B. Post_Cross_Sell",136031,317713
"B. Post_Cross_Sell",136048,317747
"B. Post_Cross_Sell",136046,317748
"B. Post_Cross_Sell",136054,317762
"B. Post_Cross_Sell",136073,317800
"B. Post_Cross_Sell",136075,317811
"B. Post_Cross_Sell",136087,317837
"B. Post_Cross_Sell",136098,317850
"B. Post_Cross_Sell",136100,317856
"B. Post_Cross_Sell",136105,317871
"B. Post_Cross_Sell",136119,317891
"B. Post_Cross_Sell",136125,317914
"B. Post_Cross_Sell",136130,317919
"B. Post_Cross_Sell",136129,317921
"B. Post_Cross_Sell",136134,317922
"B. Post_Cross_Sell",136138,317942
"B. Post_Cross_Sell",136146,317954
"B. Post_Cross_Sell",136149,317967
"B. Post_Cross_Sell",136155,317972
"B. Post_Cross_Sell",136176,318012
"B. Post_Cross_Sell",136181,318029
"B. Post_Cross_Sell",136186,318040
"B. Post_Cross_Sell",136194,318055
"B. Post_Cross_Sell",136200,318070
"B. Post_Cross_Sell",136197,318071
"B. Post_Cross_Sell",136203,318094
"B. Post_Cross_Sell",136206,318097
"B. Post_Cross_Sell",136212,318112
"B. Post_Cross_Sell",136216,318133
"B. Post_Cross_Sell",136217,318134
"B. Post_Cross_Sell",136231,318159
"B. Post_Cross_Sell",136235,318167
"B. Post_Cross_Sell",136238,318172
"B. Post_Cross_Sell",136239,318183
"B. Post_Cross_Sell",136242,318186
"B. Post_Cross_Sell",136245,318198
"B. Post_Cross_Sell",136247,318205
"B. Post_Cross_Sell",136249,318211
"B. Post_Cross_Sell",136266,318242
"B. Post_Cross_Sell",136267,318248
"B. Post_Cross_Sell",136268,318258
"B. Post_Cross_Sell",136278,318272
"B. Post_Cross_Sell",136277,318276
"B. Post_Cross_Sell",136293,318305
"B. Post_Cross_Sell",136294,318309
"B. Post_Cross_Sell",136296,318321
"B. Post_Cross_Sell",136299,318336
"B. Post_Cross_Sell",136302,318343
"B. Post_Cross_Sell",136305,318355
"B. Post_Cross_Sell",136310,318367
"B. Post_Cross_Sell",136316,318383
"B. Post_Cross_Sell",136317,318385
"B. Post_Cross_Sell",136319,318394
"B. Post_Cross_Sell",136321,318398
"B. Post_Cross_Sell",136323,318409
"B. Post_Cross_Sell",136343,318447
"B. Post_Cross_Sell",136365,318493
"B. Post_Cross_Sell",136374,318510
"B. Post_Cross_Sell",136376,318518
"B. Post_Cross_Sell",136390,318555
"B. Post_Cross_Sell",136398,318572
"B. Post_Cross_Sell",136400,318574
"B. Post_Cross_Sell",136403,318584
"B. Post_Cross_Sell",136409,318595
"B. Post_Cross_Sell",136419,318619
"B. Post_Cross_Sell",136421,318626
"B. Post_Cross_Sell",136422,318629
"B. Post_Cross_Sell",136425,318640
"B. Post_Cross_Sell",136426,318644
"B. Post_Cross_Sell",136432,318657
"B. Post_Cross_Sell",136436,318668
"B. Post_Cross_Sell",136461,318707
"B. Post_Cross_Sell",136478,318739
"B. Post_Cross_Sell",136487,318762
"B. Post_Cross_Sell",136497,318779
"B. Post_Cross_Sell",136500,318791
"B. Post_Cross_Sell",136527,318839
"B. Post_Cross_Sell",136530,318849
"B. Post_Cross_Sell",136532,318856
"B. Post_Cross_Sell",136535,318864
"B. Post_Cross_Sell",136538,318877
"B. Post_Cross_Sell",136539,318883
"B. Post_Cross_Sell",136542,318887
"B. Post_Cross_Sell",136544,318893
"B. Post_Cross_Sell",136545,318902
"B. Post_Cross_Sell",136556,318929
"B. Post_Cross_Sell",136555,318930
"B. Post_Cross_Sell",136568,318957
"B. Post_Cross_Sell",136571,318968
"B. Post_Cross_Sell",136570,318969
"B. Post_Cross_Sell",136573,318978
"B. Post_Cross_Sell",136582,319002
"B. Post_Cross_Sell",136588,319021
"B. Post_Cross_Sell",136589,319025
"B. Post_Cross_Sell",136598,319046
"B. Post_Cross_Sell",136602,319051
"B. Post_Cross_Sell",136604,319061
"B. Post_Cross_Sell",136608,319071
"B. Post_Cross_Sell",136609,319080
"B. Post_Cross_Sell",136611,319090
"B. Post_Cross_Sell",136614,319095
"B. Post_Cross_Sell",136621,319113
"B. Post_Cross_Sell",136622,319118
"B. Post_Cross_Sell",136625,319130
"B. Post_Cross_Sell",136626,319131
"B. Post_Cross_Sell",136628,319142
"B. Post_Cross_Sell",136633,319154
"B. Post_Cross_Sell",136635,319163
"B. Post_Cross_Sell",136642,319183
"B. Post_Cross_Sell",136644,319194
"B. Post_Cross_Sell",136645,319200
"B. Post_Cross_Sell",136662,319227
"B. Post_Cross_Sell",136669,319244
"B. Post_Cross_Sell",136670,319250
"B. Post_Cross_Sell",136681,319273
"B. Post_Cross_Sell",136683,319280
"B. Post_Cross_Sell",136686,319287
"B. Post_Cross_Sell",136693,319305
"B. Post_Cross_Sell",136702,319327
"B. Post_Cross_Sell",136704,319329
"B. Post_Cross_Sell",136708,319342
"B. Post_Cross_Sell",136718,319367
"B. Post_Cross_Sell",136719,319372
"B. Post_Cross_Sell",136720,319377
"B. Post_Cross_Sell",136724,319388
"B. Post_Cross_Sell",136725,319390
"B. Post_Cross_Sell",136732,319412
"B. Post_Cross_Sell",136741,319429
"B. Post_Cross_Sell",136742,319433
"B. Post_Cross_Sell",136744,319442
"B. Post_Cross_Sell",136772,319496
"B. Post_Cross_Sell",136779,319518
"B. Post_Cross_Sell",136782,319519
"B. Post_Cross_Sell",136784,319531
"B. Post_Cross_Sell",136788,319536
"B. Post_Cross_Sell",136792,319551
"B. Post_Cross_Sell",136793,319553
"B. Post_Cross_Sell",136797,319567
"B. Post_Cross_Sell",136796,319569
"B. Post_Cross_Sell",136800,319584
"B. Post_Cross_Sell",136804,319597
"B. Post_Cross_Sell",136811,319613
"B. Post_Cross_Sell",136818,319627
"B. Post_Cross_Sell",136817,319629
"B. Post_Cross_Sell",136820,319634
"B. Post_Cross_Sell",136830,319660
"B. Post_Cross_Sell",136833,319678
"B. Post_Cross_Sell",136840,319688
"B. Post_Cross_Sell",136845,319698
"B. Post_Cross_Sell",136846,319702
"B. Post_Cross_Sell",136854,319726
"B. Post_Cross_Sell",136863,319743
"B. Post_Cross_Sell",136862,319749
"B. Post_Cross_Sell",136868,319763
"B. Post_Cross_Sell",136898,319825
"B. Post_Cross_Sell",136903,319841
"B. Post_Cross_Sell",136908,319847
"B. Post_Cross_Sell",136931,319893
"B. Post_Cross_Sell",136928,319901
"B. Post_Cross_Sell",136933,319917
"B. Post_Cross_Sell",136944,319933
"B. Post_Cross_Sell",136948,319941
"B. Post_Cross_Sell",136958,319969
"B. Post_Cross_Sell",136960,319985
"B. Post_Cross_Sell",136964,319993
"B. Post_Cross_Sell",136965,319994
"B. Post_Cross_Sell",136968,320010
"B. Post_Cross_Sell",136970,320013
"B. Post_Cross_Sell",136974,320029
"B. Post_Cross_Sell",136976,320030
"B. Post_Cross_Sell",136982,320053
"B. Post_Cross_Sell",136986,320057
"B. Post_Cross_Sell",136985,320059
"B. Post_Cross_Sell",136991,320067
"B. Post_Cross_Sell",136992,320078
"B. Post_Cross_Sell",137000,320088
"B. Post_Cross_Sell",137003,320099
"B. Post_Cross_Sell",137006,320110
"B. Post_Cross_Sell",137013,320128
"B. Post_Cross_Sell",137019,320140
"B. Post_Cross_Sell",137022,320144
"B. Post_Cross_Sell",137028,320163
"B. Post_Cross_Sell",137031,320167
"B. Post_Cross_Sell",137036,320183
"B. Post_Cross_Sell",137043,320199
"B. Post_Cross_Sell",137050,320212
"B. Post_Cross_Sell",137064,320239
"B. Post_Cross_Sell",137065,320247
"B. Post_Cross_Sell",137078,320267
"B. Post_Cross_Sell",137108,320330
"B. Post_Cross_Sell",137111,320334
"B. Post_Cross_Sell",137115,320339
"B. Post_Cross_Sell",137118,320357
"B. Post_Cross_Sell",137127,320378
"B. Post_Cross_Sell",137133,320392
"B. Post_Cross_Sell",137135,320402
"B. Post_Cross_Sell",137142,320412
"B. Post_Cross_Sell",137157,320454
"B. Post_Cross_Sell",137168,320480
"B. Post_Cross_Sell",137175,320490
"B. Post_Cross_Sell",137185,320512
"B. Post_Cross_Sell",137188,320522
"B. Post_Cross_Sell",137192,320539
"B. Post_Cross_Sell",137195,320540
"B. Post_Cross_Sell",137205,320554
"B. Post_Cross_Sell",137215,320575
"B. Post_Cross_Sell",137221,320586
"B. Post_Cross_Sell",137225,320598
"B. Post_Cross_Sell",137227,320604
"B. Post_Cross_Sell",137229,320610
"B. Post_Cross_Sell",137231,320625
"B. Post_Cross_Sell",137237,320632
"B. Post_Cross_Sell",137235,320634
"B. Post_Cross_Sell",137252,320670
"B. Post_Cross_Sell",137262,320699
"B. Post_Cross_Sell",137260,320702
"B. Post_Cross_Sell",137258,320703
"B. Post_Cross_Sell",137265,320709
"B. Post_Cross_Sell",137269,320716
"B. Post_Cross_Sell",137274,320723
"B. Post_Cross_Sell",137279,320739
"B. Post_Cross_Sell",137280,320743
"B. Post_Cross_Sell",137283,320751
"B. Post_Cross_Sell",137289,320766
"B. Post_Cross_Sell",137297,320783
"B. Post_Cross_Sell",137305,320801
"B. Post_Cross_Sell",137313,320822
"B. Post_Cross_Sell",137320,320838
"B. Post_Cross_Sell",137325,320850
"B. Post_Cross_Sell",137322,320851
"B. Post_Cross_Sell",137323,320859
"B. Post_Cross_Sell",137330,320874
"B. Post_Cross_Sell",137338,320901
"B. Post_Cross_Sell",137343,320911
"B. Post_Cross_Sell",137340,320915
"B. Post_Cross_Sell",137348,320927
"B. Post_Cross_Sell",137359,320953
"B. Post_Cross_Sell",137366,320968
"B. Post_Cross_Sell",137368,320982
"B. Post_Cross_Sell",137380,321006
"B. Post_Cross_Sell",137381,321016
"B. Post_Cross_Sell",137383,321017
"B. Post_Cross_Sell",137384,321021
"B. Post_Cross_Sell",137399,321051
"B. Post_Cross_Sell",137401,321054
"B. Post_Cross_Sell",137403,321064
"B. Post_Cross_Sell",137410,321079
"B. Post_Cross_Sell",137416,321094
"B. Post_Cross_Sell",137419,321102
"B. Post_Cross_Sell",137425,321115
"B. Post_Cross_Sell",137423,321117
"B. Post_Cross_Sell",137428,321125
"B. Post_Cross_Sell",137430,321134
"B. Post_Cross_Sell",137432,321140
"B. Post_Cross_Sell",137457,321182
"B. Post_Cross_Sell",137456,321188
"B. Post_Cross_Sell",137463,321200
"B. Post_Cross_Sell",137464,321206
"B. Post_Cross_Sell",137468,321221
"B. Post_Cross_Sell",137470,321222
"B. Post_Cross_Sell",137475,321235
"B. Post_Cross_Sell",137474,321237
"B. Post_Cross_Sell",137495,321282
"B. Post_Cross_Sell",137498,321291
"B. Post_Cross_Sell",137513,321321
"B. Post_Cross_Sell",137516,321336
"B. Post_Cross_Sell",137530,321363
"B. Post_Cross_Sell",137539,321385
"B. Post_Cross_Sell",137541,321389
"B. Post_Cross_Sell",137543,321393
"B. Post_Cross_Sell",137548,321406
"B. Post_Cross_Sell",137554,321423
"B. Post_Cross_Sell",137553,321425
"B. Post_Cross_Sell",137552,321426
"B. Post_Cross_Sell",137566,321457
"B. Post_Cross_Sell",137572,321481
"B. Post_Cross_Sell",137578,321488
"B. Post_Cross_Sell",137579,321495
"B. Post_Cross_Sell",137584,321504
"B. Post_Cross_Sell",137586,321514
"B. Post_Cross_Sell",137590,321526
"B. Post_Cross_Sell",137593,321530
"B. Post_Cross_Sell",137606,321566
"B. Post_Cross_Sell",137609,321580
"B. Post_Cross_Sell",137617,321586
"B. Post_Cross_Sell",137628,321615
"B. Post_Cross_Sell",137653,321660
"B. Post_Cross_Sell",137658,321668
"B. Post_Cross_Sell",137661,321683
"B. Post_Cross_Sell",137662,321685
"B. Post_Cross_Sell",137667,321694
"B. Post_Cross_Sell",137666,321695
"B. Post_Cross_Sell",137671,321708
"B. Post_Cross_Sell",137681,321730
"B. Post_Cross_Sell",137692,321752
"B. Post_Cross_Sell",137697,321762
"B. Post_Cross_Sell",137701,321767
"B. Post_Cross_Sell",137705,321783
"B. Post_Cross_Sell",137713,321796
"B. Post_Cross_Sell",137717,321807
"B. Post_Cross_Sell",137722,321826
"B. Post_Cross_Sell",137723,321828
"B. Post_Cross_Sell",137731,321840
"B. Post_Cross_Sell",137733,321842
"B. Post_Cross_Sell",137738,321866
"B. Post_Cross_Sell",137744,321873
"B. Post_Cross_Sell",137746,321878
"B. Post_Cross_Sell",137753,321895
"B. Post_Cross_Sell",137766,321923
"B. Post_Cross_Sell",137770,321940
"B. Post_Cross_Sell",137777,321953
"B. Post_Cross_Sell",137785,321965
"B. Post_Cross_Sell",137791,321975
"B. Post_Cross_Sell",137790,321983
"B. Post_Cross_Sell",137794,321993
"B. Post_Cross_Sell",137800,322003
"B. Post_Cross_Sell",137815,322032
"B. Post_Cross_Sell",137819,322043
"B. Post_Cross_Sell",137824,322049
"B. Post_Cross_Sell",137840,322082
"B. Post_Cross_Sell",137846,322091
"B. Post_Cross_Sell",137843,322095
"B. Post_Cross_Sell",137850,322104
"B. Post_Cross_Sell",137853,322115
"B. Post_Cross_Sell",137855,322121
"B. Post_Cross_Sell",137857,322126
"B. Post_Cross_Sell",137861,322145
"B. Post_Cross_Sell",137866,322156
"B. Post_Cross_Sell",137871,322169
"B. Post_Cross_Sell",137874,322183
"B. Post_Cross_Sell",137875,322184
"B. Post_Cross_Sell",137879,322201
"B. Post_Cross_Sell",137896,322222
"B. Post_Cross_Sell",137915,322265
"B. Post_Cross_Sell",137922,322280
"B. Post_Cross_Sell",137919,322282
"B. Post_Cross_Sell",137921,322284
"B. Post_Cross_Sell",137925,322294
"B. Post_Cross_Sell",137924,322295
"B. Post_Cross_Sell",137949,322343
"B. Post_Cross_Sell",137955,322358
"B. Post_Cross_Sell",137957,322364
"B. Post_Cross_Sell",137959,322376
"B. Post_Cross_Sell",137970,322401
"B. Post_Cross_Sell",137974,322410
"B. Post_Cross_Sell",137997,322461
"B. Post_Cross_Sell",137996,322462
"B. Post_Cross_Sell",138012,322492
"B. Post_Cross_Sell",138013,322493
"B. Post_Cross_Sell",138020,322506
"B. Post_Cross_Sell",138030,322523
"B. Post_Cross_Sell",138035,322537
"B. Post_Cross_Sell",138034,322545
"B. Post_Cross_Sell",138036,322549
"B. Post_Cross_Sell",138037,322550
"B. Post_Cross_Sell",138039,322561
"B. Post_Cross_Sell",138040,322567
"B. Post_Cross_Sell",138047,322591
"B. Post_Cross_Sell",138052,322593
"B. Post_Cross_Sell",138054,322607
"B. Post_Cross_Sell",138077,322651
"B. Post_Cross_Sell",138079,322658
"B. Post_Cross_Sell",138082,322665
"B. Post_Cross_Sell",138098,322695
"B. Post_Cross_Sell",138103,322711
"B. Post_Cross_Sell",138111,322729
"B. Post_Cross_Sell",138115,322739
"B. Post_Cross_Sell",138114,322746
"B. Post_Cross_Sell",138122,322763
"B. Post_Cross_Sell",138130,322785
"B. Post_Cross_Sell",138138,322798
"B. Post_Cross_Sell",138137,322799
"B. Post_Cross_Sell",138141,322810
"B. Post_Cross_Sell",138143,322815
"B. Post_Cross_Sell",138144,322820
"B. Post_Cross_Sell",138145,322832
"B. Post_Cross_Sell",138152,322849
"B. Post_Cross_Sell",138153,322850
"B. Post_Cross_Sell",138157,322874
"B. Post_Cross_Sell",138170,322892
"B. Post_Cross_Sell",138178,322901
"B. Post_Cross_Sell",138180,322906
"B. Post_Cross_Sell",138179,322907
"B. Post_Cross_Sell",138185,322931
"B. Post_Cross_Sell",138195,322948
"B. Post_Cross_Sell",138202,322966
"B. Post_Cross_Sell",138207,322971
"B. Post_Cross_Sell",138209,322980
"B. Post_Cross_Sell",138212,323000
"B. Post_Cross_Sell",138225,323018
"B. Post_Cross_Sell",138228,323028
"B. Post_Cross_Sell",138227,323029
"B. Post_Cross_Sell",138234,323039
"B. Post_Cross_Sell",138246,323072
"B. Post_Cross_Sell",138241,323073
"B. Post_Cross_Sell",138247,323083
"B. Post_Cross_Sell",138264,323106
"B. Post_Cross_Sell",138267,323118
"B. Post_Cross_Sell",138274,323129
"B. Post_Cross_Sell",138278,323144
"B. Post_Cross_Sell",138279,323149
"B. Post_Cross_Sell",138282,323153
"B. Post_Cross_Sell",138289,323167
"B. Post_Cross_Sell",138298,323188
"B. Post_Cross_Sell",138301,323196
"B. Post_Cross_Sell",138300,323199
"B. Post_Cross_Sell",138299,323200
"B. Post_Cross_Sell",138302,323207
"B. Post_Cross_Sell",138309,323219
"B. Post_Cross_Sell",138311,323232
"B. Post_Cross_Sell",138314,323240
"B. Post_Cross_Sell",138316,323244
"B. Post_Cross_Sell",138319,323256
"B. Post_Cross_Sell",138329,323283
"B. Post_Cross_Sell",138336,323293
"B. Post_Cross_Sell",138337,323301
"B. Post_Cross_Sell",138339,323305
"B. Post_Cross_Sell",138347,323328
"B. Post_Cross_Sell",138359,323349
"B. Post_Cross_Sell",138361,323357
"B. Post_Cross_Sell",138369,323371
"B. Post_Cross_Sell",138372,323387
"B. Post_Cross_Sell",138375,323388
"B. Post_Cross_Sell",138379,323407
"B. Post_Cross_Sell",138378,323410
"B. Post_Cross_Sell",138380,323414
"B. Post_Cross_Sell",138386,323429
"B. Post_Cross_Sell",138393,323446
"B. Post_Cross_Sell",138398,323456
"B. Post_Cross_Sell",138400,323461
"B. Post_Cross_Sell",138407,323479
"B. Post_Cross_Sell",138413,323498
"B. Post_Cross_Sell",138415,323502
"B. Post_Cross_Sell",138417,323509
"B. Post_Cross_Sell",138420,323519
"B. Post_Cross_Sell",138424,323535
"B. Post_Cross_Sell",138425,323536
"B. Post_Cross_Sell",138431,323555
"B. Post_Cross_Sell",138438,323572
"B. Post_Cross_Sell",138442,323584
"B. Post_Cross_Sell",138451,323613
"B. Post_Cross_Sell",138453,323624
"B. Post_Cross_Sell",138456,323625
"B. Post_Cross_Sell",138458,323629
"B. Post_Cross_Sell",138461,323641
"B. Post_Cross_Sell",138469,323663
"B. Post_Cross_Sell",138468,323665
"B. Post_Cross_Sell",138512,323748
"B. Post_Cross_Sell",138513,323759
"B. Post_Cross_Sell",138516,323761
"B. Post_Cross_Sell",138514,323768
"B. Post_Cross_Sell",138515,323771
"B. Post_Cross_Sell",138519,323780
"B. Post_Cross_Sell",138523,323788
"B. Post_Cross_Sell",138528,323801
"B. Post_Cross_Sell",138529,323808
"B. Post_Cross_Sell",138534,323812
"B. Post_Cross_Sell",138542,323834
"B. Post_Cross_Sell",138553,323864
"B. Post_Cross_Sell",138559,323876
"B. Post_Cross_Sell",138558,323878
"B. Post_Cross_Sell",138567,323906
"B. Post_Cross_Sell",138574,323920
"B. Post_Cross_Sell",138575,323923
"B. Post_Cross_Sell",138584,323940
"B. Post_Cross_Sell",138588,323955
"B. Post_Cross_Sell",138589,323957
"B. Post_Cross_Sell",138593,323973
"B. Post_Cross_Sell",138599,323992
"B. Post_Cross_Sell",138602,323996
"B. Post_Cross_Sell",138609,324009
"B. Post_Cross_Sell",138613,324021
"B. Post_Cross_Sell",138614,324022
"B. Post_Cross_Sell",138618,324038
"B. Post_Cross_Sell",138620,324045
"B. Post_Cross_Sell",138631,324062
"B. Post_Cross_Sell",138632,324073
"B. Post_Cross_Sell",138635,324077
"B. Post_Cross_Sell",138644,324098
"B. Post_Cross_Sell",138642,324106
"B. Post_Cross_Sell",138654,324132
"B. Post_Cross_Sell",138657,324150
"B. Post_Cross_Sell",138665,324151
"B. Post_Cross_Sell",138673,324181
"B. Post_Cross_Sell",138678,324191
"B. Post_Cross_Sell",138680,324196
"B. Post_Cross_Sell",138685,324208
"B. Post_Cross_Sell",138689,324216
"B. Post_Cross_Sell",138690,324222
"B. Post_Cross_Sell",138704,324252
"B. Post_Cross_Sell",138707,324262
"B. Post_Cross_Sell",138709,324270
"B. Post_Cross_Sell",138719,324291
"B. Post_Cross_Sell",138727,324304
"B. Post_Cross_Sell",138729,324315
"B. Post_Cross_Sell",138730,324323
"B. Post_Cross_Sell",138734,324331
"B. Post_Cross_Sell",138745,324357
"B. Post_Cross_Sell",138749,324367
"B. Post_Cross_Sell",138751,324371
"B. Post_Cross_Sell",138754,324384
"B. Post_Cross_Sell",138757,324393
"B. Post_Cross_Sell",138761,324410
"B. Post_Cross_Sell",138774,324431
"B. Post_Cross_Sell",138782,324449
"B. Post_Cross_Sell",138783,324463
"B. Post_Cross_Sell",138787,324470
"B. Post_Cross_Sell",138790,324478
"B. Post_Cross_Sell",138797,324499
"B. Post_Cross_Sell",138799,324506
"B. Post_Cross_Sell",138801,324516
"B. Post_Cross_Sell",138804,324526
"B. Post_Cross_Sell",138809,324534
"B. Post_Cross_Sell",138811,324544
"B. Post_Cross_Sell",138812,324545
"B. Post_Cross_Sell",138813,324551
"B. Post_Cross_Sell",138827,324581
"B. Post_Cross_Sell",138838,324602
"B. Post_Cross_Sell",138839,324610
"B. Post_Cross_Sell",138840,324615
"B. Post_Cross_Sell",138846,324632
"B. Post_Cross_Sell",138853,324647
"B. Post_Cross_Sell",138857,324658
"B. Post_Cross_Sell",138871,324686
"B. Post_Cross_Sell",138876,324706
"B. Post_Cross_Sell",138877,324709
"B. Post_Cross_Sell",138878,324715
"B. Post_Cross_Sell",138897,324755
"B. Post_Cross_Sell",138904,324771
"B. Post_Cross_Sell",138906,324776
"B. Post_Cross_Sell",138911,324789
"B. Post_Cross_Sell",138921,324809
"B. Post_Cross_Sell",138920,324812
"B. Post_Cross_Sell",138923,324822
"B. Post_Cross_Sell",138924,324826
"B. Post_Cross_Sell",138928,324841
"B. Post_Cross_Sell",138935,324854
"B. Post_Cross_Sell",138939,324872
"B. Post_Cross_Sell",138944,324881
"B. Post_Cross_Sell",138952,324902
"B. Post_Cross_Sell",138959,324918
"B. Post_Cross_Sell",138961,324923
"B. Post_Cross_Sell",138962,324929
"B. Post_Cross_Sell",138970,324944
"B. Post_Cross_Sell",138971,324947
"B. Post_Cross_Sell",138972,324956
"B. Post_Cross_Sell",138986,324986
"B. Post_Cross_Sell",138989,324994
"B. Post_Cross_Sell",138994,325012
"B. Post_Cross_Sell",139000,325020
"B. Post_Cross_Sell",139001,325024
"B. Post_Cross_Sell",139005,325035
"B. Post_Cross_Sell",139007,325046
"B. Post_Cross_Sell",139011,325057
"B. Post_Cross_Sell",139015,325068
"B. Post_Cross_Sell",139026,325093
"B. Post_Cross_Sell",139033,325107
"B. Post_Cross_Sell",139049,325135
"B. Post_Cross_Sell",139059,325160
"B. Post_Cross_Sell",139062,325172
"B. Post_Cross_Sell",139066,325178
"B. Post_Cross_Sell",139074,325199
"B. Post_Cross_Sell",139083,325224
"B. Post_Cross_Sell",139092,325242
"B. Post_Cross_Sell",139094,325252
"B. Post_Cross_Sell",139104,325277
"B. Post_Cross_Sell",139106,325290
"B. Post_Cross_Sell",139105,325291
"B. Post_Cross_Sell",139109,325301
"B. Post_Cross_Sell",139116,325314
"B. Post_Cross_Sell",139120,325334
"B. Post_Cross_Sell",139122,325335
"B. Post_Cross_Sell",139127,325352
"B. Post_Cross_Sell",139134,325375
"B. Post_Cross_Sell",139139,325380
"B. Post_Cross_Sell",139142,325388
"B. Post_Cross_Sell",139145,325394
"B. Post_Cross_Sell",139148,325405
"B. Post_Cross_Sell",139150,325412
"B. Post_Cross_Sell",139152,325418
"B. Post_Cross_Sell",139157,325430
"B. Post_Cross_Sell",139165,325444
"B. Post_Cross_Sell",139169,325455
"B. Post_Cross_Sell",139188,325494
"B. Post_Cross_Sell",139204,325525
"B. Post_Cross_Sell",139211,325540
"B. Post_Cross_Sell",139214,325550
"B. Post_Cross_Sell",139216,325555
"B. Post_Cross_Sell",139218,325564
"B. Post_Cross_Sell",139231,325587
"B. Post_Cross_Sell",139236,325602
"B. Post_Cross_Sell",139245,325619
"B. Post_Cross_Sell",139249,325625
"B. Post_Cross_Sell",139251,325633
"B. Post_Cross_Sell",139255,325644
"B. Post_Cross_Sell",139258,325656
"B. Post_Cross_Sell",139276,325703
"B. Post_Cross_Sell",139283,325721
"B. Post_Cross_Sell",139285,325728
"B. Post_Cross_Sell",139288,325737
"B. Post_Cross_Sell",139302,325764
"B. Post_Cross_Sell",139308,325774
"B. Post_Cross_Sell",139312,325786
"B. Post_Cross_Sell",139313,325796
"B. Post_Cross_Sell",139317,325798
"B. Post_Cross_Sell",139319,325812
"B. Post_Cross_Sell",139325,325823
"B. Post_Cross_Sell",139336,325847
"B. Post_Cross_Sell",139339,325860
"B. Post_Cross_Sell",139353,325889
"B. Post_Cross_Sell",139367,325916
"B. Post_Cross_Sell",139372,325929
"B. Post_Cross_Sell",139378,325936
"B. Post_Cross_Sell",139380,325939
"B. Post_Cross_Sell",139379,325952
"B. Post_Cross_Sell",139382,325958
"B. Post_Cross_Sell",139384,325965
"B. Post_Cross_Sell",139396,325996
"B. Post_Cross_Sell",139402,326010
"B. Post_Cross_Sell",139410,326022
"B. Post_Cross_Sell",139426,326057
"B. Post_Cross_Sell",139429,326064
"B. Post_Cross_Sell",139430,326067
"B. Post_Cross_Sell",139431,326077
"B. Post_Cross_Sell",139436,326084
"B. Post_Cross_Sell",139448,326114
"B. Post_Cross_Sell",139452,326127
"B. Post_Cross_Sell",139461,326146
"B. Post_Cross_Sell",139470,326163
"B. Post_Cross_Sell",139472,326171
"B. Post_Cross_Sell",139479,326190
"B. Post_Cross_Sell",139487,326202
"B. Post_Cross_Sell",139498,326231
"B. Post_Cross_Sell",139503,326236
"B. Post_Cross_Sell",139500,326239
"B. Post_Cross_Sell",139501,326242
"B. Post_Cross_Sell",139508,326253
"B. Post_Cross_Sell",139521,326277
"B. Post_Cross_Sell",139527,326293
"B. Post_Cross_Sell",139530,326303
"B. Post_Cross_Sell",139532,326314
"B. Post_Cross_Sell",139534,326318
"B. Post_Cross_Sell",139540,326333
"B. Post_Cross_Sell",139545,326344
"B. Post_Cross_Sell",139546,326350
"B. Post_Cross_Sell",139556,326370
"B. Post_Cross_Sell",139557,326377
"B. Post_Cross_Sell",139560,326384
"B. Post_Cross_Sell",139562,326397
"B. Post_Cross_Sell",139563,326398
"B. Post_Cross_Sell",139565,326404
"B. Post_Cross_Sell",139568,326413
"B. Post_Cross_Sell",139573,326427
"B. Post_Cross_Sell",139574,326433
"B. Post_Cross_Sell",139581,326446
"B. Post_Cross_Sell",139584,326458
"B. Post_Cross_Sell",139585,326462
"B. Post_Cross_Sell",139587,326469
"B. Post_Cross_Sell",139611,326516
"B. Post_Cross_Sell",139615,326533
"B. Post_Cross_Sell",139622,326543
"B. Post_Cross_Sell",139627,326556
"B. Post_Cross_Sell",139632,326567
"B. Post_Cross_Sell",139633,326571
"B. Post_Cross_Sell",139636,326587
"B. Post_Cross_Sell",139638,326592
"B. Post_Cross_Sell",139645,326607
"B. Post_Cross_Sell",139650,326628
"B. Post_Cross_Sell",139664,326649
"B. Post_Cross_Sell",139669,326657
"B. Post_Cross_Sell",139673,326667
"B. Post_Cross_Sell",139681,326693
"B. Post_Cross_Sell",139679,326697
"B. Post_Cross_Sell",139689,326719
"B. Post_Cross_Sell",139705,326748
"B. Post_Cross_Sell",139706,326749
"B. Post_Cross_Sell",139717,326764
"B. Post_Cross_Sell",139709,326766
"B. Post_Cross_Sell",139723,326784
"B. Post_Cross_Sell",139726,326793
"B. Post_Cross_Sell",139729,326804
"B. Post_Cross_Sell",139732,326807
"B. Post_Cross_Sell",139737,326829
"B. Post_Cross_Sell",139735,326830
"B. Post_Cross_Sell",139743,326840
"B. Post_Cross_Sell",139747,326858
"B. Post_Cross_Sell",139763,326889
"B. Post_Cross_Sell",139770,326904
"B. Post_Cross_Sell",139771,326911
"B. Post_Cross_Sell",139775,326921
"B. Post_Cross_Sell",139774,326928
"B. Post_Cross_Sell",139794,326965
"B. Post_Cross_Sell",139797,326971
"B. Post_Cross_Sell",139798,326978
"B. Post_Cross_Sell",139811,327005
"B. Post_Cross_Sell",139815,327016
"B. Post_Cross_Sell",139817,327019
"B. Post_Cross_Sell",139820,327031
"B. Post_Cross_Sell",139821,327043
"B. Post_Cross_Sell",139829,327049
"B. Post_Cross_Sell",139830,327060
"B. Post_Cross_Sell",139836,327070
"B. Post_Cross_Sell",139839,327073
"B. Post_Cross_Sell",139847,327093
"B. Post_Cross_Sell",139849,327094
"B. Post_Cross_Sell",139862,327133
"B. Post_Cross_Sell",139876,327148
"B. Post_Cross_Sell",139881,327165
"B. Post_Cross_Sell",139886,327176
"B. Post_Cross_Sell",139890,327186
"B. Post_Cross_Sell",139896,327200
"B. Post_Cross_Sell",139897,327208
"B. Post_Cross_Sell",139900,327221
"B. Post_Cross_Sell",139906,327233
"B. Post_Cross_Sell",139923,327258
"B. Post_Cross_Sell",139931,327276
"B. Post_Cross_Sell",139935,327286
"B. Post_Cross_Sell",139938,327289
"B. Post_Cross_Sell",139939,327294
"B. Post_Cross_Sell",139945,327310
"B. Post_Cross_Sell",139946,327313
"B. Post_Cross_Sell",139952,327331
"B. Post_Cross_Sell",139957,327342
"B. Post_Cross_Sell",139961,327351
"B. Post_Cross_Sell",139960,327353
"B. Post_Cross_Sell",139963,327360
"B. Post_Cross_Sell",139966,327368
"B. Post_Cross_Sell",139968,327377
"B. Post_Cross_Sell",139974,327394
"B. Post_Cross_Sell",139975,327399
"B. Post_Cross_Sell",139978,327406
"B. Post_Cross_Sell",139983,327416
"B. Post_Cross_Sell",139988,327428
"B. Post_Cross_Sell",139993,327437
"B. Post_Cross_Sell",139995,327444
"B. Post_Cross_Sell",139996,327451
"B. Post_Cross_Sell",140001,327461
"B. Post_Cross_Sell",140013,327481
"B. Post_Cross_Sell",140018,327491
"B. Post_Cross_Sell",140020,327497
"B. Post_Cross_Sell",140025,327509
"B. Post_Cross_Sell",140033,327527
"B. Post_Cross_Sell",140036,327534
"B. Post_Cross_Sell",140041,327552
"B. Post_Cross_Sell",140047,327566
"B. Post_Cross_Sell",140059,327593
"B. Post_Cross_Sell",140067,327610
"B. Post_Cross_Sell",140072,327624
"B. Post_Cross_Sell",140078,327637
"B. Post_Cross_Sell",140079,327646
"B. Post_Cross_Sell",140077,327649
"B. Post_Cross_Sell",140084,327656
"B. Post_Cross_Sell",140083,327661
"B. Post_Cross_Sell",140087,327678
"B. Post_Cross_Sell",140093,327688
"B. Post_Cross_Sell",140096,327698
"B. Post_Cross_Sell",140101,327717
"B. Post_Cross_Sell",140111,327739
"B. Post_Cross_Sell",140109,327744
"B. Post_Cross_Sell",140117,327762
"B. Post_Cross_Sell",140121,327765
"B. Post_Cross_Sell",140120,327778
"B. Post_Cross_Sell",140124,327783
"B. Post_Cross_Sell",140123,327793
"B. Post_Cross_Sell",140133,327805
"B. Post_Cross_Sell",140141,327823
"B. Post_Cross_Sell",140146,327844
"B. Post_Cross_Sell",140149,327849
"B. Post_Cross_Sell",140173,327889
"B. Post_Cross_Sell",140174,327893
"B. Post_Cross_Sell",140187,327926
"B. Post_Cross_Sell",140192,327939
"B. Post_Cross_Sell",140194,327949
"B. Post_Cross_Sell",140195,327950
"B. Post_Cross_Sell",140203,327970
"B. Post_Cross_Sell",140205,327981
"B. Post_Cross_Sell",140206,327992
"B. Post_Cross_Sell",140212,328006
"B. Post_Cross_Sell",140214,328009
"B. Post_Cross_Sell",140215,328024
"B. Post_Cross_Sell",140217,328030
"B. Post_Cross_Sell",140225,328054
"B. Post_Cross_Sell",140232,328067
"B. Post_Cross_Sell",140240,328079
"B. Post_Cross_Sell",140258,328116
"B. Post_Cross_Sell",140267,328132
"B. Post_Cross_Sell",140276,328143
"B. Post_Cross_Sell",140279,328157
"B. Post_Cross_Sell",140282,328165
"B. Post_Cross_Sell",140292,328190
"B. Post_Cross_Sell",140295,328202
"B. Post_Cross_Sell",140296,328205
"B. Post_Cross_Sell",140299,328208
"B. Post_Cross_Sell",140305,328225
"B. Post_Cross_Sell",140306,328229
"B. Post_Cross_Sell",140313,328245
"B. Post_Cross_Sell",140310,328248
"B. Post_Cross_Sell",140327,328271
"B. Post_Cross_Sell",140333,328286
"B. Post_Cross_Sell",140337,328302
"B. Post_Cross_Sell",140342,328314
"B. Post_Cross_Sell",140348,328325
"B. Post_Cross_Sell",140350,328331
"B. Post_Cross_Sell",140351,328338
"B. Post_Cross_Sell",140356,328352
"B. Post_Cross_Sell",140359,328362
"B. Post_Cross_Sell",140363,328372
"B. Post_Cross_Sell",140371,328388
"B. Post_Cross_Sell",140369,328389
"B. Post_Cross_Sell",140370,328395
"B. Post_Cross_Sell",140382,328418
"B. Post_Cross_Sell",140383,328421
"B. Post_Cross_Sell",140399,328449
"B. Post_Cross_Sell",140407,328464
"B. Post_Cross_Sell",140410,328477
"B. Post_Cross_Sell",140420,328498
"B. Post_Cross_Sell",140424,328507
"B. Post_Cross_Sell",140425,328510
"B. Post_Cross_Sell",140426,328518
"B. Post_Cross_Sell",140428,328521
"B. Post_Cross_Sell",140433,328539
"B. Post_Cross_Sell",140445,328566
"B. Post_Cross_Sell",140447,328572
"B. Post_Cross_Sell",140454,328588
"B. Post_Cross_Sell",140455,328595
"B. Post_Cross_Sell",140457,328599
"B. Post_Cross_Sell",140459,328609
"B. Post_Cross_Sell",140465,328617
"B. Post_Cross_Sell",140462,328619
"B. Post_Cross_Sell",140473,328639
"B. Post_Cross_Sell",140476,328653
"B. Post_Cross_Sell",140484,328667
"B. Post_Cross_Sell",140486,328676
"B. Post_Cross_Sell",140487,328688
"B. Post_Cross_Sell",140492,328698
"B. Post_Cross_Sell",140495,328704
"B. Post_Cross_Sell",140500,328712
"B. Post_Cross_Sell",140505,328727
"B. Post_Cross_Sell",140518,328763
"B. Post_Cross_Sell",140520,328765
"B. Post_Cross_Sell",140524,328777
"B. Post_Cross_Sell",140530,328787
"B. Post_Cross_Sell",140535,328804
"B. Post_Cross_Sell",140536,328814
"B. Post_Cross_Sell",140550,328842
"B. Post_Cross_Sell",140546,328845
"B. Post_Cross_Sell",140573,328889
"B. Post_Cross_Sell",140575,328894
"B. Post_Cross_Sell",140578,328901
"B. Post_Cross_Sell",140590,328934
"B. Post_Cross_Sell",140592,328935
"B. Post_Cross_Sell",140599,328956
"B. Post_Cross_Sell",140608,328973
"B. Post_Cross_Sell",140610,328979
"B. Post_Cross_Sell",140611,328982
"B. Post_Cross_Sell",140617,328997
"B. Post_Cross_Sell",140620,329007
"B. Post_Cross_Sell",140621,329011
"B. Post_Cross_Sell",140623,329029
"B. Post_Cross_Sell",140635,329045
"B. Post_Cross_Sell",140632,329049
"B. Post_Cross_Sell",140644,329072
"B. Post_Cross_Sell",140655,329093
"B. Post_Cross_Sell",140653,329094
"B. Post_Cross_Sell",140665,329108
"B. Post_Cross_Sell",140669,329124
"B. Post_Cross_Sell",140673,329133
"B. Post_Cross_Sell",140682,329157
"B. Post_Cross_Sell",140683,329162
"B. Post_Cross_Sell",140685,329175
"B. Post_Cross_Sell",140692,329183
"B. Post_Cross_Sell",140695,329198
"B. Post_Cross_Sell",140698,329204
"B. Post_Cross_Sell",140697,329210
"B. Post_Cross_Sell",140712,329239
"B. Post_Cross_Sell",140719,329258
"B. Post_Cross_Sell",140724,329271
"B. Post_Cross_Sell",140725,329273
"B. Post_Cross_Sell",140726,329280
"B. Post_Cross_Sell",140748,329324
"B. Post_Cross_Sell",140758,329338
"B. Post_Cross_Sell",140762,329349
"B. Post_Cross_Sell",140764,329355
"B. Post_Cross_Sell",140770,329371
"B. Post_Cross_Sell",140769,329377
"B. Post_Cross_Sell",140772,329384
"B. Post_Cross_Sell",140773,329391
"B. Post_Cross_Sell",140777,329399
"B. Post_Cross_Sell",140782,329415
"B. Post_Cross_Sell",140793,329438
"B. Post_Cross_Sell",140807,329466
"B. Post_Cross_Sell",140812,329482
"B. Post_Cross_Sell",140811,329483
"B. Post_Cross_Sell",140814,329490
"B. Post_Cross_Sell",140815,329497
"B. Post_Cross_Sell",140817,329506
"B. Post_Cross_Sell",140822,329519
"B. Post_Cross_Sell",140823,329524
"B. Post_Cross_Sell",140825,329532
"B. Post_Cross_Sell",140828,329537
"B. Post_Cross_Sell",140829,329545
"B. Post_Cross_Sell",140830,329547
"B. Post_Cross_Sell",140832,329551
"B. Post_Cross_Sell",140834,329564
"B. Post_Cross_Sell",140841,329576
"B. Post_Cross_Sell",140849,329596
"B. Post_Cross_Sell",140851,329598
"B. Post_Cross_Sell",140854,329606
"B. Post_Cross_Sell",140858,329622
"B. Post_Cross_Sell",140880,329660
"B. Post_Cross_Sell",140881,329667
"B. Post_Cross_Sell",140894,329695
"B. Post_Cross_Sell",140898,329697
"B. Post_Cross_Sell",140904,329717
"B. Post_Cross_Sell",140907,329725
"B. Post_Cross_Sell",140906,329729
"B. Post_Cross_Sell",140910,329746
"B. Post_Cross_Sell",140912,329748
"B. Post_Cross_Sell",140911,329750
"B. Post_Cross_Sell",140922,329777
"B. Post_Cross_Sell",140929,329794
"B. Post_Cross_Sell",140933,329803
"B. Post_Cross_Sell",140936,329812
"B. Post_Cross_Sell",140938,329820
"B. Post_Cross_Sell",140946,329838
"B. Post_Cross_Sell",140963,329869
"B. Post_Cross_Sell",140966,329880
"B. Post_Cross_Sell",140968,329883
"B. Post_Cross_Sell",140969,329891
"B. Post_Cross_Sell",140973,329905
"B. Post_Cross_Sell",140983,329925
"B. Post_Cross_Sell",140986,329939
"B. Post_Cross_Sell",140989,329946
"B. Post_Cross_Sell",140990,329953
"B. Post_Cross_Sell",141001,329963
"B. Post_Cross_Sell",141010,329984
"B. Post_Cross_Sell",141013,329998
"B. Post_Cross_Sell",141024,330015
"B. Post_Cross_Sell",141036,330040
"B. Post_Cross_Sell",141035,330041
"B. Post_Cross_Sell",141045,330062
"B. Post_Cross_Sell",141046,330068
"B. Post_Cross_Sell",141047,330073
"B. Post_Cross_Sell",141055,330089
"B. Post_Cross_Sell",141065,330109
"B. Post_Cross_Sell",141067,330116
"B. Post_Cross_Sell",141071,330124
"B. Post_Cross_Sell",141072,330129
"B. Post_Cross_Sell",141078,330147
"B. Post_Cross_Sell",141098,330185
"B. Post_Cross_Sell",141104,330199
"B. Post_Cross_Sell",141108,330211
"B. Post_Cross_Sell",141115,330226
"B. Post_Cross_Sell",141120,330241
"B. Post_Cross_Sell",141128,330257
"B. Post_Cross_Sell",141133,330268
"B. Post_Cross_Sell",141139,330285
"B. Post_Cross_Sell",141147,330308
"B. Post_Cross_Sell",141152,330319
"B. Post_Cross_Sell",141154,330327
"B. Post_Cross_Sell",141161,330344
"B. Post_Cross_Sell",141165,330354
"B. Post_Cross_Sell",141164,330359
"B. Post_Cross_Sell",141169,330374
"B. Post_Cross_Sell",141178,330394
"B. Post_Cross_Sell",141186,330409
"B. Post_Cross_Sell",141188,330416
"B. Post_Cross_Sell",141193,330425
"B. Post_Cross_Sell",141204,330451
"B. Post_Cross_Sell",141203,330452
"B. Post_Cross_Sell",141209,330468
"B. Post_Cross_Sell",141218,330489
"B. Post_Cross_Sell",141220,330497
"B. Post_Cross_Sell",141222,330500
"B. Post_Cross_Sell",141224,330507
"B. Post_Cross_Sell",141227,330518
"B. Post_Cross_Sell",141231,330530
"B. Post_Cross_Sell",141235,330541
"B. Post_Cross_Sell",141236,330549
"B. Post_Cross_Sell",141238,330551
"B. Post_Cross_Sell",141249,330574
"B. Post_Cross_Sell",141273,330623
"B. Post_Cross_Sell",141277,330631
"B. Post_Cross_Sell",141279,330642
"B. Post_Cross_Sell",141280,330645
"B. Post_Cross_Sell",141289,330662
"B. Post_Cross_Sell",141291,330672
"B. Post_Cross_Sell",141292,330679
"B. Post_Cross_Sell",141293,330680
"B. Post_Cross_Sell",141295,330688
"B. Post_Cross_Sell",141304,330711
"B. Post_Cross_Sell",141310,330723
"B. Post_Cross_Sell",141316,330743
"B. Post_Cross_Sell",141328,330770
"B. Post_Cross_Sell",141337,330787
"B. Post_Cross_Sell",141343,330805
"B. Post_Cross_Sell",141346,330814
"B. Post_Cross_Sell",141350,330825
"B. Post_Cross_Sell",141351,330834
"B. Post_Cross_Sell",141352,330839
"B. Post_Cross_Sell",141360,330854
"B. Post_Cross_Sell",141366,330868
"B. Post_Cross_Sell",141372,330883
"B. Post_Cross_Sell",141379,330899
"B. Post_Cross_Sell",141380,330905
"B. Post_Cross_Sell",141382,330914
"B. Post_Cross_Sell",141388,330924
"B. Post_Cross_Sell",141390,330929
"B. Post_Cross_Sell",141393,330937
"B. Post_Cross_Sell",141401,330958
"B. Post_Cross_Sell",141400,330959
"B. Post_Cross_Sell",141404,330968
"B. Post_Cross_Sell",141417,331003
"B. Post_Cross_Sell",141421,331009
"B. Post_Cross_Sell",141428,331023
"B. Post_Cross_Sell",141436,331038
"B. Post_Cross_Sell",141440,331055
"B. Post_Cross_Sell",141442,331061
"B. Post_Cross_Sell",141461,331098
"B. Post_Cross_Sell",141463,331110
"B. Post_Cross_Sell",141468,331119
"B. Post_Cross_Sell",141470,331123
"B. Post_Cross_Sell",141475,331141
"B. Post_Cross_Sell",141477,331145
"B. Post_Cross_Sell",141479,331151
"B. Post_Cross_Sell",141496,331182
"B. Post_Cross_Sell",141497,331193
"B. Post_Cross_Sell",141509,331214
"B. Post_Cross_Sell",141510,331222
"B. Post_Cross_Sell",141518,331246
"B. Post_Cross_Sell",141525,331257
"B. Post_Cross_Sell",141526,331261
"B. Post_Cross_Sell",141531,331272
"B. Post_Cross_Sell",141534,331285
"B. Post_Cross_Sell",141543,331304
"B. Post_Cross_Sell",141547,331313
"B. Post_Cross_Sell",141554,331342
"B. Post_Cross_Sell",141559,331343
"B. Post_Cross_Sell",141553,331344
"B. Post_Cross_Sell",141573,331382
"B. Post_Cross_Sell",141574,331398
"B. Post_Cross_Sell",141578,331402
"B. Post_Cross_Sell",141586,331428
"B. Post_Cross_Sell",141588,331429
"B. Post_Cross_Sell",141599,331450
"B. Post_Cross_Sell",141613,331482
"B. Post_Cross_Sell",141612,331483
"B. Post_Cross_Sell",141616,331495
"B. Post_Cross_Sell",141622,331512
"B. Post_Cross_Sell",141629,331530
"B. Post_Cross_Sell",141634,331536
"B. Post_Cross_Sell",141630,331542
"B. Post_Cross_Sell",141637,331546
"B. Post_Cross_Sell",141656,331582
"B. Post_Cross_Sell",141663,331598
"B. Post_Cross_Sell",141664,331605
"B. Post_Cross_Sell",141667,331611
"B. Post_Cross_Sell",141678,331644
"B. Post_Cross_Sell",141693,331675
"B. Post_Cross_Sell",141695,331677
"B. Post_Cross_Sell",141697,331685
"B. Post_Cross_Sell",141699,331696
"B. Post_Cross_Sell",141706,331715
"B. Post_Cross_Sell",141708,331716
"B. Post_Cross_Sell",141717,331737
"B. Post_Cross_Sell",141722,331745
"B. Post_Cross_Sell",141723,331757
"B. Post_Cross_Sell",141728,331768
"B. Post_Cross_Sell",141748,331803
"B. Post_Cross_Sell",141752,331819
"B. Post_Cross_Sell",141753,331825
"B. Post_Cross_Sell",141755,331827
"B. Post_Cross_Sell",141759,331842
"B. Post_Cross_Sell",141767,331851
"B. Post_Cross_Sell",141770,331869
"B. Post_Cross_Sell",141773,331871
"B. Post_Cross_Sell",141779,331890
"B. Post_Cross_Sell",141781,331898
"B. Post_Cross_Sell",141786,331914
"B. Post_Cross_Sell",141785,331917
"B. Post_Cross_Sell",141787,331919
"B. Post_Cross_Sell",141793,331939
"B. Post_Cross_Sell",141794,331944
"B. Post_Cross_Sell",141810,331973
"B. Post_Cross_Sell",141813,331981
"B. Post_Cross_Sell",141821,332003
"B. Post_Cross_Sell",141822,332012
"B. Post_Cross_Sell",141833,332031
"B. Post_Cross_Sell",141837,332043
"B. Post_Cross_Sell",141859,332080
"B. Post_Cross_Sell",141863,332089
"B. Post_Cross_Sell",141866,332100
"B. Post_Cross_Sell",141867,332105
"B. Post_Cross_Sell",141873,332114
"B. Post_Cross_Sell",141878,332124
"B. Post_Cross_Sell",141887,332148
"B. Post_Cross_Sell",141899,332173
"B. Post_Cross_Sell",141898,332180
"B. Post_Cross_Sell",141902,332188
"B. Post_Cross_Sell",141901,332189
"B. Post_Cross_Sell",141907,332197
"B. Post_Cross_Sell",141910,332212
"B. Post_Cross_Sell",141912,332216
"B. Post_Cross_Sell",141924,332246
"B. Post_Cross_Sell",141933,332262
"B. Post_Cross_Sell",141942,332282
"B. Post_Cross_Sell",141947,332290
"B. Post_Cross_Sell",141953,332309
"B. Post_Cross_Sell",141957,332314
"B. Post_Cross_Sell",141965,332339
"B. Post_Cross_Sell",141966,332341
"B. Post_Cross_Sell",141974,332359
"B. Post_Cross_Sell",141973,332363
"B. Post_Cross_Sell",141972,332365
"B. Post_Cross_Sell",141979,332372
"B. Post_Cross_Sell",141982,332384
"B. Post_Cross_Sell",141997,332411
"B. Post_Cross_Sell",142001,332425
"B. Post_Cross_Sell",142004,332435
"B. Post_Cross_Sell",142011,332441
"B. Post_Cross_Sell",142019,332462
"B. Post_Cross_Sell",142020,332468
"B. Post_Cross_Sell",142029,332488
"B. Post_Cross_Sell",142038,332506
"B. Post_Cross_Sell",142042,332518
"B. Post_Cross_Sell",142044,332534
"B. Post_Cross_Sell",142051,332543
"B. Post_Cross_Sell",142055,332558
"B. Post_Cross_Sell",142071,332582
"B. Post_Cross_Sell",142074,332598
"B. Post_Cross_Sell",142078,332603
"B. Post_Cross_Sell",142077,332605
"B. Post_Cross_Sell",142079,332613
"B. Post_Cross_Sell",142084,332628
"B. Post_Cross_Sell",142086,332629
"B. Post_Cross_Sell",142093,332644
"B. Post_Cross_Sell",142098,332663
"B. Post_Cross_Sell",142102,332671
"B. Post_Cross_Sell",142120,332713
"B. Post_Cross_Sell",142126,332728
"B. Post_Cross_Sell",142131,332732
"B. Post_Cross_Sell",142137,332748
"B. Post_Cross_Sell",142138,332755
"B. Post_Cross_Sell",142142,332767
"B. Post_Cross_Sell",142145,332779
"B. Post_Cross_Sell",142150,332788
"B. Post_Cross_Sell",142152,332798
"B. Post_Cross_Sell",142154,332802
"B. Post_Cross_Sell",142157,332813
"B. Post_Cross_Sell",142163,332825
"B. Post_Cross_Sell",142165,332831
"B. Post_Cross_Sell",142167,332834
"B. Post_Cross_Sell",142174,332852
"B. Post_Cross_Sell",142185,332879
"B. Post_Cross_Sell",142186,332881
"B. Post_Cross_Sell",142194,332905
"B. Post_Cross_Sell",142198,332913
"B. Post_Cross_Sell",142209,332934
"B. Post_Cross_Sell",142214,332945
"B. Post_Cross_Sell",142215,332948
"B. Post_Cross_Sell",142216,332951
"B. Post_Cross_Sell",142220,332964
"B. Post_Cross_Sell",142222,332968
"B. Post_Cross_Sell",142226,332981
"B. Post_Cross_Sell",142227,332983
"B. Post_Cross_Sell",142229,332990
"B. Post_Cross_Sell",142231,332999
"B. Post_Cross_Sell",142236,333013
"B. Post_Cross_Sell",142242,333032
"B. Post_Cross_Sell",142244,333036
"B. Post_Cross_Sell",142265,333075
"B. Post_Cross_Sell",142269,333090
"B. Post_Cross_Sell",142273,333100
"B. Post_Cross_Sell",142278,333114
"B. Post_Cross_Sell",142291,333145
"B. Post_Cross_Sell",142294,333146
"B. Post_Cross_Sell",142293,333148
"B. Post_Cross_Sell",142301,333176
"B. Post_Cross_Sell",142320,333211
"B. Post_Cross_Sell",142325,333226
"B. Post_Cross_Sell",142329,333233
"B. Post_Cross_Sell",142337,333254
"B. Post_Cross_Sell",142342,333267
"B. Post_Cross_Sell",142339,333269
"B. Post_Cross_Sell",142345,333286
"B. Post_Cross_Sell",142363,333322
"B. Post_Cross_Sell",142365,333329
"B. Post_Cross_Sell",142372,333345
"B. Post_Cross_Sell",142377,333353
"B. Post_Cross_Sell",142378,333360
"B. Post_Cross_Sell",142385,333380
"B. Post_Cross_Sell",142389,333390
"B. Post_Cross_Sell",142394,333398
"B. Post_Cross_Sell",142393,333403
"B. Post_Cross_Sell",142395,333409
"B. Post_Cross_Sell",142401,333426
"B. Post_Cross_Sell",142405,333430
"B. Post_Cross_Sell",142409,333444
"B. Post_Cross_Sell",142410,333449
"B. Post_Cross_Sell",142418,333466
"B. Post_Cross_Sell",142423,333479
"B. Post_Cross_Sell",142425,333492
"B. Post_Cross_Sell",142432,333514
"B. Post_Cross_Sell",142441,333541
"B. Post_Cross_Sell",142452,333560
"B. Post_Cross_Sell",142454,333569
"B. Post_Cross_Sell",142455,333571
"B. Post_Cross_Sell",142457,333586
"B. Post_Cross_Sell",142459,333598
"B. Post_Cross_Sell",142466,333601
"B. Post_Cross_Sell",142478,333621
"B. Post_Cross_Sell",142481,333630
"B. Post_Cross_Sell",142488,333647
"B. Post_Cross_Sell",142495,333665
"B. Post_Cross_Sell",142501,333678
"B. Post_Cross_Sell",142505,333687
"B. Post_Cross_Sell",142523,333723
"B. Post_Cross_Sell",142522,333729
"B. Post_Cross_Sell",142525,333742
"B. Post_Cross_Sell",142535,333761
"B. Post_Cross_Sell",142549,333788
"B. Post_Cross_Sell",142547,333790
"B. Post_Cross_Sell",142554,333804
"B. Post_Cross_Sell",142562,333822
"B. Post_Cross_Sell",142559,333823
"B. Post_Cross_Sell",142586,333879
"B. Post_Cross_Sell",142593,333895
"B. Post_Cross_Sell",142594,333904
"B. Post_Cross_Sell",142598,333910
"B. Post_Cross_Sell",142599,333927
"B. Post_Cross_Sell",142605,333931
"B. Post_Cross_Sell",142612,333945
"B. Post_Cross_Sell",142617,333958
"B. Post_Cross_Sell",142621,333968
"B. Post_Cross_Sell",142628,333984
"B. Post_Cross_Sell",142629,333989
"B. Post_Cross_Sell",142631,334000
"B. Post_Cross_Sell",142635,334008
"B. Post_Cross_Sell",142646,334023
"B. Post_Cross_Sell",142653,334039
"B. Post_Cross_Sell",142655,334043
"B. Post_Cross_Sell",142659,334055
"B. Post_Cross_Sell",142668,334072
"B. Post_Cross_Sell",142669,334080
"B. Post_Cross_Sell",142671,334088
"B. Post_Cross_Sell",142674,334099
"B. Post_Cross_Sell",142684,334118
"B. Post_Cross_Sell",142686,334125
"B. Post_Cross_Sell",142687,334128
"B. Post_Cross_Sell",142694,334141
"B. Post_Cross_Sell",142696,334149
"B. Post_Cross_Sell",142697,334154
"B. Post_Cross_Sell",142700,334162
"B. Post_Cross_Sell",142701,334164
"B. Post_Cross_Sell",142703,334177
"B. Post_Cross_Sell",142706,334180
"B. Post_Cross_Sell",142717,334203
"B. Post_Cross_Sell",142720,334209
"B. Post_Cross_Sell",142723,334221
"B. Post_Cross_Sell",142722,334225
"B. Post_Cross_Sell",142731,334244
"B. Post_Cross_Sell",142759,334291
"B. Post_Cross_Sell",142757,334292
"B. Post_Cross_Sell",142761,334307
"B. Post_Cross_Sell",142766,334313
"B. Post_Cross_Sell",142765,334320
"B. Post_Cross_Sell",142775,334343
"B. Post_Cross_Sell",142785,334363
"B. Post_Cross_Sell",142784,334364
"B. Post_Cross_Sell",142788,334383
"B. Post_Cross_Sell",142792,334398
"B. Post_Cross_Sell",142794,334404
"B. Post_Cross_Sell",142798,334414
"B. Post_Cross_Sell",142802,334428
"B. Post_Cross_Sell",142804,334431
"B. Post_Cross_Sell",142816,334454
"B. Post_Cross_Sell",142822,334474
"B. Post_Cross_Sell",142827,334479
"B. Post_Cross_Sell",142830,334489
"B. Post_Cross_Sell",142833,334508
"B. Post_Cross_Sell",142834,334509
"B. Post_Cross_Sell",142836,334519
"B. Post_Cross_Sell",142837,334522
"B. Post_Cross_Sell",142838,334526
"B. Post_Cross_Sell",142849,334553
"B. Post_Cross_Sell",142859,334582
"B. Post_Cross_Sell",142865,334593
"B. Post_Cross_Sell",142873,334613
"B. Post_Cross_Sell",142885,334631
"B. Post_Cross_Sell",142894,334654
"B. Post_Cross_Sell",142892,334660
"B. Post_Cross_Sell",142904,334678
"B. Post_Cross_Sell",142917,334711
"B. Post_Cross_Sell",142926,334725
"B. Post_Cross_Sell",142931,334732
"B. Post_Cross_Sell",142935,334747
"B. Post_Cross_Sell",142936,334754
"B. Post_Cross_Sell",142949,334780
"B. Post_Cross_Sell",142948,334781
"B. Post_Cross_Sell",142950,334787
"B. Post_Cross_Sell",142959,334805
"B. Post_Cross_Sell",142961,334817
"B. Post_Cross_Sell",142973,334846
"B. Post_Cross_Sell",142981,334861
"B. Post_Cross_Sell",142991,334887
"B. Post_Cross_Sell",142994,334897
"B. Post_Cross_Sell",142999,334913
"B. Post_Cross_Sell",142998,334917
"B. Post_Cross_Sell",143001,334924
"B. Post_Cross_Sell",143006,334937
"B. Post_Cross_Sell",143005,334940
"B. Post_Cross_Sell",143019,334968
"B. Post_Cross_Sell",143018,334971
"B. Post_Cross_Sell",143024,334984
"B. Post_Cross_Sell",143029,334996
"B. Post_Cross_Sell",143030,335000
