website_session_id,landing_page,count_of_pages_viewd
1,/home,1
2,/home,1
3,/home,1
4,/home,1
5,/home,1
6,/home,1
7,/home,1
8,/home,1
9,/home,1
10,/home,1
11,/home,1
12,/home,1
13,/home,1
14,/home,1
15,/home,1
16,/home,1
17,/home,1
18,/home,1
19,/home,1
20,/home,1
21,/home,1
22,/home,1
23,/home,1
24,/home,1
25,/home,1
26,/home,1
27,/home,1
28,/home,1
29,/home,1
30,/home,1
31,/home,1
32,/home,1
33,/home,1
34,/home,1
35,/home,1
36,/home,1
37,/home,1
38,/home,1
39,/home,1
40,/home,1
41,/home,1
42,/home,1
43,/home,1
44,/home,1
45,/home,1
46,/home,1
47,/home,1
48,/home,1
49,/home,1
50,/home,1
51,/home,1
52,/home,1
53,/home,1
54,/home,1
55,/home,1
56,/home,1
57,/home,1
58,/home,1
59,/home,1
60,/home,1
61,/home,1
62,/home,1
63,/home,1
64,/home,1
65,/home,1
66,/home,1
67,/home,1
68,/home,1
69,/home,1
70,/home,1
71,/home,1
72,/home,1
73,/home,1
74,/home,1
75,/home,1
76,/home,1
77,/home,1
78,/home,1
79,/home,1
80,/home,1
81,/home,1
82,/home,1
83,/home,1
84,/home,1
85,/home,1
86,/home,1
87,/home,1
88,/home,1
89,/home,1
90,/home,1
91,/home,1
92,/home,1
93,/home,1
94,/home,1
95,/home,1
96,/home,1
97,/home,1
98,/home,1
99,/home,1
100,/home,1
101,/home,1
102,/home,1
103,/home,1
104,/home,1
105,/home,1
106,/home,1
107,/home,1
108,/home,1
109,/home,1
110,/home,1
111,/home,1
112,/home,1
113,/home,1
114,/home,1
115,/home,1
116,/home,1
117,/home,1
118,/home,1
119,/home,1
120,/home,1
121,/home,1
122,/home,1
123,/home,1
124,/home,1
125,/home,1
126,/home,1
127,/home,1
128,/home,1
129,/home,1
130,/home,1
131,/home,1
132,/home,1
133,/home,1
134,/home,1
135,/home,1
136,/home,1
137,/home,1
138,/home,1
139,/home,1
140,/home,1
141,/home,1
142,/home,1
143,/home,1
144,/home,1
145,/home,1
146,/home,1
147,/home,1
148,/home,1
149,/home,1
150,/home,1
151,/home,1
152,/home,1
153,/home,1
154,/home,1
155,/home,1
156,/home,1
157,/home,1
158,/home,1
159,/home,1
160,/home,1
161,/home,1
162,/home,1
163,/home,1
164,/home,1
165,/home,1
166,/home,1
167,/home,1
168,/home,1
169,/home,1
170,/home,1
171,/home,1
172,/home,1
173,/home,1
174,/home,1
175,/home,1
176,/home,1
177,/home,1
178,/home,1
179,/home,1
180,/home,1
181,/home,1
182,/home,1
183,/home,1
184,/home,1
185,/home,1
186,/home,1
187,/home,1
188,/home,1
189,/home,1
190,/home,1
191,/home,1
192,/home,1
193,/home,1
194,/home,1
195,/home,1
196,/home,1
197,/home,1
198,/home,1
199,/home,1
200,/home,1
201,/home,1
202,/home,1
203,/home,1
204,/home,1
205,/home,1
206,/home,1
207,/home,1
208,/home,1
209,/home,1
210,/home,1
211,/home,1
212,/home,1
213,/home,1
214,/home,1
215,/home,1
216,/home,1
217,/home,1
218,/home,1
219,/home,1
220,/home,1
221,/home,1
222,/home,1
223,/home,1
224,/home,1
225,/home,1
226,/home,1
227,/home,1
228,/home,1
229,/home,1
230,/home,1
231,/home,1
232,/home,1
233,/home,1
234,/home,1
235,/home,1
236,/home,1
237,/home,1
238,/home,1
239,/home,1
240,/home,1
241,/home,1
242,/home,1
243,/home,1
244,/home,1
245,/home,1
246,/home,1
247,/home,1
248,/home,1
249,/home,1
250,/home,1
251,/home,1
252,/home,1
253,/home,1
254,/home,1
255,/home,1
256,/home,1
257,/home,1
258,/home,1
259,/home,1
260,/home,1
261,/home,1
262,/home,1
263,/home,1
264,/home,1
265,/home,1
266,/home,1
267,/home,1
268,/home,1
269,/home,1
270,/home,1
271,/home,1
272,/home,1
273,/home,1
274,/home,1
275,/home,1
276,/home,1
277,/home,1
278,/home,1
279,/home,1
280,/home,1
281,/home,1
282,/home,1
283,/home,1
284,/home,1
285,/home,1
286,/home,1
287,/home,1
288,/home,1
289,/home,1
290,/home,1
291,/home,1
292,/home,1
293,/home,1
294,/home,1
295,/home,1
296,/home,1
297,/home,1
298,/home,1
299,/home,1
300,/home,1
301,/home,1
302,/home,1
303,/home,1
304,/home,1
305,/home,1
306,/home,1
307,/home,1
308,/home,1
309,/home,1
310,/home,1
311,/home,1
312,/home,1
313,/home,1
314,/home,1
315,/home,1
316,/home,1
317,/home,1
318,/home,1
319,/home,1
320,/home,1
321,/home,1
322,/home,1
323,/home,1
324,/home,1
325,/home,1
326,/home,1
327,/home,1
328,/home,1
329,/home,1
330,/home,1
331,/home,1
332,/home,1
333,/home,1
334,/home,1
335,/home,1
336,/home,1
337,/home,1
338,/home,1
339,/home,1
340,/home,1
341,/home,1
342,/home,1
343,/home,1
344,/home,1
345,/home,1
346,/home,1
347,/home,1
348,/home,1
349,/home,1
350,/home,1
351,/home,1
352,/home,1
353,/home,1
354,/home,1
355,/home,1
356,/home,1
357,/home,1
358,/home,1
359,/home,1
360,/home,1
361,/home,1
362,/home,1
363,/home,1
364,/home,1
365,/home,1
366,/home,1
367,/home,1
368,/home,1
369,/home,1
370,/home,1
371,/home,1
372,/home,1
373,/home,1
374,/home,1
375,/home,1
376,/home,1
377,/home,1
378,/home,1
379,/home,1
380,/home,1
381,/home,1
382,/home,1
383,/home,1
384,/home,1
385,/home,1
386,/home,1
387,/home,1
388,/home,1
389,/home,1
390,/home,1
391,/home,1
392,/home,1
393,/home,1
394,/home,1
395,/home,1
396,/home,1
397,/home,1
398,/home,1
399,/home,1
400,/home,1
401,/home,1
402,/home,1
403,/home,1
404,/home,1
405,/home,1
406,/home,1
407,/home,1
408,/home,1
409,/home,1
410,/home,1
411,/home,1
412,/home,1
413,/home,1
414,/home,1
415,/home,1
416,/home,1
417,/home,1
418,/home,1
419,/home,1
420,/home,1
421,/home,1
422,/home,1
423,/home,1
424,/home,1
425,/home,1
426,/home,1
427,/home,1
428,/home,1
429,/home,1
430,/home,1
431,/home,1
432,/home,1
433,/home,1
434,/home,1
435,/home,1
436,/home,1
437,/home,1
438,/home,1
439,/home,1
440,/home,1
441,/home,1
442,/home,1
443,/home,1
444,/home,1
445,/home,1
446,/home,1
447,/home,1
448,/home,1
449,/home,1
450,/home,1
451,/home,1
452,/home,1
453,/home,1
454,/home,1
455,/home,1
456,/home,1
457,/home,1
458,/home,1
459,/home,1
460,/home,1
461,/home,1
462,/home,1
463,/home,1
464,/home,1
465,/home,1
466,/home,1
467,/home,1
468,/home,1
469,/home,1
470,/home,1
471,/home,1
472,/home,1
473,/home,1
474,/home,1
475,/home,1
476,/home,1
477,/home,1
478,/home,1
479,/home,1
480,/home,1
481,/home,1
482,/home,1
483,/home,1
484,/home,1
485,/home,1
486,/home,1
487,/home,1
488,/home,1
489,/home,1
490,/home,1
491,/home,1
492,/home,1
493,/home,1
494,/home,1
495,/home,1
496,/home,1
497,/home,1
498,/home,1
499,/home,1
500,/home,1
501,/home,1
502,/home,1
503,/home,1
504,/home,1
505,/home,1
506,/home,1
507,/home,1
508,/home,1
509,/home,1
510,/home,1
511,/home,1
512,/home,1
513,/home,1
514,/home,1
515,/home,1
516,/home,1
517,/home,1
518,/home,1
519,/home,1
520,/home,1
521,/home,1
522,/home,1
523,/home,1
524,/home,1
525,/home,1
526,/home,1
527,/home,1
528,/home,1
529,/home,1
530,/home,1
531,/home,1
532,/home,1
533,/home,1
534,/home,1
535,/home,1
536,/home,1
537,/home,1
538,/home,1
539,/home,1
540,/home,1
541,/home,1
542,/home,1
543,/home,1
544,/home,1
545,/home,1
546,/home,1
547,/home,1
548,/home,1
549,/home,1
550,/home,1
551,/home,1
552,/home,1
553,/home,1
554,/home,1
555,/home,1
556,/home,1
557,/home,1
558,/home,1
559,/home,1
560,/home,1
561,/home,1
562,/home,1
563,/home,1
564,/home,1
565,/home,1
566,/home,1
567,/home,1
568,/home,1
569,/home,1
570,/home,1
571,/home,1
572,/home,1
573,/home,1
574,/home,1
575,/home,1
576,/home,1
577,/home,1
578,/home,1
579,/home,1
580,/home,1
581,/home,1
582,/home,1
583,/home,1
584,/home,1
585,/home,1
586,/home,1
587,/home,1
588,/home,1
589,/home,1
590,/home,1
591,/home,1
592,/home,1
593,/home,1
594,/home,1
595,/home,1
596,/home,1
597,/home,1
598,/home,1
599,/home,1
600,/home,1
601,/home,1
602,/home,1
603,/home,1
604,/home,1
605,/home,1
606,/home,1
607,/home,1
608,/home,1
609,/home,1
610,/home,1
611,/home,1
612,/home,1
613,/home,1
614,/home,1
615,/home,1
616,/home,1
617,/home,1
618,/home,1
619,/home,1
620,/home,1
621,/home,1
622,/home,1
623,/home,1
624,/home,1
625,/home,1
626,/home,1
627,/home,1
628,/home,1
629,/home,1
630,/home,1
631,/home,1
632,/home,1
633,/home,1
634,/home,1
635,/home,1
636,/home,1
637,/home,1
638,/home,1
639,/home,1
640,/home,1
641,/home,1
642,/home,1
643,/home,1
644,/home,1
645,/home,1
646,/home,1
647,/home,1
648,/home,1
649,/home,1
650,/home,1
651,/home,1
652,/home,1
653,/home,1
654,/home,1
655,/home,1
656,/home,1
657,/home,1
658,/home,1
659,/home,1
660,/home,1
661,/home,1
662,/home,1
663,/home,1
664,/home,1
665,/home,1
666,/home,1
667,/home,1
668,/home,1
669,/home,1
670,/home,1
671,/home,1
672,/home,1
673,/home,1
674,/home,1
675,/home,1
676,/home,1
677,/home,1
678,/home,1
679,/home,1
680,/home,1
681,/home,1
682,/home,1
683,/home,1
684,/home,1
685,/home,1
686,/home,1
687,/home,1
688,/home,1
689,/home,1
690,/home,1
691,/home,1
692,/home,1
693,/home,1
694,/home,1
695,/home,1
696,/home,1
697,/home,1
698,/home,1
699,/home,1
700,/home,1
701,/home,1
702,/home,1
703,/home,1
704,/home,1
705,/home,1
706,/home,1
707,/home,1
708,/home,1
709,/home,1
710,/home,1
711,/home,1
712,/home,1
713,/home,1
714,/home,1
715,/home,1
716,/home,1
717,/home,1
718,/home,1
719,/home,1
720,/home,1
721,/home,1
722,/home,1
723,/home,1
724,/home,1
725,/home,1
726,/home,1
727,/home,1
728,/home,1
729,/home,1
730,/home,1
731,/home,1
732,/home,1
733,/home,1
734,/home,1
735,/home,1
736,/home,1
737,/home,1
738,/home,1
739,/home,1
740,/home,1
741,/home,1
742,/home,1
743,/home,1
744,/home,1
745,/home,1
746,/home,1
747,/home,1
748,/home,1
749,/home,1
750,/home,1
751,/home,1
752,/home,1
753,/home,1
754,/home,1
755,/home,1
756,/home,1
757,/home,1
758,/home,1
759,/home,1
760,/home,1
761,/home,1
762,/home,1
763,/home,1
764,/home,1
765,/home,1
766,/home,1
767,/home,1
768,/home,1
769,/home,1
770,/home,1
771,/home,1
772,/home,1
773,/home,1
774,/home,1
775,/home,1
776,/home,1
777,/home,1
778,/home,1
779,/home,1
780,/home,1
781,/home,1
782,/home,1
783,/home,1
784,/home,1
785,/home,1
786,/home,1
787,/home,1
788,/home,1
789,/home,1
790,/home,1
791,/home,1
792,/home,1
793,/home,1
794,/home,1
795,/home,1
796,/home,1
797,/home,1
798,/home,1
799,/home,1
800,/home,1
801,/home,1
802,/home,1
803,/home,1
804,/home,1
805,/home,1
806,/home,1
807,/home,1
808,/home,1
809,/home,1
810,/home,1
811,/home,1
812,/home,1
813,/home,1
814,/home,1
815,/home,1
816,/home,1
817,/home,1
818,/home,1
819,/home,1
820,/home,1
821,/home,1
822,/home,1
823,/home,1
824,/home,1
825,/home,1
826,/home,1
827,/home,1
828,/home,1
829,/home,1
830,/home,1
831,/home,1
832,/home,1
833,/home,1
834,/home,1
835,/home,1
836,/home,1
837,/home,1
838,/home,1
839,/home,1
840,/home,1
841,/home,1
842,/home,1
843,/home,1
844,/home,1
845,/home,1
846,/home,1
847,/home,1
848,/home,1
849,/home,1
850,/home,1
851,/home,1
852,/home,1
853,/home,1
854,/home,1
855,/home,1
856,/home,1
857,/home,1
858,/home,1
859,/home,1
860,/home,1
861,/home,1
862,/home,1
863,/home,1
864,/home,1
865,/home,1
866,/home,1
867,/home,1
868,/home,1
869,/home,1
870,/home,1
871,/home,1
872,/home,1
873,/home,1
874,/home,1
875,/home,1
876,/home,1
877,/home,1
878,/home,1
879,/home,1
880,/home,1
881,/home,1
882,/home,1
883,/home,1
884,/home,1
885,/home,1
886,/home,1
887,/home,1
888,/home,1
889,/home,1
890,/home,1
891,/home,1
892,/home,1
893,/home,1
894,/home,1
895,/home,1
896,/home,1
897,/home,1
898,/home,1
899,/home,1
900,/home,1
901,/home,1
902,/home,1
903,/home,1
904,/home,1
905,/home,1
906,/home,1
907,/home,1
908,/home,1
909,/home,1
910,/home,1
911,/home,1
912,/home,1
913,/home,1
914,/home,1
915,/home,1
916,/home,1
917,/home,1
918,/home,1
919,/home,1
920,/home,1
921,/home,1
922,/home,1
923,/home,1
924,/home,1
925,/home,1
926,/home,1
927,/home,1
928,/home,1
929,/home,1
930,/home,1
931,/home,1
932,/home,1
933,/home,1
934,/home,1
935,/home,1
936,/home,1
937,/home,1
938,/home,1
939,/home,1
940,/home,1
941,/home,1
942,/home,1
943,/home,1
944,/home,1
945,/home,1
946,/home,1
947,/home,1
948,/home,1
949,/home,1
950,/home,1
951,/home,1
952,/home,1
953,/home,1
954,/home,1
955,/home,1
956,/home,1
957,/home,1
958,/home,1
959,/home,1
960,/home,1
961,/home,1
962,/home,1
963,/home,1
964,/home,1
965,/home,1
966,/home,1
967,/home,1
968,/home,1
969,/home,1
970,/home,1
971,/home,1
972,/home,1
973,/home,1
974,/home,1
975,/home,1
976,/home,1
977,/home,1
978,/home,1
979,/home,1
980,/home,1
981,/home,1
982,/home,1
983,/home,1
984,/home,1
985,/home,1
986,/home,1
987,/home,1
988,/home,1
989,/home,1
990,/home,1
991,/home,1
992,/home,1
993,/home,1
994,/home,1
995,/home,1
996,/home,1
997,/home,1
998,/home,1
999,/home,1
1000,/home,1
1001,/home,1
1002,/home,1
1003,/home,1
1004,/home,1
1005,/home,1
1006,/home,1
1007,/home,1
1008,/home,1
1009,/home,1
1010,/home,1
1011,/home,1
1012,/home,1
1013,/home,1
1014,/home,1
1015,/home,1
1016,/home,1
1017,/home,1
1018,/home,1
1019,/home,1
1020,/home,1
1021,/home,1
1022,/home,1
1023,/home,1
1024,/home,1
1025,/home,1
1026,/home,1
1027,/home,1
1028,/home,1
1029,/home,1
1030,/home,1
1031,/home,1
1032,/home,1
1033,/home,1
1034,/home,1
1035,/home,1
1036,/home,1
1037,/home,1
1038,/home,1
1039,/home,1
1040,/home,1
1041,/home,1
1042,/home,1
1043,/home,1
1044,/home,1
1045,/home,1
1046,/home,1
1047,/home,1
1048,/home,1
1049,/home,1
1050,/home,1
1051,/home,1
1052,/home,1
1053,/home,1
1054,/home,1
1055,/home,1
1056,/home,1
1057,/home,1
1058,/home,1
1059,/home,1
1060,/home,1
1061,/home,1
1062,/home,1
1063,/home,1
1064,/home,1
1065,/home,1
1066,/home,1
1067,/home,1
1068,/home,1
1069,/home,1
1070,/home,1
1071,/home,1
1072,/home,1
1073,/home,1
1074,/home,1
1075,/home,1
1076,/home,1
1077,/home,1
1078,/home,1
1079,/home,1
1080,/home,1
1081,/home,1
1082,/home,1
1083,/home,1
1084,/home,1
1085,/home,1
1086,/home,1
1087,/home,1
1088,/home,1
1089,/home,1
1090,/home,1
1091,/home,1
1092,/home,1
1093,/home,1
1094,/home,1
1095,/home,1
1096,/home,1
1097,/home,1
1098,/home,1
1099,/home,1
1100,/home,1
1101,/home,1
1102,/home,1
1103,/home,1
1104,/home,1
1105,/home,1
1106,/home,1
1107,/home,1
1108,/home,1
1109,/home,1
1110,/home,1
1111,/home,1
1112,/home,1
1113,/home,1
1114,/home,1
1115,/home,1
1116,/home,1
1117,/home,1
1118,/home,1
1119,/home,1
1120,/home,1
1121,/home,1
1122,/home,1
1123,/home,1
1124,/home,1
1125,/home,1
1126,/home,1
1127,/home,1
1128,/home,1
1129,/home,1
1130,/home,1
1131,/home,1
1132,/home,1
1133,/home,1
1134,/home,1
1135,/home,1
1136,/home,1
1137,/home,1
1138,/home,1
1139,/home,1
1140,/home,1
1141,/home,1
1142,/home,1
1143,/home,1
1144,/home,1
1145,/home,1
1146,/home,1
1147,/home,1
1148,/home,1
1149,/home,1
1150,/home,1
1151,/home,1
1152,/home,1
1153,/home,1
1154,/home,1
1155,/home,1
1156,/home,1
1157,/home,1
1158,/home,1
1159,/home,1
1160,/home,1
1161,/home,1
1162,/home,1
1163,/home,1
1164,/home,1
1165,/home,1
1166,/home,1
1167,/home,1
1168,/home,1
1169,/home,1
1170,/home,1
1171,/home,1
1172,/home,1
1173,/home,1
1174,/home,1
1175,/home,1
1176,/home,1
1177,/home,1
1178,/home,1
1179,/home,1
1180,/home,1
1181,/home,1
1182,/home,1
1183,/home,1
1184,/home,1
1185,/home,1
1186,/home,1
1187,/home,1
1188,/home,1
1189,/home,1
1190,/home,1
1191,/home,1
1192,/home,1
1193,/home,1
1194,/home,1
1195,/home,1
1196,/home,1
1197,/home,1
1198,/home,1
1199,/home,1
1200,/home,1
1201,/home,1
1202,/home,1
1203,/home,1
1204,/home,1
1205,/home,1
1206,/home,1
1207,/home,1
1208,/home,1
1209,/home,1
1210,/home,1
1211,/home,1
1212,/home,1
1213,/home,1
1214,/home,1
1215,/home,1
1216,/home,1
1217,/home,1
1218,/home,1
1219,/home,1
1220,/home,1
1221,/home,1
1222,/home,1
1223,/home,1
1224,/home,1
1225,/home,1
1226,/home,1
1227,/home,1
1228,/home,1
1229,/home,1
1230,/home,1
1231,/home,1
1232,/home,1
1233,/home,1
1234,/home,1
1235,/home,1
1236,/home,1
1237,/home,1
1238,/home,1
1239,/home,1
1240,/home,1
1241,/home,1
1242,/home,1
1243,/home,1
1244,/home,1
1245,/home,1
1246,/home,1
1247,/home,1
1248,/home,1
1249,/home,1
1250,/home,1
1251,/home,1
1252,/home,1
1253,/home,1
1254,/home,1
1255,/home,1
1256,/home,1
1257,/home,1
1258,/home,1
1259,/home,1
1260,/home,1
1261,/home,1
1262,/home,1
1263,/home,1
1264,/home,1
1265,/home,1
1266,/home,1
1267,/home,1
1268,/home,1
1269,/home,1
1270,/home,1
1271,/home,1
1272,/home,1
1273,/home,1
1274,/home,1
1275,/home,1
1276,/home,1
1277,/home,1
1278,/home,1
1279,/home,1
1280,/home,1
1281,/home,1
1282,/home,1
1283,/home,1
1284,/home,1
1285,/home,1
1286,/home,1
1287,/home,1
1288,/home,1
1289,/home,1
1290,/home,1
1291,/home,1
1292,/home,1
1293,/home,1
1294,/home,1
1295,/home,1
1296,/home,1
1297,/home,1
1298,/home,1
1299,/home,1
1300,/home,1
1301,/home,1
1302,/home,1
1303,/home,1
1304,/home,1
1305,/home,1
1306,/home,1
1307,/home,1
1308,/home,1
1309,/home,1
1310,/home,1
1311,/home,1
1312,/home,1
1313,/home,1
1314,/home,1
1315,/home,1
1316,/home,1
1317,/home,1
1318,/home,1
1319,/home,1
1320,/home,1
1321,/home,1
1322,/home,1
1323,/home,1
1324,/home,1
1325,/home,1
1326,/home,1
1327,/home,1
1328,/home,1
1329,/home,1
1330,/home,1
1331,/home,1
1332,/home,1
1333,/home,1
1334,/home,1
1335,/home,1
1336,/home,1
1337,/home,1
1338,/home,1
1339,/home,1
1340,/home,1
1341,/home,1
1342,/home,1
1343,/home,1
1344,/home,1
1345,/home,1
1346,/home,1
1347,/home,1
1348,/home,1
1349,/home,1
1350,/home,1
1351,/home,1
1352,/home,1
1353,/home,1
1354,/home,1
1355,/home,1
1356,/home,1
1357,/home,1
1358,/home,1
1359,/home,1
1360,/home,1
1361,/home,1
1362,/home,1
1363,/home,1
1364,/home,1
1365,/home,1
1366,/home,1
1367,/home,1
1368,/home,1
1369,/home,1
1370,/home,1
1371,/home,1
1372,/home,1
1373,/home,1
1374,/home,1
1375,/home,1
1376,/home,1
1377,/home,1
1378,/home,1
1379,/home,1
1380,/home,1
1381,/home,1
1382,/home,1
1383,/home,1
1384,/home,1
1385,/home,1
1386,/home,1
1387,/home,1
1388,/home,1
1389,/home,1
1390,/home,1
1391,/home,1
1392,/home,1
1393,/home,1
1394,/home,1
1395,/home,1
1396,/home,1
1397,/home,1
1398,/home,1
1399,/home,1
1400,/home,1
1401,/home,1
1402,/home,1
1403,/home,1
1404,/home,1
1405,/home,1
1406,/home,1
1407,/home,1
1408,/home,1
1409,/home,1
1410,/home,1
1411,/home,1
1412,/home,1
1413,/home,1
1414,/home,1
1415,/home,1
1416,/home,1
1417,/home,1
1418,/home,1
1419,/home,1
1420,/home,1
1421,/home,1
1422,/home,1
1423,/home,1
1424,/home,1
1425,/home,1
1426,/home,1
1427,/home,1
1428,/home,1
1429,/home,1
1430,/home,1
1431,/home,1
1432,/home,1
1433,/home,1
1434,/home,1
1435,/home,1
1436,/home,1
1437,/home,1
1438,/home,1
1439,/home,1
1440,/home,1
1441,/home,1
1442,/home,1
1443,/home,1
1444,/home,1
1445,/home,1
1446,/home,1
1447,/home,1
1448,/home,1
1449,/home,1
1450,/home,1
1451,/home,1
1452,/home,1
1453,/home,1
1454,/home,1
1455,/home,1
1456,/home,1
1457,/home,1
1458,/home,1
1459,/home,1
1460,/home,1
1461,/home,1
1462,/home,1
1463,/home,1
1464,/home,1
1465,/home,1
1466,/home,1
1467,/home,1
1468,/home,1
1469,/home,1
1470,/home,1
1471,/home,1
1472,/home,1
1473,/home,1
1474,/home,1
1475,/home,1
1476,/home,1
1477,/home,1
1478,/home,1
1479,/home,1
1480,/home,1
1481,/home,1
1482,/home,1
1483,/home,1
1484,/home,1
1485,/home,1
1486,/home,1
1487,/home,1
1488,/home,1
1489,/home,1
1490,/home,1
1491,/home,1
1492,/home,1
1493,/home,1
1494,/home,1
1495,/home,1
1496,/home,1
1497,/home,1
1498,/home,1
1499,/home,1
1500,/home,1
1501,/home,1
1502,/home,1
1503,/home,1
1504,/home,1
1505,/home,1
1506,/home,1
1507,/home,1
1508,/home,1
1509,/home,1
1510,/home,1
1511,/home,1
1512,/home,1
1513,/home,1
1514,/home,1
1515,/home,1
1516,/home,1
1517,/home,1
1518,/home,1
1519,/home,1
1520,/home,1
1521,/home,1
1522,/home,1
1523,/home,1
1524,/home,1
1525,/home,1
1526,/home,1
1527,/home,1
1528,/home,1
1529,/home,1
1530,/home,1
1531,/home,1
1532,/home,1
1533,/home,1
1534,/home,1
1535,/home,1
1536,/home,1
1537,/home,1
1538,/home,1
1539,/home,1
1540,/home,1
1541,/home,1
1542,/home,1
1543,/home,1
1544,/home,1
1545,/home,1
1546,/home,1
1547,/home,1
1548,/home,1
1549,/home,1
1550,/home,1
1551,/home,1
1552,/home,1
1553,/home,1
1554,/home,1
1555,/home,1
1556,/home,1
1557,/home,1
1558,/home,1
1559,/home,1
1560,/home,1
1561,/home,1
1562,/home,1
1563,/home,1
1564,/home,1
1565,/home,1
1566,/home,1
1567,/home,1
1568,/home,1
1569,/home,1
1570,/home,1
1571,/home,1
1572,/home,1
1573,/home,1
1574,/home,1
1575,/home,1
1576,/home,1
1577,/home,1
1578,/home,1
1579,/home,1
1580,/home,1
1581,/home,1
1582,/home,1
1583,/home,1
1584,/home,1
1585,/home,1
1586,/home,1
1587,/home,1
1588,/home,1
1589,/home,1
1590,/home,1
1591,/home,1
1592,/home,1
1593,/home,1
1594,/home,1
1595,/home,1
1596,/home,1
1597,/home,1
1598,/home,1
1599,/home,1
1600,/home,1
1601,/home,1
1602,/home,1
1603,/home,1
1604,/home,1
1605,/home,1
1606,/home,1
1607,/home,1
1608,/home,1
1609,/home,1
1610,/home,1
1611,/home,1
1612,/home,1
1613,/home,1
1614,/home,1
1615,/home,1
1616,/home,1
1617,/home,1
1618,/home,1
1619,/home,1
1620,/home,1
1621,/home,1
1622,/home,1
1623,/home,1
1624,/home,1
1625,/home,1
1626,/home,1
1627,/home,1
1628,/home,1
1629,/home,1
1630,/home,1
1631,/home,1
1632,/home,1
1633,/home,1
1634,/home,1
1635,/home,1
1636,/home,1
1637,/home,1
1638,/home,1
1639,/home,1
1640,/home,1
1641,/home,1
1642,/home,1
1643,/home,1
1644,/home,1
1645,/home,1
1646,/home,1
1647,/home,1
1648,/home,1
1649,/home,1
1650,/home,1
1651,/home,1
1652,/home,1
1653,/home,1
1654,/home,1
1655,/home,1
1656,/home,1
1657,/home,1
1658,/home,1
1659,/home,1
1660,/home,1
1661,/home,1
1662,/home,1
1663,/home,1
1664,/home,1
1665,/home,1
1666,/home,1
1667,/home,1
1668,/home,1
1669,/home,1
1670,/home,1
1671,/home,1
1672,/home,1
1673,/home,1
1674,/home,1
1675,/home,1
1676,/home,1
1677,/home,1
1678,/home,1
1679,/home,1
1680,/home,1
1681,/home,1
1682,/home,1
1683,/home,1
1684,/home,1
1685,/home,1
1686,/home,1
1687,/home,1
1688,/home,1
1689,/home,1
1690,/home,1
1691,/home,1
1692,/home,1
1693,/home,1
1694,/home,1
1695,/home,1
1696,/home,1
1697,/home,1
1698,/home,1
1699,/home,1
1700,/home,1
1701,/home,1
1702,/home,1
1703,/home,1
1704,/home,1
1705,/home,1
1706,/home,1
1707,/home,1
1708,/home,1
1709,/home,1
1710,/home,1
1711,/home,1
1712,/home,1
1713,/home,1
1714,/home,1
1715,/home,1
1716,/home,1
1717,/home,1
1718,/home,1
1719,/home,1
1720,/home,1
1721,/home,1
1722,/home,1
1723,/home,1
1724,/home,1
1725,/home,1
1726,/home,1
1727,/home,1
1728,/home,1
1729,/home,1
1730,/home,1
1731,/home,1
1732,/home,1
1733,/home,1
1734,/home,1
1735,/home,1
1736,/home,1
1737,/home,1
1738,/home,1
1739,/home,1
1740,/home,1
1741,/home,1
1742,/home,1
1743,/home,1
1744,/home,1
1745,/home,1
1746,/home,1
1747,/home,1
1748,/home,1
1749,/home,1
1750,/home,1
1751,/home,1
1752,/home,1
1753,/home,1
1754,/home,1
1755,/home,1
1756,/home,1
1757,/home,1
1758,/home,1
1759,/home,1
1760,/home,1
1761,/home,1
1762,/home,1
1763,/home,1
1764,/home,1
1765,/home,1
1766,/home,1
1767,/home,1
1768,/home,1
1769,/home,1
1770,/home,1
1771,/home,1
1772,/home,1
1773,/home,1
1774,/home,1
1775,/home,1
1776,/home,1
1777,/home,1
1778,/home,1
1779,/home,1
1780,/home,1
1781,/home,1
1782,/home,1
1783,/home,1
1784,/home,1
1785,/home,1
1786,/home,1
1787,/home,1
1788,/home,1
1789,/home,1
1790,/home,1
1791,/home,1
1792,/home,1
1793,/home,1
1794,/home,1
1795,/home,1
1796,/home,1
1797,/home,1
1798,/home,1
1799,/home,1
1800,/home,1
1801,/home,1
1802,/home,1
1803,/home,1
1804,/home,1
1805,/home,1
1806,/home,1
1807,/home,1
1808,/home,1
1809,/home,1
1810,/home,1
1811,/home,1
1812,/home,1
1813,/home,1
1814,/home,1
1815,/home,1
1816,/home,1
1817,/home,1
1818,/home,1
1819,/home,1
1820,/home,1
1821,/home,1
1822,/home,1
1823,/home,1
1824,/home,1
1825,/home,1
1826,/home,1
1827,/home,1
1828,/home,1
1829,/home,1
1830,/home,1
1831,/home,1
1832,/home,1
1833,/home,1
1834,/home,1
1835,/home,1
1836,/home,1
1837,/home,1
1838,/home,1
1839,/home,1
1840,/home,1
1841,/home,1
1842,/home,1
1843,/home,1
1844,/home,1
1845,/home,1
1846,/home,1
1847,/home,1
1848,/home,1
1849,/home,1
1850,/home,1
1851,/home,1
1852,/home,1
1853,/home,1
1854,/home,1
1855,/home,1
1856,/home,1
1857,/home,1
1858,/home,1
1859,/home,1
1860,/home,1
1861,/home,1
1862,/home,1
1863,/home,1
1864,/home,1
1865,/home,1
1866,/home,1
1867,/home,1
1868,/home,1
1869,/home,1
1870,/home,1
1871,/home,1
1872,/home,1
1873,/home,1
1874,/home,1
1875,/home,1
1876,/home,1
1877,/home,1
1878,/home,1
1879,/home,1
1880,/home,1
1881,/home,1
1882,/home,1
1883,/home,1
1884,/home,1
1885,/home,1
1886,/home,1
1887,/home,1
1888,/home,1
1889,/home,1
1890,/home,1
1891,/home,1
1892,/home,1
1893,/home,1
1894,/home,1
1895,/home,1
1896,/home,1
1897,/home,1
1898,/home,1
1899,/home,1
1900,/home,1
1901,/home,1
1902,/home,1
1903,/home,1
1904,/home,1
1905,/home,1
1906,/home,1
1907,/home,1
1908,/home,1
1909,/home,1
1910,/home,1
1911,/home,1
1912,/home,1
1913,/home,1
1914,/home,1
1915,/home,1
1916,/home,1
1917,/home,1
1918,/home,1
1919,/home,1
1920,/home,1
1921,/home,1
1922,/home,1
1923,/home,1
1924,/home,1
1925,/home,1
1926,/home,1
1927,/home,1
1928,/home,1
1929,/home,1
1930,/home,1
1931,/home,1
1932,/home,1
1933,/home,1
1934,/home,1
1935,/home,1
1936,/home,1
1937,/home,1
1938,/home,1
1939,/home,1
1940,/home,1
1941,/home,1
1942,/home,1
1943,/home,1
1944,/home,1
1945,/home,1
1946,/home,1
1947,/home,1
1948,/home,1
1949,/home,1
1950,/home,1
1951,/home,1
1952,/home,1
1953,/home,1
1954,/home,1
1955,/home,1
1956,/home,1
1957,/home,1
1958,/home,1
1959,/home,1
1960,/home,1
1961,/home,1
1962,/home,1
1963,/home,1
1964,/home,1
1965,/home,1
1966,/home,1
1967,/home,1
1968,/home,1
1969,/home,1
1970,/home,1
1971,/home,1
1972,/home,1
1973,/home,1
1974,/home,1
1975,/home,1
1976,/home,1
1977,/home,1
1978,/home,1
1979,/home,1
1980,/home,1
1981,/home,1
1982,/home,1
1983,/home,1
1984,/home,1
1985,/home,1
1986,/home,1
1987,/home,1
1988,/home,1
1989,/home,1
1990,/home,1
1991,/home,1
1992,/home,1
1993,/home,1
1994,/home,1
1995,/home,1
1996,/home,1
1997,/home,1
1998,/home,1
1999,/home,1
2000,/home,1
2001,/home,1
2002,/home,1
2003,/home,1
2004,/home,1
2005,/home,1
2006,/home,1
2007,/home,1
2008,/home,1
2009,/home,1
2010,/home,1
2011,/home,1
2012,/home,1
2013,/home,1
2014,/home,1
2015,/home,1
2016,/home,1
2017,/home,1
2018,/home,1
2019,/home,1
2020,/home,1
2021,/home,1
2022,/home,1
2023,/home,1
2024,/home,1
2025,/home,1
2026,/home,1
2027,/home,1
2028,/home,1
2029,/home,1
2030,/home,1
2031,/home,1
2032,/home,1
2033,/home,1
2034,/home,1
2035,/home,1
2036,/home,1
2037,/home,1
2038,/home,1
2039,/home,1
2040,/home,1
2041,/home,1
2042,/home,1
2043,/home,1
2044,/home,1
2045,/home,1
2046,/home,1
2047,/home,1
2048,/home,1
2049,/home,1
2050,/home,1
2051,/home,1
2052,/home,1
2053,/home,1
2054,/home,1
2055,/home,1
2056,/home,1
2057,/home,1
2058,/home,1
2059,/home,1
2060,/home,1
2061,/home,1
2062,/home,1
2063,/home,1
2064,/home,1
2065,/home,1
2066,/home,1
2067,/home,1
2068,/home,1
2069,/home,1
2070,/home,1
2071,/home,1
2072,/home,1
2073,/home,1
2074,/home,1
2075,/home,1
2076,/home,1
2077,/home,1
2078,/home,1
2079,/home,1
2080,/home,1
2081,/home,1
2082,/home,1
2083,/home,1
2084,/home,1
2085,/home,1
2086,/home,1
2087,/home,1
2088,/home,1
2089,/home,1
2090,/home,1
2091,/home,1
2092,/home,1
2093,/home,1
2094,/home,1
2095,/home,1
2096,/home,1
2097,/home,1
2098,/home,1
2099,/home,1
2100,/home,1
2101,/home,1
2102,/home,1
2103,/home,1
2104,/home,1
2105,/home,1
2106,/home,1
2107,/home,1
2108,/home,1
2109,/home,1
2110,/home,1
2111,/home,1
2112,/home,1
2113,/home,1
2114,/home,1
2115,/home,1
2116,/home,1
2117,/home,1
2118,/home,1
2119,/home,1
2120,/home,1
2121,/home,1
2122,/home,1
2123,/home,1
2124,/home,1
2125,/home,1
2126,/home,1
2127,/home,1
2128,/home,1
2129,/home,1
2130,/home,1
2131,/home,1
2132,/home,1
2133,/home,1
2134,/home,1
2135,/home,1
2136,/home,1
2137,/home,1
2138,/home,1
2139,/home,1
2140,/home,1
2141,/home,1
2142,/home,1
2143,/home,1
2144,/home,1
2145,/home,1
2146,/home,1
2147,/home,1
2148,/home,1
2149,/home,1
2150,/home,1
2151,/home,1
2152,/home,1
2153,/home,1
2154,/home,1
2155,/home,1
2156,/home,1
2157,/home,1
2158,/home,1
2159,/home,1
2160,/home,1
2161,/home,1
2162,/home,1
2163,/home,1
2164,/home,1
2165,/home,1
2166,/home,1
2167,/home,1
2168,/home,1
2169,/home,1
2170,/home,1
2171,/home,1
2172,/home,1
2173,/home,1
2174,/home,1
2175,/home,1
2176,/home,1
2177,/home,1
2178,/home,1
2179,/home,1
2180,/home,1
2181,/home,1
2182,/home,1
2183,/home,1
2184,/home,1
2185,/home,1
2186,/home,1
2187,/home,1
2188,/home,1
2189,/home,1
2190,/home,1
2191,/home,1
2192,/home,1
2193,/home,1
2194,/home,1
2195,/home,1
2196,/home,1
2197,/home,1
2198,/home,1
2199,/home,1
2200,/home,1
2201,/home,1
2202,/home,1
2203,/home,1
2204,/home,1
2205,/home,1
2206,/home,1
2207,/home,1
2208,/home,1
2209,/home,1
2210,/home,1
2211,/home,1
2212,/home,1
2213,/home,1
2214,/home,1
2215,/home,1
2216,/home,1
2217,/home,1
2218,/home,1
2219,/home,1
2220,/home,1
2221,/home,1
2222,/home,1
2223,/home,1
2224,/home,1
2225,/home,1
2226,/home,1
2227,/home,1
2228,/home,1
2229,/home,1
2230,/home,1
2231,/home,1
2232,/home,1
2233,/home,1
2234,/home,1
2235,/home,1
2236,/home,1
2237,/home,1
2238,/home,1
2239,/home,1
2240,/home,1
2241,/home,1
2242,/home,1
2243,/home,1
2244,/home,1
2245,/home,1
2246,/home,1
2247,/home,1
2248,/home,1
2249,/home,1
2250,/home,1
2251,/home,1
2252,/home,1
2253,/home,1
2254,/home,1
2255,/home,1
2256,/home,1
2257,/home,1
2258,/home,1
2259,/home,1
2260,/home,1
2261,/home,1
2262,/home,1
2263,/home,1
2264,/home,1
2265,/home,1
2266,/home,1
2267,/home,1
2268,/home,1
2269,/home,1
2270,/home,1
2271,/home,1
2272,/home,1
2273,/home,1
2274,/home,1
2275,/home,1
2276,/home,1
2277,/home,1
2278,/home,1
2279,/home,1
2280,/home,1
2281,/home,1
2282,/home,1
2283,/home,1
2284,/home,1
2285,/home,1
2286,/home,1
2287,/home,1
2288,/home,1
2289,/home,1
2290,/home,1
2291,/home,1
2292,/home,1
2293,/home,1
2294,/home,1
2295,/home,1
2296,/home,1
2297,/home,1
2298,/home,1
2299,/home,1
2300,/home,1
2301,/home,1
2302,/home,1
2303,/home,1
2304,/home,1
2305,/home,1
2306,/home,1
2307,/home,1
2308,/home,1
2309,/home,1
2310,/home,1
2311,/home,1
2312,/home,1
2313,/home,1
2314,/home,1
2315,/home,1
2316,/home,1
2317,/home,1
2318,/home,1
2319,/home,1
2320,/home,1
2321,/home,1
2322,/home,1
2323,/home,1
2324,/home,1
2325,/home,1
2326,/home,1
2327,/home,1
2328,/home,1
2329,/home,1
2330,/home,1
2331,/home,1
2332,/home,1
2333,/home,1
2334,/home,1
2335,/home,1
2336,/home,1
2337,/home,1
2338,/home,1
2339,/home,1
2340,/home,1
2341,/home,1
2342,/home,1
2343,/home,1
2344,/home,1
2345,/home,1
2346,/home,1
2347,/home,1
2348,/home,1
2349,/home,1
2350,/home,1
2351,/home,1
2352,/home,1
2353,/home,1
2354,/home,1
2355,/home,1
2356,/home,1
2357,/home,1
2358,/home,1
2359,/home,1
2360,/home,1
2361,/home,1
2362,/home,1
2363,/home,1
2364,/home,1
2365,/home,1
2366,/home,1
2367,/home,1
2368,/home,1
2369,/home,1
2370,/home,1
2371,/home,1
2372,/home,1
2373,/home,1
2374,/home,1
2375,/home,1
2376,/home,1
2377,/home,1
2378,/home,1
2379,/home,1
2380,/home,1
2381,/home,1
2382,/home,1
2383,/home,1
2384,/home,1
2385,/home,1
2386,/home,1
2387,/home,1
2388,/home,1
2389,/home,1
2390,/home,1
2391,/home,1
2392,/home,1
2393,/home,1
2394,/home,1
2395,/home,1
2396,/home,1
2397,/home,1
2398,/home,1
2399,/home,1
2400,/home,1
2401,/home,1
2402,/home,1
2403,/home,1
2404,/home,1
2405,/home,1
2406,/home,1
2407,/home,1
2408,/home,1
2409,/home,1
2410,/home,1
2411,/home,1
2412,/home,1
2413,/home,1
2414,/home,1
2415,/home,1
2416,/home,1
2417,/home,1
2418,/home,1
2419,/home,1
2420,/home,1
2421,/home,1
2422,/home,1
2423,/home,1
2424,/home,1
2425,/home,1
2426,/home,1
2427,/home,1
2428,/home,1
2429,/home,1
2430,/home,1
2431,/home,1
2432,/home,1
2433,/home,1
2434,/home,1
2435,/home,1
2436,/home,1
2437,/home,1
2438,/home,1
2439,/home,1
2440,/home,1
2441,/home,1
2442,/home,1
2443,/home,1
2444,/home,1
2445,/home,1
2446,/home,1
2447,/home,1
2448,/home,1
2449,/home,1
2450,/home,1
2451,/home,1
2452,/home,1
2453,/home,1
2454,/home,1
2455,/home,1
2456,/home,1
2457,/home,1
2458,/home,1
2459,/home,1
2460,/home,1
2461,/home,1
2462,/home,1
2463,/home,1
2464,/home,1
2465,/home,1
2466,/home,1
2467,/home,1
2468,/home,1
2469,/home,1
2470,/home,1
2471,/home,1
2472,/home,1
2473,/home,1
2474,/home,1
2475,/home,1
2476,/home,1
2477,/home,1
2478,/home,1
2479,/home,1
2480,/home,1
2481,/home,1
2482,/home,1
2483,/home,1
2484,/home,1
2485,/home,1
2486,/home,1
2487,/home,1
2488,/home,1
2489,/home,1
2490,/home,1
2491,/home,1
2492,/home,1
2493,/home,1
2494,/home,1
2495,/home,1
2496,/home,1
2497,/home,1
2498,/home,1
2499,/home,1
2500,/home,1
2501,/home,1
2502,/home,1
2503,/home,1
2504,/home,1
2505,/home,1
2506,/home,1
2507,/home,1
2508,/home,1
2509,/home,1
2510,/home,1
2511,/home,1
2512,/home,1
2513,/home,1
2514,/home,1
2515,/home,1
2516,/home,1
2517,/home,1
2518,/home,1
2519,/home,1
2520,/home,1
2521,/home,1
2522,/home,1
2523,/home,1
2524,/home,1
2525,/home,1
2526,/home,1
2527,/home,1
2528,/home,1
2529,/home,1
2530,/home,1
2531,/home,1
2532,/home,1
2533,/home,1
2534,/home,1
2535,/home,1
2536,/home,1
2537,/home,1
2538,/home,1
2539,/home,1
2540,/home,1
2541,/home,1
2542,/home,1
2543,/home,1
2544,/home,1
2545,/home,1
2546,/home,1
2547,/home,1
2548,/home,1
2549,/home,1
2550,/home,1
2551,/home,1
2552,/home,1
2553,/home,1
2554,/home,1
2555,/home,1
2556,/home,1
2557,/home,1
2558,/home,1
2559,/home,1
2560,/home,1
2561,/home,1
2562,/home,1
2563,/home,1
2564,/home,1
2565,/home,1
2566,/home,1
2567,/home,1
2568,/home,1
2569,/home,1
2570,/home,1
2571,/home,1
2572,/home,1
2573,/home,1
2574,/home,1
2575,/home,1
2576,/home,1
2577,/home,1
2578,/home,1
2579,/home,1
2580,/home,1
2581,/home,1
2582,/home,1
2583,/home,1
2584,/home,1
2585,/home,1
2586,/home,1
2587,/home,1
2588,/home,1
2589,/home,1
2590,/home,1
2591,/home,1
2592,/home,1
2593,/home,1
2594,/home,1
2595,/home,1
2596,/home,1
2597,/home,1
2598,/home,1
2599,/home,1
2600,/home,1
2601,/home,1
2602,/home,1
2603,/home,1
2604,/home,1
2605,/home,1
2606,/home,1
2607,/home,1
2608,/home,1
2609,/home,1
2610,/home,1
2611,/home,1
2612,/home,1
2613,/home,1
2614,/home,1
2615,/home,1
2616,/home,1
2617,/home,1
2618,/home,1
2619,/home,1
2620,/home,1
2621,/home,1
2622,/home,1
2623,/home,1
2624,/home,1
2625,/home,1
2626,/home,1
2627,/home,1
2628,/home,1
2629,/home,1
2630,/home,1
2631,/home,1
2632,/home,1
2633,/home,1
2634,/home,1
2635,/home,1
2636,/home,1
2637,/home,1
2638,/home,1
2639,/home,1
2640,/home,1
2641,/home,1
2642,/home,1
2643,/home,1
2644,/home,1
2645,/home,1
2646,/home,1
2647,/home,1
2648,/home,1
2649,/home,1
2650,/home,1
2651,/home,1
2652,/home,1
2653,/home,1
2654,/home,1
2655,/home,1
2656,/home,1
2657,/home,1
2658,/home,1
2659,/home,1
2660,/home,1
2661,/home,1
2662,/home,1
2663,/home,1
2664,/home,1
2665,/home,1
2666,/home,1
2667,/home,1
2668,/home,1
2669,/home,1
2670,/home,1
2671,/home,1
2672,/home,1
2673,/home,1
2674,/home,1
2675,/home,1
2676,/home,1
2677,/home,1
2678,/home,1
2679,/home,1
2680,/home,1
2681,/home,1
2682,/home,1
2683,/home,1
2684,/home,1
2685,/home,1
2686,/home,1
2687,/home,1
2688,/home,1
2689,/home,1
2690,/home,1
2691,/home,1
2692,/home,1
2693,/home,1
2694,/home,1
2695,/home,1
2696,/home,1
2697,/home,1
2698,/home,1
2699,/home,1
2700,/home,1
2701,/home,1
2702,/home,1
2703,/home,1
2704,/home,1
2705,/home,1
2706,/home,1
2707,/home,1
2708,/home,1
2709,/home,1
2710,/home,1
2711,/home,1
2712,/home,1
2713,/home,1
2714,/home,1
2715,/home,1
2716,/home,1
2717,/home,1
2718,/home,1
2719,/home,1
2720,/home,1
2721,/home,1
2722,/home,1
2723,/home,1
2724,/home,1
2725,/home,1
2726,/home,1
2727,/home,1
2728,/home,1
2729,/home,1
2730,/home,1
2731,/home,1
2732,/home,1
2733,/home,1
2734,/home,1
2735,/home,1
2736,/home,1
2737,/home,1
2738,/home,1
2739,/home,1
2740,/home,1
2741,/home,1
2742,/home,1
2743,/home,1
2744,/home,1
2745,/home,1
2746,/home,1
2747,/home,1
2748,/home,1
2749,/home,1
2750,/home,1
2751,/home,1
2752,/home,1
2753,/home,1
2754,/home,1
2755,/home,1
2756,/home,1
2757,/home,1
2758,/home,1
2759,/home,1
2760,/home,1
2761,/home,1
2762,/home,1
2763,/home,1
2764,/home,1
2765,/home,1
2766,/home,1
2767,/home,1
2768,/home,1
2769,/home,1
2770,/home,1
2771,/home,1
2772,/home,1
2773,/home,1
2774,/home,1
2775,/home,1
2776,/home,1
2777,/home,1
2778,/home,1
2779,/home,1
2780,/home,1
2781,/home,1
2782,/home,1
2783,/home,1
2784,/home,1
2785,/home,1
2786,/home,1
2787,/home,1
2788,/home,1
2789,/home,1
2790,/home,1
2791,/home,1
2792,/home,1
2793,/home,1
2794,/home,1
2795,/home,1
2796,/home,1
2797,/home,1
2798,/home,1
2799,/home,1
2800,/home,1
2801,/home,1
2802,/home,1
2803,/home,1
2804,/home,1
2805,/home,1
2806,/home,1
2807,/home,1
2808,/home,1
2809,/home,1
2810,/home,1
2811,/home,1
2812,/home,1
2813,/home,1
2814,/home,1
2815,/home,1
2816,/home,1
2817,/home,1
2818,/home,1
2819,/home,1
2820,/home,1
2821,/home,1
2822,/home,1
2823,/home,1
2824,/home,1
2825,/home,1
2826,/home,1
2827,/home,1
2828,/home,1
2829,/home,1
2830,/home,1
2831,/home,1
2832,/home,1
2833,/home,1
2834,/home,1
2835,/home,1
2836,/home,1
2837,/home,1
2838,/home,1
2839,/home,1
2840,/home,1
2841,/home,1
2842,/home,1
2843,/home,1
2844,/home,1
2845,/home,1
2846,/home,1
2847,/home,1
2848,/home,1
2849,/home,1
2850,/home,1
2851,/home,1
2852,/home,1
2853,/home,1
2854,/home,1
2855,/home,1
2856,/home,1
2857,/home,1
2858,/home,1
2859,/home,1
2860,/home,1
2861,/home,1
2862,/home,1
2863,/home,1
2864,/home,1
2865,/home,1
2866,/home,1
2867,/home,1
2868,/home,1
2869,/home,1
2870,/home,1
2871,/home,1
2872,/home,1
2873,/home,1
2874,/home,1
2875,/home,1
2876,/home,1
2877,/home,1
2878,/home,1
2879,/home,1
2880,/home,1
2881,/home,1
2882,/home,1
2883,/home,1
2884,/home,1
2885,/home,1
2886,/home,1
2887,/home,1
2888,/home,1
2889,/home,1
2890,/home,1
2891,/home,1
2892,/home,1
2893,/home,1
2894,/home,1
2895,/home,1
2896,/home,1
2897,/home,1
2898,/home,1
2899,/home,1
2900,/home,1
2901,/home,1
2902,/home,1
2903,/home,1
2904,/home,1
2905,/home,1
2906,/home,1
2907,/home,1
2908,/home,1
2909,/home,1
2910,/home,1
2911,/home,1
2912,/home,1
2913,/home,1
2914,/home,1
2915,/home,1
2916,/home,1
2917,/home,1
2918,/home,1
2919,/home,1
2920,/home,1
2921,/home,1
2922,/home,1
2923,/home,1
2924,/home,1
2925,/home,1
2926,/home,1
2927,/home,1
2928,/home,1
2929,/home,1
2930,/home,1
2931,/home,1
2932,/home,1
2933,/home,1
2934,/home,1
2935,/home,1
2936,/home,1
2937,/home,1
2938,/home,1
2939,/home,1
2940,/home,1
2941,/home,1
2942,/home,1
2943,/home,1
2944,/home,1
2945,/home,1
2946,/home,1
2947,/home,1
2948,/home,1
2949,/home,1
2950,/home,1
2951,/home,1
2952,/home,1
2953,/home,1
2954,/home,1
2955,/home,1
2956,/home,1
2957,/home,1
2958,/home,1
2959,/home,1
2960,/home,1
2961,/home,1
2962,/home,1
2963,/home,1
2964,/home,1
2965,/home,1
2966,/home,1
2967,/home,1
2968,/home,1
2969,/home,1
2970,/home,1
2971,/home,1
2972,/home,1
2973,/home,1
2974,/home,1
2975,/home,1
2976,/home,1
2977,/home,1
2978,/home,1
2979,/home,1
2980,/home,1
2981,/home,1
2982,/home,1
2983,/home,1
2984,/home,1
2985,/home,1
2986,/home,1
2987,/home,1
2988,/home,1
2989,/home,1
2990,/home,1
2991,/home,1
2992,/home,1
2993,/home,1
2994,/home,1
2995,/home,1
2996,/home,1
2997,/home,1
2998,/home,1
2999,/home,1
3000,/home,1
3001,/home,1
3002,/home,1
3003,/home,1
3004,/home,1
3005,/home,1
3006,/home,1
3007,/home,1
3008,/home,1
3009,/home,1
3010,/home,1
3011,/home,1
3012,/home,1
3013,/home,1
3014,/home,1
3015,/home,1
3016,/home,1
3017,/home,1
3018,/home,1
3019,/home,1
3020,/home,1
3021,/home,1
3022,/home,1
3023,/home,1
3024,/home,1
3025,/home,1
3026,/home,1
3027,/home,1
3028,/home,1
3029,/home,1
3030,/home,1
3031,/home,1
3032,/home,1
3033,/home,1
3034,/home,1
3035,/home,1
3036,/home,1
3037,/home,1
3038,/home,1
3039,/home,1
3040,/home,1
3041,/home,1
3042,/home,1
3043,/home,1
3044,/home,1
3045,/home,1
3046,/home,1
3047,/home,1
3048,/home,1
3049,/home,1
3050,/home,1
3051,/home,1
3052,/home,1
3053,/home,1
3054,/home,1
3055,/home,1
3056,/home,1
3057,/home,1
3058,/home,1
3059,/home,1
3060,/home,1
3061,/home,1
3062,/home,1
3063,/home,1
3064,/home,1
3065,/home,1
3066,/home,1
3067,/home,1
3068,/home,1
3069,/home,1
3070,/home,1
3071,/home,1
3072,/home,1
3073,/home,1
3074,/home,1
3075,/home,1
3076,/home,1
3077,/home,1
3078,/home,1
3079,/home,1
3080,/home,1
3081,/home,1
3082,/home,1
3083,/home,1
3084,/home,1
3085,/home,1
3086,/home,1
3087,/home,1
3088,/home,1
3089,/home,1
3090,/home,1
3091,/home,1
3092,/home,1
3093,/home,1
3094,/home,1
3095,/home,1
3096,/home,1
3097,/home,1
3098,/home,1
3099,/home,1
3100,/home,1
3101,/home,1
3102,/home,1
3103,/home,1
3104,/home,1
3105,/home,1
3106,/home,1
3107,/home,1
3108,/home,1
3109,/home,1
3110,/home,1
3111,/home,1
3112,/home,1
3113,/home,1
3114,/home,1
3115,/home,1
3116,/home,1
3117,/home,1
3118,/home,1
3119,/home,1
3120,/home,1
3121,/home,1
3122,/home,1
3123,/home,1
3124,/home,1
3125,/home,1
3126,/home,1
3127,/home,1
3128,/home,1
3129,/home,1
3130,/home,1
3131,/home,1
3132,/home,1
3133,/home,1
3134,/home,1
3135,/home,1
3136,/home,1
3137,/home,1
3138,/home,1
3139,/home,1
3140,/home,1
3141,/home,1
3142,/home,1
3143,/home,1
3144,/home,1
3145,/home,1
3146,/home,1
3147,/home,1
3148,/home,1
3149,/home,1
3150,/home,1
3151,/home,1
3152,/home,1
3153,/home,1
3154,/home,1
3155,/home,1
3156,/home,1
3157,/home,1
3158,/home,1
3159,/home,1
3160,/home,1
3161,/home,1
3162,/home,1
3163,/home,1
3164,/home,1
3165,/home,1
3166,/home,1
3167,/home,1
3168,/home,1
3169,/home,1
3170,/home,1
3171,/home,1
3172,/home,1
3173,/home,1
3174,/home,1
3175,/home,1
3176,/home,1
3177,/home,1
3178,/home,1
3179,/home,1
3180,/home,1
3181,/home,1
3182,/home,1
3183,/home,1
3184,/home,1
3185,/home,1
3186,/home,1
3187,/home,1
3188,/home,1
3189,/home,1
3190,/home,1
3191,/home,1
3192,/home,1
3193,/home,1
3194,/home,1
3195,/home,1
3196,/home,1
3197,/home,1
3198,/home,1
3199,/home,1
3200,/home,1
3201,/home,1
3202,/home,1
3203,/home,1
3204,/home,1
3205,/home,1
3206,/home,1
3207,/home,1
3208,/home,1
3209,/home,1
3210,/home,1
3211,/home,1
3212,/home,1
3213,/home,1
3214,/home,1
3215,/home,1
3216,/home,1
3217,/home,1
3218,/home,1
3219,/home,1
3220,/home,1
3221,/home,1
3222,/home,1
3223,/home,1
3224,/home,1
3225,/home,1
3226,/home,1
3227,/home,1
3228,/home,1
3229,/home,1
3230,/home,1
3231,/home,1
3232,/home,1
3233,/home,1
3234,/home,1
3235,/home,1
3236,/home,1
3237,/home,1
3238,/home,1
3239,/home,1
3240,/home,1
3241,/home,1
3242,/home,1
3243,/home,1
3244,/home,1
3245,/home,1
3246,/home,1
3247,/home,1
3248,/home,1
3249,/home,1
3250,/home,1
3251,/home,1
3252,/home,1
3253,/home,1
3254,/home,1
3255,/home,1
3256,/home,1
3257,/home,1
3258,/home,1
3259,/home,1
3260,/home,1
3261,/home,1
3262,/home,1
3263,/home,1
3264,/home,1
3265,/home,1
3266,/home,1
3267,/home,1
3268,/home,1
3269,/home,1
3270,/home,1
3271,/home,1
3272,/home,1
3273,/home,1
3274,/home,1
3275,/home,1
3276,/home,1
3277,/home,1
3278,/home,1
3279,/home,1
3280,/home,1
3281,/home,1
3282,/home,1
3283,/home,1
3284,/home,1
3285,/home,1
3286,/home,1
3287,/home,1
3288,/home,1
3289,/home,1
3290,/home,1
3291,/home,1
3292,/home,1
3293,/home,1
3294,/home,1
3295,/home,1
3296,/home,1
3297,/home,1
3298,/home,1
3299,/home,1
3300,/home,1
3301,/home,1
3302,/home,1
3303,/home,1
3304,/home,1
3305,/home,1
3306,/home,1
3307,/home,1
3308,/home,1
3309,/home,1
3310,/home,1
3311,/home,1
3312,/home,1
3313,/home,1
3314,/home,1
3315,/home,1
3316,/home,1
3317,/home,1
3318,/home,1
3319,/home,1
3320,/home,1
3321,/home,1
3322,/home,1
3323,/home,1
3324,/home,1
3325,/home,1
3326,/home,1
3327,/home,1
3328,/home,1
3329,/home,1
3330,/home,1
3331,/home,1
3332,/home,1
3333,/home,1
3334,/home,1
3335,/home,1
3336,/home,1
3337,/home,1
3338,/home,1
3339,/home,1
3340,/home,1
3341,/home,1
3342,/home,1
3343,/home,1
3344,/home,1
3345,/home,1
3346,/home,1
3347,/home,1
3348,/home,1
3349,/home,1
3350,/home,1
3351,/home,1
3352,/home,1
3353,/home,1
3354,/home,1
3355,/home,1
3356,/home,1
3357,/home,1
3358,/home,1
3359,/home,1
3360,/home,1
3361,/home,1
3362,/home,1
3363,/home,1
3364,/home,1
3365,/home,1
3366,/home,1
3367,/home,1
3368,/home,1
3369,/home,1
3370,/home,1
3371,/home,1
3372,/home,1
3373,/home,1
3374,/home,1
3375,/home,1
3376,/home,1
3377,/home,1
3378,/home,1
3379,/home,1
3380,/home,1
3381,/home,1
3382,/home,1
3383,/home,1
3384,/home,1
3385,/home,1
3386,/home,1
3387,/home,1
3388,/home,1
3389,/home,1
3390,/home,1
3391,/home,1
3392,/home,1
3393,/home,1
3394,/home,1
3395,/home,1
3396,/home,1
3397,/home,1
3398,/home,1
3399,/home,1
3400,/home,1
3401,/home,1
3402,/home,1
3403,/home,1
3404,/home,1
3405,/home,1
3406,/home,1
3407,/home,1
3408,/home,1
3409,/home,1
3410,/home,1
3411,/home,1
3412,/home,1
3413,/home,1
3414,/home,1
3415,/home,1
3416,/home,1
3417,/home,1
3418,/home,1
3419,/home,1
3420,/home,1
3421,/home,1
3422,/home,1
3423,/home,1
3424,/home,1
3425,/home,1
3426,/home,1
3427,/home,1
3428,/home,1
3429,/home,1
3430,/home,1
3431,/home,1
3432,/home,1
3433,/home,1
3434,/home,1
3435,/home,1
3436,/home,1
3437,/home,1
3438,/home,1
3439,/home,1
3440,/home,1
3441,/home,1
3442,/home,1
3443,/home,1
3444,/home,1
3445,/home,1
3446,/home,1
3447,/home,1
3448,/home,1
3449,/home,1
3450,/home,1
3451,/home,1
3452,/home,1
3453,/home,1
3454,/home,1
3455,/home,1
3456,/home,1
3457,/home,1
3458,/home,1
3459,/home,1
3460,/home,1
3461,/home,1
3462,/home,1
3463,/home,1
3464,/home,1
3465,/home,1
3466,/home,1
3467,/home,1
3468,/home,1
3469,/home,1
3470,/home,1
3471,/home,1
3472,/home,1
3473,/home,1
3474,/home,1
3475,/home,1
3476,/home,1
3477,/home,1
3478,/home,1
3479,/home,1
3480,/home,1
3481,/home,1
3482,/home,1
3483,/home,1
3484,/home,1
3485,/home,1
3486,/home,1
3487,/home,1
3488,/home,1
3489,/home,1
3490,/home,1
3491,/home,1
3492,/home,1
3493,/home,1
3494,/home,1
3495,/home,1
3496,/home,1
3497,/home,1
3498,/home,1
3499,/home,1
3500,/home,1
3501,/home,1
3502,/home,1
3503,/home,1
3504,/home,1
3505,/home,1
3506,/home,1
3507,/home,1
3508,/home,1
3509,/home,1
3510,/home,1
3511,/home,1
3512,/home,1
3513,/home,1
3514,/home,1
3515,/home,1
3516,/home,1
3517,/home,1
3518,/home,1
3519,/home,1
3520,/home,1
3521,/home,1
3522,/home,1
3523,/home,1
3524,/home,1
3525,/home,1
3526,/home,1
3527,/home,1
3528,/home,1
3529,/home,1
3530,/home,1
3531,/home,1
3532,/home,1
3533,/home,1
3534,/home,1
3535,/home,1
3536,/home,1
3537,/home,1
3538,/home,1
3539,/home,1
3540,/home,1
3541,/home,1
3542,/home,1
3543,/home,1
3544,/home,1
3545,/home,1
3546,/home,1
3547,/home,1
3548,/home,1
3549,/home,1
3550,/home,1
3551,/home,1
3552,/home,1
3553,/home,1
3554,/home,1
3555,/home,1
3556,/home,1
3557,/home,1
3558,/home,1
3559,/home,1
3560,/home,1
3561,/home,1
3562,/home,1
3563,/home,1
3564,/home,1
3565,/home,1
3566,/home,1
3567,/home,1
3568,/home,1
3569,/home,1
3570,/home,1
3571,/home,1
3572,/home,1
3573,/home,1
3574,/home,1
3575,/home,1
3576,/home,1
3577,/home,1
3578,/home,1
3579,/home,1
3580,/home,1
3581,/home,1
3582,/home,1
3583,/home,1
3584,/home,1
3585,/home,1
3586,/home,1
3587,/home,1
3588,/home,1
3589,/home,1
3590,/home,1
3591,/home,1
3592,/home,1
3593,/home,1
3594,/home,1
3595,/home,1
3596,/home,1
3597,/home,1
3598,/home,1
3599,/home,1
3600,/home,1
3601,/home,1
3602,/home,1
3603,/home,1
3604,/home,1
3605,/home,1
3606,/home,1
3607,/home,1
3608,/home,1
3609,/home,1
3610,/home,1
3611,/home,1
3612,/home,1
3613,/home,1
3614,/home,1
3615,/home,1
3616,/home,1
3617,/home,1
3618,/home,1
3619,/home,1
3620,/home,1
3621,/home,1
3622,/home,1
3623,/home,1
3624,/home,1
3625,/home,1
3626,/home,1
3627,/home,1
3628,/home,1
3629,/home,1
3630,/home,1
3631,/home,1
3632,/home,1
3633,/home,1
3634,/home,1
3635,/home,1
3636,/home,1
3637,/home,1
3638,/home,1
3639,/home,1
3640,/home,1
3641,/home,1
3642,/home,1
3643,/home,1
3644,/home,1
3645,/home,1
3646,/home,1
3647,/home,1
3648,/home,1
3649,/home,1
3650,/home,1
3651,/home,1
3652,/home,1
3653,/home,1
3654,/home,1
3655,/home,1
3656,/home,1
3657,/home,1
3658,/home,1
3659,/home,1
3660,/home,1
3661,/home,1
3662,/home,1
3663,/home,1
3664,/home,1
3665,/home,1
3666,/home,1
3667,/home,1
3668,/home,1
3669,/home,1
3670,/home,1
3671,/home,1
3672,/home,1
3673,/home,1
3674,/home,1
3675,/home,1
3676,/home,1
3677,/home,1
3678,/home,1
3679,/home,1
3680,/home,1
3681,/home,1
3682,/home,1
3683,/home,1
3684,/home,1
3685,/home,1
3686,/home,1
3687,/home,1
3688,/home,1
3689,/home,1
3690,/home,1
3691,/home,1
3692,/home,1
3693,/home,1
3694,/home,1
3695,/home,1
3696,/home,1
3697,/home,1
3698,/home,1
3699,/home,1
3700,/home,1
3701,/home,1
3702,/home,1
3703,/home,1
3704,/home,1
3705,/home,1
3706,/home,1
3707,/home,1
3708,/home,1
3709,/home,1
3710,/home,1
3711,/home,1
3712,/home,1
3713,/home,1
3714,/home,1
3715,/home,1
3716,/home,1
3717,/home,1
3718,/home,1
3719,/home,1
3720,/home,1
3721,/home,1
3722,/home,1
3723,/home,1
3724,/home,1
3725,/home,1
3726,/home,1
3727,/home,1
3728,/home,1
3729,/home,1
3730,/home,1
3731,/home,1
3732,/home,1
3733,/home,1
3734,/home,1
3735,/home,1
3736,/home,1
3737,/home,1
3738,/home,1
3739,/home,1
3740,/home,1
3741,/home,1
3742,/home,1
3743,/home,1
3744,/home,1
3745,/home,1
3746,/home,1
3747,/home,1
3748,/home,1
3749,/home,1
3750,/home,1
3751,/home,1
3752,/home,1
3753,/home,1
3754,/home,1
3755,/home,1
3756,/home,1
3757,/home,1
3758,/home,1
3759,/home,1
3760,/home,1
3761,/home,1
3762,/home,1
3763,/home,1
3764,/home,1
3765,/home,1
3766,/home,1
3767,/home,1
3768,/home,1
3769,/home,1
3770,/home,1
3771,/home,1
3772,/home,1
3773,/home,1
3774,/home,1
3775,/home,1
3776,/home,1
3777,/home,1
3778,/home,1
3779,/home,1
3780,/home,1
3781,/home,1
3782,/home,1
3783,/home,1
3784,/home,1
3785,/home,1
3786,/home,1
3787,/home,1
3788,/home,1
3789,/home,1
3790,/home,1
3791,/home,1
3792,/home,1
3793,/home,1
3794,/home,1
3795,/home,1
3796,/home,1
3797,/home,1
3798,/home,1
3799,/home,1
3800,/home,1
3801,/home,1
3802,/home,1
3803,/home,1
3804,/home,1
3805,/home,1
3806,/home,1
3807,/home,1
3808,/home,1
3809,/home,1
3810,/home,1
3811,/home,1
3812,/home,1
3813,/home,1
3814,/home,1
3815,/home,1
3816,/home,1
3817,/home,1
3818,/home,1
3819,/home,1
3820,/home,1
3821,/home,1
3822,/home,1
3823,/home,1
3824,/home,1
3825,/home,1
3826,/home,1
3827,/home,1
3828,/home,1
3829,/home,1
3830,/home,1
3831,/home,1
3832,/home,1
3833,/home,1
3834,/home,1
3835,/home,1
3836,/home,1
3837,/home,1
3838,/home,1
3839,/home,1
3840,/home,1
3841,/home,1
3842,/home,1
3843,/home,1
3844,/home,1
3845,/home,1
3846,/home,1
3847,/home,1
3848,/home,1
3849,/home,1
3850,/home,1
3851,/home,1
3852,/home,1
3853,/home,1
3854,/home,1
3855,/home,1
3856,/home,1
3857,/home,1
3858,/home,1
3859,/home,1
3860,/home,1
3861,/home,1
3862,/home,1
3863,/home,1
3864,/home,1
3865,/home,1
3866,/home,1
3867,/home,1
3868,/home,1
3869,/home,1
3870,/home,1
3871,/home,1
3872,/home,1
3873,/home,1
3874,/home,1
3875,/home,1
3876,/home,1
3877,/home,1
3878,/home,1
3879,/home,1
3880,/home,1
3881,/home,1
3882,/home,1
3883,/home,1
3884,/home,1
3885,/home,1
3886,/home,1
3887,/home,1
3888,/home,1
3889,/home,1
3890,/home,1
3891,/home,1
3892,/home,1
3893,/home,1
3894,/home,1
3895,/home,1
3896,/home,1
3897,/home,1
3898,/home,1
3899,/home,1
3900,/home,1
3901,/home,1
3902,/home,1
3903,/home,1
3904,/home,1
3905,/home,1
3906,/home,1
3907,/home,1
3908,/home,1
3909,/home,1
3910,/home,1
3911,/home,1
3912,/home,1
3913,/home,1
3914,/home,1
3915,/home,1
3916,/home,1
3917,/home,1
3918,/home,1
3919,/home,1
3920,/home,1
3921,/home,1
3922,/home,1
3923,/home,1
3924,/home,1
3925,/home,1
3926,/home,1
3927,/home,1
3928,/home,1
3929,/home,1
3930,/home,1
3931,/home,1
3932,/home,1
3933,/home,1
3934,/home,1
3935,/home,1
3936,/home,1
3937,/home,1
3938,/home,1
3939,/home,1
3940,/home,1
3941,/home,1
3942,/home,1
3943,/home,1
3944,/home,1
3945,/home,1
3946,/home,1
3947,/home,1
3948,/home,1
3949,/home,1
3950,/home,1
3951,/home,1
3952,/home,1
3953,/home,1
3954,/home,1
3955,/home,1
3956,/home,1
3957,/home,1
3958,/home,1
3959,/home,1
3960,/home,1
3961,/home,1
3962,/home,1
3963,/home,1
3964,/home,1
3965,/home,1
3966,/home,1
3967,/home,1
3968,/home,1
3969,/home,1
3970,/home,1
3971,/home,1
3972,/home,1
3973,/home,1
3974,/home,1
3975,/home,1
3976,/home,1
3977,/home,1
3978,/home,1
3979,/home,1
3980,/home,1
3981,/home,1
3982,/home,1
3983,/home,1
3984,/home,1
3985,/home,1
3986,/home,1
3987,/home,1
3988,/home,1
3989,/home,1
3990,/home,1
3991,/home,1
3992,/home,1
3993,/home,1
3994,/home,1
3995,/home,1
3996,/home,1
3997,/home,1
3998,/home,1
3999,/home,1
4000,/home,1
4001,/home,1
4002,/home,1
4003,/home,1
4004,/home,1
4005,/home,1
4006,/home,1
4007,/home,1
4008,/home,1
4009,/home,1
4010,/home,1
4011,/home,1
4012,/home,1
4013,/home,1
4014,/home,1
4015,/home,1
4016,/home,1
4017,/home,1
4018,/home,1
4019,/home,1
4020,/home,1
4021,/home,1
4022,/home,1
4023,/home,1
4024,/home,1
4025,/home,1
4026,/home,1
4027,/home,1
4028,/home,1
4029,/home,1
4030,/home,1
4031,/home,1
4032,/home,1
4033,/home,1
4034,/home,1
4035,/home,1
4036,/home,1
4037,/home,1
4038,/home,1
4039,/home,1
4040,/home,1
4041,/home,1
4042,/home,1
4043,/home,1
4044,/home,1
4045,/home,1
4046,/home,1
4047,/home,1
4048,/home,1
4049,/home,1
4050,/home,1
4051,/home,1
4052,/home,1
4053,/home,1
4054,/home,1
4055,/home,1
4056,/home,1
4057,/home,1
4058,/home,1
4059,/home,1
4060,/home,1
4061,/home,1
4062,/home,1
4063,/home,1
4064,/home,1
4065,/home,1
4066,/home,1
4067,/home,1
4068,/home,1
4069,/home,1
4070,/home,1
4071,/home,1
4072,/home,1
4073,/home,1
4074,/home,1
4075,/home,1
4076,/home,1
4077,/home,1
4078,/home,1
4079,/home,1
4080,/home,1
4081,/home,1
4082,/home,1
4083,/home,1
4084,/home,1
4085,/home,1
4086,/home,1
4087,/home,1
4088,/home,1
4089,/home,1
4090,/home,1
4091,/home,1
4092,/home,1
4093,/home,1
4094,/home,1
4095,/home,1
4096,/home,1
4097,/home,1
4098,/home,1
4099,/home,1
4100,/home,1
4101,/home,1
4102,/home,1
4103,/home,1
4104,/home,1
4105,/home,1
4106,/home,1
4107,/home,1
4108,/home,1
4109,/home,1
4110,/home,1
4111,/home,1
4112,/home,1
4113,/home,1
4114,/home,1
4115,/home,1
4116,/home,1
4117,/home,1
4118,/home,1
4119,/home,1
4120,/home,1
4121,/home,1
4122,/home,1
4123,/home,1
4124,/home,1
4125,/home,1
4126,/home,1
4127,/home,1
4128,/home,1
4129,/home,1
4130,/home,1
4131,/home,1
4132,/home,1
4133,/home,1
4134,/home,1
4135,/home,1
4136,/home,1
4137,/home,1
4138,/home,1
4139,/home,1
4140,/home,1
4141,/home,1
4142,/home,1
4143,/home,1
4144,/home,1
4145,/home,1
4146,/home,1
4147,/home,1
4148,/home,1
4149,/home,1
4150,/home,1
4151,/home,1
4152,/home,1
4153,/home,1
4154,/home,1
4155,/home,1
4156,/home,1
4157,/home,1
4158,/home,1
4159,/home,1
4160,/home,1
4161,/home,1
4162,/home,1
4163,/home,1
4164,/home,1
4165,/home,1
4166,/home,1
4167,/home,1
4168,/home,1
4169,/home,1
4170,/home,1
4171,/home,1
4172,/home,1
4173,/home,1
4174,/home,1
4175,/home,1
4176,/home,1
4177,/home,1
4178,/home,1
4179,/home,1
4180,/home,1
4181,/home,1
4182,/home,1
4183,/home,1
4184,/home,1
4185,/home,1
4186,/home,1
4187,/home,1
4188,/home,1
4189,/home,1
4190,/home,1
4191,/home,1
4192,/home,1
4193,/home,1
4194,/home,1
4195,/home,1
4196,/home,1
4197,/home,1
4198,/home,1
4199,/home,1
4200,/home,1
4201,/home,1
4202,/home,1
4203,/home,1
4204,/home,1
4205,/home,1
4206,/home,1
4207,/home,1
4208,/home,1
4209,/home,1
4210,/home,1
4211,/home,1
4212,/home,1
4213,/home,1
4214,/home,1
4215,/home,1
4216,/home,1
4217,/home,1
4218,/home,1
4219,/home,1
4220,/home,1
4221,/home,1
4222,/home,1
4223,/home,1
4224,/home,1
4225,/home,1
4226,/home,1
4227,/home,1
4228,/home,1
4229,/home,1
4230,/home,1
4231,/home,1
4232,/home,1
4233,/home,1
4234,/home,1
4235,/home,1
4236,/home,1
4237,/home,1
4238,/home,1
4239,/home,1
4240,/home,1
4241,/home,1
4242,/home,1
4243,/home,1
4244,/home,1
4245,/home,1
4246,/home,1
4247,/home,1
4248,/home,1
4249,/home,1
4250,/home,1
4251,/home,1
4252,/home,1
4253,/home,1
4254,/home,1
4255,/home,1
4256,/home,1
4257,/home,1
4258,/home,1
4259,/home,1
4260,/home,1
4261,/home,1
4262,/home,1
4263,/home,1
4264,/home,1
4265,/home,1
4266,/home,1
4267,/home,1
4268,/home,1
4269,/home,1
4270,/home,1
4271,/home,1
4272,/home,1
4273,/home,1
4274,/home,1
4275,/home,1
4276,/home,1
4277,/home,1
4278,/home,1
4279,/home,1
4280,/home,1
4281,/home,1
4282,/home,1
4283,/home,1
4284,/home,1
4285,/home,1
4286,/home,1
4287,/home,1
4288,/home,1
4289,/home,1
4290,/home,1
4291,/home,1
4292,/home,1
4293,/home,1
4294,/home,1
4295,/home,1
4296,/home,1
4297,/home,1
4298,/home,1
4299,/home,1
4300,/home,1
4301,/home,1
4302,/home,1
4303,/home,1
4304,/home,1
4305,/home,1
4306,/home,1
4307,/home,1
4308,/home,1
4309,/home,1
4310,/home,1
4311,/home,1
4312,/home,1
4313,/home,1
4314,/home,1
4315,/home,1
4316,/home,1
4317,/home,1
4318,/home,1
4319,/home,1
4320,/home,1
4321,/home,1
4322,/home,1
4323,/home,1
4324,/home,1
4325,/home,1
4326,/home,1
4327,/home,1
4328,/home,1
4329,/home,1
4330,/home,1
4331,/home,1
4332,/home,1
4333,/home,1
4334,/home,1
4335,/home,1
4336,/home,1
4337,/home,1
4338,/home,1
4339,/home,1
4340,/home,1
4341,/home,1
4342,/home,1
4343,/home,1
4344,/home,1
4345,/home,1
4346,/home,1
4347,/home,1
4348,/home,1
4349,/home,1
4350,/home,1
4351,/home,1
4352,/home,1
4353,/home,1
4354,/home,1
4355,/home,1
4356,/home,1
4357,/home,1
4358,/home,1
4359,/home,1
4360,/home,1
4361,/home,1
4362,/home,1
4363,/home,1
4364,/home,1
4365,/home,1
4366,/home,1
4367,/home,1
4368,/home,1
4369,/home,1
4370,/home,1
4371,/home,1
4372,/home,1
4373,/home,1
4374,/home,1
4375,/home,1
4376,/home,1
4377,/home,1
4378,/home,1
4379,/home,1
4380,/home,1
4381,/home,1
4382,/home,1
4383,/home,1
4384,/home,1
4385,/home,1
4386,/home,1
4387,/home,1
4388,/home,1
4389,/home,1
4390,/home,1
4391,/home,1
4392,/home,1
4393,/home,1
4394,/home,1
4395,/home,1
4396,/home,1
4397,/home,1
4398,/home,1
4399,/home,1
4400,/home,1
4401,/home,1
4402,/home,1
4403,/home,1
4404,/home,1
4405,/home,1
4406,/home,1
4407,/home,1
4408,/home,1
4409,/home,1
4410,/home,1
4411,/home,1
4412,/home,1
4413,/home,1
4414,/home,1
4415,/home,1
4416,/home,1
4417,/home,1
4418,/home,1
4419,/home,1
4420,/home,1
4421,/home,1
4422,/home,1
4423,/home,1
4424,/home,1
4425,/home,1
4426,/home,1
4427,/home,1
4428,/home,1
4429,/home,1
4430,/home,1
4431,/home,1
4432,/home,1
4433,/home,1
4434,/home,1
4435,/home,1
4436,/home,1
4437,/home,1
4438,/home,1
4439,/home,1
4440,/home,1
4441,/home,1
4442,/home,1
4443,/home,1
4444,/home,1
4445,/home,1
4446,/home,1
4447,/home,1
4448,/home,1
4449,/home,1
4450,/home,1
4451,/home,1
4452,/home,1
4453,/home,1
4454,/home,1
4455,/home,1
4456,/home,1
4457,/home,1
4458,/home,1
4459,/home,1
4460,/home,1
4461,/home,1
4462,/home,1
4463,/home,1
4464,/home,1
4465,/home,1
4466,/home,1
4467,/home,1
4468,/home,1
4469,/home,1
4470,/home,1
4471,/home,1
4472,/home,1
4473,/home,1
4474,/home,1
4475,/home,1
4476,/home,1
4477,/home,1
4478,/home,1
4479,/home,1
4480,/home,1
4481,/home,1
4482,/home,1
4483,/home,1
4484,/home,1
4485,/home,1
4486,/home,1
4487,/home,1
4488,/home,1
4489,/home,1
4490,/home,1
4491,/home,1
4492,/home,1
4493,/home,1
4494,/home,1
4495,/home,1
4496,/home,1
4497,/home,1
4498,/home,1
4499,/home,1
4500,/home,1
4501,/home,1
4502,/home,1
4503,/home,1
4504,/home,1
4505,/home,1
4506,/home,1
4507,/home,1
4508,/home,1
4509,/home,1
4510,/home,1
4511,/home,1
4512,/home,1
4513,/home,1
4514,/home,1
4515,/home,1
4516,/home,1
4517,/home,1
4518,/home,1
4519,/home,1
4520,/home,1
4521,/home,1
4522,/home,1
4523,/home,1
4524,/home,1
4525,/home,1
4526,/home,1
4527,/home,1
4528,/home,1
4529,/home,1
4530,/home,1
4531,/home,1
4532,/home,1
4533,/home,1
4534,/home,1
4535,/home,1
4536,/home,1
4537,/home,1
4538,/home,1
4539,/home,1
4540,/home,1
4541,/home,1
4542,/home,1
4543,/home,1
4544,/home,1
4545,/home,1
4546,/home,1
4547,/home,1
4548,/home,1
4549,/home,1
4550,/home,1
4551,/home,1
4552,/home,1
4553,/home,1
4554,/home,1
4555,/home,1
4556,/home,1
4557,/home,1
4558,/home,1
4559,/home,1
4560,/home,1
4561,/home,1
4562,/home,1
4563,/home,1
4564,/home,1
4565,/home,1
4566,/home,1
4567,/home,1
4568,/home,1
4569,/home,1
4570,/home,1
4571,/home,1
4572,/home,1
4573,/home,1
4574,/home,1
4575,/home,1
4576,/home,1
4577,/home,1
4578,/home,1
4579,/home,1
4580,/home,1
4581,/home,1
4582,/home,1
4583,/home,1
4584,/home,1
4585,/home,1
4586,/home,1
4587,/home,1
4588,/home,1
4589,/home,1
4590,/home,1
4591,/home,1
4592,/home,1
4593,/home,1
4594,/home,1
4595,/home,1
4596,/home,1
4597,/home,1
4598,/home,1
4599,/home,1
4600,/home,1
4601,/home,1
4602,/home,1
4603,/home,1
4604,/home,1
4605,/home,1
4606,/home,1
4607,/home,1
4608,/home,1
4609,/home,1
4610,/home,1
4611,/home,1
4612,/home,1
4613,/home,1
4614,/home,1
4615,/home,1
4616,/home,1
4617,/home,1
4618,/home,1
4619,/home,1
4620,/home,1
4621,/home,1
4622,/home,1
4623,/home,1
4624,/home,1
4625,/home,1
4626,/home,1
4627,/home,1
4628,/home,1
4629,/home,1
4630,/home,1
4631,/home,1
4632,/home,1
4633,/home,1
4634,/home,1
4635,/home,1
4636,/home,1
4637,/home,1
4638,/home,1
4639,/home,1
4640,/home,1
4641,/home,1
4642,/home,1
4643,/home,1
4644,/home,1
4645,/home,1
4646,/home,1
4647,/home,1
4648,/home,1
4649,/home,1
4650,/home,1
4651,/home,1
4652,/home,1
4653,/home,1
4654,/home,1
4655,/home,1
4656,/home,1
4657,/home,1
4658,/home,1
4659,/home,1
4660,/home,1
4661,/home,1
4662,/home,1
4663,/home,1
4664,/home,1
4665,/home,1
4666,/home,1
4667,/home,1
4668,/home,1
4669,/home,1
4670,/home,1
4671,/home,1
4672,/home,1
4673,/home,1
4674,/home,1
4675,/home,1
4676,/home,1
4677,/home,1
4678,/home,1
4679,/home,1
4680,/home,1
4681,/home,1
4682,/home,1
4683,/home,1
4684,/home,1
4685,/home,1
4686,/home,1
4687,/home,1
4688,/home,1
4689,/home,1
4690,/home,1
4691,/home,1
4692,/home,1
4693,/home,1
4694,/home,1
4695,/home,1
4696,/home,1
4697,/home,1
4698,/home,1
4699,/home,1
4700,/home,1
4701,/home,1
4702,/home,1
4703,/home,1
4704,/home,1
4705,/home,1
4706,/home,1
4707,/home,1
4708,/home,1
4709,/home,1
4710,/home,1
4711,/home,1
4712,/home,1
4713,/home,1
4714,/home,1
4715,/home,1
4716,/home,1
4717,/home,1
4718,/home,1
4719,/home,1
4720,/home,1
4721,/home,1
4722,/home,1
4723,/home,1
4724,/home,1
4725,/home,1
4726,/home,1
4727,/home,1
4728,/home,1
4729,/home,1
4730,/home,1
4731,/home,1
4732,/home,1
4733,/home,1
4734,/home,1
4735,/home,1
4736,/home,1
4737,/home,1
4738,/home,1
4739,/home,1
4740,/home,1
4741,/home,1
4742,/home,1
4743,/home,1
4744,/home,1
4745,/home,1
4746,/home,1
4747,/home,1
4748,/home,1
4749,/home,1
4750,/home,1
4751,/home,1
4752,/home,1
4753,/home,1
4754,/home,1
4755,/home,1
4756,/home,1
4757,/home,1
4758,/home,1
4759,/home,1
4760,/home,1
4761,/home,1
4762,/home,1
4763,/home,1
4764,/home,1
4765,/home,1
4766,/home,1
4767,/home,1
4768,/home,1
4769,/home,1
4770,/home,1
4771,/home,1
4772,/home,1
4773,/home,1
4774,/home,1
4775,/home,1
4776,/home,1
4777,/home,1
4778,/home,1
4779,/home,1
4780,/home,1
4781,/home,1
4782,/home,1
4783,/home,1
4784,/home,1
4785,/home,1
4786,/home,1
4787,/home,1
4788,/home,1
4789,/home,1
4790,/home,1
4791,/home,1
4792,/home,1
4793,/home,1
4794,/home,1
4795,/home,1
4796,/home,1
4797,/home,1
4798,/home,1
4799,/home,1
4800,/home,1
4801,/home,1
4802,/home,1
4803,/home,1
4804,/home,1
4805,/home,1
4806,/home,1
4807,/home,1
4808,/home,1
4809,/home,1
4810,/home,1
4811,/home,1
4812,/home,1
4813,/home,1
4814,/home,1
4815,/home,1
4816,/home,1
4817,/home,1
4818,/home,1
4819,/home,1
4820,/home,1
4821,/home,1
4822,/home,1
4823,/home,1
4824,/home,1
4825,/home,1
4826,/home,1
4827,/home,1
4828,/home,1
4829,/home,1
4830,/home,1
4831,/home,1
4832,/home,1
4833,/home,1
4834,/home,1
4835,/home,1
4836,/home,1
4837,/home,1
4838,/home,1
4839,/home,1
4840,/home,1
4841,/home,1
4842,/home,1
4843,/home,1
4844,/home,1
4845,/home,1
4846,/home,1
4847,/home,1
4848,/home,1
4849,/home,1
4850,/home,1
4851,/home,1
4852,/home,1
4853,/home,1
4854,/home,1
4855,/home,1
4856,/home,1
4857,/home,1
4858,/home,1
4859,/home,1
4860,/home,1
4861,/home,1
4862,/home,1
4863,/home,1
4864,/home,1
4865,/home,1
4866,/home,1
4867,/home,1
4868,/home,1
4869,/home,1
4870,/home,1
4871,/home,1
4872,/home,1
4873,/home,1
4874,/home,1
4875,/home,1
4876,/home,1
4877,/home,1
4878,/home,1
4879,/home,1
4880,/home,1
4881,/home,1
4882,/home,1
4883,/home,1
4884,/home,1
4885,/home,1
4886,/home,1
4887,/home,1
4888,/home,1
4889,/home,1
4890,/home,1
4891,/home,1
4892,/home,1
4893,/home,1
4894,/home,1
4895,/home,1
4896,/home,1
4897,/home,1
4898,/home,1
4899,/home,1
4900,/home,1
4901,/home,1
4902,/home,1
4903,/home,1
4904,/home,1
4905,/home,1
4906,/home,1
4907,/home,1
4908,/home,1
4909,/home,1
4910,/home,1
4911,/home,1
4912,/home,1
4913,/home,1
4914,/home,1
4915,/home,1
4916,/home,1
4917,/home,1
4918,/home,1
4919,/home,1
4920,/home,1
4921,/home,1
4922,/home,1
4923,/home,1
4924,/home,1
4925,/home,1
4926,/home,1
4927,/home,1
4928,/home,1
4929,/home,1
4930,/home,1
4931,/home,1
4932,/home,1
4933,/home,1
4934,/home,1
4935,/home,1
4936,/home,1
4937,/home,1
4938,/home,1
4939,/home,1
4940,/home,1
4941,/home,1
4942,/home,1
4943,/home,1
4944,/home,1
4945,/home,1
4946,/home,1
4947,/home,1
4948,/home,1
4949,/home,1
4950,/home,1
4951,/home,1
4952,/home,1
4953,/home,1
4954,/home,1
4955,/home,1
4956,/home,1
4957,/home,1
4958,/home,1
4959,/home,1
4960,/home,1
4961,/home,1
4962,/home,1
4963,/home,1
4964,/home,1
4965,/home,1
4966,/home,1
4967,/home,1
4968,/home,1
4969,/home,1
4970,/home,1
4971,/home,1
4972,/home,1
4973,/home,1
4974,/home,1
4975,/home,1
4976,/home,1
4977,/home,1
4978,/home,1
4979,/home,1
4980,/home,1
4981,/home,1
4982,/home,1
4983,/home,1
4984,/home,1
4985,/home,1
4986,/home,1
4987,/home,1
4988,/home,1
4989,/home,1
4990,/home,1
4991,/home,1
4992,/home,1
4993,/home,1
4994,/home,1
4995,/home,1
4996,/home,1
4997,/home,1
4998,/home,1
4999,/home,1
5000,/home,1
5001,/home,1
5002,/home,1
5003,/home,1
5004,/home,1
5005,/home,1
5006,/home,1
5007,/home,1
5008,/home,1
5009,/home,1
5010,/home,1
5011,/home,1
5012,/home,1
5013,/home,1
5014,/home,1
5015,/home,1
5016,/home,1
5017,/home,1
5018,/home,1
5019,/home,1
5020,/home,1
5021,/home,1
5022,/home,1
5023,/home,1
5024,/home,1
5025,/home,1
5026,/home,1
5027,/home,1
5028,/home,1
5029,/home,1
5030,/home,1
5031,/home,1
5032,/home,1
5033,/home,1
5034,/home,1
5035,/home,1
5036,/home,1
5037,/home,1
5038,/home,1
5039,/home,1
5040,/home,1
5041,/home,1
5042,/home,1
5043,/home,1
5044,/home,1
5045,/home,1
5046,/home,1
5047,/home,1
5048,/home,1
5049,/home,1
5050,/home,1
5051,/home,1
5052,/home,1
5053,/home,1
5054,/home,1
5055,/home,1
5056,/home,1
5057,/home,1
5058,/home,1
5059,/home,1
5060,/home,1
5061,/home,1
5062,/home,1
5063,/home,1
5064,/home,1
5065,/home,1
5066,/home,1
5067,/home,1
5068,/home,1
5069,/home,1
5070,/home,1
5071,/home,1
5072,/home,1
5073,/home,1
5074,/home,1
5075,/home,1
5076,/home,1
5077,/home,1
5078,/home,1
5079,/home,1
5080,/home,1
5081,/home,1
5082,/home,1
5083,/home,1
5084,/home,1
5085,/home,1
5086,/home,1
5087,/home,1
5088,/home,1
5089,/home,1
5090,/home,1
5091,/home,1
5092,/home,1
5093,/home,1
5094,/home,1
5095,/home,1
5096,/home,1
5097,/home,1
5098,/home,1
5099,/home,1
5100,/home,1
5101,/home,1
5102,/home,1
5103,/home,1
5104,/home,1
5105,/home,1
5106,/home,1
5107,/home,1
5108,/home,1
5109,/home,1
5110,/home,1
5111,/home,1
5112,/home,1
5113,/home,1
5114,/home,1
5115,/home,1
5116,/home,1
5117,/home,1
5118,/home,1
5119,/home,1
5120,/home,1
5121,/home,1
5122,/home,1
5123,/home,1
5124,/home,1
5125,/home,1
5126,/home,1
5127,/home,1
5128,/home,1
5129,/home,1
5130,/home,1
5131,/home,1
5132,/home,1
5133,/home,1
5134,/home,1
5135,/home,1
5136,/home,1
5137,/home,1
5138,/home,1
5139,/home,1
5140,/home,1
5141,/home,1
5142,/home,1
5143,/home,1
5144,/home,1
5145,/home,1
5146,/home,1
5147,/home,1
5148,/home,1
5149,/home,1
5150,/home,1
5151,/home,1
5152,/home,1
5153,/home,1
5154,/home,1
5155,/home,1
5156,/home,1
5157,/home,1
5158,/home,1
5159,/home,1
5160,/home,1
5161,/home,1
5162,/home,1
5163,/home,1
5164,/home,1
5165,/home,1
5166,/home,1
5167,/home,1
5168,/home,1
5169,/home,1
5170,/home,1
5171,/home,1
5172,/home,1
5173,/home,1
5174,/home,1
5175,/home,1
5176,/home,1
5177,/home,1
5178,/home,1
5179,/home,1
5180,/home,1
5181,/home,1
5182,/home,1
5183,/home,1
5184,/home,1
5185,/home,1
5186,/home,1
5187,/home,1
5188,/home,1
5189,/home,1
5190,/home,1
5191,/home,1
5192,/home,1
5193,/home,1
5194,/home,1
5195,/home,1
5196,/home,1
5197,/home,1
5198,/home,1
5199,/home,1
5200,/home,1
5201,/home,1
5202,/home,1
5203,/home,1
5204,/home,1
5205,/home,1
5206,/home,1
5207,/home,1
5208,/home,1
5209,/home,1
5210,/home,1
5211,/home,1
5212,/home,1
5213,/home,1
5214,/home,1
5215,/home,1
5216,/home,1
5217,/home,1
5218,/home,1
5219,/home,1
5220,/home,1
5221,/home,1
5222,/home,1
5223,/home,1
5224,/home,1
5225,/home,1
5226,/home,1
5227,/home,1
5228,/home,1
5229,/home,1
5230,/home,1
5231,/home,1
5232,/home,1
5233,/home,1
5234,/home,1
5235,/home,1
5236,/home,1
5237,/home,1
5238,/home,1
5239,/home,1
5240,/home,1
5241,/home,1
5242,/home,1
5243,/home,1
5244,/home,1
5245,/home,1
5246,/home,1
5247,/home,1
5248,/home,1
5249,/home,1
5250,/home,1
5251,/home,1
5252,/home,1
5253,/home,1
5254,/home,1
5255,/home,1
5256,/home,1
5257,/home,1
5258,/home,1
5259,/home,1
5260,/home,1
5261,/home,1
5262,/home,1
5263,/home,1
5264,/home,1
5265,/home,1
5266,/home,1
5267,/home,1
5268,/home,1
5269,/home,1
5270,/home,1
5271,/home,1
5272,/home,1
5273,/home,1
5274,/home,1
5275,/home,1
5276,/home,1
5277,/home,1
5278,/home,1
5279,/home,1
5280,/home,1
5281,/home,1
5282,/home,1
5283,/home,1
5284,/home,1
5285,/home,1
5286,/home,1
5287,/home,1
5288,/home,1
5289,/home,1
5290,/home,1
5291,/home,1
5292,/home,1
5293,/home,1
5294,/home,1
5295,/home,1
5296,/home,1
5297,/home,1
5298,/home,1
5299,/home,1
5300,/home,1
5301,/home,1
5302,/home,1
5303,/home,1
5304,/home,1
5305,/home,1
5306,/home,1
5307,/home,1
5308,/home,1
5309,/home,1
5310,/home,1
5311,/home,1
5312,/home,1
5313,/home,1
5314,/home,1
5315,/home,1
5316,/home,1
5317,/home,1
5318,/home,1
5319,/home,1
5320,/home,1
5321,/home,1
5322,/home,1
5323,/home,1
5324,/home,1
5325,/home,1
5326,/home,1
5327,/home,1
5328,/home,1
5329,/home,1
5330,/home,1
5331,/home,1
5332,/home,1
5333,/home,1
5334,/home,1
5335,/home,1
5336,/home,1
5337,/home,1
5338,/home,1
5339,/home,1
5340,/home,1
5341,/home,1
5342,/home,1
5343,/home,1
5344,/home,1
5345,/home,1
5346,/home,1
5347,/home,1
5348,/home,1
5349,/home,1
5350,/home,1
5351,/home,1
5352,/home,1
5353,/home,1
5354,/home,1
5355,/home,1
5356,/home,1
5357,/home,1
5358,/home,1
5359,/home,1
5360,/home,1
5361,/home,1
5362,/home,1
5363,/home,1
5364,/home,1
5365,/home,1
5366,/home,1
5367,/home,1
5368,/home,1
5369,/home,1
5370,/home,1
5371,/home,1
5372,/home,1
5373,/home,1
5374,/home,1
5375,/home,1
5376,/home,1
5377,/home,1
5378,/home,1
5379,/home,1
5380,/home,1
5381,/home,1
5382,/home,1
5383,/home,1
5384,/home,1
5385,/home,1
5386,/home,1
5387,/home,1
5388,/home,1
5389,/home,1
5390,/home,1
5391,/home,1
5392,/home,1
5393,/home,1
5394,/home,1
5395,/home,1
5396,/home,1
5397,/home,1
5398,/home,1
5399,/home,1
5400,/home,1
5401,/home,1
5402,/home,1
5403,/home,1
5404,/home,1
5405,/home,1
5406,/home,1
5407,/home,1
5408,/home,1
5409,/home,1
5410,/home,1
5411,/home,1
5412,/home,1
5413,/home,1
5414,/home,1
5415,/home,1
5416,/home,1
5417,/home,1
5418,/home,1
5419,/home,1
5420,/home,1
5421,/home,1
5422,/home,1
5423,/home,1
5424,/home,1
5425,/home,1
5426,/home,1
5427,/home,1
5428,/home,1
5429,/home,1
5430,/home,1
5431,/home,1
5432,/home,1
5433,/home,1
5434,/home,1
5435,/home,1
5436,/home,1
5437,/home,1
5438,/home,1
5439,/home,1
5440,/home,1
5441,/home,1
5442,/home,1
5443,/home,1
5444,/home,1
5445,/home,1
5446,/home,1
5447,/home,1
5448,/home,1
5449,/home,1
5450,/home,1
5451,/home,1
5452,/home,1
5453,/home,1
5454,/home,1
5455,/home,1
5456,/home,1
5457,/home,1
5458,/home,1
5459,/home,1
5460,/home,1
5461,/home,1
5462,/home,1
5463,/home,1
5464,/home,1
5465,/home,1
5466,/home,1
5467,/home,1
5468,/home,1
5469,/home,1
5470,/home,1
5471,/home,1
5472,/home,1
5473,/home,1
5474,/home,1
5475,/home,1
5476,/home,1
5477,/home,1
5478,/home,1
5479,/home,1
5480,/home,1
5481,/home,1
5482,/home,1
5483,/home,1
5484,/home,1
5485,/home,1
5486,/home,1
5487,/home,1
5488,/home,1
5489,/home,1
5490,/home,1
5491,/home,1
5492,/home,1
5493,/home,1
5494,/home,1
5495,/home,1
5496,/home,1
5497,/home,1
5498,/home,1
5499,/home,1
5500,/home,1
5501,/home,1
5502,/home,1
5503,/home,1
5504,/home,1
5505,/home,1
5506,/home,1
5507,/home,1
5508,/home,1
5509,/home,1
5510,/home,1
5511,/home,1
5512,/home,1
5513,/home,1
5514,/home,1
5515,/home,1
5516,/home,1
5517,/home,1
5518,/home,1
5519,/home,1
5520,/home,1
5521,/home,1
5522,/home,1
5523,/home,1
5524,/home,1
5525,/home,1
5526,/home,1
5527,/home,1
5528,/home,1
5529,/home,1
5530,/home,1
5531,/home,1
5532,/home,1
5533,/home,1
5534,/home,1
5535,/home,1
5536,/home,1
5537,/home,1
5538,/home,1
5539,/home,1
5540,/home,1
5541,/home,1
5542,/home,1
5543,/home,1
5544,/home,1
5545,/home,1
5546,/home,1
5547,/home,1
5548,/home,1
5549,/home,1
5550,/home,1
5551,/home,1
5552,/home,1
5553,/home,1
5554,/home,1
5555,/home,1
5556,/home,1
5557,/home,1
5558,/home,1
5559,/home,1
5560,/home,1
5561,/home,1
5562,/home,1
5563,/home,1
5564,/home,1
5565,/home,1
5566,/home,1
5567,/home,1
5568,/home,1
5569,/home,1
5570,/home,1
5571,/home,1
5572,/home,1
5573,/home,1
5574,/home,1
5575,/home,1
5576,/home,1
5577,/home,1
5578,/home,1
5579,/home,1
5580,/home,1
5581,/home,1
5582,/home,1
5583,/home,1
5584,/home,1
5585,/home,1
5586,/home,1
5587,/home,1
5588,/home,1
5589,/home,1
5590,/home,1
5591,/home,1
5592,/home,1
5593,/home,1
5594,/home,1
5595,/home,1
5596,/home,1
5597,/home,1
5598,/home,1
5599,/home,1
5600,/home,1
5601,/home,1
5602,/home,1
5603,/home,1
5604,/home,1
5605,/home,1
5606,/home,1
5607,/home,1
5608,/home,1
5609,/home,1
5610,/home,1
5611,/home,1
5612,/home,1
5613,/home,1
5614,/home,1
5615,/home,1
5616,/home,1
5617,/home,1
5618,/home,1
5619,/home,1
5620,/home,1
5621,/home,1
5622,/home,1
5623,/home,1
5624,/home,1
5625,/home,1
5626,/home,1
5627,/home,1
5628,/home,1
5629,/home,1
5630,/home,1
5631,/home,1
5632,/home,1
5633,/home,1
5634,/home,1
5635,/home,1
5636,/home,1
5637,/home,1
5638,/home,1
5639,/home,1
5640,/home,1
5641,/home,1
5642,/home,1
5643,/home,1
5644,/home,1
5645,/home,1
5646,/home,1
5647,/home,1
5648,/home,1
5649,/home,1
5650,/home,1
5651,/home,1
5652,/home,1
5653,/home,1
5654,/home,1
5655,/home,1
5656,/home,1
5657,/home,1
5658,/home,1
5659,/home,1
5660,/home,1
5661,/home,1
5662,/home,1
5663,/home,1
5664,/home,1
5665,/home,1
5666,/home,1
5667,/home,1
5668,/home,1
5669,/home,1
5670,/home,1
5671,/home,1
5672,/home,1
5673,/home,1
5674,/home,1
5675,/home,1
5676,/home,1
5677,/home,1
5678,/home,1
5679,/home,1
5680,/home,1
5681,/home,1
5682,/home,1
5683,/home,1
5684,/home,1
5685,/home,1
5686,/home,1
5687,/home,1
5688,/home,1
5689,/home,1
5690,/home,1
5691,/home,1
5692,/home,1
5693,/home,1
5694,/home,1
5695,/home,1
5696,/home,1
5697,/home,1
5698,/home,1
5699,/home,1
5700,/home,1
5701,/home,1
5702,/home,1
5703,/home,1
5704,/home,1
5705,/home,1
5706,/home,1
5707,/home,1
5708,/home,1
5709,/home,1
5710,/home,1
5711,/home,1
5712,/home,1
5713,/home,1
5714,/home,1
5715,/home,1
5716,/home,1
5717,/home,1
5718,/home,1
5719,/home,1
5720,/home,1
5721,/home,1
5722,/home,1
5723,/home,1
5724,/home,1
5725,/home,1
5726,/home,1
5727,/home,1
5728,/home,1
5729,/home,1
5730,/home,1
5731,/home,1
5732,/home,1
5733,/home,1
5734,/home,1
5735,/home,1
5736,/home,1
5737,/home,1
5738,/home,1
5739,/home,1
5740,/home,1
5741,/home,1
5742,/home,1
5743,/home,1
5744,/home,1
5745,/home,1
5746,/home,1
5747,/home,1
5748,/home,1
5749,/home,1
5750,/home,1
5751,/home,1
5752,/home,1
5753,/home,1
5754,/home,1
5755,/home,1
5756,/home,1
5757,/home,1
5758,/home,1
5759,/home,1
5760,/home,1
5761,/home,1
5762,/home,1
5763,/home,1
5764,/home,1
5765,/home,1
5766,/home,1
5767,/home,1
5768,/home,1
5769,/home,1
5770,/home,1
5771,/home,1
5772,/home,1
5773,/home,1
5774,/home,1
5775,/home,1
5776,/home,1
5777,/home,1
5778,/home,1
5779,/home,1
5780,/home,1
5781,/home,1
5782,/home,1
5783,/home,1
5784,/home,1
5785,/home,1
5786,/home,1
5787,/home,1
5788,/home,1
5789,/home,1
5790,/home,1
5791,/home,1
5792,/home,1
5793,/home,1
5794,/home,1
5795,/home,1
5796,/home,1
5797,/home,1
5798,/home,1
5799,/home,1
5800,/home,1
5801,/home,1
5802,/home,1
5803,/home,1
5804,/home,1
5805,/home,1
5806,/home,1
5807,/home,1
5808,/home,1
5809,/home,1
5810,/home,1
5811,/home,1
5812,/home,1
5813,/home,1
5814,/home,1
5815,/home,1
5816,/home,1
5817,/home,1
5818,/home,1
5819,/home,1
5820,/home,1
5821,/home,1
5822,/home,1
5823,/home,1
5824,/home,1
5825,/home,1
5826,/home,1
5827,/home,1
5828,/home,1
5829,/home,1
5830,/home,1
5831,/home,1
5832,/home,1
5833,/home,1
5834,/home,1
5835,/home,1
5836,/home,1
5837,/home,1
5838,/home,1
5839,/home,1
5840,/home,1
5841,/home,1
5842,/home,1
5843,/home,1
5844,/home,1
5845,/home,1
5846,/home,1
5847,/home,1
5848,/home,1
5849,/home,1
5850,/home,1
5851,/home,1
5852,/home,1
5853,/home,1
5854,/home,1
5855,/home,1
5856,/home,1
5857,/home,1
5858,/home,1
5859,/home,1
5860,/home,1
5861,/home,1
5862,/home,1
5863,/home,1
5864,/home,1
5865,/home,1
5866,/home,1
5867,/home,1
5868,/home,1
5869,/home,1
5870,/home,1
5871,/home,1
5872,/home,1
5873,/home,1
5874,/home,1
5875,/home,1
5876,/home,1
5877,/home,1
5878,/home,1
5879,/home,1
5880,/home,1
5881,/home,1
5882,/home,1
5883,/home,1
5884,/home,1
5885,/home,1
5886,/home,1
5887,/home,1
5888,/home,1
5889,/home,1
5890,/home,1
5891,/home,1
5892,/home,1
5893,/home,1
5894,/home,1
5895,/home,1
5896,/home,1
5897,/home,1
5898,/home,1
5899,/home,1
5900,/home,1
5901,/home,1
5902,/home,1
5903,/home,1
5904,/home,1
5905,/home,1
5906,/home,1
5907,/home,1
5908,/home,1
5909,/home,1
5910,/home,1
5911,/home,1
5912,/home,1
5913,/home,1
5914,/home,1
5915,/home,1
5916,/home,1
5917,/home,1
5918,/home,1
5919,/home,1
5920,/home,1
5921,/home,1
5922,/home,1
5923,/home,1
5924,/home,1
5925,/home,1
5926,/home,1
5927,/home,1
5928,/home,1
5929,/home,1
5930,/home,1
5931,/home,1
5932,/home,1
5933,/home,1
5934,/home,1
5935,/home,1
5936,/home,1
5937,/home,1
5938,/home,1
5939,/home,1
5940,/home,1
5941,/home,1
5942,/home,1
5943,/home,1
5944,/home,1
5945,/home,1
5946,/home,1
5947,/home,1
5948,/home,1
5949,/home,1
5950,/home,1
5951,/home,1
5952,/home,1
5953,/home,1
5954,/home,1
5955,/home,1
5956,/home,1
5957,/home,1
5958,/home,1
5959,/home,1
5960,/home,1
5961,/home,1
5962,/home,1
5963,/home,1
5964,/home,1
5965,/home,1
5966,/home,1
5967,/home,1
5968,/home,1
5969,/home,1
5970,/home,1
5971,/home,1
5972,/home,1
5973,/home,1
5974,/home,1
5975,/home,1
5976,/home,1
5977,/home,1
5978,/home,1
5979,/home,1
5980,/home,1
5981,/home,1
5982,/home,1
5983,/home,1
5984,/home,1
5985,/home,1
5986,/home,1
5987,/home,1
5988,/home,1
5989,/home,1
5990,/home,1
5991,/home,1
5992,/home,1
5993,/home,1
5994,/home,1
5995,/home,1
5996,/home,1
5997,/home,1
5998,/home,1
5999,/home,1
6000,/home,1
6001,/home,1
6002,/home,1
6003,/home,1
6004,/home,1
6005,/home,1
6006,/home,1
6007,/home,1
6008,/home,1
6009,/home,1
6010,/home,1
6011,/home,1
6012,/home,1
6013,/home,1
6014,/home,1
6015,/home,1
6016,/home,1
6017,/home,1
6018,/home,1
6019,/home,1
6020,/home,1
6021,/home,1
6022,/home,1
6023,/home,1
6024,/home,1
6025,/home,1
6026,/home,1
6027,/home,1
6028,/home,1
6029,/home,1
6030,/home,1
6031,/home,1
6032,/home,1
6033,/home,1
6034,/home,1
6035,/home,1
6036,/home,1
6037,/home,1
6038,/home,1
6039,/home,1
6040,/home,1
6041,/home,1
6042,/home,1
6043,/home,1
6044,/home,1
6045,/home,1
6046,/home,1
6047,/home,1
6048,/home,1
6049,/home,1
6050,/home,1
6051,/home,1
6052,/home,1
6053,/home,1
6054,/home,1
6055,/home,1
6056,/home,1
6057,/home,1
6058,/home,1
6059,/home,1
6060,/home,1
6061,/home,1
6062,/home,1
6063,/home,1
6064,/home,1
6065,/home,1
6066,/home,1
6067,/home,1
6068,/home,1
6069,/home,1
6070,/home,1
6071,/home,1
6072,/home,1
6073,/home,1
6074,/home,1
6075,/home,1
6076,/home,1
6077,/home,1
6078,/home,1
6079,/home,1
6080,/home,1
6081,/home,1
6082,/home,1
6083,/home,1
6084,/home,1
6085,/home,1
6086,/home,1
6087,/home,1
6088,/home,1
6089,/home,1
6090,/home,1
6091,/home,1
6092,/home,1
6093,/home,1
6094,/home,1
6095,/home,1
6096,/home,1
6097,/home,1
6098,/home,1
6099,/home,1
6100,/home,1
6101,/home,1
6102,/home,1
6103,/home,1
6104,/home,1
6105,/home,1
6106,/home,1
6107,/home,1
6108,/home,1
6109,/home,1
6110,/home,1
6111,/home,1
6112,/home,1
6113,/home,1
6114,/home,1
6115,/home,1
6116,/home,1
6117,/home,1
6118,/home,1
6119,/home,1
6120,/home,1
6121,/home,1
6122,/home,1
6123,/home,1
6124,/home,1
6125,/home,1
6126,/home,1
6127,/home,1
6128,/home,1
6129,/home,1
6130,/home,1
6131,/home,1
6132,/home,1
6133,/home,1
6134,/home,1
6135,/home,1
6136,/home,1
6137,/home,1
6138,/home,1
6139,/home,1
6140,/home,1
6141,/home,1
6142,/home,1
6143,/home,1
6144,/home,1
6145,/home,1
6146,/home,1
6147,/home,1
6148,/home,1
6149,/home,1
6150,/home,1
6151,/home,1
6152,/home,1
6153,/home,1
6154,/home,1
6155,/home,1
6156,/home,1
6157,/home,1
6158,/home,1
6159,/home,1
6160,/home,1
6161,/home,1
6162,/home,1
6163,/home,1
6164,/home,1
6165,/home,1
6166,/home,1
6167,/home,1
6168,/home,1
6169,/home,1
6170,/home,1
6171,/home,1
6172,/home,1
6173,/home,1
6174,/home,1
6175,/home,1
6176,/home,1
6177,/home,1
6178,/home,1
6179,/home,1
6180,/home,1
6181,/home,1
6182,/home,1
6183,/home,1
6184,/home,1
6185,/home,1
6186,/home,1
6187,/home,1
6188,/home,1
6189,/home,1
6190,/home,1
6191,/home,1
6192,/home,1
6193,/home,1
6194,/home,1
6195,/home,1
6196,/home,1
6197,/home,1
6198,/home,1
6199,/home,1
6200,/home,1
6201,/home,1
6202,/home,1
6203,/home,1
6204,/home,1
6205,/home,1
6206,/home,1
6207,/home,1
6208,/home,1
6209,/home,1
6210,/home,1
6211,/home,1
6212,/home,1
6213,/home,1
6214,/home,1
6215,/home,1
6216,/home,1
6217,/home,1
6218,/home,1
6219,/home,1
6220,/home,1
6221,/home,1
6222,/home,1
6223,/home,1
6224,/home,1
6225,/home,1
6226,/home,1
6227,/home,1
6228,/home,1
6229,/home,1
6230,/home,1
6231,/home,1
6232,/home,1
6233,/home,1
6234,/home,1
6235,/home,1
6236,/home,1
6237,/home,1
6238,/home,1
6239,/home,1
6240,/home,1
6241,/home,1
6242,/home,1
6243,/home,1
6244,/home,1
6245,/home,1
6246,/home,1
6247,/home,1
6248,/home,1
6249,/home,1
6250,/home,1
6251,/home,1
6252,/home,1
6253,/home,1
6254,/home,1
6255,/home,1
6256,/home,1
6257,/home,1
6258,/home,1
6259,/home,1
6260,/home,1
6261,/home,1
6262,/home,1
6263,/home,1
6264,/home,1
6265,/home,1
6266,/home,1
6267,/home,1
6268,/home,1
6269,/home,1
6270,/home,1
6271,/home,1
6272,/home,1
6273,/home,1
6274,/home,1
6275,/home,1
6276,/home,1
6277,/home,1
6278,/home,1
6279,/home,1
6280,/home,1
6281,/home,1
6282,/home,1
6283,/home,1
6284,/home,1
6285,/home,1
6286,/home,1
6287,/home,1
6288,/home,1
6289,/home,1
6290,/home,1
6291,/home,1
6292,/home,1
6293,/home,1
6294,/home,1
6295,/home,1
6296,/home,1
6297,/home,1
6298,/home,1
6299,/home,1
6300,/home,1
6301,/home,1
6302,/home,1
6303,/home,1
6304,/home,1
6305,/home,1
6306,/home,1
6307,/home,1
6308,/home,1
6309,/home,1
6310,/home,1
6311,/home,1
6312,/home,1
6313,/home,1
6314,/home,1
6315,/home,1
6316,/home,1
6317,/home,1
6318,/home,1
6319,/home,1
6320,/home,1
6321,/home,1
6322,/home,1
6323,/home,1
6324,/home,1
6325,/home,1
6326,/home,1
6327,/home,1
6328,/home,1
6329,/home,1
6330,/home,1
6331,/home,1
6332,/home,1
6333,/home,1
6334,/home,1
6335,/home,1
6336,/home,1
6337,/home,1
6338,/home,1
6339,/home,1
6340,/home,1
6341,/home,1
6342,/home,1
6343,/home,1
6344,/home,1
6345,/home,1
6346,/home,1
6347,/home,1
6348,/home,1
6349,/home,1
6350,/home,1
6351,/home,1
6352,/home,1
6353,/home,1
6354,/home,1
6355,/home,1
6356,/home,1
6357,/home,1
6358,/home,1
6359,/home,1
6360,/home,1
6361,/home,1
6362,/home,1
6363,/home,1
6364,/home,1
6365,/home,1
6366,/home,1
6367,/home,1
6368,/home,1
6369,/home,1
6370,/home,1
6371,/home,1
6372,/home,1
6373,/home,1
6374,/home,1
6375,/home,1
6376,/home,1
6377,/home,1
6378,/home,1
6379,/home,1
6380,/home,1
6381,/home,1
6382,/home,1
6383,/home,1
6384,/home,1
6385,/home,1
6386,/home,1
6387,/home,1
6388,/home,1
6389,/home,1
6390,/home,1
6391,/home,1
6392,/home,1
6393,/home,1
6394,/home,1
6395,/home,1
6396,/home,1
6397,/home,1
6398,/home,1
6399,/home,1
6400,/home,1
6401,/home,1
6402,/home,1
6403,/home,1
6404,/home,1
6405,/home,1
6406,/home,1
6407,/home,1
6408,/home,1
6409,/home,1
6410,/home,1
6411,/home,1
6412,/home,1
6413,/home,1
6414,/home,1
6415,/home,1
6416,/home,1
6417,/home,1
6418,/home,1
6419,/home,1
6420,/home,1
6421,/home,1
6422,/home,1
6423,/home,1
6424,/home,1
6425,/home,1
6426,/home,1
6427,/home,1
6428,/home,1
6429,/home,1
6430,/home,1
6431,/home,1
6432,/home,1
6433,/home,1
6434,/home,1
6435,/home,1
6436,/home,1
6437,/home,1
6438,/home,1
6439,/home,1
6440,/home,1
6441,/home,1
6442,/home,1
6443,/home,1
6444,/home,1
6445,/home,1
6446,/home,1
6447,/home,1
6448,/home,1
6449,/home,1
6450,/home,1
6451,/home,1
6452,/home,1
6453,/home,1
6454,/home,1
6455,/home,1
6456,/home,1
6457,/home,1
6458,/home,1
6459,/home,1
6460,/home,1
6461,/home,1
6462,/home,1
6463,/home,1
6464,/home,1
6465,/home,1
6466,/home,1
6467,/home,1
6468,/home,1
6469,/home,1
6470,/home,1
6471,/home,1
6472,/home,1
6473,/home,1
6474,/home,1
6475,/home,1
6476,/home,1
6477,/home,1
6478,/home,1
6479,/home,1
6480,/home,1
6481,/home,1
6482,/home,1
6483,/home,1
6484,/home,1
6485,/home,1
6486,/home,1
6487,/home,1
6488,/home,1
6489,/home,1
6490,/home,1
6491,/home,1
6492,/home,1
6493,/home,1
6494,/home,1
6495,/home,1
6496,/home,1
6497,/home,1
6498,/home,1
6499,/home,1
6500,/home,1
6501,/home,1
6502,/home,1
6503,/home,1
6504,/home,1
6505,/home,1
6506,/home,1
6507,/home,1
6508,/home,1
6509,/home,1
6510,/home,1
6511,/home,1
6512,/home,1
6513,/home,1
6514,/home,1
6515,/home,1
6516,/home,1
6517,/home,1
6518,/home,1
6519,/home,1
6520,/home,1
6521,/home,1
6522,/home,1
6523,/home,1
6524,/home,1
6525,/home,1
6526,/home,1
6527,/home,1
6528,/home,1
6529,/home,1
6530,/home,1
6531,/home,1
6532,/home,1
6533,/home,1
6534,/home,1
6535,/home,1
6536,/home,1
6537,/home,1
6538,/home,1
6539,/home,1
6540,/home,1
6541,/home,1
6542,/home,1
6543,/home,1
6544,/home,1
6545,/home,1
6546,/home,1
6547,/home,1
6548,/home,1
6549,/home,1
6550,/home,1
6551,/home,1
6552,/home,1
6553,/home,1
6554,/home,1
6555,/home,1
6556,/home,1
6557,/home,1
6558,/home,1
6559,/home,1
6560,/home,1
6561,/home,1
6562,/home,1
6563,/home,1
6564,/home,1
6565,/home,1
6566,/home,1
6567,/home,1
6568,/home,1
6569,/home,1
6570,/home,1
6571,/home,1
6572,/home,1
6573,/home,1
6574,/home,1
6575,/home,1
6576,/home,1
6577,/home,1
6578,/home,1
6579,/home,1
6580,/home,1
6581,/home,1
6582,/home,1
6583,/home,1
6584,/home,1
6585,/home,1
6586,/home,1
6587,/home,1
6588,/home,1
6589,/home,1
6590,/home,1
6591,/home,1
6592,/home,1
6593,/home,1
6594,/home,1
6595,/home,1
6596,/home,1
6597,/home,1
6598,/home,1
6599,/home,1
6600,/home,1
6601,/home,1
6602,/home,1
6603,/home,1
6604,/home,1
6605,/home,1
6606,/home,1
6607,/home,1
6608,/home,1
6609,/home,1
6610,/home,1
6611,/home,1
6612,/home,1
6613,/home,1
6614,/home,1
6615,/home,1
6616,/home,1
6617,/home,1
6618,/home,1
6619,/home,1
6620,/home,1
6621,/home,1
6622,/home,1
6623,/home,1
6624,/home,1
6625,/home,1
6626,/home,1
6627,/home,1
6628,/home,1
6629,/home,1
6630,/home,1
6631,/home,1
6632,/home,1
6633,/home,1
6634,/home,1
6635,/home,1
6636,/home,1
6637,/home,1
6638,/home,1
6639,/home,1
6640,/home,1
6641,/home,1
6642,/home,1
6643,/home,1
6644,/home,1
6645,/home,1
6646,/home,1
6647,/home,1
6648,/home,1
6649,/home,1
6650,/home,1
6651,/home,1
6652,/home,1
6653,/home,1
6654,/home,1
6655,/home,1
6656,/home,1
6657,/home,1
6658,/home,1
6659,/home,1
6660,/home,1
6661,/home,1
6662,/home,1
6663,/home,1
6664,/home,1
6665,/home,1
6666,/home,1
6667,/home,1
6668,/home,1
6669,/home,1
6670,/home,1
6671,/home,1
6672,/home,1
6673,/home,1
6674,/home,1
6675,/home,1
6676,/home,1
6677,/home,1
6678,/home,1
6679,/home,1
6680,/home,1
6681,/home,1
6682,/home,1
6683,/home,1
6684,/home,1
6685,/home,1
6686,/home,1
6687,/home,1
6688,/home,1
6689,/home,1
6690,/home,1
6691,/home,1
6692,/home,1
6693,/home,1
6694,/home,1
6695,/home,1
6696,/home,1
6697,/home,1
6698,/home,1
6699,/home,1
6700,/home,1
6701,/home,1
6702,/home,1
6703,/home,1
6704,/home,1
6705,/home,1
6706,/home,1
6707,/home,1
6708,/home,1
6709,/home,1
6710,/home,1
6711,/home,1
6712,/home,1
6713,/home,1
6714,/home,1
6715,/home,1
6716,/home,1
6717,/home,1
6718,/home,1
6719,/home,1
6720,/home,1
6721,/home,1
6722,/home,1
6723,/home,1
6724,/home,1
6725,/home,1
6726,/home,1
6727,/home,1
6728,/home,1
6729,/home,1
6730,/home,1
6731,/home,1
6732,/home,1
6733,/home,1
6734,/home,1
6735,/home,1
6736,/home,1
6737,/home,1
6738,/home,1
6739,/home,1
6740,/home,1
6741,/home,1
6742,/home,1
6743,/home,1
6744,/home,1
6745,/home,1
6746,/home,1
6747,/home,1
6748,/home,1
6749,/home,1
6750,/home,1
6751,/home,1
6752,/home,1
6753,/home,1
6754,/home,1
6755,/home,1
6756,/home,1
6757,/home,1
6758,/home,1
6759,/home,1
6760,/home,1
6761,/home,1
6762,/home,1
6763,/home,1
6764,/home,1
6765,/home,1
6766,/home,1
6767,/home,1
6768,/home,1
6769,/home,1
6770,/home,1
6771,/home,1
6772,/home,1
6773,/home,1
6774,/home,1
6775,/home,1
6776,/home,1
6777,/home,1
6778,/home,1
6779,/home,1
6780,/home,1
6781,/home,1
6782,/home,1
6783,/home,1
6784,/home,1
6785,/home,1
6786,/home,1
6787,/home,1
6788,/home,1
6789,/home,1
6790,/home,1
6791,/home,1
6792,/home,1
6793,/home,1
6794,/home,1
6795,/home,1
6796,/home,1
6797,/home,1
6798,/home,1
6799,/home,1
6800,/home,1
6801,/home,1
6802,/home,1
6803,/home,1
6804,/home,1
6805,/home,1
6806,/home,1
6807,/home,1
6808,/home,1
6809,/home,1
6810,/home,1
6811,/home,1
6812,/home,1
6813,/home,1
6814,/home,1
6815,/home,1
6816,/home,1
6817,/home,1
6818,/home,1
6819,/home,1
6820,/home,1
6821,/home,1
6822,/home,1
6823,/home,1
6824,/home,1
6825,/home,1
6826,/home,1
6827,/home,1
6828,/home,1
6829,/home,1
6830,/home,1
6831,/home,1
6832,/home,1
6833,/home,1
6834,/home,1
6835,/home,1
6836,/home,1
6837,/home,1
6838,/home,1
6839,/home,1
6840,/home,1
6841,/home,1
6842,/home,1
6843,/home,1
6844,/home,1
6845,/home,1
6846,/home,1
6847,/home,1
6848,/home,1
6849,/home,1
6850,/home,1
6851,/home,1
6852,/home,1
6853,/home,1
6854,/home,1
6855,/home,1
6856,/home,1
6857,/home,1
6858,/home,1
6859,/home,1
6860,/home,1
6861,/home,1
6862,/home,1
6863,/home,1
6864,/home,1
6865,/home,1
6866,/home,1
6867,/home,1
6868,/home,1
6869,/home,1
6870,/home,1
6871,/home,1
6872,/home,1
6873,/home,1
6874,/home,1
6875,/home,1
6876,/home,1
6877,/home,1
6878,/home,1
6879,/home,1
6880,/home,1
6881,/home,1
6882,/home,1
6883,/home,1
6884,/home,1
6885,/home,1
6886,/home,1
6887,/home,1
6888,/home,1
6889,/home,1
6890,/home,1
6891,/home,1
6892,/home,1
6893,/home,1
6894,/home,1
6895,/home,1
6896,/home,1
6897,/home,1
6898,/home,1
6899,/home,1
6900,/home,1
6901,/home,1
6902,/home,1
6903,/home,1
6904,/home,1
6905,/home,1
6906,/home,1
6907,/home,1
6908,/home,1
6909,/home,1
6910,/home,1
6911,/home,1
6912,/home,1
6913,/home,1
6914,/home,1
6915,/home,1
6916,/home,1
6917,/home,1
6918,/home,1
6919,/home,1
6920,/home,1
6921,/home,1
6922,/home,1
6923,/home,1
6924,/home,1
6925,/home,1
6926,/home,1
6927,/home,1
6928,/home,1
6929,/home,1
6930,/home,1
6931,/home,1
6932,/home,1
6933,/home,1
6934,/home,1
6935,/home,1
6936,/home,1
6937,/home,1
6938,/home,1
6939,/home,1
6940,/home,1
6941,/home,1
6942,/home,1
6943,/home,1
6944,/home,1
6945,/home,1
6946,/home,1
6947,/home,1
6948,/home,1
6949,/home,1
6950,/home,1
6951,/home,1
6952,/home,1
6953,/home,1
6954,/home,1
6955,/home,1
6956,/home,1
6957,/home,1
6958,/home,1
6959,/home,1
6960,/home,1
6961,/home,1
6962,/home,1
6963,/home,1
6964,/home,1
6965,/home,1
6966,/home,1
6967,/home,1
6968,/home,1
6969,/home,1
6970,/home,1
6971,/home,1
6972,/home,1
6973,/home,1
6974,/home,1
6975,/home,1
6976,/home,1
6977,/home,1
6978,/home,1
6979,/home,1
6980,/home,1
6981,/home,1
6982,/home,1
6983,/home,1
6984,/home,1
6985,/home,1
6986,/home,1
6987,/home,1
6988,/home,1
6989,/home,1
6990,/home,1
6991,/home,1
6992,/home,1
6993,/home,1
6994,/home,1
6995,/home,1
6996,/home,1
6997,/home,1
6998,/home,1
6999,/home,1
7000,/home,1
7001,/home,1
7002,/home,1
7003,/home,1
7004,/home,1
7005,/home,1
7006,/home,1
7007,/home,1
7008,/home,1
7009,/home,1
7010,/home,1
7011,/home,1
7012,/home,1
7013,/home,1
7014,/home,1
7015,/home,1
7016,/home,1
7017,/home,1
7018,/home,1
7019,/home,1
7020,/home,1
7021,/home,1
7022,/home,1
7023,/home,1
7024,/home,1
7025,/home,1
7026,/home,1
7027,/home,1
7028,/home,1
7029,/home,1
7030,/home,1
7031,/home,1
7032,/home,1
7033,/home,1
7034,/home,1
7035,/home,1
7036,/home,1
7037,/home,1
7038,/home,1
7039,/home,1
7040,/home,1
7041,/home,1
7042,/home,1
7043,/home,1
7044,/home,1
7045,/home,1
7046,/home,1
7047,/home,1
7048,/home,1
7049,/home,1
7050,/home,1
7051,/home,1
7052,/home,1
7053,/home,1
7054,/home,1
7055,/home,1
7056,/home,1
7057,/home,1
7058,/home,1
7059,/home,1
7060,/home,1
7061,/home,1
7062,/home,1
7063,/home,1
7064,/home,1
7065,/home,1
7066,/home,1
7067,/home,1
7068,/home,1
7069,/home,1
7070,/home,1
7071,/home,1
7072,/home,1
7073,/home,1
7074,/home,1
7075,/home,1
7076,/home,1
7077,/home,1
7078,/home,1
7079,/home,1
7080,/home,1
7081,/home,1
7082,/home,1
7083,/home,1
7084,/home,1
7085,/home,1
7086,/home,1
7087,/home,1
7088,/home,1
7089,/home,1
7090,/home,1
7091,/home,1
7092,/home,1
7093,/home,1
7094,/home,1
7095,/home,1
7096,/home,1
7097,/home,1
7098,/home,1
7099,/home,1
7100,/home,1
7101,/home,1
7102,/home,1
7103,/home,1
7104,/home,1
7105,/home,1
7106,/home,1
7107,/home,1
7108,/home,1
7109,/home,1
7110,/home,1
7111,/home,1
7112,/home,1
7113,/home,1
7114,/home,1
7115,/home,1
7116,/home,1
7117,/home,1
7118,/home,1
7119,/home,1
7120,/home,1
7121,/home,1
7122,/home,1
7123,/home,1
7124,/home,1
7125,/home,1
7126,/home,1
7127,/home,1
7128,/home,1
7129,/home,1
7130,/home,1
7131,/home,1
7132,/home,1
7133,/home,1
7134,/home,1
7135,/home,1
7136,/home,1
7137,/home,1
7138,/home,1
7139,/home,1
7140,/home,1
7141,/home,1
7142,/home,1
7143,/home,1
7144,/home,1
7145,/home,1
7146,/home,1
7147,/home,1
7148,/home,1
7149,/home,1
7150,/home,1
7151,/home,1
7152,/home,1
7153,/home,1
7154,/home,1
7155,/home,1
7156,/home,1
7157,/home,1
7158,/home,1
7159,/home,1
7160,/home,1
7161,/home,1
7162,/home,1
7163,/home,1
7164,/home,1
7165,/home,1
7166,/home,1
7167,/home,1
7168,/home,1
7169,/home,1
7170,/home,1
7171,/home,1
7172,/home,1
7173,/home,1
7174,/home,1
7175,/home,1
7176,/home,1
7177,/home,1
7178,/home,1
7179,/home,1
7180,/home,1
7181,/home,1
7182,/home,1
7183,/home,1
7184,/home,1
7185,/home,1
7186,/home,1
7187,/home,1
7188,/home,1
7189,/home,1
7190,/home,1
7191,/home,1
7192,/home,1
7193,/home,1
7194,/home,1
7195,/home,1
7196,/home,1
7197,/home,1
7198,/home,1
7199,/home,1
7200,/home,1
7201,/home,1
7202,/home,1
7203,/home,1
7204,/home,1
7205,/home,1
7206,/home,1
7207,/home,1
7208,/home,1
7209,/home,1
7210,/home,1
7211,/home,1
7212,/home,1
7213,/home,1
7214,/home,1
7215,/home,1
7216,/home,1
7217,/home,1
7218,/home,1
7219,/home,1
7220,/home,1
7221,/home,1
7222,/home,1
7223,/home,1
7224,/home,1
7225,/home,1
7226,/home,1
7227,/home,1
7228,/home,1
7229,/home,1
7230,/home,1
7231,/home,1
7232,/home,1
7233,/home,1
7234,/home,1
7235,/home,1
7236,/home,1
7237,/home,1
7238,/home,1
7239,/home,1
7240,/home,1
7241,/home,1
7242,/home,1
7243,/home,1
7244,/home,1
7245,/home,1
7246,/home,1
7247,/home,1
7248,/home,1
7249,/home,1
7250,/home,1
7251,/home,1
7252,/home,1
7253,/home,1
7254,/home,1
7255,/home,1
7256,/home,1
7257,/home,1
7258,/home,1
7259,/home,1
7260,/home,1
7261,/home,1
7262,/home,1
7263,/home,1
7264,/home,1
7265,/home,1
7266,/home,1
7267,/home,1
7268,/home,1
7269,/home,1
7270,/home,1
7271,/home,1
7272,/home,1
7273,/home,1
7274,/home,1
7275,/home,1
7276,/home,1
7277,/home,1
7278,/home,1
7279,/home,1
7280,/home,1
7281,/home,1
7282,/home,1
7283,/home,1
7284,/home,1
7285,/home,1
7286,/home,1
7287,/home,1
7288,/home,1
7289,/home,1
7290,/home,1
7291,/home,1
7292,/home,1
7293,/home,1
7294,/home,1
7295,/home,1
7296,/home,1
7297,/home,1
7298,/home,1
7299,/home,1
7300,/home,1
7301,/home,1
7302,/home,1
7303,/home,1
7304,/home,1
7305,/home,1
7306,/home,1
7307,/home,1
7308,/home,1
7309,/home,1
7310,/home,1
7311,/home,1
7312,/home,1
7313,/home,1
7314,/home,1
7315,/home,1
7316,/home,1
7317,/home,1
7318,/home,1
7319,/home,1
7320,/home,1
7321,/home,1
7322,/home,1
7323,/home,1
7324,/home,1
7325,/home,1
7326,/home,1
7327,/home,1
7328,/home,1
7329,/home,1
7330,/home,1
7331,/home,1
7332,/home,1
7333,/home,1
7334,/home,1
7335,/home,1
7336,/home,1
7337,/home,1
7338,/home,1
7339,/home,1
7340,/home,1
7341,/home,1
7342,/home,1
7343,/home,1
7344,/home,1
7345,/home,1
7346,/home,1
7347,/home,1
7348,/home,1
7349,/home,1
7350,/home,1
7351,/home,1
7352,/home,1
7353,/home,1
7354,/home,1
7355,/home,1
7356,/home,1
7357,/home,1
7358,/home,1
7359,/home,1
7360,/home,1
7361,/home,1
7362,/home,1
7363,/home,1
7364,/home,1
7365,/home,1
7366,/home,1
7367,/home,1
7368,/home,1
7369,/home,1
7370,/home,1
7371,/home,1
7372,/home,1
7373,/home,1
7374,/home,1
7375,/home,1
7376,/home,1
7377,/home,1
7378,/home,1
7379,/home,1
7380,/home,1
7381,/home,1
7382,/home,1
7383,/home,1
7384,/home,1
7385,/home,1
7386,/home,1
7387,/home,1
7388,/home,1
7389,/home,1
7390,/home,1
7391,/home,1
7392,/home,1
7393,/home,1
7394,/home,1
7395,/home,1
7396,/home,1
7397,/home,1
7398,/home,1
7399,/home,1
7400,/home,1
7401,/home,1
7402,/home,1
7403,/home,1
7404,/home,1
7405,/home,1
7406,/home,1
7407,/home,1
7408,/home,1
7409,/home,1
7410,/home,1
7411,/home,1
7412,/home,1
7413,/home,1
7414,/home,1
7415,/home,1
7416,/home,1
7417,/home,1
7418,/home,1
7419,/home,1
7420,/home,1
7421,/home,1
7422,/home,1
7423,/home,1
7424,/home,1
7425,/home,1
7426,/home,1
7427,/home,1
7428,/home,1
7429,/home,1
7430,/home,1
7431,/home,1
7432,/home,1
7433,/home,1
7434,/home,1
7435,/home,1
7436,/home,1
7437,/home,1
7438,/home,1
7439,/home,1
7440,/home,1
7441,/home,1
7442,/home,1
7443,/home,1
7444,/home,1
7445,/home,1
7446,/home,1
7447,/home,1
7448,/home,1
7449,/home,1
7450,/home,1
7451,/home,1
7452,/home,1
7453,/home,1
7454,/home,1
7455,/home,1
7456,/home,1
7457,/home,1
7458,/home,1
7459,/home,1
7460,/home,1
7461,/home,1
7462,/home,1
7463,/home,1
7464,/home,1
7465,/home,1
7466,/home,1
7467,/home,1
7468,/home,1
7469,/home,1
7470,/home,1
7471,/home,1
7472,/home,1
7473,/home,1
7474,/home,1
7475,/home,1
7476,/home,1
7477,/home,1
7478,/home,1
7479,/home,1
7480,/home,1
7481,/home,1
7482,/home,1
7483,/home,1
7484,/home,1
7485,/home,1
7486,/home,1
7487,/home,1
7488,/home,1
7489,/home,1
7490,/home,1
7491,/home,1
7492,/home,1
7493,/home,1
7494,/home,1
7495,/home,1
7496,/home,1
7497,/home,1
7498,/home,1
7499,/home,1
7500,/home,1
7501,/home,1
7502,/home,1
7503,/home,1
7504,/home,1
7505,/home,1
7506,/home,1
7507,/home,1
7508,/home,1
7509,/home,1
7510,/home,1
7511,/home,1
7512,/home,1
7513,/home,1
7514,/home,1
7515,/home,1
7516,/home,1
7517,/home,1
7518,/home,1
7519,/home,1
7520,/home,1
7521,/home,1
7522,/home,1
7523,/home,1
7524,/home,1
7525,/home,1
7526,/home,1
7527,/home,1
7528,/home,1
7529,/home,1
7530,/home,1
7531,/home,1
7532,/home,1
7533,/home,1
7534,/home,1
7535,/home,1
7536,/home,1
7537,/home,1
7538,/home,1
7539,/home,1
7540,/home,1
7541,/home,1
7542,/home,1
7543,/home,1
7544,/home,1
7545,/home,1
7546,/home,1
7547,/home,1
7548,/home,1
7549,/home,1
7550,/home,1
7551,/home,1
7552,/home,1
7553,/home,1
7554,/home,1
7555,/home,1
7556,/home,1
7557,/home,1
7558,/home,1
7559,/home,1
7560,/home,1
7561,/home,1
7562,/home,1
7563,/home,1
7564,/home,1
7565,/home,1
7566,/home,1
7567,/home,1
7568,/home,1
7569,/home,1
7570,/home,1
7571,/home,1
7572,/home,1
7573,/home,1
7574,/home,1
7575,/home,1
7576,/home,1
7577,/home,1
7578,/home,1
7579,/home,1
7580,/home,1
7581,/home,1
7582,/home,1
7583,/home,1
7584,/home,1
7585,/home,1
7586,/home,1
7587,/home,1
7588,/home,1
7589,/home,1
7590,/home,1
7591,/home,1
7592,/home,1
7593,/home,1
7594,/home,1
7595,/home,1
7596,/home,1
7597,/home,1
7598,/home,1
7599,/home,1
7600,/home,1
7601,/home,1
7602,/home,1
7603,/home,1
7604,/home,1
7605,/home,1
7606,/home,1
7607,/home,1
7608,/home,1
7609,/home,1
7610,/home,1
7611,/home,1
7612,/home,1
7613,/home,1
7614,/home,1
7615,/home,1
7616,/home,1
7617,/home,1
7618,/home,1
7619,/home,1
7620,/home,1
7621,/home,1
7622,/home,1
7623,/home,1
7624,/home,1
7625,/home,1
7626,/home,1
7627,/home,1
7628,/home,1
7629,/home,1
7630,/home,1
7631,/home,1
7632,/home,1
7633,/home,1
7634,/home,1
7635,/home,1
7636,/home,1
7637,/home,1
7638,/home,1
7639,/home,1
7640,/home,1
7641,/home,1
7642,/home,1
7643,/home,1
7644,/home,1
7645,/home,1
7646,/home,1
7647,/home,1
7648,/home,1
7649,/home,1
7650,/home,1
7651,/home,1
7652,/home,1
7653,/home,1
7654,/home,1
7655,/home,1
7656,/home,1
7657,/home,1
7658,/home,1
7659,/home,1
7660,/home,1
7661,/home,1
7662,/home,1
7663,/home,1
7664,/home,1
7665,/home,1
7666,/home,1
7667,/home,1
7668,/home,1
7669,/home,1
7670,/home,1
7671,/home,1
7672,/home,1
7673,/home,1
7674,/home,1
7675,/home,1
7676,/home,1
7677,/home,1
7678,/home,1
7679,/home,1
7680,/home,1
7681,/home,1
7682,/home,1
7683,/home,1
7684,/home,1
7685,/home,1
7686,/home,1
7687,/home,1
7688,/home,1
7689,/home,1
7690,/home,1
7691,/home,1
7692,/home,1
7693,/home,1
7694,/home,1
7695,/home,1
7696,/home,1
7697,/home,1
7698,/home,1
7699,/home,1
7700,/home,1
7701,/home,1
7702,/home,1
7703,/home,1
7704,/home,1
7705,/home,1
7706,/home,1
7707,/home,1
7708,/home,1
7709,/home,1
7710,/home,1
7711,/home,1
7712,/home,1
7713,/home,1
7714,/home,1
7715,/home,1
7716,/home,1
7717,/home,1
7718,/home,1
7719,/home,1
7720,/home,1
7721,/home,1
7722,/home,1
7723,/home,1
7724,/home,1
7725,/home,1
7726,/home,1
7727,/home,1
7728,/home,1
7729,/home,1
7730,/home,1
7731,/home,1
7732,/home,1
7733,/home,1
7734,/home,1
7735,/home,1
7736,/home,1
7737,/home,1
7738,/home,1
7739,/home,1
7740,/home,1
7741,/home,1
7742,/home,1
7743,/home,1
7744,/home,1
7745,/home,1
7746,/home,1
7747,/home,1
7748,/home,1
7749,/home,1
7750,/home,1
7751,/home,1
7752,/home,1
7753,/home,1
7754,/home,1
7755,/home,1
7756,/home,1
7757,/home,1
7758,/home,1
7759,/home,1
7760,/home,1
7761,/home,1
7762,/home,1
7763,/home,1
7764,/home,1
7765,/home,1
7766,/home,1
7767,/home,1
7768,/home,1
7769,/home,1
7770,/home,1
7771,/home,1
7772,/home,1
7773,/home,1
7774,/home,1
7775,/home,1
7776,/home,1
7777,/home,1
7778,/home,1
7779,/home,1
7780,/home,1
7781,/home,1
7782,/home,1
7783,/home,1
7784,/home,1
7785,/home,1
7786,/home,1
7787,/home,1
7788,/home,1
7789,/home,1
7790,/home,1
7791,/home,1
7792,/home,1
7793,/home,1
7794,/home,1
7795,/home,1
7796,/home,1
7797,/home,1
7798,/home,1
7799,/home,1
7800,/home,1
7801,/home,1
7802,/home,1
7803,/home,1
7804,/home,1
7805,/home,1
7806,/home,1
7807,/home,1
7808,/home,1
7809,/home,1
7810,/home,1
7811,/home,1
7812,/home,1
7813,/home,1
7814,/home,1
7815,/home,1
7816,/home,1
7817,/home,1
7818,/home,1
7819,/home,1
7820,/home,1
7821,/home,1
7822,/home,1
7823,/home,1
7824,/home,1
7825,/home,1
7826,/home,1
7827,/home,1
7828,/home,1
7829,/home,1
7830,/home,1
7831,/home,1
7832,/home,1
7833,/home,1
7834,/home,1
7835,/home,1
7836,/home,1
7837,/home,1
7838,/home,1
7839,/home,1
7840,/home,1
7841,/home,1
7842,/home,1
7843,/home,1
7844,/home,1
7845,/home,1
7846,/home,1
7847,/home,1
7848,/home,1
7849,/home,1
7850,/home,1
7851,/home,1
7852,/home,1
7853,/home,1
7854,/home,1
7855,/home,1
7856,/home,1
7857,/home,1
7858,/home,1
7859,/home,1
7860,/home,1
7861,/home,1
7862,/home,1
7863,/home,1
7864,/home,1
7865,/home,1
7866,/home,1
7867,/home,1
7868,/home,1
7869,/home,1
7870,/home,1
7871,/home,1
7872,/home,1
7873,/home,1
7874,/home,1
7875,/home,1
7876,/home,1
7877,/home,1
7878,/home,1
7879,/home,1
7880,/home,1
7881,/home,1
7882,/home,1
7883,/home,1
7884,/home,1
7885,/home,1
7886,/home,1
7887,/home,1
7888,/home,1
7889,/home,1
7890,/home,1
7891,/home,1
7892,/home,1
7893,/home,1
7894,/home,1
7895,/home,1
7896,/home,1
7897,/home,1
7898,/home,1
7899,/home,1
7900,/home,1
7901,/home,1
7902,/home,1
7903,/home,1
7904,/home,1
7905,/home,1
7906,/home,1
7907,/home,1
7908,/home,1
7909,/home,1
7910,/home,1
7911,/home,1
7912,/home,1
7913,/home,1
7914,/home,1
7915,/home,1
7916,/home,1
7917,/home,1
7918,/home,1
7919,/home,1
7920,/home,1
7921,/home,1
7922,/home,1
7923,/home,1
7924,/home,1
7925,/home,1
7926,/home,1
7927,/home,1
7928,/home,1
7929,/home,1
7930,/home,1
7931,/home,1
7932,/home,1
7933,/home,1
7934,/home,1
7935,/home,1
7936,/home,1
7937,/home,1
7938,/home,1
7939,/home,1
7940,/home,1
7941,/home,1
7942,/home,1
7943,/home,1
7944,/home,1
7945,/home,1
7946,/home,1
7947,/home,1
7948,/home,1
7949,/home,1
7950,/home,1
7951,/home,1
7952,/home,1
7953,/home,1
7954,/home,1
7955,/home,1
7956,/home,1
7957,/home,1
7958,/home,1
7959,/home,1
7960,/home,1
7961,/home,1
7962,/home,1
7963,/home,1
7964,/home,1
7965,/home,1
7966,/home,1
7967,/home,1
7968,/home,1
7969,/home,1
7970,/home,1
7971,/home,1
7972,/home,1
7973,/home,1
7974,/home,1
7975,/home,1
7976,/home,1
7977,/home,1
7978,/home,1
7979,/home,1
7980,/home,1
7981,/home,1
7982,/home,1
7983,/home,1
7984,/home,1
7985,/home,1
7986,/home,1
7987,/home,1
7988,/home,1
7989,/home,1
7990,/home,1
7991,/home,1
7992,/home,1
7993,/home,1
7994,/home,1
7995,/home,1
7996,/home,1
7997,/home,1
7998,/home,1
7999,/home,1
8000,/home,1
8001,/home,1
8002,/home,1
8003,/home,1
8004,/home,1
8005,/home,1
8006,/home,1
8007,/home,1
8008,/home,1
8009,/home,1
8010,/home,1
8011,/home,1
8012,/home,1
8013,/home,1
8014,/home,1
8015,/home,1
8016,/home,1
8017,/home,1
8018,/home,1
8019,/home,1
8020,/home,1
8021,/home,1
8022,/home,1
8023,/home,1
8024,/home,1
8025,/home,1
8026,/home,1
8027,/home,1
8028,/home,1
8029,/home,1
8030,/home,1
8031,/home,1
8032,/home,1
8033,/home,1
8034,/home,1
8035,/home,1
8036,/home,1
8037,/home,1
8038,/home,1
8039,/home,1
8040,/home,1
8041,/home,1
8042,/home,1
8043,/home,1
8044,/home,1
8045,/home,1
8046,/home,1
8047,/home,1
8048,/home,1
8049,/home,1
8050,/home,1
8051,/home,1
8052,/home,1
8053,/home,1
8054,/home,1
8055,/home,1
8056,/home,1
8057,/home,1
8058,/home,1
8059,/home,1
8060,/home,1
8061,/home,1
8062,/home,1
8063,/home,1
8064,/home,1
8065,/home,1
8066,/home,1
8067,/home,1
8068,/home,1
8069,/home,1
8070,/home,1
8071,/home,1
8072,/home,1
8073,/home,1
8074,/home,1
8075,/home,1
8076,/home,1
8077,/home,1
8078,/home,1
8079,/home,1
8080,/home,1
8081,/home,1
8082,/home,1
8083,/home,1
8084,/home,1
8085,/home,1
8086,/home,1
8087,/home,1
8088,/home,1
8089,/home,1
8090,/home,1
8091,/home,1
8092,/home,1
8093,/home,1
8094,/home,1
8095,/home,1
8096,/home,1
8097,/home,1
8098,/home,1
8099,/home,1
8100,/home,1
8101,/home,1
8102,/home,1
8103,/home,1
8104,/home,1
8105,/home,1
8106,/home,1
8107,/home,1
8108,/home,1
8109,/home,1
8110,/home,1
8111,/home,1
8112,/home,1
8113,/home,1
8114,/home,1
8115,/home,1
8116,/home,1
8117,/home,1
8118,/home,1
8119,/home,1
8120,/home,1
8121,/home,1
8122,/home,1
8123,/home,1
8124,/home,1
8125,/home,1
8126,/home,1
8127,/home,1
8128,/home,1
8129,/home,1
8130,/home,1
8131,/home,1
8132,/home,1
8133,/home,1
8134,/home,1
8135,/home,1
8136,/home,1
8137,/home,1
8138,/home,1
8139,/home,1
8140,/home,1
8141,/home,1
8142,/home,1
8143,/home,1
8144,/home,1
8145,/home,1
8146,/home,1
8147,/home,1
8148,/home,1
8149,/home,1
8150,/home,1
8151,/home,1
8152,/home,1
8153,/home,1
8154,/home,1
8155,/home,1
8156,/home,1
8157,/home,1
8158,/home,1
8159,/home,1
8160,/home,1
8161,/home,1
8162,/home,1
8163,/home,1
8164,/home,1
8165,/home,1
8166,/home,1
8167,/home,1
8168,/home,1
8169,/home,1
8170,/home,1
8171,/home,1
8172,/home,1
8173,/home,1
8174,/home,1
8175,/home,1
8176,/home,1
8177,/home,1
8178,/home,1
8179,/home,1
8180,/home,1
8181,/home,1
8182,/home,1
8183,/home,1
8184,/home,1
8185,/home,1
8186,/home,1
8187,/home,1
8188,/home,1
8189,/home,1
8190,/home,1
8191,/home,1
8192,/home,1
8193,/home,1
8194,/home,1
8195,/home,1
8196,/home,1
8197,/home,1
8198,/home,1
8199,/home,1
8200,/home,1
8201,/home,1
8202,/home,1
8203,/home,1
8204,/home,1
8205,/home,1
8206,/home,1
8207,/home,1
8208,/home,1
8209,/home,1
8210,/home,1
8211,/home,1
8212,/home,1
8213,/home,1
8214,/home,1
8215,/home,1
8216,/home,1
8217,/home,1
8218,/home,1
8219,/home,1
8220,/home,1
8221,/home,1
8222,/home,1
8223,/home,1
8224,/home,1
8225,/home,1
8226,/home,1
8227,/home,1
8228,/home,1
8229,/home,1
8230,/home,1
8231,/home,1
8232,/home,1
8233,/home,1
8234,/home,1
8235,/home,1
8236,/home,1
8237,/home,1
8238,/home,1
8239,/home,1
8240,/home,1
8241,/home,1
8242,/home,1
8243,/home,1
8244,/home,1
8245,/home,1
8246,/home,1
8247,/home,1
8248,/home,1
8249,/home,1
8250,/home,1
8251,/home,1
8252,/home,1
8253,/home,1
8254,/home,1
8255,/home,1
8256,/home,1
8257,/home,1
8258,/home,1
8259,/home,1
8260,/home,1
8261,/home,1
8262,/home,1
8263,/home,1
8264,/home,1
8265,/home,1
8266,/home,1
8267,/home,1
8268,/home,1
8269,/home,1
8270,/home,1
8271,/home,1
8272,/home,1
8273,/home,1
8274,/home,1
8275,/home,1
8276,/home,1
8277,/home,1
8278,/home,1
8279,/home,1
8280,/home,1
8281,/home,1
8282,/home,1
8283,/home,1
8284,/home,1
8285,/home,1
8286,/home,1
8287,/home,1
8288,/home,1
8289,/home,1
8290,/home,1
8291,/home,1
8292,/home,1
8293,/home,1
8294,/home,1
8295,/home,1
8296,/home,1
8297,/home,1
8298,/home,1
8299,/home,1
8300,/home,1
8301,/home,1
8302,/home,1
8303,/home,1
8304,/home,1
8305,/home,1
8306,/home,1
8307,/home,1
8308,/home,1
8309,/home,1
8310,/home,1
8311,/home,1
8312,/home,1
8313,/home,1
8314,/home,1
8315,/home,1
8316,/home,1
8317,/home,1
8318,/home,1
8319,/home,1
8320,/home,1
8321,/home,1
8322,/home,1
8323,/home,1
8324,/home,1
8325,/home,1
8326,/home,1
8327,/home,1
8328,/home,1
8329,/home,1
8330,/home,1
8331,/home,1
8332,/home,1
8333,/home,1
8334,/home,1
8335,/home,1
8336,/home,1
8337,/home,1
8338,/home,1
8339,/home,1
8340,/home,1
8341,/home,1
8342,/home,1
8343,/home,1
8344,/home,1
8345,/home,1
8346,/home,1
8347,/home,1
8348,/home,1
8349,/home,1
8350,/home,1
8351,/home,1
8352,/home,1
8353,/home,1
8354,/home,1
8355,/home,1
8356,/home,1
8357,/home,1
8358,/home,1
8359,/home,1
8360,/home,1
8361,/home,1
8362,/home,1
8363,/home,1
8364,/home,1
8365,/home,1
8366,/home,1
8367,/home,1
8368,/home,1
8369,/home,1
8370,/home,1
8371,/home,1
8372,/home,1
8373,/home,1
8374,/home,1
8375,/home,1
8376,/home,1
8377,/home,1
8378,/home,1
8379,/home,1
8380,/home,1
8381,/home,1
8382,/home,1
8383,/home,1
8384,/home,1
8385,/home,1
8386,/home,1
8387,/home,1
8388,/home,1
8389,/home,1
8390,/home,1
8391,/home,1
8392,/home,1
8393,/home,1
8394,/home,1
8395,/home,1
8396,/home,1
8397,/home,1
8398,/home,1
8399,/home,1
8400,/home,1
8401,/home,1
8402,/home,1
8403,/home,1
8404,/home,1
8405,/home,1
8406,/home,1
8407,/home,1
8408,/home,1
8409,/home,1
8410,/home,1
8411,/home,1
8412,/home,1
8413,/home,1
8414,/home,1
8415,/home,1
8416,/home,1
8417,/home,1
8418,/home,1
8419,/home,1
8420,/home,1
8421,/home,1
8422,/home,1
8423,/home,1
8424,/home,1
8425,/home,1
8426,/home,1
8427,/home,1
8428,/home,1
8429,/home,1
8430,/home,1
8431,/home,1
8432,/home,1
8433,/home,1
8434,/home,1
8435,/home,1
8436,/home,1
8437,/home,1
8438,/home,1
8439,/home,1
8440,/home,1
8441,/home,1
8442,/home,1
8443,/home,1
8444,/home,1
8445,/home,1
8446,/home,1
8447,/home,1
8448,/home,1
8449,/home,1
8450,/home,1
8451,/home,1
8452,/home,1
8453,/home,1
8454,/home,1
8455,/home,1
8456,/home,1
8457,/home,1
8458,/home,1
8459,/home,1
8460,/home,1
8461,/home,1
8462,/home,1
8463,/home,1
8464,/home,1
8465,/home,1
8466,/home,1
8467,/home,1
8468,/home,1
8469,/home,1
8470,/home,1
8471,/home,1
8472,/home,1
8473,/home,1
8474,/home,1
8475,/home,1
8476,/home,1
8477,/home,1
8478,/home,1
8479,/home,1
8480,/home,1
8481,/home,1
8482,/home,1
8483,/home,1
8484,/home,1
8485,/home,1
8486,/home,1
8487,/home,1
8488,/home,1
8489,/home,1
8490,/home,1
8491,/home,1
8492,/home,1
8493,/home,1
8494,/home,1
8495,/home,1
8496,/home,1
8497,/home,1
8498,/home,1
8499,/home,1
8500,/home,1
8501,/home,1
8502,/home,1
8503,/home,1
8504,/home,1
8505,/home,1
8506,/home,1
8507,/home,1
8508,/home,1
8509,/home,1
8510,/home,1
8511,/home,1
8512,/home,1
8513,/home,1
8514,/home,1
8515,/home,1
8516,/home,1
8517,/home,1
8518,/home,1
8519,/home,1
8520,/home,1
8521,/home,1
8522,/home,1
8523,/home,1
8524,/home,1
8525,/home,1
8526,/home,1
8527,/home,1
8528,/home,1
8529,/home,1
8530,/home,1
8531,/home,1
8532,/home,1
8533,/home,1
8534,/home,1
8535,/home,1
8536,/home,1
8537,/home,1
8538,/home,1
8539,/home,1
8540,/home,1
8541,/home,1
8542,/home,1
8543,/home,1
8544,/home,1
8545,/home,1
8546,/home,1
8547,/home,1
8548,/home,1
8549,/home,1
8550,/home,1
8551,/home,1
8552,/home,1
8553,/home,1
8554,/home,1
8555,/home,1
8556,/home,1
8557,/home,1
8558,/home,1
8559,/home,1
8560,/home,1
8561,/home,1
8562,/home,1
8563,/home,1
8564,/home,1
8565,/home,1
8566,/home,1
8567,/home,1
8568,/home,1
8569,/home,1
8570,/home,1
8571,/home,1
8572,/home,1
8573,/home,1
8574,/home,1
8575,/home,1
8576,/home,1
8577,/home,1
8578,/home,1
8579,/home,1
8580,/home,1
8581,/home,1
8582,/home,1
8583,/home,1
8584,/home,1
8585,/home,1
8586,/home,1
8587,/home,1
8588,/home,1
8589,/home,1
8590,/home,1
8591,/home,1
8592,/home,1
8593,/home,1
8594,/home,1
8595,/home,1
8596,/home,1
8597,/home,1
8598,/home,1
8599,/home,1
8600,/home,1
8601,/home,1
8602,/home,1
8603,/home,1
8604,/home,1
8605,/home,1
8606,/home,1
8607,/home,1
8608,/home,1
8609,/home,1
8610,/home,1
8611,/home,1
8612,/home,1
8613,/home,1
8614,/home,1
8615,/home,1
8616,/home,1
8617,/home,1
8618,/home,1
8619,/home,1
8620,/home,1
8621,/home,1
8622,/home,1
8623,/home,1
8624,/home,1
8625,/home,1
8626,/home,1
8627,/home,1
8628,/home,1
8629,/home,1
8630,/home,1
8631,/home,1
8632,/home,1
8633,/home,1
8634,/home,1
8635,/home,1
8636,/home,1
8637,/home,1
8638,/home,1
8639,/home,1
8640,/home,1
8641,/home,1
8642,/home,1
8643,/home,1
8644,/home,1
8645,/home,1
8646,/home,1
8647,/home,1
8648,/home,1
8649,/home,1
8650,/home,1
8651,/home,1
8652,/home,1
8653,/home,1
8654,/home,1
8655,/home,1
8656,/home,1
8657,/home,1
8658,/home,1
8659,/home,1
8660,/home,1
8661,/home,1
8662,/home,1
8663,/home,1
8664,/home,1
8665,/home,1
8666,/home,1
8667,/home,1
8668,/home,1
8669,/home,1
8670,/home,1
8671,/home,1
8672,/home,1
8673,/home,1
8674,/home,1
8675,/home,1
8676,/home,1
8677,/home,1
8678,/home,1
8679,/home,1
8680,/home,1
8681,/home,1
8682,/home,1
8683,/home,1
8684,/home,1
8685,/home,1
8686,/home,1
8687,/home,1
8688,/home,1
8689,/home,1
8690,/home,1
8691,/home,1
8692,/home,1
8693,/home,1
8694,/home,1
8695,/home,1
8696,/home,1
8697,/home,1
8698,/home,1
8699,/home,1
8700,/home,1
8701,/home,1
8702,/home,1
8703,/home,1
8704,/home,1
8705,/home,1
8706,/home,1
8707,/home,1
8708,/home,1
8709,/home,1
8710,/home,1
8711,/home,1
8712,/home,1
8713,/home,1
8714,/home,1
8715,/home,1
8716,/home,1
8717,/home,1
8718,/home,1
8719,/home,1
8720,/home,1
8721,/home,1
8722,/home,1
8723,/home,1
8724,/home,1
8725,/home,1
8726,/home,1
8727,/home,1
8728,/home,1
8729,/home,1
8730,/home,1
8731,/home,1
8732,/home,1
8733,/home,1
8734,/home,1
8735,/home,1
8736,/home,1
8737,/home,1
8738,/home,1
8739,/home,1
8740,/home,1
8741,/home,1
8742,/home,1
8743,/home,1
8744,/home,1
8745,/home,1
8746,/home,1
8747,/home,1
8748,/home,1
8749,/home,1
8750,/home,1
8751,/home,1
8752,/home,1
8753,/home,1
8754,/home,1
8755,/home,1
8756,/home,1
8757,/home,1
8758,/home,1
8759,/home,1
8760,/home,1
8761,/home,1
8762,/home,1
8763,/home,1
8764,/home,1
8765,/home,1
8766,/home,1
8767,/home,1
8768,/home,1
8769,/home,1
8770,/home,1
8771,/home,1
8772,/home,1
8773,/home,1
8774,/home,1
8775,/home,1
8776,/home,1
8777,/home,1
8778,/home,1
8779,/home,1
8780,/home,1
8781,/home,1
8782,/home,1
8783,/home,1
8784,/home,1
8785,/home,1
8786,/home,1
8787,/home,1
8788,/home,1
8789,/home,1
8790,/home,1
8791,/home,1
8792,/home,1
8793,/home,1
8794,/home,1
8795,/home,1
8796,/home,1
8797,/home,1
8798,/home,1
8799,/home,1
8800,/home,1
8801,/home,1
8802,/home,1
8803,/home,1
8804,/home,1
8805,/home,1
8806,/home,1
8807,/home,1
8808,/home,1
8809,/home,1
8810,/home,1
8811,/home,1
8812,/home,1
8813,/home,1
8814,/home,1
8815,/home,1
8816,/home,1
8817,/home,1
8818,/home,1
8819,/home,1
8820,/home,1
8821,/home,1
8822,/home,1
8823,/home,1
8824,/home,1
8825,/home,1
8826,/home,1
8827,/home,1
8828,/home,1
8829,/home,1
8830,/home,1
8831,/home,1
8832,/home,1
8833,/home,1
8834,/home,1
8835,/home,1
8836,/home,1
8837,/home,1
8838,/home,1
8839,/home,1
8840,/home,1
8841,/home,1
8842,/home,1
8843,/home,1
8844,/home,1
8845,/home,1
8846,/home,1
8847,/home,1
8848,/home,1
8849,/home,1
8850,/home,1
8851,/home,1
8852,/home,1
8853,/home,1
8854,/home,1
8855,/home,1
8856,/home,1
8857,/home,1
8858,/home,1
8859,/home,1
8860,/home,1
8861,/home,1
8862,/home,1
8863,/home,1
8864,/home,1
8865,/home,1
8866,/home,1
8867,/home,1
8868,/home,1
8869,/home,1
8870,/home,1
8871,/home,1
8872,/home,1
8873,/home,1
8874,/home,1
8875,/home,1
8876,/home,1
8877,/home,1
8878,/home,1
8879,/home,1
8880,/home,1
8881,/home,1
8882,/home,1
8883,/home,1
8884,/home,1
8885,/home,1
8886,/home,1
8887,/home,1
8888,/home,1
8889,/home,1
8890,/home,1
8891,/home,1
8892,/home,1
8893,/home,1
8894,/home,1
8895,/home,1
8896,/home,1
8897,/home,1
8898,/home,1
8899,/home,1
8900,/home,1
8901,/home,1
8902,/home,1
8903,/home,1
8904,/home,1
8905,/home,1
8906,/home,1
8907,/home,1
8908,/home,1
8909,/home,1
8910,/home,1
8911,/home,1
8912,/home,1
8913,/home,1
8914,/home,1
8915,/home,1
8916,/home,1
8917,/home,1
8918,/home,1
8919,/home,1
8920,/home,1
8921,/home,1
8922,/home,1
8923,/home,1
8924,/home,1
8925,/home,1
8926,/home,1
8927,/home,1
8928,/home,1
8929,/home,1
8930,/home,1
8931,/home,1
8932,/home,1
8933,/home,1
8934,/home,1
8935,/home,1
8936,/home,1
8937,/home,1
8938,/home,1
8939,/home,1
8940,/home,1
8941,/home,1
8942,/home,1
8943,/home,1
8944,/home,1
8945,/home,1
8946,/home,1
8947,/home,1
8948,/home,1
8949,/home,1
8950,/home,1
8951,/home,1
8952,/home,1
8953,/home,1
8954,/home,1
8955,/home,1
8956,/home,1
8957,/home,1
8958,/home,1
8959,/home,1
8960,/home,1
8961,/home,1
8962,/home,1
8963,/home,1
8964,/home,1
8965,/home,1
8966,/home,1
8967,/home,1
8968,/home,1
8969,/home,1
8970,/home,1
8971,/home,1
8972,/home,1
8973,/home,1
8974,/home,1
8975,/home,1
8976,/home,1
8977,/home,1
8978,/home,1
8979,/home,1
8980,/home,1
8981,/home,1
8982,/home,1
8983,/home,1
8984,/home,1
8985,/home,1
8986,/home,1
8987,/home,1
8988,/home,1
8989,/home,1
8990,/home,1
8991,/home,1
8992,/home,1
8993,/home,1
8994,/home,1
8995,/home,1
8996,/home,1
8997,/home,1
8998,/home,1
8999,/home,1
9000,/home,1
9001,/home,1
9002,/home,1
9003,/home,1
9004,/home,1
9005,/home,1
9006,/home,1
9007,/home,1
9008,/home,1
9009,/home,1
9010,/home,1
9011,/home,1
9012,/home,1
9013,/home,1
9014,/home,1
9015,/home,1
9016,/home,1
9017,/home,1
9018,/home,1
9019,/home,1
9020,/home,1
9021,/home,1
9022,/home,1
9023,/home,1
9024,/home,1
9025,/home,1
9026,/home,1
9027,/home,1
9028,/home,1
9029,/home,1
9030,/home,1
9031,/home,1
9032,/home,1
9033,/home,1
9034,/home,1
9035,/home,1
9036,/home,1
9037,/home,1
9038,/home,1
9039,/home,1
9040,/home,1
9041,/home,1
9042,/home,1
9043,/home,1
9044,/home,1
9045,/home,1
9046,/home,1
9047,/home,1
9048,/home,1
9049,/home,1
9050,/home,1
9051,/home,1
9052,/home,1
9053,/home,1
9054,/home,1
9055,/home,1
9056,/home,1
9057,/home,1
9058,/home,1
9059,/home,1
9060,/home,1
9061,/home,1
9062,/home,1
9063,/home,1
9064,/home,1
9065,/home,1
9066,/home,1
9067,/home,1
9068,/home,1
9069,/home,1
9070,/home,1
9071,/home,1
9072,/home,1
9073,/home,1
9074,/home,1
9075,/home,1
9076,/home,1
9077,/home,1
9078,/home,1
9079,/home,1
9080,/home,1
9081,/home,1
9082,/home,1
9083,/home,1
9084,/home,1
9085,/home,1
9086,/home,1
9087,/home,1
9088,/home,1
9089,/home,1
9090,/home,1
9091,/home,1
9092,/home,1
9093,/home,1
9094,/home,1
9095,/home,1
9096,/home,1
9097,/home,1
9098,/home,1
9099,/home,1
9100,/home,1
9101,/home,1
9102,/home,1
9103,/home,1
9104,/home,1
9105,/home,1
9106,/home,1
9107,/home,1
9108,/home,1
9109,/home,1
9110,/home,1
9111,/home,1
9112,/home,1
9113,/home,1
9114,/home,1
9115,/home,1
9116,/home,1
9117,/home,1
9118,/home,1
9119,/home,1
9120,/home,1
9121,/home,1
9122,/home,1
9123,/home,1
9124,/home,1
9125,/home,1
9126,/home,1
9127,/home,1
9128,/home,1
9129,/home,1
9130,/home,1
9131,/home,1
9132,/home,1
9133,/home,1
9134,/home,1
9135,/home,1
9136,/home,1
9137,/home,1
9138,/home,1
9139,/home,1
9140,/home,1
9141,/home,1
9142,/home,1
9143,/home,1
9144,/home,1
9145,/home,1
9146,/home,1
9147,/home,1
9148,/home,1
9149,/home,1
9150,/home,1
9151,/home,1
9152,/home,1
9153,/home,1
9154,/home,1
9155,/home,1
9156,/home,1
9157,/home,1
9158,/home,1
9159,/home,1
9160,/home,1
9161,/home,1
9162,/home,1
9163,/home,1
9164,/home,1
9165,/home,1
9166,/home,1
9167,/home,1
9168,/home,1
9169,/home,1
9170,/home,1
9171,/home,1
9172,/home,1
9173,/home,1
9174,/home,1
9175,/home,1
9176,/home,1
9177,/home,1
9178,/home,1
9179,/home,1
9180,/home,1
9181,/home,1
9182,/home,1
9183,/home,1
9184,/home,1
9185,/home,1
9186,/home,1
9187,/home,1
9188,/home,1
9189,/home,1
9190,/home,1
9191,/home,1
9192,/home,1
9193,/home,1
9194,/home,1
9195,/home,1
9196,/home,1
9197,/home,1
9198,/home,1
9199,/home,1
9200,/home,1
9201,/home,1
9202,/home,1
9203,/home,1
9204,/home,1
9205,/home,1
9206,/home,1
9207,/home,1
9208,/home,1
9209,/home,1
9210,/home,1
9211,/home,1
9212,/home,1
9213,/home,1
9214,/home,1
9215,/home,1
9216,/home,1
9217,/home,1
9218,/home,1
9219,/home,1
9220,/home,1
9221,/home,1
9222,/home,1
9223,/home,1
9224,/home,1
9225,/home,1
9226,/home,1
9227,/home,1
9228,/home,1
9229,/home,1
9230,/home,1
9231,/home,1
9232,/home,1
9233,/home,1
9234,/home,1
9235,/home,1
9236,/home,1
9237,/home,1
9238,/home,1
9239,/home,1
9240,/home,1
9241,/home,1
9242,/home,1
9243,/home,1
9244,/home,1
9245,/home,1
9246,/home,1
9247,/home,1
9248,/home,1
9249,/home,1
9250,/home,1
9251,/home,1
9252,/home,1
9253,/home,1
9254,/home,1
9255,/home,1
9256,/home,1
9257,/home,1
9258,/home,1
9259,/home,1
9260,/home,1
9261,/home,1
9262,/home,1
9263,/home,1
9264,/home,1
9265,/home,1
9266,/home,1
9267,/home,1
9268,/home,1
9269,/home,1
9270,/home,1
9271,/home,1
9272,/home,1
9273,/home,1
9274,/home,1
9275,/home,1
9276,/home,1
9277,/home,1
9278,/home,1
9279,/home,1
9280,/home,1
9281,/home,1
9282,/home,1
9283,/home,1
9284,/home,1
9285,/home,1
9286,/home,1
9287,/home,1
9288,/home,1
9289,/home,1
9290,/home,1
9291,/home,1
9292,/home,1
9293,/home,1
9294,/home,1
9295,/home,1
9296,/home,1
9297,/home,1
9298,/home,1
9299,/home,1
9300,/home,1
9301,/home,1
9302,/home,1
9303,/home,1
9304,/home,1
9305,/home,1
9306,/home,1
9307,/home,1
9308,/home,1
9309,/home,1
9310,/home,1
9311,/home,1
9312,/home,1
9313,/home,1
9314,/home,1
9315,/home,1
9316,/home,1
9317,/home,1
9318,/home,1
9319,/home,1
9320,/home,1
9321,/home,1
9322,/home,1
9323,/home,1
9324,/home,1
9325,/home,1
9326,/home,1
9327,/home,1
9328,/home,1
9329,/home,1
9330,/home,1
9331,/home,1
9332,/home,1
9333,/home,1
9334,/home,1
9335,/home,1
9336,/home,1
9337,/home,1
9338,/home,1
9339,/home,1
9340,/home,1
9341,/home,1
9342,/home,1
9343,/home,1
9344,/home,1
9345,/home,1
9346,/home,1
9347,/home,1
9348,/home,1
9349,/home,1
9350,/home,1
9351,/home,1
9352,/home,1
9353,/home,1
9354,/home,1
9355,/home,1
9356,/home,1
9357,/home,1
9358,/home,1
9359,/home,1
9360,/home,1
9361,/home,1
9362,/home,1
9363,/home,1
9364,/home,1
9365,/home,1
9366,/home,1
9367,/home,1
9368,/home,1
9369,/home,1
9370,/home,1
9371,/home,1
9372,/home,1
9373,/home,1
9374,/home,1
9375,/home,1
9376,/home,1
9377,/home,1
9378,/home,1
9379,/home,1
9380,/home,1
9381,/home,1
9382,/home,1
9383,/home,1
9384,/home,1
9385,/home,1
9386,/home,1
9387,/home,1
9388,/home,1
9389,/home,1
9390,/home,1
9391,/home,1
9392,/home,1
9393,/home,1
9394,/home,1
9395,/home,1
9396,/home,1
9397,/home,1
9398,/home,1
9399,/home,1
9400,/home,1
9401,/home,1
9402,/home,1
9403,/home,1
9404,/home,1
9405,/home,1
9406,/home,1
9407,/home,1
9408,/home,1
9409,/home,1
9410,/home,1
9411,/home,1
9412,/home,1
9413,/home,1
9414,/home,1
9415,/home,1
9416,/home,1
9417,/home,1
9418,/home,1
9419,/home,1
9420,/home,1
9421,/home,1
9422,/home,1
9423,/home,1
9424,/home,1
9425,/home,1
9426,/home,1
9427,/home,1
9428,/home,1
9429,/home,1
9430,/home,1
9431,/home,1
9432,/home,1
9433,/home,1
9434,/home,1
9435,/home,1
9436,/home,1
9437,/home,1
9438,/home,1
9439,/home,1
9440,/home,1
9441,/home,1
9442,/home,1
9443,/home,1
9444,/home,1
9445,/home,1
9446,/home,1
9447,/home,1
9448,/home,1
9449,/home,1
9450,/home,1
9451,/home,1
9452,/home,1
9453,/home,1
9454,/home,1
9455,/home,1
9456,/home,1
9457,/home,1
9458,/home,1
9459,/home,1
9460,/home,1
9461,/home,1
9462,/home,1
9463,/home,1
9464,/home,1
9465,/home,1
9466,/home,1
9467,/home,1
9468,/home,1
9469,/home,1
9470,/home,1
9471,/home,1
9472,/home,1
9473,/home,1
9474,/home,1
9475,/home,1
9476,/home,1
9477,/home,1
9478,/home,1
9479,/home,1
9480,/home,1
9481,/home,1
9482,/home,1
9483,/home,1
9484,/home,1
9485,/home,1
9486,/home,1
9487,/home,1
9488,/home,1
9489,/home,1
9490,/home,1
9491,/home,1
9492,/home,1
9493,/home,1
9494,/home,1
9495,/home,1
9496,/home,1
9497,/home,1
9498,/home,1
9499,/home,1
9500,/home,1
9501,/home,1
9502,/home,1
9503,/home,1
9504,/home,1
9505,/home,1
9506,/home,1
9507,/home,1
9508,/home,1
9509,/home,1
9510,/home,1
9511,/home,1
9512,/home,1
9513,/home,1
9514,/home,1
9515,/home,1
9516,/home,1
9517,/home,1
9518,/home,1
9519,/home,1
9520,/home,1
9521,/home,1
9522,/home,1
9523,/home,1
9524,/home,1
9525,/home,1
9526,/home,1
9527,/home,1
9528,/home,1
9529,/home,1
9530,/home,1
9531,/home,1
9532,/home,1
9533,/home,1
9534,/home,1
9535,/home,1
9536,/home,1
9537,/home,1
9538,/home,1
9539,/home,1
9540,/home,1
9541,/home,1
9542,/home,1
9543,/home,1
9544,/home,1
9545,/home,1
9546,/home,1
9547,/home,1
9548,/home,1
9549,/home,1
9550,/home,1
9551,/home,1
9552,/home,1
9553,/home,1
9554,/home,1
9555,/home,1
9556,/home,1
9557,/home,1
9558,/home,1
9559,/home,1
9560,/home,1
9561,/home,1
9562,/home,1
9563,/home,1
9564,/home,1
9565,/home,1
9566,/home,1
9567,/home,1
9568,/home,1
9569,/home,1
9570,/home,1
9571,/home,1
9572,/home,1
9573,/home,1
9574,/home,1
9575,/home,1
9576,/home,1
9577,/home,1
9578,/home,1
9579,/home,1
9580,/home,1
9581,/home,1
9582,/home,1
9583,/home,1
9584,/home,1
9585,/home,1
9586,/home,1
9587,/home,1
9588,/home,1
9589,/home,1
9590,/home,1
9591,/home,1
9592,/home,1
9593,/home,1
9594,/home,1
9595,/home,1
9596,/home,1
9597,/home,1
9598,/home,1
9599,/home,1
9600,/home,1
9601,/home,1
9602,/home,1
9603,/home,1
9604,/home,1
9605,/home,1
9606,/home,1
9607,/home,1
9608,/home,1
9609,/home,1
9610,/home,1
9611,/home,1
9612,/home,1
9613,/home,1
9614,/home,1
9615,/home,1
9616,/home,1
9617,/home,1
9618,/home,1
9619,/home,1
9620,/home,1
9621,/home,1
9622,/home,1
9623,/home,1
9624,/home,1
9625,/home,1
9626,/home,1
9627,/home,1
9628,/home,1
9629,/home,1
9630,/home,1
9631,/home,1
9632,/home,1
9633,/home,1
9634,/home,1
9635,/home,1
9636,/home,1
9637,/home,1
9638,/home,1
9639,/home,1
9640,/home,1
9641,/home,1
9642,/home,1
9643,/home,1
9644,/home,1
9645,/home,1
9646,/home,1
9647,/home,1
9648,/home,1
9649,/home,1
9650,/home,1
9651,/home,1
9652,/home,1
9653,/home,1
9654,/home,1
9655,/home,1
9656,/home,1
9657,/home,1
9658,/home,1
9659,/home,1
9660,/home,1
9661,/home,1
9662,/home,1
9663,/home,1
9664,/home,1
9665,/home,1
9666,/home,1
9667,/home,1
9668,/home,1
9669,/home,1
9670,/home,1
9671,/home,1
9672,/home,1
9673,/home,1
9674,/home,1
9675,/home,1
9676,/home,1
9677,/home,1
9678,/home,1
9679,/home,1
9680,/home,1
9681,/home,1
9682,/home,1
9683,/home,1
9684,/home,1
9685,/home,1
9686,/home,1
9687,/home,1
9688,/home,1
9689,/home,1
9690,/home,1
9691,/home,1
9692,/home,1
9693,/home,1
9694,/home,1
9695,/home,1
9696,/home,1
9697,/home,1
9698,/home,1
9699,/home,1
9700,/home,1
9701,/home,1
9702,/home,1
9703,/home,1
9704,/home,1
9705,/home,1
9706,/home,1
9707,/home,1
9708,/home,1
9709,/home,1
9710,/home,1
9711,/home,1
9712,/home,1
9713,/home,1
9714,/home,1
9715,/home,1
9716,/home,1
9717,/home,1
9718,/home,1
9719,/home,1
9720,/home,1
9721,/home,1
9722,/home,1
9723,/home,1
9724,/home,1
9725,/home,1
9726,/home,1
9727,/home,1
9728,/home,1
9729,/home,1
9730,/home,1
9731,/home,1
9732,/home,1
9733,/home,1
9734,/home,1
9735,/home,1
9736,/home,1
9737,/home,1
9738,/home,1
9739,/home,1
9740,/home,1
9741,/home,1
9742,/home,1
9743,/home,1
9744,/home,1
9745,/home,1
9746,/home,1
9747,/home,1
9748,/home,1
9749,/home,1
9750,/home,1
9751,/home,1
9752,/home,1
9753,/home,1
9754,/home,1
9755,/home,1
9756,/home,1
9757,/home,1
9758,/home,1
9759,/home,1
9760,/home,1
9761,/home,1
9762,/home,1
9763,/home,1
9764,/home,1
9765,/home,1
9766,/home,1
9767,/home,1
9768,/home,1
9769,/home,1
9770,/home,1
9771,/home,1
9772,/home,1
9773,/home,1
9774,/home,1
9775,/home,1
9776,/home,1
9777,/home,1
9778,/home,1
9779,/home,1
9780,/home,1
9781,/home,1
9782,/home,1
9783,/home,1
9784,/home,1
9785,/home,1
9786,/home,1
9787,/home,1
9788,/home,1
9789,/home,1
9790,/home,1
9791,/home,1
9792,/home,1
9793,/home,1
9794,/home,1
9795,/home,1
9796,/home,1
9797,/home,1
9798,/home,1
9799,/home,1
9800,/home,1
9801,/home,1
9802,/home,1
9803,/home,1
9804,/home,1
9805,/home,1
9806,/home,1
9807,/home,1
9808,/home,1
9809,/home,1
9810,/home,1
9811,/home,1
9812,/home,1
9813,/home,1
9814,/home,1
9815,/home,1
9816,/home,1
9817,/home,1
9818,/home,1
9819,/home,1
9820,/home,1
9821,/home,1
9822,/home,1
9823,/home,1
9824,/home,1
9825,/home,1
9826,/home,1
9827,/home,1
9828,/home,1
9829,/home,1
9830,/home,1
9831,/home,1
9832,/home,1
9833,/home,1
9834,/home,1
9835,/home,1
9836,/home,1
9837,/home,1
9838,/home,1
9839,/home,1
9840,/home,1
9841,/home,1
9842,/home,1
9843,/home,1
9844,/home,1
9845,/home,1
9846,/home,1
9847,/home,1
9848,/home,1
9849,/home,1
9850,/home,1
9851,/home,1
9852,/home,1
9853,/home,1
9854,/home,1
9855,/home,1
9856,/home,1
9857,/home,1
9858,/home,1
9859,/home,1
9860,/home,1
9861,/home,1
9862,/home,1
9863,/home,1
9864,/home,1
9865,/home,1
9866,/home,1
9867,/home,1
9868,/home,1
9869,/home,1
9870,/home,1
9871,/home,1
9872,/home,1
9873,/home,1
9874,/home,1
9875,/home,1
9876,/home,1
9877,/home,1
9878,/home,1
9879,/home,1
9880,/home,1
9881,/home,1
9882,/home,1
9883,/home,1
9884,/home,1
9885,/home,1
9886,/home,1
9887,/home,1
9888,/home,1
9889,/home,1
9890,/home,1
9891,/home,1
9892,/home,1
9893,/home,1
9894,/home,1
9895,/home,1
9896,/home,1
9897,/home,1
9898,/home,1
9899,/home,1
9900,/home,1
9901,/home,1
9902,/home,1
9903,/home,1
9904,/home,1
9905,/home,1
9906,/home,1
9907,/home,1
9908,/home,1
9909,/home,1
9910,/home,1
9911,/home,1
9912,/home,1
9913,/home,1
9914,/home,1
9915,/home,1
9916,/home,1
9917,/home,1
9918,/home,1
9919,/home,1
9920,/home,1
9921,/home,1
9922,/home,1
9923,/home,1
9924,/home,1
9925,/home,1
9926,/home,1
9927,/home,1
9928,/home,1
9929,/home,1
9930,/home,1
9931,/home,1
9932,/home,1
9933,/home,1
9934,/home,1
9935,/home,1
9936,/home,1
9937,/home,1
9938,/home,1
9939,/home,1
9940,/home,1
9941,/home,1
9942,/home,1
9943,/home,1
9944,/home,1
9945,/home,1
9946,/home,1
9947,/home,1
9948,/home,1
9949,/home,1
9950,/home,1
9951,/home,1
9952,/home,1
9953,/home,1
9954,/home,1
9955,/home,1
9956,/home,1
9957,/home,1
9958,/home,1
9959,/home,1
9960,/home,1
9961,/home,1
9962,/home,1
9963,/home,1
9964,/home,1
9965,/home,1
9966,/home,1
9967,/home,1
9968,/home,1
9969,/home,1
9970,/home,1
9971,/home,1
9972,/home,1
9973,/home,1
9974,/home,1
9975,/home,1
9976,/home,1
9977,/home,1
9978,/home,1
9979,/home,1
9980,/home,1
9981,/home,1
9982,/home,1
9983,/home,1
9984,/home,1
9985,/home,1
9986,/home,1
9987,/home,1
9988,/home,1
9989,/home,1
9990,/home,1
9991,/home,1
9992,/home,1
9993,/home,1
9994,/home,1
9995,/home,1
9996,/home,1
9997,/home,1
9998,/home,1
9999,/home,1
10000,/home,1
