website_session_id,min_pageview_id
1,1
2,2
3,3
4,4
5,5
6,6
7,7
8,12
9,14
10,15
11,16
12,17
13,18
14,19
15,20
16,21
17,25
18,26
19,27
20,30
21,38
22,39
23,40
24,41
25,42
26,43
27,44
28,45
29,47
30,48
31,49
32,51
33,52
34,55
35,56
36,59
37,60
38,61
39,62
40,65
41,68
42,69
43,72
44,75
45,76
46,77
47,79
48,82
49,84
50,85
51,89
52,90
53,95
54,96
55,98
56,100
57,101
58,102
59,104
60,108
61,109
62,110
63,111
64,113
65,116
66,117
67,118
68,119
69,120
70,121
71,122
72,123
73,124
74,127
75,128
76,129
77,132
78,133
79,134
80,135
81,137
82,138
83,139
84,142
85,143
86,144
87,145
88,148
89,149
90,150
91,153
92,154
93,156
94,157
95,160
96,161
97,162
98,163
99,166
100,168
101,171
102,173
103,177
104,178
105,185
106,186
107,187
108,188
109,189
110,197
111,198
112,199
113,200
114,201
115,202
116,205
117,209
118,210
119,213
120,214
121,215
122,217
123,218
124,219
125,220
126,221
127,223
128,226
129,231
130,232
131,233
132,236
133,237
134,238
135,242
136,243
137,244
138,245
139,246
140,247
141,248
142,249
143,250
144,251
145,252
146,253
147,254
148,261
149,262
150,263
151,264
152,265
153,269
154,272
155,276
156,277
157,278
158,281
159,282
160,284
161,286
162,291
163,294
164,295
165,297
166,299
167,302
168,305
169,306
170,309
171,310
172,312
173,315
174,317
175,322
176,323
177,324
178,331
179,332
180,334
181,336
182,337
183,338
184,339
185,343
186,345
187,347
188,348
189,349
190,352
191,353
192,354
193,355
194,356
195,359
196,360
197,361
198,362
199,365
200,366
201,367
202,368
203,371
204,372
205,373
206,374
207,377
208,379
209,380
210,381
211,382
212,388
213,389
214,390
215,391
216,392
217,393
218,396
219,397
220,398
221,399
222,400
223,401
224,404
225,407
226,409
227,410
228,411
229,413
230,414
231,418
232,420
233,428
234,430
235,434
236,439
237,440
238,441
239,443
240,444
241,446
242,447
243,451
244,455
245,457
246,458
247,461
248,462
249,467
250,468
251,469
252,470
253,472
254,473
255,474
256,475
257,476
258,477
259,478
260,479
261,480
262,481
263,483
264,484
265,485
266,487
267,488
268,489
269,490
270,492
271,493
272,496
273,498
274,500
275,501
276,502
277,503
278,504
279,506
280,507
281,509
282,510
283,511
284,517
285,518
286,520
287,522
288,523
289,525
290,531
291,532
292,533
293,534
294,535
295,536
296,543
297,545
298,546
299,547
300,548
301,549
302,553
303,554
304,555
305,558
306,563
307,564
308,565
309,566
310,567
311,569
312,571
313,572
314,574
315,575
316,576
317,577
318,583
319,584
320,588
321,589
322,595
323,596
324,598
325,599
326,600
327,601
328,602
329,604
330,610
331,613
332,615
333,618
334,622
335,624
336,625
337,631
338,632
339,634
340,635
341,640
342,643
343,645
344,648
345,651
346,652
347,653
348,654
349,655
350,658
351,660
352,665
353,667
354,669
355,670
356,672
357,674
358,676
359,680
360,682
361,684
362,686
363,688
364,693
365,695
366,696
367,697
368,698
369,699
370,700
371,701
372,703
373,707
374,708
375,709
376,715
377,716
378,720
379,721
380,723
381,724
382,725
383,729
384,730
385,731
386,733
387,737
388,740
389,741
390,742
391,743
392,745
393,747
394,748
395,749
396,751
397,753
398,755
399,756
400,757
401,759
402,761
403,762
404,765
405,767
406,770
407,771
408,774
409,776
410,777
411,778
412,781
413,783
414,785
415,786
416,787
417,788
418,789
419,790
420,793
421,794
422,796
423,797
424,803
425,804
426,805
427,808
428,809
429,811
430,812
431,821
432,822
433,823
434,824
435,825
436,830
437,831
438,832
439,837
440,845
441,848
442,849
443,851
444,854
445,856
446,857
447,859
448,860
449,861
450,862
451,863
452,864
453,865
454,867
455,875
456,876
457,877
458,880
459,882
460,884
461,886
462,887
463,888
464,889
465,890
466,894
467,898
468,900
469,903
470,905
471,906
472,907
473,908
474,913
475,914
476,916
477,917
478,920
479,921
480,922
481,923
482,924
483,926
484,929
485,930
486,931
487,932
488,934
489,936
490,937
491,938
492,939
493,940
494,941
495,944
496,945
497,946
498,947
499,948
500,951
501,952
502,953
503,955
504,956
505,957
506,958
507,959
508,966
509,967
510,968
511,971
512,972
513,973
514,975
515,982
516,985
517,986
518,987
519,989
520,992
521,994
522,998
523,999
524,1000
525,1001
526,1003
527,1004
528,1006
529,1008
530,1009
531,1010
532,1011
533,1012
534,1013
535,1015
536,1017
537,1019
538,1023
539,1029
540,1031
541,1035
542,1036
543,1038
544,1040
545,1041
546,1050
547,1054
548,1057
549,1058
550,1059
551,1061
552,1065
553,1066
554,1072
555,1073
556,1074
557,1075
558,1076
559,1077
560,1080
561,1081
562,1082
563,1084
564,1086
565,1087
566,1094
567,1095
568,1096
569,1097
570,1098
571,1099
572,1101
573,1102
574,1103
575,1106
576,1108
577,1109
578,1110
579,1112
580,1116
581,1117
582,1120
583,1122
584,1126
585,1127
586,1130
587,1131
588,1132
589,1133
590,1134
591,1135
592,1136
593,1137
594,1138
595,1140
596,1141
597,1144
598,1145
599,1148
600,1149
601,1150
602,1151
603,1154
604,1156
605,1157
606,1159
607,1160
608,1162
609,1163
610,1164
611,1165
612,1167
613,1170
614,1171
615,1173
616,1174
617,1185
618,1187
619,1189
620,1190
621,1191
622,1192
623,1194
624,1195
625,1199
626,1200
627,1201
628,1204
629,1208
630,1209
631,1210
632,1212
633,1216
634,1219
635,1220
636,1221
637,1223
638,1225
639,1230
640,1231
641,1240
642,1243
643,1246
644,1248
645,1249
646,1250
647,1251
648,1252
649,1254
650,1255
651,1256
652,1257
653,1259
654,1261
655,1262
656,1263
657,1266
658,1267
659,1268
660,1271
661,1272
662,1278
663,1279
664,1280
665,1281
666,1284
667,1288
668,1289
669,1292
670,1293
671,1294
672,1295
673,1299
674,1300
675,1302
676,1303
677,1307
678,1308
679,1309
680,1311
681,1312
682,1315
683,1318
684,1321
685,1322
686,1323
687,1328
688,1330
689,1331
690,1337
691,1338
692,1340
693,1343
694,1344
695,1345
696,1347
697,1348
698,1351
699,1352
700,1353
701,1354
702,1355
703,1356
704,1357
705,1358
706,1359
707,1360
708,1361
709,1362
710,1363
711,1364
712,1365
713,1368
714,1369
715,1370
716,1371
717,1372
718,1373
719,1374
720,1376
721,1378
722,1384
723,1385
724,1386
725,1387
726,1388
727,1394
728,1395
729,1396
730,1398
731,1399
732,1400
733,1410
734,1413
735,1415
736,1417
737,1420
738,1424
739,1428
740,1429
741,1430
742,1433
743,1434
744,1435
745,1438
746,1439
747,1445
748,1446
749,1448
750,1449
751,1450
752,1452
753,1458
754,1461
755,1463
756,1465
757,1467
758,1468
759,1469
760,1470
761,1471
762,1472
763,1473
764,1474
765,1476
766,1477
767,1478
768,1479
769,1480
770,1482
771,1484
772,1487
773,1492
774,1495
775,1496
776,1498
777,1500
778,1501
779,1502
780,1503
781,1504
782,1505
783,1506
784,1508
785,1513
786,1515
787,1516
788,1518
789,1519
790,1521
791,1522
792,1523
793,1524
794,1526
795,1529
796,1532
797,1533
798,1534
799,1535
800,1536
801,1537
802,1538
803,1539
804,1540
805,1541
806,1545
807,1548
808,1551
809,1552
810,1553
811,1555
812,1557
813,1559
814,1560
815,1564
816,1565
817,1566
818,1567
819,1571
820,1572
821,1575
822,1579
823,1580
824,1581
825,1582
826,1583
827,1584
828,1585
829,1589
830,1590
831,1591
832,1592
833,1593
834,1596
835,1597
836,1598
837,1599
838,1602
839,1606
840,1607
841,1608
842,1609
843,1610
844,1611
845,1612
846,1621
847,1622
848,1623
849,1624
850,1625
851,1626
852,1627
853,1628
854,1631
855,1634
856,1635
857,1636
858,1639
859,1641
860,1642
861,1645
862,1647
863,1648
864,1649
865,1650
866,1651
867,1652
868,1653
869,1654
870,1655
871,1657
872,1660
873,1661
874,1662
875,1663
876,1664
877,1665
878,1666
879,1667
880,1668
881,1671
882,1672
883,1674
884,1675
885,1676
886,1677
887,1680
888,1681
889,1682
890,1683
891,1687
892,1688
893,1689
894,1691
895,1692
896,1697
897,1698
898,1699
899,1702
900,1703
901,1704
902,1706
903,1707
904,1713
905,1714
906,1715
907,1717
908,1718
909,1725
910,1726
911,1733
912,1734
913,1735
914,1736
915,1739
916,1741
917,1742
918,1743
919,1745
920,1746
921,1747
922,1750
923,1751
924,1754
925,1755
926,1756
927,1759
928,1760
929,1762
930,1765
931,1769
932,1770
933,1771
934,1772
935,1773
936,1774
937,1775
938,1779
939,1782
940,1785
941,1792
942,1795
943,1796
944,1797
945,1798
946,1802
947,1805
948,1806
949,1809
950,1812
951,1813
952,1815
953,1816
954,1817
955,1818
956,1819
957,1824
958,1827
959,1828
960,1829
961,1830
962,1831
963,1832
964,1837
965,1838
966,1839
967,1840
968,1843
969,1844
970,1846
971,1847
972,1850
973,1852
974,1856
975,1858
976,1863
977,1866
978,1869
979,1870
980,1871
981,1873
982,1875
983,1876
984,1882
985,1883
986,1884
987,1890
988,1891
989,1892
990,1895
991,1896
992,1897
993,1898
994,1899
995,1900
996,1901
997,1902
998,1906
999,1908
1000,1910
1001,1911
1002,1913
1003,1914
1004,1915
1005,1916
1006,1918
1007,1920
1008,1921
1009,1922
1010,1924
1011,1925
1012,1926
1013,1927
1014,1928
1015,1929
1016,1930
1017,1932
1018,1933
1019,1939
1020,1941
1021,1944
1022,1946
1023,1947
1024,1949
1025,1950
1026,1955
1027,1957
1028,1958
1029,1962
1030,1966
1031,1969
1032,1971
1033,1974
1034,1976
1035,1979
1036,1982
1037,1983
1038,1984
1039,1985
1040,1986
1041,1987
1042,1988
1043,1989
1044,1990
1045,1991
1046,1993
1047,1995
1048,2004
1049,2005
1050,2008
1051,2011
1052,2012
1053,2019
1054,2026
1055,2030
1056,2032
1057,2034
1058,2037
1059,2039
1060,2046
1061,2047
1062,2048
1063,2049
1064,2052
1065,2053
1066,2054
1067,2055
1068,2057
1069,2058
1070,2059
1071,2060
1072,2061
1073,2064
1074,2066
1075,2068
1076,2071
1077,2075
1078,2076
1079,2077
1080,2079
1081,2081
1082,2083
1083,2097
1084,2101
1085,2102
1086,2103
1087,2107
1088,2108
1089,2109
1090,2110
1091,2112
1092,2114
1093,2115
1094,2116
1095,2117
1096,2119
1097,2123
1098,2131
1099,2133
1100,2137
1101,2140
1102,2142
1103,2143
1104,2144
1105,2145
1106,2151
1107,2153
1108,2155
1109,2158
1110,2159
1111,2165
1112,2168
1113,2169
1114,2170
1115,2171
1116,2172
1117,2173
1118,2176
1119,2177
1120,2178
1121,2179
1122,2180
1123,2181
1124,2182
1125,2183
1126,2184
1127,2185
1128,2186
1129,2192
1130,2193
1131,2195
1132,2196
1133,2200
1134,2201
1135,2202
1136,2203
1137,2204
1138,2206
1139,2207
1140,2208
1141,2211
1142,2212
1143,2214
1144,2215
1145,2217
1146,2218
1147,2219
1148,2221
1149,2227
1150,2231
1151,2236
1152,2238
1153,2239
1154,2241
1155,2244
1156,2245
1157,2246
1158,2248
1159,2250
1160,2251
1161,2252
1162,2253
1163,2255
1164,2259
1165,2261
1166,2265
1167,2266
1168,2268
1169,2269
1170,2271
1171,2273
1172,2275
1173,2278
1174,2279
1175,2280
1176,2282
1177,2283
1178,2286
1179,2288
1180,2289
1181,2290
1182,2291
1183,2292
1184,2293
1185,2294
1186,2295
1187,2298
1188,2299
1189,2300
1190,2301
1191,2302
1192,2303
1193,2304
1194,2305
1195,2307
1196,2310
1197,2314
1198,2317
1199,2318
1200,2320
1201,2321
1202,2324
1203,2330
1204,2332
1205,2333
1206,2334
1207,2336
1208,2339
1209,2340
1210,2341
1211,2342
1212,2344
1213,2347
1214,2351
1215,2355
1216,2356
1217,2357
1218,2360
1219,2363
1220,2367
1221,2368
1222,2371
1223,2372
1224,2374
1225,2376
1226,2377
1227,2380
1228,2381
1229,2389
1230,2390
1231,2391
1232,2392
1233,2393
1234,2394
1235,2396
1236,2403
1237,2404
1238,2405
1239,2406
1240,2408
1241,2410
1242,2411
1243,2412
1244,2417
1245,2419
1246,2422
1247,2427
1248,2428
1249,2434
1250,2435
1251,2436
1252,2437
1253,2440
1254,2441
1255,2442
1256,2443
1257,2444
1258,2448
1259,2450
1260,2451
1261,2454
1262,2456
1263,2461
1264,2463
1265,2464
1266,2465
1267,2466
1268,2467
1269,2468
1270,2475
1271,2476
1272,2478
1273,2481
1274,2482
1275,2485
1276,2488
1277,2489
1278,2491
1279,2493
1280,2494
1281,2497
1282,2498
1283,2499
1284,2501
1285,2504
1286,2505
1287,2506
1288,2511
1289,2513
1290,2518
1291,2520
1292,2521
1293,2522
1294,2523
1295,2524
1296,2525
1297,2526
1298,2527
1299,2528
1300,2531
1301,2532
1302,2533
1303,2534
1304,2535
1305,2536
1306,2537
1307,2538
1308,2541
1309,2547
1310,2548
1311,2550
1312,2552
1313,2553
1314,2558
1315,2560
1316,2561
1317,2562
1318,2566
1319,2567
1320,2568
1321,2571
1322,2572
1323,2576
1324,2578
1325,2579
1326,2580
1327,2581
1328,2582
1329,2583
1330,2584
1331,2588
1332,2592
1333,2593
1334,2594
1335,2597
1336,2598
1337,2600
1338,2601
1339,2602
1340,2604
1341,2606
1342,2607
1343,2610
1344,2614
1345,2615
1346,2616
1347,2621
1348,2622
1349,2623
1350,2625
1351,2626
1352,2627
1353,2629
1354,2631
1355,2632
1356,2633
1357,2634
1358,2635
1359,2636
1360,2637
1361,2639
1362,2643
1363,2644
1364,2645
1365,2646
1366,2651
1367,2653
1368,2654
1369,2656
1370,2657
1371,2663
1372,2664
1373,2668
1374,2669
1375,2671
1376,2672
1377,2675
1378,2680
1379,2681
1380,2686
1381,2687
1382,2689
1383,2690
1384,2693
1385,2694
1386,2695
1387,2696
1388,2697
1389,2698
1390,2700
1391,2701
1392,2702
1393,2703
1394,2704
1395,2706
1396,2709
1397,2710
1398,2713
1399,2716
1400,2717
1401,2720
1402,2721
1403,2722
1404,2723
1405,2724
1406,2730
1407,2732
1408,2733
1409,2734
1410,2735
1411,2737
1412,2740
1413,2741
1414,2742
1415,2745
1416,2746
1417,2747
1418,2748
1419,2749
1420,2752
1421,2756
1422,2757
1423,2759
1424,2765
1425,2766
1426,2767
1427,2769
1428,2770
1429,2771
1430,2777
1431,2779
1432,2781
1433,2796
1434,2799
1435,2800
1436,2802
1437,2803
1438,2804
1439,2805
1440,2809
1441,2812
1442,2813
1443,2814
1444,2815
1445,2816
1446,2817
1447,2821
1448,2822
1449,2823
1450,2824
1451,2829
1452,2830
1453,2831
1454,2833
1455,2835
1456,2836
1457,2838
1458,2845
1459,2848
1460,2849
1461,2850
1462,2854
1463,2857
1464,2860
1465,2864
1466,2867
1467,2873
1468,2874
1469,2875
1470,2876
1471,2877
1472,2878
1473,2879
1474,2881
1475,2882
1476,2883
1477,2889
1478,2891
1479,2893
1480,2896
1481,2898
1482,2899
1483,2901
1484,2902
1485,2905
1486,2906
1487,2910
1488,2911
1489,2913
1490,2914
1491,2915
1492,2916
1493,2918
1494,2919
1495,2920
1496,2926
1497,2927
1498,2930
1499,2931
1500,2935
1501,2936
1502,2937
1503,2938
1504,2941
1505,2942
1506,2943
1507,2944
1508,2947
1509,2950
1510,2952
1511,2954
1512,2955
1513,2959
1514,2962
1515,2963
1516,2966
1517,2967
1518,2969
1519,2970
1520,2971
1521,2974
1522,2976
1523,2977
1524,2978
1525,2979
1526,2980
1527,2981
1528,2984
1529,2989
1530,2991
1531,2996
1532,2998
1533,2999
1534,3000
1535,3003
1536,3004
1537,3005
1538,3006
1539,3007
1540,3010
1541,3011
1542,3012
1543,3013
1544,3014
1545,3016
1546,3018
1547,3019
1548,3020
1549,3021
1550,3022
1551,3023
1552,3024
1553,3025
1554,3026
1555,3028
1556,3029
1557,3034
1558,3035
1559,3038
1560,3044
1561,3045
1562,3046
1563,3047
1564,3048
1565,3049
1566,3050
1567,3051
1568,3052
1569,3055
1570,3056
1571,3059
1572,3061
1573,3062
1574,3064
1575,3070
1576,3071
1577,3072
1578,3073
1579,3075
1580,3077
1581,3078
1582,3079
1583,3080
1584,3081
1585,3083
1586,3084
1587,3087
1588,3094
1589,3096
1590,3097
1591,3098
1592,3102
1593,3104
1594,3105
1595,3106
1596,3107
1597,3108
1598,3109
1599,3110
1600,3111
1601,3112
1602,3116
1603,3118
1604,3121
1605,3122
1606,3129
1607,3130
1608,3131
1609,3132
1610,3135
1611,3136
1612,3137
1613,3140
1614,3141
1615,3142
1616,3143
1617,3144
1618,3146
1619,3148
1620,3149
1621,3152
1622,3153
1623,3155
1624,3156
1625,3157
1626,3158
1627,3159
1628,3161
1629,3164
1630,3167
1631,3173
1632,3177
1633,3184
1634,3187
1635,3188
1636,3189
1637,3190
1638,3191
1639,3197
1640,3198
1641,3201
1642,3204
1643,3205
1644,3209
1645,3215
1646,3216
1647,3220
1648,3224
1649,3226
1650,3228
1651,3235
1652,3238
1653,3240
1654,3242
1655,3253
1656,3254
1657,3257
1658,3260
1659,3261
1660,3265
1661,3266
1662,3268
1663,3269
1664,3272
1665,3274
1666,3275
1667,3276
1668,3277
1669,3278
1670,3279
1671,3281
1672,3285
1673,3286
1674,3289
1675,3290
1676,3295
1677,3296
1678,3297
1679,3300
1680,3301
1681,3302
1682,3304
1683,3305
1684,3306
1685,3309
1686,3312
1687,3316
1688,3318
1689,3322
1690,3324
1691,3327
1692,3328
1693,3335
1694,3337
1695,3338
1696,3339
1697,3340
1698,3342
1699,3343
1700,3344
1701,3345
1702,3347
1703,3349
1704,3350
1705,3351
1706,3352
1707,3354
1708,3356
1709,3357
1710,3358
1711,3367
1712,3370
1713,3373
1714,3375
1715,3376
1716,3382
1717,3383
1718,3386
1719,3387
1720,3389
1721,3390
1722,3392
1723,3394
1724,3395
1725,3397
1726,3399
1727,3402
1728,3403
1729,3408
1730,3409
1731,3413
1732,3418
1733,3423
1734,3424
1735,3425
1736,3428
1737,3430
1738,3433
1739,3434
1740,3436
1741,3440
1742,3441
1743,3442
1744,3444
1745,3447
1746,3448
1747,3451
1748,3452
1749,3454
1750,3457
1751,3460
1752,3461
1753,3467
1754,3468
1755,3472
1756,3475
1757,3477
1758,3480
1759,3482
1760,3483
1761,3484
1762,3485
1763,3488
1764,3490
1765,3491
1766,3492
1767,3493
1768,3494
1769,3499
1770,3505
1771,3507
1772,3508
1773,3510
1774,3511
1775,3512
1776,3513
1777,3518
1778,3519
1779,3520
1780,3521
1781,3524
1782,3525
1783,3526
1784,3527
1785,3530
1786,3531
1787,3532
1788,3533
1789,3534
1790,3535
1791,3536
1792,3538
1793,3543
1794,3546
1795,3552
1796,3553
1797,3556
1798,3559
1799,3561
1800,3562
1801,3563
1802,3564
1803,3571
1804,3572
1805,3574
1806,3576
1807,3577
1808,3584
1809,3585
1810,3586
1811,3588
1812,3589
1813,3590
1814,3591
1815,3592
1816,3595
1817,3596
1818,3599
1819,3600
1820,3601
1821,3605
1822,3610
1823,3611
1824,3618
1825,3619
1826,3620
1827,3621
1828,3623
1829,3624
1830,3625
1831,3627
1832,3628
1833,3631
1834,3632
1835,3633
1836,3635
1837,3636
1838,3637
1839,3638
1840,3641
1841,3642
1842,3643
1843,3646
1844,3650
1845,3651
1846,3652
1847,3653
1848,3654
1849,3655
1850,3656
1851,3657
1852,3658
1853,3659
1854,3662
1855,3664
1856,3666
1857,3668
1858,3671
1859,3675
1860,3676
1861,3677
1862,3681
1863,3684
1864,3690
1865,3692
1866,3694
1867,3695
1868,3696
1869,3697
1870,3698
1871,3701
1872,3702
1873,3703
1874,3704
1875,3707
1876,3709
1877,3714
1878,3715
1879,3717
1880,3723
1881,3724
1882,3725
1883,3726
1884,3727
1885,3729
1886,3733
1887,3735
1888,3740
1889,3741
1890,3742
1891,3744
1892,3752
1893,3753
1894,3756
1895,3757
1896,3758
1897,3759
1898,3761
1899,3764
1900,3765
1901,3766
1902,3767
1903,3768
1904,3769
1905,3770
1906,3773
1907,3774
1908,3775
1909,3777
1910,3779
1911,3781
1912,3783
1913,3784
1914,3787
1915,3793
1916,3794
1917,3800
1918,3806
1919,3807
1920,3808
1921,3811
1922,3813
1923,3814
1924,3815
1925,3823
1926,3824
1927,3825
1928,3831
1929,3833
1930,3834
1931,3837
1932,3839
1933,3841
1934,3842
1935,3843
1936,3844
1937,3846
1938,3850
1939,3853
1940,3857
1941,3862
1942,3864
1943,3866
1944,3868
1945,3875
1946,3877
1947,3879
1948,3880
1949,3883
1950,3887
1951,3888
1952,3891
1953,3892
1954,3894
1955,3895
1956,3896
1957,3899
1958,3901
1959,3902
1960,3903
1961,3904
1962,3908
1963,3910
1964,3911
1965,3912
1966,3913
1967,3914
1968,3915
1969,3916
1970,3920
1971,3921
1972,3922
1973,3924
1974,3925
1975,3928
1976,3930
1977,3932
1978,3935
1979,3936
1980,3937
1981,3940
1982,3942
1983,3945
1984,3946
1985,3947
1986,3953
1987,3954
1988,3955
1989,3956
1990,3957
1991,3958
1992,3959
1993,3962
1994,3963
1995,3966
1996,3967
1997,3968
1998,3970
1999,3972
2000,3977
2001,3983
2002,3984
2003,3988
2004,3989
2005,3990
2006,3992
2007,3994
2008,3999
2009,4002
2010,4003
2011,4004
2012,4005
2013,4008
2014,4009
2015,4010
2016,4011
2017,4012
2018,4013
2019,4014
2020,4015
2021,4018
2022,4019
2023,4020
2024,4021
2025,4023
2026,4024
2027,4025
2028,4026
2029,4027
2030,4029
2031,4031
2032,4033
2033,4034
2034,4035
2035,4036
2036,4037
2037,4041
2038,4043
2039,4045
2040,4051
2041,4052
2042,4058
2043,4059
2044,4064
2045,4068
2046,4071
2047,4073
2048,4074
2049,4075
2050,4076
2051,4077
2052,4080
2053,4083
2054,4085
2055,4086
2056,4087
2057,4088
2058,4090
2059,4091
2060,4092
2061,4093
2062,4094
2063,4096
2064,4098
2065,4099
2066,4100
2067,4102
2068,4103
2069,4105
2070,4106
2071,4108
2072,4110
2073,4111
2074,4112
2075,4113
2076,4114
2077,4115
2078,4116
2079,4119
2080,4120
2081,4121
2082,4123
2083,4124
2084,4128
2085,4129
2086,4135
2087,4137
2088,4138
2089,4139
2090,4140
2091,4147
2092,4153
2093,4155
2094,4160
2095,4162
2096,4163
2097,4165
2098,4166
2099,4169
2100,4170
2101,4171
2102,4172
2103,4174
2104,4183
2105,4184
2106,4185
2107,4186
2108,4187
2109,4190
2110,4191
2111,4192
2112,4193
2113,4194
2114,4197
2115,4199
2116,4202
2117,4214
2118,4215
2119,4217
2120,4218
2121,4219
2122,4220
2123,4228
2124,4229
2125,4230
2126,4233
2127,4236
2128,4237
2129,4238
2130,4239
2131,4245
2132,4246
2133,4247
2134,4248
2135,4250
2136,4251
2137,4253
2138,4255
2139,4256
2140,4257
2141,4258
2142,4259
2143,4260
2144,4261
2145,4262
2146,4263
2147,4266
2148,4267
2149,4271
2150,4272
2151,4276
2152,4277
2153,4278
2154,4283
2155,4286
2156,4287
2157,4288
2158,4291
2159,4292
2160,4293
2161,4294
2162,4295
2163,4296
2164,4297
2165,4301
2166,4304
2167,4306
2168,4307
2169,4308
2170,4309
2171,4310
2172,4311
2173,4312
2174,4314
2175,4315
2176,4316
2177,4317
2178,4318
2179,4319
2180,4320
2181,4321
2182,4322
2183,4323
2184,4324
2185,4325
2186,4329
2187,4330
2188,4331
2189,4333
2190,4334
2191,4336
2192,4337
2193,4339
2194,4340
2195,4345
2196,4346
2197,4347
2198,4348
2199,4350
2200,4352
2201,4353
2202,4356
2203,4357
2204,4358
2205,4359
2206,4360
2207,4361
2208,4362
2209,4365
2210,4366
2211,4367
2212,4368
2213,4369
2214,4374
2215,4379
2216,4380
2217,4381
2218,4383
2219,4384
2220,4385
2221,4387
2222,4388
2223,4390
2224,4392
2225,4394
2226,4395
2227,4397
2228,4400
2229,4401
2230,4404
2231,4405
2232,4408
2233,4413
2234,4415
2235,4416
2236,4418
2237,4419
2238,4421
2239,4423
2240,4425
2241,4426
2242,4428
2243,4431
2244,4432
2245,4433
2246,4434
2247,4435
2248,4436
2249,4442
2250,4443
2251,4444
2252,4445
2253,4446
2254,4447
2255,4448
2256,4451
2257,4452
2258,4454
2259,4455
2260,4458
2261,4459
2262,4460
2263,4463
2264,4465
2265,4468
2266,4470
2267,4471
2268,4473
2269,4475
2270,4476
2271,4477
2272,4482
2273,4483
2274,4484
2275,4486
2276,4490
2277,4493
2278,4495
2279,4496
2280,4498
2281,4504
2282,4505
2283,4510
2284,4511
2285,4512
2286,4513
2287,4514
2288,4515
2289,4516
2290,4518
2291,4520
2292,4521
2293,4522
2294,4523
2295,4526
2296,4530
2297,4531
2298,4541
2299,4542
2300,4543
2301,4545
2302,4548
2303,4552
2304,4553
2305,4556
2306,4559
2307,4562
2308,4563
2309,4564
2310,4565
2311,4566
2312,4567
2313,4569
2314,4574
2315,4575
2316,4576
2317,4577
2318,4580
2319,4581
2320,4584
2321,4585
2322,4587
2323,4589
2324,4591
2325,4592
2326,4598
2327,4600
2328,4601
2329,4602
2330,4603
2331,4609
2332,4611
2333,4612
2334,4613
2335,4617
2336,4619
2337,4620
2338,4621
2339,4623
2340,4624
2341,4625
2342,4626
2343,4627
2344,4629
2345,4631
2346,4633
2347,4634
2348,4635
2349,4636
2350,4637
2351,4638
2352,4640
2353,4641
2354,4642
2355,4643
2356,4644
2357,4645
2358,4647
2359,4648
2360,4650
2361,4651
2362,4652
2363,4654
2364,4655
2365,4656
2366,4657
2367,4658
2368,4659
2369,4660
2370,4661
2371,4664
2372,4666
2373,4667
2374,4668
2375,4671
2376,4675
2377,4677
2378,4678
2379,4679
2380,4680
2381,4681
2382,4682
2383,4686
2384,4687
2385,4690
2386,4691
2387,4692
2388,4695
2389,4696
2390,4698
2391,4699
2392,4700
2393,4701
2394,4710
2395,4713
2396,4714
2397,4716
2398,4717
2399,4718
2400,4719
2401,4721
2402,4724
2403,4725
2404,4726
2405,4727
2406,4729
2407,4732
2408,4733
2409,4734
2410,4735
2411,4736
2412,4738
2413,4740
2414,4741
2415,4744
2416,4745
2417,4746
2418,4749
2419,4750
2420,4751
2421,4755
2422,4756
2423,4757
2424,4758
2425,4762
2426,4763
2427,4766
2428,4767
2429,4768
2430,4770
2431,4771
2432,4774
2433,4776
2434,4778
2435,4780
2436,4782
2437,4783
2438,4784
2439,4786
2440,4790
2441,4792
2442,4793
2443,4794
2444,4801
2445,4802
2446,4806
2447,4808
2448,4809
2449,4812
2450,4813
2451,4814
2452,4818
2453,4820
2454,4822
2455,4824
2456,4827
2457,4828
2458,4829
2459,4830
2460,4831
2461,4832
2462,4833
2463,4834
2464,4835
2465,4836
2466,4837
2467,4840
2468,4841
2469,4842
2470,4846
2471,4848
2472,4849
2473,4850
2474,4852
2475,4853
2476,4856
2477,4857
2478,4858
2479,4861
2480,4863
2481,4865
2482,4871
2483,4873
2484,4874
2485,4876
2486,4877
2487,4880
2488,4883
2489,4886
2490,4887
2491,4888
2492,4889
2493,4890
2494,4891
2495,4892
2496,4893
2497,4895
2498,4900
2499,4902
2500,4903
2501,4904
2502,4905
2503,4906
2504,4907
2505,4908
2506,4909
2507,4910
2508,4912
2509,4915
2510,4916
2511,4927
2512,4928
2513,4930
2514,4931
2515,4932
2516,4933
2517,4938
2518,4942
2519,4944
2520,4947
2521,4949
2522,4950
2523,4952
2524,4954
2525,4956
2526,4961
2527,4962
2528,4963
2529,4964
2530,4965
2531,4966
2532,4967
2533,4968
2534,4969
2535,4970
2536,4974
2537,4975
2538,4977
2539,4981
2540,4982
2541,4985
2542,4988
2543,4990
2544,4992
2545,4994
2546,4995
2547,4997
2548,4998
2549,5003
2550,5004
2551,5005
2552,5011
2553,5012
2554,5014
2555,5016
2556,5022
2557,5023
2558,5024
2559,5025
2560,5026
2561,5028
2562,5029
2563,5030
2564,5032
2565,5033
2566,5034
2567,5035
2568,5040
2569,5042
2570,5044
2571,5046
2572,5047
2573,5049
2574,5051
2575,5056
2576,5057
2577,5058
2578,5059
2579,5060
2580,5061
2581,5063
2582,5065
2583,5066
2584,5067
2585,5070
2586,5073
2587,5075
2588,5076
2589,5077
2590,5078
2591,5080
2592,5081
2593,5086
2594,5090
2595,5091
2596,5096
2597,5097
2598,5098
2599,5101
2600,5102
2601,5103
2602,5104
2603,5105
2604,5106
2605,5107
2606,5108
2607,5109
2608,5110
2609,5111
2610,5112
2611,5113
2612,5114
2613,5115
2614,5118
2615,5119
2616,5120
2617,5122
2618,5123
2619,5124
2620,5125
2621,5126
2622,5128
2623,5129
2624,5130
2625,5131
2626,5133
2627,5134
2628,5136
2629,5139
2630,5140
2631,5143
2632,5146
2633,5148
2634,5149
2635,5150
2636,5151
2637,5152
2638,5153
2639,5154
2640,5155
2641,5156
2642,5157
2643,5158
2644,5159
2645,5161
2646,5162
2647,5163
2648,5167
2649,5168
2650,5170
2651,5172
2652,5176
2653,5178
2654,5180
2655,5181
2656,5182
2657,5185
2658,5189
2659,5191
2660,5192
2661,5193
2662,5194
2663,5195
2664,5196
2665,5200
2666,5201
2667,5202
2668,5203
2669,5204
2670,5211
2671,5216
2672,5219
2673,5223
2674,5225
2675,5227
2676,5230
2677,5231
2678,5232
2679,5233
2680,5234
2681,5235
2682,5237
2683,5238
2684,5245
2685,5248
2686,5249
2687,5253
2688,5254
2689,5255
2690,5257
2691,5261
2692,5262
2693,5263
2694,5268
2695,5269
2696,5275
2697,5277
2698,5278
2699,5279
2700,5282
2701,5283
2702,5287
2703,5291
2704,5292
2705,5293
2706,5294
2707,5295
2708,5296
2709,5297
2710,5299
2711,5302
2712,5304
2713,5306
2714,5308
2715,5310
2716,5311
2717,5314
2718,5315
2719,5319
2720,5320
2721,5321
2722,5322
2723,5323
2724,5324
2725,5325
2726,5327
2727,5328
2728,5329
2729,5330
2730,5332
2731,5333
2732,5334
2733,5336
2734,5338
2735,5339
2736,5340
2737,5342
2738,5343
2739,5344
2740,5345
2741,5353
2742,5354
2743,5355
2744,5356
2745,5358
2746,5360
2747,5361
2748,5364
2749,5365
2750,5366
2751,5369
2752,5370
2753,5371
2754,5373
2755,5374
2756,5375
2757,5377
2758,5380
2759,5381
2760,5382
2761,5383
2762,5385
2763,5389
2764,5392
2765,5393
2766,5394
2767,5395
2768,5396
2769,5397
2770,5400
2771,5405
2772,5409
2773,5412
2774,5413
2775,5417
2776,5421
2777,5423
2778,5425
2779,5426
2780,5427
2781,5428
2782,5430
2783,5431
2784,5433
2785,5436
2786,5437
2787,5439
2788,5441
2789,5442
2790,5443
2791,5446
2792,5447
2793,5449
2794,5452
2795,5453
2796,5454
2797,5455
2798,5456
2799,5457
2800,5459
2801,5462
2802,5463
2803,5464
2804,5465
2805,5466
2806,5467
2807,5468
2808,5469
2809,5470
2810,5472
2811,5478
2812,5480
2813,5481
2814,5483
2815,5484
2816,5485
2817,5486
2818,5487
2819,5489
2820,5490
2821,5492
2822,5494
2823,5495
2824,5496
2825,5497
2826,5498
2827,5499
2828,5500
2829,5501
2830,5505
2831,5509
2832,5511
2833,5512
2834,5513
2835,5515
2836,5516
2837,5517
2838,5518
2839,5519
2840,5521
2841,5523
2842,5524
2843,5527
2844,5528
2845,5530
2846,5531
2847,5536
2848,5537
2849,5539
2850,5542
2851,5543
2852,5544
2853,5545
2854,5548
2855,5551
2856,5552
2857,5554
2858,5555
2859,5558
2860,5559
2861,5565
2862,5566
2863,5568
2864,5571
2865,5572
2866,5577
2867,5579
2868,5580
2869,5581
2870,5582
2871,5583
2872,5585
2873,5586
2874,5587
2875,5588
2876,5589
2877,5591
2878,5593
2879,5594
2880,5596
2881,5598
2882,5600
2883,5601
2884,5606
2885,5608
2886,5609
2887,5613
2888,5614
2889,5615
2890,5616
2891,5617
2892,5618
2893,5621
2894,5622
2895,5624
2896,5626
2897,5627
2898,5628
2899,5632
2900,5633
2901,5634
2902,5638
2903,5639
2904,5640
2905,5641
2906,5642
2907,5643
2908,5647
2909,5650
2910,5651
2911,5653
2912,5654
2913,5655
2914,5656
2915,5662
2916,5663
2917,5667
2918,5670
2919,5673
2920,5674
2921,5678
2922,5679
2923,5680
2924,5681
2925,5683
2926,5684
2927,5685
2928,5686
2929,5687
2930,5688
2931,5689
2932,5690
2933,5691
2934,5692
2935,5694
2936,5697
2937,5698
2938,5699
2939,5704
2940,5708
2941,5709
2942,5711
2943,5713
2944,5715
2945,5717
2946,5721
2947,5722
2948,5724
2949,5725
2950,5726
2951,5727
2952,5729
2953,5730
2954,5731
2955,5732
2956,5733
2957,5734
2958,5735
2959,5736
2960,5739
2961,5740
2962,5744
2963,5745
2964,5750
2965,5751
2966,5752
2967,5755
2968,5759
2969,5761
2970,5763
2971,5767
2972,5769
2973,5771
2974,5772
2975,5777
2976,5780
2977,5781
2978,5782
2979,5785
2980,5791
2981,5792
2982,5793
2983,5795
2984,5799
2985,5806
2986,5807
2987,5808
2988,5809
2989,5810
2990,5811
2991,5813
2992,5814
2993,5815
2994,5816
2995,5817
2996,5823
2997,5824
2998,5825
2999,5826
3000,5827
3001,5835
3002,5836
3003,5837
3004,5838
3005,5839
3006,5840
3007,5843
3008,5844
3009,5846
3010,5847
3011,5848
3012,5849
3013,5850
3014,5851
3015,5853
3016,5854
3017,5856
3018,5859
3019,5860
3020,5864
3021,5865
3022,5866
3023,5867
3024,5868
3025,5869
3026,5871
3027,5872
3028,5873
3029,5876
3030,5877
3031,5879
3032,5880
3033,5882
3034,5883
3035,5884
3036,5885
3037,5886
3038,5887
3039,5888
3040,5892
3041,5898
3042,5902
3043,5903
3044,5904
3045,5910
3046,5912
3047,5913
3048,5914
3049,5915
3050,5916
3051,5917
3052,5918
3053,5919
3054,5920
3055,5921
3056,5922
3057,5925
3058,5926
3059,5928
3060,5929
3061,5930
3062,5931
3063,5932
3064,5933
3065,5934
3066,5935
3067,5936
3068,5937
3069,5940
3070,5941
3071,5942
3072,5945
3073,5948
3074,5949
3075,5950
3076,5952
3077,5953
3078,5959
3079,5962
3080,5963
3081,5965
3082,5966
3083,5967
3084,5972
3085,5976
3086,5977
3087,5978
3088,5979
3089,5980
3090,5981
3091,5982
3092,5983
3093,5984
3094,5988
3095,5989
3096,5990
3097,5991
3098,5992
3099,5993
3100,5999
3101,6000
3102,6001
3103,6003
3104,6010
3105,6011
3106,6012
3107,6013
3108,6014
3109,6015
3110,6017
3111,6019
3112,6020
3113,6022
3114,6026
3115,6028
3116,6029
3117,6030
3118,6031
3119,6032
3120,6036
3121,6037
3122,6038
3123,6039
3124,6041
3125,6043
3126,6044
3127,6045
3128,6047
3129,6048
3130,6051
3131,6052
3132,6053
3133,6057
3134,6058
3135,6059
3136,6060
3137,6061
3138,6067
3139,6069
3140,6075
3141,6077
3142,6078
3143,6081
3144,6084
3145,6085
3146,6088
3147,6089
3148,6091
3149,6092
3150,6098
3151,6100
3152,6104
3153,6105
3154,6107
3155,6109
3156,6110
3157,6111
3158,6114
3159,6115
3160,6116
3161,6117
3162,6119
3163,6121
3164,6122
3165,6124
3166,6126
3167,6127
3168,6128
3169,6129
3170,6130
3171,6131
3172,6132
3173,6133
3174,6135
3175,6137
3176,6139
3177,6140
3178,6141
3179,6142
3180,6144
3181,6149
3182,6150
3183,6151
3184,6153
3185,6156
3186,6157
3187,6160
3188,6161
3189,6162
3190,6165
3191,6167
3192,6175
3193,6180
3194,6181
3195,6182
3196,6184
3197,6188
3198,6190
3199,6193
3200,6196
3201,6197
3202,6198
3203,6199
3204,6200
3205,6204
3206,6205
3207,6206
3208,6207
3209,6208
3210,6212
3211,6217
3212,6221
3213,6222
3214,6223
3215,6224
3216,6225
3217,6227
3218,6229
3219,6232
3220,6233
3221,6235
3222,6240
3223,6241
3224,6243
3225,6250
3226,6251
3227,6252
3228,6254
3229,6260
3230,6261
3231,6262
3232,6265
3233,6269
3234,6270
3235,6272
3236,6273
3237,6274
3238,6277
3239,6281
3240,6282
3241,6283
3242,6285
3243,6287
3244,6288
3245,6289
3246,6290
3247,6295
3248,6302
3249,6303
3250,6304
3251,6305
3252,6307
3253,6309
3254,6312
3255,6313
3256,6314
3257,6316
3258,6317
3259,6318
3260,6319
3261,6320
3262,6321
3263,6325
3264,6329
3265,6331
3266,6332
3267,6333
3268,6335
3269,6336
3270,6340
3271,6345
3272,6346
3273,6347
3274,6348
3275,6351
3276,6352
3277,6353
3278,6354
3279,6355
3280,6356
3281,6357
3282,6359
3283,6360
3284,6362
3285,6363
3286,6367
3287,6368
3288,6369
3289,6372
3290,6375
3291,6378
3292,6379
3293,6380
3294,6383
3295,6384
3296,6389
3297,6394
3298,6395
3299,6396
3300,6401
3301,6406
3302,6408
3303,6409
3304,6412
3305,6413
3306,6418
3307,6419
3308,6425
3309,6428
3310,6429
3311,6430
3312,6432
3313,6434
3314,6438
3315,6439
3316,6442
3317,6443
3318,6444
3319,6448
3320,6453
3321,6454
3322,6457
3323,6459
3324,6464
3325,6470
3326,6471
3327,6472
3328,6473
3329,6474
3330,6478
3331,6481
3332,6482
3333,6483
3334,6487
3335,6488
3336,6489
3337,6490
3338,6493
3339,6495
3340,6497
3341,6498
3342,6499
3343,6500
3344,6502
3345,6503
3346,6508
3347,6509
3348,6513
3349,6514
3350,6517
3351,6519
3352,6520
3353,6522
3354,6523
3355,6526
3356,6527
3357,6528
3358,6529
3359,6530
3360,6532
3361,6533
3362,6534
3363,6535
3364,6536
3365,6537
3366,6538
3367,6539
3368,6540
3369,6541
3370,6542
3371,6544
3372,6545
3373,6547
3374,6548
3375,6552
3376,6555
3377,6556
3378,6557
3379,6558
3380,6559
3381,6560
3382,6563
3383,6565
3384,6566
3385,6568
3386,6571
3387,6572
3388,6575
3389,6578
3390,6582
3391,6586
3392,6587
3393,6588
3394,6589
3395,6590
3396,6592
3397,6597
3398,6598
3399,6602
3400,6604
3401,6606
3402,6608
3403,6609
3404,6611
3405,6616
3406,6617
3407,6618
3408,6619
3409,6620
3410,6622
3411,6623
3412,6625
3413,6628
3414,6629
3415,6631
3416,6632
3417,6634
3418,6635
3419,6640
3420,6641
3421,6646
3422,6649
3423,6652
3424,6657
3425,6659
3426,6660
3427,6662
3428,6664
3429,6665
3430,6667
3431,6668
3432,6669
3433,6670
3434,6673
3435,6675
3436,6678
3437,6680
3438,6685
3439,6687
3440,6689
3441,6691
3442,6694
3443,6695
3444,6696
3445,6697
3446,6699
3447,6701
3448,6703
3449,6704
3450,6708
3451,6711
3452,6712
3453,6715
3454,6716
3455,6724
3456,6728
3457,6729
3458,6730
3459,6732
3460,6733
3461,6735
3462,6736
3463,6737
3464,6738
3465,6739
3466,6742
3467,6743
3468,6745
3469,6752
3470,6754
3471,6756
3472,6757
3473,6758
3474,6759
3475,6760
3476,6761
3477,6762
3478,6765
3479,6766
3480,6767
3481,6773
3482,6774
3483,6775
3484,6780
3485,6781
3486,6782
3487,6783
3488,6784
3489,6787
3490,6788
3491,6789
3492,6793
3493,6794
3494,6795
3495,6796
3496,6798
3497,6803
3498,6806
3499,6807
3500,6808
3501,6809
3502,6815
3503,6818
3504,6819
3505,6820
3506,6824
3507,6826
3508,6827
3509,6828
3510,6831
3511,6833
3512,6834
3513,6835
3514,6840
3515,6841
3516,6843
3517,6844
3518,6846
3519,6849
3520,6850
3521,6851
3522,6854
3523,6857
3524,6858
3525,6859
3526,6860
3527,6863
3528,6865
3529,6867
3530,6870
3531,6871
3532,6873
3533,6874
3534,6875
3535,6879
3536,6881
3537,6883
3538,6884
3539,6885
3540,6886
3541,6889
3542,6890
3543,6891
3544,6894
3545,6895
3546,6898
3547,6899
3548,6900
3549,6904
3550,6907
3551,6909
3552,6910
3553,6911
3554,6913
3555,6914
3556,6916
3557,6917
3558,6919
3559,6920
3560,6924
3561,6927
3562,6928
3563,6929
3564,6930
3565,6932
3566,6936
3567,6937
3568,6938
3569,6939
3570,6940
3571,6943
3572,6945
3573,6948
3574,6952
3575,6953
3576,6954
3577,6960
3578,6962
3579,6966
3580,6967
3581,6968
3582,6971
3583,6972
3584,6973
3585,6974
3586,6975
3587,6976
3588,6977
3589,6978
3590,6983
3591,6984
3592,6985
3593,6986
3594,6987
3595,6989
3596,6990
3597,6991
3598,6992
3599,6993
3600,6994
3601,6995
3602,6996
3603,6998
3604,7000
3605,7006
3606,7007
3607,7009
3608,7012
3609,7014
3610,7016
3611,7018
3612,7019
3613,7021
3614,7022
3615,7023
3616,7025
3617,7027
3618,7028
3619,7029
3620,7031
3621,7032
3622,7035
3623,7037
3624,7039
3625,7040
3626,7042
3627,7044
3628,7045
3629,7046
3630,7048
3631,7049
3632,7052
3633,7055
3634,7060
3635,7064
3636,7065
3637,7066
3638,7068
3639,7069
3640,7071
3641,7072
3642,7073
3643,7077
3644,7081
3645,7083
3646,7084
3647,7085
3648,7086
3649,7088
3650,7093
3651,7096
3652,7098
3653,7100
3654,7101
3655,7105
3656,7107
3657,7109
3658,7113
3659,7114
3660,7115
3661,7116
3662,7118
3663,7119
3664,7121
3665,7124
3666,7128
3667,7130
3668,7131
3669,7132
3670,7133
3671,7134
3672,7135
3673,7136
3674,7137
3675,7138
3676,7139
3677,7142
3678,7143
3679,7146
3680,7147
3681,7150
3682,7152
3683,7154
3684,7155
3685,7156
3686,7163
3687,7167
3688,7173
3689,7174
3690,7176
3691,7177
3692,7180
3693,7187
3694,7188
3695,7189
3696,7191
3697,7193
3698,7194
3699,7196
3700,7202
3701,7203
3702,7204
3703,7205
3704,7206
3705,7207
3706,7209
3707,7210
3708,7211
3709,7212
3710,7213
3711,7214
3712,7217
3713,7223
3714,7224
3715,7227
3716,7228
3717,7229
3718,7230
3719,7231
3720,7234
3721,7237
3722,7240
3723,7241
3724,7242
3725,7243
3726,7244
3727,7246
3728,7247
3729,7248
3730,7249
3731,7250
3732,7254
3733,7258
3734,7259
3735,7260
3736,7262
3737,7264
3738,7265
3739,7266
3740,7270
3741,7271
3742,7272
3743,7274
3744,7275
3745,7276
3746,7277
3747,7278
3748,7279
3749,7280
3750,7288
3751,7291
3752,7295
3753,7296
3754,7299
3755,7301
3756,7304
3757,7305
3758,7309
3759,7310
3760,7311
3761,7313
3762,7314
3763,7315
3764,7316
3765,7317
3766,7320
3767,7328
3768,7329
3769,7330
3770,7331
3771,7332
3772,7333
3773,7335
3774,7341
3775,7342
3776,7343
3777,7346
3778,7348
3779,7349
3780,7351
3781,7353
3782,7354
3783,7355
3784,7356
3785,7362
3786,7363
3787,7364
3788,7365
3789,7366
3790,7372
3791,7375
3792,7376
3793,7378
3794,7381
3795,7383
3796,7385
3797,7386
3798,7387
3799,7389
3800,7390
3801,7392
3802,7394
3803,7397
3804,7401
3805,7404
3806,7407
3807,7408
3808,7415
3809,7416
3810,7417
3811,7418
3812,7419
3813,7420
3814,7421
3815,7422
3816,7423
3817,7425
3818,7428
3819,7429
3820,7430
3821,7431
3822,7433
3823,7440
3824,7441
3825,7446
3826,7449
3827,7450
3828,7451
3829,7453
3830,7454
3831,7455
3832,7456
3833,7457
3834,7458
3835,7459
3836,7460
3837,7461
3838,7462
3839,7464
3840,7465
3841,7466
3842,7467
3843,7468
3844,7470
3845,7472
3846,7475
3847,7476
3848,7479
3849,7480
3850,7481
3851,7482
3852,7483
3853,7484
3854,7487
3855,7490
3856,7491
3857,7492
3858,7493
3859,7494
3860,7500
3861,7501
3862,7502
3863,7503
3864,7504
3865,7505
3866,7509
3867,7511
3868,7514
3869,7516
3870,7522
3871,7523
3872,7524
3873,7525
3874,7526
3875,7535
3876,7536
3877,7539
3878,7540
3879,7542
3880,7544
3881,7546
3882,7547
3883,7548
3884,7549
3885,7552
3886,7555
3887,7556
3888,7557
3889,7558
3890,7561
3891,7562
3892,7563
3893,7564
3894,7565
3895,7569
3896,7570
3897,7574
3898,7578
3899,7579
3900,7581
3901,7582
3902,7583
3903,7584
3904,7585
3905,7588
3906,7589
3907,7590
3908,7594
3909,7595
3910,7598
3911,7599
3912,7600
3913,7602
3914,7606
3915,7609
3916,7611
3917,7613
3918,7614
3919,7617
3920,7618
3921,7621
3922,7622
3923,7624
3924,7625
3925,7626
3926,7628
3927,7629
3928,7630
3929,7631
3930,7634
3931,7638
3932,7639
3933,7641
3934,7642
3935,7643
3936,7645
3937,7646
3938,7648
3939,7649
3940,7650
3941,7651
3942,7654
3943,7656
3944,7657
3945,7658
3946,7661
3947,7663
3948,7666
3949,7669
3950,7674
3951,7676
3952,7677
3953,7681
3954,7687
3955,7688
3956,7689
3957,7695
3958,7696
3959,7701
3960,7702
3961,7704
3962,7705
3963,7706
3964,7708
3965,7709
3966,7711
3967,7713
3968,7714
3969,7715
3970,7719
3971,7721
3972,7724
3973,7726
3974,7731
3975,7732
3976,7733
3977,7734
3978,7735
3979,7736
3980,7739
3981,7740
3982,7741
3983,7743
3984,7744
3985,7751
3986,7752
3987,7753
3988,7755
3989,7756
3990,7757
3991,7758
3992,7761
3993,7762
3994,7763
3995,7767
3996,7768
3997,7772
3998,7773
3999,7774
4000,7775
4001,7781
4002,7783
4003,7785
4004,7788
4005,7790
4006,7791
4007,7792
4008,7793
4009,7797
4010,7799
4011,7802
4012,7805
4013,7808
4014,7813
4015,7816
4016,7817
4017,7818
4018,7821
4019,7822
4020,7823
4021,7824
4022,7828
4023,7831
4024,7832
4025,7833
4026,7834
4027,7835
4028,7836
4029,7837
4030,7838
4031,7839
4032,7840
4033,7841
4034,7842
4035,7846
4036,7847
4037,7850
4038,7851
4039,7853
4040,7854
4041,7856
4042,7857
4043,7858
4044,7864
4045,7865
4046,7866
4047,7868
4048,7871
4049,7872
4050,7873
4051,7874
4052,7875
4053,7876
4054,7878
4055,7879
4056,7880
4057,7883
4058,7886
4059,7887
4060,7888
4061,7889
4062,7892
4063,7893
4064,7895
4065,7896
4066,7900
4067,7903
4068,7904
4069,7905
4070,7906
4071,7909
4072,7910
4073,7911
4074,7912
4075,7913
4076,7919
4077,7922
4078,7923
4079,7924
4080,7930
4081,7931
4082,7932
4083,7933
4084,7934
4085,7938
4086,7939
4087,7940
4088,7941
4089,7943
4090,7944
4091,7945
4092,7946
4093,7947
4094,7948
4095,7949
4096,7951
4097,7953
4098,7956
4099,7957
4100,7959
4101,7966
4102,7967
4103,7968
4104,7969
4105,7971
4106,7974
4107,7975
4108,7978
4109,7984
4110,7987
4111,7991
4112,7994
4113,7998
4114,8000
4115,8002
4116,8003
4117,8005
4118,8006
4119,8007
4120,8014
4121,8016
4122,8019
4123,8028
4124,8030
4125,8036
4126,8037
4127,8038
4128,8039
4129,8040
4130,8041
4131,8048
4132,8049
4133,8050
4134,8051
4135,8054
4136,8058
4137,8065
4138,8066
4139,8067
4140,8068
4141,8075
4142,8076
4143,8077
4144,8079
4145,8080
4146,8081
4147,8082
4148,8083
4149,8084
4150,8085
4151,8086
4152,8088
4153,8089
4154,8090
4155,8092
4156,8093
4157,8094
4158,8095
4159,8096
4160,8097
4161,8098
4162,8099
4163,8100
4164,8101
4165,8104
4166,8108
4167,8109
4168,8110
4169,8113
4170,8114
4171,8115
4172,8116
4173,8117
4174,8118
4175,8122
4176,8123
4177,8125
4178,8126
4179,8132
4180,8133
4181,8136
4182,8137
4183,8139
4184,8144
4185,8145
4186,8146
4187,8147
4188,8151
4189,8152
4190,8153
4191,8156
4192,8157
4193,8158
4194,8159
4195,8162
4196,8163
4197,8166
4198,8167
4199,8168
4200,8171
4201,8172
4202,8176
4203,8179
4204,8180
4205,8181
4206,8182
4207,8184
4208,8187
4209,8189
4210,8193
4211,8195
4212,8196
4213,8198
4214,8200
4215,8203
4216,8205
4217,8206
4218,8207
4219,8209
4220,8211
4221,8213
4222,8214
4223,8215
4224,8216
4225,8223
4226,8226
4227,8227
4228,8228
4229,8231
4230,8233
4231,8235
4232,8238
4233,8239
4234,8243
4235,8246
4236,8255
4237,8260
4238,8262
4239,8264
4240,8267
4241,8271
4242,8272
4243,8273
4244,8279
4245,8280
4246,8281
4247,8282
4248,8283
4249,8285
4250,8286
4251,8295
4252,8296
4253,8297
4254,8298
4255,8299
4256,8301
4257,8302
4258,8307
4259,8309
4260,8310
4261,8316
4262,8317
4263,8323
4264,8324
4265,8325
4266,8326
4267,8327
4268,8333
4269,8334
4270,8335
4271,8338
4272,8340
4273,8342
4274,8344
4275,8348
4276,8349
4277,8350
4278,8354
4279,8355
4280,8356
4281,8361
4282,8362
4283,8363
4284,8364
4285,8369
4286,8371
4287,8374
4288,8375
4289,8376
4290,8378
4291,8379
4292,8380
4293,8381
4294,8382
4295,8383
4296,8386
4297,8387
4298,8389
4299,8392
4300,8393
4301,8399
4302,8400
4303,8402
4304,8403
4305,8407
4306,8408
4307,8409
4308,8412
4309,8413
4310,8414
4311,8416
4312,8418
4313,8419
4314,8420
4315,8421
4316,8423
4317,8428
4318,8429
4319,8431
4320,8434
4321,8436
4322,8440
4323,8441
4324,8442
4325,8443
4326,8444
4327,8445
4328,8446
4329,8449
4330,8450
4331,8451
4332,8454
4333,8455
4334,8457
4335,8458
4336,8462
4337,8465
4338,8468
4339,8469
4340,8474
4341,8475
4342,8477
4343,8478
4344,8479
4345,8482
4346,8483
4347,8484
4348,8487
4349,8488
4350,8489
4351,8494
4352,8495
4353,8498
4354,8500
4355,8501
4356,8503
4357,8504
4358,8506
4359,8509
4360,8510
4361,8511
4362,8513
4363,8514
4364,8516
4365,8520
4366,8521
4367,8523
4368,8527
4369,8528
4370,8529
4371,8531
4372,8533
4373,8539
4374,8541
4375,8542
4376,8544
4377,8549
4378,8550
4379,8556
4380,8557
4381,8558
4382,8559
4383,8561
4384,8562
4385,8563
4386,8565
4387,8566
4388,8568
4389,8569
4390,8570
4391,8571
4392,8573
4393,8574
4394,8575
4395,8581
4396,8584
4397,8585
4398,8587
4399,8588
4400,8589
4401,8591
4402,8592
4403,8593
4404,8594
4405,8595
4406,8598
4407,8609
4408,8612
4409,8613
4410,8614
4411,8615
4412,8619
4413,8625
4414,8626
4415,8628
4416,8633
4417,8634
4418,8635
4419,8636
4420,8638
4421,8639
4422,8643
4423,8650
4424,8651
4425,8652
4426,8653
4427,8654
4428,8655
4429,8657
4430,8659
4431,8662
4432,8663
4433,8664
4434,8668
4435,8671
4436,8672
4437,8673
4438,8674
4439,8682
4440,8688
4441,8690
4442,8691
4443,8692
4444,8694
4445,8695
4446,8696
4447,8697
4448,8698
4449,8699
4450,8700
4451,8701
4452,8702
4453,8703
4454,8705
4455,8707
4456,8708
4457,8712
4458,8714
4459,8716
4460,8717
4461,8718
4462,8719
4463,8721
4464,8726
4465,8727
4466,8730
4467,8731
4468,8732
4469,8735
4470,8737
4471,8738
4472,8739
4473,8740
4474,8741
4475,8742
4476,8744
4477,8746
4478,8747
4479,8748
4480,8749
4481,8750
4482,8752
4483,8754
4484,8755
4485,8756
4486,8757
4487,8760
4488,8761
4489,8763
4490,8768
4491,8769
4492,8771
4493,8776
4494,8778
4495,8779
4496,8785
4497,8786
4498,8787
4499,8788
4500,8789
4501,8798
4502,8800
4503,8807
4504,8809
4505,8814
4506,8815
4507,8817
4508,8820
4509,8821
4510,8824
4511,8825
4512,8826
4513,8829
4514,8830
4515,8831
4516,8832
4517,8834
4518,8835
4519,8836
4520,8838
4521,8840
4522,8841
4523,8843
4524,8844
4525,8845
4526,8846
4527,8847
4528,8848
4529,8849
4530,8851
4531,8855
4532,8862
4533,8863
4534,8866
4535,8867
4536,8868
4537,8869
4538,8870
4539,8872
4540,8876
4541,8877
4542,8878
4543,8879
4544,8880
4545,8883
4546,8887
4547,8888
4548,8891
4549,8893
4550,8895
4551,8899
4552,8901
4553,8902
4554,8903
4555,8904
4556,8906
4557,8909
4558,8911
4559,8913
4560,8914
4561,8916
4562,8924
4563,8926
4564,8927
4565,8928
4566,8930
4567,8931
4568,8940
4569,8946
4570,8947
4571,8948
4572,8951
4573,8952
4574,8958
4575,8960
4576,8966
4577,8967
4578,8969
4579,8970
4580,8971
4581,8972
4582,8973
4583,8974
4584,8975
4585,8976
4586,8977
4587,8980
4588,8981
4589,8982
4590,8983
4591,8985
4592,8986
4593,8987
4594,8988
4595,8990
4596,8992
4597,8993
4598,8995
4599,8996
4600,8997
4601,9000
4602,9002
4603,9003
4604,9004
4605,9005
4606,9009
4607,9012
4608,9017
4609,9019
4610,9021
4611,9022
4612,9023
4613,9024
4614,9025
4615,9026
4616,9027
4617,9028
4618,9029
4619,9033
4620,9035
4621,9038
4622,9039
4623,9044
4624,9046
4625,9048
4626,9055
4627,9058
4628,9059
4629,9060
4630,9061
4631,9064
4632,9065
4633,9069
4634,9070
4635,9071
4636,9072
4637,9073
4638,9077
4639,9080
4640,9081
4641,9082
4642,9085
4643,9086
4644,9087
4645,9090
4646,9091
4647,9092
4648,9093
4649,9094
4650,9100
4651,9102
4652,9104
4653,9107
4654,9109
4655,9111
4656,9115
4657,9117
4658,9120
4659,9121
4660,9122
4661,9123
4662,9126
4663,9127
4664,9130
4665,9131
4666,9132
4667,9135
4668,9136
4669,9138
4670,9139
4671,9140
4672,9141
4673,9142
4674,9143
4675,9144
4676,9145
4677,9150
4678,9151
4679,9153
4680,9154
4681,9159
4682,9160
4683,9165
4684,9170
4685,9171
4686,9178
4687,9179
4688,9183
4689,9185
4690,9186
4691,9188
4692,9189
4693,9193
4694,9194
4695,9195
4696,9196
4697,9199
4698,9201
4699,9202
4700,9203
4701,9204
4702,9205
4703,9206
4704,9207
4705,9213
4706,9215
4707,9217
4708,9218
4709,9219
4710,9221
4711,9222
4712,9223
4713,9226
4714,9227
4715,9230
4716,9231
4717,9234
4718,9235
4719,9236
4720,9238
4721,9241
4722,9242
4723,9244
4724,9247
4725,9248
4726,9251
4727,9254
4728,9261
4729,9263
4730,9264
4731,9265
4732,9266
4733,9269
4734,9270
4735,9276
4736,9277
4737,9278
4738,9281
4739,9284
4740,9286
4741,9287
4742,9288
4743,9289
4744,9292
4745,9296
4746,9297
4747,9299
4748,9301
4749,9305
4750,9306
4751,9309
4752,9310
4753,9312
4754,9314
4755,9315
4756,9316
4757,9317
4758,9318
4759,9319
4760,9321
4761,9324
4762,9327
4763,9328
4764,9329
4765,9330
4766,9332
4767,9333
4768,9335
4769,9337
4770,9338
4771,9345
4772,9349
4773,9352
4774,9353
4775,9354
4776,9355
4777,9356
4778,9359
4779,9361
4780,9367
4781,9369
4782,9370
4783,9372
4784,9374
4785,9375
4786,9376
4787,9377
4788,9378
4789,9379
4790,9380
4791,9382
4792,9387
4793,9391
4794,9392
4795,9393
4796,9394
4797,9399
4798,9400
4799,9401
4800,9402
4801,9403
4802,9412
4803,9415
4804,9416
4805,9417
4806,9419
4807,9422
4808,9423
4809,9426
4810,9427
4811,9428
4812,9429
4813,9430
4814,9431
4815,9432
4816,9434
4817,9440
4818,9441
4819,9444
4820,9445
4821,9448
4822,9449
4823,9450
4824,9456
4825,9457
4826,9458
4827,9459
4828,9461
4829,9468
4830,9469
4831,9470
4832,9476
4833,9477
4834,9478
4835,9479
4836,9480
4837,9481
4838,9482
4839,9483
4840,9484
4841,9485
4842,9486
4843,9487
4844,9489
4845,9490
4846,9493
4847,9494
4848,9495
4849,9498
4850,9499
4851,9502
4852,9503
4853,9504
4854,9505
4855,9506
4856,9509
4857,9513
4858,9516
4859,9519
4860,9520
4861,9521
4862,9524
4863,9526
4864,9527
4865,9528
4866,9529
4867,9530
4868,9533
4869,9534
4870,9537
4871,9540
4872,9541
4873,9542
4874,9544
4875,9545
4876,9546
4877,9547
4878,9548
4879,9552
4880,9555
4881,9559
4882,9562
4883,9565
4884,9572
4885,9573
4886,9577
4887,9578
4888,9581
4889,9582
4890,9585
4891,9591
4892,9594
4893,9596
4894,9597
4895,9598
4896,9600
4897,9602
4898,9605
4899,9606
4900,9609
4901,9611
4902,9612
4903,9614
4904,9616
4905,9619
4906,9621
4907,9628
4908,9634
4909,9637
4910,9638
4911,9639
4912,9640
4913,9642
4914,9643
4915,9646
4916,9647
4917,9648
4918,9649
4919,9650
4920,9651
4921,9652
4922,9653
4923,9654
4924,9655
4925,9659
4926,9661
4927,9663
4928,9668
4929,9671
4930,9672
4931,9673
4932,9674
4933,9678
4934,9680
4935,9684
4936,9685
4937,9686
4938,9687
4939,9688
4940,9689
4941,9690
4942,9694
4943,9700
4944,9701
4945,9709
4946,9710
4947,9711
4948,9712
4949,9713
4950,9716
4951,9717
4952,9724
4953,9731
4954,9733
4955,9735
4956,9738
4957,9739
4958,9740
4959,9741
4960,9742
4961,9744
4962,9749
4963,9750
4964,9756
4965,9760
4966,9764
4967,9765
4968,9767
4969,9768
4970,9769
4971,9770
4972,9772
4973,9773
4974,9774
4975,9777
4976,9778
4977,9782
4978,9783
4979,9784
4980,9786
4981,9787
4982,9790
4983,9791
4984,9792
4985,9795
4986,9798
4987,9801
4988,9805
4989,9806
4990,9807
4991,9808
4992,9809
4993,9811
4994,9812
4995,9818
4996,9820
4997,9822
4998,9823
4999,9824
5000,9827
5001,9829
5002,9831
5003,9833
5004,9834
5005,9840
5006,9843
5007,9844
5008,9845
5009,9846
5010,9847
5011,9850
5012,9857
5013,9858
5014,9860
5015,9862
5016,9863
5017,9864
5018,9868
5019,9871
5020,9874
5021,9876
5022,9877
5023,9878
5024,9879
5025,9880
5026,9881
5027,9884
5028,9885
5029,9886
5030,9888
5031,9889
5032,9890
5033,9894
5034,9897
5035,9898
5036,9899
5037,9900
5038,9901
5039,9904
5040,9905
5041,9906
5042,9908
5043,9910
5044,9911
5045,9912
5046,9914
5047,9915
5048,9916
5049,9917
5050,9918
5051,9919
5052,9920
5053,9921
5054,9927
5055,9932
5056,9935
5057,9936
5058,9937
5059,9943
5060,9945
5061,9946
5062,9949
5063,9950
5064,9951
5065,9952
5066,9956
5067,9962
5068,9963
5069,9964
5070,9965
5071,9966
5072,9967
5073,9973
5074,9974
5075,9978
5076,9979
5077,9983
5078,9985
5079,9986
5080,9988
5081,9992
5082,9993
5083,9995
5084,9996
5085,9999
5086,10000
5087,10001
5088,10002
5089,10003
5090,10004
5091,10005
5092,10006
5093,10007
5094,10008
5095,10010
5096,10011
5097,10012
5098,10013
5099,10016
5100,10019
5101,10020
5102,10023
5103,10026
5104,10027
5105,10029
5106,10032
5107,10035
5108,10037
5109,10038
5110,10039
5111,10042
5112,10043
5113,10046
5114,10049
5115,10051
5116,10052
5117,10053
5118,10054
5119,10055
5120,10056
5121,10058
5122,10060
5123,10062
5124,10065
5125,10066
5126,10067
5127,10069
5128,10071
5129,10072
5130,10073
5131,10074
5132,10076
5133,10078
5134,10079
5135,10081
5136,10083
5137,10084
5138,10085
5139,10086
5140,10087
5141,10088
5142,10091
5143,10092
5144,10094
5145,10096
5146,10097
5147,10099
5148,10104
5149,10105
5150,10106
5151,10107
5152,10109
5153,10117
5154,10120
5155,10121
5156,10123
5157,10124
5158,10126
5159,10128
5160,10131
5161,10132
5162,10133
5163,10134
5164,10135
5165,10142
5166,10145
5167,10146
5168,10149
5169,10150
5170,10153
5171,10154
5172,10155
5173,10156
5174,10158
5175,10159
5176,10162
5177,10163
5178,10164
5179,10165
5180,10167
5181,10168
5182,10169
5183,10170
5184,10171
5185,10172
5186,10179
5187,10182
5188,10183
5189,10184
5190,10187
5191,10188
5192,10189
5193,10190
5194,10192
5195,10193
5196,10197
5197,10198
5198,10199
5199,10200
5200,10201
5201,10202
5202,10205
5203,10206
5204,10210
5205,10211
5206,10212
5207,10214
5208,10218
5209,10219
5210,10220
5211,10221
5212,10222
5213,10223
5214,10225
5215,10229
5216,10233
5217,10235
5218,10236
5219,10238
5220,10243
5221,10247
5222,10248
5223,10250
5224,10252
5225,10253
5226,10255
5227,10259
5228,10260
5229,10261
5230,10262
5231,10263
5232,10266
5233,10269
5234,10270
5235,10271
5236,10272
5237,10274
5238,10275
5239,10276
5240,10277
5241,10280
5242,10281
5243,10282
5244,10283
5245,10287
5246,10290
5247,10291
5248,10293
5249,10295
5250,10296
5251,10300
5252,10302
5253,10304
5254,10312
5255,10313
5256,10314
5257,10315
5258,10318
5259,10323
5260,10325
5261,10327
5262,10328
5263,10331
5264,10333
5265,10334
5266,10335
5267,10337
5268,10338
5269,10340
5270,10341
5271,10348
5272,10349
5273,10365
5274,10366
5275,10367
5276,10368
5277,10369
5278,10370
5279,10371
5280,10372
5281,10373
5282,10374
5283,10376
5284,10379
5285,10380
5286,10381
5287,10382
5288,10385
5289,10386
5290,10387
5291,10388
5292,10389
5293,10396
5294,10397
5295,10398
5296,10403
5297,10404
5298,10410
5299,10415
5300,10416
5301,10419
5302,10420
5303,10423
5304,10424
5305,10425
5306,10426
5307,10427
5308,10429
5309,10433
5310,10434
5311,10435
5312,10436
5313,10439
5314,10440
5315,10443
5316,10444
5317,10445
5318,10446
5319,10447
5320,10449
5321,10451
5322,10452
5323,10453
5324,10454
5325,10455
5326,10456
5327,10460
5328,10462
5329,10463
5330,10464
5331,10465
5332,10466
5333,10467
5334,10468
5335,10470
5336,10472
5337,10475
5338,10476
5339,10477
5340,10480
5341,10481
5342,10483
5343,10484
5344,10485
5345,10487
5346,10490
5347,10491
5348,10492
5349,10493
5350,10494
5351,10495
5352,10496
5353,10497
5354,10500
5355,10501
5356,10502
5357,10503
5358,10504
5359,10505
5360,10508
5361,10512
5362,10513
5363,10514
5364,10516
5365,10517
5366,10518
5367,10519
5368,10520
5369,10522
5370,10523
5371,10525
5372,10526
5373,10530
5374,10531
5375,10532
5376,10533
5377,10534
5378,10535
5379,10536
5380,10539
5381,10540
5382,10541
5383,10542
5384,10546
5385,10547
5386,10548
5387,10555
5388,10556
5389,10562
5390,10563
5391,10566
5392,10569
5393,10570
5394,10571
5395,10574
5396,10575
5397,10576
5398,10577
5399,10582
5400,10583
5401,10586
5402,10587
5403,10588
5404,10589
5405,10590
5406,10591
5407,10592
5408,10593
5409,10594
5410,10595
5411,10596
5412,10598
5413,10599
5414,10600
5415,10603
5416,10604
5417,10605
5418,10606
5419,10609
5420,10610
5421,10611
5422,10612
5423,10615
5424,10616
5425,10617
5426,10618
5427,10619
5428,10620
5429,10621
5430,10622
5431,10623
5432,10624
5433,10626
5434,10629
5435,10631
5436,10633
5437,10634
5438,10637
5439,10640
5440,10642
5441,10643
5442,10644
5443,10645
5444,10646
5445,10648
5446,10649
5447,10650
5448,10651
5449,10652
5450,10653
5451,10654
5452,10658
5453,10659
5454,10660
5455,10661
5456,10665
5457,10669
5458,10670
5459,10675
5460,10679
5461,10680
5462,10681
5463,10684
5464,10685
5465,10686
5466,10688
5467,10689
5468,10691
5469,10692
5470,10693
5471,10694
5472,10695
5473,10696
5474,10697
5475,10698
5476,10699
5477,10700
5478,10702
5479,10710
5480,10711
5481,10712
5482,10714
5483,10715
5484,10716
5485,10717
5486,10719
5487,10726
5488,10727
5489,10728
5490,10731
5491,10732
5492,10734
5493,10737
5494,10738
5495,10740
5496,10741
5497,10742
5498,10744
5499,10745
5500,10746
5501,10752
5502,10754
5503,10755
5504,10756
5505,10761
5506,10763
5507,10764
5508,10765
5509,10768
5510,10769
5511,10770
5512,10776
5513,10779
5514,10782
5515,10784
5516,10790
5517,10791
5518,10793
5519,10797
5520,10798
5521,10799
5522,10801
5523,10807
5524,10808
5525,10809
5526,10811
5527,10812
5528,10816
5529,10818
5530,10819
5531,10820
5532,10822
5533,10823
5534,10824
5535,10825
5536,10826
5537,10829
5538,10830
5539,10833
5540,10835
5541,10837
5542,10846
5543,10847
5544,10848
5545,10851
5546,10852
5547,10853
5548,10858
5549,10859
5550,10860
5551,10861
5552,10864
5553,10869
5554,10870
5555,10871
5556,10873
5557,10874
5558,10875
5559,10876
5560,10880
5561,10883
5562,10884
5563,10885
5564,10886
5565,10887
5566,10889
5567,10890
5568,10896
5569,10898
5570,10900
5571,10901
5572,10902
5573,10903
5574,10906
5575,10907
5576,10910
5577,10911
5578,10912
5579,10913
5580,10916
5581,10917
5582,10918
5583,10922
5584,10923
5585,10924
5586,10925
5587,10927
5588,10929
5589,10930
5590,10931
5591,10932
5592,10937
5593,10940
5594,10947
5595,10949
5596,10950
5597,10951
5598,10954
5599,10955
5600,10958
5601,10961
5602,10962
5603,10963
5604,10964
5605,10967
5606,10968
5607,10971
5608,10972
5609,10975
5610,10978
5611,10979
5612,10980
5613,10982
5614,10984
5615,10990
5616,10992
5617,10995
5618,11001
5619,11002
5620,11008
5621,11010
5622,11012
5623,11013
5624,11014
5625,11017
5626,11018
5627,11019
5628,11021
5629,11022
5630,11025
5631,11026
5632,11027
5633,11032
5634,11033
5635,11034
5636,11035
5637,11036
5638,11037
5639,11038
5640,11040
5641,11041
5642,11042
5643,11043
5644,11044
5645,11046
5646,11050
5647,11054
5648,11055
5649,11057
5650,11058
5651,11069
5652,11070
5653,11071
5654,11073
5655,11079
5656,11080
5657,11083
5658,11089
5659,11090
5660,11091
5661,11093
5662,11098
5663,11099
5664,11101
5665,11106
5666,11111
5667,11112
5668,11113
5669,11114
5670,11115
5671,11117
5672,11118
5673,11119
5674,11120
5675,11121
5676,11122
5677,11123
5678,11124
5679,11132
5680,11133
5681,11134
5682,11136
5683,11137
5684,11142
5685,11143
5686,11144
5687,11145
5688,11146
5689,11147
5690,11149
5691,11150
5692,11151
5693,11153
5694,11154
5695,11155
5696,11156
5697,11157
5698,11160
5699,11161
5700,11162
5701,11164
5702,11165
5703,11167
5704,11168
5705,11172
5706,11175
5707,11176
5708,11178
5709,11181
5710,11184
5711,11186
5712,11194
5713,11202
5714,11203
5715,11206
5716,11207
5717,11208
5718,11210
5719,11212
5720,11215
5721,11216
5722,11217
5723,11218
5724,11219
5725,11226
5726,11227
5727,11234
5728,11236
5729,11238
5730,11239
5731,11240
5732,11243
5733,11249
5734,11252
5735,11253
5736,11254
5737,11255
5738,11256
5739,11257
5740,11258
5741,11259
5742,11260
5743,11263
5744,11264
5745,11270
5746,11271
5747,11272
5748,11274
5749,11276
5750,11279
5751,11280
5752,11281
5753,11282
5754,11284
5755,11285
5756,11286
5757,11288
5758,11290
5759,11293
5760,11295
5761,11297
5762,11298
5763,11300
5764,11302
5765,11308
5766,11310
5767,11312
5768,11313
5769,11314
5770,11317
5771,11318
5772,11319
5773,11324
5774,11325
5775,11326
5776,11328
5777,11329
5778,11330
5779,11332
5780,11335
5781,11336
5782,11337
5783,11338
5784,11344
5785,11346
5786,11347
5787,11350
5788,11353
5789,11355
5790,11356
5791,11357
5792,11358
5793,11359
5794,11361
5795,11363
5796,11367
5797,11368
5798,11369
5799,11370
5800,11371
5801,11372
5802,11373
5803,11375
5804,11377
5805,11379
5806,11380
5807,11381
5808,11382
5809,11386
5810,11387
5811,11395
5812,11396
5813,11397
5814,11398
5815,11399
5816,11400
5817,11403
5818,11404
5819,11405
5820,11407
5821,11410
5822,11423
5823,11424
5824,11425
5825,11426
5826,11428
5827,11429
5828,11431
5829,11433
5830,11434
5831,11435
5832,11438
5833,11443
5834,11446
5835,11447
5836,11452
5837,11453
5838,11454
5839,11457
5840,11458
5841,11459
5842,11463
5843,11464
5844,11465
5845,11466
5846,11467
5847,11468
5848,11471
5849,11474
5850,11476
5851,11479
5852,11480
5853,11483
5854,11486
5855,11488
5856,11489
5857,11490
5858,11491
5859,11492
5860,11493
5861,11495
5862,11498
5863,11500
5864,11501
5865,11505
5866,11506
5867,11507
5868,11509
5869,11510
5870,11511
5871,11513
5872,11516
5873,11520
5874,11529
5875,11531
5876,11532
5877,11533
5878,11535
5879,11537
5880,11538
5881,11540
5882,11541
5883,11543
5884,11547
5885,11550
5886,11551
5887,11552
5888,11558
5889,11559
5890,11560
5891,11561
5892,11565
5893,11566
5894,11567
5895,11568
5896,11569
5897,11570
5898,11571
5899,11572
5900,11573
5901,11574
5902,11575
5903,11578
5904,11579
5905,11580
5906,11581
5907,11582
5908,11583
5909,11584
5910,11586
5911,11587
5912,11588
5913,11591
5914,11592
5915,11593
5916,11594
5917,11597
5918,11598
5919,11599
5920,11601
5921,11602
5922,11607
5923,11608
5924,11610
5925,11611
5926,11616
5927,11619
5928,11623
5929,11627
5930,11628
5931,11630
5932,11631
5933,11632
5934,11638
5935,11639
5936,11645
5937,11646
5938,11651
5939,11653
5940,11656
5941,11657
5942,11659
5943,11661
5944,11662
5945,11663
5946,11666
5947,11671
5948,11672
5949,11673
5950,11674
5951,11675
5952,11676
5953,11677
5954,11679
5955,11680
5956,11682
5957,11685
5958,11687
5959,11689
5960,11690
5961,11691
5962,11692
5963,11693
5964,11696
5965,11697
5966,11699
5967,11701
5968,11709
5969,11710
5970,11712
5971,11713
5972,11714
5973,11715
5974,11716
5975,11717
5976,11718
5977,11724
5978,11725
5979,11726
5980,11730
5981,11731
5982,11732
5983,11734
5984,11735
5985,11736
5986,11737
5987,11738
5988,11741
5989,11743
5990,11747
5991,11749
5992,11750
5993,11754
5994,11755
5995,11756
5996,11757
5997,11758
5998,11759
5999,11760
6000,11766
6001,11769
6002,11770
6003,11772
6004,11776
6005,11777
6006,11778
6007,11781
6008,11783
6009,11786
6010,11789
6011,11790
6012,11791
6013,11794
6014,11795
6015,11799
6016,11800
6017,11803
6018,11805
6019,11807
6020,11812
6021,11813
6022,11816
6023,11817
6024,11818
6025,11820
6026,11821
6027,11822
6028,11827
6029,11829
6030,11831
6031,11832
6032,11833
6033,11834
6034,11836
6035,11837
6036,11840
6037,11847
6038,11848
6039,11849
6040,11850
6041,11851
6042,11854
6043,11855
6044,11856
6045,11857
6046,11858
6047,11859
6048,11865
6049,11866
6050,11867
6051,11868
6052,11869
6053,11870
6054,11873
6055,11878
6056,11880
6057,11881
6058,11892
6059,11894
6060,11895
6061,11896
6062,11897
6063,11898
6064,11899
6065,11900
6066,11901
6067,11902
6068,11909
6069,11910
6070,11911
6071,11912
6072,11913
6073,11914
6074,11915
6075,11916
6076,11917
6077,11918
6078,11919
6079,11927
6080,11929
6081,11931
6082,11932
6083,11933
6084,11937
6085,11938
6086,11941
6087,11943
6088,11944
6089,11948
6090,11949
6091,11950
6092,11953
6093,11954
6094,11955
6095,11956
6096,11958
6097,11959
6098,11960
6099,11961
6100,11962
6101,11963
6102,11964
6103,11965
6104,11966
6105,11967
6106,11969
6107,11970
6108,11972
6109,11977
6110,11978
6111,11980
6112,11982
6113,11984
6114,11987
6115,11989
6116,11991
6117,11993
6118,11994
6119,11997
6120,11998
6121,12000
6122,12003
6123,12004
6124,12005
6125,12010
6126,12017
6127,12019
6128,12024
6129,12025
6130,12026
6131,12029
6132,12030
6133,12031
6134,12032
6135,12035
6136,12036
6137,12037
6138,12040
6139,12043
6140,12044
6141,12050
6142,12051
6143,12052
6144,12053
6145,12056
6146,12057
6147,12060
6148,12064
6149,12070
6150,12072
6151,12078
6152,12079
6153,12082
6154,12084
6155,12085
6156,12087
6157,12092
6158,12093
6159,12094
6160,12095
6161,12096
6162,12099
6163,12100
6164,12102
6165,12108
6166,12114
6167,12115
6168,12117
6169,12118
6170,12119
6171,12123
6172,12124
6173,12125
6174,12126
6175,12134
6176,12135
6177,12136
6178,12140
6179,12141
6180,12145
6181,12146
6182,12152
6183,12153
6184,12154
6185,12156
6186,12157
6187,12159
6188,12164
6189,12166
6190,12167
6191,12168
6192,12169
6193,12170
6194,12171
6195,12175
6196,12179
6197,12180
6198,12181
6199,12182
6200,12183
6201,12188
6202,12190
6203,12191
6204,12192
6205,12193
6206,12194
6207,12195
6208,12197
6209,12198
6210,12199
6211,12200
6212,12202
6213,12205
6214,12206
6215,12207
6216,12210
6217,12211
6218,12212
6219,12213
6220,12216
6221,12217
6222,12218
6223,12219
6224,12220
6225,12221
6226,12222
6227,12225
6228,12226
6229,12229
6230,12230
6231,12232
6232,12233
6233,12235
6234,12236
6235,12237
6236,12238
6237,12239
6238,12240
6239,12241
6240,12242
6241,12244
6242,12245
6243,12246
6244,12248
6245,12254
6246,12255
6247,12258
6248,12259
6249,12261
6250,12262
6251,12265
6252,12266
6253,12271
6254,12274
6255,12276
6256,12277
6257,12278
6258,12279
6259,12282
6260,12283
6261,12286
6262,12287
6263,12289
6264,12291
6265,12294
6266,12295
6267,12296
6268,12297
6269,12299
6270,12300
6271,12303
6272,12308
6273,12311
6274,12314
6275,12315
6276,12316
6277,12317
6278,12318
6279,12319
6280,12321
6281,12322
6282,12323
6283,12327
6284,12328
6285,12329
6286,12331
6287,12332
6288,12333
6289,12336
6290,12338
6291,12340
6292,12341
6293,12342
6294,12345
6295,12346
6296,12348
6297,12351
6298,12352
6299,12354
6300,12355
6301,12358
6302,12359
6303,12361
6304,12362
6305,12363
6306,12364
6307,12366
6308,12371
6309,12373
6310,12374
6311,12375
6312,12380
6313,12381
6314,12382
6315,12383
6316,12384
6317,12385
6318,12386
6319,12389
6320,12395
6321,12396
6322,12397
6323,12398
6324,12399
6325,12400
6326,12401
6327,12402
6328,12405
6329,12406
6330,12409
6331,12411
6332,12414
6333,12415
6334,12416
6335,12417
6336,12418
6337,12420
6338,12422
6339,12426
6340,12428
6341,12430
6342,12431
6343,12434
6344,12435
6345,12436
6346,12437
6347,12438
6348,12439
6349,12440
6350,12441
6351,12442
6352,12445
6353,12447
6354,12451
6355,12453
6356,12454
6357,12455
6358,12456
6359,12457
6360,12458
6361,12459
6362,12461
6363,12464
6364,12467
6365,12468
6366,12471
6367,12473
6368,12474
6369,12476
6370,12478
6371,12482
6372,12483
6373,12484
6374,12487
6375,12490
6376,12494
6377,12495
6378,12499
6379,12500
6380,12501
6381,12503
6382,12504
6383,12507
6384,12508
6385,12509
6386,12510
6387,12511
6388,12512
6389,12513
6390,12514
6391,12515
6392,12517
6393,12519
6394,12520
6395,12522
6396,12525
6397,12526
6398,12531
6399,12534
6400,12535
6401,12536
6402,12537
6403,12539
6404,12541
6405,12543
6406,12544
6407,12545
6408,12547
6409,12550
6410,12552
6411,12553
6412,12554
6413,12555
6414,12559
6415,12561
6416,12562
6417,12568
6418,12571
6419,12572
6420,12574
6421,12575
6422,12577
6423,12579
6424,12582
6425,12583
6426,12585
6427,12587
6428,12588
6429,12591
6430,12592
6431,12595
6432,12596
6433,12598
6434,12599
6435,12600
6436,12601
6437,12602
6438,12603
6439,12604
6440,12605
6441,12607
6442,12610
6443,12611
6444,12612
6445,12613
6446,12614
6447,12619
6448,12625
6449,12626
6450,12627
6451,12630
6452,12631
6453,12636
6454,12638
6455,12639
6456,12643
6457,12645
6458,12646
6459,12647
6460,12649
6461,12653
6462,12655
6463,12661
6464,12663
6465,12664
6466,12666
6467,12669
6468,12672
6469,12673
6470,12674
6471,12680
6472,12681
6473,12683
6474,12685
6475,12686
6476,12689
6477,12692
6478,12694
6479,12696
6480,12697
6481,12698
6482,12699
6483,12703
6484,12709
6485,12712
6486,12715
6487,12716
6488,12723
6489,12724
6490,12725
6491,12726
6492,12730
6493,12731
6494,12732
6495,12735
6496,12737
6497,12739
6498,12740
6499,12742
6500,12745
6501,12746
6502,12749
6503,12750
6504,12751
6505,12752
6506,12753
6507,12754
6508,12756
6509,12758
6510,12761
6511,12762
6512,12763
6513,12765
6514,12767
6515,12770
6516,12771
6517,12773
6518,12774
6519,12775
6520,12778
6521,12779
6522,12783
6523,12784
6524,12787
6525,12788
6526,12789
6527,12793
6528,12794
6529,12795
6530,12798
6531,12799
6532,12800
6533,12801
6534,12802
6535,12805
6536,12806
6537,12808
6538,12814
6539,12816
6540,12823
6541,12825
6542,12826
6543,12828
6544,12831
6545,12835
6546,12836
6547,12839
6548,12842
6549,12843
6550,12846
6551,12848
6552,12854
6553,12855
6554,12856
6555,12857
6556,12858
6557,12861
6558,12862
6559,12863
6560,12864
6561,12866
6562,12867
6563,12876
6564,12878
6565,12879
6566,12880
6567,12881
6568,12882
6569,12883
6570,12884
6571,12885
6572,12889
6573,12892
6574,12894
6575,12895
6576,12896
6577,12897
6578,12899
6579,12901
6580,12906
6581,12909
6582,12911
6583,12912
6584,12918
6585,12919
6586,12920
6587,12922
6588,12923
6589,12924
6590,12925
6591,12926
6592,12932
6593,12933
6594,12934
6595,12936
6596,12937
6597,12938
6598,12939
6599,12940
6600,12941
6601,12944
6602,12947
6603,12949
6604,12951
6605,12953
6606,12959
6607,12960
6608,12961
6609,12962
6610,12963
6611,12964
6612,12965
6613,12966
6614,12967
6615,12969
6616,12972
6617,12974
6618,12980
6619,12981
6620,12982
6621,12983
6622,12984
6623,12986
6624,12989
6625,12990
6626,12991
6627,12992
6628,12993
6629,12994
6630,12999
6631,13003
6632,13005
6633,13007
6634,13008
6635,13010
6636,13012
6637,13013
6638,13014
6639,13015
6640,13022
6641,13024
6642,13029
6643,13030
6644,13033
6645,13035
6646,13036
6647,13037
6648,13040
6649,13041
6650,13043
6651,13044
6652,13045
6653,13046
6654,13048
6655,13049
6656,13052
6657,13055
6658,13056
6659,13057
6660,13059
6661,13060
6662,13061
6663,13063
6664,13066
6665,13067
6666,13069
6667,13072
6668,13073
6669,13074
6670,13076
6671,13078
6672,13080
6673,13086
6674,13087
6675,13090
6676,13093
6677,13097
6678,13098
6679,13099
6680,13100
6681,13106
6682,13107
6683,13108
6684,13109
6685,13110
6686,13116
6687,13117
6688,13118
6689,13119
6690,13120
6691,13121
6692,13122
6693,13124
6694,13129
6695,13131
6696,13132
6697,13136
6698,13137
6699,13138
6700,13139
6701,13141
6702,13147
6703,13149
6704,13150
6705,13151
6706,13152
6707,13153
6708,13156
6709,13158
6710,13159
6711,13160
6712,13162
6713,13167
6714,13174
6715,13175
6716,13177
6717,13178
6718,13179
6719,13180
6720,13181
6721,13182
6722,13186
6723,13189
6724,13190
6725,13192
6726,13197
6727,13198
6728,13199
6729,13200
6730,13202
6731,13205
6732,13206
6733,13207
6734,13209
6735,13211
6736,13212
6737,13216
6738,13218
6739,13219
6740,13223
6741,13224
6742,13230
6743,13232
6744,13233
6745,13234
6746,13238
6747,13239
6748,13240
6749,13243
6750,13244
6751,13246
6752,13250
6753,13252
6754,13253
6755,13254
6756,13256
6757,13257
6758,13259
6759,13261
6760,13262
6761,13263
6762,13265
6763,13267
6764,13268
6765,13269
6766,13270
6767,13276
6768,13278
6769,13280
6770,13281
6771,13282
6772,13283
6773,13284
6774,13286
6775,13289
6776,13290
6777,13291
6778,13294
6779,13295
6780,13296
6781,13297
6782,13301
6783,13305
6784,13306
6785,13310
6786,13311
6787,13312
6788,13319
6789,13322
6790,13326
6791,13329
6792,13330
6793,13331
6794,13332
6795,13334
6796,13335
6797,13336
6798,13338
6799,13342
6800,13343
6801,13344
6802,13345
6803,13346
6804,13348
6805,13349
6806,13350
6807,13351
6808,13357
6809,13359
6810,13361
6811,13362
6812,13364
6813,13365
6814,13366
6815,13369
6816,13370
6817,13373
6818,13374
6819,13375
6820,13378
6821,13383
6822,13385
6823,13386
6824,13387
6825,13390
6826,13393
6827,13394
6828,13397
6829,13398
6830,13399
6831,13400
6832,13402
6833,13403
6834,13404
6835,13406
6836,13410
6837,13411
6838,13412
6839,13413
6840,13414
6841,13417
6842,13426
6843,13428
6844,13431
6845,13432
6846,13433
6847,13434
6848,13437
6849,13439
6850,13440
6851,13444
6852,13445
6853,13446
6854,13447
6855,13449
6856,13450
6857,13453
6858,13454
6859,13455
6860,13457
6861,13458
6862,13459
6863,13465
6864,13466
6865,13470
6866,13471
6867,13475
6868,13479
6869,13480
6870,13483
6871,13485
6872,13486
6873,13487
6874,13489
6875,13490
6876,13495
6877,13496
6878,13498
6879,13500
6880,13501
6881,13502
6882,13503
6883,13504
6884,13505
6885,13506
6886,13507
6887,13509
6888,13512
6889,13515
6890,13520
6891,13522
6892,13523
6893,13525
6894,13526
6895,13529
6896,13531
6897,13532
6898,13536
6899,13539
6900,13540
6901,13541
6902,13542
6903,13544
6904,13548
6905,13549
6906,13552
6907,13553
6908,13556
6909,13557
6910,13558
6911,13559
6912,13562
6913,13563
6914,13564
6915,13567
6916,13568
6917,13569
6918,13570
6919,13571
6920,13575
6921,13576
6922,13577
6923,13582
6924,13584
6925,13588
6926,13591
6927,13595
6928,13601
6929,13604
6930,13605
6931,13610
6932,13612
6933,13613
6934,13615
6935,13621
6936,13623
6937,13629
6938,13630
6939,13631
6940,13632
6941,13633
6942,13635
6943,13639
6944,13640
6945,13646
6946,13647
6947,13648
6948,13649
6949,13650
6950,13654
6951,13658
6952,13659
6953,13660
6954,13661
6955,13662
6956,13663
6957,13666
6958,13667
6959,13670
6960,13672
6961,13679
6962,13680
6963,13681
6964,13682
6965,13683
6966,13684
6967,13685
6968,13687
6969,13688
6970,13689
6971,13690
6972,13692
6973,13694
6974,13701
6975,13702
6976,13703
6977,13708
6978,13709
6979,13710
6980,13711
6981,13715
6982,13718
6983,13719
6984,13722
6985,13723
6986,13724
6987,13725
6988,13726
6989,13727
6990,13730
6991,13731
6992,13733
6993,13739
6994,13740
6995,13749
6996,13750
6997,13751
6998,13752
6999,13753
7000,13755
7001,13757
7002,13758
7003,13759
7004,13760
7005,13761
7006,13764
7007,13765
7008,13766
7009,13768
7010,13770
7011,13771
7012,13773
7013,13776
7014,13780
7015,13782
7016,13785
7017,13789
7018,13790
7019,13797
7020,13798
7021,13799
7022,13802
7023,13803
7024,13808
7025,13809
7026,13812
7027,13813
7028,13814
7029,13819
7030,13820
7031,13824
7032,13825
7033,13827
7034,13828
7035,13830
7036,13831
7037,13837
7038,13840
7039,13842
7040,13843
7041,13844
7042,13845
7043,13852
7044,13855
7045,13859
7046,13861
7047,13865
7048,13868
7049,13870
7050,13871
7051,13873
7052,13877
7053,13880
7054,13882
7055,13884
7056,13885
7057,13887
7058,13889
7059,13890
7060,13894
7061,13895
7062,13896
7063,13897
7064,13900
7065,13901
7066,13902
7067,13904
7068,13906
7069,13907
7070,13911
7071,13912
7072,13913
7073,13914
7074,13915
7075,13916
7076,13917
7077,13918
7078,13919
7079,13920
7080,13922
7081,13924
7082,13925
7083,13929
7084,13930
7085,13931
7086,13933
7087,13934
7088,13935
7089,13936
7090,13937
7091,13938
7092,13939
7093,13940
7094,13941
7095,13942
7096,13943
7097,13944
7098,13945
7099,13946
7100,13950
7101,13951
7102,13952
7103,13953
7104,13956
7105,13957
7106,13959
7107,13960
7108,13962
7109,13963
7110,13965
7111,13966
7112,13967
7113,13968
7114,13970
7115,13973
7116,13974
7117,13975
7118,13976
7119,13979
7120,13981
7121,13984
7122,13986
7123,13987
7124,13989
7125,13992
7126,13994
7127,13995
7128,13996
7129,13997
7130,13998
7131,14000
7132,14001
7133,14007
7134,14008
7135,14009
7136,14010
7137,14011
7138,14012
7139,14018
7140,14019
7141,14023
7142,14024
7143,14030
7144,14032
7145,14038
7146,14039
7147,14041
7148,14043
7149,14044
7150,14046
7151,14048
7152,14051
7153,14054
7154,14055
7155,14056
7156,14057
7157,14058
7158,14060
7159,14061
7160,14062
7161,14063
7162,14072
7163,14073
7164,14079
7165,14080
7166,14082
7167,14083
7168,14084
7169,14085
7170,14087
7171,14088
7172,14091
7173,14092
7174,14093
7175,14094
7176,14102
7177,14105
7178,14106
7179,14107
7180,14120
7181,14121
7182,14124
7183,14125
7184,14126
7185,14127
7186,14129
7187,14132
7188,14133
7189,14135
7190,14138
7191,14144
7192,14148
7193,14149
7194,14153
7195,14154
7196,14155
7197,14156
7198,14157
7199,14158
7200,14159
7201,14160
7202,14166
7203,14167
7204,14168
7205,14169
7206,14170
7207,14173
7208,14176
7209,14177
7210,14178
7211,14180
7212,14182
7213,14183
7214,14184
7215,14185
7216,14186
7217,14188
7218,14191
7219,14192
7220,14193
7221,14194
7222,14195
7223,14198
7224,14199
7225,14200
7226,14201
7227,14203
7228,14213
7229,14214
7230,14215
7231,14216
7232,14218
7233,14219
7234,14220
7235,14221
7236,14222
7237,14223
7238,14224
7239,14225
7240,14227
7241,14228
7242,14230
7243,14232
7244,14239
7245,14240
7246,14249
7247,14254
7248,14258
7249,14259
7250,14261
7251,14262
7252,14263
7253,14264
7254,14267
7255,14270
7256,14272
7257,14273
7258,14275
7259,14276
7260,14277
7261,14282
7262,14283
7263,14285
7264,14287
7265,14295
7266,14296
7267,14298
7268,14299
7269,14303
7270,14308
7271,14309
7272,14314
7273,14315
7274,14318
7275,14319
7276,14322
7277,14323
7278,14324
7279,14326
7280,14327
7281,14328
7282,14329
7283,14331
7284,14333
7285,14334
7286,14336
7287,14339
7288,14342
7289,14343
7290,14346
7291,14351
7292,14353
7293,14357
7294,14359
7295,14361
7296,14362
7297,14368
7298,14369
7299,14370
7300,14371
7301,14372
7302,14373
7303,14374
7304,14376
7305,14379
7306,14382
7307,14383
7308,14384
7309,14385
7310,14387
7311,14388
7312,14395
7313,14402
7314,14405
7315,14406
7316,14407
7317,14412
7318,14415
7319,14416
7320,14418
7321,14420
7322,14421
7323,14424
7324,14425
7325,14430
7326,14436
7327,14437
7328,14438
7329,14439
7330,14440
7331,14441
7332,14443
7333,14450
7334,14459
7335,14460
7336,14461
7337,14462
7338,14464
7339,14465
7340,14466
7341,14467
7342,14468
7343,14470
7344,14472
7345,14473
7346,14474
7347,14477
7348,14478
7349,14480
7350,14482
7351,14483
7352,14485
7353,14491
7354,14493
7355,14496
7356,14498
7357,14501
7358,14502
7359,14503
7360,14511
7361,14514
7362,14515
7363,14519
7364,14520
7365,14522
7366,14525
7367,14526
7368,14531
7369,14532
7370,14535
7371,14537
7372,14543
7373,14544
7374,14545
7375,14546
7376,14547
7377,14548
7378,14549
7379,14550
7380,14551
7381,14553
7382,14554
7383,14558
7384,14561
7385,14562
7386,14563
7387,14566
7388,14567
7389,14570
7390,14571
7391,14572
7392,14575
7393,14577
7394,14578
7395,14579
7396,14582
7397,14585
7398,14588
7399,14591
7400,14593
7401,14594
7402,14596
7403,14597
7404,14598
7405,14599
7406,14600
7407,14605
7408,14606
7409,14607
7410,14608
7411,14610
7412,14612
7413,14615
7414,14616
7415,14617
7416,14618
7417,14619
7418,14621
7419,14624
7420,14625
7421,14626
7422,14633
7423,14634
7424,14635
7425,14637
7426,14639
7427,14640
7428,14642
7429,14644
7430,14645
7431,14646
7432,14647
7433,14648
7434,14649
7435,14654
7436,14661
7437,14662
7438,14663
7439,14664
7440,14665
7441,14666
7442,14667
7443,14668
7444,14669
7445,14672
7446,14673
7447,14674
7448,14677
7449,14678
7450,14681
7451,14682
7452,14683
7453,14684
7454,14685
7455,14686
7456,14687
7457,14688
7458,14691
7459,14694
7460,14695
7461,14696
7462,14699
7463,14700
7464,14703
7465,14704
7466,14705
7467,14710
7468,14711
7469,14712
7470,14713
7471,14719
7472,14720
7473,14721
7474,14726
7475,14728
7476,14729
7477,14730
7478,14731
7479,14733
7480,14736
7481,14737
7482,14738
7483,14739
7484,14740
7485,14741
7486,14742
7487,14744
7488,14747
7489,14748
7490,14749
7491,14750
7492,14751
7493,14753
7494,14756
7495,14757
7496,14758
7497,14760
7498,14761
7499,14762
7500,14763
7501,14766
7502,14767
7503,14770
7504,14771
7505,14773
7506,14777
7507,14778
7508,14779
7509,14782
7510,14788
7511,14789
7512,14794
7513,14795
7514,14796
7515,14797
7516,14805
7517,14809
7518,14810
7519,14811
7520,14812
7521,14813
7522,14816
7523,14819
7524,14820
7525,14821
7526,14822
7527,14824
7528,14827
7529,14834
7530,14835
7531,14836
7532,14837
7533,14839
7534,14841
7535,14846
7536,14850
7537,14853
7538,14854
7539,14857
7540,14858
7541,14859
7542,14860
7543,14863
7544,14864
7545,14872
7546,14874
7547,14876
7548,14879
7549,14885
7550,14886
7551,14887
7552,14888
7553,14889
7554,14891
7555,14895
7556,14896
7557,14897
7558,14898
7559,14904
7560,14905
7561,14906
7562,14908
7563,14909
7564,14910
7565,14913
7566,14914
7567,14915
7568,14918
7569,14920
7570,14921
7571,14925
7572,14926
7573,14927
7574,14932
7575,14933
7576,14935
7577,14936
7578,14937
7579,14938
7580,14941
7581,14944
7582,14949
7583,14955
7584,14958
7585,14960
7586,14962
7587,14966
7588,14968
7589,14969
7590,14971
7591,14978
7592,14979
7593,14980
7594,14981
7595,14982
7596,14983
7597,14984
7598,14989
7599,14991
7600,14993
7601,14994
7602,14998
7603,14999
7604,15001
7605,15004
7606,15005
7607,15011
7608,15012
7609,15013
7610,15014
7611,15015
7612,15016
7613,15017
7614,15018
7615,15021
7616,15022
7617,15023
7618,15024
7619,15026
7620,15035
7621,15038
7622,15040
7623,15041
7624,15042
7625,15044
7626,15046
7627,15048
7628,15051
7629,15052
7630,15053
7631,15054
7632,15055
7633,15056
7634,15057
7635,15058
7636,15059
7637,15060
7638,15061
7639,15062
7640,15063
7641,15065
7642,15069
7643,15070
7644,15073
7645,15074
7646,15075
7647,15076
7648,15077
7649,15078
7650,15079
7651,15080
7652,15081
7653,15082
7654,15083
7655,15088
7656,15089
7657,15090
7658,15091
7659,15097
7660,15100
7661,15102
7662,15104
7663,15105
7664,15106
7665,15113
7666,15117
7667,15119
7668,15120
7669,15124
7670,15125
7671,15128
7672,15129
7673,15130
7674,15133
7675,15137
7676,15140
7677,15141
7678,15142
7679,15143
7680,15149
7681,15150
7682,15153
7683,15154
7684,15155
7685,15158
7686,15159
7687,15161
7688,15163
7689,15166
7690,15167
7691,15169
7692,15170
7693,15172
7694,15173
7695,15176
7696,15178
7697,15181
7698,15182
7699,15183
7700,15184
7701,15186
7702,15187
7703,15188
7704,15189
7705,15190
7706,15192
7707,15198
7708,15199
7709,15200
7710,15201
7711,15204
7712,15209
7713,15212
7714,15214
7715,15217
7716,15218
7717,15221
7718,15224
7719,15226
7720,15229
7721,15230
7722,15231
7723,15232
7724,15235
7725,15236
7726,15237
7727,15242
7728,15243
7729,15249
7730,15252
7731,15254
7732,15255
7733,15257
7734,15260
7735,15261
7736,15271
7737,15272
7738,15275
7739,15276
7740,15279
7741,15282
7742,15284
7743,15286
7744,15289
7745,15290
7746,15291
7747,15292
7748,15294
7749,15295
7750,15296
7751,15297
7752,15300
7753,15303
7754,15309
7755,15310
7756,15311
7757,15316
7758,15319
7759,15320
7760,15321
7761,15322
7762,15323
7763,15328
7764,15331
7765,15332
7766,15333
7767,15334
7768,15335
7769,15337
7770,15338
7771,15344
7772,15345
7773,15347
7774,15348
7775,15350
7776,15353
7777,15355
7778,15356
7779,15358
7780,15363
7781,15366
7782,15367
7783,15370
7784,15371
7785,15377
7786,15378
7787,15379
7788,15380
7789,15390
7790,15391
7791,15394
7792,15396
7793,15401
7794,15403
7795,15405
7796,15408
7797,15413
7798,15414
7799,15415
7800,15419
7801,15420
7802,15421
7803,15422
7804,15423
7805,15424
7806,15425
7807,15427
7808,15437
7809,15438
7810,15439
7811,15440
7812,15441
7813,15443
7814,15444
7815,15448
7816,15452
7817,15455
7818,15456
7819,15459
7820,15461
7821,15468
7822,15470
7823,15476
7824,15478
7825,15480
7826,15485
7827,15486
7828,15487
7829,15490
7830,15491
7831,15494
7832,15495
7833,15498
7834,15499
7835,15500
7836,15501
7837,15502
7838,15503
7839,15504
7840,15505
7841,15510
7842,15511
7843,15513
7844,15514
7845,15516
7846,15517
7847,15519
7848,15520
7849,15522
7850,15523
7851,15524
7852,15526
7853,15533
7854,15534
7855,15535
7856,15536
7857,15539
7858,15540
7859,15541
7860,15542
7861,15544
7862,15546
7863,15547
7864,15548
7865,15555
7866,15556
7867,15559
7868,15560
7869,15561
7870,15562
7871,15563
7872,15565
7873,15566
7874,15567
7875,15568
7876,15569
7877,15573
7878,15576
7879,15577
7880,15578
7881,15579
7882,15580
7883,15581
7884,15582
7885,15583
7886,15584
7887,15585
7888,15586
7889,15588
7890,15591
7891,15592
7892,15593
7893,15596
7894,15597
7895,15599
7896,15602
7897,15604
7898,15606
7899,15607
7900,15608
7901,15610
7902,15615
7903,15617
7904,15619
7905,15620
7906,15621
7907,15628
7908,15632
7909,15634
7910,15636
7911,15638
7912,15641
7913,15642
7914,15645
7915,15646
7916,15647
7917,15649
7918,15651
7919,15652
7920,15654
7921,15659
7922,15660
7923,15662
7924,15663
7925,15664
7926,15666
7927,15670
7928,15671
7929,15672
7930,15676
7931,15678
7932,15681
7933,15684
7934,15687
7935,15689
7936,15690
7937,15693
7938,15694
7939,15695
7940,15696
7941,15697
7942,15698
7943,15699
7944,15700
7945,15701
7946,15702
7947,15711
7948,15712
7949,15714
7950,15718
7951,15729
7952,15730
7953,15731
7954,15737
7955,15738
7956,15739
7957,15740
7958,15741
7959,15744
7960,15747
7961,15748
7962,15750
7963,15752
7964,15753
7965,15754
7966,15755
7967,15756
7968,15757
7969,15758
7970,15761
7971,15764
7972,15766
7973,15769
7974,15776
7975,15777
7976,15778
7977,15780
7978,15785
7979,15791
7980,15793
7981,15794
7982,15795
7983,15798
7984,15799
7985,15800
7986,15804
7987,15805
7988,15806
7989,15807
7990,15808
7991,15809
7992,15811
7993,15812
7994,15814
7995,15815
7996,15817
7997,15818
7998,15819
7999,15820
8000,15821
8001,15822
8002,15825
8003,15826
8004,15827
8005,15832
8006,15833
8007,15835
8008,15838
8009,15839
8010,15840
8011,15841
8012,15843
8013,15844
8014,15850
8015,15851
8016,15856
8017,15860
8018,15861
8019,15862
8020,15863
8021,15867
8022,15869
8023,15870
8024,15871
8025,15872
8026,15873
8027,15874
8028,15875
8029,15876
8030,15877
8031,15878
8032,15879
8033,15880
8034,15886
8035,15887
8036,15888
8037,15889
8038,15890
8039,15891
8040,15892
8041,15893
8042,15901
8043,15902
8044,15903
8045,15904
8046,15906
8047,15907
8048,15908
8049,15909
8050,15910
8051,15911
8052,15918
8053,15920
8054,15923
8055,15924
8056,15926
8057,15927
8058,15928
8059,15930
8060,15931
8061,15932
8062,15937
8063,15940
8064,15941
8065,15943
8066,15946
8067,15950
8068,15952
8069,15955
8070,15956
8071,15957
8072,15960
8073,15964
8074,15967
8075,15969
8076,15970
8077,15973
8078,15980
8079,15983
8080,15984
8081,15986
8082,15989
8083,15991
8084,15993
8085,15998
8086,15999
8087,16002
8088,16004
8089,16005
8090,16008
8091,16009
8092,16010
8093,16012
8094,16016
8095,16018
8096,16019
8097,16020
8098,16021
8099,16022
8100,16026
8101,16027
8102,16030
8103,16031
8104,16032
8105,16033
8106,16035
8107,16038
8108,16040
8109,16041
8110,16042
8111,16044
8112,16046
8113,16047
8114,16053
8115,16054
8116,16055
8117,16056
8118,16057
8119,16058
8120,16059
8121,16062
8122,16065
8123,16066
8124,16067
8125,16068
8126,16071
8127,16073
8128,16076
8129,16078
8130,16079
8131,16086
8132,16087
8133,16090
8134,16091
8135,16092
8136,16098
8137,16099
8138,16101
8139,16109
8140,16110
8141,16111
8142,16112
8143,16113
8144,16114
8145,16115
8146,16118
8147,16121
8148,16122
8149,16126
8150,16127
8151,16129
8152,16131
8153,16132
8154,16135
8155,16136
8156,16139
8157,16140
8158,16141
8159,16144
8160,16148
8161,16151
8162,16152
8163,16153
8164,16156
8165,16159
8166,16163
8167,16164
8168,16165
8169,16166
8170,16168
8171,16169
8172,16170
8173,16173
8174,16174
8175,16177
8176,16178
8177,16180
8178,16181
8179,16183
8180,16185
8181,16186
8182,16187
8183,16190
8184,16192
8185,16193
8186,16194
8187,16195
8188,16197
8189,16201
8190,16202
8191,16203
8192,16205
8193,16207
8194,16208
8195,16216
8196,16217
8197,16222
8198,16224
8199,16225
8200,16226
8201,16227
8202,16230
8203,16234
8204,16235
8205,16238
8206,16243
8207,16246
8208,16248
8209,16249
8210,16251
8211,16252
8212,16253
8213,16254
8214,16255
8215,16258
8216,16259
8217,16262
8218,16263
8219,16264
8220,16265
8221,16268
8222,16269
8223,16270
8224,16272
8225,16275
8226,16278
8227,16279
8228,16280
8229,16281
8230,16282
8231,16283
8232,16284
8233,16286
8234,16287
8235,16288
8236,16294
8237,16296
8238,16297
8239,16300
8240,16303
8241,16305
8242,16306
8243,16308
8244,16310
8245,16313
8246,16315
8247,16316
8248,16317
8249,16318
8250,16321
8251,16322
8252,16323
8253,16324
8254,16325
8255,16326
8256,16328
8257,16333
8258,16334
8259,16337
8260,16341
8261,16344
8262,16347
8263,16348
8264,16352
8265,16353
8266,16354
8267,16361
8268,16363
8269,16364
8270,16365
8271,16366
8272,16367
8273,16369
8274,16370
8275,16378
8276,16379
8277,16381
8278,16383
8279,16384
8280,16385
8281,16386
8282,16387
8283,16388
8284,16389
8285,16390
8286,16391
8287,16398
8288,16402
8289,16403
8290,16406
8291,16407
8292,16408
8293,16409
8294,16413
8295,16414
8296,16415
8297,16418
8298,16419
8299,16423
8300,16424
8301,16427
8302,16429
8303,16431
8304,16432
8305,16434
8306,16438
8307,16439
8308,16441
8309,16443
8310,16444
8311,16445
8312,16446
8313,16448
8314,16449
8315,16450
8316,16451
8317,16454
8318,16455
8319,16456
8320,16458
8321,16461
8322,16462
8323,16466
8324,16469
8325,16471
8326,16472
8327,16473
8328,16476
8329,16477
8330,16479
8331,16481
8332,16482
8333,16485
8334,16486
8335,16488
8336,16493
8337,16494
8338,16496
8339,16498
8340,16499
8341,16500
8342,16502
8343,16504
8344,16506
8345,16507
8346,16512
8347,16513
8348,16517
8349,16520
8350,16521
8351,16524
8352,16525
8353,16526
8354,16527
8355,16528
8356,16529
8357,16530
8358,16532
8359,16533
8360,16534
8361,16537
8362,16538
8363,16539
8364,16540
8365,16541
8366,16542
8367,16543
8368,16544
8369,16549
8370,16553
8371,16554
8372,16559
8373,16563
8374,16566
8375,16568
8376,16573
8377,16575
8378,16576
8379,16577
8380,16578
8381,16579
8382,16583
8383,16584
8384,16586
8385,16587
8386,16588
8387,16589
8388,16590
8389,16591
8390,16592
8391,16593
8392,16594
8393,16596
8394,16601
8395,16602
8396,16603
8397,16604
8398,16605
8399,16606
8400,16608
8401,16611
8402,16615
8403,16616
8404,16617
8405,16618
8406,16619
8407,16620
8408,16627
8409,16628
8410,16629
8411,16630
8412,16632
8413,16636
8414,16637
8415,16640
8416,16641
8417,16642
8418,16645
8419,16647
8420,16651
8421,16652
8422,16654
8423,16656
8424,16663
8425,16665
8426,16667
8427,16672
8428,16675
8429,16677
8430,16678
8431,16681
8432,16682
8433,16687
8434,16688
8435,16689
8436,16690
8437,16695
8438,16698
8439,16700
8440,16701
8441,16702
8442,16703
8443,16706
8444,16708
8445,16710
8446,16712
8447,16714
8448,16718
8449,16724
8450,16726
8451,16729
8452,16730
8453,16731
8454,16732
8455,16735
8456,16736
8457,16738
8458,16739
8459,16742
8460,16743
8461,16744
8462,16747
8463,16749
8464,16752
8465,16755
8466,16757
8467,16761
8468,16764
8469,16765
8470,16768
8471,16770
8472,16771
8473,16772
8474,16773
8475,16774
8476,16776
8477,16777
8478,16778
8479,16781
8480,16783
8481,16795
8482,16796
8483,16799
8484,16801
8485,16803
8486,16804
8487,16806
8488,16808
8489,16809
8490,16813
8491,16814
8492,16815
8493,16816
8494,16817
8495,16818
8496,16821
8497,16822
8498,16825
8499,16826
8500,16828
8501,16829
8502,16832
8503,16833
8504,16834
8505,16835
8506,16836
8507,16837
8508,16843
8509,16846
8510,16847
8511,16848
8512,16849
8513,16850
8514,16851
8515,16852
8516,16855
8517,16856
8518,16857
8519,16858
8520,16859
8521,16866
8522,16869
8523,16870
8524,16872
8525,16875
8526,16876
8527,16877
8528,16879
8529,16881
8530,16886
8531,16887
8532,16888
8533,16890
8534,16891
8535,16892
8536,16896
8537,16897
8538,16900
8539,16903
8540,16904
8541,16909
8542,16910
8543,16911
8544,16912
8545,16916
8546,16918
8547,16922
8548,16925
8549,16934
8550,16935
8551,16936
8552,16941
8553,16945
8554,16946
8555,16947
8556,16948
8557,16950
8558,16954
8559,16955
8560,16956
8561,16957
8562,16958
8563,16960
8564,16963
8565,16968
8566,16969
8567,16971
8568,16975
8569,16977
8570,16979
8571,16980
8572,16983
8573,16992
8574,16995
8575,16998
8576,16999
8577,17002
8578,17005
8579,17006
8580,17007
8581,17010
8582,17011
8583,17014
8584,17016
8585,17017
8586,17018
8587,17019
8588,17022
8589,17023
8590,17024
8591,17030
8592,17033
8593,17036
8594,17038
8595,17039
8596,17042
8597,17046
8598,17051
8599,17054
8600,17056
8601,17057
8602,17059
8603,17062
8604,17066
8605,17067
8606,17068
8607,17069
8608,17072
8609,17073
8610,17074
8611,17075
8612,17076
8613,17082
8614,17085
8615,17091
8616,17097
8617,17098
8618,17099
8619,17100
8620,17103
8621,17107
8622,17109
8623,17110
8624,17111
8625,17114
8626,17115
8627,17116
8628,17117
8629,17118
8630,17121
8631,17122
8632,17124
8633,17125
8634,17126
8635,17127
8636,17128
8637,17131
8638,17132
8639,17134
8640,17135
8641,17136
8642,17137
8643,17144
8644,17151
8645,17152
8646,17153
8647,17155
8648,17156
8649,17157
8650,17158
8651,17161
8652,17162
8653,17163
8654,17164
8655,17168
8656,17169
8657,17176
8658,17179
8659,17180
8660,17181
8661,17185
8662,17186
8663,17191
8664,17192
8665,17193
8666,17194
8667,17195
8668,17196
8669,17199
8670,17202
8671,17205
8672,17208
8673,17209
8674,17211
8675,17212
8676,17213
8677,17214
8678,17216
8679,17217
8680,17218
8681,17219
8682,17220
8683,17221
8684,17222
8685,17223
8686,17224
8687,17227
8688,17228
8689,17230
8690,17231
8691,17232
8692,17233
8693,17234
8694,17235
8695,17242
8696,17244
8697,17245
8698,17246
8699,17247
8700,17248
8701,17249
8702,17253
8703,17256
8704,17257
8705,17258
8706,17260
8707,17266
8708,17267
8709,17268
8710,17269
8711,17270
8712,17273
8713,17274
8714,17275
8715,17276
8716,17279
8717,17280
8718,17281
8719,17282
8720,17283
8721,17284
8722,17285
8723,17287
8724,17288
8725,17294
8726,17295
8727,17296
8728,17299
8729,17300
8730,17302
8731,17303
8732,17306
8733,17312
8734,17314
8735,17315
8736,17316
8737,17318
8738,17322
8739,17325
8740,17327
8741,17332
8742,17335
8743,17336
8744,17337
8745,17338
8746,17341
8747,17343
8748,17344
8749,17348
8750,17352
8751,17355
8752,17356
8753,17357
8754,17358
8755,17360
8756,17361
8757,17362
8758,17363
8759,17369
8760,17370
8761,17371
8762,17374
8763,17375
8764,17376
8765,17377
8766,17380
8767,17383
8768,17393
8769,17394
8770,17395
8771,17397
8772,17399
8773,17400
8774,17402
8775,17403
8776,17408
8777,17409
8778,17410
8779,17413
8780,17414
8781,17415
8782,17418
8783,17419
8784,17422
8785,17426
8786,17427
8787,17428
8788,17429
8789,17430
8790,17433
8791,17437
8792,17438
8793,17439
8794,17440
8795,17443
8796,17446
8797,17448
8798,17449
8799,17450
8800,17451
8801,17455
8802,17456
8803,17457
8804,17458
8805,17459
8806,17462
8807,17467
8808,17469
8809,17471
8810,17474
8811,17476
8812,17477
8813,17480
8814,17488
8815,17490
8816,17492
8817,17494
8818,17496
8819,17498
8820,17500
8821,17503
8822,17507
8823,17508
8824,17509
8825,17511
8826,17512
8827,17514
8828,17518
8829,17519
8830,17520
8831,17521
8832,17522
8833,17523
8834,17524
8835,17526
8836,17527
8837,17529
8838,17534
8839,17536
8840,17537
8841,17538
8842,17542
8843,17545
8844,17548
8845,17550
8846,17552
8847,17555
8848,17556
8849,17557
8850,17559
8851,17561
8852,17563
8853,17566
8854,17568
8855,17573
8856,17574
8857,17575
8858,17576
8859,17577
8860,17580
8861,17581
8862,17585
8863,17587
8864,17589
8865,17590
8866,17591
8867,17594
8868,17595
8869,17601
8870,17602
8871,17603
8872,17606
8873,17607
8874,17608
8875,17615
8876,17618
8877,17619
8878,17620
8879,17623
8880,17624
8881,17627
8882,17629
8883,17633
8884,17634
8885,17635
8886,17638
8887,17641
8888,17642
8889,17643
8890,17646
8891,17649
8892,17652
8893,17653
8894,17655
8895,17656
8896,17657
8897,17658
8898,17659
8899,17660
8900,17661
8901,17668
8902,17669
8903,17671
8904,17673
8905,17675
8906,17688
8907,17689
8908,17691
8909,17692
8910,17693
8911,17694
8912,17695
8913,17698
8914,17701
8915,17702
8916,17704
8917,17705
8918,17706
8919,17707
8920,17712
8921,17713
8922,17715
8923,17720
8924,17722
8925,17723
8926,17725
8927,17729
8928,17732
8929,17733
8930,17734
8931,17735
8932,17737
8933,17741
8934,17744
8935,17745
8936,17746
8937,17747
8938,17749
8939,17750
8940,17751
8941,17752
8942,17753
8943,17756
8944,17758
8945,17759
8946,17760
8947,17761
8948,17762
8949,17765
8950,17767
8951,17770
8952,17771
8953,17774
8954,17775
8955,17778
8956,17780
8957,17789
8958,17794
8959,17795
8960,17798
8961,17801
8962,17802
8963,17803
8964,17804
8965,17807
8966,17811
8967,17812
8968,17814
8969,17815
8970,17816
8971,17818
8972,17821
8973,17823
8974,17826
8975,17833
8976,17834
8977,17837
8978,17838
8979,17839
8980,17840
8981,17843
8982,17844
8983,17846
8984,17847
8985,17849
8986,17851
8987,17852
8988,17853
8989,17859
8990,17860
8991,17861
8992,17862
8993,17863
8994,17864
8995,17866
8996,17867
8997,17868
8998,17871
8999,17872
9000,17873
9001,17874
9002,17875
9003,17876
9004,17877
9005,17878
9006,17879
9007,17881
9008,17884
9009,17885
9010,17888
9011,17889
9012,17890
9013,17891
9014,17892
9015,17893
9016,17894
9017,17896
9018,17897
9019,17900
9020,17901
9021,17908
9022,17909
9023,17911
9024,17912
9025,17915
9026,17916
9027,17917
9028,17918
9029,17919
9030,17920
9031,17921
9032,17924
9033,17931
9034,17936
9035,17937
9036,17940
9037,17941
9038,17943
9039,17944
9040,17950
9041,17953
9042,17955
9043,17962
9044,17965
9045,17966
9046,17969
9047,17973
9048,17977
9049,17978
9050,17979
9051,17982
9052,17985
9053,17986
9054,17989
9055,17998
9056,18000
9057,18001
9058,18003
9059,18006
9060,18009
9061,18010
9062,18011
9063,18014
9064,18015
9065,18016
9066,18017
9067,18018
9068,18020
9069,18021
9070,18023
9071,18029
9072,18030
9073,18031
9074,18033
9075,18040
9076,18042
9077,18043
9078,18045
9079,18047
9080,18049
9081,18050
9082,18051
9083,18052
9084,18053
9085,18056
9086,18058
9087,18059
9088,18062
9089,18063
9090,18064
9091,18068
9092,18069
9093,18070
9094,18071
9095,18072
9096,18073
9097,18075
9098,18076
9099,18078
9100,18080
9101,18082
9102,18084
9103,18085
9104,18086
9105,18087
9106,18089
9107,18090
9108,18091
9109,18094
9110,18095
9111,18096
9112,18097
9113,18099
9114,18100
9115,18102
9116,18103
9117,18104
9118,18105
9119,18109
9120,18111
9121,18114
9122,18115
9123,18117
9124,18120
9125,18121
9126,18122
9127,18123
9128,18124
9129,18125
9130,18126
9131,18127
9132,18129
9133,18130
9134,18131
9135,18134
9136,18135
9137,18139
9138,18140
9139,18144
9140,18146
9141,18147
9142,18148
9143,18155
9144,18156
9145,18157
9146,18160
9147,18162
9148,18163
9149,18164
9150,18165
9151,18166
9152,18169
9153,18171
9154,18174
9155,18175
9156,18177
9157,18180
9158,18183
9159,18184
9160,18185
9161,18187
9162,18188
9163,18191
9164,18192
9165,18193
9166,18194
9167,18201
9168,18203
9169,18204
9170,18206
9171,18207
9172,18209
9173,18211
9174,18214
9175,18218
9176,18219
9177,18221
9178,18227
9179,18232
9180,18233
9181,18234
9182,18235
9183,18236
9184,18238
9185,18240
9186,18243
9187,18244
9188,18247
9189,18248
9190,18251
9191,18252
9192,18253
9193,18254
9194,18262
9195,18265
9196,18268
9197,18270
9198,18274
9199,18279
9200,18281
9201,18282
9202,18283
9203,18284
9204,18286
9205,18287
9206,18293
9207,18295
9208,18297
9209,18298
9210,18302
9211,18303
9212,18304
9213,18307
9214,18309
9215,18310
9216,18311
9217,18312
9218,18317
9219,18319
9220,18326
9221,18327
9222,18328
9223,18331
9224,18332
9225,18333
9226,18334
9227,18335
9228,18336
9229,18337
9230,18341
9231,18342
9232,18343
9233,18345
9234,18349
9235,18350
9236,18352
9237,18355
9238,18356
9239,18358
9240,18360
9241,18362
9242,18367
9243,18371
9244,18372
9245,18373
9246,18379
9247,18380
9248,18381
9249,18383
9250,18385
9251,18386
9252,18387
9253,18388
9254,18389
9255,18391
9256,18393
9257,18394
9258,18395
9259,18396
9260,18397
9261,18400
9262,18401
9263,18404
9264,18405
9265,18406
9266,18412
9267,18413
9268,18414
9269,18416
9270,18418
9271,18419
9272,18422
9273,18426
9274,18427
9275,18433
9276,18435
9277,18437
9278,18441
9279,18444
9280,18447
9281,18449
9282,18451
9283,18452
9284,18457
9285,18458
9286,18459
9287,18460
9288,18461
9289,18465
9290,18466
9291,18467
9292,18470
9293,18472
9294,18473
9295,18475
9296,18480
9297,18481
9298,18488
9299,18489
9300,18492
9301,18495
9302,18497
9303,18498
9304,18502
9305,18503
9306,18504
9307,18505
9308,18507
9309,18509
9310,18510
9311,18511
9312,18512
9313,18515
9314,18516
9315,18517
9316,18523
9317,18526
9318,18527
9319,18528
9320,18529
9321,18530
9322,18531
9323,18532
9324,18534
9325,18535
9326,18536
9327,18540
9328,18541
9329,18542
9330,18543
9331,18545
9332,18551
9333,18557
9334,18559
9335,18565
9336,18566
9337,18569
9338,18570
9339,18574
9340,18575
9341,18576
9342,18578
9343,18581
9344,18586
9345,18589
9346,18590
9347,18591
9348,18593
9349,18595
9350,18598
9351,18600
9352,18601
9353,18609
9354,18611
9355,18612
9356,18616
9357,18622
9358,18623
9359,18626
9360,18627
9361,18628
9362,18629
9363,18631
9364,18632
9365,18641
9366,18642
9367,18645
9368,18646
9369,18647
9370,18649
9371,18657
9372,18658
9373,18661
9374,18663
9375,18664
9376,18668
9377,18669
9378,18672
9379,18674
9380,18676
9381,18677
9382,18678
9383,18680
9384,18681
9385,18683
9386,18684
9387,18687
9388,18688
9389,18689
9390,18690
9391,18692
9392,18699
9393,18705
9394,18708
9395,18710
9396,18711
9397,18712
9398,18713
9399,18719
9400,18720
9401,18721
9402,18722
9403,18725
9404,18728
9405,18730
9406,18731
9407,18732
9408,18733
9409,18738
9410,18740
9411,18742
9412,18746
9413,18749
9414,18751
9415,18756
9416,18762
9417,18764
9418,18765
9419,18766
9420,18767
9421,18768
9422,18770
9423,18773
9424,18774
9425,18775
9426,18778
9427,18779
9428,18780
9429,18781
9430,18789
9431,18791
9432,18793
9433,18796
9434,18797
9435,18798
9436,18799
9437,18800
9438,18801
9439,18804
9440,18808
9441,18809
9442,18810
9443,18814
9444,18816
9445,18817
9446,18819
9447,18820
9448,18823
9449,18824
9450,18825
9451,18826
9452,18832
9453,18833
9454,18834
9455,18835
9456,18836
9457,18837
9458,18838
9459,18842
9460,18843
9461,18845
9462,18849
9463,18855
9464,18856
9465,18857
9466,18859
9467,18860
9468,18867
9469,18868
9470,18871
9471,18876
9472,18877
9473,18878
9474,18879
9475,18883
9476,18884
9477,18885
9478,18886
9479,18892
9480,18893
9481,18896
9482,18898
9483,18900
9484,18901
9485,18902
9486,18907
9487,18909
9488,18910
9489,18911
9490,18913
9491,18914
9492,18917
9493,18918
9494,18926
9495,18927
9496,18928
9497,18929
9498,18931
9499,18932
9500,18933
9501,18935
9502,18936
9503,18937
9504,18938
9505,18939
9506,18940
9507,18945
9508,18946
9509,18947
9510,18948
9511,18953
9512,18954
9513,18955
9514,18956
9515,18958
9516,18962
9517,18965
9518,18966
9519,18967
9520,18968
9521,18970
9522,18977
9523,18978
9524,18980
9525,18983
9526,18984
9527,18987
9528,18988
9529,18989
9530,18996
9531,18999
9532,19000
9533,19001
9534,19004
9535,19007
9536,19008
9537,19009
9538,19010
9539,19011
9540,19014
9541,19015
9542,19016
9543,19017
9544,19018
9545,19019
9546,19024
9547,19032
9548,19036
9549,19039
9550,19042
9551,19043
9552,19044
9553,19047
9554,19050
9555,19051
9556,19057
9557,19058
9558,19059
9559,19061
9560,19062
9561,19063
9562,19064
9563,19071
9564,19072
9565,19075
9566,19076
9567,19077
9568,19078
9569,19081
9570,19086
9571,19087
9572,19088
9573,19089
9574,19091
9575,19097
9576,19098
9577,19099
9578,19101
9579,19102
9580,19103
9581,19107
9582,19108
9583,19111
9584,19114
9585,19115
9586,19117
9587,19119
9588,19120
9589,19122
9590,19123
9591,19132
9592,19135
9593,19137
9594,19146
9595,19148
9596,19149
9597,19150
9598,19151
9599,19154
9600,19157
9601,19158
9602,19161
9603,19167
9604,19168
9605,19169
9606,19170
9607,19172
9608,19173
9609,19174
9610,19178
9611,19179
9612,19180
9613,19186
9614,19187
9615,19188
9616,19189
9617,19190
9618,19195
9619,19198
9620,19200
9621,19201
9622,19203
9623,19204
9624,19205
9625,19207
9626,19208
9627,19209
9628,19210
9629,19211
9630,19214
9631,19222
9632,19223
9633,19227
9634,19230
9635,19231
9636,19232
9637,19234
9638,19235
9639,19236
9640,19238
9641,19242
9642,19243
9643,19244
9644,19245
9645,19249
9646,19250
9647,19253
9648,19254
9649,19257
9650,19270
9651,19274
9652,19275
9653,19276
9654,19279
9655,19280
9656,19281
9657,19282
9658,19283
9659,19284
9660,19287
9661,19288
9662,19290
9663,19294
9664,19295
9665,19297
9666,19299
9667,19303
9668,19310
9669,19311
9670,19312
9671,19315
9672,19317
9673,19319
9674,19324
9675,19327
9676,19329
9677,19332
9678,19334
9679,19338
9680,19340
9681,19342
9682,19343
9683,19344
9684,19347
9685,19348
9686,19349
9687,19350
9688,19353
9689,19354
9690,19357
9691,19359
9692,19360
9693,19365
9694,19366
9695,19367
9696,19368
9697,19371
9698,19372
9699,19373
9700,19374
9701,19375
9702,19376
9703,19377
9704,19378
9705,19379
9706,19382
9707,19383
9708,19384
9709,19385
9710,19387
9711,19388
9712,19389
9713,19390
9714,19396
9715,19402
9716,19403
9717,19404
9718,19405
9719,19406
9720,19407
9721,19414
9722,19418
9723,19419
9724,19420
9725,19421
9726,19423
9727,19425
9728,19427
9729,19428
9730,19432
9731,19433
9732,19434
9733,19442
9734,19443
9735,19444
9736,19448
9737,19450
9738,19456
9739,19457
9740,19458
9741,19461
9742,19463
9743,19464
9744,19465
9745,19467
9746,19468
9747,19469
9748,19470
9749,19472
9750,19476
9751,19477
9752,19478
9753,19479
9754,19480
9755,19481
9756,19482
9757,19483
9758,19484
9759,19487
9760,19488
9761,19490
9762,19492
9763,19494
9764,19497
9765,19501
9766,19508
9767,19511
9768,19515
9769,19518
9770,19526
9771,19529
9772,19530
9773,19534
9774,19535
9775,19536
9776,19538
9777,19539
9778,19540
9779,19541
9780,19547
9781,19549
9782,19550
9783,19551
9784,19552
9785,19554
9786,19556
9787,19557
9788,19558
9789,19561
9790,19562
9791,19563
9792,19564
9793,19565
9794,19567
9795,19570
9796,19572
9797,19573
9798,19574
9799,19575
9800,19576
9801,19577
9802,19578
9803,19580
9804,19581
9805,19582
9806,19583
9807,19584
9808,19586
9809,19588
9810,19593
9811,19596
9812,19602
9813,19603
9814,19605
9815,19607
9816,19608
9817,19609
9818,19611
9819,19612
9820,19615
9821,19622
9822,19623
9823,19624
9824,19630
9825,19633
9826,19634
9827,19635
9828,19636
9829,19637
9830,19638
9831,19639
9832,19651
9833,19652
9834,19653
9835,19654
9836,19659
9837,19660
9838,19662
9839,19663
9840,19664
9841,19667
9842,19673
9843,19674
9844,19675
9845,19676
9846,19678
9847,19681
9848,19682
9849,19683
9850,19684
9851,19687
9852,19692
9853,19693
9854,19698
9855,19699
9856,19700
9857,19703
9858,19704
9859,19712
9860,19713
9861,19714
9862,19715
9863,19716
9864,19717
9865,19719
9866,19724
9867,19726
9868,19727
9869,19729
9870,19730
9871,19731
9872,19732
9873,19734
9874,19735
9875,19738
9876,19740
9877,19742
9878,19743
9879,19744
9880,19746
9881,19748
9882,19754
9883,19757
9884,19760
9885,19765
9886,19766
9887,19767
9888,19768
9889,19770
9890,19775
9891,19776
9892,19778
9893,19779
9894,19783
9895,19784
9896,19785
9897,19788
9898,19794
9899,19796
9900,19798
9901,19801
9902,19803
9903,19804
9904,19810
9905,19811
9906,19813
9907,19814
9908,19817
9909,19818
9910,19819
9911,19822
9912,19823
9913,19827
9914,19828
9915,19831
9916,19838
9917,19844
9918,19845
9919,19848
9920,19852
9921,19853
9922,19854
9923,19857
9924,19858
9925,19860
9926,19861
9927,19862
9928,19865
9929,19866
9930,19867
9931,19870
9932,19871
9933,19876
9934,19881
9935,19882
9936,19883
9937,19884
9938,19885
9939,19886
9940,19887
9941,19889
9942,19890
9943,19897
9944,19898
9945,19900
9946,19904
9947,19905
9948,19906
9949,19908
9950,19911
9951,19917
9952,19921
9953,19922
9954,19925
9955,19926
9956,19930
9957,19935
9958,19936
9959,19939
9960,19940
9961,19945
9962,19952
9963,19953
9964,19955
9965,19956
9966,19959
9967,19960
9968,19961
9969,19962
9970,19963
9971,19964
9972,19965
9973,19966
9974,19969
9975,19970
9976,19972
9977,19974
9978,19981
9979,19983
9980,19984
9981,19986
9982,19987
9983,19988
9984,19989
9985,19990
9986,19991
9987,19992
9988,19995
9989,19996
9990,19998
9991,20002
9992,20004
9993,20011
9994,20012
9995,20013
9996,20018
9997,20019
9998,20020
9999,20021
10000,20022
