website_session_id,landing_page
1,/home
2,/home
3,/home
4,/home
5,/home
6,/home
7,/home
8,/home
9,/home
10,/home
11,/home
12,/home
13,/home
14,/home
15,/home
16,/home
17,/home
18,/home
19,/home
20,/home
21,/home
22,/home
23,/home
24,/home
25,/home
26,/home
27,/home
28,/home
29,/home
30,/home
31,/home
32,/home
33,/home
34,/home
35,/home
36,/home
37,/home
38,/home
39,/home
40,/home
41,/home
42,/home
43,/home
44,/home
45,/home
46,/home
47,/home
48,/home
49,/home
50,/home
51,/home
52,/home
53,/home
54,/home
55,/home
56,/home
57,/home
58,/home
59,/home
60,/home
61,/home
62,/home
63,/home
64,/home
65,/home
66,/home
67,/home
68,/home
69,/home
70,/home
71,/home
72,/home
73,/home
74,/home
75,/home
76,/home
77,/home
78,/home
79,/home
80,/home
81,/home
82,/home
83,/home
84,/home
85,/home
86,/home
87,/home
88,/home
89,/home
90,/home
91,/home
92,/home
93,/home
94,/home
95,/home
96,/home
97,/home
98,/home
99,/home
100,/home
101,/home
102,/home
103,/home
104,/home
105,/home
106,/home
107,/home
108,/home
109,/home
110,/home
111,/home
112,/home
113,/home
114,/home
115,/home
116,/home
117,/home
118,/home
119,/home
120,/home
121,/home
122,/home
123,/home
124,/home
125,/home
126,/home
127,/home
128,/home
129,/home
130,/home
131,/home
132,/home
133,/home
134,/home
135,/home
136,/home
137,/home
138,/home
139,/home
140,/home
141,/home
142,/home
143,/home
144,/home
145,/home
146,/home
147,/home
148,/home
149,/home
150,/home
151,/home
152,/home
153,/home
154,/home
155,/home
156,/home
157,/home
158,/home
159,/home
160,/home
161,/home
162,/home
163,/home
164,/home
165,/home
166,/home
167,/home
168,/home
169,/home
170,/home
171,/home
172,/home
173,/home
174,/home
175,/home
176,/home
177,/home
178,/home
179,/home
180,/home
181,/home
182,/home
183,/home
184,/home
185,/home
186,/home
187,/home
188,/home
189,/home
190,/home
191,/home
192,/home
193,/home
194,/home
195,/home
196,/home
197,/home
198,/home
199,/home
200,/home
201,/home
202,/home
203,/home
204,/home
205,/home
206,/home
207,/home
208,/home
209,/home
210,/home
211,/home
212,/home
213,/home
214,/home
215,/home
216,/home
217,/home
218,/home
219,/home
220,/home
221,/home
222,/home
223,/home
224,/home
225,/home
226,/home
227,/home
228,/home
229,/home
230,/home
231,/home
232,/home
233,/home
234,/home
235,/home
236,/home
237,/home
238,/home
239,/home
240,/home
241,/home
242,/home
243,/home
244,/home
245,/home
246,/home
247,/home
248,/home
249,/home
250,/home
251,/home
252,/home
253,/home
254,/home
255,/home
256,/home
257,/home
258,/home
259,/home
260,/home
261,/home
262,/home
263,/home
264,/home
265,/home
266,/home
267,/home
268,/home
269,/home
270,/home
271,/home
272,/home
273,/home
274,/home
275,/home
276,/home
277,/home
278,/home
279,/home
280,/home
281,/home
282,/home
283,/home
284,/home
285,/home
286,/home
287,/home
288,/home
289,/home
290,/home
291,/home
292,/home
293,/home
294,/home
295,/home
296,/home
297,/home
298,/home
299,/home
300,/home
301,/home
302,/home
303,/home
304,/home
305,/home
306,/home
307,/home
308,/home
309,/home
310,/home
311,/home
312,/home
313,/home
314,/home
315,/home
316,/home
317,/home
318,/home
319,/home
320,/home
321,/home
322,/home
323,/home
324,/home
325,/home
326,/home
327,/home
328,/home
329,/home
330,/home
331,/home
332,/home
333,/home
334,/home
335,/home
336,/home
337,/home
338,/home
339,/home
340,/home
341,/home
342,/home
343,/home
344,/home
345,/home
346,/home
347,/home
348,/home
349,/home
350,/home
351,/home
352,/home
353,/home
354,/home
355,/home
356,/home
357,/home
358,/home
359,/home
360,/home
361,/home
362,/home
363,/home
364,/home
365,/home
366,/home
367,/home
368,/home
369,/home
370,/home
371,/home
372,/home
373,/home
374,/home
375,/home
376,/home
377,/home
378,/home
379,/home
380,/home
381,/home
382,/home
383,/home
384,/home
385,/home
386,/home
387,/home
388,/home
389,/home
390,/home
391,/home
392,/home
393,/home
394,/home
395,/home
396,/home
397,/home
398,/home
399,/home
400,/home
401,/home
402,/home
403,/home
404,/home
405,/home
406,/home
407,/home
408,/home
409,/home
410,/home
411,/home
412,/home
413,/home
414,/home
415,/home
416,/home
417,/home
418,/home
419,/home
420,/home
421,/home
422,/home
423,/home
424,/home
425,/home
426,/home
427,/home
428,/home
429,/home
430,/home
431,/home
432,/home
433,/home
434,/home
435,/home
436,/home
437,/home
438,/home
439,/home
440,/home
441,/home
442,/home
443,/home
444,/home
445,/home
446,/home
447,/home
448,/home
449,/home
450,/home
451,/home
452,/home
453,/home
454,/home
455,/home
456,/home
457,/home
458,/home
459,/home
460,/home
461,/home
462,/home
463,/home
464,/home
465,/home
466,/home
467,/home
468,/home
469,/home
470,/home
471,/home
472,/home
473,/home
474,/home
475,/home
476,/home
477,/home
478,/home
479,/home
480,/home
481,/home
482,/home
483,/home
484,/home
485,/home
486,/home
487,/home
488,/home
489,/home
490,/home
491,/home
492,/home
493,/home
494,/home
495,/home
496,/home
497,/home
498,/home
499,/home
500,/home
501,/home
502,/home
503,/home
504,/home
505,/home
506,/home
507,/home
508,/home
509,/home
510,/home
511,/home
512,/home
513,/home
514,/home
515,/home
516,/home
517,/home
518,/home
519,/home
520,/home
521,/home
522,/home
523,/home
524,/home
525,/home
526,/home
527,/home
528,/home
529,/home
530,/home
531,/home
532,/home
533,/home
534,/home
535,/home
536,/home
537,/home
538,/home
539,/home
540,/home
541,/home
542,/home
543,/home
544,/home
545,/home
546,/home
547,/home
548,/home
549,/home
550,/home
551,/home
552,/home
553,/home
554,/home
555,/home
556,/home
557,/home
558,/home
559,/home
560,/home
561,/home
562,/home
563,/home
564,/home
565,/home
566,/home
567,/home
568,/home
569,/home
570,/home
571,/home
572,/home
573,/home
574,/home
575,/home
576,/home
577,/home
578,/home
579,/home
580,/home
581,/home
582,/home
583,/home
584,/home
585,/home
586,/home
587,/home
588,/home
589,/home
590,/home
591,/home
592,/home
593,/home
594,/home
595,/home
596,/home
597,/home
598,/home
599,/home
600,/home
601,/home
602,/home
603,/home
604,/home
605,/home
606,/home
607,/home
608,/home
609,/home
610,/home
611,/home
612,/home
613,/home
614,/home
615,/home
616,/home
617,/home
618,/home
619,/home
620,/home
621,/home
622,/home
623,/home
624,/home
625,/home
626,/home
627,/home
628,/home
629,/home
630,/home
631,/home
632,/home
633,/home
634,/home
635,/home
636,/home
637,/home
638,/home
639,/home
640,/home
641,/home
642,/home
643,/home
644,/home
645,/home
646,/home
647,/home
648,/home
649,/home
650,/home
651,/home
652,/home
653,/home
654,/home
655,/home
656,/home
657,/home
658,/home
659,/home
660,/home
661,/home
662,/home
663,/home
664,/home
665,/home
666,/home
667,/home
668,/home
669,/home
670,/home
671,/home
672,/home
673,/home
674,/home
675,/home
676,/home
677,/home
678,/home
679,/home
680,/home
681,/home
682,/home
683,/home
684,/home
685,/home
686,/home
687,/home
688,/home
689,/home
690,/home
691,/home
692,/home
693,/home
694,/home
695,/home
696,/home
697,/home
698,/home
699,/home
700,/home
701,/home
702,/home
703,/home
704,/home
705,/home
706,/home
707,/home
708,/home
709,/home
710,/home
711,/home
712,/home
713,/home
714,/home
715,/home
716,/home
717,/home
718,/home
719,/home
720,/home
721,/home
722,/home
723,/home
724,/home
725,/home
726,/home
727,/home
728,/home
729,/home
730,/home
731,/home
732,/home
733,/home
734,/home
735,/home
736,/home
737,/home
738,/home
739,/home
740,/home
741,/home
742,/home
743,/home
744,/home
745,/home
746,/home
747,/home
748,/home
749,/home
750,/home
751,/home
752,/home
753,/home
754,/home
755,/home
756,/home
757,/home
758,/home
759,/home
760,/home
761,/home
762,/home
763,/home
764,/home
765,/home
766,/home
767,/home
768,/home
769,/home
770,/home
771,/home
772,/home
773,/home
774,/home
775,/home
776,/home
777,/home
778,/home
779,/home
780,/home
781,/home
782,/home
783,/home
784,/home
785,/home
786,/home
787,/home
788,/home
789,/home
790,/home
791,/home
792,/home
793,/home
794,/home
795,/home
796,/home
797,/home
798,/home
799,/home
800,/home
801,/home
802,/home
803,/home
804,/home
805,/home
806,/home
807,/home
808,/home
809,/home
810,/home
811,/home
812,/home
813,/home
814,/home
815,/home
816,/home
817,/home
818,/home
819,/home
820,/home
821,/home
822,/home
823,/home
824,/home
825,/home
826,/home
827,/home
828,/home
829,/home
830,/home
831,/home
832,/home
833,/home
834,/home
835,/home
836,/home
837,/home
838,/home
839,/home
840,/home
841,/home
842,/home
843,/home
844,/home
845,/home
846,/home
847,/home
848,/home
849,/home
850,/home
851,/home
852,/home
853,/home
854,/home
855,/home
856,/home
857,/home
858,/home
859,/home
860,/home
861,/home
862,/home
863,/home
864,/home
865,/home
866,/home
867,/home
868,/home
869,/home
870,/home
871,/home
872,/home
873,/home
874,/home
875,/home
876,/home
877,/home
878,/home
879,/home
880,/home
881,/home
882,/home
883,/home
884,/home
885,/home
886,/home
887,/home
888,/home
889,/home
890,/home
891,/home
892,/home
893,/home
894,/home
895,/home
896,/home
897,/home
898,/home
899,/home
900,/home
901,/home
902,/home
903,/home
904,/home
905,/home
906,/home
907,/home
908,/home
909,/home
910,/home
911,/home
912,/home
913,/home
914,/home
915,/home
916,/home
917,/home
918,/home
919,/home
920,/home
921,/home
922,/home
923,/home
924,/home
925,/home
926,/home
927,/home
928,/home
929,/home
930,/home
931,/home
932,/home
933,/home
934,/home
935,/home
936,/home
937,/home
938,/home
939,/home
940,/home
941,/home
942,/home
943,/home
944,/home
945,/home
946,/home
947,/home
948,/home
949,/home
950,/home
951,/home
952,/home
953,/home
954,/home
955,/home
956,/home
957,/home
958,/home
959,/home
960,/home
961,/home
962,/home
963,/home
964,/home
965,/home
966,/home
967,/home
968,/home
969,/home
970,/home
971,/home
972,/home
973,/home
974,/home
975,/home
976,/home
977,/home
978,/home
979,/home
980,/home
981,/home
982,/home
983,/home
984,/home
985,/home
986,/home
987,/home
988,/home
989,/home
990,/home
991,/home
992,/home
993,/home
994,/home
995,/home
996,/home
997,/home
998,/home
999,/home
1000,/home
1001,/home
1002,/home
1003,/home
1004,/home
1005,/home
1006,/home
1007,/home
1008,/home
1009,/home
1010,/home
1011,/home
1012,/home
1013,/home
1014,/home
1015,/home
1016,/home
1017,/home
1018,/home
1019,/home
1020,/home
1021,/home
1022,/home
1023,/home
1024,/home
1025,/home
1026,/home
1027,/home
1028,/home
1029,/home
1030,/home
1031,/home
1032,/home
1033,/home
1034,/home
1035,/home
1036,/home
1037,/home
1038,/home
1039,/home
1040,/home
1041,/home
1042,/home
1043,/home
1044,/home
1045,/home
1046,/home
1047,/home
1048,/home
1049,/home
1050,/home
1051,/home
1052,/home
1053,/home
1054,/home
1055,/home
1056,/home
1057,/home
1058,/home
1059,/home
1060,/home
1061,/home
1062,/home
1063,/home
1064,/home
1065,/home
1066,/home
1067,/home
1068,/home
1069,/home
1070,/home
1071,/home
1072,/home
1073,/home
1074,/home
1075,/home
1076,/home
1077,/home
1078,/home
1079,/home
1080,/home
1081,/home
1082,/home
1083,/home
1084,/home
1085,/home
1086,/home
1087,/home
1088,/home
1089,/home
1090,/home
1091,/home
1092,/home
1093,/home
1094,/home
1095,/home
1096,/home
1097,/home
1098,/home
1099,/home
1100,/home
1101,/home
1102,/home
1103,/home
1104,/home
1105,/home
1106,/home
1107,/home
1108,/home
1109,/home
1110,/home
1111,/home
1112,/home
1113,/home
1114,/home
1115,/home
1116,/home
1117,/home
1118,/home
1119,/home
1120,/home
1121,/home
1122,/home
1123,/home
1124,/home
1125,/home
1126,/home
1127,/home
1128,/home
1129,/home
1130,/home
1131,/home
1132,/home
1133,/home
1134,/home
1135,/home
1136,/home
1137,/home
1138,/home
1139,/home
1140,/home
1141,/home
1142,/home
1143,/home
1144,/home
1145,/home
1146,/home
1147,/home
1148,/home
1149,/home
1150,/home
1151,/home
1152,/home
1153,/home
1154,/home
1155,/home
1156,/home
1157,/home
1158,/home
1159,/home
1160,/home
1161,/home
1162,/home
1163,/home
1164,/home
1165,/home
1166,/home
1167,/home
1168,/home
1169,/home
1170,/home
1171,/home
1172,/home
1173,/home
1174,/home
1175,/home
1176,/home
1177,/home
1178,/home
1179,/home
1180,/home
1181,/home
1182,/home
1183,/home
1184,/home
1185,/home
1186,/home
1187,/home
1188,/home
1189,/home
1190,/home
1191,/home
1192,/home
1193,/home
1194,/home
1195,/home
1196,/home
1197,/home
1198,/home
1199,/home
1200,/home
1201,/home
1202,/home
1203,/home
1204,/home
1205,/home
1206,/home
1207,/home
1208,/home
1209,/home
1210,/home
1211,/home
1212,/home
1213,/home
1214,/home
1215,/home
1216,/home
1217,/home
1218,/home
1219,/home
1220,/home
1221,/home
1222,/home
1223,/home
1224,/home
1225,/home
1226,/home
1227,/home
1228,/home
1229,/home
1230,/home
1231,/home
1232,/home
1233,/home
1234,/home
1235,/home
1236,/home
1237,/home
1238,/home
1239,/home
1240,/home
1241,/home
1242,/home
1243,/home
1244,/home
1245,/home
1246,/home
1247,/home
1248,/home
1249,/home
1250,/home
1251,/home
1252,/home
1253,/home
1254,/home
1255,/home
1256,/home
1257,/home
1258,/home
1259,/home
1260,/home
1261,/home
1262,/home
1263,/home
1264,/home
1265,/home
1266,/home
1267,/home
1268,/home
1269,/home
1270,/home
1271,/home
1272,/home
1273,/home
1274,/home
1275,/home
1276,/home
1277,/home
1278,/home
1279,/home
1280,/home
1281,/home
1282,/home
1283,/home
1284,/home
1285,/home
1286,/home
1287,/home
1288,/home
1289,/home
1290,/home
1291,/home
1292,/home
1293,/home
1294,/home
1295,/home
1296,/home
1297,/home
1298,/home
1299,/home
1300,/home
1301,/home
1302,/home
1303,/home
1304,/home
1305,/home
1306,/home
1307,/home
1308,/home
1309,/home
1310,/home
1311,/home
1312,/home
1313,/home
1314,/home
1315,/home
1316,/home
1317,/home
1318,/home
1319,/home
1320,/home
1321,/home
1322,/home
1323,/home
1324,/home
1325,/home
1326,/home
1327,/home
1328,/home
1329,/home
1330,/home
1331,/home
1332,/home
1333,/home
1334,/home
1335,/home
1336,/home
1337,/home
1338,/home
1339,/home
1340,/home
1341,/home
1342,/home
1343,/home
1344,/home
1345,/home
1346,/home
1347,/home
1348,/home
1349,/home
1350,/home
1351,/home
1352,/home
1353,/home
1354,/home
1355,/home
1356,/home
1357,/home
1358,/home
1359,/home
1360,/home
1361,/home
1362,/home
1363,/home
1364,/home
1365,/home
1366,/home
1367,/home
1368,/home
1369,/home
1370,/home
1371,/home
1372,/home
1373,/home
1374,/home
1375,/home
1376,/home
1377,/home
1378,/home
1379,/home
1380,/home
1381,/home
1382,/home
1383,/home
1384,/home
1385,/home
1386,/home
1387,/home
1388,/home
1389,/home
1390,/home
1391,/home
1392,/home
1393,/home
1394,/home
1395,/home
1396,/home
1397,/home
1398,/home
1399,/home
1400,/home
1401,/home
1402,/home
1403,/home
1404,/home
1405,/home
1406,/home
1407,/home
1408,/home
1409,/home
1410,/home
1411,/home
1412,/home
1413,/home
1414,/home
1415,/home
1416,/home
1417,/home
1418,/home
1419,/home
1420,/home
1421,/home
1422,/home
1423,/home
1424,/home
1425,/home
1426,/home
1427,/home
1428,/home
1429,/home
1430,/home
1431,/home
1432,/home
1433,/home
1434,/home
1435,/home
1436,/home
1437,/home
1438,/home
1439,/home
1440,/home
1441,/home
1442,/home
1443,/home
1444,/home
1445,/home
1446,/home
1447,/home
1448,/home
1449,/home
1450,/home
1451,/home
1452,/home
1453,/home
1454,/home
1455,/home
1456,/home
1457,/home
1458,/home
1459,/home
1460,/home
1461,/home
1462,/home
1463,/home
1464,/home
1465,/home
1466,/home
1467,/home
1468,/home
1469,/home
1470,/home
1471,/home
1472,/home
1473,/home
1474,/home
1475,/home
1476,/home
1477,/home
1478,/home
1479,/home
1480,/home
1481,/home
1482,/home
1483,/home
1484,/home
1485,/home
1486,/home
1487,/home
1488,/home
1489,/home
1490,/home
1491,/home
1492,/home
1493,/home
1494,/home
1495,/home
1496,/home
1497,/home
1498,/home
1499,/home
1500,/home
1501,/home
1502,/home
1503,/home
1504,/home
1505,/home
1506,/home
1507,/home
1508,/home
1509,/home
1510,/home
1511,/home
1512,/home
1513,/home
1514,/home
1515,/home
1516,/home
1517,/home
1518,/home
1519,/home
1520,/home
1521,/home
1522,/home
1523,/home
1524,/home
1525,/home
1526,/home
1527,/home
1528,/home
1529,/home
1530,/home
1531,/home
1532,/home
1533,/home
1534,/home
1535,/home
1536,/home
1537,/home
1538,/home
1539,/home
1540,/home
1541,/home
1542,/home
1543,/home
1544,/home
1545,/home
1546,/home
1547,/home
1548,/home
1549,/home
1550,/home
1551,/home
1552,/home
1553,/home
1554,/home
1555,/home
1556,/home
1557,/home
1558,/home
1559,/home
1560,/home
1561,/home
1562,/home
1563,/home
1564,/home
1565,/home
1566,/home
1567,/home
1568,/home
1569,/home
1570,/home
1571,/home
1572,/home
1573,/home
1574,/home
1575,/home
1576,/home
1577,/home
1578,/home
1579,/home
1580,/home
1581,/home
1582,/home
1583,/home
1584,/home
1585,/home
1586,/home
1587,/home
1588,/home
1589,/home
1590,/home
1591,/home
1592,/home
1593,/home
1594,/home
1595,/home
1596,/home
1597,/home
1598,/home
1599,/home
1600,/home
1601,/home
1602,/home
1603,/home
1604,/home
1605,/home
1606,/home
1607,/home
1608,/home
1609,/home
1610,/home
1611,/home
1612,/home
1613,/home
1614,/home
1615,/home
1616,/home
1617,/home
1618,/home
1619,/home
1620,/home
1621,/home
1622,/home
1623,/home
1624,/home
1625,/home
1626,/home
1627,/home
1628,/home
1629,/home
1630,/home
1631,/home
1632,/home
1633,/home
1634,/home
1635,/home
1636,/home
1637,/home
1638,/home
1639,/home
1640,/home
1641,/home
1642,/home
1643,/home
1644,/home
1645,/home
1646,/home
1647,/home
1648,/home
1649,/home
1650,/home
1651,/home
1652,/home
1653,/home
1654,/home
1655,/home
1656,/home
1657,/home
1658,/home
1659,/home
1660,/home
1661,/home
1662,/home
1663,/home
1664,/home
1665,/home
1666,/home
1667,/home
1668,/home
1669,/home
1670,/home
1671,/home
1672,/home
1673,/home
1674,/home
1675,/home
1676,/home
1677,/home
1678,/home
1679,/home
1680,/home
1681,/home
1682,/home
1683,/home
1684,/home
1685,/home
1686,/home
1687,/home
1688,/home
1689,/home
1690,/home
1691,/home
1692,/home
1693,/home
1694,/home
1695,/home
1696,/home
1697,/home
1698,/home
1699,/home
1700,/home
1701,/home
1702,/home
1703,/home
1704,/home
1705,/home
1706,/home
1707,/home
1708,/home
1709,/home
1710,/home
1711,/home
1712,/home
1713,/home
1714,/home
1715,/home
1716,/home
1717,/home
1718,/home
1719,/home
1720,/home
1721,/home
1722,/home
1723,/home
1724,/home
1725,/home
1726,/home
1727,/home
1728,/home
1729,/home
1730,/home
1731,/home
1732,/home
1733,/home
1734,/home
1735,/home
1736,/home
1737,/home
1738,/home
1739,/home
1740,/home
1741,/home
1742,/home
1743,/home
1744,/home
1745,/home
1746,/home
1747,/home
1748,/home
1749,/home
1750,/home
1751,/home
1752,/home
1753,/home
1754,/home
1755,/home
1756,/home
1757,/home
1758,/home
1759,/home
1760,/home
1761,/home
1762,/home
1763,/home
1764,/home
1765,/home
1766,/home
1767,/home
1768,/home
1769,/home
1770,/home
1771,/home
1772,/home
1773,/home
1774,/home
1775,/home
1776,/home
1777,/home
1778,/home
1779,/home
1780,/home
1781,/home
1782,/home
1783,/home
1784,/home
1785,/home
1786,/home
1787,/home
1788,/home
1789,/home
1790,/home
1791,/home
1792,/home
1793,/home
1794,/home
1795,/home
1796,/home
1797,/home
1798,/home
1799,/home
1800,/home
1801,/home
1802,/home
1803,/home
1804,/home
1805,/home
1806,/home
1807,/home
1808,/home
1809,/home
1810,/home
1811,/home
1812,/home
1813,/home
1814,/home
1815,/home
1816,/home
1817,/home
1818,/home
1819,/home
1820,/home
1821,/home
1822,/home
1823,/home
1824,/home
1825,/home
1826,/home
1827,/home
1828,/home
1829,/home
1830,/home
1831,/home
1832,/home
1833,/home
1834,/home
1835,/home
1836,/home
1837,/home
1838,/home
1839,/home
1840,/home
1841,/home
1842,/home
1843,/home
1844,/home
1845,/home
1846,/home
1847,/home
1848,/home
1849,/home
1850,/home
1851,/home
1852,/home
1853,/home
1854,/home
1855,/home
1856,/home
1857,/home
1858,/home
1859,/home
1860,/home
1861,/home
1862,/home
1863,/home
1864,/home
1865,/home
1866,/home
1867,/home
1868,/home
1869,/home
1870,/home
1871,/home
1872,/home
1873,/home
1874,/home
1875,/home
1876,/home
1877,/home
1878,/home
1879,/home
1880,/home
1881,/home
1882,/home
1883,/home
1884,/home
1885,/home
1886,/home
1887,/home
1888,/home
1889,/home
1890,/home
1891,/home
1892,/home
1893,/home
1894,/home
1895,/home
1896,/home
1897,/home
1898,/home
1899,/home
1900,/home
1901,/home
1902,/home
1903,/home
1904,/home
1905,/home
1906,/home
1907,/home
1908,/home
1909,/home
1910,/home
1911,/home
1912,/home
1913,/home
1914,/home
1915,/home
1916,/home
1917,/home
1918,/home
1919,/home
1920,/home
1921,/home
1922,/home
1923,/home
1924,/home
1925,/home
1926,/home
1927,/home
1928,/home
1929,/home
1930,/home
1931,/home
1932,/home
1933,/home
1934,/home
1935,/home
1936,/home
1937,/home
1938,/home
1939,/home
1940,/home
1941,/home
1942,/home
1943,/home
1944,/home
1945,/home
1946,/home
1947,/home
1948,/home
1949,/home
1950,/home
1951,/home
1952,/home
1953,/home
1954,/home
1955,/home
1956,/home
1957,/home
1958,/home
1959,/home
1960,/home
1961,/home
1962,/home
1963,/home
1964,/home
1965,/home
1966,/home
1967,/home
1968,/home
1969,/home
1970,/home
1971,/home
1972,/home
1973,/home
1974,/home
1975,/home
1976,/home
1977,/home
1978,/home
1979,/home
1980,/home
1981,/home
1982,/home
1983,/home
1984,/home
1985,/home
1986,/home
1987,/home
1988,/home
1989,/home
1990,/home
1991,/home
1992,/home
1993,/home
1994,/home
1995,/home
1996,/home
1997,/home
1998,/home
1999,/home
2000,/home
2001,/home
2002,/home
2003,/home
2004,/home
2005,/home
2006,/home
2007,/home
2008,/home
2009,/home
2010,/home
2011,/home
2012,/home
2013,/home
2014,/home
2015,/home
2016,/home
2017,/home
2018,/home
2019,/home
2020,/home
2021,/home
2022,/home
2023,/home
2024,/home
2025,/home
2026,/home
2027,/home
2028,/home
2029,/home
2030,/home
2031,/home
2032,/home
2033,/home
2034,/home
2035,/home
2036,/home
2037,/home
2038,/home
2039,/home
2040,/home
2041,/home
2042,/home
2043,/home
2044,/home
2045,/home
2046,/home
2047,/home
2048,/home
2049,/home
2050,/home
2051,/home
2052,/home
2053,/home
2054,/home
2055,/home
2056,/home
2057,/home
2058,/home
2059,/home
2060,/home
2061,/home
2062,/home
2063,/home
2064,/home
2065,/home
2066,/home
2067,/home
2068,/home
2069,/home
2070,/home
2071,/home
2072,/home
2073,/home
2074,/home
2075,/home
2076,/home
2077,/home
2078,/home
2079,/home
2080,/home
2081,/home
2082,/home
2083,/home
2084,/home
2085,/home
2086,/home
2087,/home
2088,/home
2089,/home
2090,/home
2091,/home
2092,/home
2093,/home
2094,/home
2095,/home
2096,/home
2097,/home
2098,/home
2099,/home
2100,/home
2101,/home
2102,/home
2103,/home
2104,/home
2105,/home
2106,/home
2107,/home
2108,/home
2109,/home
2110,/home
2111,/home
2112,/home
2113,/home
2114,/home
2115,/home
2116,/home
2117,/home
2118,/home
2119,/home
2120,/home
2121,/home
2122,/home
2123,/home
2124,/home
2125,/home
2126,/home
2127,/home
2128,/home
2129,/home
2130,/home
2131,/home
2132,/home
2133,/home
2134,/home
2135,/home
2136,/home
2137,/home
2138,/home
2139,/home
2140,/home
2141,/home
2142,/home
2143,/home
2144,/home
2145,/home
2146,/home
2147,/home
2148,/home
2149,/home
2150,/home
2151,/home
2152,/home
2153,/home
2154,/home
2155,/home
2156,/home
2157,/home
2158,/home
2159,/home
2160,/home
2161,/home
2162,/home
2163,/home
2164,/home
2165,/home
2166,/home
2167,/home
2168,/home
2169,/home
2170,/home
2171,/home
2172,/home
2173,/home
2174,/home
2175,/home
2176,/home
2177,/home
2178,/home
2179,/home
2180,/home
2181,/home
2182,/home
2183,/home
2184,/home
2185,/home
2186,/home
2187,/home
2188,/home
2189,/home
2190,/home
2191,/home
2192,/home
2193,/home
2194,/home
2195,/home
2196,/home
2197,/home
2198,/home
2199,/home
2200,/home
2201,/home
2202,/home
2203,/home
2204,/home
2205,/home
2206,/home
2207,/home
2208,/home
2209,/home
2210,/home
2211,/home
2212,/home
2213,/home
2214,/home
2215,/home
2216,/home
2217,/home
2218,/home
2219,/home
2220,/home
2221,/home
2222,/home
2223,/home
2224,/home
2225,/home
2226,/home
2227,/home
2228,/home
2229,/home
2230,/home
2231,/home
2232,/home
2233,/home
2234,/home
2235,/home
2236,/home
2237,/home
2238,/home
2239,/home
2240,/home
2241,/home
2242,/home
2243,/home
2244,/home
2245,/home
2246,/home
2247,/home
2248,/home
2249,/home
2250,/home
2251,/home
2252,/home
2253,/home
2254,/home
2255,/home
2256,/home
2257,/home
2258,/home
2259,/home
2260,/home
2261,/home
2262,/home
2263,/home
2264,/home
2265,/home
2266,/home
2267,/home
2268,/home
2269,/home
2270,/home
2271,/home
2272,/home
2273,/home
2274,/home
2275,/home
2276,/home
2277,/home
2278,/home
2279,/home
2280,/home
2281,/home
2282,/home
2283,/home
2284,/home
2285,/home
2286,/home
2287,/home
2288,/home
2289,/home
2290,/home
2291,/home
2292,/home
2293,/home
2294,/home
2295,/home
2296,/home
2297,/home
2298,/home
2299,/home
2300,/home
2301,/home
2302,/home
2303,/home
2304,/home
2305,/home
2306,/home
2307,/home
2308,/home
2309,/home
2310,/home
2311,/home
2312,/home
2313,/home
2314,/home
2315,/home
2316,/home
2317,/home
2318,/home
2319,/home
2320,/home
2321,/home
2322,/home
2323,/home
2324,/home
2325,/home
2326,/home
2327,/home
2328,/home
2329,/home
2330,/home
2331,/home
2332,/home
2333,/home
2334,/home
2335,/home
2336,/home
2337,/home
2338,/home
2339,/home
2340,/home
2341,/home
2342,/home
2343,/home
2344,/home
2345,/home
2346,/home
2347,/home
2348,/home
2349,/home
2350,/home
2351,/home
2352,/home
2353,/home
2354,/home
2355,/home
2356,/home
2357,/home
2358,/home
2359,/home
2360,/home
2361,/home
2362,/home
2363,/home
2364,/home
2365,/home
2366,/home
2367,/home
2368,/home
2369,/home
2370,/home
2371,/home
2372,/home
2373,/home
2374,/home
2375,/home
2376,/home
2377,/home
2378,/home
2379,/home
2380,/home
2381,/home
2382,/home
2383,/home
2384,/home
2385,/home
2386,/home
2387,/home
2388,/home
2389,/home
2390,/home
2391,/home
2392,/home
2393,/home
2394,/home
2395,/home
2396,/home
2397,/home
2398,/home
2399,/home
2400,/home
2401,/home
2402,/home
2403,/home
2404,/home
2405,/home
2406,/home
2407,/home
2408,/home
2409,/home
2410,/home
2411,/home
2412,/home
2413,/home
2414,/home
2415,/home
2416,/home
2417,/home
2418,/home
2419,/home
2420,/home
2421,/home
2422,/home
2423,/home
2424,/home
2425,/home
2426,/home
2427,/home
2428,/home
2429,/home
2430,/home
2431,/home
2432,/home
2433,/home
2434,/home
2435,/home
2436,/home
2437,/home
2438,/home
2439,/home
2440,/home
2441,/home
2442,/home
2443,/home
2444,/home
2445,/home
2446,/home
2447,/home
2448,/home
2449,/home
2450,/home
2451,/home
2452,/home
2453,/home
2454,/home
2455,/home
2456,/home
2457,/home
2458,/home
2459,/home
2460,/home
2461,/home
2462,/home
2463,/home
2464,/home
2465,/home
2466,/home
2467,/home
2468,/home
2469,/home
2470,/home
2471,/home
2472,/home
2473,/home
2474,/home
2475,/home
2476,/home
2477,/home
2478,/home
2479,/home
2480,/home
2481,/home
2482,/home
2483,/home
2484,/home
2485,/home
2486,/home
2487,/home
2488,/home
2489,/home
2490,/home
2491,/home
2492,/home
2493,/home
2494,/home
2495,/home
2496,/home
2497,/home
2498,/home
2499,/home
2500,/home
2501,/home
2502,/home
2503,/home
2504,/home
2505,/home
2506,/home
2507,/home
2508,/home
2509,/home
2510,/home
2511,/home
2512,/home
2513,/home
2514,/home
2515,/home
2516,/home
2517,/home
2518,/home
2519,/home
2520,/home
2521,/home
2522,/home
2523,/home
2524,/home
2525,/home
2526,/home
2527,/home
2528,/home
2529,/home
2530,/home
2531,/home
2532,/home
2533,/home
2534,/home
2535,/home
2536,/home
2537,/home
2538,/home
2539,/home
2540,/home
2541,/home
2542,/home
2543,/home
2544,/home
2545,/home
2546,/home
2547,/home
2548,/home
2549,/home
2550,/home
2551,/home
2552,/home
2553,/home
2554,/home
2555,/home
2556,/home
2557,/home
2558,/home
2559,/home
2560,/home
2561,/home
2562,/home
2563,/home
2564,/home
2565,/home
2566,/home
2567,/home
2568,/home
2569,/home
2570,/home
2571,/home
2572,/home
2573,/home
2574,/home
2575,/home
2576,/home
2577,/home
2578,/home
2579,/home
2580,/home
2581,/home
2582,/home
2583,/home
2584,/home
2585,/home
2586,/home
2587,/home
2588,/home
2589,/home
2590,/home
2591,/home
2592,/home
2593,/home
2594,/home
2595,/home
2596,/home
2597,/home
2598,/home
2599,/home
2600,/home
2601,/home
2602,/home
2603,/home
2604,/home
2605,/home
2606,/home
2607,/home
2608,/home
2609,/home
2610,/home
2611,/home
2612,/home
2613,/home
2614,/home
2615,/home
2616,/home
2617,/home
2618,/home
2619,/home
2620,/home
2621,/home
2622,/home
2623,/home
2624,/home
2625,/home
2626,/home
2627,/home
2628,/home
2629,/home
2630,/home
2631,/home
2632,/home
2633,/home
2634,/home
2635,/home
2636,/home
2637,/home
2638,/home
2639,/home
2640,/home
2641,/home
2642,/home
2643,/home
2644,/home
2645,/home
2646,/home
2647,/home
2648,/home
2649,/home
2650,/home
2651,/home
2652,/home
2653,/home
2654,/home
2655,/home
2656,/home
2657,/home
2658,/home
2659,/home
2660,/home
2661,/home
2662,/home
2663,/home
2664,/home
2665,/home
2666,/home
2667,/home
2668,/home
2669,/home
2670,/home
2671,/home
2672,/home
2673,/home
2674,/home
2675,/home
2676,/home
2677,/home
2678,/home
2679,/home
2680,/home
2681,/home
2682,/home
2683,/home
2684,/home
2685,/home
2686,/home
2687,/home
2688,/home
2689,/home
2690,/home
2691,/home
2692,/home
2693,/home
2694,/home
2695,/home
2696,/home
2697,/home
2698,/home
2699,/home
2700,/home
2701,/home
2702,/home
2703,/home
2704,/home
2705,/home
2706,/home
2707,/home
2708,/home
2709,/home
2710,/home
2711,/home
2712,/home
2713,/home
2714,/home
2715,/home
2716,/home
2717,/home
2718,/home
2719,/home
2720,/home
2721,/home
2722,/home
2723,/home
2724,/home
2725,/home
2726,/home
2727,/home
2728,/home
2729,/home
2730,/home
2731,/home
2732,/home
2733,/home
2734,/home
2735,/home
2736,/home
2737,/home
2738,/home
2739,/home
2740,/home
2741,/home
2742,/home
2743,/home
2744,/home
2745,/home
2746,/home
2747,/home
2748,/home
2749,/home
2750,/home
2751,/home
2752,/home
2753,/home
2754,/home
2755,/home
2756,/home
2757,/home
2758,/home
2759,/home
2760,/home
2761,/home
2762,/home
2763,/home
2764,/home
2765,/home
2766,/home
2767,/home
2768,/home
2769,/home
2770,/home
2771,/home
2772,/home
2773,/home
2774,/home
2775,/home
2776,/home
2777,/home
2778,/home
2779,/home
2780,/home
2781,/home
2782,/home
2783,/home
2784,/home
2785,/home
2786,/home
2787,/home
2788,/home
2789,/home
2790,/home
2791,/home
2792,/home
2793,/home
2794,/home
2795,/home
2796,/home
2797,/home
2798,/home
2799,/home
2800,/home
2801,/home
2802,/home
2803,/home
2804,/home
2805,/home
2806,/home
2807,/home
2808,/home
2809,/home
2810,/home
2811,/home
2812,/home
2813,/home
2814,/home
2815,/home
2816,/home
2817,/home
2818,/home
2819,/home
2820,/home
2821,/home
2822,/home
2823,/home
2824,/home
2825,/home
2826,/home
2827,/home
2828,/home
2829,/home
2830,/home
2831,/home
2832,/home
2833,/home
2834,/home
2835,/home
2836,/home
2837,/home
2838,/home
2839,/home
2840,/home
2841,/home
2842,/home
2843,/home
2844,/home
2845,/home
2846,/home
2847,/home
2848,/home
2849,/home
2850,/home
2851,/home
2852,/home
2853,/home
2854,/home
2855,/home
2856,/home
2857,/home
2858,/home
2859,/home
2860,/home
2861,/home
2862,/home
2863,/home
2864,/home
2865,/home
2866,/home
2867,/home
2868,/home
2869,/home
2870,/home
2871,/home
2872,/home
2873,/home
2874,/home
2875,/home
2876,/home
2877,/home
2878,/home
2879,/home
2880,/home
2881,/home
2882,/home
2883,/home
2884,/home
2885,/home
2886,/home
2887,/home
2888,/home
2889,/home
2890,/home
2891,/home
2892,/home
2893,/home
2894,/home
2895,/home
2896,/home
2897,/home
2898,/home
2899,/home
2900,/home
2901,/home
2902,/home
2903,/home
2904,/home
2905,/home
2906,/home
2907,/home
2908,/home
2909,/home
2910,/home
2911,/home
2912,/home
2913,/home
2914,/home
2915,/home
2916,/home
2917,/home
2918,/home
2919,/home
2920,/home
2921,/home
2922,/home
2923,/home
2924,/home
2925,/home
2926,/home
2927,/home
2928,/home
2929,/home
2930,/home
2931,/home
2932,/home
2933,/home
2934,/home
2935,/home
2936,/home
2937,/home
2938,/home
2939,/home
2940,/home
2941,/home
2942,/home
2943,/home
2944,/home
2945,/home
2946,/home
2947,/home
2948,/home
2949,/home
2950,/home
2951,/home
2952,/home
2953,/home
2954,/home
2955,/home
2956,/home
2957,/home
2958,/home
2959,/home
2960,/home
2961,/home
2962,/home
2963,/home
2964,/home
2965,/home
2966,/home
2967,/home
2968,/home
2969,/home
2970,/home
2971,/home
2972,/home
2973,/home
2974,/home
2975,/home
2976,/home
2977,/home
2978,/home
2979,/home
2980,/home
2981,/home
2982,/home
2983,/home
2984,/home
2985,/home
2986,/home
2987,/home
2988,/home
2989,/home
2990,/home
2991,/home
2992,/home
2993,/home
2994,/home
2995,/home
2996,/home
2997,/home
2998,/home
2999,/home
3000,/home
3001,/home
3002,/home
3003,/home
3004,/home
3005,/home
3006,/home
3007,/home
3008,/home
3009,/home
3010,/home
3011,/home
3012,/home
3013,/home
3014,/home
3015,/home
3016,/home
3017,/home
3018,/home
3019,/home
3020,/home
3021,/home
3022,/home
3023,/home
3024,/home
3025,/home
3026,/home
3027,/home
3028,/home
3029,/home
3030,/home
3031,/home
3032,/home
3033,/home
3034,/home
3035,/home
3036,/home
3037,/home
3038,/home
3039,/home
3040,/home
3041,/home
3042,/home
3043,/home
3044,/home
3045,/home
3046,/home
3047,/home
3048,/home
3049,/home
3050,/home
3051,/home
3052,/home
3053,/home
3054,/home
3055,/home
3056,/home
3057,/home
3058,/home
3059,/home
3060,/home
3061,/home
3062,/home
3063,/home
3064,/home
3065,/home
3066,/home
3067,/home
3068,/home
3069,/home
3070,/home
3071,/home
3072,/home
3073,/home
3074,/home
3075,/home
3076,/home
3077,/home
3078,/home
3079,/home
3080,/home
3081,/home
3082,/home
3083,/home
3084,/home
3085,/home
3086,/home
3087,/home
3088,/home
3089,/home
3090,/home
3091,/home
3092,/home
3093,/home
3094,/home
3095,/home
3096,/home
3097,/home
3098,/home
3099,/home
3100,/home
3101,/home
3102,/home
3103,/home
3104,/home
3105,/home
3106,/home
3107,/home
3108,/home
3109,/home
3110,/home
3111,/home
3112,/home
3113,/home
3114,/home
3115,/home
3116,/home
3117,/home
3118,/home
3119,/home
3120,/home
3121,/home
3122,/home
3123,/home
3124,/home
3125,/home
3126,/home
3127,/home
3128,/home
3129,/home
3130,/home
3131,/home
3132,/home
3133,/home
3134,/home
3135,/home
3136,/home
3137,/home
3138,/home
3139,/home
3140,/home
3141,/home
3142,/home
3143,/home
3144,/home
3145,/home
3146,/home
3147,/home
3148,/home
3149,/home
3150,/home
3151,/home
3152,/home
3153,/home
3154,/home
3155,/home
3156,/home
3157,/home
3158,/home
3159,/home
3160,/home
3161,/home
3162,/home
3163,/home
3164,/home
3165,/home
3166,/home
3167,/home
3168,/home
3169,/home
3170,/home
3171,/home
3172,/home
3173,/home
3174,/home
3175,/home
3176,/home
3177,/home
3178,/home
3179,/home
3180,/home
3181,/home
3182,/home
3183,/home
3184,/home
3185,/home
3186,/home
3187,/home
3188,/home
3189,/home
3190,/home
3191,/home
3192,/home
3193,/home
3194,/home
3195,/home
3196,/home
3197,/home
3198,/home
3199,/home
3200,/home
3201,/home
3202,/home
3203,/home
3204,/home
3205,/home
3206,/home
3207,/home
3208,/home
3209,/home
3210,/home
3211,/home
3212,/home
3213,/home
3214,/home
3215,/home
3216,/home
3217,/home
3218,/home
3219,/home
3220,/home
3221,/home
3222,/home
3223,/home
3224,/home
3225,/home
3226,/home
3227,/home
3228,/home
3229,/home
3230,/home
3231,/home
3232,/home
3233,/home
3234,/home
3235,/home
3236,/home
3237,/home
3238,/home
3239,/home
3240,/home
3241,/home
3242,/home
3243,/home
3244,/home
3245,/home
3246,/home
3247,/home
3248,/home
3249,/home
3250,/home
3251,/home
3252,/home
3253,/home
3254,/home
3255,/home
3256,/home
3257,/home
3258,/home
3259,/home
3260,/home
3261,/home
3262,/home
3263,/home
3264,/home
3265,/home
3266,/home
3267,/home
3268,/home
3269,/home
3270,/home
3271,/home
3272,/home
3273,/home
3274,/home
3275,/home
3276,/home
3277,/home
3278,/home
3279,/home
3280,/home
3281,/home
3282,/home
3283,/home
3284,/home
3285,/home
3286,/home
3287,/home
3288,/home
3289,/home
3290,/home
3291,/home
3292,/home
3293,/home
3294,/home
3295,/home
3296,/home
3297,/home
3298,/home
3299,/home
3300,/home
3301,/home
3302,/home
3303,/home
3304,/home
3305,/home
3306,/home
3307,/home
3308,/home
3309,/home
3310,/home
3311,/home
3312,/home
3313,/home
3314,/home
3315,/home
3316,/home
3317,/home
3318,/home
3319,/home
3320,/home
3321,/home
3322,/home
3323,/home
3324,/home
3325,/home
3326,/home
3327,/home
3328,/home
3329,/home
3330,/home
3331,/home
3332,/home
3333,/home
3334,/home
3335,/home
3336,/home
3337,/home
3338,/home
3339,/home
3340,/home
3341,/home
3342,/home
3343,/home
3344,/home
3345,/home
3346,/home
3347,/home
3348,/home
3349,/home
3350,/home
3351,/home
3352,/home
3353,/home
3354,/home
3355,/home
3356,/home
3357,/home
3358,/home
3359,/home
3360,/home
3361,/home
3362,/home
3363,/home
3364,/home
3365,/home
3366,/home
3367,/home
3368,/home
3369,/home
3370,/home
3371,/home
3372,/home
3373,/home
3374,/home
3375,/home
3376,/home
3377,/home
3378,/home
3379,/home
3380,/home
3381,/home
3382,/home
3383,/home
3384,/home
3385,/home
3386,/home
3387,/home
3388,/home
3389,/home
3390,/home
3391,/home
3392,/home
3393,/home
3394,/home
3395,/home
3396,/home
3397,/home
3398,/home
3399,/home
3400,/home
3401,/home
3402,/home
3403,/home
3404,/home
3405,/home
3406,/home
3407,/home
3408,/home
3409,/home
3410,/home
3411,/home
3412,/home
3413,/home
3414,/home
3415,/home
3416,/home
3417,/home
3418,/home
3419,/home
3420,/home
3421,/home
3422,/home
3423,/home
3424,/home
3425,/home
3426,/home
3427,/home
3428,/home
3429,/home
3430,/home
3431,/home
3432,/home
3433,/home
3434,/home
3435,/home
3436,/home
3437,/home
3438,/home
3439,/home
3440,/home
3441,/home
3442,/home
3443,/home
3444,/home
3445,/home
3446,/home
3447,/home
3448,/home
3449,/home
3450,/home
3451,/home
3452,/home
3453,/home
3454,/home
3455,/home
3456,/home
3457,/home
3458,/home
3459,/home
3460,/home
3461,/home
3462,/home
3463,/home
3464,/home
3465,/home
3466,/home
3467,/home
3468,/home
3469,/home
3470,/home
3471,/home
3472,/home
3473,/home
3474,/home
3475,/home
3476,/home
3477,/home
3478,/home
3479,/home
3480,/home
3481,/home
3482,/home
3483,/home
3484,/home
3485,/home
3486,/home
3487,/home
3488,/home
3489,/home
3490,/home
3491,/home
3492,/home
3493,/home
3494,/home
3495,/home
3496,/home
3497,/home
3498,/home
3499,/home
3500,/home
3501,/home
3502,/home
3503,/home
3504,/home
3505,/home
3506,/home
3507,/home
3508,/home
3509,/home
3510,/home
3511,/home
3512,/home
3513,/home
3514,/home
3515,/home
3516,/home
3517,/home
3518,/home
3519,/home
3520,/home
3521,/home
3522,/home
3523,/home
3524,/home
3525,/home
3526,/home
3527,/home
3528,/home
3529,/home
3530,/home
3531,/home
3532,/home
3533,/home
3534,/home
3535,/home
3536,/home
3537,/home
3538,/home
3539,/home
3540,/home
3541,/home
3542,/home
3543,/home
3544,/home
3545,/home
3546,/home
3547,/home
3548,/home
3549,/home
3550,/home
3551,/home
3552,/home
3553,/home
3554,/home
3555,/home
3556,/home
3557,/home
3558,/home
3559,/home
3560,/home
3561,/home
3562,/home
3563,/home
3564,/home
3565,/home
3566,/home
3567,/home
3568,/home
3569,/home
3570,/home
3571,/home
3572,/home
3573,/home
3574,/home
3575,/home
3576,/home
3577,/home
3578,/home
3579,/home
3580,/home
3581,/home
3582,/home
3583,/home
3584,/home
3585,/home
3586,/home
3587,/home
3588,/home
3589,/home
3590,/home
3591,/home
3592,/home
3593,/home
3594,/home
3595,/home
3596,/home
3597,/home
3598,/home
3599,/home
3600,/home
3601,/home
3602,/home
3603,/home
3604,/home
3605,/home
3606,/home
3607,/home
3608,/home
3609,/home
3610,/home
3611,/home
3612,/home
3613,/home
3614,/home
3615,/home
3616,/home
3617,/home
3618,/home
3619,/home
3620,/home
3621,/home
3622,/home
3623,/home
3624,/home
3625,/home
3626,/home
3627,/home
3628,/home
3629,/home
3630,/home
3631,/home
3632,/home
3633,/home
3634,/home
3635,/home
3636,/home
3637,/home
3638,/home
3639,/home
3640,/home
3641,/home
3642,/home
3643,/home
3644,/home
3645,/home
3646,/home
3647,/home
3648,/home
3649,/home
3650,/home
3651,/home
3652,/home
3653,/home
3654,/home
3655,/home
3656,/home
3657,/home
3658,/home
3659,/home
3660,/home
3661,/home
3662,/home
3663,/home
3664,/home
3665,/home
3666,/home
3667,/home
3668,/home
3669,/home
3670,/home
3671,/home
3672,/home
3673,/home
3674,/home
3675,/home
3676,/home
3677,/home
3678,/home
3679,/home
3680,/home
3681,/home
3682,/home
3683,/home
3684,/home
3685,/home
3686,/home
3687,/home
3688,/home
3689,/home
3690,/home
3691,/home
3692,/home
3693,/home
3694,/home
3695,/home
3696,/home
3697,/home
3698,/home
3699,/home
3700,/home
3701,/home
3702,/home
3703,/home
3704,/home
3705,/home
3706,/home
3707,/home
3708,/home
3709,/home
3710,/home
3711,/home
3712,/home
3713,/home
3714,/home
3715,/home
3716,/home
3717,/home
3718,/home
3719,/home
3720,/home
3721,/home
3722,/home
3723,/home
3724,/home
3725,/home
3726,/home
3727,/home
3728,/home
3729,/home
3730,/home
3731,/home
3732,/home
3733,/home
3734,/home
3735,/home
3736,/home
3737,/home
3738,/home
3739,/home
3740,/home
3741,/home
3742,/home
3743,/home
3744,/home
3745,/home
3746,/home
3747,/home
3748,/home
3749,/home
3750,/home
3751,/home
3752,/home
3753,/home
3754,/home
3755,/home
3756,/home
3757,/home
3758,/home
3759,/home
3760,/home
3761,/home
3762,/home
3763,/home
3764,/home
3765,/home
3766,/home
3767,/home
3768,/home
3769,/home
3770,/home
3771,/home
3772,/home
3773,/home
3774,/home
3775,/home
3776,/home
3777,/home
3778,/home
3779,/home
3780,/home
3781,/home
3782,/home
3783,/home
3784,/home
3785,/home
3786,/home
3787,/home
3788,/home
3789,/home
3790,/home
3791,/home
3792,/home
3793,/home
3794,/home
3795,/home
3796,/home
3797,/home
3798,/home
3799,/home
3800,/home
3801,/home
3802,/home
3803,/home
3804,/home
3805,/home
3806,/home
3807,/home
3808,/home
3809,/home
3810,/home
3811,/home
3812,/home
3813,/home
3814,/home
3815,/home
3816,/home
3817,/home
3818,/home
3819,/home
3820,/home
3821,/home
3822,/home
3823,/home
3824,/home
3825,/home
3826,/home
3827,/home
3828,/home
3829,/home
3830,/home
3831,/home
3832,/home
3833,/home
3834,/home
3835,/home
3836,/home
3837,/home
3838,/home
3839,/home
3840,/home
3841,/home
3842,/home
3843,/home
3844,/home
3845,/home
3846,/home
3847,/home
3848,/home
3849,/home
3850,/home
3851,/home
3852,/home
3853,/home
3854,/home
3855,/home
3856,/home
3857,/home
3858,/home
3859,/home
3860,/home
3861,/home
3862,/home
3863,/home
3864,/home
3865,/home
3866,/home
3867,/home
3868,/home
3869,/home
3870,/home
3871,/home
3872,/home
3873,/home
3874,/home
3875,/home
3876,/home
3877,/home
3878,/home
3879,/home
3880,/home
3881,/home
3882,/home
3883,/home
3884,/home
3885,/home
3886,/home
3887,/home
3888,/home
3889,/home
3890,/home
3891,/home
3892,/home
3893,/home
3894,/home
3895,/home
3896,/home
3897,/home
3898,/home
3899,/home
3900,/home
3901,/home
3902,/home
3903,/home
3904,/home
3905,/home
3906,/home
3907,/home
3908,/home
3909,/home
3910,/home
3911,/home
3912,/home
3913,/home
3914,/home
3915,/home
3916,/home
3917,/home
3918,/home
3919,/home
3920,/home
3921,/home
3922,/home
3923,/home
3924,/home
3925,/home
3926,/home
3927,/home
3928,/home
3929,/home
3930,/home
3931,/home
3932,/home
3933,/home
3934,/home
3935,/home
3936,/home
3937,/home
3938,/home
3939,/home
3940,/home
3941,/home
3942,/home
3943,/home
3944,/home
3945,/home
3946,/home
3947,/home
3948,/home
3949,/home
3950,/home
3951,/home
3952,/home
3953,/home
3954,/home
3955,/home
3956,/home
3957,/home
3958,/home
3959,/home
3960,/home
3961,/home
3962,/home
3963,/home
3964,/home
3965,/home
3966,/home
3967,/home
3968,/home
3969,/home
3970,/home
3971,/home
3972,/home
3973,/home
3974,/home
3975,/home
3976,/home
3977,/home
3978,/home
3979,/home
3980,/home
3981,/home
3982,/home
3983,/home
3984,/home
3985,/home
3986,/home
3987,/home
3988,/home
3989,/home
3990,/home
3991,/home
3992,/home
3993,/home
3994,/home
3995,/home
3996,/home
3997,/home
3998,/home
3999,/home
4000,/home
4001,/home
4002,/home
4003,/home
4004,/home
4005,/home
4006,/home
4007,/home
4008,/home
4009,/home
4010,/home
4011,/home
4012,/home
4013,/home
4014,/home
4015,/home
4016,/home
4017,/home
4018,/home
4019,/home
4020,/home
4021,/home
4022,/home
4023,/home
4024,/home
4025,/home
4026,/home
4027,/home
4028,/home
4029,/home
4030,/home
4031,/home
4032,/home
4033,/home
4034,/home
4035,/home
4036,/home
4037,/home
4038,/home
4039,/home
4040,/home
4041,/home
4042,/home
4043,/home
4044,/home
4045,/home
4046,/home
4047,/home
4048,/home
4049,/home
4050,/home
4051,/home
4052,/home
4053,/home
4054,/home
4055,/home
4056,/home
4057,/home
4058,/home
4059,/home
4060,/home
4061,/home
4062,/home
4063,/home
4064,/home
4065,/home
4066,/home
4067,/home
4068,/home
4069,/home
4070,/home
4071,/home
4072,/home
4073,/home
4074,/home
4075,/home
4076,/home
4077,/home
4078,/home
4079,/home
4080,/home
4081,/home
4082,/home
4083,/home
4084,/home
4085,/home
4086,/home
4087,/home
4088,/home
4089,/home
4090,/home
4091,/home
4092,/home
4093,/home
4094,/home
4095,/home
4096,/home
4097,/home
4098,/home
4099,/home
4100,/home
4101,/home
4102,/home
4103,/home
4104,/home
4105,/home
4106,/home
4107,/home
4108,/home
4109,/home
4110,/home
4111,/home
4112,/home
4113,/home
4114,/home
4115,/home
4116,/home
4117,/home
4118,/home
4119,/home
4120,/home
4121,/home
4122,/home
4123,/home
4124,/home
4125,/home
4126,/home
4127,/home
4128,/home
4129,/home
4130,/home
4131,/home
4132,/home
4133,/home
4134,/home
4135,/home
4136,/home
4137,/home
4138,/home
4139,/home
4140,/home
4141,/home
4142,/home
4143,/home
4144,/home
4145,/home
4146,/home
4147,/home
4148,/home
4149,/home
4150,/home
4151,/home
4152,/home
4153,/home
4154,/home
4155,/home
4156,/home
4157,/home
4158,/home
4159,/home
4160,/home
4161,/home
4162,/home
4163,/home
4164,/home
4165,/home
4166,/home
4167,/home
4168,/home
4169,/home
4170,/home
4171,/home
4172,/home
4173,/home
4174,/home
4175,/home
4176,/home
4177,/home
4178,/home
4179,/home
4180,/home
4181,/home
4182,/home
4183,/home
4184,/home
4185,/home
4186,/home
4187,/home
4188,/home
4189,/home
4190,/home
4191,/home
4192,/home
4193,/home
4194,/home
4195,/home
4196,/home
4197,/home
4198,/home
4199,/home
4200,/home
4201,/home
4202,/home
4203,/home
4204,/home
4205,/home
4206,/home
4207,/home
4208,/home
4209,/home
4210,/home
4211,/home
4212,/home
4213,/home
4214,/home
4215,/home
4216,/home
4217,/home
4218,/home
4219,/home
4220,/home
4221,/home
4222,/home
4223,/home
4224,/home
4225,/home
4226,/home
4227,/home
4228,/home
4229,/home
4230,/home
4231,/home
4232,/home
4233,/home
4234,/home
4235,/home
4236,/home
4237,/home
4238,/home
4239,/home
4240,/home
4241,/home
4242,/home
4243,/home
4244,/home
4245,/home
4246,/home
4247,/home
4248,/home
4249,/home
4250,/home
4251,/home
4252,/home
4253,/home
4254,/home
4255,/home
4256,/home
4257,/home
4258,/home
4259,/home
4260,/home
4261,/home
4262,/home
4263,/home
4264,/home
4265,/home
4266,/home
4267,/home
4268,/home
4269,/home
4270,/home
4271,/home
4272,/home
4273,/home
4274,/home
4275,/home
4276,/home
4277,/home
4278,/home
4279,/home
4280,/home
4281,/home
4282,/home
4283,/home
4284,/home
4285,/home
4286,/home
4287,/home
4288,/home
4289,/home
4290,/home
4291,/home
4292,/home
4293,/home
4294,/home
4295,/home
4296,/home
4297,/home
4298,/home
4299,/home
4300,/home
4301,/home
4302,/home
4303,/home
4304,/home
4305,/home
4306,/home
4307,/home
4308,/home
4309,/home
4310,/home
4311,/home
4312,/home
4313,/home
4314,/home
4315,/home
4316,/home
4317,/home
4318,/home
4319,/home
4320,/home
4321,/home
4322,/home
4323,/home
4324,/home
4325,/home
4326,/home
4327,/home
4328,/home
4329,/home
4330,/home
4331,/home
4332,/home
4333,/home
4334,/home
4335,/home
4336,/home
4337,/home
4338,/home
4339,/home
4340,/home
4341,/home
4342,/home
4343,/home
4344,/home
4345,/home
4346,/home
4347,/home
4348,/home
4349,/home
4350,/home
4351,/home
4352,/home
4353,/home
4354,/home
4355,/home
4356,/home
4357,/home
4358,/home
4359,/home
4360,/home
4361,/home
4362,/home
4363,/home
4364,/home
4365,/home
4366,/home
4367,/home
4368,/home
4369,/home
4370,/home
4371,/home
4372,/home
4373,/home
4374,/home
4375,/home
4376,/home
4377,/home
4378,/home
4379,/home
4380,/home
4381,/home
4382,/home
4383,/home
4384,/home
4385,/home
4386,/home
4387,/home
4388,/home
4389,/home
4390,/home
4391,/home
4392,/home
4393,/home
4394,/home
4395,/home
4396,/home
4397,/home
4398,/home
4399,/home
4400,/home
4401,/home
4402,/home
4403,/home
4404,/home
4405,/home
4406,/home
4407,/home
4408,/home
4409,/home
4410,/home
4411,/home
4412,/home
4413,/home
4414,/home
4415,/home
4416,/home
4417,/home
4418,/home
4419,/home
4420,/home
4421,/home
4422,/home
4423,/home
4424,/home
4425,/home
4426,/home
4427,/home
4428,/home
4429,/home
4430,/home
4431,/home
4432,/home
4433,/home
4434,/home
4435,/home
4436,/home
4437,/home
4438,/home
4439,/home
4440,/home
4441,/home
4442,/home
4443,/home
4444,/home
4445,/home
4446,/home
4447,/home
4448,/home
4449,/home
4450,/home
4451,/home
4452,/home
4453,/home
4454,/home
4455,/home
4456,/home
4457,/home
4458,/home
4459,/home
4460,/home
4461,/home
4462,/home
4463,/home
4464,/home
4465,/home
4466,/home
4467,/home
4468,/home
4469,/home
4470,/home
4471,/home
4472,/home
4473,/home
4474,/home
4475,/home
4476,/home
4477,/home
4478,/home
4479,/home
4480,/home
4481,/home
4482,/home
4483,/home
4484,/home
4485,/home
4486,/home
4487,/home
4488,/home
4489,/home
4490,/home
4491,/home
4492,/home
4493,/home
4494,/home
4495,/home
4496,/home
4497,/home
4498,/home
4499,/home
4500,/home
4501,/home
4502,/home
4503,/home
4504,/home
4505,/home
4506,/home
4507,/home
4508,/home
4509,/home
4510,/home
4511,/home
4512,/home
4513,/home
4514,/home
4515,/home
4516,/home
4517,/home
4518,/home
4519,/home
4520,/home
4521,/home
4522,/home
4523,/home
4524,/home
4525,/home
4526,/home
4527,/home
4528,/home
4529,/home
4530,/home
4531,/home
4532,/home
4533,/home
4534,/home
4535,/home
4536,/home
4537,/home
4538,/home
4539,/home
4540,/home
4541,/home
4542,/home
4543,/home
4544,/home
4545,/home
4546,/home
4547,/home
4548,/home
4549,/home
4550,/home
4551,/home
4552,/home
4553,/home
4554,/home
4555,/home
4556,/home
4557,/home
4558,/home
4559,/home
4560,/home
4561,/home
4562,/home
4563,/home
4564,/home
4565,/home
4566,/home
4567,/home
4568,/home
4569,/home
4570,/home
4571,/home
4572,/home
4573,/home
4574,/home
4575,/home
4576,/home
4577,/home
4578,/home
4579,/home
4580,/home
4581,/home
4582,/home
4583,/home
4584,/home
4585,/home
4586,/home
4587,/home
4588,/home
4589,/home
4590,/home
4591,/home
4592,/home
4593,/home
4594,/home
4595,/home
4596,/home
4597,/home
4598,/home
4599,/home
4600,/home
4601,/home
4602,/home
4603,/home
4604,/home
4605,/home
4606,/home
4607,/home
4608,/home
4609,/home
4610,/home
4611,/home
4612,/home
4613,/home
4614,/home
4615,/home
4616,/home
4617,/home
4618,/home
4619,/home
4620,/home
4621,/home
4622,/home
4623,/home
4624,/home
4625,/home
4626,/home
4627,/home
4628,/home
4629,/home
4630,/home
4631,/home
4632,/home
4633,/home
4634,/home
4635,/home
4636,/home
4637,/home
4638,/home
4639,/home
4640,/home
4641,/home
4642,/home
4643,/home
4644,/home
4645,/home
4646,/home
4647,/home
4648,/home
4649,/home
4650,/home
4651,/home
4652,/home
4653,/home
4654,/home
4655,/home
4656,/home
4657,/home
4658,/home
4659,/home
4660,/home
4661,/home
4662,/home
4663,/home
4664,/home
4665,/home
4666,/home
4667,/home
4668,/home
4669,/home
4670,/home
4671,/home
4672,/home
4673,/home
4674,/home
4675,/home
4676,/home
4677,/home
4678,/home
4679,/home
4680,/home
4681,/home
4682,/home
4683,/home
4684,/home
4685,/home
4686,/home
4687,/home
4688,/home
4689,/home
4690,/home
4691,/home
4692,/home
4693,/home
4694,/home
4695,/home
4696,/home
4697,/home
4698,/home
4699,/home
4700,/home
4701,/home
4702,/home
4703,/home
4704,/home
4705,/home
4706,/home
4707,/home
4708,/home
4709,/home
4710,/home
4711,/home
4712,/home
4713,/home
4714,/home
4715,/home
4716,/home
4717,/home
4718,/home
4719,/home
4720,/home
4721,/home
4722,/home
4723,/home
4724,/home
4725,/home
4726,/home
4727,/home
4728,/home
4729,/home
4730,/home
4731,/home
4732,/home
4733,/home
4734,/home
4735,/home
4736,/home
4737,/home
4738,/home
4739,/home
4740,/home
4741,/home
4742,/home
4743,/home
4744,/home
4745,/home
4746,/home
4747,/home
4748,/home
4749,/home
4750,/home
4751,/home
4752,/home
4753,/home
4754,/home
4755,/home
4756,/home
4757,/home
4758,/home
4759,/home
4760,/home
4761,/home
4762,/home
4763,/home
4764,/home
4765,/home
4766,/home
4767,/home
4768,/home
4769,/home
4770,/home
4771,/home
4772,/home
4773,/home
4774,/home
4775,/home
4776,/home
4777,/home
4778,/home
4779,/home
4780,/home
4781,/home
4782,/home
4783,/home
4784,/home
4785,/home
4786,/home
4787,/home
4788,/home
4789,/home
4790,/home
4791,/home
4792,/home
4793,/home
4794,/home
4795,/home
4796,/home
4797,/home
4798,/home
4799,/home
4800,/home
4801,/home
4802,/home
4803,/home
4804,/home
4805,/home
4806,/home
4807,/home
4808,/home
4809,/home
4810,/home
4811,/home
4812,/home
4813,/home
4814,/home
4815,/home
4816,/home
4817,/home
4818,/home
4819,/home
4820,/home
4821,/home
4822,/home
4823,/home
4824,/home
4825,/home
4826,/home
4827,/home
4828,/home
4829,/home
4830,/home
4831,/home
4832,/home
4833,/home
4834,/home
4835,/home
4836,/home
4837,/home
4838,/home
4839,/home
4840,/home
4841,/home
4842,/home
4843,/home
4844,/home
4845,/home
4846,/home
4847,/home
4848,/home
4849,/home
4850,/home
4851,/home
4852,/home
4853,/home
4854,/home
4855,/home
4856,/home
4857,/home
4858,/home
4859,/home
4860,/home
4861,/home
4862,/home
4863,/home
4864,/home
4865,/home
4866,/home
4867,/home
4868,/home
4869,/home
4870,/home
4871,/home
4872,/home
4873,/home
4874,/home
4875,/home
4876,/home
4877,/home
4878,/home
4879,/home
4880,/home
4881,/home
4882,/home
4883,/home
4884,/home
4885,/home
4886,/home
4887,/home
4888,/home
4889,/home
4890,/home
4891,/home
4892,/home
4893,/home
4894,/home
4895,/home
4896,/home
4897,/home
4898,/home
4899,/home
4900,/home
4901,/home
4902,/home
4903,/home
4904,/home
4905,/home
4906,/home
4907,/home
4908,/home
4909,/home
4910,/home
4911,/home
4912,/home
4913,/home
4914,/home
4915,/home
4916,/home
4917,/home
4918,/home
4919,/home
4920,/home
4921,/home
4922,/home
4923,/home
4924,/home
4925,/home
4926,/home
4927,/home
4928,/home
4929,/home
4930,/home
4931,/home
4932,/home
4933,/home
4934,/home
4935,/home
4936,/home
4937,/home
4938,/home
4939,/home
4940,/home
4941,/home
4942,/home
4943,/home
4944,/home
4945,/home
4946,/home
4947,/home
4948,/home
4949,/home
4950,/home
4951,/home
4952,/home
4953,/home
4954,/home
4955,/home
4956,/home
4957,/home
4958,/home
4959,/home
4960,/home
4961,/home
4962,/home
4963,/home
4964,/home
4965,/home
4966,/home
4967,/home
4968,/home
4969,/home
4970,/home
4971,/home
4972,/home
4973,/home
4974,/home
4975,/home
4976,/home
4977,/home
4978,/home
4979,/home
4980,/home
4981,/home
4982,/home
4983,/home
4984,/home
4985,/home
4986,/home
4987,/home
4988,/home
4989,/home
4990,/home
4991,/home
4992,/home
4993,/home
4994,/home
4995,/home
4996,/home
4997,/home
4998,/home
4999,/home
5000,/home
5001,/home
5002,/home
5003,/home
5004,/home
5005,/home
5006,/home
5007,/home
5008,/home
5009,/home
5010,/home
5011,/home
5012,/home
5013,/home
5014,/home
5015,/home
5016,/home
5017,/home
5018,/home
5019,/home
5020,/home
5021,/home
5022,/home
5023,/home
5024,/home
5025,/home
5026,/home
5027,/home
5028,/home
5029,/home
5030,/home
5031,/home
5032,/home
5033,/home
5034,/home
5035,/home
5036,/home
5037,/home
5038,/home
5039,/home
5040,/home
5041,/home
5042,/home
5043,/home
5044,/home
5045,/home
5046,/home
5047,/home
5048,/home
5049,/home
5050,/home
5051,/home
5052,/home
5053,/home
5054,/home
5055,/home
5056,/home
5057,/home
5058,/home
5059,/home
5060,/home
5061,/home
5062,/home
5063,/home
5064,/home
5065,/home
5066,/home
5067,/home
5068,/home
5069,/home
5070,/home
5071,/home
5072,/home
5073,/home
5074,/home
5075,/home
5076,/home
5077,/home
5078,/home
5079,/home
5080,/home
5081,/home
5082,/home
5083,/home
5084,/home
5085,/home
5086,/home
5087,/home
5088,/home
5089,/home
5090,/home
5091,/home
5092,/home
5093,/home
5094,/home
5095,/home
5096,/home
5097,/home
5098,/home
5099,/home
5100,/home
5101,/home
5102,/home
5103,/home
5104,/home
5105,/home
5106,/home
5107,/home
5108,/home
5109,/home
5110,/home
5111,/home
5112,/home
5113,/home
5114,/home
5115,/home
5116,/home
5117,/home
5118,/home
5119,/home
5120,/home
5121,/home
5122,/home
5123,/home
5124,/home
5125,/home
5126,/home
5127,/home
5128,/home
5129,/home
5130,/home
5131,/home
5132,/home
5133,/home
5134,/home
5135,/home
5136,/home
5137,/home
5138,/home
5139,/home
5140,/home
5141,/home
5142,/home
5143,/home
5144,/home
5145,/home
5146,/home
5147,/home
5148,/home
5149,/home
5150,/home
5151,/home
5152,/home
5153,/home
5154,/home
5155,/home
5156,/home
5157,/home
5158,/home
5159,/home
5160,/home
5161,/home
5162,/home
5163,/home
5164,/home
5165,/home
5166,/home
5167,/home
5168,/home
5169,/home
5170,/home
5171,/home
5172,/home
5173,/home
5174,/home
5175,/home
5176,/home
5177,/home
5178,/home
5179,/home
5180,/home
5181,/home
5182,/home
5183,/home
5184,/home
5185,/home
5186,/home
5187,/home
5188,/home
5189,/home
5190,/home
5191,/home
5192,/home
5193,/home
5194,/home
5195,/home
5196,/home
5197,/home
5198,/home
5199,/home
5200,/home
5201,/home
5202,/home
5203,/home
5204,/home
5205,/home
5206,/home
5207,/home
5208,/home
5209,/home
5210,/home
5211,/home
5212,/home
5213,/home
5214,/home
5215,/home
5216,/home
5217,/home
5218,/home
5219,/home
5220,/home
5221,/home
5222,/home
5223,/home
5224,/home
5225,/home
5226,/home
5227,/home
5228,/home
5229,/home
5230,/home
5231,/home
5232,/home
5233,/home
5234,/home
5235,/home
5236,/home
5237,/home
5238,/home
5239,/home
5240,/home
5241,/home
5242,/home
5243,/home
5244,/home
5245,/home
5246,/home
5247,/home
5248,/home
5249,/home
5250,/home
5251,/home
5252,/home
5253,/home
5254,/home
5255,/home
5256,/home
5257,/home
5258,/home
5259,/home
5260,/home
5261,/home
5262,/home
5263,/home
5264,/home
5265,/home
5266,/home
5267,/home
5268,/home
5269,/home
5270,/home
5271,/home
5272,/home
5273,/home
5274,/home
5275,/home
5276,/home
5277,/home
5278,/home
5279,/home
5280,/home
5281,/home
5282,/home
5283,/home
5284,/home
5285,/home
5286,/home
5287,/home
5288,/home
5289,/home
5290,/home
5291,/home
5292,/home
5293,/home
5294,/home
5295,/home
5296,/home
5297,/home
5298,/home
5299,/home
5300,/home
5301,/home
5302,/home
5303,/home
5304,/home
5305,/home
5306,/home
5307,/home
5308,/home
5309,/home
5310,/home
5311,/home
5312,/home
5313,/home
5314,/home
5315,/home
5316,/home
5317,/home
5318,/home
5319,/home
5320,/home
5321,/home
5322,/home
5323,/home
5324,/home
5325,/home
5326,/home
5327,/home
5328,/home
5329,/home
5330,/home
5331,/home
5332,/home
5333,/home
5334,/home
5335,/home
5336,/home
5337,/home
5338,/home
5339,/home
5340,/home
5341,/home
5342,/home
5343,/home
5344,/home
5345,/home
5346,/home
5347,/home
5348,/home
5349,/home
5350,/home
5351,/home
5352,/home
5353,/home
5354,/home
5355,/home
5356,/home
5357,/home
5358,/home
5359,/home
5360,/home
5361,/home
5362,/home
5363,/home
5364,/home
5365,/home
5366,/home
5367,/home
5368,/home
5369,/home
5370,/home
5371,/home
5372,/home
5373,/home
5374,/home
5375,/home
5376,/home
5377,/home
5378,/home
5379,/home
5380,/home
5381,/home
5382,/home
5383,/home
5384,/home
5385,/home
5386,/home
5387,/home
5388,/home
5389,/home
5390,/home
5391,/home
5392,/home
5393,/home
5394,/home
5395,/home
5396,/home
5397,/home
5398,/home
5399,/home
5400,/home
5401,/home
5402,/home
5403,/home
5404,/home
5405,/home
5406,/home
5407,/home
5408,/home
5409,/home
5410,/home
5411,/home
5412,/home
5413,/home
5414,/home
5415,/home
5416,/home
5417,/home
5418,/home
5419,/home
5420,/home
5421,/home
5422,/home
5423,/home
5424,/home
5425,/home
5426,/home
5427,/home
5428,/home
5429,/home
5430,/home
5431,/home
5432,/home
5433,/home
5434,/home
5435,/home
5436,/home
5437,/home
5438,/home
5439,/home
5440,/home
5441,/home
5442,/home
5443,/home
5444,/home
5445,/home
5446,/home
5447,/home
5448,/home
5449,/home
5450,/home
5451,/home
5452,/home
5453,/home
5454,/home
5455,/home
5456,/home
5457,/home
5458,/home
5459,/home
5460,/home
5461,/home
5462,/home
5463,/home
5464,/home
5465,/home
5466,/home
5467,/home
5468,/home
5469,/home
5470,/home
5471,/home
5472,/home
5473,/home
5474,/home
5475,/home
5476,/home
5477,/home
5478,/home
5479,/home
5480,/home
5481,/home
5482,/home
5483,/home
5484,/home
5485,/home
5486,/home
5487,/home
5488,/home
5489,/home
5490,/home
5491,/home
5492,/home
5493,/home
5494,/home
5495,/home
5496,/home
5497,/home
5498,/home
5499,/home
5500,/home
5501,/home
5502,/home
5503,/home
5504,/home
5505,/home
5506,/home
5507,/home
5508,/home
5509,/home
5510,/home
5511,/home
5512,/home
5513,/home
5514,/home
5515,/home
5516,/home
5517,/home
5518,/home
5519,/home
5520,/home
5521,/home
5522,/home
5523,/home
5524,/home
5525,/home
5526,/home
5527,/home
5528,/home
5529,/home
5530,/home
5531,/home
5532,/home
5533,/home
5534,/home
5535,/home
5536,/home
5537,/home
5538,/home
5539,/home
5540,/home
5541,/home
5542,/home
5543,/home
5544,/home
5545,/home
5546,/home
5547,/home
5548,/home
5549,/home
5550,/home
5551,/home
5552,/home
5553,/home
5554,/home
5555,/home
5556,/home
5557,/home
5558,/home
5559,/home
5560,/home
5561,/home
5562,/home
5563,/home
5564,/home
5565,/home
5566,/home
5567,/home
5568,/home
5569,/home
5570,/home
5571,/home
5572,/home
5573,/home
5574,/home
5575,/home
5576,/home
5577,/home
5578,/home
5579,/home
5580,/home
5581,/home
5582,/home
5583,/home
5584,/home
5585,/home
5586,/home
5587,/home
5588,/home
5589,/home
5590,/home
5591,/home
5592,/home
5593,/home
5594,/home
5595,/home
5596,/home
5597,/home
5598,/home
5599,/home
5600,/home
5601,/home
5602,/home
5603,/home
5604,/home
5605,/home
5606,/home
5607,/home
5608,/home
5609,/home
5610,/home
5611,/home
5612,/home
5613,/home
5614,/home
5615,/home
5616,/home
5617,/home
5618,/home
5619,/home
5620,/home
5621,/home
5622,/home
5623,/home
5624,/home
5625,/home
5626,/home
5627,/home
5628,/home
5629,/home
5630,/home
5631,/home
5632,/home
5633,/home
5634,/home
5635,/home
5636,/home
5637,/home
5638,/home
5639,/home
5640,/home
5641,/home
5642,/home
5643,/home
5644,/home
5645,/home
5646,/home
5647,/home
5648,/home
5649,/home
5650,/home
5651,/home
5652,/home
5653,/home
5654,/home
5655,/home
5656,/home
5657,/home
5658,/home
5659,/home
5660,/home
5661,/home
5662,/home
5663,/home
5664,/home
5665,/home
5666,/home
5667,/home
5668,/home
5669,/home
5670,/home
5671,/home
5672,/home
5673,/home
5674,/home
5675,/home
5676,/home
5677,/home
5678,/home
5679,/home
5680,/home
5681,/home
5682,/home
5683,/home
5684,/home
5685,/home
5686,/home
5687,/home
5688,/home
5689,/home
5690,/home
5691,/home
5692,/home
5693,/home
5694,/home
5695,/home
5696,/home
5697,/home
5698,/home
5699,/home
5700,/home
5701,/home
5702,/home
5703,/home
5704,/home
5705,/home
5706,/home
5707,/home
5708,/home
5709,/home
5710,/home
5711,/home
5712,/home
5713,/home
5714,/home
5715,/home
5716,/home
5717,/home
5718,/home
5719,/home
5720,/home
5721,/home
5722,/home
5723,/home
5724,/home
5725,/home
5726,/home
5727,/home
5728,/home
5729,/home
5730,/home
5731,/home
5732,/home
5733,/home
5734,/home
5735,/home
5736,/home
5737,/home
5738,/home
5739,/home
5740,/home
5741,/home
5742,/home
5743,/home
5744,/home
5745,/home
5746,/home
5747,/home
5748,/home
5749,/home
5750,/home
5751,/home
5752,/home
5753,/home
5754,/home
5755,/home
5756,/home
5757,/home
5758,/home
5759,/home
5760,/home
5761,/home
5762,/home
5763,/home
5764,/home
5765,/home
5766,/home
5767,/home
5768,/home
5769,/home
5770,/home
5771,/home
5772,/home
5773,/home
5774,/home
5775,/home
5776,/home
5777,/home
5778,/home
5779,/home
5780,/home
5781,/home
5782,/home
5783,/home
5784,/home
5785,/home
5786,/home
5787,/home
5788,/home
5789,/home
5790,/home
5791,/home
5792,/home
5793,/home
5794,/home
5795,/home
5796,/home
5797,/home
5798,/home
5799,/home
5800,/home
5801,/home
5802,/home
5803,/home
5804,/home
5805,/home
5806,/home
5807,/home
5808,/home
5809,/home
5810,/home
5811,/home
5812,/home
5813,/home
5814,/home
5815,/home
5816,/home
5817,/home
5818,/home
5819,/home
5820,/home
5821,/home
5822,/home
5823,/home
5824,/home
5825,/home
5826,/home
5827,/home
5828,/home
5829,/home
5830,/home
5831,/home
5832,/home
5833,/home
5834,/home
5835,/home
5836,/home
5837,/home
5838,/home
5839,/home
5840,/home
5841,/home
5842,/home
5843,/home
5844,/home
5845,/home
5846,/home
5847,/home
5848,/home
5849,/home
5850,/home
5851,/home
5852,/home
5853,/home
5854,/home
5855,/home
5856,/home
5857,/home
5858,/home
5859,/home
5860,/home
5861,/home
5862,/home
5863,/home
5864,/home
5865,/home
5866,/home
5867,/home
5868,/home
5869,/home
5870,/home
5871,/home
5872,/home
5873,/home
5874,/home
5875,/home
5876,/home
5877,/home
5878,/home
5879,/home
5880,/home
5881,/home
5882,/home
5883,/home
5884,/home
5885,/home
5886,/home
5887,/home
5888,/home
5889,/home
5890,/home
5891,/home
5892,/home
5893,/home
5894,/home
5895,/home
5896,/home
5897,/home
5898,/home
5899,/home
5900,/home
5901,/home
5902,/home
5903,/home
5904,/home
5905,/home
5906,/home
5907,/home
5908,/home
5909,/home
5910,/home
5911,/home
5912,/home
5913,/home
5914,/home
5915,/home
5916,/home
5917,/home
5918,/home
5919,/home
5920,/home
5921,/home
5922,/home
5923,/home
5924,/home
5925,/home
5926,/home
5927,/home
5928,/home
5929,/home
5930,/home
5931,/home
5932,/home
5933,/home
5934,/home
5935,/home
5936,/home
5937,/home
5938,/home
5939,/home
5940,/home
5941,/home
5942,/home
5943,/home
5944,/home
5945,/home
5946,/home
5947,/home
5948,/home
5949,/home
5950,/home
5951,/home
5952,/home
5953,/home
5954,/home
5955,/home
5956,/home
5957,/home
5958,/home
5959,/home
5960,/home
5961,/home
5962,/home
5963,/home
5964,/home
5965,/home
5966,/home
5967,/home
5968,/home
5969,/home
5970,/home
5971,/home
5972,/home
5973,/home
5974,/home
5975,/home
5976,/home
5977,/home
5978,/home
5979,/home
5980,/home
5981,/home
5982,/home
5983,/home
5984,/home
5985,/home
5986,/home
5987,/home
5988,/home
5989,/home
5990,/home
5991,/home
5992,/home
5993,/home
5994,/home
5995,/home
5996,/home
5997,/home
5998,/home
5999,/home
6000,/home
6001,/home
6002,/home
6003,/home
6004,/home
6005,/home
6006,/home
6007,/home
6008,/home
6009,/home
6010,/home
6011,/home
6012,/home
6013,/home
6014,/home
6015,/home
6016,/home
6017,/home
6018,/home
6019,/home
6020,/home
6021,/home
6022,/home
6023,/home
6024,/home
6025,/home
6026,/home
6027,/home
6028,/home
6029,/home
6030,/home
6031,/home
6032,/home
6033,/home
6034,/home
6035,/home
6036,/home
6037,/home
6038,/home
6039,/home
6040,/home
6041,/home
6042,/home
6043,/home
6044,/home
6045,/home
6046,/home
6047,/home
6048,/home
6049,/home
6050,/home
6051,/home
6052,/home
6053,/home
6054,/home
6055,/home
6056,/home
6057,/home
6058,/home
6059,/home
6060,/home
6061,/home
6062,/home
6063,/home
6064,/home
6065,/home
6066,/home
6067,/home
6068,/home
6069,/home
6070,/home
6071,/home
6072,/home
6073,/home
6074,/home
6075,/home
6076,/home
6077,/home
6078,/home
6079,/home
6080,/home
6081,/home
6082,/home
6083,/home
6084,/home
6085,/home
6086,/home
6087,/home
6088,/home
6089,/home
6090,/home
6091,/home
6092,/home
6093,/home
6094,/home
6095,/home
6096,/home
6097,/home
6098,/home
6099,/home
6100,/home
6101,/home
6102,/home
6103,/home
6104,/home
6105,/home
6106,/home
6107,/home
6108,/home
6109,/home
6110,/home
6111,/home
6112,/home
6113,/home
6114,/home
6115,/home
6116,/home
6117,/home
6118,/home
6119,/home
6120,/home
6121,/home
6122,/home
6123,/home
6124,/home
6125,/home
6126,/home
6127,/home
6128,/home
6129,/home
6130,/home
6131,/home
6132,/home
6133,/home
6134,/home
6135,/home
6136,/home
6137,/home
6138,/home
6139,/home
6140,/home
6141,/home
6142,/home
6143,/home
6144,/home
6145,/home
6146,/home
6147,/home
6148,/home
6149,/home
6150,/home
6151,/home
6152,/home
6153,/home
6154,/home
6155,/home
6156,/home
6157,/home
6158,/home
6159,/home
6160,/home
6161,/home
6162,/home
6163,/home
6164,/home
6165,/home
6166,/home
6167,/home
6168,/home
6169,/home
6170,/home
6171,/home
6172,/home
6173,/home
6174,/home
6175,/home
6176,/home
6177,/home
6178,/home
6179,/home
6180,/home
6181,/home
6182,/home
6183,/home
6184,/home
6185,/home
6186,/home
6187,/home
6188,/home
6189,/home
6190,/home
6191,/home
6192,/home
6193,/home
6194,/home
6195,/home
6196,/home
6197,/home
6198,/home
6199,/home
6200,/home
6201,/home
6202,/home
6203,/home
6204,/home
6205,/home
6206,/home
6207,/home
6208,/home
6209,/home
6210,/home
6211,/home
6212,/home
6213,/home
6214,/home
6215,/home
6216,/home
6217,/home
6218,/home
6219,/home
6220,/home
6221,/home
6222,/home
6223,/home
6224,/home
6225,/home
6226,/home
6227,/home
6228,/home
6229,/home
6230,/home
6231,/home
6232,/home
6233,/home
6234,/home
6235,/home
6236,/home
6237,/home
6238,/home
6239,/home
6240,/home
6241,/home
6242,/home
6243,/home
6244,/home
6245,/home
6246,/home
6247,/home
6248,/home
6249,/home
6250,/home
6251,/home
6252,/home
6253,/home
6254,/home
6255,/home
6256,/home
6257,/home
6258,/home
6259,/home
6260,/home
6261,/home
6262,/home
6263,/home
6264,/home
6265,/home
6266,/home
6267,/home
6268,/home
6269,/home
6270,/home
6271,/home
6272,/home
6273,/home
6274,/home
6275,/home
6276,/home
6277,/home
6278,/home
6279,/home
6280,/home
6281,/home
6282,/home
6283,/home
6284,/home
6285,/home
6286,/home
6287,/home
6288,/home
6289,/home
6290,/home
6291,/home
6292,/home
6293,/home
6294,/home
6295,/home
6296,/home
6297,/home
6298,/home
6299,/home
6300,/home
6301,/home
6302,/home
6303,/home
6304,/home
6305,/home
6306,/home
6307,/home
6308,/home
6309,/home
6310,/home
6311,/home
6312,/home
6313,/home
6314,/home
6315,/home
6316,/home
6317,/home
6318,/home
6319,/home
6320,/home
6321,/home
6322,/home
6323,/home
6324,/home
6325,/home
6326,/home
6327,/home
6328,/home
6329,/home
6330,/home
6331,/home
6332,/home
6333,/home
6334,/home
6335,/home
6336,/home
6337,/home
6338,/home
6339,/home
6340,/home
6341,/home
6342,/home
6343,/home
6344,/home
6345,/home
6346,/home
6347,/home
6348,/home
6349,/home
6350,/home
6351,/home
6352,/home
6353,/home
6354,/home
6355,/home
6356,/home
6357,/home
6358,/home
6359,/home
6360,/home
6361,/home
6362,/home
6363,/home
6364,/home
6365,/home
6366,/home
6367,/home
6368,/home
6369,/home
6370,/home
6371,/home
6372,/home
6373,/home
6374,/home
6375,/home
6376,/home
6377,/home
6378,/home
6379,/home
6380,/home
6381,/home
6382,/home
6383,/home
6384,/home
6385,/home
6386,/home
6387,/home
6388,/home
6389,/home
6390,/home
6391,/home
6392,/home
6393,/home
6394,/home
6395,/home
6396,/home
6397,/home
6398,/home
6399,/home
6400,/home
6401,/home
6402,/home
6403,/home
6404,/home
6405,/home
6406,/home
6407,/home
6408,/home
6409,/home
6410,/home
6411,/home
6412,/home
6413,/home
6414,/home
6415,/home
6416,/home
6417,/home
6418,/home
6419,/home
6420,/home
6421,/home
6422,/home
6423,/home
6424,/home
6425,/home
6426,/home
6427,/home
6428,/home
6429,/home
6430,/home
6431,/home
6432,/home
6433,/home
6434,/home
6435,/home
6436,/home
6437,/home
6438,/home
6439,/home
6440,/home
6441,/home
6442,/home
6443,/home
6444,/home
6445,/home
6446,/home
6447,/home
6448,/home
6449,/home
6450,/home
6451,/home
6452,/home
6453,/home
6454,/home
6455,/home
6456,/home
6457,/home
6458,/home
6459,/home
6460,/home
6461,/home
6462,/home
6463,/home
6464,/home
6465,/home
6466,/home
6467,/home
6468,/home
6469,/home
6470,/home
6471,/home
6472,/home
6473,/home
6474,/home
6475,/home
6476,/home
6477,/home
6478,/home
6479,/home
6480,/home
6481,/home
6482,/home
6483,/home
6484,/home
6485,/home
6486,/home
6487,/home
6488,/home
6489,/home
6490,/home
6491,/home
6492,/home
6493,/home
6494,/home
6495,/home
6496,/home
6497,/home
6498,/home
6499,/home
6500,/home
6501,/home
6502,/home
6503,/home
6504,/home
6505,/home
6506,/home
6507,/home
6508,/home
6509,/home
6510,/home
6511,/home
6512,/home
6513,/home
6514,/home
6515,/home
6516,/home
6517,/home
6518,/home
6519,/home
6520,/home
6521,/home
6522,/home
6523,/home
6524,/home
6525,/home
6526,/home
6527,/home
6528,/home
6529,/home
6530,/home
6531,/home
6532,/home
6533,/home
6534,/home
6535,/home
6536,/home
6537,/home
6538,/home
6539,/home
6540,/home
6541,/home
6542,/home
6543,/home
6544,/home
6545,/home
6546,/home
6547,/home
6548,/home
6549,/home
6550,/home
6551,/home
6552,/home
6553,/home
6554,/home
6555,/home
6556,/home
6557,/home
6558,/home
6559,/home
6560,/home
6561,/home
6562,/home
6563,/home
6564,/home
6565,/home
6566,/home
6567,/home
6568,/home
6569,/home
6570,/home
6571,/home
6572,/home
6573,/home
6574,/home
6575,/home
6576,/home
6577,/home
6578,/home
6579,/home
6580,/home
6581,/home
6582,/home
6583,/home
6584,/home
6585,/home
6586,/home
6587,/home
6588,/home
6589,/home
6590,/home
6591,/home
6592,/home
6593,/home
6594,/home
6595,/home
6596,/home
6597,/home
6598,/home
6599,/home
6600,/home
6601,/home
6602,/home
6603,/home
6604,/home
6605,/home
6606,/home
6607,/home
6608,/home
6609,/home
6610,/home
6611,/home
6612,/home
6613,/home
6614,/home
6615,/home
6616,/home
6617,/home
6618,/home
6619,/home
6620,/home
6621,/home
6622,/home
6623,/home
6624,/home
6625,/home
6626,/home
6627,/home
6628,/home
6629,/home
6630,/home
6631,/home
6632,/home
6633,/home
6634,/home
6635,/home
6636,/home
6637,/home
6638,/home
6639,/home
6640,/home
6641,/home
6642,/home
6643,/home
6644,/home
6645,/home
6646,/home
6647,/home
6648,/home
6649,/home
6650,/home
6651,/home
6652,/home
6653,/home
6654,/home
6655,/home
6656,/home
6657,/home
6658,/home
6659,/home
6660,/home
6661,/home
6662,/home
6663,/home
6664,/home
6665,/home
6666,/home
6667,/home
6668,/home
6669,/home
6670,/home
6671,/home
6672,/home
6673,/home
6674,/home
6675,/home
6676,/home
6677,/home
6678,/home
6679,/home
6680,/home
6681,/home
6682,/home
6683,/home
6684,/home
6685,/home
6686,/home
6687,/home
6688,/home
6689,/home
6690,/home
6691,/home
6692,/home
6693,/home
6694,/home
6695,/home
6696,/home
6697,/home
6698,/home
6699,/home
6700,/home
6701,/home
6702,/home
6703,/home
6704,/home
6705,/home
6706,/home
6707,/home
6708,/home
6709,/home
6710,/home
6711,/home
6712,/home
6713,/home
6714,/home
6715,/home
6716,/home
6717,/home
6718,/home
6719,/home
6720,/home
6721,/home
6722,/home
6723,/home
6724,/home
6725,/home
6726,/home
6727,/home
6728,/home
6729,/home
6730,/home
6731,/home
6732,/home
6733,/home
6734,/home
6735,/home
6736,/home
6737,/home
6738,/home
6739,/home
6740,/home
6741,/home
6742,/home
6743,/home
6744,/home
6745,/home
6746,/home
6747,/home
6748,/home
6749,/home
6750,/home
6751,/home
6752,/home
6753,/home
6754,/home
6755,/home
6756,/home
6757,/home
6758,/home
6759,/home
6760,/home
6761,/home
6762,/home
6763,/home
6764,/home
6765,/home
6766,/home
6767,/home
6768,/home
6769,/home
6770,/home
6771,/home
6772,/home
6773,/home
6774,/home
6775,/home
6776,/home
6777,/home
6778,/home
6779,/home
6780,/home
6781,/home
6782,/home
6783,/home
6784,/home
6785,/home
6786,/home
6787,/home
6788,/home
6789,/home
6790,/home
6791,/home
6792,/home
6793,/home
6794,/home
6795,/home
6796,/home
6797,/home
6798,/home
6799,/home
6800,/home
6801,/home
6802,/home
6803,/home
6804,/home
6805,/home
6806,/home
6807,/home
6808,/home
6809,/home
6810,/home
6811,/home
6812,/home
6813,/home
6814,/home
6815,/home
6816,/home
6817,/home
6818,/home
6819,/home
6820,/home
6821,/home
6822,/home
6823,/home
6824,/home
6825,/home
6826,/home
6827,/home
6828,/home
6829,/home
6830,/home
6831,/home
6832,/home
6833,/home
6834,/home
6835,/home
6836,/home
6837,/home
6838,/home
6839,/home
6840,/home
6841,/home
6842,/home
6843,/home
6844,/home
6845,/home
6846,/home
6847,/home
6848,/home
6849,/home
6850,/home
6851,/home
6852,/home
6853,/home
6854,/home
6855,/home
6856,/home
6857,/home
6858,/home
6859,/home
6860,/home
6861,/home
6862,/home
6863,/home
6864,/home
6865,/home
6866,/home
6867,/home
6868,/home
6869,/home
6870,/home
6871,/home
6872,/home
6873,/home
6874,/home
6875,/home
6876,/home
6877,/home
6878,/home
6879,/home
6880,/home
6881,/home
6882,/home
6883,/home
6884,/home
6885,/home
6886,/home
6887,/home
6888,/home
6889,/home
6890,/home
6891,/home
6892,/home
6893,/home
6894,/home
6895,/home
6896,/home
6897,/home
6898,/home
6899,/home
6900,/home
6901,/home
6902,/home
6903,/home
6904,/home
6905,/home
6906,/home
6907,/home
6908,/home
6909,/home
6910,/home
6911,/home
6912,/home
6913,/home
6914,/home
6915,/home
6916,/home
6917,/home
6918,/home
6919,/home
6920,/home
6921,/home
6922,/home
6923,/home
6924,/home
6925,/home
6926,/home
6927,/home
6928,/home
6929,/home
6930,/home
6931,/home
6932,/home
6933,/home
6934,/home
6935,/home
6936,/home
6937,/home
6938,/home
6939,/home
6940,/home
6941,/home
6942,/home
6943,/home
6944,/home
6945,/home
6946,/home
6947,/home
6948,/home
6949,/home
6950,/home
6951,/home
6952,/home
6953,/home
6954,/home
6955,/home
6956,/home
6957,/home
6958,/home
6959,/home
6960,/home
6961,/home
6962,/home
6963,/home
6964,/home
6965,/home
6966,/home
6967,/home
6968,/home
6969,/home
6970,/home
6971,/home
6972,/home
6973,/home
6974,/home
6975,/home
6976,/home
6977,/home
6978,/home
6979,/home
6980,/home
6981,/home
6982,/home
6983,/home
6984,/home
6985,/home
6986,/home
6987,/home
6988,/home
6989,/home
6990,/home
6991,/home
6992,/home
6993,/home
6994,/home
6995,/home
6996,/home
6997,/home
6998,/home
6999,/home
7000,/home
7001,/home
7002,/home
7003,/home
7004,/home
7005,/home
7006,/home
7007,/home
7008,/home
7009,/home
7010,/home
7011,/home
7012,/home
7013,/home
7014,/home
7015,/home
7016,/home
7017,/home
7018,/home
7019,/home
7020,/home
7021,/home
7022,/home
7023,/home
7024,/home
7025,/home
7026,/home
7027,/home
7028,/home
7029,/home
7030,/home
7031,/home
7032,/home
7033,/home
7034,/home
7035,/home
7036,/home
7037,/home
7038,/home
7039,/home
7040,/home
7041,/home
7042,/home
7043,/home
7044,/home
7045,/home
7046,/home
7047,/home
7048,/home
7049,/home
7050,/home
7051,/home
7052,/home
7053,/home
7054,/home
7055,/home
7056,/home
7057,/home
7058,/home
7059,/home
7060,/home
7061,/home
7062,/home
7063,/home
7064,/home
7065,/home
7066,/home
7067,/home
7068,/home
7069,/home
7070,/home
7071,/home
7072,/home
7073,/home
7074,/home
7075,/home
7076,/home
7077,/home
7078,/home
7079,/home
7080,/home
7081,/home
7082,/home
7083,/home
7084,/home
7085,/home
7086,/home
7087,/home
7088,/home
7089,/home
7090,/home
7091,/home
7092,/home
7093,/home
7094,/home
7095,/home
7096,/home
7097,/home
7098,/home
7099,/home
7100,/home
7101,/home
7102,/home
7103,/home
7104,/home
7105,/home
7106,/home
7107,/home
7108,/home
7109,/home
7110,/home
7111,/home
7112,/home
7113,/home
7114,/home
7115,/home
7116,/home
7117,/home
7118,/home
7119,/home
7120,/home
7121,/home
7122,/home
7123,/home
7124,/home
7125,/home
7126,/home
7127,/home
7128,/home
7129,/home
7130,/home
7131,/home
7132,/home
7133,/home
7134,/home
7135,/home
7136,/home
7137,/home
7138,/home
7139,/home
7140,/home
7141,/home
7142,/home
7143,/home
7144,/home
7145,/home
7146,/home
7147,/home
7148,/home
7149,/home
7150,/home
7151,/home
7152,/home
7153,/home
7154,/home
7155,/home
7156,/home
7157,/home
7158,/home
7159,/home
7160,/home
7161,/home
7162,/home
7163,/home
7164,/home
7165,/home
7166,/home
7167,/home
7168,/home
7169,/home
7170,/home
7171,/home
7172,/home
7173,/home
7174,/home
7175,/home
7176,/home
7177,/home
7178,/home
7179,/home
7180,/home
7181,/home
7182,/home
7183,/home
7184,/home
7185,/home
7186,/home
7187,/home
7188,/home
7189,/home
7190,/home
7191,/home
7192,/home
7193,/home
7194,/home
7195,/home
7196,/home
7197,/home
7198,/home
7199,/home
7200,/home
7201,/home
7202,/home
7203,/home
7204,/home
7205,/home
7206,/home
7207,/home
7208,/home
7209,/home
7210,/home
7211,/home
7212,/home
7213,/home
7214,/home
7215,/home
7216,/home
7217,/home
7218,/home
7219,/home
7220,/home
7221,/home
7222,/home
7223,/home
7224,/home
7225,/home
7226,/home
7227,/home
7228,/home
7229,/home
7230,/home
7231,/home
7232,/home
7233,/home
7234,/home
7235,/home
7236,/home
7237,/home
7238,/home
7239,/home
7240,/home
7241,/home
7242,/home
7243,/home
7244,/home
7245,/home
7246,/home
7247,/home
7248,/home
7249,/home
7250,/home
7251,/home
7252,/home
7253,/home
7254,/home
7255,/home
7256,/home
7257,/home
7258,/home
7259,/home
7260,/home
7261,/home
7262,/home
7263,/home
7264,/home
7265,/home
7266,/home
7267,/home
7268,/home
7269,/home
7270,/home
7271,/home
7272,/home
7273,/home
7274,/home
7275,/home
7276,/home
7277,/home
7278,/home
7279,/home
7280,/home
7281,/home
7282,/home
7283,/home
7284,/home
7285,/home
7286,/home
7287,/home
7288,/home
7289,/home
7290,/home
7291,/home
7292,/home
7293,/home
7294,/home
7295,/home
7296,/home
7297,/home
7298,/home
7299,/home
7300,/home
7301,/home
7302,/home
7303,/home
7304,/home
7305,/home
7306,/home
7307,/home
7308,/home
7309,/home
7310,/home
7311,/home
7312,/home
7313,/home
7314,/home
7315,/home
7316,/home
7317,/home
7318,/home
7319,/home
7320,/home
7321,/home
7322,/home
7323,/home
7324,/home
7325,/home
7326,/home
7327,/home
7328,/home
7329,/home
7330,/home
7331,/home
7332,/home
7333,/home
7334,/home
7335,/home
7336,/home
7337,/home
7338,/home
7339,/home
7340,/home
7341,/home
7342,/home
7343,/home
7344,/home
7345,/home
7346,/home
7347,/home
7348,/home
7349,/home
7350,/home
7351,/home
7352,/home
7353,/home
7354,/home
7355,/home
7356,/home
7357,/home
7358,/home
7359,/home
7360,/home
7361,/home
7362,/home
7363,/home
7364,/home
7365,/home
7366,/home
7367,/home
7368,/home
7369,/home
7370,/home
7371,/home
7372,/home
7373,/home
7374,/home
7375,/home
7376,/home
7377,/home
7378,/home
7379,/home
7380,/home
7381,/home
7382,/home
7383,/home
7384,/home
7385,/home
7386,/home
7387,/home
7388,/home
7389,/home
7390,/home
7391,/home
7392,/home
7393,/home
7394,/home
7395,/home
7396,/home
7397,/home
7398,/home
7399,/home
7400,/home
7401,/home
7402,/home
7403,/home
7404,/home
7405,/home
7406,/home
7407,/home
7408,/home
7409,/home
7410,/home
7411,/home
7412,/home
7413,/home
7414,/home
7415,/home
7416,/home
7417,/home
7418,/home
7419,/home
7420,/home
7421,/home
7422,/home
7423,/home
7424,/home
7425,/home
7426,/home
7427,/home
7428,/home
7429,/home
7430,/home
7431,/home
7432,/home
7433,/home
7434,/home
7435,/home
7436,/home
7437,/home
7438,/home
7439,/home
7440,/home
7441,/home
7442,/home
7443,/home
7444,/home
7445,/home
7446,/home
7447,/home
7448,/home
7449,/home
7450,/home
7451,/home
7452,/home
7453,/home
7454,/home
7455,/home
7456,/home
7457,/home
7458,/home
7459,/home
7460,/home
7461,/home
7462,/home
7463,/home
7464,/home
7465,/home
7466,/home
7467,/home
7468,/home
7469,/home
7470,/home
7471,/home
7472,/home
7473,/home
7474,/home
7475,/home
7476,/home
7477,/home
7478,/home
7479,/home
7480,/home
7481,/home
7482,/home
7483,/home
7484,/home
7485,/home
7486,/home
7487,/home
7488,/home
7489,/home
7490,/home
7491,/home
7492,/home
7493,/home
7494,/home
7495,/home
7496,/home
7497,/home
7498,/home
7499,/home
7500,/home
7501,/home
7502,/home
7503,/home
7504,/home
7505,/home
7506,/home
7507,/home
7508,/home
7509,/home
7510,/home
7511,/home
7512,/home
7513,/home
7514,/home
7515,/home
7516,/home
7517,/home
7518,/home
7519,/home
7520,/home
7521,/home
7522,/home
7523,/home
7524,/home
7525,/home
7526,/home
7527,/home
7528,/home
7529,/home
7530,/home
7531,/home
7532,/home
7533,/home
7534,/home
7535,/home
7536,/home
7537,/home
7538,/home
7539,/home
7540,/home
7541,/home
7542,/home
7543,/home
7544,/home
7545,/home
7546,/home
7547,/home
7548,/home
7549,/home
7550,/home
7551,/home
7552,/home
7553,/home
7554,/home
7555,/home
7556,/home
7557,/home
7558,/home
7559,/home
7560,/home
7561,/home
7562,/home
7563,/home
7564,/home
7565,/home
7566,/home
7567,/home
7568,/home
7569,/home
7570,/home
7571,/home
7572,/home
7573,/home
7574,/home
7575,/home
7576,/home
7577,/home
7578,/home
7579,/home
7580,/home
7581,/home
7582,/home
7583,/home
7584,/home
7585,/home
7586,/home
7587,/home
7588,/home
7589,/home
7590,/home
7591,/home
7592,/home
7593,/home
7594,/home
7595,/home
7596,/home
7597,/home
7598,/home
7599,/home
7600,/home
7601,/home
7602,/home
7603,/home
7604,/home
7605,/home
7606,/home
7607,/home
7608,/home
7609,/home
7610,/home
7611,/home
7612,/home
7613,/home
7614,/home
7615,/home
7616,/home
7617,/home
7618,/home
7619,/home
7620,/home
7621,/home
7622,/home
7623,/home
7624,/home
7625,/home
7626,/home
7627,/home
7628,/home
7629,/home
7630,/home
7631,/home
7632,/home
7633,/home
7634,/home
7635,/home
7636,/home
7637,/home
7638,/home
7639,/home
7640,/home
7641,/home
7642,/home
7643,/home
7644,/home
7645,/home
7646,/home
7647,/home
7648,/home
7649,/home
7650,/home
7651,/home
7652,/home
7653,/home
7654,/home
7655,/home
7656,/home
7657,/home
7658,/home
7659,/home
7660,/home
7661,/home
7662,/home
7663,/home
7664,/home
7665,/home
7666,/home
7667,/home
7668,/home
7669,/home
7670,/home
7671,/home
7672,/home
7673,/home
7674,/home
7675,/home
7676,/home
7677,/home
7678,/home
7679,/home
7680,/home
7681,/home
7682,/home
7683,/home
7684,/home
7685,/home
7686,/home
7687,/home
7688,/home
7689,/home
7690,/home
7691,/home
7692,/home
7693,/home
7694,/home
7695,/home
7696,/home
7697,/home
7698,/home
7699,/home
7700,/home
7701,/home
7702,/home
7703,/home
7704,/home
7705,/home
7706,/home
7707,/home
7708,/home
7709,/home
7710,/home
7711,/home
7712,/home
7713,/home
7714,/home
7715,/home
7716,/home
7717,/home
7718,/home
7719,/home
7720,/home
7721,/home
7722,/home
7723,/home
7724,/home
7725,/home
7726,/home
7727,/home
7728,/home
7729,/home
7730,/home
7731,/home
7732,/home
7733,/home
7734,/home
7735,/home
7736,/home
7737,/home
7738,/home
7739,/home
7740,/home
7741,/home
7742,/home
7743,/home
7744,/home
7745,/home
7746,/home
7747,/home
7748,/home
7749,/home
7750,/home
7751,/home
7752,/home
7753,/home
7754,/home
7755,/home
7756,/home
7757,/home
7758,/home
7759,/home
7760,/home
7761,/home
7762,/home
7763,/home
7764,/home
7765,/home
7766,/home
7767,/home
7768,/home
7769,/home
7770,/home
7771,/home
7772,/home
7773,/home
7774,/home
7775,/home
7776,/home
7777,/home
7778,/home
7779,/home
7780,/home
7781,/home
7782,/home
7783,/home
7784,/home
7785,/home
7786,/home
7787,/home
7788,/home
7789,/home
7790,/home
7791,/home
7792,/home
7793,/home
7794,/home
7795,/home
7796,/home
7797,/home
7798,/home
7799,/home
7800,/home
7801,/home
7802,/home
7803,/home
7804,/home
7805,/home
7806,/home
7807,/home
7808,/home
7809,/home
7810,/home
7811,/home
7812,/home
7813,/home
7814,/home
7815,/home
7816,/home
7817,/home
7818,/home
7819,/home
7820,/home
7821,/home
7822,/home
7823,/home
7824,/home
7825,/home
7826,/home
7827,/home
7828,/home
7829,/home
7830,/home
7831,/home
7832,/home
7833,/home
7834,/home
7835,/home
7836,/home
7837,/home
7838,/home
7839,/home
7840,/home
7841,/home
7842,/home
7843,/home
7844,/home
7845,/home
7846,/home
7847,/home
7848,/home
7849,/home
7850,/home
7851,/home
7852,/home
7853,/home
7854,/home
7855,/home
7856,/home
7857,/home
7858,/home
7859,/home
7860,/home
7861,/home
7862,/home
7863,/home
7864,/home
7865,/home
7866,/home
7867,/home
7868,/home
7869,/home
7870,/home
7871,/home
7872,/home
7873,/home
7874,/home
7875,/home
7876,/home
7877,/home
7878,/home
7879,/home
7880,/home
7881,/home
7882,/home
7883,/home
7884,/home
7885,/home
7886,/home
7887,/home
7888,/home
7889,/home
7890,/home
7891,/home
7892,/home
7893,/home
7894,/home
7895,/home
7896,/home
7897,/home
7898,/home
7899,/home
7900,/home
7901,/home
7902,/home
7903,/home
7904,/home
7905,/home
7906,/home
7907,/home
7908,/home
7909,/home
7910,/home
7911,/home
7912,/home
7913,/home
7914,/home
7915,/home
7916,/home
7917,/home
7918,/home
7919,/home
7920,/home
7921,/home
7922,/home
7923,/home
7924,/home
7925,/home
7926,/home
7927,/home
7928,/home
7929,/home
7930,/home
7931,/home
7932,/home
7933,/home
7934,/home
7935,/home
7936,/home
7937,/home
7938,/home
7939,/home
7940,/home
7941,/home
7942,/home
7943,/home
7944,/home
7945,/home
7946,/home
7947,/home
7948,/home
7949,/home
7950,/home
7951,/home
7952,/home
7953,/home
7954,/home
7955,/home
7956,/home
7957,/home
7958,/home
7959,/home
7960,/home
7961,/home
7962,/home
7963,/home
7964,/home
7965,/home
7966,/home
7967,/home
7968,/home
7969,/home
7970,/home
7971,/home
7972,/home
7973,/home
7974,/home
7975,/home
7976,/home
7977,/home
7978,/home
7979,/home
7980,/home
7981,/home
7982,/home
7983,/home
7984,/home
7985,/home
7986,/home
7987,/home
7988,/home
7989,/home
7990,/home
7991,/home
7992,/home
7993,/home
7994,/home
7995,/home
7996,/home
7997,/home
7998,/home
7999,/home
8000,/home
8001,/home
8002,/home
8003,/home
8004,/home
8005,/home
8006,/home
8007,/home
8008,/home
8009,/home
8010,/home
8011,/home
8012,/home
8013,/home
8014,/home
8015,/home
8016,/home
8017,/home
8018,/home
8019,/home
8020,/home
8021,/home
8022,/home
8023,/home
8024,/home
8025,/home
8026,/home
8027,/home
8028,/home
8029,/home
8030,/home
8031,/home
8032,/home
8033,/home
8034,/home
8035,/home
8036,/home
8037,/home
8038,/home
8039,/home
8040,/home
8041,/home
8042,/home
8043,/home
8044,/home
8045,/home
8046,/home
8047,/home
8048,/home
8049,/home
8050,/home
8051,/home
8052,/home
8053,/home
8054,/home
8055,/home
8056,/home
8057,/home
8058,/home
8059,/home
8060,/home
8061,/home
8062,/home
8063,/home
8064,/home
8065,/home
8066,/home
8067,/home
8068,/home
8069,/home
8070,/home
8071,/home
8072,/home
8073,/home
8074,/home
8075,/home
8076,/home
8077,/home
8078,/home
8079,/home
8080,/home
8081,/home
8082,/home
8083,/home
8084,/home
8085,/home
8086,/home
8087,/home
8088,/home
8089,/home
8090,/home
8091,/home
8092,/home
8093,/home
8094,/home
8095,/home
8096,/home
8097,/home
8098,/home
8099,/home
8100,/home
8101,/home
8102,/home
8103,/home
8104,/home
8105,/home
8106,/home
8107,/home
8108,/home
8109,/home
8110,/home
8111,/home
8112,/home
8113,/home
8114,/home
8115,/home
8116,/home
8117,/home
8118,/home
8119,/home
8120,/home
8121,/home
8122,/home
8123,/home
8124,/home
8125,/home
8126,/home
8127,/home
8128,/home
8129,/home
8130,/home
8131,/home
8132,/home
8133,/home
8134,/home
8135,/home
8136,/home
8137,/home
8138,/home
8139,/home
8140,/home
8141,/home
8142,/home
8143,/home
8144,/home
8145,/home
8146,/home
8147,/home
8148,/home
8149,/home
8150,/home
8151,/home
8152,/home
8153,/home
8154,/home
8155,/home
8156,/home
8157,/home
8158,/home
8159,/home
8160,/home
8161,/home
8162,/home
8163,/home
8164,/home
8165,/home
8166,/home
8167,/home
8168,/home
8169,/home
8170,/home
8171,/home
8172,/home
8173,/home
8174,/home
8175,/home
8176,/home
8177,/home
8178,/home
8179,/home
8180,/home
8181,/home
8182,/home
8183,/home
8184,/home
8185,/home
8186,/home
8187,/home
8188,/home
8189,/home
8190,/home
8191,/home
8192,/home
8193,/home
8194,/home
8195,/home
8196,/home
8197,/home
8198,/home
8199,/home
8200,/home
8201,/home
8202,/home
8203,/home
8204,/home
8205,/home
8206,/home
8207,/home
8208,/home
8209,/home
8210,/home
8211,/home
8212,/home
8213,/home
8214,/home
8215,/home
8216,/home
8217,/home
8218,/home
8219,/home
8220,/home
8221,/home
8222,/home
8223,/home
8224,/home
8225,/home
8226,/home
8227,/home
8228,/home
8229,/home
8230,/home
8231,/home
8232,/home
8233,/home
8234,/home
8235,/home
8236,/home
8237,/home
8238,/home
8239,/home
8240,/home
8241,/home
8242,/home
8243,/home
8244,/home
8245,/home
8246,/home
8247,/home
8248,/home
8249,/home
8250,/home
8251,/home
8252,/home
8253,/home
8254,/home
8255,/home
8256,/home
8257,/home
8258,/home
8259,/home
8260,/home
8261,/home
8262,/home
8263,/home
8264,/home
8265,/home
8266,/home
8267,/home
8268,/home
8269,/home
8270,/home
8271,/home
8272,/home
8273,/home
8274,/home
8275,/home
8276,/home
8277,/home
8278,/home
8279,/home
8280,/home
8281,/home
8282,/home
8283,/home
8284,/home
8285,/home
8286,/home
8287,/home
8288,/home
8289,/home
8290,/home
8291,/home
8292,/home
8293,/home
8294,/home
8295,/home
8296,/home
8297,/home
8298,/home
8299,/home
8300,/home
8301,/home
8302,/home
8303,/home
8304,/home
8305,/home
8306,/home
8307,/home
8308,/home
8309,/home
8310,/home
8311,/home
8312,/home
8313,/home
8314,/home
8315,/home
8316,/home
8317,/home
8318,/home
8319,/home
8320,/home
8321,/home
8322,/home
8323,/home
8324,/home
8325,/home
8326,/home
8327,/home
8328,/home
8329,/home
8330,/home
8331,/home
8332,/home
8333,/home
8334,/home
8335,/home
8336,/home
8337,/home
8338,/home
8339,/home
8340,/home
8341,/home
8342,/home
8343,/home
8344,/home
8345,/home
8346,/home
8347,/home
8348,/home
8349,/home
8350,/home
8351,/home
8352,/home
8353,/home
8354,/home
8355,/home
8356,/home
8357,/home
8358,/home
8359,/home
8360,/home
8361,/home
8362,/home
8363,/home
8364,/home
8365,/home
8366,/home
8367,/home
8368,/home
8369,/home
8370,/home
8371,/home
8372,/home
8373,/home
8374,/home
8375,/home
8376,/home
8377,/home
8378,/home
8379,/home
8380,/home
8381,/home
8382,/home
8383,/home
8384,/home
8385,/home
8386,/home
8387,/home
8388,/home
8389,/home
8390,/home
8391,/home
8392,/home
8393,/home
8394,/home
8395,/home
8396,/home
8397,/home
8398,/home
8399,/home
8400,/home
8401,/home
8402,/home
8403,/home
8404,/home
8405,/home
8406,/home
8407,/home
8408,/home
8409,/home
8410,/home
8411,/home
8412,/home
8413,/home
8414,/home
8415,/home
8416,/home
8417,/home
8418,/home
8419,/home
8420,/home
8421,/home
8422,/home
8423,/home
8424,/home
8425,/home
8426,/home
8427,/home
8428,/home
8429,/home
8430,/home
8431,/home
8432,/home
8433,/home
8434,/home
8435,/home
8436,/home
8437,/home
8438,/home
8439,/home
8440,/home
8441,/home
8442,/home
8443,/home
8444,/home
8445,/home
8446,/home
8447,/home
8448,/home
8449,/home
8450,/home
8451,/home
8452,/home
8453,/home
8454,/home
8455,/home
8456,/home
8457,/home
8458,/home
8459,/home
8460,/home
8461,/home
8462,/home
8463,/home
8464,/home
8465,/home
8466,/home
8467,/home
8468,/home
8469,/home
8470,/home
8471,/home
8472,/home
8473,/home
8474,/home
8475,/home
8476,/home
8477,/home
8478,/home
8479,/home
8480,/home
8481,/home
8482,/home
8483,/home
8484,/home
8485,/home
8486,/home
8487,/home
8488,/home
8489,/home
8490,/home
8491,/home
8492,/home
8493,/home
8494,/home
8495,/home
8496,/home
8497,/home
8498,/home
8499,/home
8500,/home
8501,/home
8502,/home
8503,/home
8504,/home
8505,/home
8506,/home
8507,/home
8508,/home
8509,/home
8510,/home
8511,/home
8512,/home
8513,/home
8514,/home
8515,/home
8516,/home
8517,/home
8518,/home
8519,/home
8520,/home
8521,/home
8522,/home
8523,/home
8524,/home
8525,/home
8526,/home
8527,/home
8528,/home
8529,/home
8530,/home
8531,/home
8532,/home
8533,/home
8534,/home
8535,/home
8536,/home
8537,/home
8538,/home
8539,/home
8540,/home
8541,/home
8542,/home
8543,/home
8544,/home
8545,/home
8546,/home
8547,/home
8548,/home
8549,/home
8550,/home
8551,/home
8552,/home
8553,/home
8554,/home
8555,/home
8556,/home
8557,/home
8558,/home
8559,/home
8560,/home
8561,/home
8562,/home
8563,/home
8564,/home
8565,/home
8566,/home
8567,/home
8568,/home
8569,/home
8570,/home
8571,/home
8572,/home
8573,/home
8574,/home
8575,/home
8576,/home
8577,/home
8578,/home
8579,/home
8580,/home
8581,/home
8582,/home
8583,/home
8584,/home
8585,/home
8586,/home
8587,/home
8588,/home
8589,/home
8590,/home
8591,/home
8592,/home
8593,/home
8594,/home
8595,/home
8596,/home
8597,/home
8598,/home
8599,/home
8600,/home
8601,/home
8602,/home
8603,/home
8604,/home
8605,/home
8606,/home
8607,/home
8608,/home
8609,/home
8610,/home
8611,/home
8612,/home
8613,/home
8614,/home
8615,/home
8616,/home
8617,/home
8618,/home
8619,/home
8620,/home
8621,/home
8622,/home
8623,/home
8624,/home
8625,/home
8626,/home
8627,/home
8628,/home
8629,/home
8630,/home
8631,/home
8632,/home
8633,/home
8634,/home
8635,/home
8636,/home
8637,/home
8638,/home
8639,/home
8640,/home
8641,/home
8642,/home
8643,/home
8644,/home
8645,/home
8646,/home
8647,/home
8648,/home
8649,/home
8650,/home
8651,/home
8652,/home
8653,/home
8654,/home
8655,/home
8656,/home
8657,/home
8658,/home
8659,/home
8660,/home
8661,/home
8662,/home
8663,/home
8664,/home
8665,/home
8666,/home
8667,/home
8668,/home
8669,/home
8670,/home
8671,/home
8672,/home
8673,/home
8674,/home
8675,/home
8676,/home
8677,/home
8678,/home
8679,/home
8680,/home
8681,/home
8682,/home
8683,/home
8684,/home
8685,/home
8686,/home
8687,/home
8688,/home
8689,/home
8690,/home
8691,/home
8692,/home
8693,/home
8694,/home
8695,/home
8696,/home
8697,/home
8698,/home
8699,/home
8700,/home
8701,/home
8702,/home
8703,/home
8704,/home
8705,/home
8706,/home
8707,/home
8708,/home
8709,/home
8710,/home
8711,/home
8712,/home
8713,/home
8714,/home
8715,/home
8716,/home
8717,/home
8718,/home
8719,/home
8720,/home
8721,/home
8722,/home
8723,/home
8724,/home
8725,/home
8726,/home
8727,/home
8728,/home
8729,/home
8730,/home
8731,/home
8732,/home
8733,/home
8734,/home
8735,/home
8736,/home
8737,/home
8738,/home
8739,/home
8740,/home
8741,/home
8742,/home
8743,/home
8744,/home
8745,/home
8746,/home
8747,/home
8748,/home
8749,/home
8750,/home
8751,/home
8752,/home
8753,/home
8754,/home
8755,/home
8756,/home
8757,/home
8758,/home
8759,/home
8760,/home
8761,/home
8762,/home
8763,/home
8764,/home
8765,/home
8766,/home
8767,/home
8768,/home
8769,/home
8770,/home
8771,/home
8772,/home
8773,/home
8774,/home
8775,/home
8776,/home
8777,/home
8778,/home
8779,/home
8780,/home
8781,/home
8782,/home
8783,/home
8784,/home
8785,/home
8786,/home
8787,/home
8788,/home
8789,/home
8790,/home
8791,/home
8792,/home
8793,/home
8794,/home
8795,/home
8796,/home
8797,/home
8798,/home
8799,/home
8800,/home
8801,/home
8802,/home
8803,/home
8804,/home
8805,/home
8806,/home
8807,/home
8808,/home
8809,/home
8810,/home
8811,/home
8812,/home
8813,/home
8814,/home
8815,/home
8816,/home
8817,/home
8818,/home
8819,/home
8820,/home
8821,/home
8822,/home
8823,/home
8824,/home
8825,/home
8826,/home
8827,/home
8828,/home
8829,/home
8830,/home
8831,/home
8832,/home
8833,/home
8834,/home
8835,/home
8836,/home
8837,/home
8838,/home
8839,/home
8840,/home
8841,/home
8842,/home
8843,/home
8844,/home
8845,/home
8846,/home
8847,/home
8848,/home
8849,/home
8850,/home
8851,/home
8852,/home
8853,/home
8854,/home
8855,/home
8856,/home
8857,/home
8858,/home
8859,/home
8860,/home
8861,/home
8862,/home
8863,/home
8864,/home
8865,/home
8866,/home
8867,/home
8868,/home
8869,/home
8870,/home
8871,/home
8872,/home
8873,/home
8874,/home
8875,/home
8876,/home
8877,/home
8878,/home
8879,/home
8880,/home
8881,/home
8882,/home
8883,/home
8884,/home
8885,/home
8886,/home
8887,/home
8888,/home
8889,/home
8890,/home
8891,/home
8892,/home
8893,/home
8894,/home
8895,/home
8896,/home
8897,/home
8898,/home
8899,/home
8900,/home
8901,/home
8902,/home
8903,/home
8904,/home
8905,/home
8906,/home
8907,/home
8908,/home
8909,/home
8910,/home
8911,/home
8912,/home
8913,/home
8914,/home
8915,/home
8916,/home
8917,/home
8918,/home
8919,/home
8920,/home
8921,/home
8922,/home
8923,/home
8924,/home
8925,/home
8926,/home
8927,/home
8928,/home
8929,/home
8930,/home
8931,/home
8932,/home
8933,/home
8934,/home
8935,/home
8936,/home
8937,/home
8938,/home
8939,/home
8940,/home
8941,/home
8942,/home
8943,/home
8944,/home
8945,/home
8946,/home
8947,/home
8948,/home
8949,/home
8950,/home
8951,/home
8952,/home
8953,/home
8954,/home
8955,/home
8956,/home
8957,/home
8958,/home
8959,/home
8960,/home
8961,/home
8962,/home
8963,/home
8964,/home
8965,/home
8966,/home
8967,/home
8968,/home
8969,/home
8970,/home
8971,/home
8972,/home
8973,/home
8974,/home
8975,/home
8976,/home
8977,/home
8978,/home
8979,/home
8980,/home
8981,/home
8982,/home
8983,/home
8984,/home
8985,/home
8986,/home
8987,/home
8988,/home
8989,/home
8990,/home
8991,/home
8992,/home
8993,/home
8994,/home
8995,/home
8996,/home
8997,/home
8998,/home
8999,/home
9000,/home
9001,/home
9002,/home
9003,/home
9004,/home
9005,/home
9006,/home
9007,/home
9008,/home
9009,/home
9010,/home
9011,/home
9012,/home
9013,/home
9014,/home
9015,/home
9016,/home
9017,/home
9018,/home
9019,/home
9020,/home
9021,/home
9022,/home
9023,/home
9024,/home
9025,/home
9026,/home
9027,/home
9028,/home
9029,/home
9030,/home
9031,/home
9032,/home
9033,/home
9034,/home
9035,/home
9036,/home
9037,/home
9038,/home
9039,/home
9040,/home
9041,/home
9042,/home
9043,/home
9044,/home
9045,/home
9046,/home
9047,/home
9048,/home
9049,/home
9050,/home
9051,/home
9052,/home
9053,/home
9054,/home
9055,/home
9056,/home
9057,/home
9058,/home
9059,/home
9060,/home
9061,/home
9062,/home
9063,/home
9064,/home
9065,/home
9066,/home
9067,/home
9068,/home
9069,/home
9070,/home
9071,/home
9072,/home
9073,/home
9074,/home
9075,/home
9076,/home
9077,/home
9078,/home
9079,/home
9080,/home
9081,/home
9082,/home
9083,/home
9084,/home
9085,/home
9086,/home
9087,/home
9088,/home
9089,/home
9090,/home
9091,/home
9092,/home
9093,/home
9094,/home
9095,/home
9096,/home
9097,/home
9098,/home
9099,/home
9100,/home
9101,/home
9102,/home
9103,/home
9104,/home
9105,/home
9106,/home
9107,/home
9108,/home
9109,/home
9110,/home
9111,/home
9112,/home
9113,/home
9114,/home
9115,/home
9116,/home
9117,/home
9118,/home
9119,/home
9120,/home
9121,/home
9122,/home
9123,/home
9124,/home
9125,/home
9126,/home
9127,/home
9128,/home
9129,/home
9130,/home
9131,/home
9132,/home
9133,/home
9134,/home
9135,/home
9136,/home
9137,/home
9138,/home
9139,/home
9140,/home
9141,/home
9142,/home
9143,/home
9144,/home
9145,/home
9146,/home
9147,/home
9148,/home
9149,/home
9150,/home
9151,/home
9152,/home
9153,/home
9154,/home
9155,/home
9156,/home
9157,/home
9158,/home
9159,/home
9160,/home
9161,/home
9162,/home
9163,/home
9164,/home
9165,/home
9166,/home
9167,/home
9168,/home
9169,/home
9170,/home
9171,/home
9172,/home
9173,/home
9174,/home
9175,/home
9176,/home
9177,/home
9178,/home
9179,/home
9180,/home
9181,/home
9182,/home
9183,/home
9184,/home
9185,/home
9186,/home
9187,/home
9188,/home
9189,/home
9190,/home
9191,/home
9192,/home
9193,/home
9194,/home
9195,/home
9196,/home
9197,/home
9198,/home
9199,/home
9200,/home
9201,/home
9202,/home
9203,/home
9204,/home
9205,/home
9206,/home
9207,/home
9208,/home
9209,/home
9210,/home
9211,/home
9212,/home
9213,/home
9214,/home
9215,/home
9216,/home
9217,/home
9218,/home
9219,/home
9220,/home
9221,/home
9222,/home
9223,/home
9224,/home
9225,/home
9226,/home
9227,/home
9228,/home
9229,/home
9230,/home
9231,/home
9232,/home
9233,/home
9234,/home
9235,/home
9236,/home
9237,/home
9238,/home
9239,/home
9240,/home
9241,/home
9242,/home
9243,/home
9244,/home
9245,/home
9246,/home
9247,/home
9248,/home
9249,/home
9250,/home
9251,/home
9252,/home
9253,/home
9254,/home
9255,/home
9256,/home
9257,/home
9258,/home
9259,/home
9260,/home
9261,/home
9262,/home
9263,/home
9264,/home
9265,/home
9266,/home
9267,/home
9268,/home
9269,/home
9270,/home
9271,/home
9272,/home
9273,/home
9274,/home
9275,/home
9276,/home
9277,/home
9278,/home
9279,/home
9280,/home
9281,/home
9282,/home
9283,/home
9284,/home
9285,/home
9286,/home
9287,/home
9288,/home
9289,/home
9290,/home
9291,/home
9292,/home
9293,/home
9294,/home
9295,/home
9296,/home
9297,/home
9298,/home
9299,/home
9300,/home
9301,/home
9302,/home
9303,/home
9304,/home
9305,/home
9306,/home
9307,/home
9308,/home
9309,/home
9310,/home
9311,/home
9312,/home
9313,/home
9314,/home
9315,/home
9316,/home
9317,/home
9318,/home
9319,/home
9320,/home
9321,/home
9322,/home
9323,/home
9324,/home
9325,/home
9326,/home
9327,/home
9328,/home
9329,/home
9330,/home
9331,/home
9332,/home
9333,/home
9334,/home
9335,/home
9336,/home
9337,/home
9338,/home
9339,/home
9340,/home
9341,/home
9342,/home
9343,/home
9344,/home
9345,/home
9346,/home
9347,/home
9348,/home
9349,/home
9350,/home
9351,/home
9352,/home
9353,/home
9354,/home
9355,/home
9356,/home
9357,/home
9358,/home
9359,/home
9360,/home
9361,/home
9362,/home
9363,/home
9364,/home
9365,/home
9366,/home
9367,/home
9368,/home
9369,/home
9370,/home
9371,/home
9372,/home
9373,/home
9374,/home
9375,/home
9376,/home
9377,/home
9378,/home
9379,/home
9380,/home
9381,/home
9382,/home
9383,/home
9384,/home
9385,/home
9386,/home
9387,/home
9388,/home
9389,/home
9390,/home
9391,/home
9392,/home
9393,/home
9394,/home
9395,/home
9396,/home
9397,/home
9398,/home
9399,/home
9400,/home
9401,/home
9402,/home
9403,/home
9404,/home
9405,/home
9406,/home
9407,/home
9408,/home
9409,/home
9410,/home
9411,/home
9412,/home
9413,/home
9414,/home
9415,/home
9416,/home
9417,/home
9418,/home
9419,/home
9420,/home
9421,/home
9422,/home
9423,/home
9424,/home
9425,/home
9426,/home
9427,/home
9428,/home
9429,/home
9430,/home
9431,/home
9432,/home
9433,/home
9434,/home
9435,/home
9436,/home
9437,/home
9438,/home
9439,/home
9440,/home
9441,/home
9442,/home
9443,/home
9444,/home
9445,/home
9446,/home
9447,/home
9448,/home
9449,/home
9450,/home
9451,/home
9452,/home
9453,/home
9454,/home
9455,/home
9456,/home
9457,/home
9458,/home
9459,/home
9460,/home
9461,/home
9462,/home
9463,/home
9464,/home
9465,/home
9466,/home
9467,/home
9468,/home
9469,/home
9470,/home
9471,/home
9472,/home
9473,/home
9474,/home
9475,/home
9476,/home
9477,/home
9478,/home
9479,/home
9480,/home
9481,/home
9482,/home
9483,/home
9484,/home
9485,/home
9486,/home
9487,/home
9488,/home
9489,/home
9490,/home
9491,/home
9492,/home
9493,/home
9494,/home
9495,/home
9496,/home
9497,/home
9498,/home
9499,/home
9500,/home
9501,/home
9502,/home
9503,/home
9504,/home
9505,/home
9506,/home
9507,/home
9508,/home
9509,/home
9510,/home
9511,/home
9512,/home
9513,/home
9514,/home
9515,/home
9516,/home
9517,/home
9518,/home
9519,/home
9520,/home
9521,/home
9522,/home
9523,/home
9524,/home
9525,/home
9526,/home
9527,/home
9528,/home
9529,/home
9530,/home
9531,/home
9532,/home
9533,/home
9534,/home
9535,/home
9536,/home
9537,/home
9538,/home
9539,/home
9540,/home
9541,/home
9542,/home
9543,/home
9544,/home
9545,/home
9546,/home
9547,/home
9548,/home
9549,/home
9550,/home
9551,/home
9552,/home
9553,/home
9554,/home
9555,/home
9556,/home
9557,/home
9558,/home
9559,/home
9560,/home
9561,/home
9562,/home
9563,/home
9564,/home
9565,/home
9566,/home
9567,/home
9568,/home
9569,/home
9570,/home
9571,/home
9572,/home
9573,/home
9574,/home
9575,/home
9576,/home
9577,/home
9578,/home
9579,/home
9580,/home
9581,/home
9582,/home
9583,/home
9584,/home
9585,/home
9586,/home
9587,/home
9588,/home
9589,/home
9590,/home
9591,/home
9592,/home
9593,/home
9594,/home
9595,/home
9596,/home
9597,/home
9598,/home
9599,/home
9600,/home
9601,/home
9602,/home
9603,/home
9604,/home
9605,/home
9606,/home
9607,/home
9608,/home
9609,/home
9610,/home
9611,/home
9612,/home
9613,/home
9614,/home
9615,/home
9616,/home
9617,/home
9618,/home
9619,/home
9620,/home
9621,/home
9622,/home
9623,/home
9624,/home
9625,/home
9626,/home
9627,/home
9628,/home
9629,/home
9630,/home
9631,/home
9632,/home
9633,/home
9634,/home
9635,/home
9636,/home
9637,/home
9638,/home
9639,/home
9640,/home
9641,/home
9642,/home
9643,/home
9644,/home
9645,/home
9646,/home
9647,/home
9648,/home
9649,/home
9650,/home
9651,/home
9652,/home
9653,/home
9654,/home
9655,/home
9656,/home
9657,/home
9658,/home
9659,/home
9660,/home
9661,/home
9662,/home
9663,/home
9664,/home
9665,/home
9666,/home
9667,/home
9668,/home
9669,/home
9670,/home
9671,/home
9672,/home
9673,/home
9674,/home
9675,/home
9676,/home
9677,/home
9678,/home
9679,/home
9680,/home
9681,/home
9682,/home
9683,/home
9684,/home
9685,/home
9686,/home
9687,/home
9688,/home
9689,/home
9690,/home
9691,/home
9692,/home
9693,/home
9694,/home
9695,/home
9696,/home
9697,/home
9698,/home
9699,/home
9700,/home
9701,/home
9702,/home
9703,/home
9704,/home
9705,/home
9706,/home
9707,/home
9708,/home
9709,/home
9710,/home
9711,/home
9712,/home
9713,/home
9714,/home
9715,/home
9716,/home
9717,/home
9718,/home
9719,/home
9720,/home
9721,/home
9722,/home
9723,/home
9724,/home
9725,/home
9726,/home
9727,/home
9728,/home
9729,/home
9730,/home
9731,/home
9732,/home
9733,/home
9734,/home
9735,/home
9736,/home
9737,/home
9738,/home
9739,/home
9740,/home
9741,/home
9742,/home
9743,/home
9744,/home
9745,/home
9746,/home
9747,/home
9748,/home
9749,/home
9750,/home
9751,/home
9752,/home
9753,/home
9754,/home
9755,/home
9756,/home
9757,/home
9758,/home
9759,/home
9760,/home
9761,/home
9762,/home
9763,/home
9764,/home
9765,/home
9766,/home
9767,/home
9768,/home
9769,/home
9770,/home
9771,/home
9772,/home
9773,/home
9774,/home
9775,/home
9776,/home
9777,/home
9778,/home
9779,/home
9780,/home
9781,/home
9782,/home
9783,/home
9784,/home
9785,/home
9786,/home
9787,/home
9788,/home
9789,/home
9790,/home
9791,/home
9792,/home
9793,/home
9794,/home
9795,/home
9796,/home
9797,/home
9798,/home
9799,/home
9800,/home
9801,/home
9802,/home
9803,/home
9804,/home
9805,/home
9806,/home
9807,/home
9808,/home
9809,/home
9810,/home
9811,/home
9812,/home
9813,/home
9814,/home
9815,/home
9816,/home
9817,/home
9818,/home
9819,/home
9820,/home
9821,/home
9822,/home
9823,/home
9824,/home
9825,/home
9826,/home
9827,/home
9828,/home
9829,/home
9830,/home
9831,/home
9832,/home
9833,/home
9834,/home
9835,/home
9836,/home
9837,/home
9838,/home
9839,/home
9840,/home
9841,/home
9842,/home
9843,/home
9844,/home
9845,/home
9846,/home
9847,/home
9848,/home
9849,/home
9850,/home
9851,/home
9852,/home
9853,/home
9854,/home
9855,/home
9856,/home
9857,/home
9858,/home
9859,/home
9860,/home
9861,/home
9862,/home
9863,/home
9864,/home
9865,/home
9866,/home
9867,/home
9868,/home
9869,/home
9870,/home
9871,/home
9872,/home
9873,/home
9874,/home
9875,/home
9876,/home
9877,/home
9878,/home
9879,/home
9880,/home
9881,/home
9882,/home
9883,/home
9884,/home
9885,/home
9886,/home
9887,/home
9888,/home
9889,/home
9890,/home
9891,/home
9892,/home
9893,/home
9894,/home
9895,/home
9896,/home
9897,/home
9898,/home
9899,/home
9900,/home
9901,/home
9902,/home
9903,/home
9904,/home
9905,/home
9906,/home
9907,/home
9908,/home
9909,/home
9910,/home
9911,/home
9912,/home
9913,/home
9914,/home
9915,/home
9916,/home
9917,/home
9918,/home
9919,/home
9920,/home
9921,/home
9922,/home
9923,/home
9924,/home
9925,/home
9926,/home
9927,/home
9928,/home
9929,/home
9930,/home
9931,/home
9932,/home
9933,/home
9934,/home
9935,/home
9936,/home
9937,/home
9938,/home
9939,/home
9940,/home
9941,/home
9942,/home
9943,/home
9944,/home
9945,/home
9946,/home
9947,/home
9948,/home
9949,/home
9950,/home
9951,/home
9952,/home
9953,/home
9954,/home
9955,/home
9956,/home
9957,/home
9958,/home
9959,/home
9960,/home
9961,/home
9962,/home
9963,/home
9964,/home
9965,/home
9966,/home
9967,/home
9968,/home
9969,/home
9970,/home
9971,/home
9972,/home
9973,/home
9974,/home
9975,/home
9976,/home
9977,/home
9978,/home
9979,/home
9980,/home
9981,/home
9982,/home
9983,/home
9984,/home
9985,/home
9986,/home
9987,/home
9988,/home
9989,/home
9990,/home
9991,/home
9992,/home
9993,/home
9994,/home
9995,/home
9996,/home
9997,/home
9998,/home
9999,/home
10000,/home
10001,/home
10002,/home
10003,/home
10004,/home
10005,/home
10006,/home
10007,/home
10008,/home
10009,/home
10010,/home
10011,/home
10012,/home
10013,/home
10014,/home
10015,/home
10016,/home
10017,/home
10018,/home
10019,/home
10020,/home
10021,/home
10022,/home
10023,/home
10024,/home
10025,/home
10026,/home
10027,/home
10028,/home
10029,/home
10030,/home
10031,/home
10032,/home
10033,/home
10034,/home
10035,/home
10036,/home
10037,/home
10038,/home
10039,/home
10040,/home
10041,/home
10042,/home
10043,/home
10044,/home
10045,/home
10046,/home
10047,/home
10048,/home
10049,/home
10050,/home
10051,/home
10052,/home
10053,/home
10054,/home
10055,/home
10056,/home
10057,/home
10058,/home
10059,/home
10060,/home
10061,/home
10062,/home
10063,/home
10064,/home
10065,/home
10066,/home
10067,/home
10068,/home
10069,/home
10070,/home
10071,/home
10072,/home
10073,/home
10074,/home
10075,/home
10076,/home
10077,/home
10078,/home
10079,/home
10080,/home
10081,/home
10082,/home
10083,/home
10084,/home
10085,/home
10086,/home
10087,/home
10088,/home
10089,/home
10090,/home
10091,/home
10092,/home
10093,/home
10094,/home
10095,/home
10096,/home
10097,/home
10098,/home
10099,/home
10100,/home
10101,/home
10102,/home
10103,/home
10104,/home
10105,/home
10106,/home
10107,/home
10108,/home
10109,/home
10110,/home
10111,/home
10112,/home
10113,/home
10114,/home
10115,/home
10116,/home
10117,/home
10118,/home
10119,/home
10120,/home
10121,/home
10122,/home
10123,/home
10124,/home
10125,/home
10126,/home
10127,/home
10128,/home
10129,/home
10130,/home
10131,/home
10132,/home
10133,/home
10134,/home
10135,/home
10136,/home
10137,/home
10138,/home
10139,/home
10140,/home
10141,/home
10142,/home
10143,/home
10144,/home
10145,/home
10146,/home
10147,/home
10148,/home
10149,/home
10150,/home
10151,/home
10152,/home
10153,/home
10154,/home
10155,/home
10156,/home
10157,/home
10158,/home
10159,/home
10160,/home
10161,/home
10162,/home
10163,/home
10164,/home
10165,/home
10166,/home
10167,/home
10168,/home
10169,/home
10170,/home
10171,/home
10172,/home
10173,/home
10174,/home
10175,/home
10176,/home
10177,/home
10178,/home
10179,/home
10180,/home
10181,/home
10182,/home
10183,/home
10184,/home
10185,/home
10186,/home
10187,/home
10188,/home
10189,/home
10190,/home
10191,/home
10192,/home
10193,/home
10194,/home
10195,/home
10196,/home
10197,/home
10198,/home
10199,/home
10200,/home
10201,/home
10202,/home
10203,/home
10204,/home
10205,/home
10206,/home
10207,/home
10208,/home
10209,/home
10210,/home
10211,/home
10212,/home
10213,/home
10214,/home
10215,/home
10216,/home
10217,/home
10218,/home
10219,/home
10220,/home
10221,/home
10222,/home
10223,/home
10224,/home
10225,/home
10226,/home
10227,/home
10228,/home
10229,/home
10230,/home
10231,/home
10232,/home
10233,/home
10234,/home
10235,/home
10236,/home
10237,/home
10238,/home
10239,/home
10240,/home
10241,/home
10242,/home
10243,/home
10244,/home
10245,/home
10246,/home
10247,/home
10248,/home
10249,/home
10250,/home
10251,/home
10252,/home
10253,/home
10254,/home
10255,/home
10256,/home
10257,/home
10258,/home
10259,/home
10260,/home
10261,/home
10262,/home
10263,/home
10264,/home
10265,/home
10266,/home
10267,/home
10268,/home
10269,/home
10270,/home
10271,/home
10272,/home
10273,/home
10274,/home
10275,/home
10276,/home
10277,/home
10278,/home
10279,/home
10280,/home
10281,/home
10282,/home
10283,/home
10284,/home
10285,/home
10286,/home
10287,/home
10288,/home
10289,/home
10290,/home
10291,/home
10292,/home
10293,/home
10294,/home
10295,/home
10296,/home
10297,/home
10298,/home
10299,/home
10300,/home
10301,/home
10302,/home
10303,/home
10304,/home
10305,/home
10306,/home
10307,/home
10308,/home
10309,/home
10310,/home
10311,/home
10312,/home
10313,/home
10314,/home
10315,/home
10316,/home
10317,/home
10318,/home
10319,/home
10320,/home
10321,/home
10322,/home
10323,/home
10324,/home
10325,/home
10326,/home
10327,/home
10328,/home
10329,/home
10330,/home
10331,/home
10332,/home
10333,/home
10334,/home
10335,/home
10336,/home
10337,/home
10338,/home
10339,/home
10340,/home
10341,/home
10342,/home
10343,/home
10344,/home
10345,/home
10346,/home
10347,/home
10348,/home
10349,/home
10350,/home
10351,/home
10352,/home
10353,/home
10354,/home
10355,/home
10356,/home
10357,/home
10358,/home
10359,/home
10360,/home
10361,/home
10362,/home
10363,/home
10364,/home
10365,/home
10366,/home
10367,/home
10368,/home
10369,/home
10370,/home
10371,/home
10372,/home
10373,/home
10374,/home
10375,/home
10376,/home
10377,/home
10378,/home
10379,/home
10380,/home
10381,/home
10382,/home
10383,/home
10384,/home
10385,/home
10386,/home
10387,/home
10388,/home
10389,/home
10390,/home
10391,/home
10392,/home
10393,/home
10394,/home
10395,/home
10396,/home
10397,/home
10398,/home
10399,/home
10400,/home
10401,/home
10402,/home
10403,/home
10404,/home
10405,/home
10406,/home
10407,/home
10408,/home
10409,/home
10410,/home
10411,/home
10412,/home
10413,/home
10414,/home
10415,/home
10416,/home
10417,/home
10418,/home
10419,/home
10420,/home
10421,/home
10422,/home
10423,/home
10424,/home
10425,/home
10426,/home
10427,/home
10428,/home
10429,/home
10430,/home
10431,/home
10432,/home
10433,/home
10434,/home
10435,/home
10436,/home
10437,/home
10438,/home
10439,/home
10440,/home
10441,/home
10442,/home
10443,/home
10444,/home
10445,/home
10446,/home
10447,/home
10448,/home
10449,/home
10450,/home
10451,/home
10452,/home
10453,/home
10454,/home
10455,/home
10456,/home
10457,/home
10458,/home
10459,/home
10460,/home
10461,/home
10462,/home
10463,/home
10464,/home
10465,/home
10466,/home
10467,/home
10468,/home
10469,/home
10470,/home
10471,/home
10472,/home
10473,/home
10474,/home
10475,/home
10476,/home
10477,/home
10478,/home
10479,/home
10480,/home
10481,/home
10482,/home
10483,/home
10484,/home
10485,/home
10486,/home
10487,/home
10488,/home
10489,/home
10490,/home
10491,/home
10492,/home
10493,/home
10494,/home
10495,/home
10496,/home
10497,/home
10498,/home
10499,/home
10500,/home
10501,/home
10502,/home
10503,/home
10504,/home
10505,/home
10506,/home
10507,/home
10508,/home
10509,/home
10510,/home
10511,/home
10512,/home
10513,/home
10514,/home
10515,/home
10516,/home
10517,/home
10518,/home
10519,/home
10520,/home
10521,/home
10522,/home
10523,/home
10524,/home
10525,/home
10526,/home
10527,/home
10528,/home
10529,/home
10530,/home
10531,/home
10532,/home
10533,/home
10534,/home
10535,/home
10536,/home
10537,/home
10538,/home
10539,/home
10540,/home
10541,/home
10542,/home
10543,/home
10544,/home
10545,/home
10546,/home
10547,/home
10548,/home
10549,/home
10550,/home
10551,/home
10552,/home
10553,/home
10554,/home
10555,/home
10556,/home
10557,/home
10558,/home
10559,/home
10560,/home
10561,/home
10562,/home
10563,/home
10564,/home
10565,/home
10566,/home
10567,/home
10568,/home
10569,/home
10570,/home
10571,/home
10572,/home
10573,/home
10574,/home
10575,/home
10576,/home
10577,/home
10578,/home
10579,/home
10580,/home
10581,/home
10582,/home
10583,/home
10584,/home
10585,/home
10586,/home
10587,/home
10588,/home
10589,/home
10590,/home
10591,/home
10592,/home
10593,/home
10594,/home
10595,/home
10596,/home
10597,/home
10598,/home
10599,/home
10600,/home
10601,/home
10602,/home
10603,/home
10604,/home
10605,/home
10606,/home
10607,/home
10608,/home
10609,/home
10610,/home
10611,/home
10612,/home
10613,/home
10614,/home
10615,/home
10616,/home
10617,/home
10618,/home
10619,/home
10620,/home
10621,/home
10622,/home
10623,/home
10624,/home
10625,/home
10626,/home
10627,/home
10628,/home
10629,/home
10630,/home
10631,/home
10632,/home
10633,/home
10634,/home
10635,/home
10636,/home
10637,/home
10638,/home
10639,/home
10640,/home
10641,/home
10642,/home
10643,/home
10644,/home
10645,/home
10646,/home
10647,/home
10648,/home
10649,/home
10650,/home
10651,/home
10652,/home
10653,/home
10654,/home
10655,/home
10656,/home
10657,/home
10658,/home
10659,/home
10660,/home
10661,/home
10662,/home
10663,/home
10664,/home
10665,/home
10666,/home
10667,/home
10668,/home
10669,/home
10670,/home
10671,/home
10672,/home
10673,/home
10674,/home
10675,/home
10676,/home
10677,/home
10678,/home
10679,/home
10680,/home
10681,/home
10682,/home
10683,/home
10684,/home
10685,/home
10686,/home
10687,/home
10688,/home
10689,/home
10690,/home
10691,/home
10692,/home
10693,/home
10694,/home
10695,/home
10696,/home
10697,/home
10698,/home
10699,/home
10700,/home
10701,/home
10702,/home
10703,/home
10704,/home
10705,/home
10706,/home
10707,/home
10708,/home
10709,/home
10710,/home
10711,/home
10712,/home
10713,/home
10714,/home
10715,/home
10716,/home
10717,/home
10718,/home
10719,/home
10720,/home
10721,/home
10722,/home
10723,/home
10724,/home
10725,/home
10726,/home
10727,/home
10728,/home
10729,/home
10730,/home
10731,/home
10732,/home
10733,/home
10734,/home
10735,/home
10736,/home
10737,/home
10738,/home
10739,/home
10740,/home
10741,/home
10742,/home
10743,/home
10744,/home
10745,/home
10746,/home
10747,/home
10748,/home
10749,/home
10750,/home
10751,/home
10752,/home
10753,/home
10754,/home
10755,/home
10756,/home
10757,/home
10758,/home
10759,/home
10760,/home
10761,/home
10762,/home
10763,/home
10764,/home
10765,/home
10766,/home
10767,/home
10768,/home
10769,/home
10770,/home
10771,/home
10772,/home
10773,/home
10774,/home
10775,/home
10776,/home
10777,/home
10778,/home
10779,/home
10780,/home
10781,/home
10782,/home
10783,/home
10784,/home
10785,/home
10786,/home
10787,/home
10788,/home
10789,/home
10790,/home
10791,/home
10792,/home
10793,/home
10794,/home
10795,/home
10796,/home
10797,/home
10798,/home
10799,/home
10800,/home
10801,/home
10802,/home
10803,/home
10804,/home
10805,/home
10806,/home
10807,/home
10808,/home
10809,/home
10810,/home
10811,/home
10812,/home
10813,/home
10814,/home
10815,/home
10816,/home
10817,/home
10818,/home
10819,/home
10820,/home
10821,/home
10822,/home
10823,/home
10824,/home
10825,/home
10826,/home
10827,/home
10828,/home
10829,/home
10830,/home
10831,/home
10832,/home
10833,/home
10834,/home
10835,/home
10836,/home
10837,/home
10838,/home
10839,/home
10840,/home
10841,/home
10842,/home
10843,/home
10844,/home
10845,/home
10846,/home
10847,/home
10848,/home
10849,/home
10850,/home
10851,/home
10852,/home
10853,/home
10854,/home
10855,/home
10856,/home
10857,/home
10858,/home
10859,/home
10860,/home
10861,/home
10862,/home
10863,/home
10864,/home
10865,/home
10866,/home
10867,/home
10868,/home
10869,/home
10870,/home
10871,/home
10872,/home
10873,/home
10874,/home
10875,/home
10876,/home
10877,/home
10878,/home
10879,/home
10880,/home
10881,/home
10882,/home
10883,/home
10884,/home
10885,/home
10886,/home
10887,/home
10888,/home
10889,/home
10890,/home
10891,/home
10892,/home
10893,/home
10894,/home
10895,/home
10896,/home
10897,/home
10898,/home
10899,/home
10900,/home
10901,/home
10902,/home
10903,/home
10904,/home
10905,/home
10906,/home
10907,/home
10908,/home
10909,/home
10910,/home
10911,/home
10912,/home
10913,/home
10914,/home
10915,/home
10916,/home
10917,/home
10918,/home
10919,/home
10920,/home
10921,/home
10922,/home
10923,/home
10924,/home
10925,/home
10926,/home
10927,/home
10928,/home
10929,/home
10930,/home
10931,/home
10932,/home
10933,/home
10934,/home
10935,/home
10936,/home
10937,/home
10938,/home
10939,/home
10940,/home
10941,/home
10942,/home
10943,/home
10944,/home
10945,/home
10946,/home
10947,/home
10948,/home
10949,/home
10950,/home
10951,/home
10952,/home
10953,/home
10954,/home
10955,/home
10956,/home
10957,/home
10958,/home
10959,/home
10960,/home
10961,/home
10962,/home
10963,/home
10964,/home
10965,/home
10966,/home
10967,/home
10968,/home
10969,/home
10970,/home
10971,/home
10972,/home
10973,/home
10974,/home
10975,/home
10976,/home
10977,/home
10978,/home
10979,/home
10980,/home
10981,/home
10982,/home
10983,/home
10984,/home
10985,/home
10986,/home
10987,/home
10988,/home
10989,/home
10990,/home
10991,/home
10992,/home
10993,/home
10994,/home
10995,/home
10996,/home
10997,/home
10998,/home
10999,/home
11000,/home
11001,/home
11002,/home
11003,/home
11004,/home
11005,/home
11006,/home
11007,/home
11008,/home
11009,/home
11010,/home
11011,/home
11012,/home
11013,/home
11014,/home
11015,/home
11016,/home
11017,/home
11018,/home
11019,/home
11020,/home
11021,/home
11022,/home
11023,/home
11024,/home
11025,/home
11026,/home
11027,/home
11028,/home
11029,/home
11030,/home
11031,/home
11032,/home
11033,/home
11034,/home
11035,/home
11036,/home
11037,/home
11038,/home
11039,/home
11040,/home
11041,/home
11042,/home
11043,/home
11044,/home
11045,/home
11046,/home
11047,/home
11048,/home
