user_id,days_first_to_second_session
152837,46
152847,28
152848,56
152849,15
152851,23
152865,49
152878,32
152881,64
152890,35
152891,40
152898,9
152901,41
152911,34
152932,40
152949,63
152953,30
152957,16
152962,19
152973,42
152988,65
152993,63
152996,44
152998,62
152999,64
153003,55
153005,37
153006,65
153029,16
153031,36
153040,54
153041,14
153045,10
153059,17
153063,58
153067,7
153076,18
153080,30
153081,13
153108,42
153116,51
153127,64
153135,40
153143,34
153146,12
153148,48
153156,6
153161,36
153164,28
153193,34
153215,57
153220,17
153232,37
153233,34
153235,56
153238,14
153240,9
153243,6
153246,28
153256,49
153272,16
153273,6
153280,9
153295,8
153299,15
153301,12
153307,14
153308,55
153311,26
153313,27
153314,13
153318,6
153326,55
153342,46
153346,20
153376,57
153380,44
153388,40
153389,64
153403,36
153404,50
153409,65
153419,6
153426,49
153428,62
153463,25
153465,13
153494,62
153510,38
153513,41
153520,41
153523,34
153539,22
153551,56
153556,47
153564,11
153567,8
153568,11
153576,49
153577,58
153580,29
153589,47
153590,52
153607,34
153610,55
153615,14
153625,57
153626,49
153639,42
153641,48
153642,32
153649,42
153652,51
153657,33
153665,62
153670,19
153674,17
153682,48
153698,34
153702,3
153703,62
153704,27
153721,10
153736,18
153739,47
153740,32
153744,47
153749,35
153762,46
153763,10
153788,61
153795,30
153804,3
153806,61
153810,34
153813,48
153814,26
153843,59
153846,9
153848,20
153859,25
153861,3
153864,58
153918,19
153921,46
153923,26
153926,14
153928,50
153936,33
153938,3
153945,31
153952,52
153962,22
153987,17
153990,26
154000,25
154002,23
154012,44
154015,8
154019,37
154022,51
154028,16
154043,47
154051,12
154052,52
154065,16
154070,9
154074,2
154084,50
154085,26
154092,48
154097,11
154113,31
154125,43
154130,48
154137,26
154148,28
154152,44
154155,43
154160,26
154166,38
154169,52
154185,29
154193,11
154198,58
154200,12
154201,68
154205,53
154221,15
154225,35
154226,63
154230,40
154238,53
154239,9
154252,26
154257,42
154261,40
154266,34
154280,18
154291,49
154297,61
154303,31
154307,17
154309,38
154312,57
154333,65
154337,18
154348,68
154353,66
154355,46
154366,51
154375,66
154377,28
154385,59
154391,23
154398,17
154404,19
154410,53
154416,37
154420,52
154464,45
154476,33
154478,17
154480,16
154501,42
154506,35
154507,21
154510,29
154512,68
154535,24
154536,42
154547,6
154550,47
154559,29
154563,12
154567,43
154588,19
154590,42
154598,56
154601,50
154614,25
154618,53
154622,58
154639,63
154640,9
154657,23
154660,17
154667,59
154672,37
154673,64
154680,44
154682,16
154683,19
154687,58
154691,51
154700,15
154702,45
154704,11
154711,30
154714,45
154719,9
154730,47
154733,59
154755,63
154760,64
154764,6
154768,13
154771,38
154800,32
154806,9
154815,31
154828,11
154836,24
154837,31
154839,20
154846,55
154854,25
154857,9
154865,61
154871,41
154877,9
154882,56
154900,51
154917,62
154944,41
154946,60
154958,64
154979,31
154993,27
154999,19
155007,28
155008,32
155011,21
155024,23
155048,14
155055,38
155060,20
155065,11
155068,15
155080,62
155082,44
155087,24
155088,54
155097,35
155100,56
155101,17
155102,58
155103,67
155113,52
155128,64
155132,35
155133,44
155139,21
155150,16
155155,21
155159,57
155163,19
155164,41
155168,36
155170,15
155179,16
155188,63
155190,32
155194,10
155199,53
155202,19
155219,17
155220,59
155223,20
155225,20
155226,43
155242,36
155246,26
155255,13
155265,37
155266,18
155269,48
155270,36
155279,31
155289,5
155298,41
155301,9
155305,63
155316,35
155317,33
155332,28
155334,21
155335,48
155347,16
155364,20
155368,7
155377,63
155379,41
155381,30
155384,41
155390,61
155393,34
155395,41
155410,13
155438,26
155446,58
155450,39
155452,28
155456,16
155457,58
155466,28
155475,20
155476,30
155477,40
155480,13
155483,33
155486,14
155498,42
155499,15
155508,31
155512,12
155515,29
155530,36
155534,27
155539,60
155540,50
155564,32
155568,18
155570,54
155573,34
155575,17
155577,6
155599,27
155612,40
155617,5
155618,39
155636,54
155642,62
155647,29
155650,40
155651,42
155655,10
155657,4
155662,16
155665,35
155668,54
155682,38
155683,63
155685,42
155692,34
155700,18
155715,3
155725,53
155735,35
155750,4
155752,6
155765,48
155767,43
155773,22
155780,62
155783,34
155792,51
155808,13
155816,62
155830,57
155840,17
155844,59
155848,43
155857,7
155864,16
155882,14
155889,8
155892,60
155903,6
155908,20
155914,40
155918,41
155930,43
155932,55
155951,31
155998,22
156001,43
156014,45
156030,35
156046,12
156051,13
156063,13
156065,53
156073,36
156076,21
156083,51
156093,54
156094,32
156099,21
156102,51
156116,56
156137,59
156144,59
156145,50
156168,49
156170,2
156171,55
156181,14
156188,7
156199,39
156205,18
156206,44
156216,19
156219,12
156220,39
156222,6
156223,63
156239,4
156245,25
156246,11
156262,39
156272,51
156295,53
156297,59
156331,38
156335,10
156336,32
156343,55
156344,9
156350,38
156351,45
156364,19
156367,32
156374,31
156375,11
156379,30
156383,19
156397,35
156405,39
156408,40
156409,52
156434,60
156437,33
156440,38
156446,23
156452,43
156461,38
156474,43
156476,52
156490,61
156495,32
156500,45
156503,67
156518,58
156521,41
156536,46
156538,19
156550,35
156552,52
156554,51
156555,23
156556,10
156561,60
156571,19
156575,15
156582,11
156585,66
156591,40
156597,18
156610,49
156622,41
156627,23
156629,36
156635,66
156636,59
156655,53
156660,64
156662,49
156673,43
156674,65
156677,21
156680,46
156683,16
156685,63
156693,8
156701,35
156705,38
156712,56
156718,30
156735,18
156743,22
156744,47
156746,8
156756,31
156760,31
156762,21
156764,61
156781,38
156797,32
156810,7
156811,65
156813,32
156814,11
156825,28
156831,31
156835,8
156838,28
156841,39
156848,28
156859,66
156867,9
156875,17
156879,65
156883,31
156896,58
156898,44
156900,15
156915,42
156916,56
156934,33
156944,21
156952,56
156954,21
156956,38
156962,60
156963,42
156964,15
156973,23
156976,57
156977,26
156980,60
156984,31
156997,67
157006,18
157030,38
157036,36
157047,39
157074,31
157075,32
157097,43
157098,44
157105,67
157109,50
157110,33
157112,39
157129,18
157144,57
157155,66
157156,37
157160,16
157170,21
157174,66
157200,48
157209,10
157210,66
157214,48
157226,43
157230,22
157250,53
157254,12
157260,34
157271,57
157274,15
157277,5
157290,7
157294,43
157299,38
157301,17
157306,65
157335,56
157344,7
157346,26
157351,51
157358,29
157366,55
157369,6
157371,15
157372,61
157380,22
157382,42
157384,28
157387,11
157390,50
157404,10
157414,31
157415,31
157426,14
157429,38
157430,58
157433,27
157438,37
157449,37
157451,16
157452,21
157455,36
157471,43
157474,58
157479,22
157480,66
157485,36
157486,55
157496,67
157499,31
157502,53
157522,26
157527,58
157534,6
157538,62
157539,35
157547,65
157556,14
157575,43
157583,17
157587,41
157593,58
157594,44
157595,62
157603,30
157609,14
157614,34
157625,57
157637,15
157643,18
157644,25
157666,14
157672,22
157675,15
157684,8
157686,27
157702,14
157705,62
157707,29
157708,64
157713,29
157715,30
157719,38
157721,7
157725,21
157736,47
157742,62
157753,26
157756,29
157767,32
157772,28
157779,62
157785,37
157791,66
157793,51
157800,55
157808,49
157828,28
157834,33
157835,31
157847,12
157859,36
157860,35
157861,31
157864,58
157880,30
157884,64
157893,58
157901,41
157912,66
157924,8
157928,33
157934,59
157956,56
157960,5
157961,20
157962,16
157971,54
157972,23
157980,35
157981,55
158012,63
158015,65
158025,64
158027,59
158032,20
158040,25
158044,5
158047,5
158055,53
158059,22
158071,33
158088,20
158094,21
158098,56
158100,62
158110,59
158121,50
158123,61
158129,42
158130,15
158132,12
158151,26
158167,21
158169,50
158182,40
158188,37
158199,36
158206,65
158210,6
158221,51
158233,4
158246,26
158249,55
158256,28
158270,55
158287,56
158301,21
158304,34
158306,63
158311,14
158338,47
158345,41
158357,42
158370,6
158384,62
158387,22
158404,30
158413,17
158440,46
158446,41
158448,12
158455,42
158456,50
158459,4
158463,46
158468,52
158476,4
158484,63
158490,7
158491,32
158492,61
158498,29
158507,20
158516,13
158518,34
158519,57
158521,41
158530,16
158555,18
158561,33
158562,48
158564,36
158589,29
158594,56
158602,15
158603,42
158610,57
158611,22
158626,5
158632,28
158653,33
158657,3
158659,27
158672,54
158679,25
158680,55
158699,46
158701,34
158702,48
158705,47
158722,23
158727,24
158735,4
158737,3
158739,63
158750,15
158756,25
158761,50
158772,18
158775,5
158782,54
158783,61
158784,17
158790,52
158797,63
158804,40
158821,25
158829,15
158831,34
158864,11
158884,5
158895,62
158896,61
158904,53
158905,46
158913,46
158926,54
158931,42
158934,10
158943,31
158948,32
158951,58
158958,33
158959,60
158975,16
158979,42
158990,19
158993,18
159014,38
159015,33
159019,47
159030,58
159034,37
159038,46
159050,51
159051,32
159055,53
159056,54
159058,20
159061,47
159072,3
159079,40
159082,2
159113,44
159117,13
159121,16
159127,36
159134,47
159145,1
159153,25
159156,32
159168,51
159174,29
159177,11
159178,50
159180,3
159185,16
159188,54
159203,32
159229,59
159235,7
159236,7
159238,55
159244,59
159251,55
159265,9
159268,36
159269,68
159281,68
159308,9
159336,18
159338,59
159343,65
159347,64
159349,52
159358,22
159361,49
159365,26
159367,33
159369,54
159375,9
159380,47
159382,29
159385,45
159386,47
159396,56
159402,18
159409,69
159417,39
159435,33
159438,38
159445,36
159447,10
159472,15
159477,23
159482,58
159493,46
159517,45
159519,22
159523,48
159526,28
159533,38
159534,44
159535,50
159540,33
159544,24
159545,60
159555,51
159559,21
159560,53
159567,56
159570,58
159592,41
159596,18
159604,38
159626,64
159633,7
159643,14
159660,30
159666,35
159672,9
159680,67
159689,45
159694,51
159714,9
159715,56
159720,10
159727,7
159737,10
159745,43
159749,17
159750,24
159752,17
159753,40
159756,15
159758,29
159766,26
159770,35
159777,46
159784,20
159791,41
159792,49
159802,28
159809,57
159818,21
159823,46
159824,45
159825,9
159838,43
159842,62
159860,12
159871,35
159872,17
159877,59
159879,7
159880,68
159889,20
159893,65
159899,28
159903,8
159909,52
159910,37
159913,49
159917,57
159929,18
159930,66
159937,59
159938,60
159940,30
159946,46
159951,56
159954,50
159959,14
159962,15
159972,35
159978,58
159986,17
159988,27
159996,35
160008,59
160009,18
160010,47
160023,20
160026,42
160031,65
160036,10
160037,45
160049,59
160055,53
160062,64
160079,17
160086,31
160091,21
160094,30
160111,29
160116,57
160138,22
160140,13
160151,27
160155,56
160162,10
160166,27
160174,17
160186,36
160190,16
160194,52
160202,36
160207,20
160212,35
160217,64
160218,63
160226,22
160227,63
160228,6
160269,23
160283,62
160287,9
160289,43
160292,9
160322,34
160336,7
160344,24
160347,32
160354,47
160357,57
160359,39
160382,14
160384,65
160387,61
160391,56
160393,5
160394,56
160400,20
160407,39
160409,49
160411,15
160421,16
160429,7
160433,33
160434,57
160447,43
160462,29
160469,50
160500,43
160512,54
160513,58
160530,22
160534,50
160541,54
160542,13
160543,19
160544,13
160545,30
160548,57
160564,23
160601,62
160604,55
160611,36
160617,20
160633,65
160637,64
160664,48
160666,35
160668,51
160670,27
160677,41
160679,5
160694,56
160712,5
160726,47
160727,20
160728,40
160733,16
160735,33
160740,15
160745,64
160747,60
160755,56
160761,50
160770,19
160771,48
160782,12
160793,14
160812,35
160814,55
160819,5
160836,65
160843,14
160849,8
160864,48
160877,8
160879,5
160892,20
160910,16
160913,33
160923,58
160940,32
160945,43
160948,42
160959,57
160968,37
160976,28
160982,46
161007,31
161008,4
161012,60
161028,25
161043,26
161044,33
161079,13
161084,50
161085,38
161088,25
161092,58
161102,62
161106,57
161110,8
161111,6
161112,43
161113,63
161125,4
161127,34
161137,28
161145,46
161148,7
161151,31
161153,43
161166,31
161170,21
161174,63
161177,39
161183,63
161195,19
161200,48
161214,48
161216,12
161238,19
161248,14
161249,48
161253,7
161256,51
161267,14
161270,52
161275,33
161277,10
161287,32
161293,13
161302,5
161314,60
161316,55
161318,14
161321,19
161326,64
161348,59
161359,26
161361,46
161363,55
161367,31
161375,31
161385,8
161389,37
161394,19
161400,15
161408,18
161414,55
161421,3
161426,42
161431,5
161441,56
161446,34
161451,59
161457,56
161463,25
161472,62
161474,7
161483,28
161488,27
161492,52
161496,16
161504,49
161508,10
161515,27
161530,13
161532,49
161536,62
161538,3
161555,7
161557,33
161560,6
161561,2
161569,31
161577,33
161585,47
161587,61
161590,6
161595,5
161600,15
161606,39
161608,24
161609,57
161610,18
161619,33
161621,47
161627,10
161633,6
161639,18
161643,62
161647,28
161648,56
161653,41
161658,34
161659,46
161667,45
161717,33
161718,7
161733,31
161734,37
161749,12
161750,10
161763,41
161771,25
161773,10
161775,19
161778,52
161788,11
161792,10
161811,10
161812,6
161814,25
161826,5
161834,40
161843,13
161844,60
161850,15
161865,12
161867,62
161869,58
161877,20
161888,7
161890,36
161891,18
161900,30
161924,54
161928,36
161937,45
161945,6
161948,5
161950,14
161974,30
161978,24
161980,58
161986,7
161999,29
162002,51
162030,67
162035,13
162047,13
162052,67
162053,33
162066,9
162067,56
162074,30
162075,33
162083,31
162089,65
162091,34
162092,21
162093,20
162095,22
162096,45
162127,51
162147,68
162149,7
162156,26
162170,26
162171,50
162182,20
162189,61
162202,52
162204,54
162205,48
162211,29
162237,59
162252,56
162263,31
162264,63
162269,32
162271,53
162278,23
162279,21
162283,56
162293,43
162294,63
162314,28
162326,25
162339,60
162340,67
162356,12
162378,28
162388,53
162411,59
162414,28
162418,67
162427,57
162437,56
162440,30
162447,31
162448,23
162458,8
162469,49
162483,55
162485,37
162486,66
162487,47
162491,55
162496,59
162497,60
162502,29
162525,43
162529,18
162551,8
162555,11
162568,25
162570,40
162575,43
162581,52
162585,37
162598,40
162600,39
162603,50
162612,9
162622,67
162625,34
162633,39
162656,37
162670,14
162674,46
162675,64
162678,27
162680,54
162690,36
162691,64
162692,8
162699,60
162702,44
162704,46
162714,46
162723,49
162727,30
162738,30
162747,61
162752,36
162754,53
162756,64
162757,38
162770,55
162787,35
162789,8
162790,7
162792,43
162793,18
162795,27
162805,59
162809,14
162812,14
162816,22
162826,9
162827,62
162840,50
162845,27
162863,47
162873,43
162890,31
162899,39
162901,36
162902,30
162923,58
162924,48
162930,35
162936,17
162948,27
162959,21
162973,30
162978,6
162979,27
162980,52
162983,62
162986,45
162990,31
163003,13
163012,55
163013,62
163018,59
163019,60
163028,65
163035,44
163041,54
163052,46
163057,30
163061,16
163079,27
163095,22
163100,22
163105,45
163108,54
163110,49
163113,14
163115,8
163118,52
163136,51
163147,16
163153,64
163181,17
163183,14
163193,16
163197,40
163200,14
163208,32
163217,48
163220,7
163230,12
163245,58
163249,23
163254,12
163259,55
163264,48
163268,59
163274,44
163276,24
163277,29
163287,22
163301,57
163303,26
163311,40
163313,8
163320,13
163332,62
163340,5
163345,47
163356,51
163367,52
163372,27
163376,53
163378,61
163411,47
163413,44
163435,15
163445,55
163457,47
163461,49
163481,16
163486,62
163493,37
163509,10
163534,61
163536,64
163538,27
163554,23
163561,42
163575,38
163576,25
163579,21
163597,60
163598,23
163600,19
163601,44
163614,4
163621,27
163625,42
163627,49
163630,43
163648,39
163653,29
163655,40
163667,14
163681,55
163690,27
163702,35
163705,51
163709,14
163723,14
163736,15
163749,23
163752,46
163753,6
163760,8
163766,60
163767,35
163769,49
163770,62
163776,43
163778,61
163793,28
163796,15
163810,46
163822,64
163828,33
163847,55
163867,45
163878,57
163880,41
163883,14
163893,5
163896,37
163904,50
163910,7
163913,12
163915,17
163919,34
163927,38
163933,65
163934,35
163940,36
163955,22
163959,8
163961,49
163981,11
163998,49
164004,29
164005,41
164017,26
164018,8
164019,47
164021,57
164022,13
164027,32
164041,50
164046,63
164047,50
164068,17
164072,23
164078,47
164087,14
164089,54
164094,39
164106,7
164107,26
164117,34
164127,28
164128,27
164129,39
164139,39
164140,53
164152,61
164169,42
164182,26
164191,8
164208,35
164209,59
164211,10
164213,62
164217,64
164224,27
164226,8
164229,36
164241,33
164247,57
164267,64
164281,43
164293,64
164308,20
164312,31
164318,35
164319,42
164321,48
164330,63
164333,29
164340,27
164345,26
164357,42
164366,40
164385,5
164387,41
164388,14
164399,49
164407,7
164411,5
164442,27
164446,50
164448,26
164459,5
164478,49
164480,56
164483,11
164503,61
164504,8
164513,60
164517,48
164518,17
164537,26
164546,33
164563,4
164564,48
164571,32
164590,3
164592,6
164600,60
164605,64
164612,49
164625,3
164627,55
164642,40
164644,22
164653,11
164660,17
164661,34
164663,25
164668,19
164675,5
164679,17
164692,47
164695,33
164696,17
164705,38
164708,62
164716,60
164719,6
164721,39
164726,33
164735,29
164738,43
164740,24
164748,59
164750,51
164755,13
164759,28
164774,40
164794,46
164795,40
164798,54
164816,41
164817,10
164818,59
164824,34
164832,14
164836,4
164850,60
164862,63
164883,6
164887,33
164890,60
164903,28
164906,11
164909,59
164911,21
164926,10
164927,25
164932,13
164934,60
164936,14
164941,25
164954,9
164958,60
164961,23
164964,51
164967,13
164973,49
164977,33
164979,63
164980,19
164983,10
164991,56
165002,4
165007,29
165025,39
165028,41
165042,61
165052,52
165056,9
165068,60
165084,38
165086,33
165107,19
165109,51
165125,18
165127,63
165130,52
165137,31
165147,19
165149,25
165162,6
165166,19
165176,46
165186,64
165188,39
165192,15
165210,9
165212,43
165213,31
165224,58
165229,32
165232,9
165235,9
165243,47
165247,32
165251,44
165253,51
165255,10
165256,53
165264,59
165276,26
165280,61
165281,11
165291,64
165298,39
165300,33
165319,41
165325,29
165337,30
165351,38
165368,45
165380,67
165392,36
165423,32
165434,36
165437,31
165449,38
165459,46
165468,44
165476,24
165479,25
165482,23
165488,32
165495,48
165501,35
165504,43
165507,10
165510,8
165513,23
165522,66
165524,15
165533,13
165534,66
165547,54
165551,43
165562,60
165568,56
165577,34
165579,55
165580,42
165581,59
165584,57
165597,28
165599,56
165600,10
165602,14
165609,64
165612,18
165615,17
165618,28
165623,60
165630,24
165648,8
165656,30
165664,45
165681,30
165688,60
165694,56
165697,42
165699,58
165704,17
165707,25
165709,59
165719,16
165723,8
165728,52
165730,65
165738,66
165747,41
165748,42
165751,52
165752,30
165766,51
165771,20
165783,33
165796,42
165820,49
165822,55
165827,37
165829,66
165835,39
165837,30
165844,6
165856,11
165862,21
165887,20
165888,60
165894,48
165895,41
165896,59
165901,37
165906,16
165913,14
165930,10
165944,56
165956,9
165982,18
166002,42
166004,5
166013,25
166018,41
166019,49
166020,15
166023,21
166036,58
166040,12
166053,64
166057,64
166058,6
166059,52
166076,63
166077,51
166078,53
166092,34
166093,30
166097,58
166104,27
166107,31
166138,51
166141,57
166145,5
166152,38
166154,24
166163,63
166165,17
166176,30
166184,15
166185,33
166186,23
166188,10
166215,50
166220,65
166223,14
166236,13
166257,64
166263,44
166266,50
166274,52
166275,52
166285,55
166297,38
166304,16
166308,30
166314,54
166317,23
166320,49
166324,38
166326,66
166329,16
166341,23
166349,29
166352,12
166353,16
166370,30
166374,49
166376,58
166379,9
166388,50
166390,13
166399,59
166403,30
166405,50
166412,8
166417,44
166435,62
166437,55
166445,48
166450,23
166454,21
166467,50
166472,51
166480,9
166484,6
166488,62
166492,22
166496,28
166501,29
166519,31
166535,60
166537,44
166538,24
166539,63
166542,48
166546,35
166548,20
166553,42
166557,20
166563,7
166587,23
166588,25
166591,18
166601,7
166621,63
166640,33
166646,15
166653,17
166657,57
166661,48
166662,35
166664,36
166671,10
166673,59
166676,63
166680,41
166692,27
166699,17
166714,58
166720,62
166725,26
166726,65
166739,11
166746,13
166755,54
166758,34
166759,16
166760,12
166766,5
166779,44
166782,31
166786,48
166790,48
166812,63
166814,50
166817,33
166823,11
166824,7
166829,19
166836,25
166844,11
166846,24
166853,14
166864,12
166869,37
166870,22
166874,52
166877,23
166884,15
166889,41
166893,56
166905,42
166907,23
166911,23
166914,34
166924,64
166926,66
166931,49
166944,35
166947,10
166952,14
166953,5
166964,15
166976,33
166989,61
166999,49
167010,54
167012,60
167022,54
167028,58
167051,65
167061,25
167062,55
167064,4
167078,48
167079,25
167086,56
167092,8
167118,21
167121,20
167135,3
167137,37
167139,13
167141,18
167143,5
167154,36
167166,21
167174,13
167181,32
167187,38
167206,10
167207,57
167231,43
167243,24
167247,43
167255,18
167262,25
167269,57
167271,40
167284,34
167287,6
167289,39
167295,20
167299,43
167300,41
167307,24
167308,35
167314,50
167315,26
167319,38
167337,58
167338,40
167339,18
167354,24
167359,61
167364,51
167365,4
167370,50
167381,64
167385,27
167399,25
167406,20
167410,58
167417,46
167418,62
167423,41
167430,27
167444,55
167446,61
167447,56
167452,49
167454,8
167457,54
167460,55
167473,28
167479,41
167530,22
167533,40
167540,25
167544,65
167555,8
167558,47
167559,62
167563,10
167565,36
167572,27
167581,48
167594,64
167599,61
167606,32
167625,33
167628,2
167629,62
167633,25
167634,45
167642,41
167653,48
167669,57
167671,38
167680,40
167684,63
167705,53
167708,49
167709,40
167722,46
167741,39
167746,29
167755,23
167763,52
167764,61
167769,34
167771,39
167775,7
167790,32
167791,22
167800,33
167816,5
167818,24
167822,19
167824,6
167827,8
167835,35
167850,14
167851,34
167859,34
167863,10
167865,39
167869,39
167880,18
167882,55
167888,31
167900,20
167903,25
167909,36
167910,46
167912,12
167917,48
167920,3
167921,24
167930,40
167932,46
167933,13
167939,27
167940,5
167943,62
167954,22
167955,53
167956,58
167962,38
167978,49
167980,21
167985,40
167995,12
168003,60
168009,40
168017,36
168021,57
168022,28
168024,46
168046,45
168054,47
168055,32
168064,49
168071,26
168092,15
168104,34
168119,13
168145,23
168152,47
168154,13
168155,17
168164,45
168167,61
168168,25
168185,30
168189,9
168198,2
168206,20
168209,37
168210,48
168217,1
168218,10
168261,34
168262,50
168271,17
168279,59
168280,8
168290,16
168308,19
168311,24
168315,17
168321,35
168327,65
168336,23
168345,7
168351,34
168357,12
168359,27
168360,8
168391,53
168403,9
168412,64
168430,13
168440,52
168450,16
168457,42
168463,23
168465,37
168467,65
168493,18
168525,10
168526,61
168530,34
168538,9
168547,14
168551,50
168553,46
168554,40
168570,43
168576,31
168579,12
168588,41
168599,22
168610,57
168621,18
168626,29
168628,30
168630,60
168632,57
168636,9
168643,20
168648,52
168652,32
168654,61
168658,64
168676,66
168681,51
168693,23
168703,39
168710,8
168722,44
168742,48
168756,31
168757,58
168762,59
168765,36
168774,38
168781,38
168785,53
168786,20
168787,18
168794,24
168804,59
168807,13
168811,45
168813,52
168818,50
168827,13
168829,12
168843,36
168847,37
168848,64
168858,56
168859,53
168860,66
168865,17
168876,60
168878,59
168886,56
168888,53
168889,32
168890,39
168892,32
168893,58
168894,63
168895,42
168904,36
168910,67
168912,45
168915,61
168922,38
168938,8
168948,48
168957,41
168976,17
168987,35
168990,20
168994,66
169019,9
169025,64
169032,44
169045,43
169057,14
169071,60
169074,60
169076,10
169080,16
169082,29
169083,17
169085,53
169090,59
169091,16
169099,68
169101,37
169112,54
169114,59
169117,9
169139,43
169146,45
169148,8
169153,32
169157,8
169165,38
169176,66
169179,57
169183,45
169195,67
169206,16
169211,31
169215,56
169231,31
169232,55
169234,52
169240,45
169244,39
169250,47
169254,29
169255,60
169262,21
169277,52
169280,11
169290,37
169300,61
169308,57
169319,31
169330,24
169335,57
169340,19
169344,10
169352,56
169356,7
169357,46
169358,9
169365,48
169384,20
169401,60
169404,29
169412,25
169426,50
169428,6
169433,43
169435,31
169436,21
169443,58
169446,5
169456,54
169462,11
169467,58
169487,34
169496,36
169503,32
169506,35
169509,61
169514,61
169528,48
169529,16
169531,31
169538,20
169543,55
169544,23
169548,31
169549,36
169552,66
169553,28
169557,35
169563,52
169570,21
169586,13
169589,21
169590,47
169594,30
169602,51
169606,20
169615,29
169628,36
169632,31
169638,11
169655,31
169666,58
169667,7
169669,28
169676,26
169681,13
169685,57
169692,36
169694,15
169698,19
169712,19
169714,18
169724,10
169727,66
169742,30
169744,21
169754,49
169766,28
169767,5
169770,43
169774,50
169775,13
169780,42
169790,58
169792,56
169808,44
169813,48
169825,43
169827,29
169837,44
169854,24
169863,55
169864,19
169870,66
169871,54
169875,14
169878,52
169882,15
169883,30
169884,35
169885,13
169895,49
169903,37
169907,24
169915,7
169930,65
169931,43
169932,23
169933,49
169941,35
169948,58
169956,50
169959,16
169981,16
169986,57
169989,52
169992,52
169999,13
170015,64
170022,66
170027,22
170038,9
170039,9
170042,41
170044,37
170046,11
170052,48
170053,44
170066,41
170073,56
170074,61
170077,42
170089,21
170105,23
170112,45
170113,36
170118,8
170119,23
170120,34
170122,6
170124,62
170126,23
170131,46
170137,63
170139,27
170140,50
170164,22
170172,48
170193,28
170195,41
170197,12
170206,23
170212,56
170218,7
170225,48
170228,48
170239,61
170245,24
170247,32
170259,42
170266,9
170268,56
170279,62
170283,62
170298,54
170300,44
170303,8
170310,22
170317,8
170318,40
170331,33
170335,55
170338,66
170342,11
170343,44
170345,15
170347,58
170383,44
170405,64
170409,18
170419,34
170440,34
170442,6
170453,8
170457,21
170460,19
170462,6
170464,35
170465,24
170469,9
170471,45
170478,15
170482,37
170483,37
170494,62
170515,7
170521,11
170542,52
170550,36
170551,38
170555,30
170558,44
170560,64
170566,45
170575,18
170578,60
170597,31
170603,39
170618,41
170627,7
170637,45
170646,43
170651,29
170667,28
170672,58
170680,58
170690,47
170698,56
170702,63
170709,35
170715,47
170720,56
170725,13
170731,36
170754,15
170755,57
170757,9
170762,63
170767,14
170774,49
170787,55
170794,62
170806,13
170816,54
170819,60
170820,27
170824,13
170831,39
170835,10
170845,34
170846,64
170848,55
170852,15
170854,20
170858,42
170861,26
170862,22
170867,59
170872,10
170880,47
170893,10
170899,12
170904,26
170908,9
170909,11
170924,15
170926,29
170930,30
170932,62
170933,6
170936,59
170940,36
170956,52
170963,26
170964,35
170968,35
170995,39
171012,64
171015,39
171039,22
171055,7
171063,39
171064,59
171069,26
171078,35
171085,7
171090,62
171095,34
171098,36
171125,39
171127,52
171145,59
171152,6
171153,49
171156,28
171165,29
171179,36
171181,61
171195,37
171200,11
171208,33
171213,57
171214,30
171218,48
171232,60
171242,40
171244,10
171246,10
171249,19
171252,5
171257,54
171262,40
171267,19
171273,22
171283,60
171284,59
171288,9
171297,56
171298,60
171300,11
171320,27
171329,36
171330,53
171343,14
171344,40
171359,61
171360,33
171375,30
171379,57
171385,57
171392,40
171395,5
171396,62
171399,4
171416,51
171417,59
171425,5
171440,55
171442,47
171445,7
171476,49
171487,63
171497,41
171511,51
171512,57
171514,32
171519,63
171526,6
171545,23
171549,3
171561,40
171579,61
171591,62
171602,58
171604,52
171622,18
171629,3
171633,31
171635,28
171640,7
171645,24
171647,35
171656,48
171657,59
171660,57
171664,52
171670,54
171672,5
171677,6
171706,16
171707,33
171708,61
171709,25
171711,13
171712,29
171717,44
171723,11
171728,37
171739,39
171744,27
171747,51
171757,61
171764,45
171769,48
171785,10
171797,42
171818,7
171821,12
171822,25
171837,40
171839,53
171842,48
171846,62
171856,41
171867,21
171880,26
171884,26
171886,59
171893,26
171894,31
171904,36
171905,9
171914,34
171915,13
171919,52
171921,20
171927,55
171929,59
171938,22
171942,11
171943,48
171944,20
171945,55
171951,53
171963,4
171966,46
171968,7
171971,29
171974,8
171978,12
172001,3
172003,47
172008,62
172023,4
172024,7
172067,12
172068,5
172076,46
172077,64
172090,26
172092,46
172097,27
172107,7
172112,33
172117,40
172121,31
172124,4
172141,6
172147,48
172148,11
172153,38
172169,45
172173,4
172180,23
172189,15
172230,30
172232,14
172239,59
172240,27
172243,4
172266,59
172276,20
172280,27
172296,20
172300,47
172309,6
172314,62
172316,29
172327,48
172329,53
172336,10
172338,30
172340,58
172356,22
172377,23
172383,4
172391,62
172393,2
172400,48
172421,2
172423,31
172436,17
172437,25
172449,19
172451,27
172452,21
172467,30
172471,49
172476,36
172481,17
172482,50
172487,33
172491,36
172492,19
172499,50
172509,13
172533,25
172541,27
172548,22
172549,30
172558,36
172559,19
172565,36
172571,68
172575,40
172585,20
172594,30
172599,22
172600,20
172601,43
172605,42
172608,29
172609,61
172614,27
172621,59
172631,44
172644,61
172667,49
172668,14
172669,25
172672,25
172676,67
172682,25
172691,17
172696,31
172712,17
172713,10
172716,22
172745,37
172748,38
172756,45
172761,30
172766,11
172772,42
172776,31
172780,9
172784,31
172787,22
172793,46
172815,13
172822,38
172823,52
172828,67
172835,55
172840,36
172841,37
172849,7
172854,24
172857,53
172858,11
172861,49
172867,19
172871,12
172876,16
172880,32
172887,66
172905,60
172910,12
172928,65
172944,46
172952,67
172954,18
172967,24
172974,43
172980,50
172982,56
172987,64
172991,15
172994,52
173001,45
173004,35
173005,64
173010,28
173017,7
173024,13
173026,51
173027,10
173044,23
173048,37
173050,67
173054,66
173069,35
173071,19
173090,49
173110,57
173113,18
173124,14
173125,42
173127,23
173131,15
173153,63
173154,58
173166,56
173189,32
173194,22
173196,24
173197,18
173208,64
173215,47
173223,45
173240,17
173243,15
173252,31
173263,18
173290,64
173297,63
173314,34
173317,39
173327,51
173329,33
173336,23
173340,22
173378,14
173385,7
173386,42
173388,37
173398,17
173409,67
173415,34
173438,37
173441,50
173454,57
173456,50
173461,17
173464,14
173465,8
173466,49
173467,12
173473,64
173475,39
173477,43
173481,28
173493,44
173494,24
173497,57
173498,17
173500,23
173516,18
173529,52
173531,20
173540,48
173561,35
173562,42
173565,51
173567,55
173573,46
173576,58
173592,43
173604,41
173621,52
173626,64
173649,14
173663,58
173669,63
173674,59
173680,59
173681,67
173685,47
173698,8
173708,45
173715,66
173720,20
173723,15
173724,61
173725,30
173743,21
173752,21
173761,43
173763,41
173764,46
173765,63
173769,13
173773,8
173777,36
173780,33
173783,50
173784,10
173791,17
173793,54
173794,36
173797,29
173805,65
173811,65
173829,57
173839,6
173844,50
173846,21
173852,64
173869,33
173890,27
173892,65
173898,23
173903,44
173908,57
173923,62
173924,58
173930,39
173946,9
173953,16
173967,37
173969,45
173975,32
173976,7
173978,28
173984,29
173994,56
173995,9
173997,15
173999,63
174000,26
174032,56
174040,47
174049,65
174050,40
174057,42
174062,29
174072,12
174081,41
174085,29
174090,26
174091,55
174092,7
174093,29
174096,27
174097,5
174108,19
174113,49
174123,13
174129,47
174130,28
174132,30
174134,35
174147,34
174160,8
174166,27
174174,49
174175,9
174178,49
174183,7
174192,27
174198,47
174201,61
174206,7
174212,8
174214,43
174225,33
174235,28
174242,60
174249,25
174262,57
174263,22
174278,31
174279,30
174286,48
174290,7
174296,62
174303,20
174318,59
174319,47
174322,44
174327,57
174333,19
174336,43
174340,21
174344,12
174347,22
174355,13
174373,51
174375,25
174397,65
174402,29
174407,33
174413,64
174418,45
174433,8
174437,41
174442,34
174447,22
174451,29
174457,21
174461,5
174479,48
174483,62
174490,41
174493,32
174505,56
174512,63
174529,41
174538,40
174544,64
174545,63
174547,13
174551,32
174561,50
174569,33
174571,3
174576,62
174585,46
174588,13
174602,13
174604,18
174606,59
174622,61
174630,32
174641,62
174642,20
174644,50
174655,27
174659,32
174671,55
174673,60
174681,53
174685,25
174690,48
174708,12
174710,52
174728,34
174731,14
174732,43
174750,29
174767,38
174768,19
174773,11
174790,35
174796,64
174802,45
174807,53
174808,45
174811,34
174814,21
174823,26
174825,11
174826,8
174835,49
174840,4
174846,62
174851,56
174852,12
174855,11
174865,12
174868,46
174870,5
174878,25
174879,21
174889,37
174892,35
174899,26
174908,42
174913,59
174929,64
174931,28
174932,5
174949,59
174952,44
174957,41
175001,54
175016,5
175031,30
175037,14
175040,52
175046,52
175053,37
175063,3
175076,22
175084,25
175091,49
175094,8
175105,49
175112,15
175116,63
175119,40
175123,8
175130,26
175135,18
175139,31
175140,51
175149,50
175150,26
175153,9
175155,14
175159,31
175176,32
175182,33
175183,47
175184,55
175188,48
175197,6
175200,31
175208,14
175222,60
175239,50
175257,59
175259,48
175266,52
175285,13
175298,13
175307,11
175314,53
175325,4
175330,32
175332,8
175333,41
175334,57
175340,6
175342,27
175343,16
175344,41
175347,2
175364,41
175365,61
175386,55
175402,10
175409,31
175412,7
175431,61
175438,21
175439,43
175463,46
175466,34
175467,38
175477,5
175480,56
175507,53
175508,29
175509,42
175520,5
175529,50
175532,26
175537,16
175541,17
175544,54
175554,24
175558,10
175579,41
175608,15
175610,11
175615,55
175617,41
175623,32
175624,60
175636,10
175637,16
175645,53
175649,24
175650,26
175666,60
175676,52
175681,3
175687,2
175690,19
175702,33
175708,2
175711,13
175718,5
175723,23
175731,25
175745,52
175746,17
175752,45
175753,61
175758,58
175778,20
175780,59
175785,10
175794,52
175798,53
175799,16
175801,53
175809,45
175810,36
175813,55
175819,26
175824,67
175835,10
175843,43
175847,10
175851,36
175852,15
175854,21
175865,57
175869,47
175882,65
175913,10
175921,26
175922,19
175935,50
175951,38
175956,40
175963,64
175967,21
175993,17
176013,14
176017,52
176022,51
176034,12
176035,44
176040,29
176061,28
176064,25
176066,56
176076,58
176090,9
176095,16
176102,43
176113,7
176119,39
176121,11
176137,8
176138,18
176144,42
176162,51
176173,24
176192,23
176200,24
176206,47
176210,35
176211,47
176220,30
176228,20
176230,29
176234,14
176247,32
176253,49
176258,29
176266,64
176272,42
176274,8
176284,24
176308,37
176317,30
176319,40
176337,59
176352,49
176353,25
176363,64
176369,21
176376,30
176381,48
176395,48
176400,64
176413,8
176426,14
176431,39
176434,18
176437,18
176439,31
176445,16
176451,6
176453,29
176462,50
176471,6
176488,32
176490,60
176494,24
176505,25
176532,32
176538,6
176544,52
176546,59
176548,54
176552,26
176556,65
176563,36
176570,20
176574,7
176579,30
176580,15
176591,10
176631,37
176639,6
176641,27
176644,58
176650,66
176660,38
176661,40
176664,40
176671,22
176675,59
176676,56
176680,50
176685,62
176686,15
176692,18
176693,44
176702,52
176706,7
176708,13
176710,17
176720,60
176726,42
176729,62
176734,10
176737,30
176746,15
176747,33
176750,36
176751,20
176766,15
176772,64
176779,51
176780,36
176791,8
176797,7
176802,53
176807,56
176816,29
176820,55
176827,51
176828,64
176857,30
176860,52
176861,38
176862,34
176880,45
176888,62
176916,20
176933,29
176938,64
176940,30
176941,58
176943,43
176947,46
176954,44
176960,63
176969,64
176987,11
176993,12
176996,6
176998,63
177000,17
177013,66
177026,22
177031,47
177033,29
177038,58
177041,32
177054,51
177057,8
177058,25
177061,56
177071,65
177079,59
177090,7
177098,22
177102,27
177113,32
177115,47
177128,37
177143,42
177147,50
177150,44
177157,27
177173,41
177177,10
177188,54
177195,53
177196,50
177197,30
177213,46
177230,25
177239,8
177266,25
177279,61
177286,48
177290,15
177307,63
177312,23
177319,65
177325,12
177326,39
177328,16
177340,40
177354,16
177355,38
177362,20
177365,52
177368,17
177371,23
177374,13
177392,35
177408,9
177416,54
177425,21
177435,65
177444,47
177446,30
177449,52
177467,5
177472,14
177477,18
177478,9
177507,53
177515,39
177520,20
177525,40
177532,49
177535,5
177539,47
177541,37
177550,13
177552,57
177568,43
177581,51
177594,55
177596,7
177607,27
177612,16
177614,65
177643,41
177645,47
177656,50
177661,49
177665,46
177669,29
177673,59
177684,55
177701,40
177709,20
177732,18
177734,20
177738,23
177743,4
177745,42
177753,44
177756,48
177763,39
177769,62
177775,43
177782,6
177783,45
177788,18
177799,7
177802,27
177803,27
177807,50
177808,46
177809,12
177831,48
177836,24
177854,40
177870,57
177878,49
177884,34
177888,42
177892,32
177894,5
177896,5
177900,41
177915,47
177924,62
177930,20
177951,36
177953,18
177973,9
177977,45
177980,58
177984,30
177987,59
177990,26
178002,36
178008,21
178020,33
178022,34
178036,43
178038,15
178040,51
178042,51
178046,16
178047,25
178054,13
178059,20
178073,3
178074,62
178077,56
178089,37
178090,7
178091,36
178100,47
178114,33
178118,12
178119,22
178122,45
178138,15
178141,38
178150,59
178161,57
178175,62
178182,57
178186,35
178192,39
178199,6
178200,61
178209,56
178211,55
178218,50
178220,13
178234,49
178242,53
178250,37
178255,50
178257,50
178258,48
178260,29
178266,57
178271,39
178274,20
178280,39
178286,56
178306,58
178324,62
178331,39
178336,29
178344,60
178345,40
178354,47
178373,64
178380,47
178393,41
178395,64
178397,58
178399,40
178405,56
178409,12
178410,16
178412,31
178418,54
178420,49
178433,9
178435,56
178437,45
178440,31
178445,62
178452,63
178453,12
178463,4
178481,40
178486,11
178492,5
178497,48
178507,20
178510,41
178517,53
178519,7
178529,14
178545,47
178546,31
178557,55
178558,12
178560,35
178568,42
178578,24
178593,39
178598,5
178609,46
178610,21
178620,25
178634,4
178640,44
178641,33
178645,61
178646,56
178650,58
178678,17
178679,26
178680,48
178689,8
178709,63
178711,17
178712,37
178713,63
178714,34
178718,8
178736,33
178738,24
178739,13
178741,10
178765,35
178776,48
178785,41
178799,31
178803,1
178812,36
178833,20
178851,26
178852,47
178877,25
178894,16
178902,48
178905,13
178910,53
178916,38
178920,19
178933,37
178936,4
178956,32
178962,60
178965,21
178972,38
178990,15
178991,31
178992,6
178995,12
179001,30
179013,62
179017,47
179022,29
179023,5
179026,21
179030,33
179032,33
179037,11
179054,57
179055,39
179057,29
179061,65
179072,34
179084,67
179086,14
179093,64
179097,28
179098,41
179109,65
179111,17
179113,41
179117,28
179123,33
179127,37
179134,30
179136,9
179138,8
179154,39
179158,9
179169,14
179171,14
179174,67
179176,47
179183,67
179185,52
179189,33
179211,18
179215,67
179222,8
179224,16
179227,16
179247,36
179251,38
179268,8
179275,60
179279,37
179281,47
179284,19
179290,31
179295,36
179306,15
179307,21
179309,46
179315,32
179319,13
179323,29
179327,17
179337,39
179347,37
179352,9
179353,63
179365,26
179369,9
179371,18
179374,45
179376,40
179377,9
179389,21
179394,46
179399,65
179402,25
179434,22
179437,50
179441,8
179447,42
179450,57
179460,9
179461,34
179471,67
179480,51
179484,59
179488,56
179491,23
179493,25
179497,47
179502,61
179516,57
179520,47
179525,30
179533,59
179539,21
179541,8
179550,62
179552,35
179561,51
179575,9
179578,30
179580,14
179584,11
179593,7
179594,45
179601,38
179609,49
179617,31
179625,64
179626,66
179659,35
179669,66
179692,22
179714,9
179720,14
179732,44
179736,36
179737,23
179741,10
179743,44
179745,35
179746,55
179750,38
179754,66
179758,9
179769,53
179773,28
179778,30
179818,61
179823,29
179828,23
179830,13
179835,9
179847,47
179860,21
179861,65
179874,57
179897,20
179900,34
179919,47
179922,6
179923,51
179946,38
179949,51
179952,66
179961,46
179969,55
179971,13
179985,56
179988,44
179990,25
179994,31
179997,45
180002,5
180003,7
180006,36
180009,56
180018,13
180021,41
180023,8
180024,21
180036,42
180038,20
180052,44
180054,7
180068,29
180070,17
180072,16
180078,43
180088,41
180091,20
180100,46
180102,15
180105,51
180106,8
180133,8
180139,62
180145,10
180146,14
180157,11
180166,55
180169,44
180170,63
180178,63
180187,61
180196,20
180210,59
180231,17
180237,63
180242,8
180250,24
180262,7
180268,65
180270,42
180293,41
180298,5
180304,56
180309,60
180310,49
180312,14
180319,59
180320,11
180324,14
180325,23
180328,49
180330,58
180344,59
180347,65
180362,56
180364,22
180380,43
180392,39
180403,14
180408,61
180409,6
180410,18
180416,34
180417,47
180421,65
180426,13
180432,29
180440,5
180451,62
180452,40
180462,63
180468,21
180470,20
180481,15
180483,33
180489,47
180500,55
180501,44
180520,55
180524,41
180532,39
180538,8
180541,15
180545,34
180548,11
180554,52
180557,52
180561,22
180564,17
180565,47
180569,37
180571,44
180573,42
180580,19
180581,42
180582,42
180586,22
180587,57
180608,33
180615,15
180619,63
180630,55
180631,57
180646,66
180663,43
180665,47
180670,55
180671,26
180681,48
180686,43
180712,33
180716,13
180730,35
180735,61
180737,63
180741,21
180750,29
180760,33
180763,43
180770,65
180780,53
180796,20
180798,52
180799,7
180802,16
180815,53
180820,52
180847,5
180854,21
180869,21
180877,43
180883,65
180888,58
180894,37
180897,55
180903,62
180904,56
180907,61
180910,34
180916,57
180925,7
180938,49
180942,12
180943,54
180950,5
180953,18
180955,20
180957,61
180978,21
181002,62
181026,8
181034,38
181040,38
181062,55
181067,11
181071,32
181081,13
181084,64
181092,39
181104,7
181117,48
181119,30
181124,6
181127,22
181135,42
181150,18
181152,9
181164,58
181166,48
181182,28
181185,5
181186,25
181187,22
181188,20
181192,43
181198,40
181228,47
181234,34
181239,53
181240,27
181245,60
181248,42
181255,13
181264,63
181295,37
181309,46
181325,39
181331,4
181334,21
181336,32
181339,33
181341,4
181342,5
181357,28
181372,25
181373,35
181381,21
181387,51
181389,48
181399,47
181402,63
181410,32
181419,62
181426,61
181453,65
181467,35
181479,63
181484,41
181487,62
181490,18
181497,21
181519,32
181523,38
181533,12
181544,59
181545,49
181559,6
181565,64
181568,16
181574,59
181587,48
181590,15
181602,33
181614,34
181616,56
181618,11
181620,3
181621,10
181629,47
181665,11
181682,4
181693,32
181696,14
181703,32
181704,24
181712,13
181718,11
181736,19
181742,47
181746,31
181758,31
181762,17
181763,31
181770,62
181771,64
181787,46
181790,31
181793,44
181797,18
181800,17
181807,43
181810,17
181813,25
181814,51
181815,6
181817,28
181822,24
181825,55
181839,21
181840,48
181841,45
181850,38
181864,19
181870,51
181871,5
181889,20
181899,34
181917,48
181919,60
181925,36
181933,8
181938,51
181941,31
181952,31
181957,12
181968,58
181979,39
181993,34
182020,13
182025,38
182028,44
182030,25
182036,40
182037,30
182038,55
182045,50
182047,19
182053,59
182066,36
182073,25
182085,25
182090,34
182093,51
182098,40
182114,11
182122,16
182132,40
182140,30
182151,59
182162,36
182164,20
182168,28
182172,1
182173,2
182174,61
182177,63
182200,62
182207,27
182236,33
182237,27
182238,49
182247,24
182258,26
182266,65
182270,49
182277,53
182281,7
182287,28
182294,34
182298,66
182307,53
182313,32
182315,46
182321,56
182329,18
182335,69
182339,12
182344,20
182353,16
182368,25
182381,48
182387,31
182394,11
182401,50
182404,61
182437,18
182438,65
182445,34
182451,59
182454,30
182458,40
182467,15
182470,18
182477,50
182481,69
182483,47
182501,39
182508,41
182510,65
182515,44
182523,64
182528,15
182533,66
182553,68
182559,50
182565,63
182566,52
182572,54
182584,15
182596,35
182597,39
182601,49
182608,42
182610,37
182616,64
182618,28
182620,16
182628,15
182634,26
182639,38
182641,15
182644,66
182646,32
182650,24
182655,38
182656,64
182661,58
182685,66
182686,34
182687,43
182696,64
182697,30
182702,29
182705,29
182716,48
182723,22
182745,60
182763,24
182767,42
182768,66
182781,35
182800,43
182806,31
182811,10
182817,59
182820,38
182823,24
182825,62
182841,39
182855,8
182902,22
182903,29
182908,35
182912,46
182925,62
182930,22
182934,59
182940,44
182941,50
182964,19
182985,9
182991,46
182998,30
183000,68
183002,56
183009,36
183010,36
183018,17
183050,51
183055,35
183058,51
183071,17
183072,64
183107,22
183108,27
183117,7
183127,22
183138,57
183144,47
183149,51
183152,44
183158,8
183162,43
183165,56
183176,22
183199,16
183208,48
183210,41
183214,34
183219,8
183223,35
183231,17
183232,47
183247,42
183260,58
183265,39
183267,49
183277,44
183283,41
183300,62
183310,65
183317,59
183328,36
183333,50
183336,16
183343,56
183350,42
183353,20
183360,36
183377,56
183385,25
183389,29
183390,64
183392,15
183400,27
183406,44
183410,45
183413,57
183419,34
183435,45
183439,42
183441,51
183444,58
183450,55
183460,64
183463,5
183464,33
183468,14
183472,64
183488,11
183492,17
183497,23
183520,47
183531,59
183538,19
183539,6
183544,44
183554,7
183564,7
183565,36
183569,64
183571,35
183580,23
183583,25
183584,28
183587,35
183592,46
183596,59
183604,4
183612,50
183614,56
183621,47
183632,47
183633,5
183634,23
183635,20
183637,30
183644,21
183654,65
183662,9
183664,35
183669,45
183671,30
183694,56
183700,56
183702,30
183710,25
183711,34
183717,28
183722,61
183736,45
183740,30
183743,52
183747,47
183753,55
183758,33
183765,29
183774,19
183797,7
183802,6
183803,31
183809,63
183815,21
183821,64
183827,34
183830,54
183840,27
183844,29
183845,58
183846,14
183848,58
183853,29
183870,5
183872,55
183878,51
183879,24
183884,43
183890,15
183893,48
183912,41
183921,59
183923,62
183929,33
183940,16
183943,42
183984,28
183993,39
183998,42
184000,64
184008,65
184009,27
184010,63
184022,66
184027,4
184031,22
184036,43
184047,15
184061,55
184082,29
184091,49
184095,8
184097,42
184103,49
184104,66
184108,66
184114,37
184116,33
184126,64
184127,21
184129,16
184134,15
184143,42
184147,35
184149,27
184156,52
184159,56
184168,35
184172,19
184175,16
184176,22
184181,19
184188,20
184191,62
184192,41
184200,32
184211,63
184214,26
184220,9
184243,5
184246,19
184250,12
184282,23
184288,28
184300,62
184303,41
184326,51
184332,54
184334,40
184355,55
184363,61
184370,48
184371,48
184383,35
184385,49
184390,53
184399,54
184406,11
184409,25
184420,53
184429,4
184448,57
184451,47
184454,12
184466,46
184470,38
184478,10
184491,16
184497,62
184499,36
184502,50
184510,47
184511,27
184521,6
184526,25
184528,6
184529,46
184550,63
184565,65
184572,45
184587,48
184606,35
184617,11
184622,56
184624,34
184634,50
184635,27
184643,27
184656,55
184674,6
184680,9
184698,5
184709,4
184710,28
184711,6
184713,28
184722,14
184727,15
184734,27
184735,26
184750,57
184757,4
184761,45
184764,10
184765,11
184772,28
184776,48
184779,57
184782,63
184784,61
184786,19
184787,33
184788,38
184791,11
184793,60
184802,41
184803,27
184806,18
184808,4
184815,20
184816,55
184818,42
184822,23
184826,2
184848,16
184872,21
184879,18
184882,49
184887,30
184892,8
184905,37
184913,59
184922,35
184924,27
184929,33
184932,60
184948,42
184969,29
184974,34
184978,12
184982,46
184987,32
184990,47
184991,39
185008,52
185015,27
185017,38
185018,25
185026,4
185029,22
185032,6
185033,17
185040,52
185047,7
185051,49
185056,60
185057,2
185066,34
185072,19
185084,32
185085,63
185088,37
185094,18
185105,8
185106,60
185108,45
185114,9
185120,55
185124,49
185136,57
185153,11
185181,32
185199,53
185210,55
185232,5
185241,5
185242,30
185248,46
185253,47
185254,26
185259,38
185260,59
185263,31
185269,25
185270,55
185274,3
185285,26
185287,49
185292,4
185308,1
185321,17
185328,52
185332,41
185337,39
185348,23
185354,44
185368,6
185371,62
185401,5
185407,18
185408,5
185413,9
185425,32
185426,33
185444,11
185445,27
185452,52
185457,3
185462,4
185468,43
185475,30
185486,5
185487,59
185500,18
185509,21
185513,51
185519,39
185526,65
185527,35
185528,8
185543,19
185544,17
185547,8
185554,21
185561,60
185570,15
185580,46
185599,65
185604,30
185606,45
185607,69
185610,8
185619,54
185625,67
185626,47
185640,47
185646,26
185658,52
185659,25
185665,35
185672,15
185675,22
185684,26
185697,12
185702,10
185709,7
185711,11
185719,57
185720,22
185730,65
185732,33
185733,35
185735,24
185741,18
185745,68
185753,23
185758,32
185763,9
185784,52
185786,22
185788,37
185792,18
185793,36
185797,33
185803,38
185807,10
185810,17
185818,27
185827,64
185828,67
185831,41
185840,35
185841,11
185844,66
185857,15
185872,34
185876,9
185887,37
185888,9
185891,23
185893,29
185920,66
185926,8
185929,35
185938,10
185943,15
185965,48
185979,9
185982,61
185988,54
185989,60
185994,26
186000,28
186003,21
186008,9
186014,28
186019,13
186023,17
186039,25
186044,17
186060,8
186062,16
186064,45
186071,64
186078,66
186088,65
186095,65
186111,52
186126,57
186128,39
186129,32
186131,12
186132,66
186138,45
186141,22
186144,8
186146,29
186163,54
186167,23
186169,50
186170,35
186171,42
186173,36
186183,64
186192,21
186209,64
186212,64
186215,31
186218,50
186220,36
186232,43
186254,50
186255,67
186268,23
186278,62
186285,66
186286,56
186292,51
186304,58
186306,5
186312,46
186313,54
186315,13
186343,53
186353,31
186358,26
186360,22
186363,10
186367,24
186381,33
186382,63
186403,62
186407,22
186413,18
186429,9
186430,29
186437,36
186449,36
186456,39
186483,31
186489,64
186503,28
186511,36
186525,8
186526,43
186527,18
186530,48
186535,25
186546,37
186548,8
186551,66
186556,35
186557,28
186567,16
186576,10
186589,49
186605,50
186611,31
186613,31
186616,61
186617,66
186626,38
186631,32
186635,42
186642,36
186648,26
186658,53
186678,45
186681,21
186694,16
186699,11
186710,40
186721,44
186728,29
186731,34
186733,26
186749,42
186750,44
186756,19
186773,37
186776,44
186778,51
186780,57
186783,20
186810,20
186811,38
186812,34
186814,50
186817,9
186833,42
186851,25
186853,21
186865,23
186875,37
186876,48
186879,4
186909,54
186913,19
186915,50
186932,36
186939,63
186943,50
186946,33
186948,35
186949,16
186968,34
186982,64
186985,61
186986,30
186996,26
187015,55
187016,15
187036,18
187045,55
187057,18
187060,28
187078,11
187082,44
187086,17
187087,22
187091,49
187107,60
187111,17
187118,9
187156,56
187171,27
187187,4
187191,23
187199,56
187203,15
187210,42
187217,54
187221,5
187236,19
187240,46
187243,63
187254,50
187257,42
187263,37
187264,24
187277,48
187280,56
187296,21
187310,35
187313,25
187327,40
187332,6
187338,39
187341,36
187353,16
187365,8
187366,29
187367,45
187370,49
187378,6
187381,32
187384,62
187395,35
187396,57
187401,13
187404,26
187416,36
187423,10
187437,60
187441,4
187442,50
187444,6
187478,28
187483,34
187484,34
187486,17
187490,49
187501,46
187507,27
187508,38
187523,51
187525,57
187545,15
187547,32
187550,28
187557,29
187569,38
187587,7
187595,25
187609,3
187630,4
187646,51
187648,30
187655,12
187656,50
187658,5
187659,20
187668,49
187670,16
187692,32
187703,25
187704,59
187717,55
187718,55
187723,32
187727,35
187734,23
187737,28
187742,63
187760,58
187775,35
187784,47
187786,49
187801,45
187803,14
187805,57
187813,8
187819,26
187821,39
187823,45
187825,18
187831,4
187832,17
187833,63
187837,21
187844,3
187845,32
187849,3
187856,29
187862,34
187867,9
187874,6
187884,26
187892,33
187901,40
187908,41
187919,10
187921,50
187932,42
187938,56
187947,59
187949,33
187959,25
187961,20
187963,15
187975,19
187987,26
187988,48
187996,20
187998,23
187999,37
188013,11
188017,39
188026,39
188028,36
188033,30
188041,47
188042,51
188048,12
188050,14
188052,54
188053,47
188059,20
188061,5
188073,61
188081,4
188082,5
188087,19
188094,59
188098,8
188102,26
188108,45
188113,30
188128,50
188129,10
188134,9
188146,54
188148,60
188156,5
188159,6
188160,63
188169,52
188173,61
188179,67
188181,63
188183,53
188220,33
188223,36
188227,27
188229,30
188240,17
188262,60
188263,65
188272,47
188281,11
188292,17
188294,26
188302,24
188307,65
188324,65
188328,28
188339,45
188342,11
188362,36
188368,39
188379,45
188384,38
188385,54
188386,26
188396,61
188407,39
188414,39
188422,44
188424,30
188428,8
188430,60
188431,24
188447,32
188448,37
188457,15
188462,44
188464,49
188467,52
188468,48
188477,60
188483,44
188497,28
188506,31
188509,35
188513,33
188515,67
188517,18
188523,31
188525,44
188526,28
188535,13
188537,42
188545,25
188546,43
188553,33
188565,68
188566,60
188567,59
188569,25
188582,64
188584,23
188594,11
188595,68
188596,67
188607,16
188610,31
188633,56
188635,63
188661,67
188663,50
188666,67
188668,44
188669,52
188670,55
188675,14
188684,49
188690,63
188697,34
188701,52
188703,35
188706,50
188708,47
188716,20
188722,35
188724,24
188725,35
188732,17
188743,50
188747,60
188750,19
188751,45
188753,11
188763,9
188768,50
188810,43
188838,24
188839,39
188841,61
188852,64
188854,20
188858,6
188871,29
188873,30
188881,13
188887,22
188888,5
188894,55
188895,63
188896,24
188898,19
188906,36
188914,14
188923,28
188930,22
188947,32
188954,62
188959,55
188985,50
188988,42
188992,12
189003,55
189004,49
189029,63
189034,48
189045,18
189049,38
189051,32
189054,44
189059,41
189063,44
189066,22
189067,10
189086,65
189089,41
189090,34
189102,10
189103,24
189109,14
189114,38
189117,60
189123,43
189125,35
189135,63
189138,57
189151,55
189157,28
189159,7
189171,27
189173,48
189175,56
189179,29
189181,49
189196,36
189204,65
189206,45
189214,8
189218,40
189220,8
189224,23
189233,57
189234,15
189236,30
189244,51
189245,28
189249,38
189254,37
189275,38
189276,20
189299,28
189320,20
189321,27
189323,21
189338,35
189345,42
189347,7
189352,22
189353,11
189356,15
189358,63
189372,9
189374,31
189376,34
189377,50
189379,17
189384,60
189389,59
189390,65
189391,34
189402,56
189425,12
189430,42
189433,5
189436,16
189445,26
189456,13
189461,5
189462,16
189467,20
189485,51
189486,16
189493,22
189499,65
189503,47
189512,7
189515,33
189523,65
189524,4
189526,51
189540,41
189544,47
189545,50
189550,5
189552,49
189560,22
189573,40
189576,21
189578,56
189581,50
189592,16
189597,49
189603,41
189613,21
189614,63
189619,37
189625,37
189627,36
189631,7
189636,9
189643,39
189676,61
189679,41
189698,55
189704,38
189721,10
189723,23
189728,9
189785,47
189792,62
189801,54
189802,46
189807,41
189809,35
189821,28
189836,36
189839,12
189841,42
189842,36
189848,15
189862,12
189889,6
189895,56
189915,27
189927,20
189931,64
189938,61
189945,31
189948,22
189957,62
189963,47
189965,27
189971,63
189982,39
189991,15
190004,21
190006,53
190010,54
190012,41
190013,21
190015,60
190021,57
190035,12
190058,47
190071,59
190080,11
190089,21
190090,12
190103,35
190110,62
190111,41
190117,28
190119,35
190137,44
190142,7
190143,20
190152,43
190155,13
190158,5
190160,29
190168,49
190180,46
190187,61
190204,63
190215,33
190221,10
190225,64
190237,55
190245,3
190254,21
190257,42
190263,31
190264,22
190265,55
190272,25
190274,33
190279,13
190287,27
190291,45
190302,34
190303,11
190309,33
190314,21
190329,49
190337,36
190340,11
190346,52
190353,54
190378,4
190402,26
190423,40
190425,31
190426,25
190429,14
190433,22
190438,41
190441,34
190446,61
190452,61
190457,40
190460,31
190463,53
190466,38
190467,53
190470,49
190475,7
190478,54
190479,32
190483,14
190484,55
190488,60
190494,24
190498,31
190517,4
190526,50
190538,61
190540,61
190553,52
190563,17
190571,3
190572,16
190575,27
190592,1
190596,11
190598,25
190601,9
190606,3
190609,48
190614,60
190622,46
190636,5
190642,54
190655,35
190658,48
190661,54
190664,25
190666,58
190668,55
190682,13
190686,31
190690,36
190691,62
190702,53
190705,53
190707,23
190714,44
190717,19
190737,23
190754,61
190759,10
190766,47
190784,54
190792,26
190798,50
190799,18
190827,12
190831,67
190852,68
190860,14
190872,42
190873,11
190874,26
190881,15
190882,13
190886,14
190894,18
190897,37
190911,18
190918,27
190941,31
190947,9
190954,64
190960,32
190961,35
190976,51
190986,63
191001,46
191008,34
191011,45
191012,58
191018,24
191029,38
191041,32
191052,60
191057,52
191062,34
191063,63
191065,14
191081,37
191090,23
191094,22
191098,24
191099,17
191103,30
191108,21
191112,54
191124,17
191140,26
191142,52
191143,66
191146,50
191148,22
191151,25
191160,25
191180,62
191186,34
191195,25
191202,22
191204,37
191212,18
191219,50
191226,65
191230,10
191231,34
191235,65
191237,31
191248,38
191249,63
191265,53
191267,31
191284,53
191285,48
191290,67
191294,50
191304,13
191311,68
191317,35
191321,28
191322,38
191323,10
191327,51
191337,47
191338,36
191339,45
191350,24
191351,27
191352,10
191357,37
191359,11
191368,39
191370,23
191372,31
191376,55
191384,66
191398,7
191401,53
191403,7
191410,15
191419,52
191425,21
191440,21
191451,23
191456,17
191458,36
191482,39
191483,53
191488,28
191490,56
191493,6
191499,49
191500,16
191505,8
191514,17
191516,48
191520,21
191525,17
191543,57
191562,62
191577,65
191578,6
191588,32
191592,21
191611,56
191612,28
191615,9
191619,62
191623,6
191625,15
191628,14
191637,31
191638,22
191651,56
191652,29
191653,35
191661,16
191663,48
191666,36
191671,38
191694,42
191697,19
191698,55
191700,31
191706,45
191708,16
191709,22
191711,33
191713,58
191729,22
191733,38
191739,27
191741,58
191742,27
191763,23
191766,52
191771,38
191804,11
191810,64
191812,56
191813,20
191820,35
191821,17
191830,43
191839,25
191844,28
191853,46
191860,11
191866,25
191868,51
191869,23
191872,47
191878,51
191880,38
191886,64
191893,7
191897,19
191908,30
191921,6
191941,64
191943,9
191944,46
191947,23
191950,30
191964,53
191970,5
191977,55
191979,9
191980,11
191988,59
191991,44
191992,52
191995,27
191996,36
191998,24
191999,50
192001,19
192029,58
192030,43
192037,40
192066,63
192070,14
192072,23
192082,10
192098,20
192102,46
192103,14
192111,35
192122,44
192136,11
192146,42
192155,36
192162,47
192165,25
192184,16
192185,37
192203,29
192213,27
192232,33
192233,8
192234,35
192243,46
192266,14
192269,13
192271,43
192292,26
192301,34
192306,48
192315,50
192317,44
192329,37
192331,33
192332,59
192334,16
192339,44
192344,48
192363,23
192364,44
192379,8
192391,5
192393,37
192394,31
192412,47
192415,35
192417,10
192422,40
192425,61
192432,18
192434,18
192437,21
192438,63
192444,33
192451,29
192456,19
192470,42
192471,18
192472,16
192474,39
192475,12
192482,21
192484,65
192485,21
192499,16
192504,35
192516,56
192518,54
192522,64
192527,14
192531,4
192540,35
192541,14
192548,21
192553,56
192558,61
192559,47
192562,38
192568,63
192569,20
192575,60
192581,10
192585,19
192588,19
192591,34
192605,56
192606,40
192607,7
192617,16
192619,21
192622,12
192624,21
192633,36
192639,21
192644,61
192651,45
192667,55
192679,59
192680,4
192683,20
192695,50
192699,61
192704,39
192705,30
192707,46
192719,25
192723,64
192729,58
192734,32
192735,33
192739,20
192742,62
192752,32
192756,34
192757,16
192769,64
192789,14
192799,54
192806,53
192810,23
192811,32
192820,41
192824,60
192833,55
192841,6
192853,27
192855,43
192864,48
192874,35
192876,17
192877,22
192880,49
192881,13
192890,32
192894,18
192895,54
192898,46
192909,15
192916,13
192917,11
192919,7
192920,32
192941,56
192943,11
192945,25
192947,11
192958,42
192960,52
192962,39
192963,22
192966,25
192968,34
192973,33
192974,54
192977,46
192986,29
192991,49
192993,52
192995,6
192998,53
193007,17
193012,32
193028,12
193030,8
193031,25
193042,3
193044,49
193067,20
193069,62
193071,12
193079,12
193084,8
193086,6
193094,32
193096,50
193100,15
193102,19
193113,21
193147,10
193157,42
193163,17
193165,27
193167,2
193175,38
193184,26
193187,13
193189,14
193192,34
193198,15
193201,38
193206,50
193220,52
193225,5
193232,40
193247,47
193267,48
193271,63
193273,21
193282,56
193287,39
193288,35
193299,59
193307,10
193309,13
193330,19
193331,10
193333,5
193338,54
193354,60
193360,41
193366,11
193376,18
193381,49
193396,10
193398,31
193400,6
193402,53
193403,46
193404,16
193407,27
193414,17
193419,40
193422,54
193427,29
193444,54
193446,36
193449,4
193453,13
193459,25
193461,11
193464,50
193465,44
193468,27
193473,39
193479,58
193485,21
193493,60
193495,3
193505,53
193512,48
193513,64
193515,43
193516,25
193521,19
193527,26
193528,16
193546,54
193547,53
193548,20
193549,35
193564,19
193572,33
193579,52
193583,8
193597,44
193599,61
193605,55
193623,24
193624,2
193634,17
193647,12
193653,57
193680,39
193682,38
193684,16
193687,41
193690,15
193695,11
193700,32
193701,11
193707,6
193711,40
193713,31
193715,12
193717,44
193727,31
193731,52
193748,30
193757,54
193777,30
193783,38
193792,59
193799,45
193804,43
193819,35
193827,61
193829,32
193832,43
193841,2
193843,6
193846,1
193854,50
193870,20
193874,27
193876,13
193880,7
193890,51
193891,24
193894,42
193927,24
193928,26
193931,67
193941,58
193942,30
193943,28
193954,38
193955,59
193963,57
193964,60
193973,33
193975,38
193985,50
193986,7
193987,38
193989,50
193994,17
193998,64
194005,62
194009,15
194024,52
194056,47
194061,59
194073,46
194077,38
194079,38
194080,29
194081,17
194084,38
194095,46
194098,66
194099,67
194103,60
194110,59
194114,8
194120,46
194123,47
194127,53
194131,20
194145,34
194152,10
194169,15
194184,60
194189,19
194190,45
194207,9
194214,31
194223,17
194229,56
194232,45
194240,6
194266,28
194283,40
194290,53
194308,48
194311,23
194320,64
194327,46
194338,17
194340,56
194343,44
194344,7
194346,30
194350,14
194352,12
194357,45
194363,54
194376,32
194379,53
194386,11
194399,58
194402,63
194425,50
194426,31
194429,24
194441,7
194451,35
194461,22
194462,19
194463,38
194466,57
194475,48
194478,25
194496,34
194500,56
194503,34
194508,21
194515,27
194530,23
194532,37
194539,24
194552,44
194567,56
194569,63
194608,37
194610,47
194621,60
194635,38
194648,28
194649,35
194656,64
194676,43
194683,54
194696,27
194711,6
194713,16
194720,44
194721,19
194725,62
194748,54
194760,65
194762,34
194766,51
194773,47
194775,15
194777,24
194779,34
194783,61
194785,53
194792,9
194804,21
194806,28
194816,50
194817,28
194821,35
194826,38
194830,23
194840,47
194864,56
194871,23
194876,30
194877,60
194883,44
194886,57
194888,56
194896,43
194908,48
194928,57
194930,33
194939,18
194952,63
194956,22
194965,26
194966,28
194970,6
194972,63
194978,59
194980,10
194987,22
195005,5
195008,28
195010,42
195013,55
195022,34
195046,56
195106,26
195112,39
195119,55
195121,19
195135,21
195139,18
195166,30
195174,22
195176,67
195184,44
195188,42
195203,66
195208,26
195216,54
195227,9
195237,46
195238,33
195244,7
195246,32
195250,12
195252,65
195256,16
195280,42
195285,66
195291,6
195294,14
195298,55
195308,55
195316,50
195319,13
195324,58
195328,57
195340,34
195345,21
195353,27
195359,23
195365,41
195368,44
195372,23
195378,57
195386,21
195388,22
195399,30
195406,35
195409,8
195413,57
195416,14
195422,32
195427,48
195432,34
195449,43
195451,30
195470,64
195472,32
195475,27
195476,55
195477,26
195485,30
195491,48
195501,51
195509,44
195522,39
195536,4
195584,4
195586,63
195588,26
195597,35
195598,37
195606,28
195612,41
195629,53
195633,40
195637,55
195641,26
195644,7
195648,23
195654,54
195666,22
195701,23
195704,52
195706,55
195708,54
195709,27
195710,13
195715,9
195759,36
195773,47
195777,8
195793,54
195804,32
195808,48
195810,55
195822,26
195848,30
195851,49
195859,63
195869,37
195878,19
195879,35
195888,7
195893,53
195896,62
195920,20
195921,35
195927,32
195928,51
195929,23
195934,27
195967,20
195978,13
195986,11
195999,7
196008,48
196010,61
196011,48
196025,7
196042,14
196054,63
196073,55
196074,3
196076,34
196079,17
196085,55
196086,47
196095,27
196107,40
196116,11
196122,26
196140,62
196143,45
196147,30
196152,20
196159,10
196163,14
196170,19
196176,60
196180,43
196187,28
196188,22
196197,59
196199,43
196204,26
196212,63
196215,5
196216,11
196217,50
196218,61
196225,39
196229,18
196231,42
196235,25
196237,35
196258,38
196262,28
196263,54
196268,8
196285,28
196309,25
196313,43
196317,6
196334,41
196343,26
196347,31
196348,45
196355,51
196357,28
196359,52
196361,54
196362,4
196364,25
196368,20
196392,58
196393,3
196394,13
196398,53
196400,49
196402,12
196403,43
196407,10
196410,54
196412,55
196432,38
196439,60
196445,17
196446,21
196466,52
196487,30
196494,44
196496,4
196504,19
196506,56
196513,10
196516,53
196526,11
196527,46
196529,7
196531,55
196534,6
196542,21
196544,19
196548,13
196555,49
196556,41
196579,21
196596,16
196601,5
196603,18
196605,3
196613,19
196619,28
196620,21
196625,13
196636,12
196641,34
196647,18
196652,22
196655,4
196657,31
196664,32
196674,56
196675,33
196678,45
196680,55
196686,54
196687,21
196692,58
196704,18
196719,33
196720,4
196724,35
196726,38
196729,32
196732,30
196740,48
196742,12
196749,54
196751,44
196755,57
196756,53
196764,49
196784,3
196796,3
196797,15
196804,35
196812,54
196821,47
196822,4
196831,25
196838,32
196842,59
196851,26
196858,41
196861,8
196874,12
196885,31
196887,13
196895,5
196896,10
196904,53
196927,63
196930,50
196934,55
196941,51
196948,61
196950,32
196951,13
196952,11
196966,52
196974,25
196975,48
196976,30
196979,12
196980,58
196986,37
196987,21
197000,13
197018,4
197035,30
197040,17
197046,22
197054,37
197055,45
197056,45
197067,8
197078,5
197095,56
197097,10
197098,7
197103,17
197107,22
197114,20
197128,7
197134,18
197147,24
197151,58
197153,24
197165,27
197174,37
197175,54
197192,45
197194,2
197195,32
197203,54
197204,24
197205,2
197213,58
197215,26
197216,44
197226,64
197238,39
197240,66
197248,18
197249,51
197256,53
197260,40
197270,15
197283,11
197284,43
197285,63
197302,46
197303,30
197308,23
197311,25
197317,69
197318,22
197322,39
197331,47
197346,45
197363,45
197364,29
197368,14
197371,60
197372,27
197380,65
197386,11
197390,28
197405,66
197414,66
197417,33
197418,63
197423,10
197424,49
197427,53
197432,9
197437,8
197438,54
197440,12
197446,26
197450,20
197453,20
197456,54
197459,67
197463,25
197469,17
197478,27
197493,46
197515,25
197528,68
197533,51
197536,29
197546,58
197551,20
197555,24
197558,45
197563,23
197576,46
197585,18
197591,37
197598,29
197612,63
197615,15
197623,16
197625,21
197632,40
197637,10
197642,31
197643,14
197648,45
197652,30
197654,35
197657,45
197666,6
197671,66
197674,19
197680,32
197683,39
197688,52
197689,60
197690,32
197692,31
197701,44
197704,39
197705,42
197716,22
197726,14
197737,44
197738,54
197740,39
197745,49
197748,64
197751,37
197752,30
197762,8
197777,6
197778,9
197790,8
197791,44
197803,6
197810,38
197813,25
197814,10
197822,10
197825,22
197835,18
197861,57
197863,65
197868,44
197871,41
197894,52
197897,40
197913,7
197916,9
197918,51
197923,45
197924,29
197926,30
197935,67
197952,31
197955,50
197970,11
197972,11
197974,11
197975,27
197977,39
197978,24
197985,8
197992,38
198002,31
198003,56
198007,51
198011,49
198016,14
198028,29
198031,44
198046,51
198050,28
198084,22
198085,51
198104,28
198105,44
198125,35
198129,8
198134,39
198136,27
198137,8
198144,9
198145,59
198148,23
198150,45
198153,36
198183,30
198184,8
198186,35
198187,51
198191,51
198196,24
198204,43
198213,8
198220,16
198222,51
198231,37
198234,37
198237,48
198240,29
198242,29
198251,10
198255,44
198268,67
198276,66
198296,52
198305,56
198311,27
198312,21
198313,22
198320,47
198324,34
198335,48
198344,49
198346,11
198356,24
198360,27
198366,64
198373,43
198379,42
198381,14
198383,33
198386,44
198391,39
198401,52
198402,22
198429,64
198430,33
198438,63
198445,50
198451,5
198454,62
198471,29
198478,46
198494,44
198496,8
198497,19
198501,38
198506,61
198507,60
198509,9
198511,44
198512,23
198516,10
198519,62
198526,41
198534,28
198539,16
198543,37
198546,19
198556,48
198557,45
198562,50
198566,47
198570,52
198571,45
198578,15
198591,63
198602,47
198604,60
198605,7
198625,62
198633,19
198637,42
198639,48
198652,13
198668,54
198679,24
198680,37
198685,22
198693,63
198694,64
198698,65
198705,15
198706,23
198712,63
198713,20
198719,64
198738,57
198775,60
198776,15
198780,46
198794,12
198827,50
198855,24
198856,16
198861,56
198863,13
198873,57
198876,53
198878,35
198891,32
198898,63
198907,22
198921,37
198946,57
198961,23
198968,57
198971,43
198982,28
198994,43
198996,21
199000,37
199010,64
199014,33
199017,64
199018,41
199027,9
199028,62
199032,32
199036,40
199040,5
199050,35
199052,26
199054,36
199059,56
199061,25
199074,9
199084,22
199097,15
199115,11
199122,6
199124,13
199125,46
199128,65
199131,26
199132,60
199137,44
199141,41
199143,22
199144,53
199170,43
199175,4
199179,26
199185,61
199187,55
199188,21
199195,60
199198,63
199206,41
199209,16
199211,39
199215,29
199231,42
199234,24
199237,18
199246,4
199250,12
199252,44
199255,56
199268,54
199273,53
199282,33
199297,64
199321,13
199323,43
199341,36
199344,42
199348,12
199353,29
199355,8
199360,22
199368,47
199411,58
199415,56
199416,21
199417,62
199434,53
199436,35
199438,40
199465,32
199466,27
199477,6
199483,31
199488,55
199490,22
199518,57
199520,4
199523,47
199524,30
199527,36
199534,8
199541,26
199542,62
199546,47
199554,27
199566,9
199573,20
199576,35
199586,31
199588,19
199604,63
199615,24
199623,11
199628,60
199630,21
199648,8
199655,41
199661,46
199673,12
199680,31
199683,36
199686,14
199687,42
199688,34
199694,28
199703,14
199712,41
199737,25
199745,38
199755,48
199771,16
199773,5
199806,31
199810,19
199817,40
199830,35
199831,8
199832,41
199833,47
199837,59
199839,31
199856,3
199858,41
199868,63
199892,12
199893,35
199901,7
199904,40
199905,17
199907,24
199936,46
199956,14
199957,47
199972,14
199974,11
199985,12
199992,43
200001,28
200005,37
200007,53
200013,41
200020,59
200021,54
200027,27
200028,17
200042,64
200051,33
200061,62
200096,31
200100,11
200102,41
200106,20
200117,11
200120,53
200138,44
200159,11
200166,39
200173,19
200174,60
200187,12
200188,43
200190,13
200194,18
200195,30
200217,13
200238,27
200255,60
200261,19
200266,41
200271,37
200278,55
200289,51
200291,22
200302,8
200307,30
200309,13
200323,17
200326,48
200328,46
200335,18
200336,38
200341,37
200342,22
200343,11
200345,28
200356,19
200358,52
200362,44
200364,10
200368,16
200381,16
200395,20
200397,47
200403,46
200404,37
200434,60
200441,38
200443,53
200448,12
200450,3
200454,55
200466,18
200467,40
200479,2
200487,59
200489,36
200491,10
200494,68
200506,19
200512,12
200519,40
200523,16
200533,61
200540,38
200550,46
200558,44
200559,18
200572,67
200574,30
200592,48
200594,58
200602,66
200605,61
200606,54
200621,66
200622,66
200627,38
200645,39
200647,17
200649,57
200672,43
200683,18
200697,27
200698,23
200704,32
200710,40
200712,60
200715,60
200724,35
200725,36
200732,60
200736,59
200761,20
200773,7
200776,10
200777,32
200789,24
200798,63
200808,35
200811,39
200813,15
200814,23
200822,36
200829,63
200841,15
200842,41
200844,67
200848,58
200851,35
200865,35
200868,24
200874,35
200876,9
200879,38
200888,52
200903,45
200911,19
200914,63
200924,45
200938,6
200957,36
200962,19
200967,28
200986,38
200990,53
200996,59
201009,24
201013,37
201016,43
201018,14
201044,29
201050,30
201061,36
201065,41
201074,36
201075,31
201078,42
201082,46
201094,8
201099,24
201119,22
201126,52
201127,16
201129,17
201132,34
201134,64
201146,58
201147,8
201153,53
201157,50
201160,24
201163,27
201164,38
201165,18
201171,22
201181,17
201187,19
201192,9
201207,53
201208,67
201225,16
201230,10
201274,21
201276,14
201278,56
201286,68
201287,9
201294,49
201297,24
201309,40
201314,24
201328,49
201332,35
201339,16
201347,12
201349,20
201350,47
201362,52
201368,50
201386,17
201388,63
201391,52
201397,14
201407,57
201410,42
201412,51
201415,20
201437,8
201465,20
201471,7
201476,7
201478,60
201487,18
201491,46
201493,44
201495,13
201518,14
201538,29
201547,56
201558,58
201578,33
201580,34
201581,52
201584,10
201587,22
201591,21
201605,42
201610,38
201612,50
201616,44
201619,27
201622,43
201625,24
201626,50
201628,66
201631,46
201636,66
201641,53
201648,18
201656,44
201659,45
201662,60
201665,6
201671,34
201687,42
201690,45
201692,30
201697,18
201698,36
201705,50
201707,16
201712,52
201715,7
201727,11
201728,62
201734,42
201735,60
201739,37
201741,43
201742,65
201747,55
201761,29
201768,41
201774,43
201784,30
201786,10
201788,37
201793,12
201795,51
201796,6
201816,38
201822,17
201824,42
201827,64
201832,13
201833,27
201841,55
201846,55
201861,45
201862,8
201866,6
201869,21
201875,43
201880,20
201892,63
201898,58
201906,9
201909,43
201923,21
201924,36
201928,32
201931,34
201952,61
201957,39
201963,28
201970,62
201982,21
201984,21
201985,19
201993,31
201997,40
201999,16
202001,47
202009,43
202012,63
202018,14
202022,56
202024,23
202029,26
202039,36
202046,46
202047,13
202052,51
202057,27
202058,8
202059,40
202061,6
202073,52
202079,5
202082,30
202086,14
202096,29
202101,51
202102,13
202103,55
202111,20
202116,45
202120,26
202132,63
202147,43
202157,5
202162,20
202166,60
202189,20
202206,19
202210,41
202224,57
202225,50
202226,14
202227,21
202228,21
202230,23
202243,34
202245,62
202251,16
202259,40
202262,37
202265,44
202273,41
202281,30
202284,35
202303,46
202324,29
202330,5
202335,15
202338,27
202339,25
202356,37
202364,55
202376,17
202377,45
202384,44
202386,27
202390,29
202394,30
202399,8
202413,53
202414,5
202430,34
202453,9
202457,55
202471,56
202477,12
202500,30
202501,10
202505,7
202508,27
202521,14
202525,27
202527,15
202540,14
202543,39
202544,19
202545,56
202548,63
202556,38
202558,61
202560,40
202568,47
202578,62
202579,55
202589,24
202591,32
202595,65
202596,25
202615,14
202626,54
202628,17
202637,25
202639,17
202652,28
202656,48
202657,28
202659,16
202663,42
202671,32
202677,20
202679,54
202682,6
202694,57
202707,38
202708,59
202709,8
202718,46
202720,51
202725,5
202747,15
202751,56
202763,32
202767,4
202769,38
202780,8
202781,9
202782,64
202786,37
202808,55
202818,24
202819,17
202820,30
202826,22
202840,37
202841,53
202857,30
202864,41
202866,22
202870,7
202877,38
202885,4
202891,44
202895,51
202900,49
202904,33
202909,18
202913,33
202917,28
202918,49
202921,40
202928,40
202946,28
202959,33
202962,46
202965,56
202971,57
202976,60
202983,16
202988,26
202992,59
203003,43
203013,60
203020,21
203026,35
203033,27
203041,23
203046,8
203047,23
203064,61
203066,4
203067,18
203069,41
203070,60
203072,7
203074,62
203083,24
203091,4
203101,13
203108,7
203120,18
203124,30
203137,58
203146,30
203148,21
203166,53
203171,41
203172,21
203180,55
203184,40
203194,4
203216,20
203218,42
203219,27
203233,17
203241,17
203279,62
203281,6
203288,40
203290,24
203300,55
203315,2
203319,47
203320,20
203334,6
203337,33
203344,19
203364,6
203366,17
203379,11
203382,7
203386,14
203400,41
203402,53
203425,60
203440,19
203442,57
203450,13
203453,19
203460,36
203464,53
203465,27
203469,42
203474,13
203476,24
203480,36
203483,21
203484,27
203487,18
203498,26
203511,38
203512,14
203521,38
203541,2
203554,45
203562,9
203564,13
203571,55
203576,60
203578,12
203603,1
203610,30
203614,5
203628,55
203631,33
203633,56
203635,6
203639,45
203642,38
203645,2
203647,32
203650,26
203651,9
203654,1
203659,62
203671,47
203677,13
203682,24
203693,2
203694,17
203696,3
203697,61
203722,5
203735,44
203754,44
203759,16
203766,4
203767,11
203769,57
203778,45
203780,45
203782,43
203783,26
203786,59
203789,18
203792,42
203795,19
203796,58
203805,54
203827,43
203842,40
203843,65
203844,15
203854,61
203870,29
203881,24
203884,36
203899,18
203921,61
203928,69
203934,24
203941,34
203949,62
203951,63
203971,24
203986,63
203991,59
203993,7
204009,22
204012,18
204015,52
204021,41
204024,24
204026,57
204038,32
204046,67
204047,64
204051,29
204052,29
204055,62
204056,59
204065,21
204083,26
204093,24
204100,64
204103,21
204109,60
204119,65
204124,9
204127,65
204131,30
204133,35
204138,58
204143,44
204155,12
204170,38
204173,41
204178,9
204186,16
204189,66
204203,20
204204,14
204208,64
204209,60
204242,17
204245,42
204246,29
204258,36
204259,45
204260,16
204274,6
204276,68
204284,11
204289,46
204298,31
204299,13
204305,63
204306,58
204309,43
204315,22
204319,44
204321,12
204324,17
204327,40
204335,7
204338,21
204349,66
204363,44
204368,56
204370,35
204371,23
204373,53
204374,57
204379,37
204386,39
204389,66
204391,62
204392,63
204397,31
204399,14
204401,48
204404,39
204405,66
204415,7
204416,11
204431,18
204432,44
204440,35
204443,63
204448,44
204452,44
204463,35
204465,43
204469,37
204479,60
204483,65
204491,35
204494,11
204499,16
204502,17
204503,58
204507,56
204515,67
204527,54
204538,28
204552,26
204555,38
204558,46
204561,9
204564,65
204590,45
204591,49
204592,45
204595,21
204598,66
204601,30
204602,56
204607,41
204609,17
204615,13
204618,59
204623,49
204624,28
204634,43
204635,24
204645,59
204648,39
204654,56
204665,14
204671,38
204673,60
204685,7
204687,17
204691,15
204696,29
204702,22
204711,23
204715,41
204716,39
204720,43
204723,6
204725,48
204727,28
204730,49
204743,24
204746,50
204747,15
204749,6
204750,51
204755,19
204756,38
204777,48
204785,38
204790,13
204794,43
204803,42
204805,38
204808,51
204814,43
204816,49
204821,60
204822,22
204824,66
204826,37
204832,10
204834,36
204839,9
204843,52
204849,35
204875,32
204876,19
204885,49
204890,41
204904,59
204905,66
204922,17
204926,13
204929,28
204931,42
204938,27
204949,43
204964,22
204976,30
204978,29
204995,57
205002,56
205012,36
205014,21
205017,64
205022,36
205025,49
205030,67
205033,52
205046,34
205047,42
205049,48
205050,10
205051,58
205056,17
205061,51
205065,58
205067,39
205068,29
205071,48
205074,19
205081,20
205082,55
205088,15
205091,43
205098,62
205103,6
205114,26
205118,16
205127,56
205129,36
205138,58
205152,40
205162,66
205169,34
205188,21
205196,18
205202,27
205209,18
205220,28
205221,58
205239,22
205248,62
205258,55
205259,37
205263,26
205264,56
205266,39
205269,6
205275,14
205276,64
205277,20
205282,15
205284,33
205289,23
205291,20
205306,7
205315,56
205318,28
205320,27
205328,9
205329,24
205342,34
205344,36
205351,64
205356,16
205357,60
205368,27
205373,54
205374,19
205375,26
205376,15
205378,55
205383,65
205389,14
205402,47
205415,16
205417,44
205419,64
205427,54
205430,65
205431,41
205434,51
205457,27
205472,57
205477,28
205481,28
205485,32
205487,29
205533,16
205537,57
205542,20
205552,43
205553,29
205573,28
205582,49
205593,27
205608,51
205611,23
205614,22
205625,20
205641,28
205651,62
205655,28
205679,63
205682,12
205687,5
205692,48
205701,47
205706,40
205730,25
205732,8
205735,24
205744,48
205745,36
205747,54
205751,23
205753,41
205757,62
205768,50
205797,47
205800,9
205806,5
205807,35
205810,36
205826,40
205828,5
205833,54
205834,38
205837,63
205843,56
205855,16
205865,12
205877,51
205879,47
205881,28
205886,25
205888,56
205889,54
205900,4
205903,57
205906,21
205915,32
205938,47
205942,43
205966,54
205969,46
205979,12
205999,55
206000,63
206014,22
206049,63
206058,57
206072,55
206074,6
206081,43
206088,6
206092,14
206095,30
206098,33
206101,27
206105,7
206106,20
206115,11
206120,64
206130,11
206131,9
206136,11
206142,27
206147,3
206151,29
206158,31
206160,14
206164,45
206165,49
206178,10
206179,33
206184,20
206188,23
206193,61
206202,24
206213,28
206244,20
206245,49
206246,48
206250,43
206258,27
206277,46
206303,55
206309,18
206316,47
206319,39
206323,18
206338,27
206345,52
206349,45
206354,26
206356,5
206361,45
206370,33
206376,42
206402,27
206413,29
206418,36
206419,18
206421,61
206436,41
206453,56
206456,53
206458,49
206473,31
206483,40
206486,10
206491,60
206495,26
206501,27
206503,20
206519,17
206526,54
206541,7
206543,16
206548,38
206551,34
206565,6
206577,33
206586,30
206589,18
206591,31
206593,41
206606,33
206610,7
206623,25
206634,41
206642,37
206643,36
206651,31
206655,41
206664,8
206688,30
206699,42
206707,18
206710,24
206714,6
206720,59
206730,16
206746,24
206755,47
206759,11
206761,53
206774,28
206786,12
206795,24
206812,59
206815,32
206828,53
206845,6
206849,54
206851,4
206858,44
206861,11
206862,54
206865,49
206877,12
206881,58
206900,20
206937,17
206952,5
206964,62
206971,37
206979,1
206999,24
207003,17
207006,24
207010,33
207014,47
207033,10
207040,52
207051,48
207064,39
207065,33
207067,54
207071,60
207072,29
207079,17
207080,32
207083,50
207089,22
207093,59
207119,67
207126,21
207128,47
207131,11
207132,16
207151,68
207155,15
207158,54
207159,33
207163,60
207164,64
207175,22
207179,57
207180,17
207202,12
207206,60
207210,50
207216,18
207218,56
207221,41
207225,37
207226,30
207230,22
207231,65
207232,61
207235,15
207237,31
207239,31
207242,11
207249,20
207250,38
207273,59
207280,31
207283,12
207291,35
207292,8
207299,10
207302,20
207312,64
207314,51
207321,29
207331,51
207333,43
207337,53
207339,43
207345,9
207353,28
207355,66
207358,24
207368,66
207383,23
207389,19
207393,32
207421,23
207423,22
207425,60
207427,56
207428,24
207436,45
207437,33
207443,18
207444,38
207454,31
207464,10
207468,38
207469,60
207484,24
207490,41
207495,65
207496,19
207497,30
207515,16
207516,45
207519,43
207526,68
207528,11
207531,28
207532,40
207538,59
207547,55
207560,49
207561,38
207562,15
207573,44
207594,47
207596,17
207607,48
207617,29
207622,66
207624,11
207630,43
207632,28
207635,25
207646,39
207662,34
207665,12
207668,51
207672,12
207675,37
207676,10
207686,51
207687,47
207697,55
207722,44
207729,15
207731,34
207733,52
207760,37
207761,21
207786,20
207789,49
207796,56
207818,23
207822,16
207838,66
207846,43
207847,33
207852,56
207866,18
207873,28
207874,47
207875,55
207889,23
207894,24
207898,19
207899,24
207902,23
207918,65
207919,48
207923,49
207924,55
207934,49
207935,25
207940,41
207956,11
207963,59
207964,10
207965,7
207969,38
207977,51
207981,23
208005,25
208007,18
208012,60
208021,8
208033,10
208040,56
208048,23
208051,29
208054,56
208068,34
208087,20
208089,53
208092,57
208104,64
208106,23
208110,64
208111,63
208120,40
208124,13
208127,41
208144,37
208145,52
208153,64
208156,29
208165,57
208169,34
208176,41
208178,59
208191,53
208194,17
208196,19
208205,32
208211,17
208216,35
208223,42
208224,47
208235,50
208255,43
208257,17
208261,55
208266,55
208275,48
208282,44
208287,48
208288,63
208305,17
208310,57
208319,16
208328,10
208337,42
208340,56
208366,39
208373,67
208387,16
208390,9
208392,12
208401,57
208411,10
208415,10
208423,59
208439,48
208446,15
208448,63
208449,66
208478,60
208481,27
208483,5
208509,5
208530,14
208535,63
208539,32
208543,48
208553,18
208577,51
208585,8
208587,21
208590,29
208599,49
208610,33
208616,46
208637,61
208648,51
208649,7
208650,6
208651,6
208652,28
208655,54
208663,37
208665,7
208684,14
208688,61
208694,38
208698,6
208701,51
208704,58
208706,13
208707,40
208711,65
208720,54
208727,14
208746,64
208750,35
208752,6
208756,64
208757,6
208772,15
208773,56
208774,9
208779,27
208783,23
208787,33
208788,42
208802,18
208803,47
208808,43
208815,41
208827,57
208842,11
208853,35
208866,20
208883,19
208884,40
208900,14
208906,8
208911,22
208912,20
208914,18
208919,64
208934,7
208937,23
208938,37
208940,18
208941,36
208948,5
208953,41
208966,45
208979,20
208985,41
208987,13
209007,30
209014,21
209015,64
209021,49
209022,36
209024,40
209027,62
209038,5
209039,15
209046,6
209055,22
209063,35
209067,48
209069,32
209072,58
209081,19
209086,53
209101,4
209104,30
209106,7
209111,32
209113,56
209114,4
209121,6
209122,21
209127,4
209130,12
209132,38
209141,52
209158,61
209159,30
209160,42
209166,22
209167,56
209186,18
209224,53
209242,10
209257,13
209270,12
209277,41
209281,13
209292,64
209303,26
209316,56
209328,13
209337,54
209338,12
209343,62
209349,57
209354,52
209357,5
209358,63
209377,19
209381,39
209390,40
209395,27
209402,57
209404,36
209408,63
209422,49
209423,48
209431,60
209437,7
209438,27
209451,42
209455,14
209457,26
209461,55
209462,11
209468,65
209470,50
209476,13
209483,11
209493,56
209494,6
209496,7
209499,53
209502,4
209504,5
209505,47
209516,43
209523,9
209527,55
209535,50
209537,6
209543,56
209550,36
209553,19
209559,57
209566,12
209573,54
209578,4
209613,25
209635,60
209638,48
209643,22
209645,56
209648,25
209651,18
209672,30
209677,48
209680,25
209690,22
209691,32
209692,51
209700,24
209708,63
209709,27
209711,13
209713,13
209724,24
209726,11
209728,24
209729,54
209730,52
209740,22
209751,63
209752,32
209757,60
209761,58
209775,56
209777,19
209793,17
209798,61
209802,43
209830,10
209838,47
209846,27
209862,59
209869,44
209871,21
209879,20
209889,56
209890,2
209896,7
209898,8
209908,58
209915,19
209918,34
209947,15
209957,4
209973,63
209978,20
209980,20
209985,61
209986,60
209987,25
209990,28
209994,53
209997,25
210000,8
210013,7
210014,21
210015,48
210016,25
210023,46
210027,21
210037,58
210038,22
210040,63
210044,38
210047,39
210050,6
210053,46
210055,7
210057,26
210063,48
210065,39
210066,21
210076,35
210093,44
210095,16
210096,34
210101,25
210108,58
210110,10
210112,42
210116,6
210119,26
210125,14
210131,20
210140,37
210146,41
210148,47
210157,34
210163,30
210165,58
210166,53
210169,57
210170,43
210174,54
210180,59
210183,53
210184,55
210189,16
210190,4
210197,45
210208,47
210211,51
210214,18
210218,62
210224,10
210235,37
210242,44
210251,27
210255,6
210257,26
210264,1
210272,29
210274,26
210279,38
210282,55
210293,36
210295,20
210316,60
210331,56
210337,47
210338,33
210347,60
210357,37
210358,33
210365,59
210384,45
210385,45
210386,26
210390,40
210404,24
210408,39
210420,56
210434,32
210435,26
210439,33
210440,37
210443,42
210447,60
210449,18
210454,43
210468,24
210471,46
210477,26
210508,22
210509,54
210517,50
210521,43
210533,24
210537,44
210563,53
210576,16
210579,26
210601,14
210604,64
210606,59
210611,51
210612,29
210632,15
210633,27
210638,66
210653,15
210656,33
210670,23
210682,58
210687,17
210688,52
210693,36
210701,42
210713,24
210714,32
210716,68
210717,36
210729,23
210735,43
210739,29
210743,16
210745,45
210747,50
210754,58
210755,25
210756,26
210759,9
210766,66
210774,39
210778,34
210785,24
210797,54
210801,9
210803,41
210821,14
210825,30
210826,64
210828,38
210829,29
210838,12
210843,9
210849,29
210859,63
210862,26
210873,30
210885,6
210886,33
210890,50
210902,16
210909,42
210921,51
210929,31
210930,19
210936,48
210946,31
210956,43
210962,37
210974,46
210979,31
211000,59
211009,11
211012,53
211020,31
211027,14
211030,59
211033,64
211039,35
211058,16
211059,11
211068,29
211072,21
211080,54
211092,8
211093,59
211095,44
211108,44
211112,51
211133,38
211135,60
211139,42
211140,15
211146,13
211154,24
211155,51
211165,67
211169,52
211173,15
211174,36
211175,27
211190,67
211194,6
211195,6
211197,51
211198,38
211220,31
211226,47
211228,28
211229,64
211234,43
211235,31
211271,7
211272,14
211277,49
211281,20
211283,23
211288,57
211291,58
211299,23
211303,57
211306,22
211317,20
211318,13
211322,6
211331,55
211336,9
211340,57
211341,54
211342,65
211344,24
211361,16
211363,55
211367,44
211376,41
211378,41
211387,39
211388,61
211390,51
211394,38
211397,20
211414,50
211420,31
211421,36
211425,11
211433,59
211434,50
211435,10
211437,30
211438,24
211440,66
211451,29
211457,55
211487,19
211503,42
211509,23
211515,28
211516,12
211518,48
211524,50
211538,12
211541,59
211547,42
211552,27
211553,37
211609,35
211618,62
211624,57
211626,14
211631,37
211633,57
211652,30
211654,64
211662,48
211666,26
211669,30
211671,19
211674,23
211675,18
211679,62
211680,60
211685,64
211714,30
211722,9
211723,55
211727,9
211747,22
211755,46
211760,21
211762,7
211764,41
211769,54
211774,5
211781,17
211783,14
211801,16
211811,26
211814,27
211822,38
211825,63
211828,34
211847,25
211850,13
211852,56
211858,13
211859,50
211863,12
211873,8
211900,6
211903,63
211905,9
211917,12
211923,19
211924,42
211925,15
211926,65
211931,25
211949,6
211954,40
211959,54
211962,7
211965,64
211967,8
211969,35
211985,18
211987,42
211996,8
211999,26
212004,28
212012,14
212026,20
212032,33
212058,29
212065,15
212068,48
212073,64
212091,28
212097,33
212110,22
212111,36
212122,28
212133,24
212139,22
212144,34
212162,19
212167,54
212170,27
212175,13
212176,27
212178,37
212180,35
212183,15
212191,42
212203,27
212212,26
212213,7
212222,6
212229,44
212234,52
212236,6
212261,9
212264,34
212267,20
212294,19
212298,64
212303,64
212306,61
212307,20
212308,24
212312,56
212321,31
212322,23
212325,22
212343,32
212349,65
212356,56
212357,57
212365,18
212372,36
212373,32
212374,7
212389,39
212402,28
212407,18
212414,36
212415,58
212417,27
212424,31
212433,22
212439,5
212447,24
212448,23
212454,8
212458,26
212466,49
212474,20
212477,32
212479,8
212483,47
212488,17
212496,38
212509,63
212510,11
212514,48
212517,20
212521,8
212526,13
212528,42
212529,55
212531,56
212535,53
212537,28
212541,16
212553,8
212555,19
212560,11
212562,50
212565,20
212567,48
212568,38
212595,6
212597,60
212602,6
212608,12
212613,42
212614,42
212627,55
212634,55
212635,63
212637,55
212644,39
212649,6
212651,48
212652,10
212656,50
212660,61
212674,41
212692,7
212693,40
212702,21
212708,47
212715,4
212717,63
212718,63
212748,39
212749,22
212752,28
212782,15
212784,49
212786,19
212799,64
212805,11
212811,32
212819,17
212837,18
212847,12
212868,25
212885,16
212886,10
212889,5
212892,11
212911,40
212913,41
212921,7
212923,15
212937,60
212939,8
212941,41
212943,26
212945,36
212947,52
212950,34
212957,30
212958,18
212963,5
212976,29
212999,54
213000,63
213002,11
213012,13
213017,47
213019,54
213048,48
213054,13
213061,36
213063,43
213064,60
213067,60
213076,63
213084,18
213085,4
213089,60
213094,64
213126,28
213128,60
213131,40
213143,7
213145,43
213157,31
213165,64
213185,10
213190,46
213206,19
213211,26
213217,44
213218,11
213228,51
213230,32
213238,3
213246,48
213251,41
213255,5
213260,18
213263,19
213289,62
213306,24
213312,11
213317,49
213331,28
213341,42
213345,52
213346,41
213352,36
213355,36
213362,6
213372,11
213373,43
213386,37
213388,10
213392,26
213407,29
213415,44
213419,43
213431,19
213439,62
213461,45
213470,33
213471,53
213481,60
213508,32
213520,62
213521,30
213530,4
213531,2
213546,55
213548,25
213554,18
213560,17
213564,16
213569,50
213570,3
213578,42
213587,28
213589,28
213590,45
213599,17
213600,31
213612,20
213621,25
213629,16
213639,58
213648,61
213652,10
213662,21
213668,24
213669,11
213673,6
213676,46
213684,58
213686,61
213694,61
213699,49
213716,53
213727,18
213740,38
213745,59
213750,36
213757,29
213758,20
213764,32
213766,30
213770,54
213774,33
213788,17
213790,3
213794,62
213795,32
213798,23
213821,46
213824,19
213826,9
213827,61
213836,59
213862,37
213867,48
213881,55
213918,49
213924,54
213929,47
213936,7
213940,52
213949,36
213950,40
213957,15
213958,57
213960,69
213971,22
213980,24
213982,61
213986,45
213989,40
213991,32
213998,60
214012,62
214016,57
214019,64
214024,68
214026,28
214031,26
214053,12
214055,21
214058,11
214060,46
214061,25
214066,20
214074,45
214075,48
214086,59
214095,17
214097,53
214100,43
214125,63
214130,67
214137,53
214138,64
214141,67
214157,47
214160,51
214166,63
214171,28
214174,27
214198,32
214201,50
214202,25
214203,37
214219,64
214223,41
214224,42
214227,49
214230,53
214240,28
214250,58
214260,60
214265,64
214273,16
214277,15
214287,35
214291,18
214292,54
214297,58
214305,31
214311,38
214313,41
214315,46
214320,10
214322,67
214324,34
214325,34
214360,62
214361,19
214362,62
214365,7
214368,30
214370,24
214377,52
214383,45
214385,27
214390,14
214394,38
214395,7
214410,44
214414,39
214432,14
214441,6
214451,53
214458,19
214461,31
214477,68
214488,45
214502,57
214524,57
214528,35
214543,65
214551,56
214556,67
214559,49
214562,42
214568,28
214572,25
214580,42
214600,44
214606,7
214607,12
214617,58
214619,24
214621,11
214626,36
214639,8
214641,46
214669,34
214686,57
214701,37
214705,22
214730,38
214738,62
214739,64
214753,66
214755,15
214757,42
214779,18
214796,36
214812,47
214818,21
214825,10
214826,35
214830,5
214839,27
214843,24
214845,43
214846,32
214852,6
214876,28
214889,20
214891,30
214898,60
214912,14
214913,30
214916,52
214917,34
214922,50
214925,66
214930,39
214933,17
214935,43
214937,12
214942,31
214943,43
214955,7
214958,7
214961,36
214969,65
214970,17
215018,62
215025,30
215061,37
215068,15
215071,41
215072,58
215075,44
215076,15
215082,8
215095,21
215106,43
215114,34
215121,54
215125,43
215142,66
215152,26
215153,29
215160,64
215167,39
215179,37
215183,14
215185,24
215188,9
215196,56
215199,51
215208,36
215215,49
215217,42
215226,12
215233,29
215237,22
215254,64
215258,6
215269,22
215280,12
215284,64
215297,23
215299,42
215307,62
215325,9
215328,44
215331,10
215336,24
215337,42
215352,19
215357,22
215359,6
215362,38
215368,56
215369,48
215375,8
215379,8
215381,21
215389,6
215404,53
215409,6
215413,51
215415,57
215419,16
215422,26
215428,29
215438,7
215446,61
215447,15
215448,42
215451,14
215462,64
215465,51
215469,41
215475,35
215476,57
215483,21
215488,33
215498,42
215513,26
215516,19
215528,42
215536,14
215554,8
215560,28
215563,55
215565,57
215567,27
215572,30
215577,53
215580,53
215591,51
215594,36
215605,36
215623,21
215625,57
215631,21
215644,14
215645,44
215661,64
215662,40
215670,44
215675,34
215677,61
215683,42
215684,54
215685,27
215702,55
215707,42
215723,32
215724,35
215736,43
215756,53
215768,21
215777,63
215781,21
215785,47
215791,19
215801,58
215808,27
215816,35
215833,65
215835,61
215838,54
215844,49
215848,26
215856,13
215874,53
215879,6
215886,40
215893,9
215894,62
215898,35
215899,45
215901,57
215903,27
215904,39
215916,25
215917,65
215936,54
215942,14
215950,31
215953,63
215955,7
215961,40
215965,22
215967,13
215972,35
215990,39
215992,43
215996,42
215997,24
216008,26
216020,49
216023,37
216036,51
216037,65
216056,19
216063,11
216073,57
216074,40
216089,37
216092,47
216096,20
216102,42
216111,60
216117,24
216122,39
216125,54
216128,15
216136,15
216137,26
216139,6
216143,11
216146,10
216149,48
216160,45
216166,28
216172,39
216183,8
216187,3
216194,24
216203,31
216205,39
216207,17
216212,13
216214,36
216217,33
216238,26
216240,59
216241,28
216252,36
216259,7
216266,21
216268,50
216288,5
216296,8
216299,54
216324,48
216325,43
216335,14
216336,62
216340,63
216370,56
216372,21
216384,13
216399,15
216409,62
216414,60
216415,14
216425,4
216430,33
216441,5
216448,49
216477,28
216482,13
216486,13
216511,35
216513,54
216521,49
216527,4
216532,40
216534,3
216538,33
216540,48
216541,43
216567,60
216575,56
216578,54
216579,3
216580,52
216584,21
216586,10
216595,4
216598,11
216601,50
216602,31
216625,25
216631,60
216634,61
216639,46
216640,35
216643,10
216645,61
216654,3
216655,46
216659,32
216670,38
216673,42
216704,63
216720,61
216723,12
216725,54
216729,12
216730,28
216731,43
216733,54
216743,54
216752,59
216758,45
216761,38
216774,14
216780,19
216782,47
216787,47
216789,6
216799,40
216800,54
216802,23
216804,43
216814,5
216823,54
216824,29
216826,32
216833,35
216848,50
216850,4
216851,27
216854,6
216860,17
216861,63
216875,32
216879,38
216882,36
216898,25
216900,63
216902,39
216907,20
216909,6
216914,52
216916,20
216926,20
216928,31
216933,64
216935,12
216939,18
216940,40
216941,50
216944,35
216947,24
216953,53
216956,23
216962,53
216963,35
216968,53
216969,62
216981,23
216990,34
217001,40
217021,39
217034,41
217041,50
217042,5
217053,20
217065,36
217066,25
217073,45
217078,25
217086,50
217094,23
217098,6
217099,21
217104,41
217108,26
217120,21
217122,31
217131,1
217135,34
217148,31
217161,1
217176,17
217178,21
217187,19
217192,23
217199,18
217205,46
217213,11
217217,6
217218,3
217241,25
217245,50
217246,2
217260,4
217269,20
217271,54
217284,46
217288,25
217295,38
217296,55
217297,52
217298,55
217306,49
217315,15
217319,24
217328,30
217333,20
217339,45
217355,31
217367,47
217378,12
217386,65
217392,32
217393,60
217400,61
217405,43
217417,59
217421,24
217433,43
217434,61
217439,45
217452,39
217461,30
217472,51
217473,39
217474,39
217475,69
217480,27
217488,65
217493,62
217497,65
217528,17
217531,66
217533,36
217535,25
217560,38
217567,25
217569,35
217570,12
217572,37
217582,37
217589,7
217607,35
217614,16
217630,10
217638,57
217664,33
217684,7
217686,28
217689,34
217697,41
217699,59
217700,64
217706,27
217719,66
217723,28
217724,59
217737,26
217742,13
217743,36
217750,32
217751,22
217770,28
217774,66
217784,17
217785,41
217792,41
217810,62
217825,51
217826,28
217828,51
217834,59
217841,12
217846,35
217857,30
217865,36
217867,32
217870,56
217875,63
217879,51
217880,10
217883,44
217891,37
217893,58
217899,15
217902,48
217904,9
217905,21
217910,52
217932,24
217933,40
217939,60
217941,47
217965,29
217971,57
217974,6
217977,9
217986,49
217990,58
217994,65
218008,53
218019,47
218028,50
218030,53
218031,44
218039,65
218040,24
218045,21
218059,65
218062,33
218065,29
218066,15
218068,62
218073,6
218076,20
218080,21
218088,26
218096,46
218098,10
218107,5
218115,22
218123,63
218126,42
218127,65
218132,12
218152,34
218154,66
218163,50
218166,66
218167,19
218169,40
218180,30
218207,19
218208,64
218210,50
218217,55
218226,28
218238,54
218240,64
218251,21
218261,58
218263,49
218269,17
218277,28
218283,43
218286,67
218297,23
218298,36
218299,13
218303,67
218304,61
218305,31
218307,25
218311,38
218325,53
218327,33
218328,35
218338,13
218342,23
218348,60
218368,41
218374,51
218375,39
218376,6
218387,58
218388,50
218397,5
218412,58
218418,6
218423,34
218427,54
218432,51
218439,8
218469,66
218482,51
218487,36
218501,20
218511,59
218512,49
218517,26
218522,66
218524,57
218532,34
218534,28
218546,47
218549,49
218555,44
218557,30
218559,50
218568,57
218585,13
218588,15
218598,15
218599,9
218605,42
218616,51
218628,25
218649,47
218651,11
218665,16
218666,33
218671,26
218680,51
218683,40
218695,22
218698,19
218705,22
218708,13
218721,20
218722,5
218729,33
218739,63
218759,54
218761,47
218772,55
218781,23
218792,41
218822,21
218828,55
218840,16
218849,34
218858,6
218860,59
218871,28
218873,62
218883,38
218885,14
218916,33
218930,27
218939,48
218967,55
218968,26
218976,36
218977,64
218980,24
218982,40
218984,20
218989,21
219011,14
219023,7
219024,19
219033,65
219043,37
219047,13
219050,23
219059,48
219064,45
219076,18
219078,28
219080,65
219088,21
219089,19
219090,4
219095,37
219100,14
219108,24
219119,40
219126,32
219135,61
219141,65
219150,50
219152,47
219153,44
219164,65
219166,14
219178,46
219180,10
219184,42
219186,5
219187,30
219191,62
219192,14
219194,43
219199,46
219202,8
219205,46
219206,54
219208,33
219211,21
219220,25
219230,9
219232,16
219233,56
219245,42
219248,47
219249,7
219252,22
219258,40
219259,33
219265,22
219269,64
219279,49
219280,8
219284,35
219285,43
219299,26
219303,33
219306,14
219314,60
219319,16
219321,15
219326,29
219337,32
219345,57
219349,47
219352,28
219357,47
219364,32
219365,62
219366,25
219376,36
219379,62
219380,34
219394,53
219397,56
219404,48
219423,16
219425,11
219438,35
219460,47
219470,56
219474,55
219482,4
219485,54
219489,48
219490,49
219497,49
219504,49
219508,55
219510,41
219514,53
219518,52
219525,18
219535,20
219541,18
219542,7
219547,47
219549,20
219556,54
219558,37
219562,46
219566,19
219573,35
219593,61
219602,36
219603,65
219608,57
219609,35
219617,49
219618,52
219632,58
219641,6
219650,61
219652,21
219656,5
219668,14
219670,7
219672,62
219681,41
219684,34
219689,24
219691,14
219694,49
219699,27
219703,39
219705,51
219709,40
219710,25
219712,63
219724,53
219727,21
219737,9
219744,48
219748,32
219749,44
219752,62
219760,54
219762,5
219773,23
219778,25
219786,34
219788,48
219797,45
219807,9
219809,5
219811,56
219812,14
219815,47
219817,12
219821,47
219823,27
219825,38
219834,47
219863,15
219866,17
219872,7
219878,23
219880,13
219884,41
219888,47
219893,26
219902,62
219907,19
219915,7
219916,45
219927,8
219938,10
219948,26
219956,61
219977,46
219988,41
219992,55
219996,37
220001,26
220002,47
220008,63
220011,10
220014,5
220024,56
220051,55
220059,33
220061,11
220062,24
220065,24
220075,60
220079,6
220082,53
220086,54
220097,49
220100,42
220102,24
220108,7
220110,63
220111,50
220119,37
220126,34
220131,16
220132,10
220140,34
220144,18
220146,64
220151,40
220161,16
220164,27
220171,17
220177,53
220185,7
220194,28
220203,30
220213,34
220222,64
220236,40
220241,16
220246,40
220247,57
220248,34
220251,63
220256,50
220275,13
220283,47
220285,12
220293,20
220305,53
220315,30
220317,11
220321,12
220338,51
220340,48
220342,40
220347,39
220348,43
220351,34
220353,58
220355,38
220356,31
220370,21
220372,54
220395,19
220398,12
220402,50
220406,18
220408,4
220410,14
220419,5
220420,23
220426,32
220429,13
220432,18
220442,62
220454,23
220459,35
220466,27
220481,51
220488,40
220495,11
220525,39
220527,29
220529,15
220530,52
220533,14
220540,28
220542,63
220544,62
220549,50
220552,24
220558,50
220559,67
220565,25
220574,30
220580,66
220599,53
220600,19
220601,25
220605,16
220612,53
220613,47
220620,32
220621,54
220622,37
220627,20
220635,15
220640,27
220658,23
220668,32
220671,39
220672,40
220682,48
220685,35
220692,18
220694,32
220709,46
220721,63
220724,49
220729,35
220751,11
220758,68
220769,6
220777,11
220786,53
220793,58
220795,44
220806,31
220816,13
220834,66
220850,8
220859,17
220863,9
220871,40
220873,56
220879,51
220884,65
220903,49
220923,59
220940,57
220941,32
220964,33
220967,43
220976,28
220980,65
220982,13
220995,23
220999,41
221006,25
221008,24
221009,57
221012,23
221016,58
221025,36
221030,35
221035,12
221042,54
221054,42
221057,44
221063,31
221069,35
221070,36
221078,7
221079,11
221080,60
221090,60
221105,8
221107,23
221116,9
221126,21
221129,14
221132,29
221147,65
221149,43
221157,38
221159,38
221172,10
221174,68
221176,37
221178,29
221185,45
221186,15
221188,56
221194,57
221198,8
221199,54
221203,47
221214,41
221215,37
221218,16
221226,52
221228,50
221230,57
221232,16
221240,49
221248,43
221255,41
221257,67
221260,42
221262,10
221265,49
221277,18
221281,52
221285,10
221289,59
221291,33
221292,66
221300,56
221301,58
221314,6
221317,16
221336,45
221338,62
221343,7
221351,61
221354,55
221362,15
221386,19
221397,13
221403,44
221406,25
221411,40
221422,13
221423,36
221429,28
221433,56
221435,21
221443,28
221449,6
221451,63
221452,64
221458,41
221461,21
221466,40
221479,32
221481,48
221489,19
221490,19
221511,41
221514,22
221515,14
221517,34
221519,17
221536,24
221537,61
221542,17
221543,27
221549,10
221551,58
221553,49
221557,62
221559,32
221577,33
221585,14
221588,46
221590,55
221593,24
221594,60
221605,55
221611,38
221616,63
221621,7
221623,34
221626,42
221630,12
221631,24
221632,31
221633,10
221642,22
221646,26
221651,17
221666,62
221670,50
221674,16
221682,31
221686,42
221688,34
221691,62
221704,37
221706,65
221719,40
221724,57
221725,52
221727,22
221730,9
221731,58
221743,18
221752,17
221792,56
221798,41
221799,65
221800,13
221802,26
221809,11
221810,64
221814,47
221817,26
221822,23
221828,14
221830,64
221832,19
221836,6
221844,4
221846,22
221867,43
221884,55
221888,26
221909,48
221910,9
221913,37
221930,29
221939,41
221955,8
221961,61
221973,14
221977,47
221978,65
221981,50
221986,51
221988,8
221995,44
221997,11
222007,12
222009,7
222013,22
222017,16
222048,14
222049,33
222063,61
222065,54
222068,63
222072,21
222094,64
222096,54
222103,14
222104,5
222126,49
222137,14
222138,6
222164,51
222170,5
222174,9
222179,64
222184,35
222197,5
222198,37
222203,37
222221,54
222229,29
222230,7
222235,53
222240,54
222243,8
222248,50
222270,20
222286,26
222291,54
222292,35
222298,53
222303,10
222313,18
222326,22
222341,13
222356,41
222357,65
222361,42
222385,47
222386,18
222391,14
222392,14
222403,11
222411,25
222421,7
222426,50
222430,20
222431,46
222442,5
222451,50
222459,25
222467,29
222474,43
222476,14
222481,30
222493,38
222495,27
222502,21
222509,17
222510,7
222512,22
222513,42
222514,14
222515,14
222526,13
222535,45
222552,18
222557,20
222558,61
222568,9
222575,33
222576,7
222577,38
222578,8
222584,53
222592,26
222593,41
222602,54
222609,64
222621,55
222631,18
222636,19
222637,14
222639,54
222655,40
222658,27
222665,43
222668,39
222674,53
222707,5
222717,5
222729,18
222739,7
222740,21
222741,54
222760,7
222763,47
222766,56
222767,27
222774,16
222780,47
222814,11
222820,24
222821,61
222824,42
222836,56
222838,48
222842,21
222846,12
222857,18
222866,52
222873,36
222877,49
222884,40
222892,57
222895,56
222899,35
222901,20
222907,47
222908,63
222913,62
222922,42
222924,11
222930,3
222942,10
222950,46
222956,20
222957,35
222964,58
222972,24
222974,31
222976,4
222980,52
222989,20
222995,54
222996,46
223001,41
223007,6
223014,2
223024,39
223028,37
223037,5
223063,24
223069,47
223070,14
223082,42
223085,37
223089,28
223096,63
223098,33
223115,50
223133,39
223134,47
223158,62
223161,19
223163,19
223167,27
223175,52
223176,8
223189,30
223190,37
223191,25
223204,41
223208,60
223209,12
223228,29
223231,24
223237,17
223241,9
223243,19
223246,47
223262,15
223277,59
223286,20
223296,38
223298,26
223300,12
223310,20
223314,54
223316,49
223319,37
223337,55
223339,46
223350,41
223352,41
223363,7
223365,7
223370,60
223372,57
223390,26
223395,43
223406,28
223409,27
223411,14
223418,22
223420,19
223421,18
223423,50
223435,51
223436,17
223439,14
223441,10
223445,54
223448,24
223471,59
223475,34
223482,21
223490,62
223493,34
223494,35
223497,63
223508,14
223517,3
223521,45
223525,45
223542,50
223544,26
223550,19
223557,48
223570,12
223578,39
223585,34
223595,15
223604,30
223608,19
223610,19
223612,44
223613,10
223617,33
223621,13
223627,36
223634,51
223636,27
223638,37
223646,10
223658,46
223659,51
223663,48
223670,62
223672,26
223677,46
223686,26
223687,3
223691,36
223693,17
223696,31
223698,61
223706,58
223710,40
223711,17
223736,67
223743,29
223746,61
223765,60
223770,67
223773,23
223775,15
223798,40
223803,52
223807,67
223811,11
223824,19
223825,48
223826,32
223829,44
223840,69
223841,32
223842,54
223847,60
223849,53
223851,17
223857,16
223859,66
223864,44
223867,67
223876,32
223878,23
223887,29
223890,22
223891,61
223904,43
223909,65
223917,40
223918,43
223928,9
223930,37
223933,41
223938,38
223943,9
223944,21
223959,22
223976,45
223980,7
223993,21
223994,30
224010,21
224036,40
224039,18
224040,62
224042,44
224059,56
224093,24
224096,8
224104,60
224110,37
224111,24
224116,20
224123,37
224125,35
224127,56
224129,21
224130,50
224133,14
224137,56
224142,26
224143,58
224157,26
224163,63
224173,37
224177,57
224183,66
224189,48
224195,23
224198,28
224202,51
224212,59
224221,66
224228,7
224237,58
224258,65
224265,7
224266,20
224267,37
224286,49
224295,9
224303,11
224305,48
224308,41
224314,29
224320,9
224324,31
224327,37
224328,52
224329,18
224332,31
224340,36
224360,44
224367,38
224369,45
224384,65
224394,35
224408,8
224410,53
224413,37
224417,24
224424,43
224425,51
224452,66
224458,14
224460,29
224471,30
224474,56
224476,7
224478,7
224488,53
224496,44
224502,37
224505,9
224507,17
224509,8
224516,62
224519,55
224533,31
224536,58
224539,8
224556,6
224561,56
224569,14
224571,7
224576,5
224580,35
224582,46
224588,22
224589,51
224591,35
224593,7
224602,65
224615,37
224619,10
224622,33
224636,11
224649,64
224674,38
224676,47
224679,57
224680,10
224691,41
224692,65
224700,48
224708,36
224714,57
224717,22
224718,32
224725,15
224730,23
224742,6
224746,48
224752,39
224754,15
224755,20
224764,36
224768,48
224777,23
224786,24
224790,6
224793,6
224795,31
224796,31
224797,8
224803,38
224807,53
224809,50
224810,60
224817,53
224820,66
224863,16
224870,44
224873,66
224877,35
224879,15
224881,38
224888,64
224889,66
224894,58
224897,29
224900,57
224901,51
224906,38
224909,27
224930,17
224945,63
224964,10
224968,48
224986,29
224992,13
224993,8
224999,10
225005,30
225020,17
225021,16
225032,44
225034,63
225037,6
225043,12
225046,26
225050,23
225052,29
225059,23
225062,32
225063,6
225068,59
225070,24
225093,58
225106,49
225114,66
225127,44
225130,47
225131,8
225147,33
225148,13
225149,22
225152,40
225154,34
225156,12
225165,44
225173,13
225181,12
225182,6
225186,56
225194,40
225219,41
225226,33
225231,54
225237,61
225242,22
225243,54
225244,51
225245,8
225247,19
225250,26
225251,30
225258,5
225259,25
225291,7
225292,65
225297,6
225299,51
225301,5
225303,36
225313,12
225315,17
225317,26
225325,50
225329,66
225334,43
225341,48
225348,8
225369,54
225374,21
225375,65
225381,66
225385,14
225392,8
225399,48
225402,59
225404,13
225410,6
225415,23
225419,16
225432,11
225433,28
225444,42
225458,16
225475,12
225484,50
225500,9
225501,5
225502,20
225507,62
225534,29
225554,29
225564,5
225565,32
225568,36
225587,64
225595,59
225601,43
225605,62
225610,33
225611,64
225616,34
225622,22
225624,35
225626,61
225628,22
225631,49
225635,35
225678,43
225685,32
225691,8
225694,10
225696,5
225698,17
225701,13
225729,37
225742,5
225745,8
225752,58
225755,49
225757,56
225760,50
225776,54
225777,19
225793,53
225800,14
225803,45
225804,27
225812,32
225814,57
225816,39
225821,60
225832,15
225839,35
225844,58
225867,6
225876,40
225878,6
225882,33
225897,14
225912,63
225914,55
225917,46
225929,65
225930,33
225945,19
225946,29
225950,55
225961,47
225962,57
225970,8
225984,62
225992,63
225993,32
226023,63
226036,13
226054,12
226059,56
226063,19
226064,23
226071,40
226082,4
226083,46
226084,11
226085,17
226090,47
226102,29
226103,49
226107,35
226108,23
226111,43
226115,47
226117,6
226118,49
226122,32
226127,49
226130,25
226132,44
226137,20
226139,29
226152,34
226155,39
226156,35
226159,13
226161,51
226164,6
226165,47
226174,56
226184,12
226202,15
226218,3
226221,33
226222,34
226223,20
226227,13
226231,64
226239,25
226247,21
226248,49
226250,40
226252,54
226257,19
226263,19
226267,49
226277,21
226278,52
226283,29
226285,16
226292,3
226300,15
226308,64
226310,54
226311,47
226312,56
226315,4
226317,6
226323,21
226324,35
226327,54
226329,48
226343,55
226344,41
226346,27
226353,37
226355,42
226375,57
226377,39
226381,31
226383,22
226388,63
226393,34
226399,25
226410,52
226415,45
226433,13
226439,10
226442,63
226443,41
226457,52
226465,39
226479,56
226494,23
226502,54
226506,54
226508,18
226509,37
226515,14
226523,37
226543,25
226552,17
226558,18
226568,39
226579,41
226585,47
226588,47
226589,33
226601,28
226614,59
226615,33
226638,38
226639,6
226654,21
226657,55
226670,37
226680,60
226689,24
226696,10
226701,48
226712,60
226720,27
226730,28
226738,48
226750,61
226758,29
226761,7
226764,16
226772,28
226783,62
226787,32
226794,25
226795,25
226796,61
226801,26
226816,56
226844,5
226848,52
226853,48
226862,59
226869,5
226870,32
226875,43
226878,3
226884,30
226890,31
226896,3
226902,5
226909,51
226912,41
226913,46
226923,23
226932,58
226937,56
226943,32
226947,25
226950,60
226951,22
226953,4
226954,53
226963,39
226976,53
226993,17
226995,10
226997,5
227000,22
227001,52
227008,50
227009,16
227010,25
227020,19
227022,47
227051,62
227062,37
227067,47
227068,27
227085,32
227098,41
227109,59
227110,28
227112,26
227120,37
227121,27
227123,48
227125,4
227131,55
227142,68
227144,36
227152,34
227157,24
227171,45
227178,64
227181,60
227182,31
227190,43
227193,18
227198,46
227201,44
227209,11
227212,31
227222,49
227229,58
227237,56
227239,66
227252,52
227254,59
227260,29
227272,18
227273,48
227278,59
227286,32
227289,52
227298,67
227303,60
227312,51
227313,39
227319,9
227332,49
227338,49
227340,30
227342,52
227343,11
227368,62
227370,18
227371,50
227374,48
227379,46
227392,9
227394,67
227399,50
227405,59
227415,33
227422,39
227423,9
227431,10
227432,45
227437,17
227449,32
227468,22
227473,40
227479,17
227484,68
227506,42
227514,32
227542,43
227551,52
227561,10
227564,29
227568,49
227574,24
227587,52
227591,56
227602,59
227619,9
227624,64
227629,31
227635,38
227638,56
227641,68
227643,23
227652,53
227681,51
227694,42
227698,29
227705,44
227706,16
227712,16
227722,45
227731,28
227736,16
227737,37
227764,26
227785,38
227786,47
227791,18
227801,65
227802,56
227814,31
227817,56
227821,37
227840,56
227843,28
227847,36
227862,62
227874,13
227876,52
227916,34
227922,6
227932,23
227933,7
227936,22
227950,63
227951,20
227954,27
227959,44
227962,39
227974,26
227985,41
228002,32
228004,6
228009,57
228011,37
228024,33
228034,9
228056,27
228059,66
228069,56
228071,58
228086,64
228103,39
228117,41
228120,31
228128,35
228131,64
228136,37
228137,28
228155,65
228158,48
228161,32
228165,50
228172,24
228175,10
228183,59
228186,42
228193,29
228210,22
228220,8
228226,28
228228,23
228231,49
228235,8
228252,37
228260,38
228263,43
228265,22
228274,48
228275,43
228278,28
228281,37
228284,47
228288,55
228289,28
228298,18
228301,62
228305,21
228310,31
228312,34
228315,64
228322,10
228326,41
228330,41
228332,23
228341,6
228350,5
228351,58
228352,17
228353,27
228354,17
228355,58
228356,16
228359,37
228361,15
228368,59
228383,32
228391,27
228392,19
228401,42
228416,37
228430,31
228438,22
228443,41
228447,52
228448,8
228468,52
228479,7
228482,58
228487,63
228492,25
228496,49
228507,30
228513,31
228519,5
228523,31
228529,60
228533,48
228534,22
228549,58
228557,10
228574,16
228582,42
228583,41
228589,24
228597,5
228615,38
228619,8
228622,47
228627,45
228637,19
228638,45
228640,25
228653,55
228655,56
228663,28
228674,34
228679,27
228686,63
228698,54
228713,46
228723,14
228726,62
228739,50
228741,58
228743,12
228769,24
228781,33
228788,61
228803,58
228804,59
228806,60
228808,15
228809,8
228818,55
228820,39
228823,48
228838,40
228843,47
228846,22
228850,15
228851,17
228853,42
228868,20
228888,37
228890,55
228893,28
228894,14
228908,37
228912,14
228913,15
228915,34
228922,42
228927,23
228930,30
228947,4
228956,5
228963,44
228968,23
228975,7
228980,55
228983,34
228988,46
229005,58
229012,31
229015,42
229026,48
229031,18
229035,42
229043,58
229052,13
229060,28
229063,40
229080,9
229082,49
229090,54
229093,27
229094,50
229113,29
229132,19
229137,33
229138,62
229141,35
229142,6
229156,60
229177,47
229178,20
229179,28
229185,19
229192,11
229207,64
229209,44
229210,51
229212,35
229213,34
229229,19
229234,43
229240,3
229249,6
229253,26
229259,37
229265,38
229266,64
229267,9
229268,49
229269,6
229282,20
229289,14
229297,48
229304,55
229313,58
229318,14
229320,35
229329,48
229331,36
229339,31
229342,6
229361,3
229369,21
229370,27
229373,47
229386,62
229397,44
229399,29
229402,35
229403,56
229444,58
229447,13
229448,56
229450,48
229454,37
229456,32
229457,41
229459,14
229465,20
229466,44
229476,61
229481,57
229485,7
229499,22
229501,14
229511,62
229512,60
229528,14
229532,64
229541,28
229548,13
229550,26
229552,57
229556,13
229560,62
229568,12
229570,20
229572,25
229582,11
229583,43
229588,28
229595,41
229603,55
229604,19
229606,42
229615,63
229620,41
229625,47
229626,53
229638,36
229650,40
229654,10
229666,45
229670,7
229675,64
229677,61
229686,23
229688,7
229689,35
229691,57
229695,10
229696,26
229701,49
229706,20
229715,19
229719,53
229732,40
229740,29
229753,31
229758,22
229759,20
229763,47
229777,10
229782,61
229798,40
229801,47
229804,41
229807,59
229815,24
229821,45
229822,62
229825,24
229838,12
229842,47
229857,5
229863,4
229865,32
229867,26
229869,53
229873,14
229874,28
229883,3
229903,46
229907,49
229909,54
229915,13
229916,4
229924,27
229927,43
229935,20
229936,27
229944,29
229953,29
229965,11
229967,26
229971,56
229975,56
229978,62
229979,27
229980,27
229990,43
229997,13
230000,10
230009,53
230011,21
230021,50
230028,20
230041,56
230043,42
230046,49
230051,39
230053,28
230059,33
230062,25
230064,49
230072,7
230080,31
230089,10
230112,55
230117,61
230121,58
230123,41
230154,41
230162,18
230171,12
230174,24
230175,41
230176,32
230186,54
230195,24
230197,11
230199,61
230200,63
230207,20
230209,14
230219,34
230225,31
230226,6
230231,10
230239,37
230250,36
230258,54
230269,59
230272,16
230283,41
230289,38
230292,28
230293,33
230304,58
230307,16
230311,13
230330,27
230334,44
230335,50
230343,59
230346,51
230361,27
230368,2
230386,16
230393,5
230398,43
230402,49
230406,60
230407,20
230415,33
230420,52
230424,3
230426,16
230429,39
230436,37
230443,16
230444,55
230446,45
230450,58
230453,44
230469,61
230472,61
230473,47
230477,6
230494,53
230495,44
230501,37
230507,31
230508,61
230521,21
230523,60
230526,60
230530,16
230532,51
230533,38
230534,47
230540,10
230541,10
230552,12
230554,69
230559,30
230560,38
230561,45
230568,34
230578,15
230591,10
230597,65
230600,9
230611,47
230628,68
230642,53
230651,33
230656,30
230657,33
230658,32
230668,12
230677,54
230684,24
230686,40
230690,50
230698,58
230703,22
230711,14
230714,43
230725,48
230728,47
230741,47
230755,38
230757,9
230758,47
230759,18
230807,10
230808,19
230820,23
230821,58
230833,58
230839,28
230841,11
230855,53
230862,48
230863,16
230868,7
230870,41
230872,37
230875,21
230878,22
230879,18
230883,38
230901,38
230902,12
230918,65
230922,50
230925,55
230929,41
230938,54
230941,49
230942,10
230947,16
230952,6
230953,52
230954,41
230969,12
230981,44
230986,43
230991,51
230994,21
231023,29
231029,66
231034,43
231038,52
231062,29
231064,9
231065,23
231067,41
231077,16
231078,37
231082,44
231088,36
231095,17
231106,66
231119,51
231125,14
231141,14
231155,19
231157,31
231165,18
231174,25
231205,54
231215,30
231230,45
231247,32
231267,58
231270,62
231271,12
231272,50
231287,49
231291,12
231293,47
231301,44
231306,36
231314,44
231315,14
231321,25
231322,16
231328,53
231337,15
231346,34
231359,63
231364,28
231365,15
231378,42
231380,50
231383,37
231384,53
231396,29
231414,14
231422,9
231426,12
231434,56
231436,40
231443,49
231444,17
231451,57
231477,52
231479,45
231481,20
231489,32
231491,22
231492,55
231506,6
231517,24
231518,34
231522,44
231530,59
231531,10
231534,10
231536,33
231538,60
231549,49
231554,15
231562,52
231564,15
231567,14
231570,27
231573,20
231577,22
231579,44
231587,15
231588,60
231592,6
231601,6
231602,39
231610,14
231624,53
231641,27
231650,34
231657,34
231670,37
231672,8
231676,50
231681,34
231706,64
231715,27
231719,55
231720,26
231721,12
231730,29
231733,7
231753,14
231765,56
231791,56
231792,27
231798,17
231802,25
231808,42
231829,66
231853,16
231854,59
231856,29
231858,41
231864,47
231871,24
231872,60
231877,33
231880,56
231888,8
231895,50
231896,36
231901,6
231903,63
231915,24
231916,27
231920,43
231931,42
231943,48
231944,30
231947,56
231988,50
231996,52
232027,12
232038,40
232041,56
232042,35
232053,66
232054,57
232060,33
232070,18
232078,52
232096,7
232098,64
232105,63
232107,19
232110,9
232118,37
232123,60
232128,47
232156,42
232157,58
232165,29
232171,24
232174,8
232175,63
232176,57
232187,49
232191,61
232192,62
232200,17
232205,51
232211,41
232219,14
232221,44
232227,48
232232,57
232267,43
232280,10
232282,41
232283,60
232288,33
232291,40
232313,33
232320,34
232329,43
232337,25
232351,64
232357,22
232362,29
232366,19
232369,4
232375,34
232376,38
232396,11
232401,63
232402,33
232426,7
232429,20
232435,53
232443,26
232454,29
232456,24
232465,56
232480,19
232491,22
232494,62
232497,51
232499,13
232507,33
232525,63
232529,64
232533,42
232556,36
232580,44
232581,37
232582,52
232586,50
232589,30
232594,57
232612,56
232629,12
232631,8
232637,15
232639,12
232641,12
232647,22
232648,64
232658,12
232660,56
232661,10
232668,17
232671,34
232673,36
232676,5
232694,62
232695,44
232697,59
232699,4
232704,64
232722,4
232734,20
232740,7
232755,34
232763,28
232768,46
232771,64
232775,8
232791,28
232795,10
232796,59
232797,37
232808,34
232815,33
232826,9
232827,62
232829,39
232837,26
232853,34
232860,47
232863,54
232883,4
232887,4
232893,65
232897,16
232901,3
232903,25
232908,52
232910,36
232913,56
232916,5
232918,17
232932,12
232934,14
232942,25
232945,16
232950,30
232958,20
232964,24
232965,51
232976,45
232979,15
232983,34
232987,52
232989,31
233009,42
233018,27
233019,22
233021,35
233022,47
233032,34
233041,57
233051,49
233061,12
233063,46
233065,5
233071,6
233072,34
233079,40
233081,29
233108,56
233109,57
233110,48
233122,63
233126,62
233129,32
233133,57
233135,64
233138,61
233143,41
233145,62
233151,21
233155,62
233157,35
233161,42
233168,50
233175,54
233178,55
233179,60
233209,44
233217,49
233218,52
233229,25
233230,20
233231,4
233235,61
233237,6
233261,36
233263,21
233269,28
233271,7
233275,28
233282,34
233285,28
233286,62
233293,52
233300,35
233306,32
233309,16
233318,8
233328,61
233341,49
233362,17
233370,49
233371,14
233373,19
233381,31
233388,24
233389,3
233395,21
233399,46
233408,56
233413,49
233414,24
233419,27
233436,59
233439,10
233440,19
233449,61
233455,21
233458,51
233472,28
233473,49
233477,54
233485,32
233488,37
233489,34
233490,48
233493,50
233509,61
233511,28
233512,20
233515,27
233516,27
233517,15
233520,47
233521,4
233528,25
233537,38
233546,54
233549,61
233559,6
233566,27
233569,34
233579,26
233598,17
233603,54
233607,34
233610,22
233611,53
233615,13
233618,64
233622,28
233624,58
233626,64
233627,40
233637,63
233652,62
233656,58
233675,40
233689,57
233707,6
233712,5
233719,25
233723,54
233725,27
233726,14
233752,40
233762,8
233783,56
233785,57
233786,29
233788,33
233800,7
233806,59
233833,40
233834,59
233841,5
233862,22
233865,60
233866,30
233867,14
233873,20
233877,36
233893,7
233898,8
233908,43
233924,16
233932,53
233934,35
233936,42
233941,6
233950,33
233955,44
233966,34
233980,54
233983,39
233995,45
234012,45
234014,4
234020,16
234031,25
234033,52
234036,14
234042,41
234046,46
234049,45
234059,21
234066,48
234071,40
234077,62
234081,43
234085,53
234097,17
234100,40
234107,11
234111,9
234121,8
234134,69
234138,25
234160,32
234164,37
234179,59
234190,47
234192,19
234204,46
234209,54
234214,24
234229,10
234233,46
234238,29
234240,39
234245,66
234248,34
234265,51
234272,26
234275,18
234283,11
234291,65
234295,60
234298,29
234305,17
234306,20
234309,17
234315,33
234318,39
234322,57
234323,34
234326,53
234327,33
234335,55
234336,11
234338,46
234351,39
234376,12
234394,17
234395,16
234406,67
234416,68
234421,57
234424,52
234429,7
234430,20
234433,7
234439,28
234442,50
234463,10
234465,43
234468,40
234470,24
234473,46
234474,65
234479,15
234480,41
234494,16
234495,51
234510,8
234512,9
234527,45
234533,67
234542,9
234543,32
234550,27
234551,33
234559,39
234569,43
234579,58
234583,50
234595,62
234599,67
234600,60
234605,56
234608,43
234613,42
234619,21
234628,51
234636,22
234664,67
234671,22
234675,57
234676,65
234681,41
234699,58
234711,65
234718,61
234719,18
234722,14
234736,64
234741,51
234746,30
234748,12
234756,9
234765,38
234774,48
234784,43
234790,39
234792,43
234798,11
234802,31
234806,9
234810,61
234822,8
234828,65
234831,52
234836,60
234840,34
234844,10
234859,64
234860,37
234861,37
234866,50
234871,31
234875,24
234877,42
234878,65
234879,40
234890,49
234905,8
234915,15
234916,43
234919,56
234933,65
234952,7
234954,8
234967,24
234968,22
234991,7
234992,30
234997,37
235014,54
235043,15
235051,28
235060,10
235065,27
235066,43
235069,37
235070,16
235078,17
235080,42
235083,19
235102,42
235120,52
235122,40
235136,37
235146,5
235151,22
235155,61
235158,43
235161,46
235163,62
235165,55
235172,60
235174,33
235176,6
235193,48
235196,48
235204,43
235219,43
235225,66
235227,59
235235,37
235242,20
235243,8
235248,35
235260,28
235261,24
235282,27
235289,51
235291,10
235298,21
235307,18
235316,56
235322,34
235323,66
235324,43
235345,38
235351,15
235363,32
235368,29
235369,48
235376,15
235384,45
235392,7
235409,44
235413,38
235422,66
235425,65
235427,28
235431,30
235436,66
235437,20
235438,59
235443,23
235449,22
235450,9
235472,64
235475,8
235478,33
235496,67
235499,45
235503,50
235556,6
235557,51
235559,55
235562,42
235564,9
235575,57
235585,38
235592,35
235599,44
235602,55
235606,43
235612,41
235620,16
235627,41
235634,37
235636,27
235646,14
235656,64
235658,8
235665,6
235667,33
235687,38
235688,62
235705,15
235706,13
235719,64
235727,44
235740,50
235747,24
235754,19
235760,13
235762,40
235767,34
235782,4
235783,35
235788,52
235789,40
235804,13
235807,49
235837,13
235839,35
235846,37
235850,20
235853,8
235860,7
235870,13
235874,32
235882,49
235887,11
235894,21
235895,43
235920,44
235925,49
235931,55
235934,56
235936,55
235947,53
235951,54
235955,27
235963,56
235965,51
235983,29
235986,14
235999,23
236009,35
236013,16
236015,38
236020,61
236021,63
236022,15
236024,28
236031,30
236033,37
236034,10
236060,34
236063,49
236066,57
236087,36
236091,7
236102,4
236107,22
236109,27
236113,49
236121,44
236123,15
236133,49
236148,33
236155,14
236157,10
236165,15
236167,28
236179,46
236184,26
236186,29
236188,15
236190,10
236196,14
236200,65
236208,54
236210,13
236211,10
236224,55
236237,8
236246,53
236248,53
236255,46
236256,63
236257,25
236260,25
236266,18
236275,64
236288,44
236290,21
236292,53
236293,43
236314,35
236318,35
236320,38
236323,40
236332,4
236343,45
236348,49
236361,63
236368,61
236369,39
236375,22
236388,47
236389,41
236391,14
236397,58
236401,41
236420,48
236424,42
236449,9
236451,28
236452,13
236459,8
236460,12
236475,25
236483,46
236494,21
236495,7
236498,27
236503,34
236512,19
236513,57
236521,60
236527,28
236528,61
236530,18
236533,41
236536,19
236541,13
236542,33
236545,12
236548,18
236552,22
236555,26
236564,25
236590,61
236599,22
236614,39
236626,29
236631,33
236632,5
236633,53
236641,26
236650,58
236660,29
236670,63
236675,28
236676,60
236679,22
236683,41
236684,25
236690,20
236694,13
236700,40
236705,39
236707,17
236708,59
236720,15
236729,44
236732,56
236738,41
236742,56
236744,18
236761,32
236769,14
236781,16
236801,16
236808,61
236812,7
236836,27
236838,37
236841,20
236850,22
236851,29
236852,41
236859,27
236865,21
236873,49
236895,51
236896,41
236900,61
236906,2
236910,56
236926,14
236930,18
236933,41
236938,34
236939,56
236951,41
236957,59
236980,19
236981,63
236993,54
237000,31
237026,6
237027,21
237034,54
237035,42
237037,56
237038,52
237043,3
237059,3
237061,2
237063,47
237077,32
237082,16
237115,7
237130,4
237133,18
237137,45
237142,23
237145,47
237166,29
237177,31
237182,10
237183,33
237194,49
237205,57
237209,8
237212,42
237215,35
237218,17
237220,59
237225,3
237230,56
237234,45
237238,9
237240,12
237252,6
237259,14
237276,58
237279,60
237288,40
237321,43
237329,21
237332,27
237333,3
237338,11
237341,5
237349,19
237353,44
237354,19
237359,49
237363,14
237366,32
237368,13
237371,39
237372,12
237374,5
237395,59
237400,32
237405,53
237412,8
237415,38
237417,46
237430,30
237437,60
237439,17
237442,59
237443,23
237456,5
237461,49
237464,37
237465,32
237467,58
237472,15
237477,31
237480,56
237481,41
237486,32
237493,43
237495,21
237501,13
237516,6
237526,55
237527,41
237532,53
237533,39
237534,37
237537,61
237538,6
237544,26
237546,37
237560,58
237563,6
237588,8
237590,43
237591,38
237602,44
237603,15
237606,58
237613,21
237617,17
237622,8
237625,33
237639,43
237648,38
237657,37
237661,69
237669,17
237670,9
237689,65
237726,54
237734,60
237742,32
237746,47
237748,11
237749,20
237752,19
237754,32
237756,20
237771,31
237776,61
237791,61
237800,31
237812,38
237814,32
237816,8
237820,7
237823,15
237827,10
237833,29
237842,68
237856,31
237864,42
237886,37
237899,21
237905,22
237907,57
237912,37
237921,16
237928,17
237943,52
237965,51
237970,28
237981,53
237988,39
238003,67
238008,66
238010,58
238014,35
238024,23
238027,11
238029,67
238048,56
238051,25
238052,55
238057,53
238063,19
238073,65
238074,43
238075,40
238079,6
238084,57
238091,26
238095,52
238096,56
238108,51
238131,63
238137,32
238140,46
238142,66
238148,60
238160,44
238162,65
238186,8
238205,25
238210,15
238235,8
238241,26
238242,60
238245,9
238247,15
238249,52
238253,42
238254,41
238257,51
238258,60
238267,54
238268,23
238273,12
238285,37
238288,13
238301,11
238306,59
238311,27
238312,68
238314,8
238320,25
238326,30
238335,30
238336,59
238342,66
238346,66
238347,49
238360,16
238366,67
238369,42
238373,47
238380,24
238381,18
238385,39
238403,7
238410,40
238417,10
238419,60
238422,30
238423,51
238425,67
238449,40
238457,41
238461,63
238488,42
238492,64
238513,11
238518,6
238521,54
238524,49
238526,36
238537,6
238538,51
238539,8
238543,22
238565,52
238572,31
238599,46
238623,50
238626,45
238636,15
238643,50
238644,51
238652,29
238660,41
238661,41
238662,62
238677,10
238679,14
238684,45
238689,59
238700,66
238711,29
238717,51
238723,52
238724,45
238734,65
238736,59
238740,41
238744,37
238746,45
238750,33
238767,14
238769,66
238770,20
238778,62
238779,57
238781,11
238802,58
238812,23
238814,42
238816,31
238828,42
238845,63
238858,38
238864,8
238883,8
238884,67
238894,20
238896,55
238898,18
238904,25
238914,29
238930,50
238931,21
238936,27
238957,63
238958,65
238960,59
238976,43
238978,59
238982,24
238983,18
238984,10
238995,24
239000,55
239010,32
239020,27
239028,10
239043,12
239050,39
239055,49
239066,54
239078,41
239080,15
239087,24
239096,16
239097,19
239102,30
239129,16
239130,16
239148,42
239151,57
239157,22
239171,43
239175,6
239186,33
239187,65
239194,6
239199,12
239206,12
239207,39
239209,24
239210,51
239221,49
239241,36
239251,43
239262,30
239266,18
239272,19
239275,51
239281,8
239282,63
239291,12
239294,43
239302,66
239303,7
239314,64
239322,43
239324,34
239340,41
239346,14
239349,53
239358,26
239362,26
239369,52
239372,63
239390,65
239394,21
239404,8
239409,12
239420,42
239430,30
239445,25
239446,61
239456,61
239457,64
239458,30
239468,23
239471,6
239486,13
239490,58
239493,63
239509,17
239513,56
239527,24
239529,49
239540,40
239545,55
239554,62
239557,26
239569,5
239572,6
239584,46
239587,46
239590,34
239596,33
239598,43
239609,36
239610,5
239611,50
239616,48
239619,43
239621,19
239625,62
239626,8
239641,22
239650,46
239669,43
239672,29
239682,60
239686,13
239692,35
239695,32
239712,63
239716,42
239717,48
239752,20
239754,65
239755,57
239761,50
239765,12
239766,10
239767,7
239770,54
239771,55
239772,15
239773,21
239779,25
239789,33
239793,27
239803,3
239812,29
239814,49
239816,34
239826,64
239828,34
239829,57
239838,45
239848,13
239850,14
239851,28
239889,46
239897,18
239908,6
239913,42
239914,53
239918,47
239920,62
239926,12
239929,8
239955,18
239958,49
239962,61
239964,27
239968,47
239973,17
239987,11
239994,55
239998,7
240003,16
240012,5
240016,43
240022,27
240025,43
240029,4
240045,43
240047,7
240048,19
240052,4
240055,21
240056,19
240067,55
240068,56
240074,33
240076,34
240079,20
240081,15
240086,53
240087,31
240091,59
240097,19
240099,40
240101,46
240112,57
240113,25
240115,49
240122,35
240130,25
240132,46
240135,8
240140,13
240144,41
240151,54
240161,11
240162,63
240186,39
240200,41
240202,34
240209,13
240211,56
240216,50
240221,49
240224,3
240226,58
240230,18
240232,20
240235,26
240242,20
240244,54
240245,27
240255,63
240258,5
240261,48
240266,17
240279,20
240282,56
240283,20
240296,19
240310,62
240322,17
240323,47
240325,21
240328,4
240336,20
240362,32
240374,33
240376,42
240379,26
240385,13
240390,17
240396,55
240408,6
240411,28
240416,25
240423,54
240435,38
240440,10
240449,5
240455,39
240457,20
240465,42
240470,31
240478,53
240479,38
240482,31
240490,60
240492,10
240502,33
240506,47
240508,32
240516,13
240517,47
240521,19
240536,44
240543,3
240552,17
240553,31
240554,10
240559,41
240560,42
240571,17
240573,30
240589,7
240590,35
240591,17
240594,15
240596,49
240611,52
240614,40
240637,39
240638,27
240640,27
240651,15
240665,10
240670,42
240680,61
240688,43
240689,44
240693,55
240697,4
240699,7
240709,40
240726,16
240727,47
240730,35
240731,20
240737,46
240747,21
240753,14
240756,55
240763,26
240768,53
240771,31
240773,44
240774,59
240775,46
240777,27
240778,14
240779,31
240780,10
240781,17
240785,47
240789,32
240792,27
240793,42
240800,45
240810,37
240812,36
240826,61
240829,5
240835,13
240836,44
240837,17
240843,51
240854,3
240862,14
240864,40
240867,5
240868,44
240872,5
240875,34
240887,47
240891,44
240894,59
240908,58
240913,39
240918,44
240924,49
240936,12
240940,38
240941,44
240954,57
240960,54
240983,14
240988,58
240993,51
241000,26
241004,4
241011,58
241013,16
241016,50
241017,10
241034,10
241042,16
241044,30
241055,3
241058,49
241067,26
241069,9
241071,5
241075,40
241076,28
241080,40
241082,13
241085,2
241088,38
241092,65
241110,21
241128,11
241131,17
241141,19
241142,56
241151,58
241166,31
241171,59
241172,54
241177,15
241182,40
241183,63
241187,26
241189,64
241191,44
241194,18
241200,16
241211,49
241214,11
241215,44
241235,60
241236,16
241257,39
241258,24
241260,60
241262,57
241270,10
241273,64
241281,54
241287,58
241289,16
241296,68
241297,32
241302,21
241303,67
241306,16
241316,9
241317,28
241327,31
241340,17
241345,58
241347,41
241351,16
241352,11
241377,45
241384,67
241386,58
241390,9
241392,51
241398,56
241405,30
241430,37
241432,17
241448,16
241451,8
241458,28
241461,28
241472,61
241480,42
241482,40
241494,29
241498,7
241499,21
241500,32
241510,60
241517,39
241519,52
241520,7
241525,38
241540,65
241543,10
241552,15
241553,59
241560,36
241561,19
241562,18
241567,25
241568,15
241571,43
241576,15
241583,61
241588,8
241592,28
241601,29
241614,46
241616,60
241623,30
241624,38
241661,62
241663,59
241666,50
241676,66
241678,15
241682,33
241685,44
241686,42
241695,43
241702,35
241713,60
241714,63
241715,53
241719,8
241729,38
241743,53
241759,64
241763,35
241764,13
241767,36
241793,42
241802,6
241810,64
241811,29
241812,37
241829,29
241831,63
241832,34
241834,67
241836,27
241846,29
241855,6
241879,30
241925,10
241928,16
241935,45
241940,42
241945,13
241946,63
241954,41
241956,9
241965,43
241975,14
241976,30
241978,42
241989,25
241997,16
241998,65
242007,37
242009,56
242010,48
242017,28
242018,6
242020,21
242021,29
242023,43
242032,51
242037,42
242039,24
242040,29
242045,44
242046,55
242054,58
242055,23
242065,56
242067,36
242070,36
242076,63
242079,42
242083,65
242086,48
242092,63
242105,11
242129,21
242142,27
242149,49
242159,29
242160,56
242163,58
242165,22
242168,48
242174,26
242193,62
242227,29
242229,66
242233,53
242235,47
242236,26
242239,53
242242,56
242249,16
242256,48
242266,31
242274,35
242275,12
242285,38
242286,26
242291,47
242301,67
242302,23
242304,18
242305,42
242323,27
242330,30
242339,13
242347,42
242350,63
242358,65
242361,31
242372,48
242375,8
242384,39
242390,39
242395,17
242397,17
242410,50
242419,15
242445,50
242465,54
242490,41
242495,36
242509,44
242525,8
242533,20
242541,51
242549,54
242555,43
242558,58
242560,29
242561,57
242571,39
242572,21
242579,7
242601,51
242607,51
242613,35
242619,55
242622,14
242625,42
242630,64
242635,36
242649,14
242658,19
242681,12
242682,56
242690,65
242696,13
242697,40
242709,56
242724,63
242730,16
242731,23
242736,6
242741,49
242764,60
242765,52
242771,23
242775,65
242779,50
242783,35
242784,35
242793,20
242794,48
242798,32
242804,64
242805,50
242809,45
242810,9
242813,7
242822,40
242827,53
242829,5
242831,47
242833,21
242837,50
242844,44
242846,4
242854,60
242855,21
242861,41
242864,21
242873,27
242874,26
242877,47
242888,48
242892,58
242894,9
242904,50
242908,40
242910,31
242914,43
242922,15
242930,43
242933,44
242947,53
242950,61
242954,48
242956,21
242961,15
242962,12
242965,8
242967,21
242968,61
242977,47
242984,54
242994,16
243002,33
243018,33
243030,26
243047,45
243051,39
243055,23
243065,11
243072,5
243073,60
243080,54
243087,7
243097,40
243116,37
243119,21
243123,60
243125,39
243126,13
243140,26
243144,38
243167,18
243171,53
243174,46
243184,62
243199,10
243200,43
243204,49
243209,34
243210,25
243218,26
243224,18
243227,7
243230,64
243231,26
243235,7
243245,25
243267,17
243269,21
243270,19
243280,19
243283,13
243291,21
243292,20
243302,5
243316,39
243328,57
243340,59
243341,58
243342,8
243343,20
243352,8
243358,12
243360,21
243365,54
243369,29
243389,14
243393,39
243394,54
243410,8
243411,25
243418,47
243421,40
243422,40
243432,39
243433,28
243437,63
243447,64
243452,11
243464,34
243475,27
243483,31
243500,25
243505,22
243520,14
243526,27
243536,19
243540,46
243552,63
243554,50
243555,16
243564,6
243573,55
243576,33
243582,54
243587,36
243593,40
243594,63
243596,18
243597,21
243606,4
243613,19
243619,12
243620,33
243623,62
243625,29
243629,54
243637,61
243638,42
243650,56
243656,20
243664,40
243673,57
243680,49
243690,41
243693,49
243698,48
243701,55
243702,10
243712,35
243714,8
243715,39
243717,39
243720,13
243722,53
243725,61
243739,21
243741,27
243748,20
243751,56
243756,48
243768,5
243772,18
243776,17
243796,39
243831,6
243832,55
243851,36
243852,43
243856,18
243859,61
243862,13
243866,14
243868,18
243882,23
243883,45
243904,21
243907,47
243913,15
243921,45
243922,62
243927,56
243929,62
243930,19
243935,6
243939,42
243964,4
243965,19
243966,27
243969,46
243971,12
244004,10
244028,40
244032,38
244034,37
244035,60
244036,15
244054,63
244055,47
244060,34
244063,38
244069,49
244078,62
244081,41
244082,20
244083,27
244092,64
244104,21
244110,35
244118,6
244125,32
244146,47
244150,17
244156,47
244165,60
244178,49
244179,41
244183,26
244186,31
244210,52
244212,6
244217,12
244218,30
244224,8
244231,26
244232,4
244239,2
244242,46
244249,18
244264,52
244267,25
244274,4
244276,5
244277,1
244278,44
244296,17
244303,53
244307,50
244312,30
244317,23
244318,44
244320,20
244329,6
244330,17
244334,46
244350,18
244351,20
244355,23
244367,42
244376,3
244377,47
244387,2
244402,49
244405,49
244412,48
244422,31
244435,40
244436,40
244442,26
244444,8
244448,49
244456,33
244457,44
244459,47
244462,25
244474,59
244487,44
244490,38
244492,43
244500,61
244507,53
244522,63
244523,29
244524,12
244530,16
244539,54
244555,43
244573,39
244575,44
244581,29
244600,18
244602,39
244603,27
244609,12
244615,16
244617,31
244627,8
244632,18
244637,25
244651,38
244653,8
244660,7
244666,30
244676,67
244683,58
244697,30
244699,68
244701,68
244712,15
244713,58
244723,16
244724,17
244728,50
244741,32
244748,59
244749,40
244752,10
244761,43
244796,45
244805,43
244817,60
244819,37
244825,60
244841,7
244845,39
244846,34
244860,58
244868,23
244888,24
244889,49
244891,43
244894,28
244908,38
244912,57
244918,29
244920,66
244921,14
244939,50
244941,17
244942,33
244945,10
244949,32
244951,30
244957,31
244961,37
244965,65
244982,37
245000,58
245003,39
245004,29
245008,17
245014,24
245027,68
245030,21
245034,22
245038,53
245045,20
245051,20
245056,53
245061,35
245072,36
245073,56
245074,44
245079,11
245098,16
245105,18
245110,57
245120,24
245122,27
245135,41
245136,38
245140,18
245151,32
245152,28
245170,21
245177,67
245185,47
245187,56
245190,35
245206,45
245210,44
245211,65
245229,53
245232,54
245243,23
245252,38
245258,44
245263,18
245265,38
245283,63
245290,57
245295,62
245301,34
245304,9
245311,40
245322,29
245333,45
245342,51
245343,20
245382,18
245392,7
245406,30
245408,29
245409,39
245415,43
245419,64
245422,53
245423,57
245428,23
245433,57
245439,29
245445,7
245448,30
245454,65
245456,34
245457,28
245471,47
245476,15
245485,43
245492,24
245493,29
245497,17
245498,42
245509,65
245515,33
245520,8
245521,34
245525,46
245532,21
245539,57
245540,53
245547,34
245548,45
245549,58
245552,17
245560,43
245578,31
245581,30
245585,11
245588,67
245590,8
245592,8
245593,55
245595,60
245597,30
245602,49
245612,21
245622,28
245628,66
245637,37
245645,33
245646,10
245652,47
245657,52
245668,11
245672,45
245673,51
245674,48
245684,59
245690,44
245700,17
245701,51
245703,49
245723,23
245735,10
245737,13
245743,28
245759,38
245760,56
245788,65
245789,59
245809,35
245811,60
245820,6
245821,20
245829,66
245831,15
245838,38
245841,43
245857,46
245861,30
245862,65
245863,20
245874,49
245878,67
245879,21
245880,27
245886,6
245889,43
245897,48
245898,59
245902,40
245904,63
245911,63
245915,32
245919,9
245922,28
245925,44
245926,56
245927,38
245928,34
245943,22
245945,63
245946,32
245947,11
245956,21
245959,40
245977,12
245991,8
246007,23
246012,43
246014,19
246020,29
246026,13
246028,54
246036,11
246040,30
246045,45
246053,5
246060,54
246062,35
246064,41
246066,15
246071,14
246072,13
246073,17
246079,7
246083,6
246085,28
246091,19
246094,8
246115,64
246123,44
246124,48
246129,8
246132,19
246138,22
246140,48
246162,58
246165,63
246172,8
246175,12
246197,56
246198,49
246203,31
246205,50
246209,44
246210,63
246212,44
246218,13
246220,32
246224,33
246238,42
246241,45
246243,5
246244,42
246256,61
246258,17
246259,14
246268,5
246285,55
246298,11
246300,22
246301,54
246304,19
246307,35
246332,56
246333,56
246338,8
246354,23
246371,11
246378,41
246400,10
246402,4
246403,51
246406,16
246423,56
246437,19
246447,33
246456,21
246457,10
246459,23
246460,34
246471,7
246473,33
246490,37
246492,16
246498,44
246507,14
246513,35
246514,58
246515,50
246524,58
246529,37
246530,25
246537,63
246538,25
246547,25
246548,27
246577,61
246580,48
246590,27
246591,42
246603,54
246604,49
246609,51
246615,21
246627,24
246629,11
246631,42
246633,32
246634,22
246636,20
246638,20
246641,31
246642,19
246645,35
246650,9
246654,39
246657,13
246658,34
246659,55
246666,51
246671,12
246689,9
246695,59
246702,49
246711,28
246716,64
246717,38
246720,5
246723,4
246732,48
246736,57
246737,62
246738,19
246741,57
246748,60
246755,17
246758,47
246759,49
246763,39
246765,3
246769,22
246773,42
246776,44
246777,43
246787,57
246790,62
246802,6
246815,57
246831,64
246833,61
246841,14
246846,12
246847,6
246858,19
246859,50
246870,46
246878,63
246883,40
246892,53
246897,41
246909,27
246925,33
246936,22
246945,6
246946,34
246956,46
246959,17
246965,29
246966,28
246971,24
246987,45
246994,11
246996,39
247003,58
247014,61
247021,42
247022,61
247025,59
247028,32
247038,19
247041,23
247047,46
247048,52
247062,40
247064,36
247069,54
247071,9
247075,15
247076,64
247087,50
247090,38
247092,37
247094,50
247097,32
247103,28
247114,48
247121,27
247123,2
247124,21
247138,37
247143,53
247150,7
247153,25
247169,53
247175,13
247176,50
247183,39
247187,41
247189,25
247190,2
247199,61
247200,6
247201,11
247202,39
247204,63
247210,25
247216,31
247218,6
247224,20
247228,48
247240,18
247256,62
247259,50
247261,53
247273,24
247276,3
247286,32
247293,17
247303,32
247320,59
247324,63
247326,61
247327,6
247338,48
247339,57
247342,26
247343,57
247350,52
247358,41
247359,7
247364,62
247368,21
247370,46
247371,14
247376,25
247379,12
247381,55
247382,60
247417,44
247423,55
247425,11
247426,39
247444,62
247445,42
247449,17
247452,49
247454,10
247459,41
247463,61
247465,62
247468,58
247470,54
247480,25
247488,53
247491,45
247494,35
247504,19
247509,15
247517,21
247518,52
247521,33
247522,63
247531,60
247536,64
247544,39
247545,41
247546,28
247549,50
247554,45
247559,17
247561,50
247570,24
247582,15
247588,32
247591,27
247594,58
247596,12
247598,34
247610,24
247612,47
247614,2
247616,34
247618,20
247624,15
247635,50
247636,19
247638,48
247656,60
247667,59
247668,58
247672,47
247684,26
247700,11
247701,37
247702,23
247706,53
247709,40
247714,37
247721,24
247723,53
247724,51
247735,46
247736,19
247740,42
247749,26
247754,40
247757,48
247763,35
247767,46
247777,61
247788,31
247789,31
247791,48
247799,3
247815,45
247822,11
247827,54
247847,10
247858,25
247860,59
247871,59
247872,41
247873,13
247875,61
247893,12
247894,18
247897,12
247898,23
247904,21
247907,65
247921,45
247922,65
247930,15
247937,47
247939,63
247958,66
247962,66
247967,61
247972,68
247975,10
247988,58
247991,39
247999,51
248003,63
248004,31
248006,15
248016,23
248018,69
248022,52
248023,7
248030,19
248034,67
248039,19
248042,60
248050,8
248054,43
248055,33
248073,39
248075,69
248098,24
248114,38
248123,19
248140,28
248148,37
248149,30
248151,58
248156,42
248167,25
248178,11
248179,44
248187,67
248189,25
248208,62
248214,65
248222,56
248235,65
248248,63
248249,35
248250,16
248259,37
248282,56
248291,63
248301,53
248311,38
248312,15
248314,10
248320,19
248331,16
248339,42
248341,56
248345,18
248349,68
248357,63
248369,10
248373,54
248374,67
248377,51
248398,7
248399,45
248404,29
248405,17
248407,15
248417,31
248418,45
248421,11
248422,10
248423,59
248425,55
248428,57
248430,11
248432,21
248438,57
248439,46
248440,39
248443,53
248449,11
248462,50
248464,18
248466,24
248478,17
248479,11
248481,23
248485,36
248495,8
248498,65
248499,57
248506,11
248508,43
248515,51
248524,29
248530,59
248556,49
248558,16
248566,59
248567,60
248575,15
248592,36
248593,62
248597,67
248599,50
248602,55
248607,14
248609,17
248627,51
248634,32
248639,7
248641,38
248646,65
248647,52
248648,17
248652,28
248661,59
248667,57
248668,53
248678,39
248697,43
248701,53
248704,35
248709,40
248722,58
248728,49
248729,62
248730,30
248738,41
248740,54
248741,19
248764,37
248766,66
248769,41
248776,5
248787,23
248788,10
248802,30
248812,30
248814,38
248815,42
248816,11
248821,63
248861,45
248866,27
248872,51
248878,22
248885,50
248888,54
248891,7
248893,17
248901,43
248905,7
248906,7
248908,13
248911,13
248912,19
248917,42
248918,63
248919,44
248947,7
248961,22
248976,27
248989,48
248996,18
249001,15
249006,14
249014,27
249015,10
249017,14
249030,5
249034,55
249039,16
249041,9
249042,15
249048,44
249051,37
249054,21
249056,63
249057,9
249062,35
249066,34
249067,11
249095,45
249097,59
249103,57
249108,52
249113,28
249116,43
249119,29
249131,9
249132,19
249144,60
249146,9
249148,22
249158,47
249159,32
249161,59
249167,50
249178,24
249184,26
249191,52
249195,46
249196,16
249202,35
249204,19
249211,36
249216,58
249224,33
249232,21
249236,48
249241,32
249246,51
249259,6
249262,38
249273,59
249287,19
249311,8
249312,35
249314,40
249329,41
249333,41
249339,28
249349,40
249354,60
249357,22
249371,43
249375,30
249384,7
249392,21
249394,25
249399,58
249401,54
249414,64
249422,46
249434,15
249440,35
249443,56
249446,14
249457,29
249472,47
249479,56
249496,8
249502,65
249503,49
249504,50
249507,9
249510,62
249513,49
249518,15
249519,20
249525,12
249526,40
249527,22
249532,28
249533,43
249540,64
249541,41
249546,44
249547,54
249551,57
249557,27
249559,19
249560,55
249563,28
249569,52
249575,6
249594,65
249611,40
249616,9
249633,21
249649,23
249657,63
249660,7
249669,64
249674,18
249678,42
249679,14
249689,23
249700,5
249709,54
249710,7
249711,62
249720,56
249722,8
249731,60
249735,66
249769,64
249773,41
249774,27
249777,20
249782,7
249785,12
249786,35
249795,65
249804,49
249805,66
249817,41
249819,51
249824,35
249833,31
249835,21
249846,15
249847,21
249850,58
249851,29
249852,14
249854,58
249857,36
249864,23
249867,18
249870,43
249872,44
249877,28
249883,26
249884,33
249888,3
249899,32
249902,27
249911,18
249914,35
249916,39
249920,58
249933,63
249934,35
249949,26
249954,21
249968,5
249977,60
249987,41
249992,18
249994,63
249997,27
249999,35
250004,12
250010,21
250011,20
250014,8
250017,28
250019,63
250022,57
250026,12
250027,14
250029,7
250033,44
250043,54
250046,62
250054,57
250057,12
250077,12
250082,54
250086,61
250092,14
250104,19
250105,52
250107,59
250112,11
250120,61
250132,48
250136,13
250146,8
250157,36
250179,11
250181,33
250190,35
250193,28
250200,44
250211,56
250215,35
250218,58
250222,43
250224,54
250225,24
250226,49
250229,60
250231,43
250232,6
250233,12
250247,16
250252,61
250259,65
250267,59
250270,40
250278,49
250296,63
250306,4
250312,14
250318,39
250341,13
250343,53
250354,49
250361,56
250362,18
250380,57
250383,27
250393,12
250394,60
250399,4
250417,8
250419,34
250434,28
250437,11
250444,53
250448,65
250452,27
250456,55
250465,28
250467,12
250469,62
250470,10
250482,39
250486,54
250516,20
250524,14
250525,63
250527,43
250553,8
250556,52
250568,9
250570,31
250575,41
250581,19
250607,49
250616,36
250623,28
250629,13
250632,34
250642,6
250644,54
250648,4
250650,28
250656,53
250668,47
250676,3
250680,23
250681,60
250702,31
250715,61
250720,26
250729,63
250733,31
250765,51
250777,23
250779,10
250783,36
250796,11
250797,52
250800,24
250805,45
250817,24
250837,40
250838,49
250847,51
250848,5
250859,14
250861,30
250864,58
250866,3
250876,18
250886,12
250888,13
250895,43
250902,19
250910,63
250911,27
250918,56
250921,24
250922,12
250929,12
250935,12
250940,32
250944,16
250955,22
250979,3
251013,11
251015,60
251023,19
251035,43
251045,24
251046,22
251051,49
251059,48
251065,37
251067,30
251070,2
251079,54
251082,49
251086,50
251089,19
251095,40
251108,45
251123,41
251128,17
251147,30
251153,17
251154,33
251168,31
251171,39
251173,1
251176,45
251184,48
251188,2
251190,20
251200,32
251205,53
251207,17
251211,19
251227,33
251230,31
251242,19
251243,17
251252,63
251253,17
251267,11
251271,12
251274,60
251275,2
251284,40
251287,34
251299,54
251304,7
251307,16
251308,29
251311,48
251312,68
251326,21
251335,9
251336,31
251339,23
251353,69
251355,8
251359,49
251360,29
251367,24
251374,12
251382,28
251384,35
251388,16
251393,43
251395,54
251398,23
251400,19
251406,29
251434,24
251436,22
251445,14
251450,7
251461,28
251465,39
251472,18
251476,68
251478,43
251487,18
251490,27
251497,40
251502,22
251504,20
251507,50
251546,37
251551,49
251558,26
251561,16
251563,18
251564,57
251574,38
251575,32
251587,24
251593,49
251594,22
251605,55
251608,18
251610,25
251612,8
251617,51
251618,17
251619,53
251623,32
251633,20
251635,33
251641,18
251645,28
251646,21
251657,29
251677,38
251688,47
251691,34
251695,65
251702,22
251705,16
251708,45
251710,15
251714,49
251741,64
251742,33
251746,32
251757,28
251758,15
251762,52
251771,17
251783,65
251797,21
251798,66
251803,39
251807,9
251808,18
251815,62
251819,18
251823,45
251825,25
251831,25
251833,32
251834,9
251835,57
251839,23
251840,28
251847,55
251850,30
251853,40
251854,41
251856,15
251861,46
251880,42
251884,57
251886,35
251887,11
251889,7
251893,48
251894,54
251918,23
251920,36
251923,59
251927,66
251933,46
251936,13
251950,43
251961,52
251962,18
251966,42
251967,64
251971,14
251977,59
251978,64
251983,39
251985,14
251991,44
251996,15
252008,7
252009,64
252017,44
252019,67
252020,16
252021,16
252022,30
252033,9
252037,12
252046,7
252052,47
252053,24
252064,26
252072,56
252076,16
252078,66
252097,13
252100,58
252132,22
252135,30
252144,17
252149,62
252150,15
252164,20
252166,10
252172,66
252179,25
252180,64
252196,6
252218,57
252219,61
252225,28
252241,11
252244,48
252260,51
252262,22
252265,15
252272,65
252277,18
252283,63
252292,64
252298,61
252303,34
252325,22
252343,45
252353,14
252367,24
252373,34
252376,20
252389,63
252398,45
252403,26
252407,14
252408,48
252409,65
252411,20
252423,30
252428,21
252429,42
252447,54
252450,10
252455,44
252456,56
252466,14
252470,9
252475,41
252481,9
252493,30
252509,24
252510,17
252520,43
252529,55
252532,44
252536,13
252537,9
252542,26
252544,6
252551,20
252556,37
252569,17
252589,44
252592,7
252609,8
252613,43
252619,29
252626,60
252632,43
252637,51
252638,50
252641,9
252644,26
252650,52
252668,57
252679,54
252683,22
252686,14
252688,38
252694,53
252695,17
252701,50
252713,55
252722,43
252731,8
252738,26
252750,52
252758,34
252769,27
252772,49
252778,37
252798,34
252802,19
252803,19
252811,29
252829,50
252830,36
252833,34
252847,16
252858,22
252874,33
252887,26
252891,36
252894,16
252901,27
252902,37
252906,5
252907,58
252911,30
252915,34
252917,23
252919,22
252930,62
252943,62
252965,35
252967,42
252976,21
252980,20
252997,6
253006,61
253010,40
253014,31
253026,50
253027,44
253058,56
253075,28
253084,21
253089,45
253097,9
253100,41
253108,34
253118,9
253119,20
253121,45
253123,27
253131,56
253139,22
253146,22
253150,58
253154,47
253156,50
253159,57
253161,58
253177,48
253192,41
253195,58
253196,19
253203,43
253207,42
253235,48
253243,19
253249,13
253250,4
253252,65
253256,64
253262,43
253263,19
253266,53
253272,16
253273,13
253274,54
253287,65
253298,5
253301,20
253306,32
253315,11
253316,6
253338,11
253339,12
253342,13
253353,64
253363,27
253373,34
253374,18
253378,22
253385,7
253393,64
253395,33
253398,48
253401,61
253414,27
253415,52
253430,4
253431,36
253434,5
253436,22
253437,34
253445,51
253449,50
253468,45
253471,7
253476,7
253478,52
253483,35
253485,36
253496,6
253497,34
253498,58
253503,47
253534,22
253538,18
253544,27
253545,48
253549,5
253561,11
253567,23
253571,45
253572,7
253573,48
253582,22
253587,39
253595,64
253605,55
253607,19
253608,65
253624,54
253629,49
253631,6
253635,14
253638,8
253658,10
253659,6
253663,34
253671,25
253673,41
253680,11
253682,42
253683,44
253697,10
253699,42
253706,29
253717,55
253728,7
253738,65
253739,34
253740,25
253753,22
253759,39
253764,35
253767,29
253768,61
253769,21
253773,46
253786,27
253790,25
253793,62
253795,11
253828,50
253838,55
253842,63
253858,33
253862,53
253863,39
253864,4
253869,36
253873,35
253880,2
253882,58
253883,64
253898,3
253902,31
253908,35
253910,5
253916,57
253919,4
253929,29
253942,3
253949,34
253962,45
253969,14
253970,26
253972,7
253977,20
253978,46
253979,58
253996,33
254006,5
254010,35
254016,51
254020,33
254031,37
254035,59
254038,43
254046,48
254048,49
254050,57
254051,46
254057,34
254061,45
254062,30
254072,33
254077,3
254087,61
254089,30
254098,19
254112,40
254117,8
254118,40
254138,17
254142,18
254145,27
254154,47
254155,48
254158,32
254159,47
254173,5
254182,27
254240,4
254242,55
254246,62
254257,34
254263,15
254264,39
254277,6
254279,30
254280,63
254288,39
254291,11
254307,59
254311,58
254320,53
254328,21
254331,30
254332,43
254335,25
254343,33
254350,31
254353,49
254368,53
254373,11
254378,27
254384,28
254387,30
254394,31
254398,56
254399,22
254403,31
254411,46
254419,20
254421,17
254429,20
254449,13
254452,22
254457,25
254461,40
254481,5
254497,18
254498,2
254499,58
254503,40
254510,2
254514,49
254516,52
254517,27
254537,3
254538,59
254546,42
254549,28
254559,47
254565,51
254580,41
254588,33
254596,25
254598,58
254600,41
254605,1
254621,35
254631,23
254633,45
254636,61
254639,55
254648,41
254649,63
254650,42
254654,61
254655,8
254660,38
254668,11
254688,39
254708,66
254709,31
254725,38
254730,58
254733,64
254735,51
254742,22
254743,9
254774,40
254790,20
254791,16
254798,48
254801,39
254821,20
254832,26
254833,49
254852,32
254864,25
254869,40
254870,38
254877,65
254896,32
254897,35
254911,14
254913,20
254918,11
254919,42
254937,60
254949,48
254970,17
254971,38
254972,11
254973,53
254994,10
254995,41
254997,58
255014,63
255017,20
255025,31
255040,42
255051,51
255056,37
255059,6
255061,43
255078,29
255087,63
255088,66
255089,15
255093,30
255100,60
255103,36
255105,35
255120,11
255126,66
255133,23
255139,20
255142,16
255166,14
255168,41
255171,33
255173,68
255197,54
255200,44
255204,22
255206,9
255211,47
255212,35
255217,12
255220,20
255228,23
255230,65
255235,35
255237,32
255238,8
255258,56
255260,64
255261,7
255276,43
255279,36
255283,42
255291,36
255294,8
255301,46
255303,64
255316,60
255324,66
255330,50
255349,44
255352,35
255355,57
255358,32
255359,32
255362,54
255363,58
255377,36
255383,32
255384,37
255385,38
255397,15
255400,32
255407,63
255438,62
255441,20
255443,54
255448,6
255450,65
255454,10
255462,17
255466,42
255469,40
255470,16
255475,14
255477,47
255480,6
255511,64
255514,58
255522,67
255524,21
255533,13
255544,34
255546,6
255583,42
255591,42
255600,42
255605,65
255615,24
255618,20
255624,22
255626,64
255628,20
255653,58
255654,22
255667,46
255678,62
255686,58
255705,16
255712,13
255713,51
255717,30
255726,57
255732,58
255733,20
255734,29
255754,6
255757,66
255765,37
255784,9
255786,35
255794,9
255796,63
255797,52
255845,39
255849,6
255851,23
255854,65
255855,53
255857,22
255859,66
255865,10
255871,35
255875,53
255876,21
255879,10
255883,18
255885,22
255887,36
255894,20
255902,30
255912,47
255913,15
255924,28
255927,24
255935,21
255936,10
255937,19
255941,35
255959,63
255963,54
255975,48
255976,48
255978,14
255982,58
255994,51
255997,23
256000,36
256004,42
256005,37
256006,65
256008,39
256022,62
256034,26
256035,26
256041,19
256043,36
256044,27
256047,30
256050,62
256053,15
256061,26
256066,9
256082,12
256085,43
256087,66
256092,59
256101,43
256104,16
256107,28
256109,23
256121,21
256124,37
256127,47
256132,35
256136,24
256137,57
256155,50
256158,34
256161,9
256175,13
256180,49
256181,7
256184,59
256198,22
256200,50
256203,56
256206,5
256208,13
256215,37
256216,13
256217,15
256223,62
256226,36
256229,32
256246,29
256252,41
256257,11
256270,56
256276,28
256277,32
256280,44
256285,59
256288,20
256295,9
256306,44
256312,20
256318,56
256324,48
256328,13
256330,50
256331,36
256339,28
256343,47
256352,56
256354,34
256358,44
256363,42
256368,34
256381,6
256382,20
256387,36
256392,19
256393,4
256409,44
256426,8
256427,21
256428,12
256445,23
256451,21
256456,30
256459,51
256462,34
256472,26
256478,7
256519,4
256534,37
256537,40
256538,8
256549,21
256564,26
256577,41
256578,55
256581,18
256592,51
256598,63
256605,49
256606,36
256610,49
256627,19
256632,26
256637,15
256638,33
256642,31
256644,30
256648,45
256649,58
256656,22
256658,64
256666,4
256669,8
256671,52
256680,60
256682,51
256683,44
256691,35
256695,35
256698,30
256703,39
256709,14
256710,23
256716,42
256718,58
256722,62
256731,56
256734,60
256739,11
256742,43
256745,59
256748,10
256758,33
256766,46
256769,11
256771,13
256775,12
256779,60
256791,54
256792,22
256803,48
256818,30
256820,18
256821,4
256825,28
256827,53
256832,41
256843,15
256845,30
256854,27
256860,39
256867,63
256872,45
256888,22
256890,21
256893,9
256894,30
256903,5
256905,20
256913,20
256915,56
256919,29
256920,28
256925,47
256927,11
256937,49
256952,5
256953,39
256962,63
256965,19
256967,56
256969,14
256973,3
256976,19
256981,4
256992,53
256993,28
256995,48
256997,7
257015,25
257022,5
257026,36
257027,44
257028,34
257031,12
257032,54
257036,6
257038,9
257039,12
257051,11
257057,36
257063,55
257074,63
257081,13
257082,41
257098,5
257102,23
257106,20
257115,37
257116,8
257129,18
257142,64
257146,6
257147,61
257153,49
257154,53
257155,25
257159,7
257192,3
257198,14
257201,46
257207,63
257208,49
257213,55
257214,2
257218,32
257220,64
257221,14
257227,7
257233,14
257243,47
257246,3
257252,4
257267,29
257268,56
257290,10
257292,14
257299,59
257301,44
257302,25
257310,4
257318,31
257319,31
257324,48
257325,31
257326,60
257328,22
257344,19
257345,8
257353,10
257360,44
257362,22
257393,13
257398,31
257399,10
257403,41
257408,18
257409,51
257417,55
257424,53
257430,17
257440,4
257441,20
257442,48
257443,26
257445,39
257446,34
257458,12
257465,48
257482,10
257483,57
257487,63
257489,20
257492,6
257493,61
257501,20
257506,28
257508,39
257523,46
257525,53
257531,39
257532,13
257538,32
257539,21
257541,18
257543,58
257546,27
257555,63
257566,26
257567,34
257568,29
257579,3
257596,18
257615,54
257626,55
257656,40
257657,30
257661,22
257665,41
257673,38
257678,20
257692,21
257693,8
257694,4
257710,2
257711,40
257713,3
257714,19
257725,48
257727,59
257744,3
257776,32
257779,58
257781,27
257787,47
257824,4
257826,49
257831,44
257832,61
257837,17
257838,18
257840,44
257843,5
257845,23
257853,51
257864,58
257869,37
257875,38
257877,55
257882,38
257927,47
257931,26
257938,25
257946,47
257948,59
257949,10
257957,6
257961,2
257963,19
257988,64
257990,25
257992,58
257993,42
258006,54
258020,28
258022,38
258024,53
258026,53
258028,43
258036,25
258038,57
258043,16
258065,47
258071,54
258075,66
258076,25
258077,14
258080,15
258092,26
258114,22
258120,25
258135,62
258137,66
258143,50
258144,17
258148,19
258151,34
258159,29
258160,24
258170,42
258184,30
258189,53
258208,47
258213,36
258224,66
258229,57
258233,10
258258,18
258267,65
258272,18
258275,61
258286,54
258288,7
258292,63
258297,30
258299,32
258300,18
258312,36
258319,63
258324,60
258326,15
258331,19
258343,29
258345,33
258348,15
258353,51
258372,26
258381,36
258438,16
258445,11
258450,50
258451,64
258452,16
258458,17
258460,29
258465,66
258468,10
258480,11
258483,45
258508,23
258515,29
258519,17
258522,21
258527,8
258536,67
258540,11
258553,38
258557,35
258566,15
258571,10
258572,53
258576,49
258580,10
258584,16
258597,15
258605,66
258621,27
258625,31
258627,43
258644,68
258647,62
258648,63
258650,17
258653,59
258654,52
258661,57
258684,35
258687,67
258694,24
258711,7
258713,45
258717,46
258722,23
258726,15
258739,24
258740,21
258744,8
258746,51
258756,42
258781,30
258790,64
258792,35
258797,33
258800,49
258806,61
258808,38
258811,29
258814,35
258817,24
258824,65
258829,21
258840,61
258847,30
258851,7
258854,15
258860,50
258861,60
258867,43
258868,57
258878,56
258879,52
258882,66
258891,19
258913,61
258917,51
258921,19
258922,21
258924,50
258936,31
258939,56
258947,67
258960,46
258961,36
258965,19
258966,6
258985,49
258991,32
258997,67
258998,29
259009,7
259015,29
259016,19
259019,21
259030,39
259031,18
259053,54
259057,20
259072,48
259076,16
259077,56
259078,65
259086,42
259099,37
259109,6
259117,65
259122,9
259140,14
259145,19
259147,61
259160,44
259161,16
259165,18
259171,30
259177,38
259181,37
259183,21
259184,67
259198,22
259204,37
259208,52
259209,38
259210,47
259215,23
259218,12
259221,63
259226,50
259236,55
259240,15
259244,7
259250,7
259251,10
259253,58
259259,45
259266,35
259268,67
259275,36
259276,67
259278,58
259280,35
259293,35
259298,49
259320,38
259321,27
259322,6
259325,50
259329,38
259330,13
259332,24
259339,32
259343,23
259345,17
259348,49
259349,6
259353,43
259355,55
259367,13
259372,49
259374,50
259376,52
259392,46
259395,35
259402,13
259407,63
259412,55
259422,58
259423,55
259429,51
259438,26
259442,23
259443,34
259445,20
259459,58
259471,63
259474,64
259476,65
259481,63
259484,31
259491,59
259498,25
259508,49
259511,20
259514,37
259521,9
259523,48
259542,42
259545,22
259554,21
259555,14
259559,36
259560,34
259572,63
259582,9
259586,16
259604,6
259616,62
259617,29
259625,12
259626,29
259628,54
259629,38
259641,6
259652,46
259661,11
259666,18
259672,51
259678,45
259679,19
259682,48
259685,21
259688,54
259712,38
259715,52
259717,62
259719,7
259720,6
259723,23
259726,21
259731,16
259734,61
259757,40
259761,49
259773,35
259794,33
259797,26
259804,5
259807,27
259828,50
259830,62
259835,42
259838,10
259845,7
259860,63
259867,49
259883,48
259886,9
259888,46
259889,47
259894,58
259895,42
259902,51
259904,56
259906,19
259907,49
259912,44
259913,6
259919,21
259921,33
259925,58
259938,62
259942,13
259950,24
259975,37
259977,39
259980,62
259997,40
259999,37
260005,59
260029,61
260041,28
260044,40
260050,31
260052,58
260055,35
260064,65
260070,8
260074,12
260078,37
260079,7
260091,7
260094,55
260098,36
260099,51
260107,19
260115,57
260122,51
260123,43
260146,40
260157,53
260165,58
260170,47
260178,7
260182,36
260188,15
260190,41
260192,27
260193,31
260202,50
260208,10
260214,25
260224,65
260229,20
260244,23
260257,18
260262,49
260265,63
260267,32
260275,16
260276,36
260277,29
260284,5
260299,15
260306,15
260315,24
260316,31
260322,54
260325,50
260333,41
260347,40
260349,16
260362,20
260365,60
260381,35
260409,36
260410,22
260414,20
260420,42
260421,54
260426,59
260427,18
260431,38
260441,8
260449,20
260452,39
260453,36
260458,64
260467,42
260474,62
260480,33
260482,62
260486,22
260506,51
260511,26
260518,42
260521,53
260523,59
260538,5
260543,41
260545,40
260547,10
260554,36
260556,60
260558,56
260567,41
260574,31
260577,35
260584,25
260591,16
260593,10
260604,55
260623,48
260630,4
260634,48
260635,29
260644,62
260646,24
260649,8
260657,44
260661,14
260670,41
260673,9
260674,29
260692,47
260693,35
260699,54
260711,22
260715,53
260717,39
260722,42
260724,46
260742,15
260743,34
260745,22
260755,11
260759,65
260776,45
260783,48
260790,54
260798,38
260806,59
260808,53
260809,21
260811,31
260815,28
260820,25
260838,26
260852,47
260873,26
260881,23
260885,59
260906,59
260907,14
260920,34
260923,36
260930,63
260936,18
260940,54
260943,41
260945,40
260971,4
260972,37
260979,17
260980,64
260985,19
261003,32
261024,55
261030,63
261031,59
261032,37
261037,32
261038,25
261041,2
261047,46
261050,40
261051,22
261056,53
261071,39
261078,28
261080,26
261091,61
261108,33
261110,18
261111,23
261115,7
261118,36
261120,61
261123,27
261127,51
261128,23
261137,52
261146,21
261150,40
261162,60
261168,12
261174,5
261196,21
261198,10
261199,28
261204,52
261205,28
261208,62
261222,60
261226,3
261227,24
261229,40
261232,9
261233,15
261242,42
261249,34
261254,30
261266,11
261267,16
261272,34
261282,6
261289,45
261291,46
261296,5
261303,34
261307,22
261324,31
261328,32
261337,62
261346,61
261359,41
261361,51
261364,12
261369,26
261380,13
261381,3
261382,38
261388,47
261400,16
261401,58
261411,55
261414,39
261416,52
261422,54
261442,11
261450,10
261456,36
261465,51
261467,45
261468,26
261472,63
261473,62
261479,61
261481,31
261483,62
261503,3
261510,51
261513,25
261519,52
261536,12
261544,9
261547,9
261548,29
261555,34
261565,61
261573,13
261574,24
261576,47
261579,46
261600,23
261605,58
261606,61
261641,48
261644,32
261652,33
261660,20
261667,65
261671,19
261677,38
261679,32
261690,52
261707,43
261712,25
261722,28
261725,64
261730,18
261741,37
261745,25
261748,46
261754,42
261755,38
261774,22
261788,21
261793,53
261796,40
261801,30
261806,11
261811,12
261814,13
261818,44
261827,30
261832,11
261840,25
261844,11
261847,37
261850,38
261865,36
261869,44
261870,38
261871,11
261875,44
261876,61
261880,31
261886,59
261890,16
261897,19
261909,57
261913,44
261928,15
261931,51
261937,44
261940,19
261941,29
261942,52
261952,66
261953,61
261956,50
261960,65
261968,44
261972,58
261977,45
261993,18
261999,50
262013,61
262014,45
262015,33
262016,58
262022,14
262031,12
262033,16
262034,21
262038,37
262043,54
262047,12
262048,58
262051,36
262054,42
262060,34
262078,45
262085,58
262101,33
262102,8
262103,17
262124,66
262138,17
262139,16
262145,59
262149,25
262156,55
262164,61
262171,27
262172,58
262185,43
262190,24
262192,11
262197,66
262209,6
262215,57
262217,52
262223,66
262224,7
262231,16
262237,52
262238,34
262245,17
262252,50
262254,32
262256,29
262257,50
262265,50
262272,64
262275,9
262277,43
262280,32
262283,62
262284,8
262298,7
262299,51
262300,56
262308,18
262313,8
262320,60
262321,51
262322,45
262324,16
262327,18
262328,29
262331,55
262333,64
262336,15
262342,7
262347,49
262369,65
262370,17
262371,44
262374,8
262376,44
262382,56
262387,36
262421,54
262426,53
262431,12
262438,51
262440,10
262441,9
262448,29
262456,10
262461,31
262462,55
262479,56
262480,61
262493,30
262505,48
262521,48
262528,49
262542,37
262558,22
262559,24
262563,41
262569,31
262574,37
262575,36
262583,43
262592,28
262602,17
262625,28
262628,50
262641,14
262645,15
262647,7
262649,8
262652,64
262654,31
262667,51
262671,33
262673,35
262684,15
262686,40
262694,19
262696,7
262699,9
262701,64
262711,32
262714,22
262723,14
262729,12
262740,15
262744,6
262746,9
262749,28
262754,13
262766,16
262767,38
262772,42
262785,15
262790,47
262799,58
262802,20
262818,58
262821,26
262827,66
262830,43
262836,55
262841,51
262856,45
262857,7
262869,10
262871,41
262874,34
262875,13
262880,58
262882,51
262885,18
262886,50
262889,49
262892,7
262893,28
262894,48
262905,56
262913,33
262918,31
262926,41
262960,38
262964,57
262969,6
262976,41
262983,15
262991,44
262998,33
263005,38
263007,51
263018,43
263022,59
263041,12
263043,45
263049,59
263052,34
263056,27
263069,38
263072,36
263077,62
263088,21
263121,29
263122,6
263124,51
263125,63
263127,62
263145,20
263149,48
263161,52
263162,24
263164,17
263171,28
263173,52
263178,60
263180,25
263181,44
263187,13
263190,13
263200,15
263201,41
263207,23
263211,59
263215,52
263216,8
263230,38
263254,8
263255,43
263256,20
263259,49
263262,50
263272,14
263275,62
263278,53
263285,33
263286,15
263289,64
263295,8
263296,56
263307,35
263312,52
263313,7
263318,23
263320,27
263325,32
263328,61
263329,45
263350,56
263354,51
263361,33
263362,41
263365,51
263384,50
263386,49
263387,47
263399,16
263401,56
263403,6
263406,20
263408,26
263413,10
263414,20
263415,5
263422,61
263429,41
263439,13
263442,52
263451,42
263459,5
263465,53
263469,51
263470,63
263473,49
263477,63
263481,57
263484,16
263485,57
263488,14
263492,30
263495,19
263502,9
263503,48
263508,56
263516,8
263528,40
263530,54
263536,45
263544,65
263545,54
263558,28
263560,42
263561,23
263572,47
263573,65
263577,35
263588,50
263597,47
263601,35
263605,54
263608,28
263610,17
263618,35
263621,17
263624,58
263637,63
263638,9
263640,19
263641,47
263645,61
263656,59
263668,62
263677,65
263678,13
263679,59
263684,12
263694,51
263698,63
263704,48
263708,33
263714,55
263716,26
263734,43
263735,58
263739,58
263742,57
263751,15
263754,56
263757,19
263760,38
263770,7
263782,48
263783,16
263791,33
263799,53
263815,5
263829,39
263851,14
263855,34
263860,26
263862,49
263872,35
263874,20
263876,15
263882,8
263885,5
263887,14
263889,35
263892,33
263897,35
263904,62
263918,40
263923,61
263936,56
263946,26
263952,50
263957,6
263962,37
263968,38
263973,49
263974,11
263976,30
263980,39
263983,22
263987,56
263989,56
263993,33
263994,50
263996,29
263997,21
264004,50
264011,63
264014,47
264023,14
264033,47
264047,18
264070,61
264074,4
264082,34
264101,20
264104,51
264109,49
264118,50
264130,12
264131,43
264140,29
264144,17
264147,20
264159,63
264162,26
264168,61
264173,55
264188,4
264196,28
264201,14
264206,34
264209,15
264211,34
264214,25
264221,62
264237,12
264244,34
264245,3
264249,5
264254,43
264259,28
264263,42
264273,27
264283,22
264296,21
264320,18
264328,53
264330,55
264344,24
264370,53
264378,59
264379,42
264387,27
264389,33
264391,5
264398,39
264403,26
264405,27
264413,18
264419,53
264428,61
264443,14
264444,29
264451,41
264453,35
264465,63
264470,12
264471,2
264473,13
264486,51
264499,5
264505,14
264512,42
264520,48
264521,12
264524,3
264529,3
264540,46
264541,6
264542,42
264554,5
264569,19
264572,62
264576,33
264580,46
264584,55
264585,56
264589,35
264590,35
264607,60
264608,33
264617,33
264621,33
264622,48
264624,17
264625,14
264628,7
264642,20
264645,48
264653,37
264655,63
264656,35
264657,19
264658,57
264660,45
264663,46
264665,59
264683,47
264684,8
264690,56
264693,5
264695,13
264703,54
264708,14
264718,21
264728,13
264740,48
264746,4
264748,37
264755,33
264762,8
264764,28
264769,42
264772,11
264775,18
264777,59
264782,47
264789,47
264799,24
264801,5
264803,26
264805,30
264812,33
264814,55
264817,9
264824,32
264831,11
264838,18
264842,4
264844,23
264846,7
264847,31
264850,18
264861,40
264867,48
264877,62
264893,10
264904,3
264905,56
264913,34
264914,2
264932,13
264936,54
264939,56
264948,40
264958,14
264959,46
264968,48
264977,39
264997,56
265001,45
265002,13
265013,51
265014,6
265015,29
265017,34
265019,5
265023,54
265024,59
265034,32
265044,25
265045,7
265046,5
265049,37
265058,39
265061,47
265072,17
265073,19
265074,40
265079,22
265094,4
265108,24
265125,15
265131,51
265140,37
265149,25
265160,31
265165,45
265184,26
265185,34
265193,16
265198,20
265200,62
265207,23
265213,9
265216,15
265218,27
265219,23
265220,20
265222,1
265223,36
265225,31
265228,46
265230,43
265235,55
265251,28
265264,39
265270,61
265271,33
265272,36
265281,9
265291,49
265295,52
265304,24
265307,47
265308,31
265317,23
265321,38
265377,32
265383,10
265385,59
265386,31
265390,18
265394,10
265402,17
265403,16
265411,24
265428,48
265430,59
265434,19
265458,10
265459,12
265461,55
265463,58
265464,10
265479,60
265480,46
265489,38
265492,37
265499,30
265517,54
265531,39
265538,9
265539,37
265540,17
265593,9
265596,38
265601,52
265602,15
265609,46
265610,22
265611,45
265614,38
265619,18
265630,37
265636,36
265645,44
265646,58
265659,48
265663,45
265692,45
265698,7
265704,39
265722,11
265729,45
265733,26
265757,42
265764,14
265766,15
265779,43
265784,20
265786,25
265803,52
265806,43
265807,44
265809,42
265828,50
265837,37
265848,6
265854,58
265859,14
265860,11
265861,38
265869,30
265882,31
265884,22
265886,39
265893,54
265894,23
265898,57
265904,42
265923,31
265930,14
265938,49
265945,9
265957,24
265972,55
265985,49
266010,6
266014,56
266020,56
266024,16
266027,20
266028,50
266030,11
266034,34
266037,23
266038,9
266040,28
266043,45
266061,20
266062,51
266063,28
266064,57
266071,6
266087,48
266093,23
266097,55
266108,20
266114,18
266115,23
266136,54
266152,22
266161,51
266162,35
266170,31
266176,38
266183,38
266185,6
266186,30
266190,6
266197,10
266198,29
266209,45
266210,46
266215,38
266220,18
266226,42
266235,59
266243,15
266251,29
266282,52
266284,24
266289,41
266293,31
266301,45
266303,35
266310,24
266316,28
266319,51
266329,10
266342,21
266344,57
266350,38
266363,6
266368,10
266370,27
266373,10
266374,55
266379,32
266385,23
266390,14
266405,56
266413,31
266418,24
266435,33
266439,35
266443,39
266453,6
266454,30
266462,9
266465,15
266466,51
266468,23
266471,43
266486,21
266491,55
266495,49
266497,13
266498,14
266505,29
266506,7
266512,19
266521,52
266522,50
266525,53
266533,35
266537,24
266548,36
266552,21
266572,17
266582,54
266583,51
266585,5
266599,23
266620,50
266622,35
266626,42
266627,34
266628,28
266639,14
266646,23
266651,36
266665,15
266672,40
266677,47
266730,14
266731,5
266740,32
266755,40
266763,29
266765,9
266767,16
266769,20
266793,12
266794,16
266795,15
266798,32
266801,21
266809,44
266810,22
266814,34
266828,33
266869,23
266884,20
266906,11
266909,35
266911,41
266916,22
266925,44
266929,37
266932,6
266947,22
266949,6
266953,43
266957,24
266959,54
266963,22
266988,15
266991,22
267000,22
267001,49
267002,21
267013,35
267016,34
267019,29
267030,16
267038,30
267063,19
267064,21
267065,45
267066,39
267072,29
267073,7
267084,52
267090,29
267092,21
267093,6
267097,9
267105,25
267111,50
267119,47
267123,23
267139,54
267140,29
267149,39
267163,48
267165,34
267166,33
267181,34
267214,19
267215,18
267225,20
267232,42
267234,41
267240,23
267244,21
267246,6
267249,42
267253,52
267256,46
267267,46
267270,20
267275,25
267280,27
267284,49
267285,36
267286,57
267288,50
267290,47
267295,29
267299,5
267319,13
267333,55
267340,21
267341,53
267348,26
267352,36
267362,12
267370,13
267371,43
267377,46
267378,27
267381,31
267385,11
267397,34
267399,49
267409,35
267417,27
267418,45
267419,39
267423,21
267433,51
267437,12
267442,15
267443,32
267448,27
267452,55
267455,5
267461,12
267471,7
267473,22
267476,56
267477,42
267485,48
267493,27
267499,8
267504,33
267509,26
267513,18
267516,24
267524,52
267529,16
267538,57
267547,6
267550,12
267557,53
267566,6
267567,30
267584,51
267605,19
267606,5
267610,18
267619,7
267627,56
267637,38
267642,42
267647,7
267655,16
267658,14
267663,50
267664,28
267666,5
267670,15
267673,27
267679,32
267691,8
267693,14
267700,37
267718,6
267719,53
267731,35
267746,57
267753,12
267767,49
267783,37
267789,45
267794,15
267796,54
267801,42
267815,49
267829,35
267831,36
267835,52
267837,19
267841,42
267843,20
267845,36
267853,8
267855,25
267863,28
267865,32
267873,6
267888,56
267901,45
267904,25
267907,14
267928,37
267935,4
267945,11
267946,8
267949,11
267957,18
267965,32
267975,41
267997,31
268003,31
268007,19
268012,5
268018,13
268021,56
268023,12
268032,19
268037,31
268045,27
268047,45
268055,4
268057,5
268062,20
268066,10
268070,12
268077,24
268085,33
268101,21
268106,40
268109,46
268110,39
268121,33
268124,39
268125,41
268137,13
268145,56
268149,38
268161,47
268165,54
268167,39
268179,10
268189,52
268206,24
268208,43
268209,16
268220,34
268231,5
268245,10
268249,46
268259,25
268262,48
268267,27
268276,28
268283,20
268286,32
268298,20
268301,4
268306,20
268311,16
268314,52
268317,48
268323,14
268326,46
268332,37
268356,42
268357,13
268360,33
268387,18
268393,11
268408,21
268411,41
268414,39
268415,31
268422,41
268427,53
268429,54
268430,12
268434,11
268441,55
268444,14
268460,3
268467,17
268469,11
268479,28
268490,47
268523,14
268532,40
268539,39
268540,40
268550,23
268554,18
268574,14
268575,27
268581,16
268585,50
268588,54
268589,48
268596,46
268606,24
268612,40
268616,44
268629,27
268641,12
268658,22
268663,27
268671,3
268676,33
268684,6
268693,18
268696,5
268701,27
268707,4
268720,41
268721,42
268740,12
268749,20
268761,12
268790,2
268793,20
268795,17
268811,41
268839,40
268841,38
268850,7
268856,53
268858,49
268863,49
268876,51
268878,10
268883,15
268901,40
268910,8
268924,26
268926,38
268935,31
268942,29
268943,39
268961,53
268964,15
268966,38
268992,54
268999,50
269002,30
269007,47
269008,30
269009,15
269011,46
269020,9
269030,20
269049,52
269050,24
269052,19
269056,17
269059,44
269073,25
269077,20
269078,24
269079,39
269090,23
269091,52
269094,33
269097,52
269111,34
269113,24
269120,45
269129,8
269132,16
269136,52
269137,25
269138,54
269144,39
269159,17
269178,50
269207,18
269224,24
269226,45
269228,36
269235,15
269240,23
269243,41
269245,13
269247,36
269249,49
269256,33
269259,51
269279,45
269284,30
269288,51
269295,21
269314,49
269320,21
269322,9
269323,18
269327,51
269330,25
269336,14
269340,36
269350,24
269353,43
269356,51
269378,36
269389,28
269391,43
269400,24
269413,52
269419,16
269447,44
269448,17
269453,44
269460,25
269462,51
269468,25
269477,42
269484,39
269487,44
269492,8
269493,36
269500,21
269501,44
269510,19
269518,47
269521,38
269527,37
269534,20
269541,31
269554,21
269562,9
269585,19
269599,39
269611,20
269628,14
269629,11
269639,53
269647,24
269651,19
269656,37
269662,16
269675,10
269688,51
269691,21
269705,48
269722,35
269742,30
269747,50
269757,9
269764,17
269767,42
269784,18
269786,10
269787,43
269791,35
269802,30
269809,29
269812,41
269814,24
269842,23
269848,45
269868,22
269877,48
269881,9
269883,28
269896,38
269913,7
269923,27
269942,42
269959,10
269964,17
269979,42
269984,42
269990,31
269992,30
270017,51
270044,51
270048,38
270059,38
270063,50
270068,14
270079,15
270108,6
270111,9
270116,25
270120,27
270127,17
270138,20
270146,41
270148,10
270150,10
270168,19
270183,25
270185,28
270186,42
270190,27
270201,49
270206,8
270212,10
270222,34
270235,36
270250,29
270272,32
270298,37
270302,45
270303,16
270311,7
270313,35
270345,41
270348,34
270352,15
270357,49
270366,17
270389,24
270425,35
270426,41
270427,7
270473,51
270479,15
270491,15
270496,9
270501,33
270502,41
270505,50
270508,45
270509,37
270511,23
270513,8
270536,44
270546,47
270549,8
270554,19
270555,51
270583,47
270592,37
270599,21
270613,34
270630,23
270637,26
270641,13
270649,14
270681,27
270696,17
270707,28
270712,26
270714,50
270733,22
270748,22
270750,19
270753,16
270755,27
270766,44
270771,32
270773,38
270774,49
270780,36
270808,42
270815,30
270817,21
270826,26
270829,20
270830,41
270845,26
270858,23
270868,26
270869,21
270882,18
270892,48
270893,23
270898,19
270900,49
270918,44
270928,34
270934,50
270937,28
270938,49
270954,4
270960,6
270962,12
270987,9
270988,4
270989,6
270992,15
270998,26
271005,46
271011,43
271032,38
271036,42
271038,19
271043,28
271046,44
271057,16
271071,25
271072,34
271079,36
271081,40
271101,7
271103,11
271110,34
271113,36
271117,35
271133,34
271137,15
271144,50
271148,46
271150,35
271153,19
271155,23
271157,11
271159,46
271169,27
271174,26
271176,13
271181,26
271182,20
271194,16
271198,21
271211,7
271219,17
271227,20
271228,6
271242,39
271245,33
271254,18
271258,39
271275,11
271305,8
271315,34
271323,39
271335,13
271341,15
271354,13
271358,15
271363,25
271364,31
271374,11
271379,36
271382,49
271389,43
271390,48
271391,27
271396,19
271399,21
271403,26
271416,15
271418,17
271427,39
271431,46
271432,34
271449,23
271456,34
271458,11
271462,16
271465,14
271475,46
271480,36
271487,7
271494,36
271495,34
271502,14
271516,20
271526,14
271569,35
271570,8
271574,13
271585,15
271588,16
271602,12
271611,36
271614,25
271627,33
271656,35
271662,38
271664,47
271693,48
271696,5
271699,49
271711,8
271713,41
271718,19
271734,37
271741,13
271742,36
271755,22
271772,22
271773,5
271800,33
271807,5
271809,22
271810,38
271813,33
271816,17
271821,29
271831,26
271833,11
271844,19
271854,17
271856,7
271867,3
271881,6
271883,29
271884,39
271886,39
271887,24
271893,15
271910,48
271916,9
271926,11
271945,33
271949,25
271966,33
271969,34
271974,45
271995,35
271999,8
272007,14
272009,41
272016,6
272022,17
272025,44
272040,3
272061,36
272066,39
272074,34
272078,36
272098,41
272101,36
272102,10
272111,33
272119,46
272123,10
272125,37
272129,34
272130,49
272131,26
272140,25
272142,20
272143,45
272152,3
272162,41
272172,37
272177,12
272183,19
272189,14
272195,10
272204,34
272211,35
272230,33
272232,9
272235,37
272236,24
272264,41
272277,47
272294,44
272306,40
272308,48
272313,2
272323,9
272330,40
272347,24
272349,18
272371,31
272382,21
272394,47
272402,9
272410,31
272412,45
272421,31
272424,19
272429,48
272442,7
272455,23
272457,16
272487,6
272489,2
272500,14
272501,20
272507,4
272510,4
272511,7
272548,25
272554,21
272563,43
272567,46
272572,17
272582,30
272594,44
272607,30
272637,39
272641,20
272661,14
272664,11
272679,38
272685,33
272691,18
272697,30
272699,36
272711,46
272722,13
272731,9
272733,32
272747,16
272750,18
272763,16
272764,34
272769,8
272777,20
272781,45
272784,15
272807,32
272813,29
272819,40
272823,11
272835,11
272837,44
272868,28
272882,10
272913,7
272928,24
272930,32
272936,37
272963,42
272977,18
272980,10
272983,28
272994,38
273042,32
273047,7
273048,25
273065,30
273071,9
273077,24
273088,6
273095,21
273124,14
273125,8
273129,17
273140,41
273148,36
273150,21
273162,44
273202,43
273216,38
273223,44
273224,13
273234,7
273244,32
273256,30
273258,30
273259,17
273267,34
273281,39
273289,40
273297,42
273301,32
273329,23
273353,8
273357,24
273370,33
273386,21
273403,42
273404,33
273407,23
273410,13
273414,23
273418,13
273421,26
273427,37
273448,44
273449,14
273459,28
273465,35
273471,11
273498,35
273501,37
273527,18
273537,41
273563,45
273565,25
273569,13
273573,6
273575,30
273577,14
273579,38
273597,16
273608,44
273609,43
273627,13
273636,29
273642,42
273647,36
273668,36
273684,43
273712,17
273719,23
273722,36
273737,9
273758,33
273763,18
273769,32
273789,38
273793,22
273810,9
273811,22
273812,27
273817,33
273822,8
273851,6
273856,44
273857,24
273858,21
273862,30
273869,10
273872,19
273876,38
273884,15
273887,21
273890,26
273896,9
273897,30
273904,12
273907,29
273913,15
273917,20
273918,20
273921,23
273927,41
273932,34
273938,41
273942,6
273944,34
273961,19
273967,29
273973,14
273975,43
273978,25
273979,21
274000,44
274002,44
274005,20
274006,34
274026,34
274045,45
274046,20
274051,7
274089,13
274104,20
274113,16
274121,40
274133,12
274134,5
274142,6
274152,7
274158,18
274177,38
274178,30
274188,39
274203,22
274209,40
274213,16
274222,37
274226,42
274227,33
274266,37
274277,37
274279,29
274290,19
274310,42
274327,26
274328,27
274329,5
274332,22
274349,14
274355,34
274356,30
274357,26
274371,22
274379,35
274394,22
274402,40
274417,43
274418,8
274419,7
274435,30
274441,23
274447,31
274463,18
274469,35
274475,34
274477,12
274484,15
274489,13
274499,33
274500,7
274505,34
274522,20
274524,8
274530,29
274541,19
274543,33
274545,42
274553,15
274581,22
274582,23
274586,20
274587,16
274599,6
274601,37
274602,43
274607,16
274610,41
274612,24
274630,22
274639,14
274643,44
274668,13
274685,7
274703,39
274704,24
274709,12
274712,41
274726,24
274728,43
274730,26
274733,23
274762,16
274774,34
274792,3
274810,31
274811,37
274830,6
274831,3
274839,12
274843,11
274861,34
274866,6
274871,42
274896,20
274900,39
274909,10
274936,26
274944,40
274949,29
274989,40
274995,23
274996,26
274997,3
275000,40
275007,41
275017,4
275018,39
275023,23
275034,7
275048,10
275064,22
275067,7
275077,35
275085,4
275091,35
275098,16
275103,42
275114,34
275117,5
275118,18
275132,31
275134,22
275136,21
275140,23
275170,38
275173,10
275179,26
275183,42
275206,6
275213,34
275214,12
275229,9
275253,7
275264,10
275265,24
275269,40
275275,18
275303,15
275324,12
275330,28
275331,24
275332,32
275354,26
275377,38
275382,3
275386,19
275396,20
275401,24
275407,41
275411,24
275423,35
275425,4
275430,21
275448,14
275457,41
275465,21
275472,19
275485,26
275494,20
275497,31
275503,19
275518,22
275519,36
275532,6
275550,21
275557,39
275569,10
275576,29
275579,37
275594,36
275595,20
275602,25
275635,4
275652,11
275654,30
275664,6
275667,18
275670,38
275716,21
275728,5
275730,16
275736,6
275740,17
275765,42
275776,5
275790,24
275800,14
275823,13
275846,7
275850,35
275862,33
275867,32
275868,19
275870,12
275879,34
275899,2
275902,28
275917,11
275923,3
275932,35
275945,40
275954,4
275973,18
275978,17
275983,31
275986,4
275993,30
275996,41
276003,32
276008,3
276014,19
276018,31
276043,30
276053,37
276060,22
276088,41
276101,3
276112,17
276138,39
276152,32
276171,24
276181,6
276194,2
276195,32
276196,29
276203,29
276206,16
276209,24
276211,22
276221,33
276228,29
276264,9
276265,40
276277,36
276283,12
276300,29
276314,24
276343,17
276344,11
276379,30
276407,11
276410,10
276415,26
276429,31
276435,22
276447,32
276449,8
276461,31
276467,19
276507,23
276529,9
276530,34
276539,22
276544,38
276546,9
276550,29
276572,23
276573,16
276582,7
276592,35
276595,24
276604,29
276605,32
276610,14
276629,16
276644,25
276657,15
276666,21
276683,35
276692,32
276712,22
276716,27
276756,14
276770,7
276777,23
276787,23
276796,17
276824,25
276825,7
276858,15
276863,17
276880,6
276906,24
276911,25
276912,38
276944,25
276946,10
276968,16
276974,39
276997,38
277009,30
277014,27
277030,11
277046,22
277051,28
277074,38
277081,17
277086,21
277092,14
277095,20
277145,9
277177,23
277182,32
277189,16
277190,20
277233,18
277235,27
277242,16
277243,7
277246,33
277255,29
277262,5
277275,8
277277,18
277286,28
277289,10
277292,27
277304,9
277314,30
277369,37
277375,6
277399,29
277406,34
277417,32
277425,12
277431,9
277438,7
277450,34
277456,7
277485,9
277505,11
277511,28
277523,19
277537,22
277541,31
277557,8
277562,23
277563,9
277566,24
277603,14
277620,23
277623,37
277662,9
277669,28
277670,10
277684,14
277697,36
277717,27
277718,9
277719,29
277723,9
277725,12
277764,13
277806,6
277818,24
277831,18
277843,35
277854,21
277866,29
277868,22
277871,34
277883,35
277884,26
277888,29
277924,15
277941,20
277967,4
277981,14
277987,16
278002,15
278004,17
278006,34
278014,5
278029,16
278043,34
278047,29
278053,23
278135,30
278145,23
278153,12
278162,4
278167,11
278177,12
278181,9
278183,33
278189,14
278199,14
278225,8
278226,31
278254,33
278266,7
278287,16
278296,23
278316,22
278334,30
278335,16
278343,13
278344,23
278345,16
278353,19
278356,17
278392,11
278412,13
278423,31
278426,27
278447,27
278448,7
278457,7
278458,25
278471,7
278478,15
278480,31
278481,14
278490,28
278505,4
278511,20
278534,28
278536,26
278545,15
278546,5
278567,34
278582,9
278604,29
278618,8
278629,21
278637,35
278641,17
278663,16
278667,5
278674,32
278680,4
278683,7
278692,14
278693,23
278694,28
278739,20
278746,14
278750,26
278792,20
278795,8
278827,4
278832,33
278856,21
278858,20
278865,7
278874,12
278886,15
278895,4
278897,14
278910,7
278911,34
278912,25
278925,19
278933,28
278951,32
278966,8
278992,3
279002,20
279024,10
279028,9
279032,28
279037,7
279056,21
279059,22
279060,10
279061,17
279067,6
279080,17
279091,13
279109,19
279138,26
279147,3
279159,22
279164,16
279186,27
279226,24
279231,19
279236,22
279246,16
279276,19
279280,11
279288,6
279312,8
279318,25
279320,25
279325,4
279344,25
279346,3
279352,31
279356,33
279357,31
279358,35
279366,35
279369,6
279371,26
279386,17
279396,10
279401,3
279420,29
279423,10
279426,4
279443,35
279445,12
279455,5
279458,13
279461,16
279471,13
279486,18
279505,18
279509,21
279510,35
279515,28
279520,25
279525,7
279526,21
279550,34
279559,31
279564,23
279572,21
279574,5
279581,30
279608,9
279636,6
279639,19
279640,27
279641,33
279654,23
279657,13
279661,31
279672,2
279700,33
279722,32
279723,4
279751,23
279754,15
279755,28
279762,9
279776,34
279779,10
279782,31
279800,1
279806,10
279814,13
279884,30
279886,20
279905,18
279907,28
279955,22
279975,9
280004,19
280046,29
280068,19
280076,32
280081,23
280086,32
280089,16
280101,12
280105,9
280109,8
280113,17
280124,24
280136,24
280150,6
280195,25
280203,22
280211,31
280212,24
280224,30
280228,10
280240,30
280256,22
280278,29
280282,17
280311,25
280319,22
280330,18
280343,13
280377,29
280384,14
280387,6
280396,22
280431,29
280432,9
280446,7
280463,23
280494,24
280508,32
280510,25
280516,30
280535,21
280583,8
280584,9
280607,12
280611,21
280647,10
280648,7
280662,32
280684,29
280686,17
280707,29
280710,30
280716,32
280729,17
280775,15
280787,29
280790,15
280845,29
280868,21
280870,22
280871,13
280873,25
280878,6
280880,16
280890,18
280891,16
280892,31
280900,25
280909,7
280915,30
280934,30
280949,24
280968,16
280998,24
281002,19
281005,29
281011,16
281037,8
281059,17
281073,15
281102,6
281166,24
281185,7
281186,14
281200,8
281257,5
281259,9
281277,28
281279,9
281282,22
281290,17
281298,13
281299,9
281301,29
281303,6
281317,13
281319,21
281320,8
281323,8
281334,26
281335,24
281336,13
281357,27
281366,12
281369,11
281370,17
281401,8
281420,20
281452,10
281461,12
281497,13
281506,30
281527,29
281529,13
281565,21
281569,6
281575,29
281595,19
281608,19
281613,27
281634,26
281645,23
281657,28
281668,15
281674,22
281689,13
281713,25
281719,15
281728,5
281764,14
281765,10
281768,6
281779,7
281780,23
281785,7
281788,28
281802,13
281804,23
281807,26
281846,12
281850,10
281881,20
281890,14
281916,21
281917,27
281922,7
281925,13
281927,8
281995,15
282007,22
282010,28
282051,23
282063,29
282070,15
282080,26
282084,29
282096,10
282097,3
282129,7
282139,18
282140,12
282164,19
282173,17
282181,21
282192,27
282199,29
282205,18
282215,14
282243,27
282254,19
282258,6
282259,19
282266,13
282282,13
282290,11
282298,4
282305,14
282311,15
282332,21
282354,11
282363,11
282364,23
282375,23
282382,29
282388,4
282409,23
282424,4
282430,27
282432,17
282441,22
282451,14
282457,20
282470,6
282489,24
282491,14
282495,22
282542,27
282564,28
282587,12
282604,18
282609,11
282620,4
282624,26
282683,3
282690,12
282692,4
282708,13
282716,19
282736,27
282737,5
282741,2
282761,10
282775,18
282778,25
282786,13
282807,17
282832,27
282855,3
282858,14
282866,6
282874,22
282939,25
282967,6
282991,6
282995,18
283000,23
283026,14
283032,3
283060,20
283081,17
283096,18
283109,13
283172,13
283189,10
283192,11
283203,13
283215,8
283246,2
283249,19
283263,12
283279,24
283298,19
283308,3
283309,18
283328,9
283338,11
283369,25
283378,25
283387,11
283394,12
283408,5
283409,16
283411,15
283415,15
283451,14
283452,10
283455,3
283462,17
283467,27
283486,13
283494,10
283501,12
283505,15
283584,18
283587,19
283598,7
283624,26
283627,24
283642,15
283649,10
283669,17
283731,24
283782,8
283790,19
283796,24
283806,16
283813,18
283831,22
283845,18
283859,22
283876,7
283880,21
283887,25
283891,23
283896,11
283898,6
283900,10
283905,20
283916,13
283920,15
283950,11
283972,9
283978,18
283982,21
283994,23
284005,12
284015,10
284024,23
284057,22
284079,20
284096,8
284108,24
284124,15
284127,15
284128,16
284151,8
284157,23
284189,16
284211,13
284217,10
284228,10
284253,17
284256,9
284332,9
284363,11
284385,24
284396,16
284397,12
284403,23
284405,9
284425,24
284434,10
284454,17
284490,22
284496,16
284525,7
284547,22
284573,8
284584,22
284600,6
284616,15
284620,19
284669,5
284689,19
284693,17
284702,19
284710,13
284718,21
284726,14
284749,6
284751,9
284768,19
284784,9
284807,24
284877,18
284878,15
284903,14
284922,7
284940,22
284962,23
284970,6
284971,17
284987,13
284994,7
285011,15
285023,23
285029,14
285030,6
285038,7
285096,7
285097,7
285116,20
285125,16
285170,7
285219,22
285252,12
285285,16
285299,13
285308,8
285317,20
285336,11
285371,7
285387,23
285411,15
285415,23
285416,21
285447,20
285470,6
285505,20
285514,7
285537,15
285544,21
285547,4
285571,13
285591,11
285604,7
285613,12
285615,7
285627,4
285648,5
285685,22
285691,12
285699,20
285701,7
285780,15
285807,8
285825,13
285827,22
285844,14
285868,14
285886,16
285898,19
285905,21
285909,18
285910,12
285915,4
285918,12
285928,7
285930,17
285949,5
286006,7
286039,4
286047,22
286065,22
286096,13
286105,9
286111,21
286114,3
286140,6
286162,12
286163,13
286235,14
286243,7
286292,18
286294,21
286307,19
286315,19
286329,19
286333,16
286347,14
286368,20
286370,6
286383,13
286384,8
286402,21
286466,3
286486,19
286496,9
286514,5
286524,17
286544,17
286549,12
286552,10
286554,4
286562,4
286573,14
286576,13
286582,21
286584,14
286615,12
286640,4
286657,16
286660,10
286668,12
286682,11
286699,7
286710,21
286727,16
286729,17
286739,6
286767,6
286770,17
286779,16
286798,21
286876,11
286878,11
286881,5
286882,3
286890,5
286897,12
286908,10
286928,17
286966,13
286970,13
287006,14
287013,3
287046,19
287076,18
287084,2
287127,3
287140,7
287179,2
287210,20
287233,12
287253,11
287254,4
287258,4
287262,15
287267,17
287288,13
287308,17
287322,14
287352,16
287365,9
287388,18
287451,17
287480,9
287521,17
287526,10
287606,18
287667,13
287686,10
287732,16
287745,7
287767,7
287799,8
287816,7
287902,14
287909,15
287927,12
287947,16
287976,11
287999,15
288010,9
288011,10
288034,16
288049,16
288073,16
288077,7
288084,10
288157,9
288171,12
288174,10
288196,10
288241,9
288262,16
288292,13
288300,6
288308,16
288312,7
288317,6
288327,6
288358,6
288368,16
288386,14
288400,16
288424,9
288488,10
288495,8
288581,5
288610,9
288694,8
288696,9
288698,15
288711,8
288716,6
288727,13
288757,11
288765,14
288787,16
288788,6
288823,8
288866,8
288942,15
288959,14
288978,12
289015,6
289031,10
289052,12
289109,10
289123,14
289135,9
289150,16
289187,9
289193,8
289212,14
289216,14
289261,9
289287,6
289309,12
289365,13
289379,6
289382,8
289391,7
289396,9
289437,12
289438,7
289449,11
289451,4
289479,5
289489,13
289497,5
289500,9
289506,9
289539,12
289559,7
289785,12
289814,14
289825,14
289832,12
289866,13
289894,15
289985,5
289996,6
290010,10
290011,14
290050,4
290100,6
290142,6
290151,14
290174,11
290214,7
290293,5
290294,6
290359,6
290367,3
290403,13
290432,7
290458,8
290474,6
290494,14
290530,10
290596,11
290604,4
290619,7
290621,11
290626,8
290634,3
290654,7
290698,10
290735,4
290739,13
290749,5
290776,12
290814,3
290823,12
290837,4
290905,11
290911,11
290980,2
291005,6
291019,2
291023,4
291053,4
291106,6
291139,4
291161,4
291192,2
291314,11
291348,10
291354,11
291621,10
291771,11
291814,10
291845,7
291873,7
291912,10
292103,8
292158,11
292264,8
292309,5
292326,5
292334,9
292346,10
292358,9
292443,7
292449,10
292630,10
292639,8
292769,5
292926,7
293002,7
293018,4
293080,5
293084,8
293160,7
293269,9
293304,7
293402,6
293496,8
293546,4
293573,9
293653,4
293657,7
293665,6
293667,7
293779,7
293974,8
294131,4
294159,6
294163,6
294203,6
294395,6
294459,3
294564,4
294578,7
294697,5
294726,4
294824,4
294869,4
294916,1
294962,5
294967,6
295064,2
295101,4
295116,3
295127,6
