user_id,new_session_id,repeat_session_id
152826,175252,NULL
152827,175253,NULL
152828,175254,NULL
152829,175256,NULL
152830,175257,NULL
152831,175258,NULL
152832,175259,NULL
152833,175260,NULL
152834,175261,NULL
152835,175262,NULL
152836,175263,NULL
152837,175264,199112
152838,175266,NULL
152839,175267,NULL
152840,175269,NULL
152841,175271,NULL
152842,175272,NULL
152843,175273,NULL
152844,175274,NULL
152845,175275,NULL
152846,175276,NULL
152847,175277,188581
152848,175278,204565
152849,175279,182067
152849,175279,192011
152849,175279,200819
152850,175281,NULL
152851,175282,185997
152852,175283,NULL
152853,175284,NULL
152854,175285,NULL
152855,175287,NULL
152856,175288,NULL
152857,175289,NULL
152858,175290,NULL
152859,175291,NULL
152860,175292,NULL
152861,175295,NULL
152862,175296,NULL
152863,175297,NULL
152864,175298,NULL
152865,175300,200538
152866,175301,NULL
152867,175302,NULL
152868,175304,NULL
152869,175306,NULL
152870,175307,NULL
152871,175308,NULL
152872,175309,NULL
152873,175310,NULL
152874,175311,NULL
152875,175313,NULL
152876,175314,NULL
152877,175315,NULL
152878,175316,190387
152879,175318,NULL
152880,175319,NULL
152881,175321,209408
152882,175322,NULL
152883,175325,NULL
152884,175326,NULL
152885,175327,NULL
152886,175328,NULL
152887,175329,NULL
152888,175331,NULL
152889,175332,NULL
152890,175333,192114
152890,175333,208336
152890,175333,214692
152891,175334,194826
152891,175334,201023
152891,175334,203147
152892,175335,NULL
152893,175338,NULL
152894,175340,NULL
152895,175341,NULL
152896,175342,NULL
152897,175343,NULL
152898,175344,179222
152899,175345,NULL
152900,175347,NULL
152901,175348,195709
152902,175350,NULL
152903,175351,NULL
152904,175352,NULL
152905,175353,NULL
152906,175354,NULL
152907,175355,NULL
152908,175356,NULL
152909,175357,NULL
152910,175358,NULL
152911,175359,191561
152912,175361,NULL
152913,175362,NULL
152914,175363,NULL
152915,175365,NULL
152916,175366,NULL
152917,175367,NULL
152918,175369,NULL
152919,175370,NULL
152920,175371,NULL
152921,175372,NULL
152922,175373,NULL
152923,175374,NULL
152924,175376,NULL
152925,175379,NULL
152926,175380,NULL
152927,175381,NULL
152928,175382,NULL
152929,175383,NULL
152930,175385,NULL
152931,175387,NULL
152932,175388,194578
152933,175389,NULL
152934,175390,NULL
152935,175391,NULL
152936,175392,NULL
152937,175393,NULL
152938,175394,NULL
152939,175396,NULL
152940,175397,NULL
152941,175398,NULL
152942,175399,NULL
152943,175400,NULL
152944,175401,NULL
152945,175402,NULL
152946,175403,NULL
152947,175406,NULL
152948,175407,NULL
152949,175409,208850
152950,175410,NULL
152951,175411,NULL
152952,175412,NULL
152953,175413,189890
152953,175413,191380
152953,175413,204927
152954,175415,NULL
152955,175416,NULL
152956,175418,NULL
152957,175419,182516
152958,175420,NULL
152959,175421,NULL
152960,175422,NULL
152961,175423,NULL
152962,175424,183499
152963,175425,NULL
152964,175427,NULL
152965,175428,NULL
152966,175429,NULL
152967,175430,NULL
152968,175431,NULL
152969,175432,NULL
152970,175433,NULL
152971,175434,NULL
152972,175435,NULL
152973,175436,196541
152973,175436,216152
152973,175436,222423
152974,175437,NULL
152975,175438,NULL
152976,175440,NULL
152977,175442,NULL
152978,175443,NULL
152979,175444,NULL
152980,175445,NULL
152981,175447,NULL
152982,175449,NULL
152983,175450,NULL
152984,175454,NULL
152985,175456,NULL
152986,175457,NULL
152987,175458,NULL
152988,175461,210139
152989,175462,NULL
152990,175463,NULL
152991,175464,NULL
152992,175468,NULL
152993,175470,208352
152993,175470,223463
152993,175470,234161
152994,175471,NULL
152995,175472,NULL
152996,175473,197948
152997,175474,NULL
152998,175477,207973
152999,175478,209307
153000,175480,NULL
153001,175481,NULL
153002,175482,NULL
153003,175483,204059
153004,175484,NULL
153005,175486,193228
153006,175487,210199
153006,175487,215118
153006,175487,227681
153007,175488,NULL
153008,175489,NULL
153009,175490,NULL
153010,175491,NULL
153011,175493,NULL
153012,175494,NULL
153013,175496,NULL
153014,175497,NULL
153015,175498,NULL
153016,175499,NULL
153017,175500,NULL
153018,175501,NULL
153019,175502,NULL
153020,175504,NULL
153021,175505,NULL
153022,175506,NULL
153023,175507,NULL
153024,175508,NULL
153025,175509,NULL
153026,175510,NULL
153027,175511,NULL
153028,175512,NULL
153029,175513,182403
153030,175514,NULL
153031,175515,193065
153032,175516,NULL
153033,175517,NULL
153034,175519,NULL
153035,175521,NULL
153036,175522,NULL
153037,175524,NULL
153038,175525,NULL
153039,175526,NULL
153040,175527,203717
153041,175528,181737
153042,175529,NULL
153043,175531,NULL
153044,175532,NULL
153045,175533,179739
153046,175534,NULL
153047,175536,NULL
153048,175537,NULL
153049,175538,NULL
153050,175539,NULL
153051,175540,NULL
153052,175541,NULL
153053,175542,NULL
153054,175545,NULL
153055,175547,NULL
153056,175548,NULL
153057,175549,NULL
153058,175550,NULL
153059,175551,182878
153060,175552,NULL
153061,175553,NULL
153062,175554,NULL
153063,175556,206105
153063,175556,224527
153063,175556,230508
153064,175557,NULL
153065,175558,NULL
153066,175559,NULL
153067,175562,178476
153068,175564,NULL
153069,175566,NULL
153070,175567,NULL
153071,175568,NULL
153072,175569,NULL
153073,175570,NULL
153074,175572,NULL
153075,175575,NULL
153076,175576,183322
153077,175577,NULL
153078,175578,NULL
153079,175579,NULL
153080,175580,189590
153081,175582,180831
153081,175582,186522
153081,175582,188329
153082,175584,NULL
153083,175585,NULL
153084,175586,NULL
153085,175587,NULL
153086,175589,NULL
153087,175590,NULL
153088,175591,NULL
153089,175593,NULL
153090,175595,NULL
153091,175596,NULL
153092,175597,NULL
153093,175598,NULL
153094,175600,NULL
153095,175601,NULL
153096,175602,NULL
153097,175603,NULL
153098,175604,NULL
153099,175605,NULL
153100,175607,NULL
153101,175608,NULL
153102,175609,NULL
153103,175612,NULL
153104,175614,NULL
153105,175615,NULL
153106,175617,NULL
153107,175618,NULL
153108,175619,196447
153108,175619,209121
153108,175619,217694
153109,175621,NULL
153110,175622,NULL
153111,175625,NULL
153112,175626,NULL
153113,175628,NULL
153114,175629,NULL
153115,175630,NULL
153116,175633,202328
153116,175633,203345
153116,175633,210419
153117,175634,NULL
153118,175636,NULL
153119,175637,NULL
153120,175638,NULL
153121,175639,NULL
153122,175640,NULL
153123,175641,NULL
153124,175643,NULL
153125,175644,NULL
153126,175645,NULL
153127,175646,209113
153127,175646,221860
153127,175646,231762
153128,175648,NULL
153129,175651,NULL
153130,175652,NULL
153131,175653,NULL
153132,175655,NULL
153133,175659,NULL
153134,175660,NULL
153135,175662,194898
153135,175662,202413
153135,175662,214166
153136,175665,NULL
153137,175666,NULL
153138,175667,NULL
153139,175668,NULL
153140,175669,NULL
153141,175670,NULL
153142,175671,NULL
153143,175672,191284
153144,175673,NULL
153145,175674,NULL
153146,175676,180031
153147,175677,NULL
153148,175679,200216
153149,175680,NULL
153150,175681,NULL
153151,175683,NULL
153152,175684,NULL
153153,175685,NULL
153154,175686,NULL
153155,175687,NULL
153156,175688,177805
153157,175690,NULL
153158,175691,NULL
153159,175692,NULL
153160,175693,NULL
153161,175694,192989
153161,175694,199976
153161,175694,211574
153162,175696,NULL
153163,175697,NULL
153164,175698,188153
153164,175698,203043
153164,175698,208856
153165,175699,NULL
153166,175700,NULL
153167,175701,NULL
153168,175702,NULL
153169,175703,NULL
153170,175704,NULL
153171,175705,NULL
153172,175706,NULL
153173,175709,NULL
153174,175710,NULL
153175,175711,NULL
153176,175712,NULL
153177,175713,NULL
153178,175714,NULL
153179,175715,NULL
153180,175716,NULL
153181,175717,NULL
153182,175718,NULL
153183,175719,NULL
153184,175720,NULL
153185,175721,NULL
153186,175722,NULL
153187,175723,NULL
153188,175724,NULL
153189,175725,NULL
153190,175726,NULL
153191,175727,NULL
153192,175728,NULL
153193,175729,191277
153194,175731,NULL
153195,175732,NULL
153196,175733,NULL
153197,175734,NULL
153198,175735,NULL
153199,175736,NULL
153200,175737,NULL
153201,175738,NULL
153202,175740,NULL
153203,175742,NULL
153204,175743,NULL
153205,175744,NULL
153206,175746,NULL
153207,175747,NULL
153208,175748,NULL
153209,175749,NULL
153210,175750,NULL
153211,175752,NULL
153212,175753,NULL
153213,175755,NULL
153214,175756,NULL
153215,175757,205877
153215,175757,222373
153215,175757,228340
153216,175758,NULL
153217,175760,NULL
153218,175761,NULL
153219,175762,NULL
153220,175763,183410
153220,175763,203573
153220,175763,211271
153221,175765,NULL
153222,175766,NULL
153223,175767,NULL
153224,175768,NULL
153225,175769,NULL
153226,175770,NULL
153227,175771,NULL
153228,175772,NULL
153229,175773,NULL
153230,175774,NULL
153231,175775,NULL
153232,175777,193819
153232,175777,203807
153232,175777,211999
153233,175778,192258
153233,175778,207917
153233,175778,213519
153234,175779,NULL
153235,175780,205362
153236,175781,NULL
153237,175782,NULL
153238,175783,182064
153238,175783,193995
153238,175783,204205
153239,175785,NULL
153240,175786,179704
153241,175787,NULL
153242,175788,NULL
153243,175789,178504
153244,175790,NULL
153245,175791,NULL
153246,175792,189227
153246,175792,207763
153246,175792,214536
153247,175793,NULL
153248,175794,NULL
153249,175796,NULL
153250,175799,NULL
153251,175800,NULL
153252,175801,NULL
153253,175802,NULL
153254,175803,NULL
153255,175804,NULL
153256,175805,201524
153256,175805,208322
153256,175805,217255
153257,175806,NULL
153258,175807,NULL
153259,175808,NULL
153260,175809,NULL
153261,175811,NULL
153262,175812,NULL
153263,175813,NULL
153264,175814,NULL
153265,175815,NULL
153266,175817,NULL
153267,175818,NULL
153268,175819,NULL
153269,175821,NULL
153270,175822,NULL
153271,175823,NULL
153272,175824,182945
153272,175824,200253
153272,175824,212626
153273,175825,178524
153274,175826,NULL
153275,175828,NULL
153276,175829,NULL
153277,175830,NULL
153278,175831,NULL
153279,175833,NULL
153280,175834,179680
153281,175835,NULL
153282,175836,NULL
153283,175837,NULL
153284,175839,NULL
153285,175840,NULL
153286,175841,NULL
153287,175842,NULL
153288,175844,NULL
153289,175845,NULL
153290,175846,NULL
153291,175847,NULL
153292,175849,NULL
153293,175850,NULL
153294,175851,NULL
153295,175852,179162
153296,175853,NULL
153297,175854,NULL
153298,175855,NULL
153299,175856,182610
153300,175857,NULL
153301,175858,180979
153301,175858,199447
153301,175858,206765
153302,175859,NULL
153303,175860,NULL
153304,175862,NULL
153305,175863,NULL
153306,175864,NULL
153307,175866,182106
153308,175869,204477
153309,175870,NULL
153310,175871,NULL
153311,175872,187495
153312,175873,NULL
153313,175875,188447
153314,175876,181187
153315,175877,NULL
153316,175878,NULL
153317,175879,NULL
153318,175880,178234
153319,175881,NULL
153320,175882,NULL
153321,175883,NULL
153322,175884,NULL
153323,175885,NULL
153324,175886,NULL
153325,175887,NULL
153326,175888,204676
153327,175890,NULL
153328,175891,NULL
153329,175892,NULL
153330,175893,NULL
153331,175894,NULL
153332,175895,NULL
153333,175896,NULL
153334,175897,NULL
153335,175899,NULL
153336,175900,NULL
153337,175901,NULL
153338,175902,NULL
153339,175903,NULL
153340,175904,NULL
153341,175908,NULL
153342,175910,199387
153342,175910,215884
153342,175910,221561
153343,175911,NULL
153344,175913,NULL
153345,175915,NULL
153346,175916,184601
153346,175916,197670
153346,175916,207648
153347,175917,NULL
153348,175918,NULL
153349,175919,NULL
153350,175920,NULL
153351,175921,NULL
153352,175922,NULL
153353,175923,NULL
153354,175924,NULL
153355,175925,NULL
153356,175926,NULL
153357,175927,NULL
153358,175929,NULL
153359,175930,NULL
153360,175931,NULL
153361,175932,NULL
153362,175933,NULL
153363,175935,NULL
153364,175936,NULL
153365,175937,NULL
153366,175940,NULL
153367,175941,NULL
153368,175942,NULL
153369,175943,NULL
153370,175945,NULL
153371,175947,NULL
153372,175948,NULL
153373,175949,NULL
153374,175950,NULL
153375,175951,NULL
153376,175952,206171
153377,175953,NULL
153378,175954,NULL
153379,175955,NULL
153380,175957,198704
153380,175957,205468
153380,175957,211563
153381,175959,NULL
153382,175960,NULL
153383,175961,NULL
153384,175962,NULL
153385,175963,NULL
153386,175965,NULL
153387,175966,NULL
153388,175967,195438
153389,175969,210008
153389,175969,217699
153389,175969,224703
153390,175970,NULL
153391,175972,NULL
153392,175973,NULL
153393,175974,NULL
153394,175975,NULL
153395,175977,NULL
153396,175978,NULL
153397,175981,NULL
153398,175982,NULL
153399,175983,NULL
153400,175985,NULL
153401,175986,NULL
153402,175987,NULL
153403,175988,193529
153404,175990,202430
153405,175991,NULL
153406,175993,NULL
153407,175994,NULL
153408,175995,NULL
153409,175996,210393
153409,175996,211378
153409,175996,214746
153410,175997,NULL
153411,175998,NULL
153412,175999,NULL
153413,176000,NULL
153414,176001,NULL
153415,176003,NULL
153416,176004,NULL
153417,176005,NULL
153418,176006,NULL
153419,176008,178151
153420,176009,NULL
153421,176010,NULL
153422,176012,NULL
153423,176013,NULL
153424,176014,NULL
153425,176015,NULL
153426,176016,201391
153426,176016,220747
153426,176016,222499
153427,176018,NULL
153428,176019,208403
153429,176020,NULL
153430,176021,NULL
153431,176022,NULL
153432,176023,NULL
153433,176024,NULL
153434,176025,NULL
153435,176026,NULL
153436,176027,NULL
153437,176028,NULL
153438,176029,NULL
153439,176030,NULL
153440,176031,NULL
153441,176032,NULL
153442,176033,NULL
153443,176034,NULL
153444,176035,NULL
153445,176036,NULL
153446,176037,NULL
153447,176038,NULL
153448,176039,NULL
153449,176040,NULL
153450,176041,NULL
153451,176043,NULL
153452,176044,NULL
153453,176045,NULL
153454,176046,NULL
153455,176047,NULL
153456,176048,NULL
153457,176050,NULL
153458,176051,NULL
153459,176052,NULL
153460,176054,NULL
153461,176055,NULL
153462,176056,NULL
153463,176057,187341
153464,176058,NULL
153465,176059,181317
153466,176061,NULL
153467,176062,NULL
153468,176063,NULL
153469,176064,NULL
153470,176065,NULL
153471,176066,NULL
153472,176067,NULL
153473,176068,NULL
153474,176069,NULL
153475,176072,NULL
153476,176073,NULL
153477,176074,NULL
153478,176077,NULL
153479,176079,NULL
153480,176080,NULL
153481,176081,NULL
153482,176082,NULL
153483,176083,NULL
153484,176084,NULL
153485,176086,NULL
153486,176088,NULL
153487,176089,NULL
153488,176090,NULL
153489,176092,NULL
153490,176094,NULL
153491,176095,NULL
153492,176096,NULL
153493,176097,NULL
153494,176098,208744
153495,176101,NULL
153496,176102,NULL
153497,176104,NULL
153498,176105,NULL
153499,176106,NULL
153500,176107,NULL
153501,176108,NULL
153502,176109,NULL
153503,176111,NULL
153504,176112,NULL
153505,176113,NULL
153506,176114,NULL
153507,176116,NULL
153508,176117,NULL
153509,176118,NULL
153510,176119,194438
153511,176120,NULL
153512,176121,NULL
153513,176122,196723
153514,176123,NULL
153515,176124,NULL
153516,176125,NULL
153517,176126,NULL
153518,176127,NULL
153519,176128,NULL
153520,176129,196865
153521,176130,NULL
153522,176131,NULL
153523,176133,192015
153523,176133,200811
153523,176133,214192
153524,176134,NULL
153525,176136,NULL
153526,176137,NULL
153527,176138,NULL
153528,176139,NULL
153529,176142,NULL
153530,176144,NULL
153531,176145,NULL
153532,176146,NULL
153533,176149,NULL
153534,176150,NULL
153535,176151,NULL
153536,176152,NULL
153537,176153,NULL
153538,176155,NULL
153539,176156,185738
153540,176157,NULL
153541,176158,NULL
153542,176159,NULL
153543,176160,NULL
153544,176161,NULL
153545,176162,NULL
153546,176163,NULL
153547,176164,NULL
153548,176166,NULL
153549,176168,NULL
153550,176169,NULL
153551,176170,205444
153552,176173,NULL
153553,176174,NULL
153554,176175,NULL
153555,176177,NULL
153556,176180,200124
153556,176180,209622
153556,176180,211897
153557,176181,NULL
153558,176182,NULL
153559,176183,NULL
153560,176184,NULL
153561,176185,NULL
153562,176186,NULL
153563,176187,NULL
153564,176188,180566
153564,176188,186957
153564,176188,193503
153565,176189,NULL
153566,176190,NULL
153567,176191,179194
153567,176191,185015
153567,176191,195114
153568,176192,180042
153568,176192,201967
153568,176192,211302
153569,176193,NULL
153570,176195,NULL
153571,176196,NULL
153572,176197,NULL
153573,176198,NULL
153574,176200,NULL
153575,176201,NULL
153576,176202,201766
153576,176202,208004
153576,176202,219010
153577,176203,206433
153578,176204,NULL
153579,176205,NULL
153580,176206,189603
153581,176207,NULL
153582,176209,NULL
153583,176211,NULL
153584,176212,NULL
153585,176213,NULL
153586,176215,NULL
153587,176216,NULL
153588,176217,NULL
153589,176218,200868
153589,176218,214442
153589,176218,214606
153590,176219,203456
153591,176220,NULL
153592,176221,NULL
153593,176222,NULL
153594,176223,NULL
153595,176224,NULL
153596,176225,NULL
153597,176226,NULL
153598,176228,NULL
153599,176229,NULL
153600,176230,NULL
153601,176231,NULL
153602,176232,NULL
153603,176233,NULL
153604,176234,NULL
153605,176236,NULL
153606,176237,NULL
153607,176238,192939
153608,176239,NULL
153609,176240,NULL
153610,176241,205557
153610,176241,220044
153610,176241,229708
153611,176242,NULL
153612,176243,NULL
153613,176244,NULL
153614,176246,NULL
153615,176247,182350
153615,176247,183538
153615,176247,191117
153616,176248,NULL
153617,176249,NULL
153618,176250,NULL
153619,176251,NULL
153620,176252,NULL
153621,176253,NULL
153622,176254,NULL
153623,176256,NULL
153624,176257,NULL
153625,176258,206397
153626,176259,202221
153626,176259,219501
153626,176259,230709
153627,176260,NULL
153628,176261,NULL
153629,176263,NULL
153630,176264,NULL
153631,176265,NULL
153632,176266,NULL
153633,176267,NULL
153634,176268,NULL
153635,176269,NULL
153636,176270,NULL
153637,176271,NULL
153638,176272,NULL
153639,176273,198009
153640,176274,NULL
153641,176275,201486
153642,176276,191346
153643,176277,NULL
153644,176278,NULL
153645,176279,NULL
153646,176280,NULL
153647,176282,NULL
153648,176283,NULL
153649,176284,197946
153650,176286,NULL
153651,176287,NULL
153652,176288,202995
153653,176289,NULL
153654,176290,NULL
153655,176291,NULL
153656,176292,NULL
153657,176293,192534
153658,176294,NULL
153659,176296,NULL
153660,176297,NULL
153661,176299,NULL
153662,176300,NULL
153663,176301,NULL
153664,176302,NULL
153665,176303,209588
153666,176304,NULL
153667,176305,NULL
153668,176306,NULL
153669,176307,NULL
153670,176309,185014
153670,176309,195149
153670,176309,210372
153671,176312,NULL
153672,176313,NULL
153673,176314,NULL
153674,176315,183525
153675,176317,NULL
153676,176318,NULL
153677,176320,NULL
153678,176322,NULL
153679,176323,NULL
153680,176324,NULL
153681,176326,NULL
153682,176327,201514
153682,176327,204213
153682,176327,215384
153683,176329,NULL
153684,176330,NULL
153685,176332,NULL
153686,176333,NULL
153687,176334,NULL
153688,176335,NULL
153689,176336,NULL
153690,176337,NULL
153691,176338,NULL
153692,176339,NULL
153693,176340,NULL
153694,176341,NULL
153695,176342,NULL
153696,176343,NULL
153697,176344,NULL
153698,176345,192769
153699,176346,NULL
153700,176347,NULL
153701,176348,NULL
153702,176349,177439
153703,176350,209136
153703,176350,210700
153703,176350,224691
153704,176351,189315
153704,176351,196311
153704,176351,201295
153705,176352,NULL
153706,176353,NULL
153707,176355,NULL
153708,176356,NULL
153709,176357,NULL
153710,176360,NULL
153711,176361,NULL
153712,176362,NULL
153713,176364,NULL
153714,176365,NULL
153715,176366,NULL
153716,176368,NULL
153717,176369,NULL
153718,176370,NULL
153719,176371,NULL
153720,176372,NULL
153721,176374,180117
153722,176376,NULL
153723,176378,NULL
153724,176379,NULL
153725,176380,NULL
153726,176381,NULL
153727,176382,NULL
153728,176383,NULL
153729,176384,NULL
153730,176385,NULL
153731,176386,NULL
153732,176387,NULL
153733,176388,NULL
153734,176389,NULL
153735,176390,NULL
153736,176392,184531
153737,176394,NULL
153738,176395,NULL
153739,176396,201173
153740,176397,191527
153740,176397,212987
153740,176397,219689
153741,176398,NULL
153742,176399,NULL
153743,176400,NULL
153744,176401,200867
153745,176402,NULL
153746,176403,NULL
153747,176404,NULL
153748,176405,NULL
153749,176407,193595
153750,176409,NULL
153751,176410,NULL
153752,176412,NULL
153753,176413,NULL
153754,176414,NULL
153755,176415,NULL
153756,176416,NULL
153757,176418,NULL
153758,176419,NULL
153759,176422,NULL
153760,176423,NULL
153761,176424,NULL
153762,176427,199931
153763,176428,180045
153763,176428,197902
153763,176428,207003
153764,176429,NULL
153765,176430,NULL
153766,176433,NULL
153767,176434,NULL
153768,176435,NULL
153769,176436,NULL
153770,176437,NULL
153771,176438,NULL
153772,176439,NULL
153773,176440,NULL
153774,176441,NULL
153775,176442,NULL
153776,176443,NULL
153777,176444,NULL
153778,176445,NULL
153779,176446,NULL
153780,176447,NULL
153781,176448,NULL
153782,176449,NULL
153783,176451,NULL
153784,176452,NULL
153785,176453,NULL
153786,176455,NULL
153787,176456,NULL
153788,176457,208462
153789,176458,NULL
153790,176459,NULL
153791,176460,NULL
153792,176461,NULL
153793,176462,NULL
153794,176463,NULL
153795,176464,190487
153796,176465,NULL
153797,176466,NULL
153798,176467,NULL
153799,176468,NULL
153800,176469,NULL
153801,176471,NULL
153802,176472,NULL
153803,176473,NULL
153804,176474,177603
153804,176474,184859
153804,176474,193877
153805,176475,NULL
153806,176476,208530
153807,176477,NULL
153808,176478,NULL
153809,176481,NULL
153810,176482,192860
153811,176483,NULL
153812,176484,NULL
153813,176486,201812
153814,176487,188124
153815,176489,NULL
153816,176490,NULL
153817,176492,NULL
153818,176493,NULL
153819,176494,NULL
153820,176495,NULL
153821,176496,NULL
153822,176497,NULL
153823,176498,NULL
153824,176499,NULL
153825,176501,NULL
153826,176503,NULL
153827,176504,NULL
153828,176507,NULL
153829,176508,NULL
153830,176509,NULL
153831,176510,NULL
153832,176511,NULL
153833,176512,NULL
153834,176513,NULL
153835,176514,NULL
153836,176515,NULL
153837,176516,NULL
153838,176517,NULL
153839,176518,NULL
153840,176519,NULL
153841,176520,NULL
153842,176521,NULL
153843,176522,207021
153843,176522,218493
153843,176522,224700
153844,176524,NULL
153845,176525,NULL
153846,176526,179820
153847,176527,NULL
153848,176529,185710
153849,176530,NULL
153850,176531,NULL
153851,176532,NULL
153852,176533,NULL
153853,176534,NULL
153854,176535,NULL
153855,176537,NULL
153856,176538,NULL
153857,176539,NULL
153858,176540,NULL
153859,176541,187973
153860,176542,NULL
153861,176544,177595
153862,176545,NULL
153863,176546,NULL
153864,176548,206822
153865,176549,NULL
153866,176550,NULL
153867,176551,NULL
153868,176554,NULL
153869,176555,NULL
153870,176556,NULL
153871,176557,NULL
153872,176558,NULL
153873,176560,NULL
153874,176561,NULL
153875,176562,NULL
153876,176563,NULL
153877,176564,NULL
153878,176565,NULL
153879,176566,NULL
153880,176567,NULL
153881,176569,NULL
153882,176571,NULL
153883,176572,NULL
153884,176573,NULL
153885,176574,NULL
153886,176575,NULL
153887,176577,NULL
153888,176578,NULL
153889,176579,NULL
153890,176580,NULL
153891,176581,NULL
153892,176582,NULL
153893,176585,NULL
153894,176587,NULL
153895,176588,NULL
153896,176589,NULL
153897,176591,NULL
153898,176592,NULL
153899,176593,NULL
153900,176594,NULL
153901,176596,NULL
153902,176597,NULL
153903,176598,NULL
153904,176599,NULL
153905,176601,NULL
153906,176602,NULL
153907,176604,NULL
153908,176607,NULL
153909,176609,NULL
153910,176610,NULL
153911,176611,NULL
153912,176614,NULL
153913,176615,NULL
153914,176616,NULL
153915,176617,NULL
153916,176618,NULL
153917,176619,NULL
153918,176620,184954
153919,176621,NULL
153920,176622,NULL
153921,176624,199949
153921,176624,203312
153921,176624,208028
153922,176625,NULL
153923,176626,188279
153924,176627,NULL
153925,176628,NULL
153926,176629,182843
153926,176629,199065
153926,176629,204382
153927,176630,NULL
153928,176632,202776
153928,176632,207509
153928,176632,219813
153929,176633,NULL
153930,176634,NULL
153931,176635,NULL
153932,176636,NULL
153933,176637,NULL
153934,176638,NULL
153935,176639,NULL
153936,176640,192747
153937,176641,NULL
153938,176642,178035
153939,176644,NULL
153940,176645,NULL
153941,176647,NULL
153942,176648,NULL
153943,176649,NULL
153944,176650,NULL
153945,176651,191542
153946,176652,NULL
153947,176653,NULL
153948,176654,NULL
153949,176655,NULL
153950,176656,NULL
153951,176657,NULL
153952,176658,204097
153953,176659,NULL
153954,176663,NULL
153955,176664,NULL
153956,176665,NULL
153957,176666,NULL
153958,176667,NULL
153959,176668,NULL
153960,176670,NULL
153961,176671,NULL
153962,176672,186534
153963,176674,NULL
153964,176675,NULL
153965,176676,NULL
153966,176677,NULL
153967,176679,NULL
153968,176680,NULL
153969,176681,NULL
153970,176682,NULL
153971,176683,NULL
153972,176685,NULL
153973,176686,NULL
153974,176687,NULL
153975,176688,NULL
153976,176689,NULL
153977,176690,NULL
153978,176691,NULL
153979,176692,NULL
153980,176693,NULL
153981,176694,NULL
153982,176695,NULL
153983,176696,NULL
153984,176697,NULL
153985,176698,NULL
153986,176699,NULL
153987,176700,184045
153988,176701,NULL
153989,176702,NULL
153990,176703,189085
153991,176705,NULL
153992,176706,NULL
153993,176707,NULL
153994,176708,NULL
153995,176710,NULL
153996,176711,NULL
153997,176712,NULL
153998,176714,NULL
153999,176715,NULL
154000,176717,188288
154001,176718,NULL
154002,176719,187343
154003,176720,NULL
154004,176721,NULL
154005,176722,NULL
154006,176724,NULL
154007,176725,NULL
154008,176726,NULL
154009,176729,NULL
154010,176730,NULL
154011,176731,NULL
154012,176732,199347
154013,176733,NULL
154014,176734,NULL
154015,176735,179874
154016,176737,NULL
154017,176738,NULL
154018,176739,NULL
154019,176741,194703
154020,176742,NULL
154021,176743,NULL
154022,176744,203411
154023,176745,NULL
154024,176746,NULL
154025,176748,NULL
154026,176749,NULL
154027,176750,NULL
154028,176751,183461
154029,176752,NULL
154030,176753,NULL
154031,176754,NULL
154032,176755,NULL
154033,176756,NULL
154034,176757,NULL
154035,176758,NULL
154036,176759,NULL
154037,176762,NULL
154038,176763,NULL
154039,176767,NULL
154040,176768,NULL
154041,176769,NULL
154042,176770,NULL
154043,176771,201567
154044,176773,NULL
154045,176774,NULL
154046,176776,NULL
154047,176777,NULL
154048,176778,NULL
154049,176779,NULL
154050,176780,NULL
154051,176782,182188
154051,176782,199657
154051,176782,207155
154052,176783,203875
154053,176784,NULL
154054,176785,NULL
154055,176787,NULL
154056,176788,NULL
154057,176789,NULL
154058,176790,NULL
154059,176791,NULL
154060,176792,NULL
154061,176793,NULL
154062,176794,NULL
154063,176795,NULL
154064,176796,NULL
154065,176797,183901
154066,176799,NULL
154067,176800,NULL
154068,176801,NULL
154069,176802,NULL
154070,176803,180459
154070,176803,200422
154070,176803,211994
154071,176804,NULL
154072,176806,NULL
154073,176807,NULL
154074,176809,177243
154074,176809,197697
154074,176809,205580
154075,176810,NULL
154076,176811,NULL
154077,176812,NULL
154078,176814,NULL
154079,176815,NULL
154080,176816,NULL
154081,176817,NULL
154082,176818,NULL
154083,176819,NULL
154084,176820,202789
154085,176821,188943
154085,176821,193928
154085,176821,201492
154086,176822,NULL
154087,176823,NULL
154088,176824,NULL
154089,176825,NULL
154090,176826,NULL
154091,176827,NULL
154092,176829,202359
154093,176830,NULL
154094,176831,NULL
154095,176833,NULL
154096,176834,NULL
154097,176835,181641
154097,176835,185555
154097,176835,198862
154098,176837,NULL
154099,176838,NULL
154100,176840,NULL
154101,176841,NULL
154102,176842,NULL
154103,176844,NULL
154104,176845,NULL
154105,176846,NULL
154106,176847,NULL
154107,176849,NULL
154108,176850,NULL
154109,176852,NULL
154110,176853,NULL
154111,176856,NULL
154112,176857,NULL
154113,176858,191810
154114,176859,NULL
154115,176860,NULL
154116,176862,NULL
154117,176863,NULL
154118,176865,NULL
154119,176866,NULL
154120,176867,NULL
154121,176868,NULL
154122,176869,NULL
154123,176870,NULL
154124,176871,NULL
154125,176872,199354
154125,176872,215421
154125,176872,224664
154126,176873,NULL
154127,176874,NULL
154128,176875,NULL
154129,176876,NULL
154130,176877,202508
154131,176880,NULL
154132,176881,NULL
154133,176882,NULL
154134,176883,NULL
154135,176886,NULL
154136,176887,NULL
154137,176888,189495
154137,176888,194481
154137,176888,201025
154138,176889,NULL
154139,176890,NULL
154140,176891,NULL
154141,176892,NULL
154142,176894,NULL
154143,176895,NULL
154144,176896,NULL
154145,176897,NULL
154146,176898,NULL
154147,176899,NULL
154148,176900,190590
154149,176901,NULL
154150,176902,NULL
154151,176903,NULL
154152,176904,199857
154153,176906,NULL
154154,176907,NULL
154155,176908,199428
154155,176908,220651
154155,176908,225171
154156,176909,NULL
154157,176910,NULL
154158,176912,NULL
154159,176913,NULL
154160,176914,190068
154160,176914,202078
154160,176914,212256
154161,176915,NULL
154162,176917,NULL
154163,176918,NULL
154164,176919,NULL
154165,176920,NULL
154166,176921,196233
154166,176921,207262
154166,176921,213500
154167,176922,NULL
154168,176923,NULL
154169,176924,204509
154170,176925,NULL
154171,176926,NULL
154172,176927,NULL
154173,176928,NULL
154174,176929,NULL
154175,176930,NULL
154176,176931,NULL
154177,176932,NULL
154178,176933,NULL
154179,176934,NULL
154180,176935,NULL
154181,176936,NULL
154182,176937,NULL
154183,176938,NULL
154184,176940,NULL
154185,176941,191192
154186,176942,NULL
154187,176943,NULL
154188,176944,NULL
154189,176945,NULL
154190,176947,NULL
154191,176948,NULL
154192,176949,NULL
154193,176950,182079
154193,176950,201178
154193,176950,206268
154194,176951,NULL
154195,176952,NULL
154196,176953,NULL
154197,176955,NULL
154198,176956,207820
154198,176956,225120
154198,176956,234599
154199,176958,NULL
154200,176960,182734
154201,176961,213955
154201,176961,226122
154201,176961,237572
154202,176962,NULL
154203,176965,NULL
154204,176967,NULL
154205,176968,205730
154206,176969,NULL
154207,176973,NULL
154208,176974,NULL
154209,176976,NULL
154210,176977,NULL
154211,176978,NULL
154212,176980,NULL
154213,176981,NULL
154214,176982,NULL
154215,176983,NULL
154216,176984,NULL
154217,176985,NULL
154218,176986,NULL
154219,176987,NULL
154220,176988,NULL
154221,176991,183805
154222,176992,NULL
154223,176994,NULL
154224,176995,NULL
154225,176997,194308
154226,176998,210636
154227,176999,NULL
154228,177000,NULL
154229,177001,NULL
154230,177003,198434
154231,177004,NULL
154232,177005,NULL
154233,177006,NULL
154234,177007,NULL
154235,177008,NULL
154236,177009,NULL
154237,177010,NULL
154238,177011,205231
154238,177011,217134
154238,177011,224870
154239,177012,180679
154240,177013,NULL
154241,177014,NULL
154242,177015,NULL
154243,177016,NULL
154244,177017,NULL
154245,177018,NULL
154246,177019,NULL
154247,177020,NULL
154248,177021,NULL
154249,177022,NULL
154250,177023,NULL
154251,177024,NULL
154252,177026,189972
154253,177027,NULL
154254,177028,NULL
154255,177029,NULL
154256,177030,NULL
154257,177031,199072
154258,177033,NULL
154259,177034,NULL
154260,177035,NULL
154261,177036,198093
154261,177036,208816
154261,177036,217139
154262,177037,NULL
154263,177038,NULL
154264,177039,NULL
154265,177040,NULL
154266,177041,193953
154266,177041,200275
154266,177041,207515
154267,177042,NULL
154268,177043,NULL
154269,177044,NULL
154270,177045,NULL
154271,177046,NULL
154272,177047,NULL
154273,177049,NULL
154274,177050,NULL
154275,177051,NULL
154276,177052,NULL
154277,177053,NULL
154278,177054,NULL
154279,177055,NULL
154280,177056,185414
154281,177057,NULL
154282,177058,NULL
154283,177059,NULL
154284,177060,NULL
154285,177061,NULL
154286,177065,NULL
154287,177066,NULL
154288,177067,NULL
154289,177068,NULL
154290,177070,NULL
154291,177071,202941
154292,177072,NULL
154293,177073,NULL
154294,177074,NULL
154295,177075,NULL
154296,177076,NULL
154297,177077,209698
154298,177078,NULL
154299,177080,NULL
154300,177081,NULL
154301,177082,NULL
154302,177083,NULL
154303,177084,191909
154304,177085,NULL
154305,177086,NULL
154306,177087,NULL
154307,177088,185067
154307,177088,191898
154307,177088,194318
154308,177089,NULL
154309,177090,196117
154310,177091,NULL
154311,177092,NULL
154312,177093,207092
154313,177094,NULL
154314,177095,NULL
154315,177096,NULL
154316,177097,NULL
154317,177098,NULL
154318,177099,NULL
154319,177100,NULL
154320,177101,NULL
154321,177103,NULL
154322,177105,NULL
154323,177107,NULL
154324,177108,NULL
154325,177109,NULL
154326,177110,NULL
154327,177111,NULL
154328,177113,NULL
154329,177115,NULL
154330,177117,NULL
154331,177118,NULL
154332,177119,NULL
154333,177120,212091
154334,177122,NULL
154335,177123,NULL
154336,177124,NULL
154337,177125,185438
154337,177125,195624
154337,177125,207148
154338,177126,NULL
154339,177127,NULL
154340,177128,NULL
154341,177129,NULL
154342,177130,NULL
154343,177131,NULL
154344,177132,NULL
154345,177133,NULL
154346,177134,NULL
154347,177135,NULL
154348,177136,213878
154349,177138,NULL
154350,177139,NULL
154351,177140,NULL
154352,177141,NULL
154353,177143,212717
154353,177143,225479
154353,177143,239114
154354,177144,NULL
154355,177145,201404
154355,177145,211050
154355,177145,219780
154356,177146,NULL
154357,177147,NULL
154358,177148,NULL
154359,177149,NULL
154360,177150,NULL
154361,177151,NULL
154362,177153,NULL
154363,177154,NULL
154364,177155,NULL
154365,177156,NULL
154366,177157,204609
154367,177158,NULL
154368,177159,NULL
154369,177160,NULL
154370,177161,NULL
154371,177162,NULL
154372,177164,NULL
154373,177166,NULL
154374,177167,NULL
154375,177169,213386
154375,177169,214819
154375,177169,226870
154376,177170,NULL
154377,177171,191149
154378,177172,NULL
154379,177173,NULL
154380,177174,NULL
154381,177175,NULL
154382,177176,NULL
154383,177177,NULL
154384,177178,NULL
154385,177179,209097
154385,177179,216475
154385,177179,227146
154386,177181,NULL
154387,177182,NULL
154388,177183,NULL
154389,177184,NULL
154390,177185,NULL
154391,177186,188229
154392,177187,NULL
154393,177188,NULL
154394,177189,NULL
154395,177190,NULL
154396,177191,NULL
154397,177192,NULL
154398,177193,185468
154399,177195,NULL
154400,177196,NULL
154401,177197,NULL
154402,177199,NULL
154403,177200,NULL
154404,177201,186466
154405,177203,NULL
154406,177204,NULL
154407,177205,NULL
154408,177206,NULL
154409,177207,NULL
154410,177208,205823
154411,177209,NULL
154412,177210,NULL
154413,177211,NULL
154414,177212,NULL
154415,177215,NULL
154416,177216,196578
154417,177218,NULL
154418,177220,NULL
154419,177221,NULL
154420,177222,205579
154421,177223,NULL
154422,177225,NULL
154423,177226,NULL
154424,177229,NULL
154425,177230,NULL
154426,177231,NULL
154427,177233,NULL
154428,177235,NULL
154429,177236,NULL
154430,177237,NULL
154431,177238,NULL
154432,177239,NULL
154433,177240,NULL
154434,177241,NULL
154435,177242,NULL
154436,177244,NULL
154437,177246,NULL
154438,177248,NULL
154439,177249,NULL
154440,177250,NULL
154441,177253,NULL
154442,177254,NULL
154443,177255,NULL
154444,177256,NULL
154445,177257,NULL
154446,177258,NULL
154447,177260,NULL
154448,177261,NULL
154449,177262,NULL
154450,177263,NULL
154451,177264,NULL
154452,177266,NULL
154453,177267,NULL
154454,177268,NULL
154455,177269,NULL
154456,177273,NULL
154457,177274,NULL
154458,177275,NULL
154459,177276,NULL
154460,177277,NULL
154461,177278,NULL
154462,177279,NULL
154463,177280,NULL
154464,177281,201510
154465,177282,NULL
154466,177283,NULL
154467,177285,NULL
154468,177286,NULL
154469,177287,NULL
154470,177290,NULL
154471,177291,NULL
154472,177292,NULL
154473,177293,NULL
154474,177294,NULL
154475,177295,NULL
154476,177296,194014
154477,177297,NULL
154478,177299,185649
154478,177299,200960
154478,177299,209294
154479,177301,NULL
154480,177302,185049
154481,177305,NULL
154482,177307,NULL
154483,177308,NULL
154484,177310,NULL
154485,177311,NULL
154486,177312,NULL
154487,177313,NULL
154488,177314,NULL
154489,177315,NULL
154490,177316,NULL
154491,177317,NULL
154492,177318,NULL
154493,177319,NULL
154494,177320,NULL
154495,177322,NULL
154496,177323,NULL
154497,177324,NULL
154498,177325,NULL
154499,177327,NULL
154500,177328,NULL
154501,177329,199680
154502,177331,NULL
154503,177333,NULL
154504,177334,NULL
154505,177335,NULL
154506,177336,194657
154507,177337,186977
154508,177338,NULL
154509,177339,NULL
154510,177340,191850
154511,177341,NULL
154512,177342,214393
154513,177343,NULL
154514,177344,NULL
154515,177346,NULL
154516,177347,NULL
154517,177349,NULL
154518,177350,NULL
154519,177351,NULL
154520,177352,NULL
154521,177353,NULL
154522,177354,NULL
154523,177355,NULL
154524,177356,NULL
154525,177357,NULL
154526,177359,NULL
154527,177360,NULL
154528,177361,NULL
154529,177362,NULL
154530,177363,NULL
154531,177364,NULL
154532,177366,NULL
154533,177367,NULL
154534,177368,NULL
154535,177369,189298
154535,177369,206160
154535,177369,216144
154536,177371,199243
154537,177372,NULL
154538,177373,NULL
154539,177374,NULL
154540,177375,NULL
154541,177376,NULL
154542,177377,NULL
154543,177378,NULL
154544,177379,NULL
154545,177380,NULL
154546,177381,NULL
154547,177383,179986
154548,177385,NULL
154549,177386,NULL
154550,177387,202731
154550,177387,210492
154550,177387,215601
154551,177388,NULL
154552,177389,NULL
154553,177390,NULL
154554,177392,NULL
154555,177394,NULL
154556,177395,NULL
154557,177397,NULL
154558,177400,NULL
154559,177401,191494
154559,177401,199267
154559,177401,208736
154560,177402,NULL
154561,177403,NULL
154562,177404,NULL
154563,177406,183087
154564,177407,NULL
154565,177408,NULL
154566,177409,NULL
154567,177410,199973
154567,177410,215744
154567,177410,221571
154568,177411,NULL
154569,177412,NULL
154570,177414,NULL
154571,177415,NULL
154572,177416,NULL
154573,177417,NULL
154574,177418,NULL
154575,177419,NULL
154576,177420,NULL
154577,177421,NULL
154578,177423,NULL
154579,177424,NULL
154580,177425,NULL
154581,177427,NULL
154582,177428,NULL
154583,177429,NULL
154584,177430,NULL
154585,177431,NULL
154586,177432,NULL
154587,177434,NULL
154588,177435,186376
154589,177436,NULL
154590,177437,199564
154591,177438,NULL
154592,177440,NULL
154593,177441,NULL
154594,177442,NULL
154595,177443,NULL
154596,177444,NULL
154597,177445,NULL
154598,177446,207417
154599,177447,NULL
154600,177448,NULL
154601,177449,204141
154602,177450,NULL
154603,177451,NULL
154604,177452,NULL
154605,177453,NULL
154606,177454,NULL
154607,177455,NULL
154608,177456,NULL
154609,177457,NULL
154610,177459,NULL
154611,177460,NULL
154612,177461,NULL
154613,177462,NULL
154614,177463,189922
154615,177464,NULL
154616,177465,NULL
154617,177466,NULL
154618,177467,205895
154618,177467,218010
154618,177467,221593
154619,177468,NULL
154620,177469,NULL
154621,177470,NULL
154622,177471,208252
154623,177472,NULL
154624,177473,NULL
154625,177476,NULL
154626,177477,NULL
154627,177478,NULL
154628,177480,NULL
154629,177481,NULL
154630,177482,NULL
154631,177483,NULL
154632,177484,NULL
154633,177485,NULL
154634,177486,NULL
154635,177488,NULL
154636,177490,NULL
154637,177491,NULL
154638,177492,NULL
154639,177493,211011
154640,177494,181511
154641,177496,NULL
154642,177497,NULL
154643,177498,NULL
154644,177499,NULL
154645,177501,NULL
154646,177502,NULL
154647,177504,NULL
154648,177505,NULL
154649,177506,NULL
154650,177507,NULL
154651,177508,NULL
154652,177509,NULL
154653,177510,NULL
154654,177511,NULL
154655,177512,NULL
154656,177513,NULL
154657,177514,188571
154658,177515,NULL
154659,177516,NULL
154660,177517,185304
154661,177518,NULL
154662,177519,NULL
154663,177520,NULL
154664,177521,NULL
154665,177522,NULL
154666,177523,NULL
154667,177524,208994
154668,177525,NULL
154669,177526,NULL
154670,177527,NULL
154671,177528,NULL
154672,177531,196866
154672,177531,217353
154672,177531,219176
154673,177532,211978
154674,177533,NULL
154675,177534,NULL
154676,177535,NULL
154677,177536,NULL
154678,177538,NULL
154679,177539,NULL
154680,177540,201053
154681,177541,NULL
154682,177542,184689
154682,177542,202639
154682,177542,203943
154683,177543,186477
154684,177544,NULL
154685,177545,NULL
154686,177546,NULL
154687,177547,208929
154688,177548,NULL
154689,177549,NULL
154690,177550,NULL
154691,177551,204545
154692,177552,NULL
154693,177553,NULL
154694,177554,NULL
154695,177555,NULL
154696,177556,NULL
154697,177558,NULL
154698,177559,NULL
154699,177560,NULL
154700,177561,184097
154701,177562,NULL
154702,177563,201623
154703,177564,NULL
154704,177565,182447
154704,177565,201372
154704,177565,202816
154705,177566,NULL
154706,177567,NULL
154707,177569,NULL
154708,177570,NULL
154709,177572,NULL
154710,177573,NULL
154711,177574,192208
154712,177575,NULL
154713,177576,NULL
154714,177577,201199
154715,177578,NULL
154716,177579,NULL
154717,177582,NULL
154718,177583,NULL
154719,177585,181626
154720,177586,NULL
154721,177588,NULL
154722,177589,NULL
154723,177590,NULL
154724,177592,NULL
154725,177593,NULL
154726,177594,NULL
154727,177596,NULL
154728,177597,NULL
154729,177598,NULL
154730,177599,202754
154730,177599,209717
154730,177599,218155
154731,177601,NULL
154732,177602,NULL
154733,177604,209038
154733,177604,218085
154733,177604,224194
154734,177605,NULL
154735,177606,NULL
154736,177607,NULL
154737,177609,NULL
154738,177610,NULL
154739,177611,NULL
154740,177612,NULL
154741,177613,NULL
154742,177614,NULL
154743,177615,NULL
154744,177616,NULL
154745,177618,NULL
154746,177619,NULL
154747,177620,NULL
154748,177621,NULL
154749,177622,NULL
154750,177623,NULL
154751,177625,NULL
154752,177626,NULL
154753,177628,NULL
154754,177630,NULL
154755,177631,211412
154755,177631,220890
154755,177631,227057
154756,177632,NULL
154757,177633,NULL
154758,177634,NULL
154759,177635,NULL
154760,177636,212658
154761,177638,NULL
154762,177639,NULL
154763,177640,NULL
154764,177642,180504
154764,177642,186871
154764,177642,195139
154765,177643,NULL
154766,177644,NULL
154767,177646,NULL
154768,177649,183864
154769,177650,NULL
154770,177651,NULL
154771,177653,198230
154772,177654,NULL
154773,177655,NULL
154774,177656,NULL
154775,177657,NULL
154776,177658,NULL
154777,177659,NULL
154778,177660,NULL
154779,177661,NULL
154780,177663,NULL
154781,177664,NULL
154782,177665,NULL
154783,177666,NULL
154784,177667,NULL
154785,177668,NULL
154786,177670,NULL
154787,177671,NULL
154788,177672,NULL
154789,177673,NULL
154790,177674,NULL
154791,177675,NULL
154792,177676,NULL
154793,177677,NULL
154794,177678,NULL
154795,177680,NULL
154796,177681,NULL
154797,177682,NULL
154798,177683,NULL
154799,177684,NULL
154800,177687,194017
154800,177687,199609
154800,177687,210236
154801,177688,NULL
154802,177689,NULL
154803,177690,NULL
154804,177691,NULL
154805,177692,NULL
154806,177693,182235
154806,177693,200309
154806,177693,214123
154807,177694,NULL
154808,177695,NULL
154809,177697,NULL
154810,177698,NULL
154811,177699,NULL
154812,177700,NULL
154813,177701,NULL
154814,177702,NULL
154815,177704,193596
154816,177705,NULL
154817,177706,NULL
154818,177707,NULL
154819,177708,NULL
154820,177709,NULL
154821,177710,NULL
154822,177711,NULL
154823,177713,NULL
154824,177714,NULL
154825,177715,NULL
154826,177716,NULL
154827,177718,NULL
154828,177719,182912
154829,177720,NULL
154830,177721,NULL
154831,177722,NULL
154832,177723,NULL
154833,177725,NULL
154834,177726,NULL
154835,177727,NULL
154836,177728,189792
154837,177729,193744
154838,177730,NULL
154839,177731,187413
154840,177732,NULL
154841,177734,NULL
154842,177737,NULL
154843,177738,NULL
154844,177740,NULL
154845,177741,NULL
154846,177742,207421
154846,177742,221511
154846,177742,227956
154847,177743,NULL
154848,177744,NULL
154849,177745,NULL
154850,177746,NULL
154851,177747,NULL
154852,177748,NULL
154853,177749,NULL
154854,177750,190355
154855,177751,NULL
154856,177753,NULL
154857,177754,181868
154858,177755,NULL
154859,177756,NULL
154860,177757,NULL
154861,177758,NULL
154862,177759,NULL
154863,177760,NULL
154864,177762,NULL
154865,177763,210585
154866,177764,NULL
154867,177765,NULL
154868,177766,NULL
154869,177767,NULL
154870,177769,NULL
154871,177770,199480
154872,177771,NULL
154873,177772,NULL
154874,177773,NULL
154875,177774,NULL
154876,177775,NULL
154877,177776,181780
154877,177776,192030
154877,177776,198051
154878,177777,NULL
154879,177779,NULL
154880,177781,NULL
154881,177782,NULL
154882,177783,207932
154883,177784,NULL
154884,177786,NULL
154885,177787,NULL
154886,177788,NULL
154887,177789,NULL
154888,177791,NULL
154889,177793,NULL
154890,177794,NULL
154891,177795,NULL
154892,177796,NULL
154893,177797,NULL
154894,177798,NULL
154895,177799,NULL
154896,177800,NULL
154897,177801,NULL
154898,177802,NULL
154899,177803,NULL
154900,177804,205625
154901,177806,NULL
154902,177807,NULL
154903,177808,NULL
154904,177809,NULL
154905,177810,NULL
154906,177811,NULL
154907,177812,NULL
154908,177813,NULL
154909,177814,NULL
154910,177815,NULL
154911,177818,NULL
154912,177819,NULL
154913,177820,NULL
154914,177821,NULL
154915,177822,NULL
154916,177823,NULL
154917,177825,211361
154918,177826,NULL
154919,177827,NULL
154920,177828,NULL
154921,177829,NULL
154922,177830,NULL
154923,177831,NULL
154924,177832,NULL
154925,177833,NULL
154926,177834,NULL
154927,177836,NULL
154928,177837,NULL
154929,177838,NULL
154930,177839,NULL
154931,177841,NULL
154932,177844,NULL
154933,177846,NULL
154934,177848,NULL
154935,177849,NULL
154936,177850,NULL
154937,177851,NULL
154938,177852,NULL
154939,177854,NULL
154940,177855,NULL
154941,177856,NULL
154942,177858,NULL
154943,177859,NULL
154944,177860,199713
154944,177860,208452
154944,177860,212706
154945,177861,NULL
154946,177862,210348
154947,177863,NULL
154948,177866,NULL
154949,177867,NULL
154950,177868,NULL
154951,177869,NULL
154952,177870,NULL
154953,177871,NULL
154954,177872,NULL
154955,177873,NULL
154956,177874,NULL
154957,177875,NULL
154958,177876,212768
154959,177877,NULL
154960,177878,NULL
154961,177879,NULL
154962,177880,NULL
154963,177881,NULL
154964,177882,NULL
154965,177886,NULL
154966,177887,NULL
154967,177888,NULL
154968,177889,NULL
154969,177891,NULL
154970,177892,NULL
154971,177893,NULL
154972,177896,NULL
154973,177897,NULL
154974,177898,NULL
154975,177899,NULL
154976,177900,NULL
154977,177901,NULL
154978,177902,NULL
154979,177903,193473
154980,177904,NULL
154981,177905,NULL
154982,177907,NULL
154983,177909,NULL
154984,177910,NULL
154985,177911,NULL
154986,177912,NULL
154987,177914,NULL
154988,177916,NULL
154989,177917,NULL
154990,177919,NULL
154991,177920,NULL
154992,177921,NULL
154993,177922,191163
154993,177922,212199
154993,177922,218052
154994,177924,NULL
154995,177925,NULL
154996,177926,NULL
154997,177927,NULL
154998,177928,NULL
154999,177929,186538
155000,177930,NULL
155001,177931,NULL
155002,177932,NULL
155003,177933,NULL
155004,177934,NULL
155005,177935,NULL
155006,177936,NULL
155007,177938,191762
155008,177939,193808
155009,177940,NULL
155010,177942,NULL
155011,177943,188069
155011,177943,208060
155011,177943,220928
155012,177944,NULL
155013,177945,NULL
155014,177946,NULL
155015,177948,NULL
155016,177949,NULL
155017,177952,NULL
155018,177954,NULL
155019,177955,NULL
155020,177956,NULL
155021,177957,NULL
155022,177958,NULL
155023,177959,NULL
155024,177960,189066
155024,177960,202929
155024,177960,211269
155025,177961,NULL
155026,177963,NULL
155027,177964,NULL
155028,177965,NULL
155029,177966,NULL
155030,177967,NULL
155031,177969,NULL
155032,177970,NULL
155033,177971,NULL
155034,177972,NULL
155035,177973,NULL
155036,177974,NULL
155037,177975,NULL
155038,177976,NULL
155039,177977,NULL
155040,177978,NULL
155041,177979,NULL
155042,177980,NULL
155043,177981,NULL
155044,177982,NULL
155045,177983,NULL
155046,177985,NULL
155047,177986,NULL
155048,177987,184143
155048,177987,203220
155048,177987,211786
155049,177988,NULL
155050,177990,NULL
155051,177991,NULL
155052,177992,NULL
155053,177995,NULL
155054,177997,NULL
155055,177999,197967
155055,177999,212954
155055,177999,224346
155056,178000,NULL
155057,178001,NULL
155058,178002,NULL
155059,178003,NULL
155060,178004,187073
155061,178005,NULL
155062,178006,NULL
155063,178008,NULL
155064,178009,NULL
155065,178010,182890
155066,178011,NULL
155067,178013,NULL
155068,178015,184741
155068,178015,196360
155068,178015,210396
155069,178016,NULL
155070,178017,NULL
155071,178018,NULL
155072,178019,NULL
155073,178020,NULL
155074,178021,NULL
155075,178022,NULL
155076,178023,NULL
155077,178024,NULL
155078,178025,NULL
155079,178026,NULL
155080,178028,210948
155081,178029,NULL
155082,178031,201625
155083,178032,NULL
155084,178034,NULL
155085,178036,NULL
155086,178037,NULL
155087,178039,189934
155088,178040,206698
155089,178041,NULL
155090,178042,NULL
155091,178043,NULL
155092,178044,NULL
155093,178046,NULL
155094,178047,NULL
155095,178049,NULL
155096,178050,NULL
155097,178051,195903
155097,178051,200591
155097,178051,203144
155098,178052,NULL
155099,178053,NULL
155100,178054,207688
155101,178055,185841
155101,178055,190592
155101,178055,205845
155102,178056,209157
155103,178058,214209
155104,178059,NULL
155105,178060,NULL
155106,178061,NULL
155107,178062,NULL
155108,178065,NULL
155109,178066,NULL
155110,178067,NULL
155111,178068,NULL
155112,178069,NULL
155113,178070,206154
155114,178071,NULL
155115,178072,NULL
155116,178073,NULL
155117,178074,NULL
155118,178075,NULL
155119,178076,NULL
155120,178077,NULL
155121,178078,NULL
155122,178080,NULL
155123,178081,NULL
155124,178082,NULL
155125,178083,NULL
155126,178084,NULL
155127,178085,NULL
155128,178086,212538
155128,178086,231129
155128,178086,243045
155129,178087,NULL
155130,178088,NULL
155131,178089,NULL
155132,178090,196684
155133,178091,202236
155134,178092,NULL
155135,178094,NULL
155136,178096,NULL
155137,178097,NULL
155138,178099,NULL
155139,178100,188143
155139,178100,203869
155139,178100,214653
155140,178101,NULL
155141,178103,NULL
155142,178104,NULL
155143,178107,NULL
155144,178112,NULL
155145,178113,NULL
155146,178114,NULL
155147,178115,NULL
155148,178116,NULL
155149,178117,NULL
155150,178118,185914
155150,178118,204353
155150,178118,210926
155151,178119,NULL
155152,178120,NULL
155153,178121,NULL
155154,178122,NULL
155155,178123,188239
155156,178124,NULL
155157,178125,NULL
155158,178128,NULL
155159,178133,209513
155159,178133,212356
155159,178133,215925
155160,178134,NULL
155161,178136,NULL
155162,178137,NULL
155163,178138,187272
155164,178139,200226
155165,178140,NULL
155166,178142,NULL
155167,178143,NULL
155168,178144,197065
155169,178145,NULL
155170,178146,185498
155171,178147,NULL
155172,178148,NULL
155173,178149,NULL
155174,178150,NULL
155175,178154,NULL
155176,178155,NULL
155177,178156,NULL
155178,178157,NULL
155179,178158,185758
155180,178159,NULL
155181,178160,NULL
155182,178161,NULL
155183,178162,NULL
155184,178163,NULL
155185,178164,NULL
155186,178165,NULL
155187,178166,NULL
155188,178167,212518
155189,178168,NULL
155190,178170,194225
155191,178171,NULL
155192,178172,NULL
155193,178173,NULL
155194,178174,182894
155195,178175,NULL
155196,178176,NULL
155197,178177,NULL
155198,178179,NULL
155199,178180,206973
155199,178180,213354
155199,178180,223653
155200,178181,NULL
155201,178183,NULL
155202,178184,187329
155203,178186,NULL
155204,178187,NULL
155205,178188,NULL
155206,178191,NULL
155207,178192,NULL
155208,178193,NULL
155209,178194,NULL
155210,178195,NULL
155211,178196,NULL
155212,178197,NULL
155213,178198,NULL
155214,178199,NULL
155215,178200,NULL
155216,178203,NULL
155217,178205,NULL
155218,178206,NULL
155219,178207,186456
155220,178208,210386
155221,178209,NULL
155222,178210,NULL
155223,178211,187809
155224,178213,NULL
155225,178214,187806
155226,178215,201633
155227,178216,NULL
155228,178217,NULL
155229,178218,NULL
155230,178219,NULL
155231,178221,NULL
155232,178222,NULL
155233,178223,NULL
155234,178224,NULL
155235,178225,NULL
155236,178226,NULL
155237,178227,NULL
155238,178229,NULL
155239,178230,NULL
155240,178231,NULL
155241,178232,NULL
155242,178235,197393
155243,178236,NULL
155244,178237,NULL
155245,178238,NULL
155246,178239,191078
155246,178239,206379
155246,178239,211013
155247,178240,NULL
155248,178241,NULL
155249,178242,NULL
155250,178243,NULL
155251,178244,NULL
155252,178246,NULL
155253,178247,NULL
155254,178248,NULL
155255,178249,184117
155256,178250,NULL
155257,178251,NULL
155258,178253,NULL
155259,178255,NULL
155260,178256,NULL
155261,178258,NULL
155262,178259,NULL
155263,178260,NULL
155264,178261,NULL
155265,178262,197966
155266,178263,186656
155267,178264,NULL
155268,178265,NULL
155269,178266,204201
155270,178267,197377
155271,178268,NULL
155272,178270,NULL
155273,178272,NULL
155274,178273,NULL
155275,178274,NULL
155276,178275,NULL
155277,178276,NULL
155278,178277,NULL
155279,178278,193976
155280,178282,NULL
155281,178283,NULL
155282,178284,NULL
155283,178285,NULL
155284,178286,NULL
155285,178287,NULL
155286,178288,NULL
155287,178289,NULL
155288,178290,NULL
155289,178291,180489
155289,178291,195814
155289,178291,202056
155290,178292,NULL
155291,178293,NULL
155292,178294,NULL
155293,178295,NULL
155294,178296,NULL
155295,178297,NULL
155296,178298,NULL
155297,178299,NULL
155298,178300,200175
155299,178301,NULL
155300,178302,NULL
155301,178303,182646
155302,178304,NULL
155303,178305,NULL
155304,178306,NULL
155305,178307,212377
155306,178310,NULL
155307,178311,NULL
155308,178312,NULL
155309,178313,NULL
155310,178314,NULL
155311,178315,NULL
155312,178318,NULL
155313,178319,NULL
155314,178320,NULL
155315,178321,NULL
155316,178322,196467
155317,178323,195294
155318,178324,NULL
155319,178326,NULL
155320,178327,NULL
155321,178328,NULL
155322,178329,NULL
155323,178330,NULL
155324,178332,NULL
155325,178333,NULL
155326,178334,NULL
155327,178335,NULL
155328,178336,NULL
155329,178337,NULL
155330,178338,NULL
155331,178339,NULL
155332,178340,192119
155333,178341,NULL
155334,178342,188662
155334,178342,199658
155334,178342,210145
155335,178343,204150
155336,178345,NULL
155337,178346,NULL
155338,178347,NULL
155339,178348,NULL
155340,178349,NULL
155341,178351,NULL
155342,178352,NULL
155343,178353,NULL
155344,178354,NULL
155345,178355,NULL
155346,178356,NULL
155347,178357,185772
155348,178358,NULL
155349,178364,NULL
155350,178365,NULL
155351,178366,NULL
155352,178367,NULL
155353,178368,NULL
155354,178369,NULL
155355,178370,NULL
155356,178371,NULL
155357,178372,NULL
155358,178373,NULL
155359,178375,NULL
155360,178376,NULL
155361,178378,NULL
155362,178379,NULL
155363,178380,NULL
155364,178381,187773
155365,178382,NULL
155366,178383,NULL
155367,178384,NULL
155368,178385,181402
155369,178386,NULL
155370,178387,NULL
155371,178388,NULL
155372,178389,NULL
155373,178391,NULL
155374,178392,NULL
155375,178393,NULL
155376,178394,NULL
155377,178396,212613
155378,178397,NULL
155379,178398,199876
155380,178399,NULL
155381,178400,193548
155381,178400,198533
155381,178400,201228
155382,178401,NULL
155383,178402,NULL
155384,178403,200085
155385,178405,NULL
155386,178406,NULL
155387,178407,NULL
155388,178408,NULL
155389,178409,NULL
155390,178410,210992
155391,178411,NULL
155392,178413,NULL
155393,178415,195980
155394,178416,NULL
155395,178417,200219
155396,178419,NULL
155397,178420,NULL
155398,178421,NULL
155399,178422,NULL
155400,178424,NULL
155401,178425,NULL
155402,178426,NULL
155403,178428,NULL
155404,178429,NULL
155405,178430,NULL
155406,178431,NULL
155407,178433,NULL
155408,178434,NULL
155409,178435,NULL
155410,178436,184268
155411,178438,NULL
155412,178439,NULL
155413,178440,NULL
155414,178441,NULL
155415,178442,NULL
155416,178444,NULL
155417,178445,NULL
155418,178446,NULL
155419,178447,NULL
155420,178449,NULL
155421,178450,NULL
155422,178451,NULL
155423,178453,NULL
155424,178454,NULL
155425,178455,NULL
155426,178456,NULL
155427,178457,NULL
155428,178458,NULL
155429,178459,NULL
155430,178461,NULL
155431,178464,NULL
155432,178466,NULL
155433,178467,NULL
155434,178468,NULL
155435,178469,NULL
155436,178470,NULL
155437,178472,NULL
155438,178473,190823
155438,178473,206959
155438,178473,219939
155439,178475,NULL
155440,178477,NULL
155441,178479,NULL
155442,178480,NULL
155443,178482,NULL
155444,178483,NULL
155445,178485,NULL
155446,178486,209894
155447,178487,NULL
155448,178488,NULL
155449,178489,NULL
155450,178490,199108
155451,178491,NULL
155452,178493,191955
155453,178494,NULL
155454,178495,NULL
155455,178496,NULL
155456,178497,186205
155457,178498,209644
155458,178499,NULL
155459,178500,NULL
155460,178502,NULL
155461,178503,NULL
155462,178506,NULL
155463,178507,NULL
155464,178508,NULL
155465,178509,NULL
155466,178510,192140
155467,178512,NULL
155468,178513,NULL
155469,178514,NULL
155470,178515,NULL
155471,178516,NULL
155472,178517,NULL
155473,178519,NULL
155474,178520,NULL
155475,178522,188052
155476,178523,193238
155476,178523,205453
155476,178523,210262
155477,178525,199563
155478,178529,NULL
155479,178530,NULL
155480,178531,184367
155481,178532,NULL
155482,178533,NULL
155483,178534,194667
155483,178534,211398
155483,178534,221948
155484,178535,NULL
155485,178536,NULL
155486,178537,184863
155487,178538,NULL
155488,178540,NULL
155489,178541,NULL
155490,178542,NULL
155491,178543,NULL
155492,178545,NULL
155493,178546,NULL
155494,178547,NULL
155495,178548,NULL
155496,178549,NULL
155497,178550,NULL
155498,178552,200905
155499,178553,185341
155500,178555,NULL
155501,178556,NULL
155502,178558,NULL
155503,178559,NULL
155504,178560,NULL
155505,178561,NULL
155506,178562,NULL
155507,178563,NULL
155508,178565,194037
155509,178566,NULL
155510,178568,NULL
155511,178569,NULL
155512,178570,183677
155513,178571,NULL
155514,178572,NULL
155515,178573,193103
155515,178573,198535
155515,178573,209619
155516,178574,NULL
155517,178575,NULL
155518,178576,NULL
155519,178577,NULL
155520,178578,NULL
155521,178579,NULL
155522,178580,NULL
155523,178581,NULL
155524,178583,NULL
155525,178584,NULL
155526,178585,NULL
155527,178586,NULL
155528,178587,NULL
155529,178588,NULL
155530,178589,197794
155531,178590,NULL
155532,178591,NULL
155533,178592,NULL
155534,178593,192010
155534,178593,207359
155534,178593,218908
155535,178594,NULL
155536,178595,NULL
155537,178596,NULL
155538,178597,NULL
155539,178598,210928
155540,178599,205789
155540,178599,210349
155540,178599,214546
155541,178601,NULL
155542,178602,NULL
155543,178603,NULL
155544,178604,NULL
155545,178605,NULL
155546,178606,NULL
155547,178607,NULL
155548,178608,NULL
155549,178611,NULL
155550,178612,NULL
155551,178613,NULL
155552,178614,NULL
155553,178615,NULL
155554,178616,NULL
155555,178617,NULL
155556,178618,NULL
155557,178619,NULL
155558,178620,NULL
155559,178621,NULL
155560,178625,NULL
155561,178627,NULL
155562,178628,NULL
155563,178629,NULL
155564,178630,194710
155564,178630,212037
155564,178630,221773
155565,178631,NULL
155566,178632,NULL
155567,178633,NULL
155568,178635,187219
155568,178635,194421
155568,178635,200740
155569,178636,NULL
155570,178637,207781
155571,178638,NULL
155572,178639,NULL
155573,178640,196645
155574,178641,NULL
155575,178642,186686
155576,178643,NULL
155577,178644,181664
155578,178645,NULL
155579,178647,NULL
155580,178648,NULL
155581,178649,NULL
155582,178653,NULL
155583,178654,NULL
155584,178657,NULL
155585,178658,NULL
155586,178659,NULL
155587,178660,NULL
155588,178662,NULL
155589,178664,NULL
155590,178665,NULL
155591,178667,NULL
155592,178668,NULL
155593,178669,NULL
155594,178670,NULL
155595,178671,NULL
155596,178673,NULL
155597,178675,NULL
155598,178676,NULL
155599,178677,191965
155599,178677,203115
155599,178677,214685
155600,178678,NULL
155601,178680,NULL
155602,178681,NULL
155603,178683,NULL
155604,178684,NULL
155605,178685,NULL
155606,178686,NULL
155607,178687,NULL
155608,178688,NULL
155609,178690,NULL
155610,178691,NULL
155611,178692,NULL
155612,178693,200343
155613,178694,NULL
155614,178696,NULL
155615,178697,NULL
155616,178698,NULL
155617,178700,181053
155618,178701,199631
155619,178704,NULL
155620,178705,NULL
155621,178708,NULL
155622,178709,NULL
155623,178710,NULL
155624,178712,NULL
155625,178713,NULL
155626,178714,NULL
155627,178715,NULL
155628,178716,NULL
155629,178717,NULL
155630,178719,NULL
155631,178720,NULL
155632,178721,NULL
155633,178722,NULL
155634,178723,NULL
155635,178724,NULL
155636,178725,207936
155637,178726,NULL
155638,178727,NULL
155639,178728,NULL
155640,178729,NULL
155641,178732,NULL
155642,178733,212447
155643,178734,NULL
155644,178736,NULL
155645,178737,NULL
155646,178738,NULL
155647,178739,193755
155648,178741,NULL
155649,178742,NULL
155650,178743,199985
155651,178744,201496
155652,178745,NULL
155653,178746,NULL
155654,178747,NULL
155655,178748,183222
155655,178748,204492
155655,178748,211155
155656,178749,NULL
155657,178751,180338
155657,178751,194742
155657,178751,208749
155658,178752,NULL
155659,178753,NULL
155660,178755,NULL
155661,178756,NULL
155662,178759,186411
155663,178760,NULL
155664,178761,NULL
155665,178762,197337
155666,178763,NULL
155667,178764,NULL
155668,178765,208150
155668,178765,216893
155668,178765,226335
155669,178766,NULL
155670,178767,NULL
155671,178768,NULL
155672,178770,NULL
155673,178771,NULL
155674,178772,NULL
155675,178773,NULL
155676,178774,NULL
155677,178775,NULL
155678,178776,NULL
155679,178777,NULL
155680,178778,NULL
155681,178779,NULL
155682,178781,198977
155683,178782,213326
155684,178783,NULL
155685,178789,201657
155686,178790,NULL
155687,178791,NULL
155688,178792,NULL
155689,178793,NULL
155690,178794,NULL
155691,178795,NULL
155692,178796,196444
155693,178797,NULL
155694,178802,NULL
155695,178803,NULL
155696,178804,NULL
155697,178806,NULL
155698,178807,NULL
155699,178808,NULL
155700,178809,186887
155701,178810,NULL
155702,178812,NULL
155703,178813,NULL
155704,178814,NULL
155705,178815,NULL
155706,178816,NULL
155707,178819,NULL
155708,178820,NULL
155709,178821,NULL
155710,178822,NULL
155711,178824,NULL
155712,178825,NULL
155713,178826,NULL
155714,178827,NULL
155715,178828,179761
155716,178829,NULL
155717,178830,NULL
155718,178831,NULL
155719,178832,NULL
155720,178833,NULL
155721,178834,NULL
155722,178836,NULL
155723,178838,NULL
155724,178839,NULL
155725,178840,207087
155726,178841,NULL
155727,178842,NULL
155728,178843,NULL
155729,178844,NULL
155730,178845,NULL
155731,178846,NULL
155732,178848,NULL
155733,178849,NULL
155734,178850,NULL
155735,178851,197229
155736,178852,NULL
155737,178854,NULL
155738,178856,NULL
155739,178857,NULL
155740,178858,NULL
155741,178859,NULL
155742,178860,NULL
155743,178861,NULL
155744,178862,NULL
155745,178865,NULL
155746,178866,NULL
155747,178867,NULL
155748,178868,NULL
155749,178869,NULL
155750,178871,180477
155751,178872,NULL
155752,178873,181495
155753,178874,NULL
155754,178875,NULL
155755,178876,NULL
155756,178877,NULL
155757,178878,NULL
155758,178879,NULL
155759,178880,NULL
155760,178881,NULL
155761,178883,NULL
155762,178884,NULL
155763,178885,NULL
155764,178886,NULL
155765,178887,204493
155765,178887,222505
155765,178887,233343
155766,178888,NULL
155767,178890,201878
155768,178891,NULL
155769,178892,NULL
155770,178894,NULL
155771,178895,NULL
155772,178896,NULL
155773,178897,189819
155773,178897,208926
155773,178897,213646
155774,178899,NULL
155775,178900,NULL
155776,178902,NULL
155777,178903,NULL
155778,178904,NULL
155779,178905,NULL
155780,178906,212456
155781,178907,NULL
155782,178908,NULL
155783,178909,196792
155784,178910,NULL
155785,178911,NULL
155786,178912,NULL
155787,178913,NULL
155788,178914,NULL
155789,178915,NULL
155790,178916,NULL
155791,178917,NULL
155792,178918,206654
155793,178919,NULL
155794,178920,NULL
155795,178922,NULL
155796,178923,NULL
155797,178924,NULL
155798,178925,NULL
155799,178926,NULL
155800,178927,NULL
155801,178928,NULL
155802,178930,NULL
155803,178931,NULL
155804,178933,NULL
155805,178934,NULL
155806,178935,NULL
155807,178936,NULL
155808,178937,185066
155809,178938,NULL
155810,178939,NULL
155811,178940,NULL
155812,178941,NULL
155813,178942,NULL
155814,178943,NULL
155815,178944,NULL
155816,178945,212137
155817,178946,NULL
155818,178947,NULL
155819,178948,NULL
155820,178949,NULL
155821,178950,NULL
155822,178951,NULL
155823,178952,NULL
155824,178953,NULL
155825,178954,NULL
155826,178955,NULL
155827,178956,NULL
155828,178957,NULL
155829,178958,NULL
155830,178960,209810
155830,178960,211934
155830,178960,224571
155831,178962,NULL
155832,178964,NULL
155833,178965,NULL
155834,178966,NULL
155835,178967,NULL
155836,178968,NULL
155837,178969,NULL
155838,178970,NULL
155839,178971,NULL
155840,178972,186723
155840,178972,200291
155840,178972,209954
155841,178973,NULL
155842,178974,NULL
155843,178975,NULL
155844,178977,210602
155844,178977,221666
155844,178977,232709
155845,178979,NULL
155846,178980,NULL
155847,178981,NULL
155848,178982,202308
155849,178983,NULL
155850,178984,NULL
155851,178985,NULL
155852,178986,NULL
155853,178988,NULL
155854,178990,NULL
155855,178992,NULL
155856,178993,NULL
155857,178995,182167
155858,178996,NULL
155859,178998,NULL
155860,178999,NULL
155861,179000,NULL
155862,179001,NULL
155863,179002,NULL
155864,179003,186462
155865,179004,NULL
155866,179005,NULL
155867,179006,NULL
155868,179007,NULL
155869,179008,NULL
155870,179010,NULL
155871,179012,NULL
155872,179013,NULL
155873,179015,NULL
155874,179016,NULL
155875,179017,NULL
155876,179018,NULL
155877,179021,NULL
155878,179022,NULL
155879,179023,NULL
155880,179024,NULL
155881,179027,NULL
155882,179028,185247
155883,179029,NULL
155884,179031,NULL
155885,179032,NULL
155886,179033,NULL
155887,179034,NULL
155888,179035,NULL
155889,179036,182851
155889,179036,192922
155889,179036,197244
155890,179037,NULL
155891,179039,NULL
155892,179040,211015
155893,179041,NULL
155894,179044,NULL
155895,179045,NULL
155896,179047,NULL
155897,179048,NULL
155898,179049,NULL
155899,179050,NULL
155900,179052,NULL
155901,179053,NULL
155902,179054,NULL
155903,179055,181800
155904,179056,NULL
155905,179057,NULL
155906,179059,NULL
155907,179060,NULL
155908,179061,188840
155909,179062,NULL
155910,179063,NULL
155911,179066,NULL
155912,179069,NULL
155913,179070,NULL
155914,179071,200634
155915,179072,NULL
155916,179073,NULL
155917,179075,NULL
155918,179076,201656
155918,179076,204894
155918,179076,216812
155919,179077,NULL
155920,179079,NULL
155921,179080,NULL
155922,179081,NULL
155923,179083,NULL
155924,179084,NULL
155925,179085,NULL
155926,179086,NULL
155927,179087,NULL
155928,179088,NULL
155929,179090,NULL
155930,179091,202687
155931,179093,NULL
155932,179094,209109
155933,179096,NULL
155934,179097,NULL
155935,179098,NULL
155936,179101,NULL
155937,179102,NULL
155938,179105,NULL
155939,179106,NULL
155940,179107,NULL
155941,179108,NULL
155942,179109,NULL
155943,179110,NULL
155944,179111,NULL
155945,179112,NULL
155946,179113,NULL
155947,179114,NULL
155948,179115,NULL
155949,179116,NULL
155950,179117,NULL
155951,179119,195267
155952,179120,NULL
155953,179121,NULL
155954,179123,NULL
155955,179124,NULL
155956,179125,NULL
155957,179126,NULL
155958,179127,NULL
155959,179128,NULL
155960,179129,NULL
155961,179130,NULL
155962,179131,NULL
155963,179132,NULL
155964,179133,NULL
155965,179134,NULL
155966,179135,NULL
155967,179137,NULL
155968,179138,NULL
155969,179140,NULL
155970,179141,NULL
155971,179142,NULL
155972,179144,NULL
155973,179145,NULL
155974,179146,NULL
155975,179148,NULL
155976,179150,NULL
155977,179151,NULL
155978,179152,NULL
155979,179153,NULL
155980,179155,NULL
155981,179156,NULL
155982,179158,NULL
155983,179159,NULL
155984,179160,NULL
155985,179161,NULL
155986,179164,NULL
155987,179165,NULL
155988,179166,NULL
155989,179167,NULL
155990,179169,NULL
155991,179170,NULL
155992,179171,NULL
155993,179172,NULL
155994,179173,NULL
155995,179174,NULL
155996,179175,NULL
155997,179176,NULL
155998,179177,190169
155998,179177,208591
155998,179177,218257
155999,179178,NULL
156000,179179,NULL
156001,179180,202682
156002,179181,NULL
156003,179182,NULL
156004,179183,NULL
156005,179184,NULL
156006,179185,NULL
156007,179186,NULL
156008,179187,NULL
156009,179188,NULL
156010,179189,NULL
156011,179190,NULL
156012,179195,NULL
156013,179196,NULL
156014,179197,203124
156014,179197,210772
156014,179197,217293
156015,179198,NULL
156016,179199,NULL
156017,179200,NULL
156018,179201,NULL
156019,179202,NULL
156020,179203,NULL
156021,179204,NULL
156022,179205,NULL
156023,179206,NULL
156024,179207,NULL
156025,179208,NULL
156026,179209,NULL
156027,179210,NULL
156028,179211,NULL
156029,179212,NULL
156030,179214,197903
156030,179214,213751
156030,179214,222527
156031,179215,NULL
156032,179217,NULL
156033,179218,NULL
156034,179219,NULL
156035,179220,NULL
156036,179226,NULL
156037,179227,NULL
156038,179228,NULL
156039,179229,NULL
156040,179230,NULL
156041,179231,NULL
156042,179232,NULL
156043,179234,NULL
156044,179235,NULL
156045,179236,NULL
156046,179237,184684
156047,179238,NULL
156048,179239,NULL
156049,179240,NULL
156050,179241,NULL
156051,179242,185607
156052,179243,NULL
156053,179245,NULL
156054,179246,NULL
156055,179247,NULL
156056,179249,NULL
156057,179250,NULL
156058,179251,NULL
156059,179252,NULL
156060,179254,NULL
156061,179255,NULL
156062,179256,NULL
156063,179257,185232
156064,179260,NULL
156065,179261,207748
156066,179262,NULL
156067,179263,NULL
156068,179264,NULL
156069,179265,NULL
156070,179266,NULL
156071,179267,NULL
156072,179268,NULL
156073,179269,198706
156073,179269,207612
156073,179269,210551
156074,179270,NULL
156075,179271,NULL
156076,179272,189837
156077,179273,NULL
156078,179275,NULL
156079,179276,NULL
156080,179277,NULL
156081,179279,NULL
156082,179281,NULL
156083,179284,206669
156084,179285,NULL
156085,179286,NULL
156086,179287,NULL
156087,179288,NULL
156088,179289,NULL
156089,179290,NULL
156090,179291,NULL
156091,179292,NULL
156092,179293,NULL
156093,179294,208772
156094,179295,195526
156095,179296,NULL
156096,179297,NULL
156097,179299,NULL
156098,179300,NULL
156099,179301,189669
156100,179304,NULL
156101,179305,NULL
156102,179306,206978
156102,179306,225574
156102,179306,237852
156103,179307,NULL
156104,179308,NULL
156105,179309,NULL
156106,179311,NULL
156107,179312,NULL
156108,179313,NULL
156109,179314,NULL
156110,179315,NULL
156111,179316,NULL
156112,179317,NULL
156113,179320,NULL
156114,179321,NULL
156115,179322,NULL
156116,179323,209918
156117,179324,NULL
156118,179325,NULL
156119,179326,NULL
156120,179327,NULL
156121,179328,NULL
156122,179329,NULL
156123,179331,NULL
156124,179332,NULL
156125,179334,NULL
156126,179335,NULL
156127,179336,NULL
156128,179337,NULL
156129,179339,NULL
156130,179340,NULL
156131,179342,NULL
156132,179344,NULL
156133,179346,NULL
156134,179347,NULL
156135,179348,NULL
156136,179349,NULL
156137,179350,211169
156138,179351,NULL
156139,179352,NULL
156140,179353,NULL
156141,179354,NULL
156142,179361,NULL
156143,179362,NULL
156144,179363,211354
156145,179364,206643
156146,179365,NULL
156147,179366,NULL
156148,179368,NULL
156149,179372,NULL
156150,179373,NULL
156151,179374,NULL
156152,179375,NULL
156153,179376,NULL
156154,179377,NULL
156155,179379,NULL
156156,179380,NULL
156157,179381,NULL
156158,179382,NULL
156159,179383,NULL
156160,179385,NULL
156161,179387,NULL
156162,179389,NULL
156163,179390,NULL
156164,179393,NULL
156165,179394,NULL
156166,179395,NULL
156167,179396,NULL
156168,179398,205913
156168,179398,221865
156168,179398,228219
156169,179399,NULL
156170,179400,179830
156170,179400,200706
156170,179400,207035
156171,179401,209375
156172,179403,NULL
156173,179405,NULL
156174,179407,NULL
156175,179408,NULL
156176,179409,NULL
156177,179410,NULL
156178,179411,NULL
156179,179412,NULL
156180,179414,NULL
156181,179415,185870
156181,179415,202852
156181,179415,211002
156182,179416,NULL
156183,179417,NULL
156184,179418,NULL
156185,179419,NULL
156186,179421,NULL
156187,179422,NULL
156188,179423,182528
156189,179424,NULL
156190,179425,NULL
156191,179426,NULL
156192,179427,NULL
156193,179428,NULL
156194,179429,NULL
156195,179430,NULL
156196,179431,NULL
156197,179432,NULL
156198,179433,NULL
156199,179434,199926
156200,179435,NULL
156201,179436,NULL
156202,179437,NULL
156203,179438,NULL
156204,179439,NULL
156205,179440,187731
156205,179440,196978
156205,179440,208863
156206,179441,203073
156207,179442,NULL
156208,179443,NULL
156209,179444,NULL
156210,179446,NULL
156211,179447,NULL
156212,179448,NULL
156213,179449,NULL
156214,179450,NULL
156215,179451,NULL
156216,179452,188171
156217,179454,NULL
156218,179455,NULL
156219,179456,184751
156220,179457,199924
156221,179458,NULL
156222,179460,181959
156222,179460,197896
156222,179460,207926
156223,179461,214070
156224,179462,NULL
156225,179463,NULL
156226,179464,NULL
156227,179467,NULL
156228,179469,NULL
156229,179470,NULL
156230,179471,NULL
156231,179472,NULL
156232,179475,NULL
156233,179476,NULL
156234,179477,NULL
156235,179478,NULL
156236,179479,NULL
156237,179480,NULL
156238,179482,NULL
156239,179483,181094
156239,179483,195548
156239,179483,199823
156240,179485,NULL
156241,179486,NULL
156242,179487,NULL
156243,179488,NULL
156244,179490,NULL
156245,179491,191533
156246,179493,184246
156247,179494,NULL
156248,179495,NULL
156249,179496,NULL
156250,179497,NULL
156251,179498,NULL
156252,179499,NULL
156253,179500,NULL
156254,179501,NULL
156255,179502,NULL
156256,179503,NULL
156257,179504,NULL
156258,179508,NULL
156259,179510,NULL
156260,179511,NULL
156261,179512,NULL
156262,179513,199989
156263,179514,NULL
156264,179515,NULL
156265,179516,NULL
156266,179517,NULL
156267,179518,NULL
156268,179519,NULL
156269,179520,NULL
156270,179521,NULL
156271,179522,NULL
156272,179524,207497
156272,179524,216006
156272,179524,225401
156273,179525,NULL
156274,179526,NULL
156275,179528,NULL
156276,179529,NULL
156277,179530,NULL
156278,179532,NULL
156279,179534,NULL
156280,179535,NULL
156281,179536,NULL
156282,179537,NULL
156283,179538,NULL
156284,179539,NULL
156285,179540,NULL
156286,179541,NULL
156287,179542,NULL
156288,179543,NULL
156289,179544,NULL
156290,179545,NULL
156291,179546,NULL
156292,179547,NULL
156293,179548,NULL
156294,179549,NULL
156295,179550,208639
156296,179551,NULL
156297,179552,211763
156298,179553,NULL
156299,179554,NULL
156300,179556,NULL
156301,179557,NULL
156302,179558,NULL
156303,179559,NULL
156304,179560,NULL
156305,179561,NULL
156306,179562,NULL
156307,179563,NULL
156308,179564,NULL
156309,179565,NULL
156310,179567,NULL
156311,179568,NULL
156312,179569,NULL
156313,179570,NULL
156314,179571,NULL
156315,179572,NULL
156316,179573,NULL
156317,179574,NULL
156318,179575,NULL
156319,179576,NULL
156320,179577,NULL
156321,179578,NULL
156322,179580,NULL
156323,179581,NULL
156324,179582,NULL
156325,179583,NULL
156326,179584,NULL
156327,179585,NULL
156328,179586,NULL
156329,179587,NULL
156330,179589,NULL
156331,179590,199991
156331,179590,206659
156331,179590,217855
156332,179591,NULL
156333,179592,NULL
156334,179593,NULL
156335,179594,184039
156336,179595,196278
156337,179596,NULL
156338,179597,NULL
156339,179599,NULL
156340,179600,NULL
156341,179601,NULL
156342,179603,NULL
156343,179604,210009
156343,179604,226200
156343,179604,236442
156344,179605,183678
156344,179605,188663
156344,179605,197760
156345,179606,NULL
156346,179607,NULL
156347,179608,NULL
156348,179610,NULL
156349,179611,NULL
156350,179612,200115
156351,179614,204276
156352,179615,NULL
156353,179616,NULL
156354,179617,NULL
156355,179619,NULL
156356,179621,NULL
156357,179623,NULL
156358,179624,NULL
156359,179625,NULL
156360,179626,NULL
156361,179627,NULL
156362,179628,NULL
156363,179629,NULL
156364,179631,189322
156365,179632,NULL
156366,179633,NULL
156367,179634,196357
156368,179636,NULL
156369,179638,NULL
156370,179639,NULL
156371,179640,NULL
156372,179642,NULL
156373,179643,NULL
156374,179646,195849
156375,179647,185091
156376,179648,NULL
156377,179649,NULL
156378,179650,NULL
156379,179652,195190
156380,179653,NULL
156381,179654,NULL
156382,179655,NULL
156383,179656,188875
156384,179657,NULL
156385,179660,NULL
156386,179662,NULL
156387,179663,NULL
156388,179664,NULL
156389,179666,NULL
156390,179667,NULL
156391,179668,NULL
156392,179670,NULL
156393,179671,NULL
156394,179673,NULL
156395,179674,NULL
156396,179675,NULL
156397,179676,198766
156397,179676,206598
156397,179676,214956
156398,179677,NULL
156399,179678,NULL
156400,179679,NULL
156401,179681,NULL
156402,179682,NULL
156403,179683,NULL
156404,179684,NULL
156405,179685,200557
156406,179686,NULL
156407,179687,NULL
156408,179688,201734
156409,179689,208021
156410,179690,NULL
156411,179691,NULL
156412,179693,NULL
156413,179694,NULL
156414,179695,NULL
156415,179696,NULL
156416,179698,NULL
156417,179699,NULL
156418,179700,NULL
156419,179701,NULL
156420,179702,NULL
156421,179703,NULL
156422,179705,NULL
156423,179706,NULL
156424,179707,NULL
156425,179708,NULL
156426,179709,NULL
156427,179710,NULL
156428,179713,NULL
156429,179714,NULL
156430,179715,NULL
156431,179716,NULL
156432,179717,NULL
156433,179718,NULL
156434,179719,212416
156435,179720,NULL
156436,179721,NULL
156437,179722,197097
156438,179726,NULL
156439,179727,NULL
156440,179728,199990
156441,179731,NULL
156442,179732,NULL
156443,179734,NULL
156444,179735,NULL
156445,179736,NULL
156446,179737,190847
156447,179738,NULL
156448,179740,NULL
156449,179742,NULL
156450,179744,NULL
156451,179745,NULL
156452,179746,202976
156452,179746,221728
156452,179746,225933
156453,179747,NULL
156454,179748,NULL
156455,179750,NULL
156456,179751,NULL
156457,179752,NULL
156458,179753,NULL
156459,179754,NULL
156460,179755,NULL
156461,179756,199954
156461,179756,220353
156461,179756,231821
156462,179757,NULL
156463,179759,NULL
156464,179760,NULL
156465,179762,NULL
156466,179763,NULL
156467,179764,NULL
156468,179765,NULL
156469,179766,NULL
156470,179767,NULL
156471,179769,NULL
156472,179770,NULL
156473,179772,NULL
156474,179773,203494
156475,179774,NULL
156476,179775,208446
156476,179775,219582
156476,179775,231594
156477,179776,NULL
156478,179777,NULL
156479,179778,NULL
156480,179779,NULL
156481,179780,NULL
156482,179781,NULL
156483,179783,NULL
156484,179784,NULL
156485,179785,NULL
156486,179786,NULL
156487,179787,NULL
156488,179788,NULL
156489,179789,NULL
156490,179790,213704
156491,179791,NULL
156492,179792,NULL
156493,179793,NULL
156494,179794,NULL
156495,179796,196993
156496,179798,NULL
156497,179799,NULL
156498,179801,NULL
156499,179802,NULL
156500,179805,204810
156501,179806,NULL
156502,179807,NULL
156503,179808,216819
156503,179808,235654
156503,179808,241247
156504,179810,NULL
156505,179811,NULL
156506,179812,NULL
156507,179814,NULL
156508,179815,NULL
156509,179816,NULL
156510,179817,NULL
156511,179818,NULL
156512,179819,NULL
156513,179821,NULL
156514,179822,NULL
156515,179823,NULL
156516,179824,NULL
156517,179825,NULL
156518,179826,211527
156519,179827,NULL
156520,179828,NULL
156521,179829,202672
156522,179831,NULL
156523,179832,NULL
156524,179834,NULL
156525,179835,NULL
156526,179836,NULL
156527,179837,NULL
156528,179838,NULL
156529,179841,NULL
156530,179842,NULL
156531,179843,NULL
156532,179844,NULL
156533,179845,NULL
156534,179846,NULL
156535,179849,NULL
156536,179850,205110
156536,179850,219976
156536,179850,227832
156537,179851,NULL
156538,179853,189943
156538,179853,198411
156538,179853,205164
156539,179854,NULL
156540,179855,NULL
156541,179856,NULL
156542,179857,NULL
156543,179858,NULL
156544,179859,NULL
156545,179860,NULL
156546,179861,NULL
156547,179863,NULL
156548,179865,NULL
156549,179866,NULL
156550,179867,199071
156551,179868,NULL
156552,179869,208788
156553,179870,NULL
156554,179871,207643
156554,179871,219784
156554,179871,231847
156555,179872,191780
156556,179873,184579
156556,179873,202195
156556,179873,209577
156557,179875,NULL
156558,179877,NULL
156559,179878,NULL
156560,179879,NULL
156561,179880,213154
156562,179881,NULL
156563,179882,NULL
156564,179885,NULL
156565,179886,NULL
156566,179887,NULL
156567,179888,NULL
156568,179889,NULL
156569,179890,NULL
156570,179891,NULL
156571,179892,189728
156572,179893,NULL
156573,179894,NULL
156574,179895,NULL
156575,179896,187387
156576,179897,NULL
156577,179898,NULL
156578,179899,NULL
156579,179900,NULL
156580,179901,NULL
156581,179902,NULL
156582,179903,185310
156583,179907,NULL
156584,179908,NULL
156585,179909,216253
156586,179910,NULL
156587,179911,NULL
156588,179913,NULL
156589,179914,NULL
156590,179915,NULL
156591,179916,202354
156592,179917,NULL
156593,179918,NULL
156594,179919,NULL
156595,179920,NULL
156596,179921,NULL
156597,179923,189129
156598,179925,NULL
156599,179926,NULL
156600,179928,NULL
156601,179929,NULL
156602,179930,NULL
156603,179932,NULL
156604,179933,NULL
156605,179936,NULL
156606,179937,NULL
156607,179938,NULL
156608,179941,NULL
156609,179942,NULL
156610,179943,206799
156611,179944,NULL
156612,179946,NULL
156613,179947,NULL
156614,179948,NULL
156615,179949,NULL
156616,179950,NULL
156617,179951,NULL
156618,179953,NULL
156619,179955,NULL
156620,179956,NULL
156621,179958,NULL
156622,179959,202520
156622,179959,212668
156622,179959,216738
156623,179960,NULL
156624,179961,NULL
156625,179962,NULL
156626,179963,NULL
156627,179964,191305
156628,179965,NULL
156629,179966,199756
156629,179966,206715
156629,179966,216433
156630,179967,NULL
156631,179968,NULL
156632,179969,NULL
156633,179970,NULL
156634,179972,NULL
156635,179975,216122
156636,179976,212347
156636,179976,229973
156636,179976,240327
156637,179979,NULL
156638,179981,NULL
156639,179982,NULL
156640,179984,NULL
156641,179987,NULL
156642,179988,NULL
156643,179989,NULL
156644,179990,NULL
156645,179991,NULL
156646,179993,NULL
156647,179994,NULL
156648,179995,NULL
156649,179996,NULL
156650,179997,NULL
156651,180000,NULL
156652,180002,NULL
156653,180003,NULL
156654,180004,NULL
156655,180005,209569
156656,180007,NULL
156657,180008,NULL
156658,180009,NULL
156659,180010,NULL
156660,180011,214846
156661,180012,NULL
156662,180013,206706
156663,180014,NULL
156664,180015,NULL
156665,180016,NULL
156666,180017,NULL
156667,180021,NULL
156668,180023,NULL
156669,180024,NULL
156670,180026,NULL
156671,180027,NULL
156672,180028,NULL
156673,180029,204292
156674,180030,216486
156675,180032,NULL
156676,180033,NULL
156677,180034,190916
156678,180035,NULL
156679,180036,NULL
156680,180037,205923
156681,180038,NULL
156682,180039,NULL
156683,180041,188436
156684,180043,NULL
156685,180044,215221
156686,180046,NULL
156687,180047,NULL
156688,180049,NULL
156689,180050,NULL
156690,180051,NULL
156691,180052,NULL
156692,180054,NULL
156693,180055,184154
156694,180056,NULL
156695,180057,NULL
156696,180058,NULL
156697,180059,NULL
156698,180060,NULL
156699,180061,NULL
156700,180062,NULL
156701,180064,199614
156701,180064,204697
156701,180064,212992
156702,180065,NULL
156703,180067,NULL
156704,180068,NULL
156705,180069,201597
156706,180070,NULL
156707,180071,NULL
156708,180072,NULL
156709,180073,NULL
156710,180074,NULL
156711,180075,NULL
156712,180076,211146
156713,180077,NULL
156714,180079,NULL
156715,180081,NULL
156716,180082,NULL
156717,180083,NULL
156718,180084,196164
156718,180084,207171
156718,180084,216868
156719,180087,NULL
156720,180088,NULL
156721,180089,NULL
156722,180090,NULL
156723,180091,NULL
156724,180093,NULL
156725,180094,NULL
156726,180095,NULL
156727,180096,NULL
156728,180098,NULL
156729,180099,NULL
156730,180101,NULL
156731,180102,NULL
156732,180103,NULL
156733,180104,NULL
156734,180105,NULL
156735,180106,190030
156736,180107,NULL
156737,180108,NULL
156738,180109,NULL
156739,180110,NULL
156740,180111,NULL
156741,180112,NULL
156742,180113,NULL
156743,180114,191404
156743,180114,197614
156743,180114,202386
156744,180115,206386
156744,180115,217524
156744,180115,222335
156745,180116,NULL
156746,180118,184068
156747,180119,NULL
156748,180120,NULL
156749,180121,NULL
156750,180122,NULL
156751,180124,NULL
156752,180125,NULL
156753,180126,NULL
156754,180127,NULL
156755,180128,NULL
156756,180129,197528
156757,180130,NULL
156758,180131,NULL
156759,180134,NULL
156760,180135,197513
156761,180136,NULL
156762,180137,190819
156762,180137,201373
156762,180137,208274
156763,180139,NULL
156764,180140,214172
156765,180141,NULL
156766,180143,NULL
156767,180144,NULL
156768,180145,NULL
156769,180146,NULL
156770,180148,NULL
156771,180149,NULL
156772,180150,NULL
156773,180151,NULL
156774,180152,NULL
156775,180153,NULL
156776,180154,NULL
156777,180155,NULL
156778,180156,NULL
156779,180157,NULL
156780,180160,NULL
156781,180161,201422
156782,180162,NULL
156783,180163,NULL
156784,180164,NULL
156785,180166,NULL
156786,180167,NULL
156787,180168,NULL
156788,180169,NULL
156789,180170,NULL
156790,180171,NULL
156791,180173,NULL
156792,180175,NULL
156793,180176,NULL
156794,180177,NULL
156795,180178,NULL
156796,180179,NULL
156797,180180,197938
156798,180181,NULL
156799,180183,NULL
156800,180184,NULL
156801,180185,NULL
156802,180186,NULL
156803,180187,NULL
156804,180188,NULL
156805,180189,NULL
156806,180190,NULL
156807,180191,NULL
156808,180193,NULL
156809,180194,NULL
156810,180196,183596
156811,180198,215901
156812,180199,NULL
156813,180200,198402
156814,180203,186250
156814,180203,204416
156814,180203,217101
156815,180204,NULL
156816,180205,NULL
156817,180207,NULL
156818,180208,NULL
156819,180209,NULL
156820,180210,NULL
156821,180211,NULL
156822,180212,NULL
156823,180213,NULL
156824,180214,NULL
156825,180215,194960
156826,180216,NULL
156827,180217,NULL
156828,180218,NULL
156829,180219,NULL
156830,180220,NULL
156831,180221,197368
156832,180222,NULL
156833,180223,NULL
156834,180225,NULL
156835,180226,184294
156836,180227,NULL
156837,180229,NULL
156838,180230,194772
156839,180232,NULL
156840,180233,NULL
156841,180235,202440
156842,180236,NULL
156843,180237,NULL
156844,180239,NULL
156845,180240,NULL
156846,180241,NULL
156847,180242,NULL
156848,180243,194693
156848,180243,213285
156848,180243,218513
156849,180244,NULL
156850,180245,NULL
156851,180246,NULL
156852,180247,NULL
156853,180248,NULL
156854,180250,NULL
156855,180251,NULL
156856,180252,NULL
156857,180254,NULL
156858,180255,NULL
156859,180257,216566
156860,180258,NULL
156861,180259,NULL
156862,180260,NULL
156863,180261,NULL
156864,180262,NULL
156865,180263,NULL
156866,180264,NULL
156867,180265,184603
156868,180266,NULL
156869,180267,NULL
156870,180269,NULL
156871,180270,NULL
156872,180272,NULL
156873,180274,NULL
156874,180275,NULL
156875,180276,189150
156876,180277,NULL
156877,180278,NULL
156878,180279,NULL
156879,180280,215959
156880,180281,NULL
156881,180282,NULL
156882,180283,NULL
156883,180284,197063
156884,180286,NULL
156885,180287,NULL
156886,180288,NULL
156887,180289,NULL
156888,180290,NULL
156889,180291,NULL
156890,180292,NULL
156891,180293,NULL
156892,180296,NULL
156893,180297,NULL
156894,180298,NULL
156895,180299,NULL
156896,180300,212632
156896,180300,214574
156896,180300,220316
156897,180301,NULL
156898,180302,205063
156899,180303,NULL
156900,180305,187668
156901,180306,NULL
156902,180307,NULL
156903,180308,NULL
156904,180309,NULL
156905,180310,NULL
156906,180311,NULL
156907,180312,NULL
156908,180314,NULL
156909,180315,NULL
156910,180316,NULL
156911,180317,NULL
156912,180318,NULL
156913,180320,NULL
156914,180321,NULL
156915,180322,203649
156916,180323,211229
156917,180324,NULL
156918,180325,NULL
156919,180326,NULL
156920,180327,NULL
156921,180328,NULL
156922,180329,NULL
156923,180330,NULL
156924,180331,NULL
156925,180334,NULL
156926,180335,NULL
156927,180336,NULL
156928,180337,NULL
156929,180339,NULL
156930,180340,NULL
156931,180341,NULL
156932,180342,NULL
156933,180343,NULL
156934,180344,198794
156935,180345,NULL
156936,180346,NULL
156937,180347,NULL
156938,180348,NULL
156939,180349,NULL
156940,180350,NULL
156941,180352,NULL
156942,180354,NULL
156943,180355,NULL
156944,180356,191187
156945,180357,NULL
156946,180358,NULL
156947,180360,NULL
156948,180361,NULL
156949,180362,NULL
156950,180363,NULL
156951,180364,NULL
156952,180365,210967
156953,180366,NULL
156954,180367,190710
156955,180368,NULL
156956,180369,201244
156956,180369,207219
156956,180369,211298
156957,180370,NULL
156958,180372,NULL
156959,180374,NULL
156960,180376,NULL
156961,180377,NULL
156962,180378,213655
156963,180379,203534
156964,180380,187488
156965,180382,NULL
156966,180383,NULL
156967,180385,NULL
156968,180386,NULL
156969,180387,NULL
156970,180388,NULL
156971,180389,NULL
156972,180390,NULL
156973,180391,192219
156974,180392,NULL
156975,180393,NULL
156976,180394,211923
156977,180395,193954
156977,180395,210184
156977,180395,213956
156978,180396,NULL
156979,180397,NULL
156980,180398,213697
156981,180399,NULL
156982,180400,NULL
156983,180401,NULL
156984,180402,197527
156985,180404,NULL
156986,180405,NULL
156987,180406,NULL
156988,180407,NULL
156989,180408,NULL
156990,180409,NULL
156991,180410,NULL
156992,180412,NULL
156993,180413,NULL
156994,180414,NULL
156995,180415,NULL
156996,180417,NULL
156997,180418,217398
156998,180419,NULL
156999,180420,NULL
157000,180421,NULL
157001,180422,NULL
157002,180423,NULL
157003,180424,NULL
157004,180426,NULL
157005,180427,NULL
157006,180428,189682
157007,180430,NULL
157008,180431,NULL
157009,180432,NULL
157010,180433,NULL
157011,180434,NULL
157012,180437,NULL
157013,180438,NULL
157014,180439,NULL
157015,180441,NULL
157016,180442,NULL
157017,180443,NULL
157018,180444,NULL
157019,180445,NULL
157020,180446,NULL
157021,180447,NULL
157022,180448,NULL
157023,180451,NULL
157024,180452,NULL
157025,180453,NULL
157026,180454,NULL
157027,180455,NULL
157028,180456,NULL
157029,180457,NULL
157030,180460,201219
157031,180462,NULL
157032,180463,NULL
157033,180464,NULL
157034,180465,NULL
157035,180467,NULL
157036,180468,199851
157037,180469,NULL
157038,180470,NULL
157039,180471,NULL
157040,180472,NULL
157041,180473,NULL
157042,180475,NULL
157043,180476,NULL
157044,180478,NULL
157045,180479,NULL
157046,180480,NULL
157047,180481,202309
157048,180482,NULL
157049,180483,NULL
157050,180484,NULL
157051,180485,NULL
157052,180486,NULL
157053,180487,NULL
157054,180488,NULL
157055,180490,NULL
157056,180492,NULL
157057,180493,NULL
157058,180494,NULL
157059,180497,NULL
157060,180498,NULL
157061,180499,NULL
157062,180500,NULL
157063,180503,NULL
157064,180505,NULL
157065,180506,NULL
157066,180507,NULL
157067,180508,NULL
157068,180509,NULL
157069,180510,NULL
157070,180511,NULL
157071,180512,NULL
157072,180514,NULL
157073,180515,NULL
157074,180516,197251
157074,180516,207945
157074,180516,213922
157075,180517,197833
157076,180518,NULL
157077,180519,NULL
157078,180520,NULL
157079,180521,NULL
157080,180522,NULL
157081,180523,NULL
157082,180525,NULL
157083,180526,NULL
157084,180527,NULL
157085,180528,NULL
157086,180530,NULL
157087,180532,NULL
157088,180533,NULL
157089,180534,NULL
157090,180535,NULL
157091,180536,NULL
157092,180537,NULL
157093,180538,NULL
157094,180540,NULL
157095,180541,NULL
157096,180542,NULL
157097,180544,204014
157097,180544,217049
157097,180544,228086
157098,180545,204970
157098,180545,214003
157098,180545,224427
157099,180546,NULL
157100,180547,NULL
157101,180548,NULL
157102,180549,NULL
157103,180550,NULL
157104,180552,NULL
157105,180553,217520
157105,180553,235427
157105,180553,246176
157106,180554,NULL
157107,180555,NULL
157108,180556,NULL
157109,180557,207636
157110,180558,198818
157111,180559,NULL
157112,180561,202219
157113,180563,NULL
157114,180564,NULL
157115,180565,NULL
157116,180567,NULL
157117,180568,NULL
157118,180569,NULL
157119,180570,NULL
157120,180571,NULL
157121,180572,NULL
157122,180573,NULL
157123,180574,NULL
157124,180575,NULL
157125,180576,NULL
157126,180577,NULL
157127,180578,NULL
157128,180579,NULL
157129,180580,189966
157130,180581,NULL
157131,180583,NULL
157132,180584,NULL
157133,180585,NULL
157134,180586,NULL
157135,180587,NULL
157136,180588,NULL
157137,180591,NULL
157138,180592,NULL
157139,180593,NULL
157140,180594,NULL
157141,180596,NULL
157142,180598,NULL
157143,180599,NULL
157144,180600,212369
157145,180601,NULL
157146,180602,NULL
157147,180603,NULL
157148,180604,NULL
157149,180605,NULL
157150,180608,NULL
157151,180609,NULL
157152,180610,NULL
157153,180611,NULL
157154,180612,NULL
157155,180613,217248
157156,180614,201739
157157,180615,NULL
157158,180617,NULL
157159,180618,NULL
157160,180619,189390
157161,180620,NULL
157162,180621,NULL
157163,180622,NULL
157164,180623,NULL
157165,180624,NULL
157166,180625,NULL
157167,180627,NULL
157168,180629,NULL
157169,180630,NULL
157170,180631,191383
157171,180632,NULL
157172,180633,NULL
157173,180634,NULL
157174,180635,217355
157174,180635,230297
157174,180635,243088
157175,180636,NULL
157176,180637,NULL
157177,180639,NULL
157178,180640,NULL
157179,180641,NULL
157180,180642,NULL
157181,180643,NULL
157182,180644,NULL
157183,180645,NULL
157184,180646,NULL
157185,180647,NULL
157186,180648,NULL
157187,180649,NULL
157188,180650,NULL
157189,180651,NULL
157190,180653,NULL
157191,180654,NULL
157192,180655,NULL
157193,180656,NULL
157194,180657,NULL
157195,180658,NULL
157196,180659,NULL
157197,180660,NULL
157198,180661,NULL
157199,180662,NULL
157200,180663,207250
157201,180665,NULL
157202,180666,NULL
157203,180667,NULL
157204,180668,NULL
157205,180669,NULL
157206,180671,NULL
157207,180672,NULL
157208,180673,NULL
157209,180674,185913
157210,180676,217292
157211,180678,NULL
157212,180680,NULL
157213,180681,NULL
157214,180682,207169
157215,180683,NULL
157216,180684,NULL
157217,180685,NULL
157218,180686,NULL
157219,180687,NULL
157220,180689,NULL
157221,180690,NULL
157222,180691,NULL
157223,180692,NULL
157224,180693,NULL
157225,180694,NULL
157226,180695,204686
157227,180696,NULL
157228,180697,NULL
157229,180698,NULL
157230,180699,192056
157231,180700,NULL
157232,180702,NULL
157233,180704,NULL
157234,180705,NULL
157235,180706,NULL
157236,180707,NULL
157237,180709,NULL
157238,180710,NULL
157239,180711,NULL
157240,180712,NULL
157241,180713,NULL
157242,180714,NULL
157243,180715,NULL
157244,180716,NULL
157245,180718,NULL
157246,180719,NULL
157247,180721,NULL
157248,180725,NULL
157249,180726,NULL
157250,180727,210223
157251,180728,NULL
157252,180729,NULL
157253,180730,NULL
157254,180731,186646
157255,180732,NULL
157256,180734,NULL
157257,180735,NULL
157258,180736,NULL
157259,180737,NULL
157260,180738,199201
157260,180738,215609
157260,180738,221905
157261,180739,NULL
157262,180740,NULL
157263,180742,NULL
157264,180743,NULL
157265,180745,NULL
157266,180746,NULL
157267,180747,NULL
157268,180749,NULL
157269,180750,NULL
157270,180751,NULL
157271,180752,212640
157272,180753,NULL
157273,180754,NULL
157274,180755,188490
157274,180755,208094
157274,180755,217166
157275,180758,NULL
157276,180759,NULL
157277,180761,183308
157277,180761,188245
157277,180761,201387
157278,180762,NULL
157279,180763,NULL
157280,180764,NULL
157281,180765,NULL
157282,180766,NULL
157283,180767,NULL
157284,180768,NULL
157285,180769,NULL
157286,180770,NULL
157287,180771,NULL
157288,180772,NULL
157289,180773,NULL
157290,180774,184383
157291,180776,NULL
157292,180777,NULL
157293,180778,NULL
157294,180779,204764
157295,180780,NULL
157296,180784,NULL
157297,180785,NULL
157298,180786,NULL
157299,180787,202240
157300,180788,NULL
157301,180789,189849
157302,180790,NULL
157303,180791,NULL
157304,180792,NULL
157305,180793,NULL
157306,180794,216549
157307,180795,NULL
157308,180796,NULL
157309,180797,NULL
157310,180798,NULL
157311,180799,NULL
157312,180800,NULL
157313,180801,NULL
157314,180803,NULL
157315,180804,NULL
157316,180805,NULL
157317,180806,NULL
157318,180808,NULL
157319,180809,NULL
157320,180810,NULL
157321,180811,NULL
157322,180812,NULL
157323,180813,NULL
157324,180814,NULL
157325,180815,NULL
157326,180818,NULL
157327,180819,NULL
157328,180820,NULL
157329,180822,NULL
157330,180823,NULL
157331,180824,NULL
157332,180825,NULL
157333,180827,NULL
157334,180828,NULL
157335,180829,211873
157336,180830,NULL
157337,180832,NULL
157338,180833,NULL
157339,180834,NULL
157340,180835,NULL
157341,180837,NULL
157342,180838,NULL
157343,180839,NULL
157344,180840,184372
157345,180843,NULL
157346,180844,194286
157346,180844,202839
157346,180844,207504
157347,180845,NULL
157348,180846,NULL
157349,180847,NULL
157350,180848,NULL
157351,180849,209512
157352,180850,NULL
157353,180851,NULL
157354,180852,NULL
157355,180853,NULL
157356,180856,NULL
157357,180857,NULL
157358,180858,196238
157359,180859,NULL
157360,180860,NULL
157361,180861,NULL
157362,180862,NULL
157363,180863,NULL
157364,180864,NULL
157365,180865,NULL
157366,180866,210976
157366,180866,225074
157366,180866,233190
157367,180868,NULL
157368,180869,NULL
157369,180870,183884
157370,180871,NULL
157371,180872,188330
157372,180873,214588
157373,180874,NULL
157374,180876,NULL
157375,180877,NULL
157376,180878,NULL
157377,180879,NULL
157378,180880,NULL
157379,180881,NULL
157380,180882,192094
157381,180883,NULL
157382,180884,204388
157383,180885,NULL
157384,180887,195859
157385,180888,NULL
157386,180889,NULL
157387,180890,186342
157388,180891,NULL
157389,180892,NULL
157390,180893,208895
157391,180894,NULL
157392,180895,NULL
157393,180896,NULL
157394,180897,NULL
157395,180898,NULL
157396,180899,NULL
157397,180900,NULL
157398,180901,NULL
157399,180902,NULL
157400,180903,NULL
157401,180904,NULL
157402,180905,NULL
157403,180907,NULL
157404,180908,185916
157405,180909,NULL
157406,180910,NULL
157407,180911,NULL
157408,180912,NULL
157409,180914,NULL
157410,180915,NULL
157411,180916,NULL
157412,180918,NULL
157413,180919,NULL
157414,180920,197949
157414,180920,201390
157414,180920,204587
157415,180921,197895
157416,180922,NULL
157417,180923,NULL
157418,180924,NULL
157419,180925,NULL
157420,180926,NULL
157421,180927,NULL
157422,180928,NULL
157423,180929,NULL
157424,180930,NULL
157425,180931,NULL
157426,180932,187651
157427,180933,NULL
157428,180934,NULL
157429,180935,202081
157430,180936,213205
157431,180937,NULL
157432,180938,NULL
157433,180939,194927
157433,180939,210344
157433,180939,210863
157434,180940,NULL
157435,180941,NULL
157436,180943,NULL
157437,180945,NULL
157438,180946,201655
157439,180947,NULL
157440,180948,NULL
157441,180949,NULL
157442,180950,NULL
157443,180952,NULL
157444,180953,NULL
157445,180954,NULL
157446,180955,NULL
157447,180956,NULL
157448,180957,NULL
157449,180958,201363
157449,180958,220423
157449,180958,222710
157450,180959,NULL
157451,180960,188859
157451,180960,209434
157451,180960,214527
157452,180961,191274
157453,180962,NULL
157454,180964,NULL
157455,180966,200958
157455,180966,218317
157455,180966,226098
157456,180967,NULL
157457,180968,NULL
157458,180970,NULL
157459,180972,NULL
157460,180973,NULL
157461,180974,NULL
157462,180975,NULL
157463,180976,NULL
157464,180977,NULL
157465,180978,NULL
157466,180980,NULL
157467,180981,NULL
157468,180982,NULL
157469,180983,NULL
157470,180984,NULL
157471,180985,204588
157472,180986,NULL
157473,180989,NULL
157474,180990,213251
157475,180991,NULL
157476,180992,NULL
157477,180993,NULL
157478,180994,NULL
157479,180995,192076
157479,180995,203056
157479,180995,216496
157480,180996,217286
157480,180996,221753
157480,180996,233079
157481,180997,NULL
157482,180998,NULL
157483,180999,NULL
157484,181000,NULL
157485,181001,200997
157486,181002,211417
157486,181002,223465
157486,181002,225356
157487,181003,NULL
157488,181004,NULL
157489,181006,NULL
157490,181007,NULL
157491,181008,NULL
157492,181009,NULL
157493,181010,NULL
157494,181011,NULL
157495,181013,NULL
157496,181014,217682
157497,181015,NULL
157498,181016,NULL
157499,181017,198445
157500,181018,NULL
157501,181019,NULL
157502,181020,210283
157503,181021,NULL
157504,181022,NULL
157505,181023,NULL
157506,181024,NULL
157507,181025,NULL
157508,181026,NULL
157509,181027,NULL
157510,181028,NULL
157511,181030,NULL
157512,181031,NULL
157513,181032,NULL
157514,181033,NULL
157515,181034,NULL
157516,181035,NULL
157517,181036,NULL
157518,181037,NULL
157519,181039,NULL
157520,181040,NULL
157521,181041,NULL
157522,181042,194353
157522,181042,200292
157522,181042,211913
157523,181044,NULL
157524,181045,NULL
157525,181046,NULL
157526,181047,NULL
157527,181048,212942
157527,181048,220016
157527,181048,222229
157528,181049,NULL
157529,181050,NULL
157530,181051,NULL
157531,181052,NULL
157532,181054,NULL
157533,181055,NULL
157534,181056,183451
157535,181057,NULL
157536,181058,NULL
157537,181059,NULL
157538,181060,214777
157539,181061,200261
157540,181062,NULL
157541,181063,NULL
157542,181064,NULL
157543,181065,NULL
157544,181066,NULL
157545,181067,NULL
157546,181069,NULL
157547,181071,216814
157547,181071,219317
157547,181071,231463
157548,181072,NULL
157549,181073,NULL
157550,181074,NULL
157551,181075,NULL
157552,181076,NULL
157553,181077,NULL
157554,181078,NULL
157555,181079,NULL
157556,181080,188073
157557,181082,NULL
157558,181084,NULL
157559,181085,NULL
157560,181086,NULL
157561,181087,NULL
157562,181088,NULL
157563,181089,NULL
157564,181090,NULL
157565,181092,NULL
157566,181093,NULL
157567,181096,NULL
157568,181097,NULL
157569,181098,NULL
157570,181100,NULL
157571,181101,NULL
157572,181104,NULL
157573,181105,NULL
157574,181106,NULL
157575,181107,205007
157576,181108,NULL
157577,181109,NULL
157578,181110,NULL
157579,181111,NULL
157580,181113,NULL
157581,181115,NULL
157582,181117,NULL
157583,181118,189965
157584,181119,NULL
157585,181120,NULL
157586,181121,NULL
157587,181122,203164
157588,181123,NULL
157589,181124,NULL
157590,181126,NULL
157591,181127,NULL
157592,181129,NULL
157593,181130,213352
157594,181131,205654
157595,181132,215168
157595,181132,225691
157595,181132,233336
157596,181133,NULL
157597,181135,NULL
157598,181136,NULL
157599,181137,NULL
157600,181138,NULL
157601,181139,NULL
157602,181140,NULL
157603,181141,198161
157603,181141,202981
157603,181141,207299
157604,181142,NULL
157605,181143,NULL
157606,181145,NULL
157607,181146,NULL
157608,181147,NULL
157609,181148,188723
157610,181149,NULL
157611,181150,NULL
157612,181152,NULL
157613,181153,NULL
157614,181155,200383
157615,181156,NULL
157616,181157,NULL
157617,181158,NULL
157618,181160,NULL
157619,181162,NULL
157620,181163,NULL
157621,181164,NULL
157622,181165,NULL
157623,181166,NULL
157624,181167,NULL
157625,181168,213266
157625,181168,226160
157625,181168,235025
157626,181169,NULL
157627,181170,NULL
157628,181171,NULL
157629,181172,NULL
157630,181173,NULL
157631,181175,NULL
157632,181176,NULL
157633,181177,NULL
157634,181178,NULL
157635,181179,NULL
157636,181180,NULL
157637,181181,188899
157637,181181,209461
157637,181181,211715
157638,181182,NULL
157639,181183,NULL
157640,181184,NULL
157641,181185,NULL
157642,181186,NULL
157643,181188,190525
157644,181191,194161
157644,181191,209291
157644,181191,219323
157645,181192,NULL
157646,181193,NULL
157647,181194,NULL
157648,181196,NULL
157649,181197,NULL
157650,181198,NULL
157651,181200,NULL
157652,181201,NULL
157653,181202,NULL
157654,181203,NULL
157655,181204,NULL
157656,181205,NULL
157657,181206,NULL
157658,181207,NULL
157659,181208,NULL
157660,181209,NULL
157661,181211,NULL
157662,181212,NULL
157663,181213,NULL
157664,181214,NULL
157665,181215,NULL
157666,181216,188722
157667,181217,NULL
157668,181218,NULL
157669,181219,NULL
157670,181220,NULL
157671,181221,NULL
157672,181223,192664
157672,181223,200820
157672,181223,209532
157673,181224,NULL
157674,181225,NULL
157675,181228,189029
157676,181229,NULL
157677,181230,NULL
157678,181231,NULL
157679,181232,NULL
157680,181233,NULL
157681,181234,NULL
157682,181235,NULL
157683,181238,NULL
157684,181239,185589
157684,181239,187585
157684,181239,191462
157685,181240,NULL
157686,181241,196009
157687,181242,NULL
157688,181243,NULL
157689,181244,NULL
157690,181246,NULL
157691,181247,NULL
157692,181248,NULL
157693,181249,NULL
157694,181251,NULL
157695,181252,NULL
157696,181253,NULL
157697,181254,NULL
157698,181255,NULL
157699,181256,NULL
157700,181257,NULL
157701,181258,NULL
157702,181259,188616
157703,181260,NULL
157704,181261,NULL
157705,181262,215309
157705,181262,232210
157705,181262,234521
157706,181263,NULL
157707,181264,197485
157708,181266,216872
157709,181267,NULL
157710,181268,NULL
157711,181269,NULL
157712,181270,NULL
157713,181272,197725
157714,181273,NULL
157715,181274,198369
157715,181274,201880
157715,181274,212402
157716,181275,NULL
157717,181276,NULL
157718,181277,NULL
157719,181278,202555
157720,181279,NULL
157721,181280,184671
157722,181281,NULL
157723,181284,NULL
157724,181285,NULL
157725,181286,192203
157725,181286,205088
157725,181286,207360
157726,181287,NULL
157727,181288,NULL
157728,181289,NULL
157729,181290,NULL
157730,181291,NULL
157731,181292,NULL
157732,181293,NULL
157733,181294,NULL
157734,181295,NULL
157735,181298,NULL
157736,181299,207094
157737,181300,NULL
157738,181302,NULL
157739,181303,NULL
157740,181305,NULL
157741,181307,NULL
157742,181308,215665
157742,181308,230785
157742,181308,241253
157743,181309,NULL
157744,181310,NULL
157745,181311,NULL
157746,181312,NULL
157747,181313,NULL
157748,181314,NULL
157749,181315,NULL
157750,181316,NULL
157751,181319,NULL
157752,181320,NULL
157753,181321,195237
157754,181323,NULL
157755,181325,NULL
157756,181326,197085
157757,181328,NULL
157758,181330,NULL
157759,181331,NULL
157760,181332,NULL
157761,181334,NULL
157762,181335,NULL
157763,181336,NULL
157764,181337,NULL
157765,181339,NULL
157766,181340,NULL
157767,181342,199181
157768,181343,NULL
157769,181345,NULL
157770,181346,NULL
157771,181347,NULL
157772,181348,196321
157772,181348,210496
157772,181348,214445
157773,181349,NULL
157774,181350,NULL
157775,181351,NULL
157776,181352,NULL
157777,181353,NULL
157778,181354,NULL
157779,181355,215460
157779,181355,233288
157779,181355,248706
157780,181357,NULL
157781,181358,NULL
157782,181360,NULL
157783,181361,NULL
157784,181362,NULL
157785,181363,202300
157785,181363,204762
157785,181363,215799
157786,181364,NULL
157787,181366,NULL
157788,181367,NULL
157789,181368,NULL
157790,181369,NULL
157791,181370,217695
157791,181370,229866
157791,181370,242272
157792,181371,NULL
157793,181372,209770
157793,181372,220133
157793,181372,228134
157794,181373,NULL
157795,181374,NULL
157796,181375,NULL
157797,181376,NULL
157798,181377,NULL
157799,181378,NULL
157800,181379,211807
157801,181380,NULL
157802,181381,NULL
157803,181382,NULL
157804,181383,NULL
157805,181385,NULL
157806,181386,NULL
157807,181387,NULL
157808,181388,208364
157809,181389,NULL
157810,181390,NULL
157811,181391,NULL
157812,181393,NULL
157813,181394,NULL
157814,181396,NULL
157815,181397,NULL
157816,181399,NULL
157817,181400,NULL
157818,181401,NULL
157819,181403,NULL
157820,181404,NULL
157821,181405,NULL
157822,181406,NULL
157823,181407,NULL
157824,181408,NULL
157825,181409,NULL
157826,181410,NULL
157827,181411,NULL
157828,181412,196852
157829,181413,NULL
157830,181415,NULL
157831,181416,NULL
157832,181417,NULL
157833,181419,NULL
157834,181420,199346
157834,181420,210285
157834,181420,216226
157835,181421,198671
157835,181421,205480
157835,181421,215141
157836,181422,NULL
157837,181423,NULL
157838,181424,NULL
157839,181425,NULL
157840,181426,NULL
157841,181427,NULL
157842,181429,NULL
157843,181431,NULL
157844,181432,NULL
157845,181434,NULL
157846,181435,NULL
157847,181436,186862
157848,181438,NULL
157849,181439,NULL
157850,181440,NULL
157851,181441,NULL
157852,181442,NULL
157853,181445,NULL
157854,181446,NULL
157855,181447,NULL
157856,181448,NULL
157857,181449,NULL
157858,181450,NULL
157859,181451,201346
157860,181452,200785
157861,181453,198641
157862,181454,NULL
157863,181456,NULL
157864,181457,214124
157865,181459,NULL
157866,181461,NULL
157867,181462,NULL
157868,181464,NULL
157869,181465,NULL
157870,181466,NULL
157871,181467,NULL
157872,181468,NULL
157873,181469,NULL
157874,181470,NULL
157875,181471,NULL
157876,181473,NULL
157877,181474,NULL
157878,181476,NULL
157879,181477,NULL
157880,181479,198473
157881,181480,NULL
157882,181481,NULL
157883,181482,NULL
157884,181483,216627
157885,181484,NULL
157886,181487,NULL
157887,181488,NULL
157888,181489,NULL
157889,181490,NULL
157890,181491,NULL
157891,181492,NULL
157892,181493,NULL
157893,181494,213884
157894,181496,NULL
157895,181497,NULL
157896,181498,NULL
157897,181499,NULL
157898,181500,NULL
157899,181501,NULL
157900,181502,NULL
157901,181503,203784
157901,181503,220225
157901,181503,232572
157902,181504,NULL
157903,181505,NULL
157904,181506,NULL
157905,181507,NULL
157906,181508,NULL
157907,181509,NULL
157908,181510,NULL
157909,181512,NULL
157910,181513,NULL
157911,181514,NULL
157912,181515,217603
157913,181516,NULL
157914,181517,NULL
157915,181518,NULL
157916,181519,NULL
157917,181520,NULL
157918,181523,NULL
157919,181524,NULL
157920,181527,NULL
157921,181528,NULL
157922,181530,NULL
157923,181531,NULL
157924,181532,185415
157925,181535,NULL
157926,181536,NULL
157927,181537,NULL
157928,181538,199222
157929,181539,NULL
157930,181540,NULL
157931,181541,NULL
157932,181543,NULL
157933,181544,NULL
157934,181545,214283
157935,181546,NULL
157936,181547,NULL
157937,181550,NULL
157938,181551,NULL
157939,181552,NULL
157940,181553,NULL
157941,181554,NULL
157942,181555,NULL
157943,181556,NULL
157944,181557,NULL
157945,181559,NULL
157946,181561,NULL
157947,181562,NULL
157948,181563,NULL
157949,181564,NULL
157950,181565,NULL
157951,181566,NULL
157952,181567,NULL
157953,181568,NULL
157954,181569,NULL
157955,181570,NULL
157956,181571,212151
157957,181572,NULL
157958,181574,NULL
157959,181575,NULL
157960,181577,183834
157960,181577,190845
157960,181577,199871
157961,181578,191349
157961,181578,208631
157961,181578,218253
157962,181579,189629
157963,181580,NULL
157964,181581,NULL
157965,181583,NULL
157966,181584,NULL
157967,181585,NULL
157968,181587,NULL
157969,181588,NULL
157970,181589,NULL
157971,181591,211310
157972,181592,193257
157973,181593,NULL
157974,181594,NULL
157975,181595,NULL
157976,181596,NULL
157977,181597,NULL
157978,181599,NULL
157979,181600,NULL
157980,181601,201026
157981,181602,211502
157982,181603,NULL
157983,181604,NULL
157984,181605,NULL
157985,181606,NULL
157986,181607,NULL
157987,181609,NULL
157988,181610,NULL
157989,181611,NULL
157990,181612,NULL
157991,181613,NULL
157992,181614,NULL
157993,181615,NULL
157994,181619,NULL
157995,181620,NULL
157996,181621,NULL
157997,181622,NULL
157998,181623,NULL
157999,181624,NULL
158000,181625,NULL
158001,181627,NULL
158002,181628,NULL
158003,181629,NULL
158004,181631,NULL
158005,181632,NULL
158006,181634,NULL
158007,181635,NULL
158008,181637,NULL
158009,181639,NULL
158010,181640,NULL
158011,181642,NULL
158012,181643,216455
158013,181644,NULL
158014,181645,NULL
158015,181646,217138
158015,181646,222469
158015,181646,233619
158016,181647,NULL
158017,181648,NULL
158018,181649,NULL
158019,181650,NULL
158020,181651,NULL
158021,181652,NULL
158022,181653,NULL
158023,181654,NULL
158024,181655,NULL
158025,181656,216901
158026,181657,NULL
158027,181659,214335
158027,181659,215223
158027,181659,220093
158028,181660,NULL
158029,181661,NULL
158030,181662,NULL
158031,181663,NULL
158032,181666,191587
158032,181666,199787
158032,181666,212824
158033,181667,NULL
158034,181668,NULL
158035,181669,NULL
158036,181670,NULL
158037,181671,NULL
158038,181672,NULL
158039,181673,NULL
158040,181674,194315
158041,181675,NULL
158042,181676,NULL
158043,181678,NULL
158044,181680,183727
158044,181680,203381
158044,181680,215935
158045,181681,NULL
158046,181682,NULL
158047,181683,183512
158047,181683,187191
158047,181683,196670
158048,181684,NULL
158049,181685,NULL
158050,181686,NULL
158051,181687,NULL
158052,181688,NULL
158053,181689,NULL
158054,181692,NULL
158055,181693,210540
158056,181694,NULL
158057,181695,NULL
158058,181697,NULL
158059,181698,192620
158059,181698,213696
158059,181698,215169
158060,181699,NULL
158061,181700,NULL
158062,181701,NULL
158063,181702,NULL
158064,181703,NULL
158065,181704,NULL
158066,181705,NULL
158067,181706,NULL
158068,181707,NULL
158069,181708,NULL
158070,181709,NULL
158071,181710,199358
158072,181711,NULL
158073,181712,NULL
158074,181713,NULL
158075,181714,NULL
158076,181715,NULL
158077,181716,NULL
158078,181717,NULL
158079,181718,NULL
158080,181719,NULL
158081,181720,NULL
158082,181721,NULL
158083,181722,NULL
158084,181723,NULL
158085,181724,NULL
158086,181725,NULL
158087,181726,NULL
158088,181727,191337
158088,181727,195965
158088,181727,206747
158089,181728,NULL
158090,181729,NULL
158091,181730,NULL
158092,181731,NULL
158093,181733,NULL
158094,181736,192287
158095,181738,NULL
158096,181739,NULL
158097,181740,NULL
158098,181741,213206
158099,181743,NULL
158100,181744,216460
158101,181745,NULL
158102,181746,NULL
158103,181747,NULL
158104,181748,NULL
158105,181749,NULL
158106,181751,NULL
158107,181752,NULL
158108,181753,NULL
158109,181754,NULL
158110,181755,214623
158110,181755,228288
158110,181755,237643
158111,181756,NULL
158112,181757,NULL
158113,181759,NULL
158114,181760,NULL
158115,181762,NULL
158116,181764,NULL
158117,181765,NULL
158118,181766,NULL
158119,181767,NULL
158120,181769,NULL
158121,181771,210166
158122,181772,NULL
158123,181774,215635
158123,181774,225685
158123,181774,230152
158124,181775,NULL
158125,181776,NULL
158126,181777,NULL
158127,181779,NULL
158128,181781,NULL
158129,181782,205203
158130,181784,189456
158131,181785,NULL
158132,181786,187896
158133,181787,NULL
158134,181788,NULL
158135,181789,NULL
158136,181790,NULL
158137,181791,NULL
158138,181794,NULL
158139,181795,NULL
158140,181796,NULL
158141,181797,NULL
158142,181798,NULL
158143,181799,NULL
158144,181801,NULL
158145,181802,NULL
158146,181803,NULL
158147,181804,NULL
158148,181808,NULL
158149,181809,NULL
158150,181811,NULL
158151,181813,195705
158152,181815,NULL
158153,181816,NULL
158154,181817,NULL
158155,181818,NULL
158156,181819,NULL
158157,181822,NULL
158158,181823,NULL
158159,181824,NULL
158160,181825,NULL
158161,181826,NULL
158162,181827,NULL
158163,181828,NULL
158164,181831,NULL
158165,181833,NULL
158166,181834,NULL
158167,181836,192953
158168,181837,NULL
158169,181838,209679
158170,181840,NULL
158171,181841,NULL
158172,181842,NULL
158173,181843,NULL
158174,181845,NULL
158175,181846,NULL
158176,181847,NULL
158177,181848,NULL
158178,181850,NULL
158179,181851,NULL
158180,181852,NULL
158181,181853,NULL
158182,181854,204324
158183,181855,NULL
158184,181856,NULL
158185,181857,NULL
158186,181858,NULL
158187,181859,NULL
158188,181860,202516
158189,181861,NULL
158190,181862,NULL
158191,181864,NULL
158192,181865,NULL
158193,181866,NULL
158194,181869,NULL
158195,181870,NULL
158196,181871,NULL
158197,181873,NULL
158198,181874,NULL
158199,181875,202450
158199,181875,207686
158199,181875,214537
158200,181876,NULL
158201,181877,NULL
158202,181878,NULL
158203,181879,NULL
158204,181880,NULL
158205,181881,NULL
158206,181882,217768
158207,181883,NULL
158208,181884,NULL
158209,181885,NULL
158210,181886,184833
158210,181886,195224
158210,181886,208633
158211,181887,NULL
158212,181888,NULL
158213,181889,NULL
158214,181890,NULL
158215,181891,NULL
158216,181892,NULL
158217,181893,NULL
158218,181894,NULL
158219,181895,NULL
158220,181896,NULL
158221,181897,210222
158222,181898,NULL
158223,181899,NULL
158224,181901,NULL
158225,181902,NULL
158226,181903,NULL
158227,181904,NULL
158228,181905,NULL
158229,181906,NULL
158230,181907,NULL
158231,181909,NULL
158232,181911,NULL
158233,181912,183979
158234,181913,NULL
158235,181914,NULL
158236,181915,NULL
158237,181916,NULL
158238,181917,NULL
158239,181919,NULL
158240,181920,NULL
158241,181921,NULL
158242,181923,NULL
158243,181924,NULL
158244,181925,NULL
158245,181926,NULL
158246,181927,195566
158246,181927,206139
158246,181927,212918
158247,181928,NULL
158248,181929,NULL
158249,181930,212133
158250,181931,NULL
158251,181932,NULL
158252,181934,NULL
158253,181935,NULL
158254,181936,NULL
158255,181937,NULL
158256,181938,197550
158256,181938,208126
158256,181938,218365
158257,181939,NULL
158258,181940,NULL
158259,181941,NULL
158260,181942,NULL
158261,181943,NULL
158262,181944,NULL
158263,181945,NULL
158264,181946,NULL
158265,181947,NULL
158266,181948,NULL
158267,181950,NULL
158268,181951,NULL
158269,181952,NULL
158270,181953,212607
158271,181954,NULL
158272,181955,NULL
158273,181956,NULL
158274,181958,NULL
158275,181961,NULL
158276,181962,NULL
158277,181963,NULL
158278,181966,NULL
158279,181967,NULL
158280,181968,NULL
158281,181969,NULL
158282,181970,NULL
158283,181972,NULL
158284,181973,NULL
158285,181974,NULL
158286,181975,NULL
158287,181976,213394
158287,181976,215304
158287,181976,226556
158288,181978,NULL
158289,181981,NULL
158290,181982,NULL
158291,181983,NULL
158292,181984,NULL
158293,181985,NULL
158294,181988,NULL
158295,181989,NULL
158296,181990,NULL
158297,181991,NULL
158298,181993,NULL
158299,181994,NULL
158300,181995,NULL
158301,181996,192632
158302,181997,NULL
158303,181998,NULL
158304,181999,201075
158305,182000,NULL
158306,182001,217060
158307,182002,NULL
158308,182003,NULL
158309,182004,NULL
158310,182005,NULL
158311,182006,189028
158311,182006,202926
158311,182006,209420
158312,182007,NULL
158313,182008,NULL
158314,182009,NULL
158315,182010,NULL
158316,182011,NULL
158317,182012,NULL
158318,182013,NULL
158319,182015,NULL
158320,182016,NULL
158321,182017,NULL
158322,182018,NULL
158323,182020,NULL
158324,182022,NULL
158325,182023,NULL
158326,182026,NULL
158327,182027,NULL
158328,182028,NULL
158329,182029,NULL
158330,182030,NULL
158331,182031,NULL
158332,182032,NULL
158333,182033,NULL
158334,182034,NULL
158335,182035,NULL
158336,182036,NULL
158337,182037,NULL
158338,182039,207894
158339,182040,NULL
158340,182041,NULL
158341,182042,NULL
158342,182043,NULL
158343,182045,NULL
158344,182046,NULL
158345,182048,204724
158346,182049,NULL
158347,182050,NULL
158348,182052,NULL
158349,182053,NULL
158350,182054,NULL
158351,182055,NULL
158352,182056,NULL
158353,182057,NULL
158354,182059,NULL
158355,182060,NULL
158356,182062,NULL
158357,182063,205216
158357,182063,212084
158357,182063,217373
158358,182065,NULL
158359,182066,NULL
158360,182068,NULL
158361,182069,NULL
158362,182070,NULL
158363,182071,NULL
158364,182072,NULL
158365,182073,NULL
158366,182074,NULL
158367,182075,NULL
158368,182076,NULL
158369,182077,NULL
158370,182080,185031
158370,182080,190349
158370,182080,202695
158371,182082,NULL
158372,182083,NULL
158373,182084,NULL
158374,182085,NULL
158375,182086,NULL
158376,182087,NULL
158377,182088,NULL
158378,182090,NULL
158379,182091,NULL
158380,182092,NULL
158381,182093,NULL
158382,182094,NULL
158383,182095,NULL
158384,182096,215883
158385,182097,NULL
158386,182098,NULL
158387,182099,193405
158388,182101,NULL
158389,182102,NULL
158390,182104,NULL
158391,182105,NULL
158392,182108,NULL
158393,182109,NULL
158394,182110,NULL
158395,182111,NULL
158396,182112,NULL
158397,182113,NULL
158398,182114,NULL
158399,182115,NULL
158400,182116,NULL
158401,182119,NULL
158402,182120,NULL
158403,182121,NULL
158404,182122,198875
158405,182123,NULL
158406,182124,NULL
158407,182125,NULL
158408,182127,NULL
158409,182128,NULL
158410,182129,NULL
158411,182130,NULL
158412,182132,NULL
158413,182133,190389
158413,182133,194628
158413,182133,200056
158414,182134,NULL
158415,182135,NULL
158416,182136,NULL
158417,182137,NULL
158418,182138,NULL
158419,182139,NULL
158420,182140,NULL
158421,182141,NULL
158422,182143,NULL
158423,182144,NULL
158424,182145,NULL
158425,182146,NULL
158426,182147,NULL
158427,182148,NULL
158428,182149,NULL
158429,182150,NULL
158430,182151,NULL
158431,182152,NULL
158432,182153,NULL
158433,182154,NULL
158434,182157,NULL
158435,182158,NULL
158436,182159,NULL
158437,182160,NULL
158438,182161,NULL
158439,182162,NULL
158440,182163,207159
158441,182164,NULL
158442,182165,NULL
158443,182166,NULL
158444,182168,NULL
158445,182169,NULL
158446,182170,204723
158447,182171,NULL
158448,182172,187608
158449,182174,NULL
158450,182175,NULL
158451,182177,NULL
158452,182179,NULL
158453,182180,NULL
158454,182181,NULL
158455,182182,205144
158456,182183,209984
158457,182184,NULL
158458,182185,NULL
158459,182186,183810
158460,182187,NULL
158461,182189,NULL
158462,182190,NULL
158463,182191,207167
158464,182192,NULL
158465,182193,NULL
158466,182194,NULL
158467,182195,NULL
158468,182196,210622
158469,182198,NULL
158470,182199,NULL
158471,182200,NULL
158472,182201,NULL
158473,182203,NULL
158474,182204,NULL
158475,182205,NULL
158476,182206,183784
158477,182207,NULL
158478,182208,NULL
158479,182209,NULL
158480,182210,NULL
158481,182211,NULL
158482,182212,NULL
158483,182215,NULL
158484,182216,217073
158485,182217,NULL
158486,182218,NULL
158487,182219,NULL
158488,182221,NULL
158489,182222,NULL
158490,182224,185258
158491,182225,199369
158491,182225,216333
158491,182225,222914
158492,182226,215523
158493,182229,NULL
158494,182230,NULL
158495,182231,NULL
158496,182232,NULL
158497,182233,NULL
158498,182234,197988
158499,182236,NULL
158500,182237,NULL
158501,182239,NULL
158502,182240,NULL
158503,182241,NULL
158504,182242,NULL
158505,182243,NULL
158506,182244,NULL
158507,182245,192424
158508,182246,NULL
158509,182247,NULL
158510,182249,NULL
158511,182250,NULL
158512,182251,NULL
158513,182252,NULL
158514,182253,NULL
158515,182254,NULL
158516,182255,188151
158517,182257,NULL
158518,182258,200566
158519,182259,214071
158520,182260,NULL
158521,182262,204630
158521,182262,218169
158521,182262,226201
158522,182264,NULL
158523,182265,NULL
158524,182266,NULL
158525,182267,NULL
158526,182268,NULL
158527,182269,NULL
158528,182270,NULL
158529,182271,NULL
158530,182272,190152
158530,182272,193664
158530,182272,203000
158531,182273,NULL
158532,182274,NULL
158533,182278,NULL
158534,182279,NULL
158535,182280,NULL
158536,182281,NULL
158537,182282,NULL
158538,182283,NULL
158539,182284,NULL
158540,182285,NULL
158541,182286,NULL
158542,182287,NULL
158543,182289,NULL
158544,182291,NULL
158545,182292,NULL
158546,182294,NULL
158547,182295,NULL
158548,182296,NULL
158549,182298,NULL
158550,182299,NULL
158551,182300,NULL
158552,182301,NULL
158553,182303,NULL
158554,182304,NULL
158555,182306,191103
158556,182307,NULL
158557,182309,NULL
158558,182310,NULL
158559,182311,NULL
158560,182313,NULL
158561,182314,200889
158562,182315,209039
158563,182316,NULL
158564,182317,202495
158565,182319,NULL
158566,182321,NULL
158567,182322,NULL
158568,182323,NULL
158569,182324,NULL
158570,182325,NULL
158571,182326,NULL
158572,182327,NULL
158573,182328,NULL
158574,182329,NULL
158575,182330,NULL
158576,182331,NULL
158577,182333,NULL
158578,182334,NULL
158579,182337,NULL
158580,182338,NULL
158581,182339,NULL
158582,182340,NULL
158583,182341,NULL
158584,182342,NULL
158585,182343,NULL
158586,182345,NULL
158587,182346,NULL
158588,182347,NULL
158589,182348,198816
158590,182349,NULL
158591,182351,NULL
158592,182352,NULL
158593,182353,NULL
158594,182354,213748
158595,182355,NULL
158596,182356,NULL
158597,182357,NULL
158598,182358,NULL
158599,182359,NULL
158600,182360,NULL
158601,182361,NULL
158602,182362,190097
158603,182363,205808
158604,182364,NULL
158605,182365,NULL
158606,182366,NULL
158607,182367,NULL
158608,182368,NULL
158609,182369,NULL
158610,182370,214458
158611,182372,193907
158611,182372,209756
158611,182372,218761
158612,182375,NULL
158613,182376,NULL
158614,182378,NULL
158615,182380,NULL
158616,182381,NULL
158617,182382,NULL
158618,182383,NULL
158619,182384,NULL
158620,182385,NULL
158621,182386,NULL
158622,182387,NULL
158623,182388,NULL
158624,182391,NULL
158625,182392,NULL
158626,182395,184719
158627,182396,NULL
158628,182397,NULL
158629,182398,NULL
158630,182399,NULL
158631,182400,NULL
158632,182401,198350
158632,182401,212758
158632,182401,222437
158633,182402,NULL
158634,182405,NULL
158635,182407,NULL
158636,182408,NULL
158637,182409,NULL
158638,182410,NULL
158639,182411,NULL
158640,182412,NULL
158641,182413,NULL
158642,182414,NULL
158643,182415,NULL
158644,182416,NULL
158645,182419,NULL
158646,182420,NULL
158647,182421,NULL
158648,182422,NULL
158649,182423,NULL
158650,182424,NULL
158651,182426,NULL
158652,182427,NULL
158653,182428,200891
158654,182429,NULL
158655,182430,NULL
158656,182431,NULL
158657,182432,183442
158658,182433,NULL
158659,182435,197212
158660,182436,NULL
158661,182437,NULL
158662,182438,NULL
158663,182439,NULL
158664,182440,NULL
158665,182441,NULL
158666,182443,NULL
158667,182445,NULL
158668,182446,NULL
158669,182448,NULL
158670,182449,NULL
158671,182450,NULL
158672,182451,212349
158672,182451,225880
158672,182451,232660
158673,182453,NULL
158674,182454,NULL
158675,182455,NULL
158676,182456,NULL
158677,182457,NULL
158678,182460,NULL
158679,182461,195805
158680,182462,213511
158681,182463,NULL
158682,182464,NULL
158683,182465,NULL
158684,182466,NULL
158685,182467,NULL
158686,182470,NULL
158687,182471,NULL
158688,182472,NULL
158689,182473,NULL
158690,182474,NULL
158691,182476,NULL
158692,182477,NULL
158693,182478,NULL
158694,182481,NULL
158695,182482,NULL
158696,182483,NULL
158697,182484,NULL
158698,182485,NULL
158699,182486,207978
158700,182487,NULL
158701,182488,201261
158702,182489,209433
158703,182490,NULL
158704,182491,NULL
158705,182492,208362
158706,182493,NULL
158707,182494,NULL
158708,182496,NULL
158709,182497,NULL
158710,182498,NULL
158711,182499,NULL
158712,182500,NULL
158713,182502,NULL
158714,182503,NULL
158715,182504,NULL
158716,182505,NULL
158717,182506,NULL
158718,182507,NULL
158719,182508,NULL
158720,182509,NULL
158721,182510,NULL
158722,182511,194280
158723,182513,NULL
158724,182514,NULL
158725,182515,NULL
158726,182517,NULL
158727,182518,195116
158728,182520,NULL
158729,182521,NULL
158730,182522,NULL
158731,182523,NULL
158732,182524,NULL
158733,182526,NULL
158734,182527,NULL
158735,182529,184343
158735,182529,203760
158735,182529,210581
158736,182530,NULL
158737,182532,183449
158737,182532,194643
158737,182532,209747
158738,182533,NULL
158739,182534,217312
158740,182535,NULL
158741,182536,NULL
158742,182537,NULL
158743,182538,NULL
158744,182539,NULL
158745,182540,NULL
158746,182541,NULL
158747,182543,NULL
158748,182544,NULL
158749,182545,NULL
158750,182546,190194
158750,182546,209624
158750,182546,217620
158751,182547,NULL
158752,182548,NULL
158753,182549,NULL
158754,182550,NULL
158755,182551,NULL
158756,182552,195388
158757,182553,NULL
158758,182554,NULL
158759,182555,NULL
158760,182556,NULL
158761,182557,210355
158761,182557,210879
158761,182557,219977
158762,182558,NULL
158763,182559,NULL
158764,182560,NULL
158765,182561,NULL
158766,182562,NULL
158767,182563,NULL
158768,182564,NULL
158769,182565,NULL
158770,182566,NULL
158771,182567,NULL
158772,182568,191402
158773,182569,NULL
158774,182570,NULL
158775,182571,184762
158776,182573,NULL
158777,182574,NULL
158778,182575,NULL
158779,182577,NULL
158780,182579,NULL
158781,182580,NULL
158782,182581,212333
158782,182581,214803
158782,182581,221098
158783,182582,216220
158783,182582,220078
158783,182582,231713
158784,182583,191110
158785,182584,NULL
158786,182585,NULL
158787,182586,NULL
158788,182587,NULL
158789,182588,NULL
158790,182589,211110
158790,182589,231299
158790,182589,235920
158791,182590,NULL
158792,182591,NULL
158793,182592,NULL
158794,182593,NULL
158795,182594,NULL
158796,182595,NULL
158797,182596,217345
158798,182597,NULL
158799,182598,NULL
158800,182601,NULL
158801,182602,NULL
158802,182604,NULL
158803,182605,NULL
158804,182606,204861
158805,182607,NULL
158806,182609,NULL
158807,182611,NULL
158808,182612,NULL
158809,182613,NULL
158810,182615,NULL
158811,182616,NULL
158812,182617,NULL
158813,182618,NULL
158814,182620,NULL
158815,182621,NULL
158816,182622,NULL
158817,182623,NULL
158818,182624,NULL
158819,182625,NULL
158820,182627,NULL
158821,182628,195940
158822,182629,NULL
158823,182630,NULL
158824,182631,NULL
158825,182632,NULL
158826,182633,NULL
158827,182634,NULL
158828,182635,NULL
158829,182636,190116
158830,182637,NULL
158831,182639,201389
158832,182640,NULL
158833,182642,NULL
158834,182643,NULL
158835,182645,NULL
158836,182647,NULL
158837,182648,NULL
158838,182649,NULL
158839,182650,NULL
158840,182651,NULL
158841,182652,NULL
158842,182653,NULL
158843,182654,NULL
158844,182655,NULL
158845,182656,NULL
158846,182657,NULL
158847,182658,NULL
158848,182659,NULL
158849,182660,NULL
158850,182661,NULL
158851,182663,NULL
158852,182664,NULL
158853,182665,NULL
158854,182666,NULL
158855,182667,NULL
158856,182669,NULL
158857,182670,NULL
158858,182671,NULL
158859,182672,NULL
158860,182673,NULL
158861,182674,NULL
158862,182675,NULL
158863,182676,NULL
158864,182678,187641
158864,182678,201545
158864,182678,204698
158865,182679,NULL
158866,182680,NULL
158867,182682,NULL
158868,182683,NULL
158869,182684,NULL
158870,182685,NULL
158871,182686,NULL
158872,182687,NULL
158873,182688,NULL
158874,182689,NULL
158875,182691,NULL
158876,182692,NULL
158877,182693,NULL
158878,182694,NULL
158879,182695,NULL
158880,182696,NULL
158881,182697,NULL
158882,182698,NULL
158883,182700,NULL
158884,182701,184831
158885,182703,NULL
158886,182704,NULL
158887,182705,NULL
158888,182706,NULL
158889,182707,NULL
158890,182708,NULL
158891,182709,NULL
158892,182710,NULL
158893,182711,NULL
158894,182712,NULL
158895,182714,216749
158896,182715,216371
158897,182716,NULL
158898,182717,NULL
158899,182718,NULL
158900,182719,NULL
158901,182720,NULL
158902,182721,NULL
158903,182722,NULL
158904,182723,211989
158904,182723,222429
158904,182723,236289
158905,182724,207754
158906,182725,NULL
158907,182726,NULL
158908,182727,NULL
158909,182728,NULL
158910,182729,NULL
158911,182731,NULL
158912,182732,NULL
158913,182733,207910
158914,182735,NULL
158915,182736,NULL
158916,182737,NULL
158917,182738,NULL
158918,182739,NULL
158919,182740,NULL
158920,182741,NULL
158921,182742,NULL
158922,182744,NULL
158923,182746,NULL
158924,182747,NULL
158925,182748,NULL
158926,182749,212400
158927,182751,NULL
158928,182752,NULL
158929,182753,NULL
158930,182755,NULL
158931,182758,205809
158931,182758,223549
158931,182758,225566
158932,182759,NULL
158933,182760,NULL
158934,182761,187398
158935,182762,NULL
158936,182763,NULL
158937,182764,NULL
158938,182765,NULL
158939,182767,NULL
158940,182768,NULL
158941,182769,NULL
158942,182770,NULL
158943,182772,199714
158944,182773,NULL
158945,182774,NULL
158946,182775,NULL
158947,182776,NULL
158948,182778,200171
158948,182778,206220
158948,182778,211810
158949,182779,NULL
158950,182780,NULL
158951,182781,214643
158952,182782,NULL
158953,182785,NULL
158954,182786,NULL
158955,182787,NULL
158956,182788,NULL
158957,182789,NULL
158958,182790,201114
158959,182791,215583
158960,182792,NULL
158961,182793,NULL
158962,182794,NULL
158963,182796,NULL
158964,182797,NULL
158965,182799,NULL
158966,182800,NULL
158967,182801,NULL
158968,182802,NULL
158969,182803,NULL
158970,182804,NULL
158971,182806,NULL
158972,182807,NULL
158973,182808,NULL
158974,182809,NULL
158975,182810,190505
158976,182811,NULL
158977,182813,NULL
158978,182814,NULL
158979,182816,206215
158979,182816,207829
158979,182816,215990
158980,182817,NULL
158981,182819,NULL
158982,182820,NULL
158983,182821,NULL
158984,182823,NULL
158985,182824,NULL
158986,182825,NULL
158987,182826,NULL
158988,182827,NULL
158989,182829,NULL
158990,182830,192337
158990,182830,203991
158990,182830,216910
158991,182831,NULL
158992,182832,NULL
158993,182833,191697
158994,182834,NULL
158995,182835,NULL
158996,182836,NULL
158997,182837,NULL
158998,182838,NULL
158999,182846,NULL
159000,182847,NULL
159001,182848,NULL
159002,182849,NULL
159003,182852,NULL
159004,182853,NULL
159005,182854,NULL
159006,182855,NULL
159007,182856,NULL
159008,182857,NULL
159009,182858,NULL
159010,182859,NULL
159011,182860,NULL
159012,182861,NULL
159013,182862,NULL
159014,182863,203736
159015,182864,201369
159016,182865,NULL
159017,182866,NULL
159018,182867,NULL
159019,182868,209087
159020,182869,NULL
159021,182870,NULL
159022,182871,NULL
159023,182874,NULL
159024,182875,NULL
159025,182876,NULL
159026,182877,NULL
159027,182879,NULL
159028,182880,NULL
159029,182882,NULL
159030,182883,215064
159031,182884,NULL
159032,182885,NULL
159033,182886,NULL
159034,182887,203511
159035,182889,NULL
159036,182891,NULL
159037,182892,NULL
159038,182895,208511
159039,182896,NULL
159040,182897,NULL
159041,182898,NULL
159042,182900,NULL
159043,182901,NULL
159044,182902,NULL
159045,182903,NULL
159046,182904,NULL
159047,182906,NULL
159048,182908,NULL
159049,182910,NULL
159050,182914,211336
159050,182914,229624
159050,182914,240544
159051,182915,201151
159051,182915,209585
159051,182915,219570
159052,182916,NULL
159053,182917,NULL
159054,182918,NULL
159055,182920,212368
159056,182921,213063
159057,182922,NULL
159058,182924,193425
159059,182925,NULL
159060,182926,NULL
159061,182927,209274
159061,182927,214387
159061,182927,216505
159062,182928,NULL
159063,182929,NULL
159064,182931,NULL
159065,182932,NULL
159066,182933,NULL
159067,182935,NULL
159068,182936,NULL
159069,182937,NULL
159070,182939,NULL
159071,182940,NULL
159072,182941,183988
159072,182941,202629
159072,182941,207342
159073,182942,NULL
159074,182943,NULL
159075,182944,NULL
159076,182946,NULL
159077,182948,NULL
159078,182949,NULL
159079,182950,205152
159080,182951,NULL
159081,182952,NULL
159082,182953,183495
159082,182953,200154
159082,182953,213050
159083,182954,NULL
159084,182955,NULL
159085,182956,NULL
159086,182957,NULL
159087,182958,NULL
159088,182959,NULL
159089,182960,NULL
159090,182961,NULL
159091,182962,NULL
159092,182963,NULL
159093,182964,NULL
159094,182966,NULL
159095,182967,NULL
159096,182968,NULL
159097,182969,NULL
159098,182970,NULL
159099,182971,NULL
159100,182973,NULL
159101,182975,NULL
159102,182976,NULL
159103,182977,NULL
159104,182978,NULL
159105,182979,NULL
159106,182980,NULL
159107,182981,NULL
159108,182982,NULL
159109,182984,NULL
159110,182985,NULL
159111,182986,NULL
159112,182987,NULL
159113,182988,207105
159114,182989,NULL
159115,182990,NULL
159116,182991,NULL
159117,182992,189579
159117,182992,190627
159117,182992,198737
159118,182993,NULL
159119,182995,NULL
159120,182997,NULL
159121,182998,190809
159122,182999,NULL
159123,183000,NULL
159124,183001,NULL
159125,183002,NULL
159126,183003,NULL
159127,183004,202869
159128,183005,NULL
159129,183006,NULL
159130,183007,NULL
159131,183008,NULL
159132,183009,NULL
159133,183010,NULL
159134,183011,209414
159134,183011,220799
159134,183011,225744
159135,183012,NULL
159136,183013,NULL
159137,183014,NULL
159138,183015,NULL
159139,183016,NULL
159140,183017,NULL
159141,183018,NULL
159142,183020,NULL
159143,183021,NULL
159144,183022,NULL
159145,183023,183188
159145,183023,188456
159145,183023,195482
159146,183025,NULL
159147,183026,NULL
159148,183027,NULL
159149,183028,NULL
159150,183029,NULL
159151,183030,NULL
159152,183031,NULL
159153,183032,196476
159154,183033,NULL
159155,183034,NULL
159156,183035,200615
159157,183036,NULL
159158,183037,NULL
159159,183038,NULL
159160,183039,NULL
159161,183042,NULL
159162,183043,NULL
159163,183044,NULL
159164,183045,NULL
159165,183046,NULL
159166,183047,NULL
159167,183048,NULL
159168,183049,211159
159169,183050,NULL
159170,183051,NULL
159171,183052,NULL
159172,183053,NULL
159173,183054,NULL
159174,183056,199113
159174,183056,212573
159174,183056,221332
159175,183057,NULL
159176,183058,NULL
159177,183063,188132
159177,183063,206614
159177,183063,217072
159178,183064,210550
159179,183065,NULL
159180,183066,184518
159180,183066,204626
159180,183066,216441
159181,183068,NULL
159182,183070,NULL
159183,183072,NULL
159184,183073,NULL
159185,183074,191231
159186,183075,NULL
159187,183077,NULL
159188,183078,213174
159189,183079,NULL
159190,183080,NULL
159191,183082,NULL
159192,183083,NULL
159193,183084,NULL
159194,183085,NULL
159195,183086,NULL
159196,183088,NULL
159197,183090,NULL
159198,183091,NULL
159199,183092,NULL
159200,183093,NULL
159201,183094,NULL
159202,183095,NULL
159203,183096,201104
159204,183097,NULL
159205,183098,NULL
159206,183099,NULL
159207,183100,NULL
159208,183101,NULL
159209,183102,NULL
159210,183103,NULL
159211,183104,NULL
159212,183105,NULL
159213,183106,NULL
159214,183108,NULL
159215,183113,NULL
159216,183114,NULL
159217,183115,NULL
159218,183116,NULL
159219,183118,NULL
159220,183119,NULL
159221,183120,NULL
159222,183121,NULL
159223,183122,NULL
159224,183123,NULL
159225,183124,NULL
159226,183125,NULL
159227,183126,NULL
159228,183127,NULL
159229,183128,215371
159230,183129,NULL
159231,183130,NULL
159232,183131,NULL
159233,183132,NULL
159234,183134,NULL
159235,183135,186413
159236,183136,186419
159236,183136,188263
159236,183136,194479
159237,183137,NULL
159238,183138,213873
159239,183139,NULL
159240,183140,NULL
159241,183141,NULL
159242,183142,NULL
159243,183143,NULL
159244,183144,215714
159244,183144,218141
159244,183144,228337
159245,183145,NULL
159246,183150,NULL
159247,183151,NULL
159248,183152,NULL
159249,183154,NULL
159250,183155,NULL
159251,183156,214408
159251,183156,224366
159251,183156,228440
159252,183157,NULL
159253,183158,NULL
159254,183159,NULL
159255,183160,NULL
159256,183162,NULL
159257,183163,NULL
159258,183164,NULL
159259,183166,NULL
159260,183167,NULL
159261,183168,NULL
159262,183169,NULL
159263,183170,NULL
159264,183171,NULL
159265,183172,188002
159266,183173,NULL
159267,183174,NULL
159268,183175,203413
159269,183176,220593
159270,183177,NULL
159271,183179,NULL
159272,183181,NULL
159273,183182,NULL
159274,183183,NULL
159275,183185,NULL
159276,183186,NULL
159277,183187,NULL
159278,183189,NULL
159279,183191,NULL
159280,183192,NULL
159281,183193,220709
159282,183194,NULL
159283,183195,NULL
159284,183196,NULL
159285,183197,NULL
159286,183199,NULL
159287,183200,NULL
159288,183202,NULL
159289,183203,NULL
159290,183204,NULL
159291,183205,NULL
159292,183206,NULL
159293,183207,NULL
159294,183208,NULL
159295,183209,NULL
159296,183210,NULL
159297,183213,NULL
159298,183214,NULL
159299,183215,NULL
159300,183216,NULL
159301,183219,NULL
159302,183220,NULL
159303,183221,NULL
159304,183223,NULL
159305,183224,NULL
159306,183225,NULL
159307,183226,NULL
159308,183227,187772
159308,183227,202351
159308,183227,212163
159309,183229,NULL
159310,183230,NULL
159311,183231,NULL
159312,183232,NULL
159313,183233,NULL
159314,183236,NULL
159315,183237,NULL
159316,183238,NULL
159317,183239,NULL
159318,183240,NULL
159319,183242,NULL
159320,183243,NULL
159321,183244,NULL
159322,183245,NULL
159323,183246,NULL
159324,183247,NULL
159325,183248,NULL
159326,183249,NULL
159327,183250,NULL
159328,183251,NULL
159329,183252,NULL
159330,183253,NULL
159331,183254,NULL
159332,183255,NULL
159333,183256,NULL
159334,183257,NULL
159335,183258,NULL
159336,183261,193077
159337,183262,NULL
159338,183264,216176
159339,183265,NULL
159340,183266,NULL
159341,183267,NULL
159342,183268,NULL
159343,183269,218862
159344,183271,NULL
159345,183272,NULL
159346,183273,NULL
159347,183274,218249
159348,183275,NULL
159349,183276,212418
159349,183276,229315
159349,183276,233520
159350,183277,NULL
159351,183278,NULL
159352,183281,NULL
159353,183282,NULL
159354,183283,NULL
159355,183284,NULL
159356,183285,NULL
159357,183287,NULL
159358,183288,195225
159358,183288,207257
159358,183288,212705
159359,183289,NULL
159360,183290,NULL
159361,183291,210546
159361,183291,223870
159361,183291,233780
159362,183292,NULL
159363,183293,NULL
159364,183294,NULL
159365,183295,198309
159366,183296,NULL
159367,183297,202020
159368,183298,NULL
159369,183300,213986
159370,183301,NULL
159371,183303,NULL
159372,183304,NULL
159373,183305,NULL
159374,183306,NULL
159375,183307,187796
159376,183310,NULL
159377,183311,NULL
159378,183313,NULL
159379,183315,NULL
159380,183316,209974
159380,183316,226498
159380,183316,239791
159381,183317,NULL
159382,183318,199768
159382,183318,220397
159382,183318,222192
159383,183319,NULL
159384,183320,NULL
159385,183321,208421
159386,183323,209892
159387,183324,NULL
159388,183325,NULL
159389,183327,NULL
159390,183328,NULL
159391,183330,NULL
159392,183331,NULL
159393,183332,NULL
159394,183333,NULL
159395,183334,NULL
159396,183335,214489
159397,183336,NULL
159398,183337,NULL
159399,183338,NULL
159400,183339,NULL
159401,183340,NULL
159402,183341,192891
159402,183341,213033
159402,183341,218027
159403,183342,NULL
159404,183343,NULL
159405,183345,NULL
159406,183346,NULL
159407,183347,NULL
159408,183349,NULL
159409,183350,221028
159410,183351,NULL
159411,183352,NULL
159412,183354,NULL
159413,183355,NULL
159414,183356,NULL
159415,183358,NULL
159416,183359,NULL
159417,183360,205256
159418,183363,NULL
159419,183364,NULL
159420,183365,NULL
159421,183366,NULL
159422,183367,NULL
159423,183368,NULL
159424,183370,NULL
159425,183371,NULL
159426,183372,NULL
159427,183373,NULL
159428,183374,NULL
159429,183377,NULL
159430,183378,NULL
159431,183379,NULL
159432,183381,NULL
159433,183382,NULL
159434,183383,NULL
159435,183384,201897
159436,183385,NULL
159437,183386,NULL
159438,183387,204575
159438,183387,223959
159438,183387,233230
159439,183388,NULL
159440,183389,NULL
159441,183390,NULL
159442,183391,NULL
159443,183392,NULL
159444,183393,NULL
159445,183394,203126
159445,183394,212797
159445,183394,222711
159446,183395,NULL
159447,183397,188123
159448,183399,NULL
159449,183400,NULL
159450,183401,NULL
159451,183402,NULL
159452,183403,NULL
159453,183404,NULL
159454,183405,NULL
159455,183406,NULL
159456,183407,NULL
159457,183408,NULL
159458,183409,NULL
159459,183411,NULL
159460,183412,NULL
159461,183413,NULL
159462,183414,NULL
159463,183415,NULL
159464,183416,NULL
159465,183417,NULL
159466,183418,NULL
159467,183420,NULL
159468,183422,NULL
159469,183425,NULL
159470,183426,NULL
159471,183427,NULL
159472,183428,190727
159473,183429,NULL
159474,183431,NULL
159475,183432,NULL
159476,183433,NULL
159477,183434,195833
159478,183435,NULL
159479,183436,NULL
159480,183439,NULL
159481,183441,NULL
159482,183443,216047
159482,183443,234338
159482,183443,243474
159483,183445,NULL
159484,183448,NULL
159485,183450,NULL
159486,183452,NULL
159487,183453,NULL
159488,183454,NULL
159489,183456,NULL
159490,183457,NULL
159491,183458,NULL
159492,183460,NULL
159493,183462,210040
159493,183462,222732
159493,183462,236847
159494,183463,NULL
159495,183464,NULL
159496,183465,NULL
159497,183466,NULL
159498,183467,NULL
159499,183468,NULL
159500,183469,NULL
159501,183470,NULL
159502,183471,NULL
159503,183472,NULL
159504,183473,NULL
159505,183474,NULL
159506,183475,NULL
159507,183476,NULL
159508,183477,NULL
159509,183478,NULL
159510,183479,NULL
159511,183480,NULL
159512,183481,NULL
159513,183482,NULL
159514,183483,NULL
159515,183484,NULL
159516,183485,NULL
159517,183489,209583
159518,183490,NULL
159519,183491,195309
159520,183492,NULL
159521,183493,NULL
159522,183494,NULL
159523,183496,210531
159523,183496,217712
159523,183496,222269
159524,183497,NULL
159525,183498,NULL
159526,183502,199329
159527,183503,NULL
159528,183504,NULL
159529,183505,NULL
159530,183506,NULL
159531,183507,NULL
159532,183508,NULL
159533,183510,205713
159534,183511,208704
159535,183513,212035
159536,183514,NULL
159537,183516,NULL
159538,183517,NULL
159539,183519,NULL
159540,183520,202642
159541,183521,NULL
159542,183522,NULL
159543,183523,NULL
159544,183524,197186
159545,183526,217399
159545,183526,230975
159545,183526,234875
159546,183527,NULL
159547,183528,NULL
159548,183529,NULL
159549,183531,NULL
159550,183532,NULL
159551,183533,NULL
159552,183535,NULL
159553,183536,NULL
159554,183539,NULL
159555,183540,212276
159555,183540,218697
159555,183540,228592
159556,183541,NULL
159557,183542,NULL
159558,183543,NULL
159559,183544,194543
159560,183545,213589
159560,183545,228287
159560,183545,238644
159561,183546,NULL
159562,183547,NULL
159563,183548,NULL
159564,183551,NULL
159565,183552,NULL
159566,183553,NULL
159567,183554,214793
159568,183555,NULL
159569,183556,NULL
159570,183557,216200
159571,183560,NULL
159572,183561,NULL
159573,183562,NULL
159574,183563,NULL
159575,183564,NULL
159576,183565,NULL
159577,183567,NULL
159578,183568,NULL
159579,183569,NULL
159580,183570,NULL
159581,183571,NULL
159582,183572,NULL
159583,183574,NULL
159584,183575,NULL
159585,183576,NULL
159586,183577,NULL
159587,183579,NULL
159588,183580,NULL
159589,183581,NULL
159590,183582,NULL
159591,183583,NULL
159592,183584,206826
159592,183584,217290
159592,183584,225594
159593,183585,NULL
159594,183586,NULL
159595,183587,NULL
159596,183588,193452
159596,183588,207130
159596,183588,220914
159597,183589,NULL
159598,183590,NULL
159599,183591,NULL
159600,183593,NULL
159601,183594,NULL
159602,183595,NULL
159603,183597,NULL
159604,183598,205593
159605,183599,NULL
159606,183600,NULL
159607,183601,NULL
159608,183602,NULL
159609,183603,NULL
159610,183605,NULL
159611,183606,NULL
159612,183607,NULL
159613,183608,NULL
159614,183609,NULL
159615,183611,NULL
159616,183612,NULL
159617,183613,NULL
159618,183614,NULL
159619,183615,NULL
159620,183616,NULL
159621,183618,NULL
159622,183620,NULL
159623,183621,NULL
159624,183622,NULL
159625,183623,NULL
159626,183624,219065
159627,183625,NULL
159628,183627,NULL
159629,183629,NULL
159630,183630,NULL
159631,183631,NULL
159632,183632,NULL
159633,183633,187200
159634,183634,NULL
159635,183635,NULL
159636,183636,NULL
159637,183637,NULL
159638,183638,NULL
159639,183639,NULL
159640,183640,NULL
159641,183641,NULL
159642,183642,NULL
159643,183643,191116
159644,183644,NULL
159645,183645,NULL
159646,183646,NULL
159647,183647,NULL
159648,183648,NULL
159649,183649,NULL
159650,183650,NULL
159651,183651,NULL
159652,183652,NULL
159653,183653,NULL
159654,183655,NULL
159655,183656,NULL
159656,183657,NULL
159657,183658,NULL
159658,183659,NULL
159659,183660,NULL
159660,183661,201077
159661,183662,NULL
159662,183663,NULL
159663,183664,NULL
159664,183665,NULL
159665,183666,NULL
159666,183667,203135
159666,183667,220594
159666,183667,223124
159667,183668,NULL
159668,183669,NULL
159669,183670,NULL
159670,183671,NULL
159671,183672,NULL
159672,183673,188592
159673,183674,NULL
159674,183675,NULL
159675,183676,NULL
159676,183679,NULL
159677,183680,NULL
159678,183681,NULL
159679,183682,NULL
159680,183683,220530
159680,183683,238214
159680,183683,242943
159681,183684,NULL
159682,183685,NULL
159683,183686,NULL
159684,183687,NULL
159685,183688,NULL
159686,183689,NULL
159687,183691,NULL
159688,183692,NULL
159689,183693,209105
159690,183694,NULL
159691,183695,NULL
159692,183696,NULL
159693,183697,NULL
159694,183698,212750
159695,183699,NULL
159696,183701,NULL
159697,183702,NULL
159698,183703,NULL
159699,183704,NULL
159700,183705,NULL
159701,183707,NULL
159702,183708,NULL
159703,183709,NULL
159704,183710,NULL
159705,183711,NULL
159706,183712,NULL
159707,183713,NULL
159708,183714,NULL
159709,183715,NULL
159710,183716,NULL
159711,183717,NULL
159712,183718,NULL
159713,183719,NULL
159714,183720,188152
159714,183720,208326
159714,183720,218721
159715,183721,214823
159716,183722,NULL
159717,183723,NULL
159718,183725,NULL
159719,183726,NULL
159720,183728,189436
159720,183728,193617
159720,183728,206177
159721,183729,NULL
159722,183730,NULL
159723,183731,NULL
159724,183732,NULL
159725,183733,NULL
159726,183734,NULL
159727,183735,187364
159728,183736,NULL
159729,183737,NULL
159730,183738,NULL
159731,183739,NULL
159732,183741,NULL
159733,183742,NULL
159734,183743,NULL
159735,183744,NULL
159736,183745,NULL
159737,183747,189027
159737,183747,191647
159737,183747,198823
159738,183748,NULL
159739,183749,NULL
159740,183750,NULL
159741,183751,NULL
159742,183752,NULL
159743,183753,NULL
159744,183755,NULL
159745,183756,207766
159746,183757,NULL
159747,183758,NULL
159748,183759,NULL
159749,183761,192837
159750,183762,197644
159750,183762,216341
159750,183762,224103
159751,183764,NULL
159752,183765,193037
159753,183766,206425
159754,183767,NULL
159755,183768,NULL
159756,183769,191609
159757,183770,NULL
159758,183771,200294
159759,183772,NULL
159760,183773,NULL
159761,183774,NULL
159762,183775,NULL
159763,183776,NULL
159764,183777,NULL
159765,183778,NULL
159766,183779,198742
159767,183780,NULL
159768,183781,NULL
159769,183782,NULL
159770,183785,203192
159770,183785,214703
159770,183785,220934
159771,183786,NULL
159772,183787,NULL
159773,183788,NULL
159774,183789,NULL
159775,183790,NULL
159776,183791,NULL
159777,183793,209968
159778,183795,NULL
159779,183796,NULL
159780,183798,NULL
159781,183799,NULL
159782,183800,NULL
159783,183801,NULL
159784,183803,194227
159784,183803,208661
159784,183803,214525
159785,183804,NULL
159786,183807,NULL
159787,183808,NULL
159788,183809,NULL
159789,183811,NULL
159790,183812,NULL
159791,183813,206895
159792,183815,211082
159793,183816,NULL
159794,183817,NULL
159795,183818,NULL
159796,183820,NULL
159797,183821,NULL
159798,183822,NULL
159799,183823,NULL
159800,183824,NULL
159801,183825,NULL
159802,183826,199205
159802,183826,219953
159802,183826,228290
159803,183827,NULL
159804,183828,NULL
159805,183829,NULL
159806,183830,NULL
159807,183831,NULL
159808,183832,NULL
159809,183833,215844
159810,183837,NULL
159811,183838,NULL
159812,183839,NULL
159813,183840,NULL
159814,183842,NULL
159815,183843,NULL
159816,183844,NULL
159817,183845,NULL
159818,183846,194509
159818,183846,216874
159818,183846,218032
159819,183847,NULL
159820,183848,NULL
159821,183849,NULL
159822,183850,NULL
159823,183851,210195
159824,183852,209445
159825,183854,188778
159825,183854,199445
159825,183854,211621
159826,183855,NULL
159827,183856,NULL
159828,183857,NULL
159829,183858,NULL
159830,183859,NULL
159831,183860,NULL
159832,183861,NULL
159833,183862,NULL
159834,183863,NULL
159835,183865,NULL
159836,183867,NULL
159837,183868,NULL
159838,183869,208183
159839,183870,NULL
159840,183872,NULL
159841,183873,NULL
159842,183874,218055
159843,183875,NULL
159844,183876,NULL
159845,183877,NULL
159846,183878,NULL
159847,183879,NULL
159848,183880,NULL
159849,183881,NULL
159850,183882,NULL
159851,183883,NULL
159852,183885,NULL
159853,183886,NULL
159854,183888,NULL
159855,183889,NULL
159856,183891,NULL
159857,183892,NULL
159858,183893,NULL
159859,183894,NULL
159860,183897,190256
159860,183897,206595
159860,183897,207625
159861,183898,NULL
159862,183899,NULL
159863,183900,NULL
159864,183904,NULL
159865,183905,NULL
159866,183906,NULL
159867,183907,NULL
159868,183909,NULL
159869,183910,NULL
159870,183911,NULL
159871,183912,203275
159871,183912,212792
159871,183912,220967
159872,183913,192771
159873,183915,NULL
159874,183916,NULL
159875,183917,NULL
159876,183918,NULL
159877,183920,216675
159877,183920,236890
159877,183920,244636
159878,183921,NULL
159879,183922,186939
159879,183922,193864
159879,183922,197928
159880,183923,220885
159880,183923,230864
159880,183923,236698
159881,183924,NULL
159882,183925,NULL
159883,183926,NULL
159884,183927,NULL
159885,183929,NULL
159886,183930,NULL
159887,183931,NULL
159888,183932,NULL
159889,183933,194345
159889,183933,216493
159889,183933,227381
159890,183934,NULL
159891,183935,NULL
159892,183936,NULL
159893,183937,219556
159894,183938,NULL
159895,183939,NULL
159896,183940,NULL
159897,183941,NULL
159898,183942,NULL
159899,183943,199596
159899,183943,216723
159899,183943,221046
159900,183944,NULL
159901,183945,NULL
159902,183946,NULL
159903,183947,187808
159904,183948,NULL
159905,183949,NULL
159906,183950,NULL
159907,183951,NULL
159908,183953,NULL
159909,183954,213000
159910,183955,204971
159911,183956,NULL
159912,183957,NULL
159913,183958,211063
159914,183959,NULL
159915,183960,NULL
159916,183962,NULL
159917,183963,215828
159917,183963,224316
159917,183963,234637
159918,183964,NULL
159919,183965,NULL
159920,183966,NULL
159921,183968,NULL
159922,183969,NULL
159923,183970,NULL
159924,183971,NULL
159925,183972,NULL
159926,183973,NULL
159927,183974,NULL
159928,183975,NULL
159929,183976,193445
159930,183977,220055
159931,183978,NULL
159932,183980,NULL
159933,183982,NULL
159934,183983,NULL
159935,183985,NULL
159936,183986,NULL
159937,183987,217178
159938,183989,217657
159939,183990,NULL
159940,183991,201251
159940,183991,213405
159940,183991,214693
159941,183992,NULL
159942,183994,NULL
159943,183995,NULL
159944,183996,NULL
159945,183997,NULL
159946,183998,210333
159946,183998,228904
159946,183998,240233
159947,184001,NULL
159948,184002,NULL
159949,184003,NULL
159950,184004,NULL
159951,184005,215733
159952,184006,NULL
159953,184007,NULL
159954,184008,212493
159955,184009,NULL
159956,184010,NULL
159957,184012,NULL
159958,184013,NULL
159959,184014,191355
159959,184014,209255
159959,184014,212162
159960,184015,NULL
159961,184017,NULL
159962,184018,192065
159962,184018,201638
159962,184018,212164
159963,184019,NULL
159964,184021,NULL
159965,184022,NULL
159966,184023,NULL
159967,184024,NULL
159968,184025,NULL
159969,184026,NULL
159970,184027,NULL
159971,184028,NULL
159972,184029,203779
159973,184030,NULL
159974,184031,NULL
159975,184032,NULL
159976,184033,NULL
159977,184034,NULL
159978,184035,217077
159979,184036,NULL
159980,184037,NULL
159981,184038,NULL
159982,184040,NULL
159983,184041,NULL
159984,184042,NULL
159985,184044,NULL
159986,184046,193265
159987,184047,NULL
159988,184048,199621
159989,184049,NULL
159990,184050,NULL
159991,184051,NULL
159992,184052,NULL
159993,184053,NULL
159994,184054,NULL
159995,184055,NULL
159996,184056,203950
159997,184057,NULL
159998,184058,NULL
159999,184059,NULL
160000,184060,NULL
160001,184061,NULL
160002,184063,NULL
160003,184064,NULL
160004,184065,NULL
160005,184066,NULL
160006,184067,NULL
160007,184070,NULL
160008,184071,217299
160009,184072,193913
160010,184074,210718
160011,184075,NULL
160012,184076,NULL
160013,184077,NULL
160014,184078,NULL
160015,184079,NULL
160016,184080,NULL
160017,184082,NULL
160018,184083,NULL
160019,184084,NULL
160020,184085,NULL
160021,184086,NULL
160022,184087,NULL
160023,184088,195185
160024,184089,NULL
160025,184092,NULL
160026,184093,207886
160027,184094,NULL
160028,184095,NULL
160029,184098,NULL
160030,184100,NULL
160031,184101,219997
160032,184102,NULL
160033,184103,NULL
160034,184104,NULL
160035,184105,NULL
160036,184106,189912
160037,184107,210154
160038,184110,NULL
160039,184111,NULL
160040,184112,NULL
160041,184113,NULL
160042,184114,NULL
160043,184115,NULL
160044,184116,NULL
160045,184119,NULL
160046,184120,NULL
160047,184121,NULL
160048,184122,NULL
160049,184124,217446
160050,184125,NULL
160051,184126,NULL
160052,184127,NULL
160053,184128,NULL
160054,184129,NULL
160055,184130,214401
160055,184130,217346
160055,184130,219639
160056,184131,NULL
160057,184132,NULL
160058,184133,NULL
160059,184134,NULL
160060,184135,NULL
160061,184137,NULL
160062,184138,219216
160062,184138,228803
160062,184138,232284
160063,184141,NULL
160064,184145,NULL
160065,184146,NULL
160066,184150,NULL
160067,184152,NULL
160068,184153,NULL
160069,184155,NULL
160070,184156,NULL
160071,184158,NULL
160072,184159,NULL
160073,184160,NULL
160074,184162,NULL
160075,184164,NULL
160076,184165,NULL
160077,184166,NULL
160078,184167,NULL
160079,184168,193542
160079,184168,201044
160079,184168,210846
160080,184170,NULL
160081,184171,NULL
160082,184172,NULL
160083,184173,NULL
160084,184175,NULL
160085,184176,NULL
160086,184177,202223
160086,184177,210890
160086,184177,214716
160087,184179,NULL
160088,184180,NULL
160089,184181,NULL
160090,184182,NULL
160091,184183,195953
160091,184183,206774
160091,184183,218704
160092,184184,NULL
160093,184185,NULL
160094,184187,201529
160095,184188,NULL
160096,184189,NULL
160097,184190,NULL
160098,184191,NULL
160099,184192,NULL
160100,184193,NULL
160101,184194,NULL
160102,184196,NULL
160103,184197,NULL
160104,184199,NULL
160105,184202,NULL
160106,184203,NULL
160107,184204,NULL
160108,184206,NULL
160109,184209,NULL
160110,184210,NULL
160111,184211,200697
160112,184212,NULL
160113,184213,NULL
160114,184214,NULL
160115,184216,NULL
160116,184218,216541
160116,184218,219692
160116,184218,222402
160117,184219,NULL
160118,184221,NULL
160119,184222,NULL
160120,184223,NULL
160121,184224,NULL
160122,184225,NULL
160123,184226,NULL
160124,184227,NULL
160125,184228,NULL
160126,184229,NULL
160127,184230,NULL
160128,184231,NULL
160129,184233,NULL
160130,184234,NULL
160131,184235,NULL
160132,184236,NULL
160133,184237,NULL
160134,184238,NULL
160135,184239,NULL
160136,184240,NULL
160137,184241,NULL
160138,184242,196800
160139,184243,NULL
160140,184244,190668
160141,184245,NULL
160142,184248,NULL
160143,184249,NULL
160144,184250,NULL
160145,184251,NULL
160146,184252,NULL
160147,184254,NULL
160148,184255,NULL
160149,184256,NULL
160150,184257,NULL
160151,184258,199764
160151,184258,203957
160151,184258,210325
160152,184260,NULL
160153,184261,NULL
160154,184262,NULL
160155,184263,215458
160155,184263,231846
160155,184263,244575
160156,184264,NULL
160157,184265,NULL
160158,184266,NULL
160159,184269,NULL
160160,184271,NULL
160161,184273,NULL
160162,184274,189589
160163,184275,NULL
160164,184276,NULL
160165,184277,NULL
160166,184279,199293
160167,184280,NULL
160168,184281,NULL
160169,184282,NULL
160170,184283,NULL
160171,184284,NULL
160172,184285,NULL
160173,184286,NULL
160174,184289,193527
160175,184290,NULL
160176,184291,NULL
160177,184292,NULL
160178,184293,NULL
160179,184295,NULL
160180,184297,NULL
160181,184298,NULL
160182,184300,NULL
160183,184301,NULL
160184,184304,NULL
160185,184306,NULL
160186,184308,205026
160187,184309,NULL
160188,184310,NULL
160189,184311,NULL
160190,184313,193066
160191,184314,NULL
160192,184315,NULL
160193,184316,NULL
160194,184318,213925
160195,184319,NULL
160196,184320,NULL
160197,184321,NULL
160198,184322,NULL
160199,184323,NULL
160200,184324,NULL
160201,184325,NULL
160202,184326,204682
160203,184327,NULL
160204,184328,NULL
160205,184329,NULL
160206,184330,NULL
160207,184331,194846
160207,184331,217083
160207,184331,222043
160208,184332,NULL
160209,184333,NULL
160210,184334,NULL
160211,184335,NULL
160212,184336,204087
160213,184337,NULL
160214,184339,NULL
160215,184340,NULL
160216,184342,NULL
160217,184344,219786
160218,184345,218792
160219,184347,NULL
160220,184348,NULL
160221,184349,NULL
160222,184350,NULL
160223,184351,NULL
160224,184352,NULL
160225,184353,NULL
160226,184357,196334
160227,184358,218869
160228,184359,187409
160229,184360,NULL
160230,184361,NULL
160231,184363,NULL
160232,184364,NULL
160233,184366,NULL
160234,184368,NULL
160235,184369,NULL
160236,184370,NULL
160237,184371,NULL
160238,184373,NULL
160239,184374,NULL
160240,184375,NULL
160241,184377,NULL
160242,184378,NULL
160243,184379,NULL
160244,184380,NULL
160245,184381,NULL
160246,184384,NULL
160247,184385,NULL
160248,184387,NULL
160249,184388,NULL
160250,184390,NULL
160251,184391,NULL
160252,184393,NULL
160253,184394,NULL
160254,184395,NULL
160255,184396,NULL
160256,184398,NULL
160257,184399,NULL
160258,184400,NULL
160259,184401,NULL
160260,184404,NULL
160261,184405,NULL
160262,184406,NULL
160263,184407,NULL
160264,184408,NULL
160265,184410,NULL
160266,184411,NULL
160267,184412,NULL
160268,184413,NULL
160269,184414,197355
160270,184415,NULL
160271,184416,NULL
160272,184417,NULL
160273,184418,NULL
160274,184420,NULL
160275,184422,NULL
160276,184423,NULL
160277,184424,NULL
160278,184425,NULL
160279,184427,NULL
160280,184428,NULL
160281,184429,NULL
160282,184430,NULL
160283,184431,218138
160284,184432,NULL
160285,184433,NULL
160286,184434,NULL
160287,184435,189393
160288,184436,NULL
160289,184437,208802
160290,184439,NULL
160291,184440,NULL
160292,184441,189075
160293,184442,NULL
160294,184443,NULL
160295,184444,NULL
160296,184446,NULL
160297,184447,NULL
160298,184448,NULL
160299,184449,NULL
160300,184451,NULL
160301,184452,NULL
160302,184453,NULL
160303,184454,NULL
160304,184455,NULL
160305,184456,NULL
160306,184457,NULL
160307,184458,NULL
160308,184459,NULL
160309,184460,NULL
160310,184461,NULL
160311,184462,NULL
160312,184463,NULL
160313,184464,NULL
160314,184465,NULL
160315,184466,NULL
160316,184468,NULL
160317,184469,NULL
160318,184470,NULL
160319,184471,NULL
160320,184472,NULL
160321,184473,NULL
160322,184474,203224
160323,184475,NULL
160324,184476,NULL
160325,184477,NULL
160326,184478,NULL
160327,184479,NULL
160328,184480,NULL
160329,184482,NULL
160330,184483,NULL
160331,184484,NULL
160332,184485,NULL
160333,184486,NULL
160334,184487,NULL
160335,184488,NULL
160336,184489,187798
160337,184490,NULL
160338,184491,NULL
160339,184492,NULL
160340,184493,NULL
160341,184494,NULL
160342,184495,NULL
160343,184496,NULL
160344,184497,197801
160344,184497,213774
160344,184497,218376
160345,184498,NULL
160346,184499,NULL
160347,184500,202759
160348,184501,NULL
160349,184502,NULL
160350,184503,NULL
160351,184506,NULL
160352,184508,NULL
160353,184509,NULL
160354,184510,210684
160355,184511,NULL
160356,184512,NULL
160357,184513,216003
160358,184514,NULL
160359,184515,206422
160360,184516,NULL
160361,184517,NULL
160362,184519,NULL
160363,184520,NULL
160364,184521,NULL
160365,184522,NULL
160366,184524,NULL
160367,184527,NULL
160368,184528,NULL
160369,184529,NULL
160370,184532,NULL
160371,184533,NULL
160372,184536,NULL
160373,184537,NULL
160374,184538,NULL
160375,184540,NULL
160376,184541,NULL
160377,184542,NULL
160378,184543,NULL
160379,184544,NULL
160380,184545,NULL
160381,184547,NULL
160382,184548,191722
160383,184549,NULL
160384,184550,220241
160385,184551,NULL
160386,184552,NULL
160387,184553,217965
160388,184555,NULL
160389,184556,NULL
160390,184557,NULL
160391,184558,215905
160391,184558,226916
160391,184558,231112
160392,184559,NULL
160393,184560,187049
160394,184561,216435
160394,184561,225158
160394,184561,229779
160395,184562,NULL
160396,184563,NULL
160397,184564,NULL
160398,184565,NULL
160399,184566,NULL
160400,184567,195343
160401,184568,NULL
160402,184569,NULL
160403,184570,NULL
160404,184572,NULL
160405,184573,NULL
160406,184574,NULL
160407,184575,206872
160407,184575,228122
160407,184575,235240
160408,184576,NULL
160409,184577,212722
160410,184578,NULL
160411,184580,192704
160411,184580,213900
160411,184580,221785
160412,184581,NULL
160413,184582,NULL
160414,184583,NULL
160415,184584,NULL
160416,184586,NULL
160417,184587,NULL
160418,184588,NULL
160419,184589,NULL
160420,184590,NULL
160421,184591,193221
160422,184592,NULL
160423,184593,NULL
160424,184594,NULL
160425,184595,NULL
160426,184596,NULL
160427,184597,NULL
160428,184598,NULL
160429,184599,188712
160429,184599,198066
160429,184599,203810
160430,184602,NULL
160431,184604,NULL
160432,184606,NULL
160433,184608,203154
160433,184608,223267
160433,184608,231661
160434,184609,217089
160434,184609,233669
160434,184609,244910
160435,184610,NULL
160436,184611,NULL
160437,184612,NULL
160438,184613,NULL
160439,184614,NULL
160440,184615,NULL
160441,184616,NULL
160442,184617,NULL
160443,184618,NULL
160444,184619,NULL
160445,184620,NULL
160446,184621,NULL
160447,184623,209063
160447,184623,215994
160447,184623,224503
160448,184624,NULL
160449,184626,NULL
160450,184627,NULL
160451,184628,NULL
160452,184629,NULL
160453,184630,NULL
160454,184632,NULL
160455,184633,NULL
160456,184637,NULL
160457,184638,NULL
160458,184639,NULL
160459,184640,NULL
160460,184641,NULL
160461,184642,NULL
160462,184643,201415
160463,184644,NULL
160464,184645,NULL
160465,184646,NULL
160466,184648,NULL
160467,184649,NULL
160468,184650,NULL
160469,184651,213052
160470,184652,NULL
160471,184653,NULL
160472,184654,NULL
160473,184655,NULL
160474,184656,NULL
160475,184657,NULL
160476,184658,NULL
160477,184659,NULL
160478,184660,NULL
160479,184661,NULL
160480,184662,NULL
160481,184663,NULL
160482,184665,NULL
160483,184666,NULL
160484,184668,NULL
160485,184669,NULL
160486,184670,NULL
160487,184672,NULL
160488,184673,NULL
160489,184674,NULL
160490,184675,NULL
160491,184676,NULL
160492,184677,NULL
160493,184678,NULL
160494,184679,NULL
160495,184680,NULL
160496,184682,NULL
160497,184683,NULL
160498,184686,NULL
160499,184688,NULL
160500,184691,209032
160501,184692,NULL
160502,184693,NULL
160503,184695,NULL
160504,184696,NULL
160505,184697,NULL
160506,184698,NULL
160507,184699,NULL
160508,184700,NULL
160509,184701,NULL
160510,184702,NULL
160511,184703,NULL
160512,184704,214976
160512,184704,230044
160512,184704,240530
160513,184705,217414
160513,184705,227359
160513,184705,233704
160514,184706,NULL
160515,184707,NULL
160516,184708,NULL
160517,184709,NULL
160518,184710,NULL
160519,184712,NULL
160520,184713,NULL
160521,184714,NULL
160522,184715,NULL
160523,184716,NULL
160524,184717,NULL
160525,184718,NULL
160526,184720,NULL
160527,184721,NULL
160528,184722,NULL
160529,184723,NULL
160530,184725,197547
160531,184727,NULL
160532,184730,NULL
160533,184731,NULL
160534,184732,213504
160534,184732,229968
160534,184732,240826
160535,184733,NULL
160536,184734,NULL
160537,184735,NULL
160538,184736,NULL
160539,184739,NULL
160540,184740,NULL
160541,184742,214766
160541,184742,227154
160541,184742,229212
160542,184743,191761
160542,184743,206283
160542,184743,214799
160543,184744,194596
160543,184744,206302
160543,184744,217752
160544,184745,191717
160544,184745,212703
160544,184745,216764
160545,184746,202098
160546,184747,NULL
160547,184749,NULL
160548,184750,216982
160549,184752,NULL
160550,184753,NULL
160551,184754,NULL
160552,184755,NULL
160553,184756,NULL
160554,184757,NULL
160555,184758,NULL
160556,184759,NULL
160557,184760,NULL
160558,184761,NULL
160559,184763,NULL
160560,184764,NULL
160561,184765,NULL
160562,184767,NULL
160563,184768,NULL
160564,184769,198227
160564,184769,211660
160564,184769,218357
160565,184770,NULL
160566,184771,NULL
160567,184772,NULL
160568,184773,NULL
160569,184774,NULL
160570,184775,NULL
160571,184776,NULL
160572,184777,NULL
160573,184778,NULL
160574,184779,NULL
160575,184783,NULL
160576,184784,NULL
160577,184786,NULL
160578,184787,NULL
160579,184788,NULL
160580,184789,NULL
160581,184790,NULL
160582,184791,NULL
160583,184792,NULL
160584,184793,NULL
160585,184794,NULL
160586,184795,NULL
160587,184796,NULL
160588,184797,NULL
160589,184798,NULL
160590,184799,NULL
160591,184800,NULL
160592,184801,NULL
160593,184802,NULL
160594,184804,NULL
160595,184807,NULL
160596,184808,NULL
160597,184809,NULL
160598,184810,NULL
160599,184812,NULL
160600,184813,NULL
160601,184814,219173
160602,184815,NULL
160603,184816,NULL
160604,184817,215620
160605,184818,NULL
160606,184819,NULL
160607,184820,NULL
160608,184821,NULL
160609,184822,NULL
160610,184823,NULL
160611,184824,205626
160612,184826,NULL
160613,184827,NULL
160614,184828,NULL
160615,184829,NULL
160616,184832,NULL
160617,184834,195827
160617,184834,204464
160617,184834,208170
160618,184836,NULL
160619,184837,NULL
160620,184840,NULL
160621,184841,NULL
160622,184843,NULL
160623,184844,NULL
160624,184845,NULL
160625,184848,NULL
160626,184850,NULL
160627,184851,NULL
160628,184852,NULL
160629,184853,NULL
160630,184854,NULL
160631,184855,NULL
160632,184857,NULL
160633,184858,220488
160634,184860,NULL
160635,184861,NULL
160636,184862,NULL
160637,184864,220298
160637,184864,226720
160637,184864,233158
160638,184865,NULL
160639,184866,NULL
160640,184867,NULL
160641,184868,NULL
160642,184869,NULL
160643,184870,NULL
160644,184871,NULL
160645,184872,NULL
160646,184873,NULL
160647,184874,NULL
160648,184875,NULL
160649,184877,NULL
160650,184878,NULL
160651,184880,NULL
160652,184881,NULL
160653,184882,NULL
160654,184883,NULL
160655,184884,NULL
160656,184885,NULL
160657,184886,NULL
160658,184887,NULL
160659,184889,NULL
160660,184890,NULL
160661,184891,NULL
160662,184892,NULL
160663,184893,NULL
160664,184894,211754
160665,184895,NULL
160666,184897,204525
160666,184897,217024
160666,184897,224215
160667,184898,NULL
160668,184899,213975
160668,184899,230047
160668,184899,242697
160669,184900,NULL
160670,184901,199901
160671,184902,NULL
160672,184904,NULL
160673,184905,NULL
160674,184906,NULL
160675,184907,NULL
160676,184908,NULL
160677,184909,207647
160678,184910,NULL
160679,184911,187030
160680,184912,NULL
160681,184915,NULL
160682,184916,NULL
160683,184917,NULL
160684,184918,NULL
160685,184919,NULL
160686,184920,NULL
160687,184921,NULL
160688,184922,NULL
160689,184923,NULL
160690,184924,NULL
160691,184925,NULL
160692,184926,NULL
160693,184927,NULL
160694,184928,216378
160695,184929,NULL
160696,184932,NULL
160697,184933,NULL
160698,184934,NULL
160699,184935,NULL
160700,184937,NULL
160701,184939,NULL
160702,184940,NULL
160703,184941,NULL
160704,184943,NULL
160705,184944,NULL
160706,184945,NULL
160707,184946,NULL
160708,184947,NULL
160709,184948,NULL
160710,184949,NULL
160711,184950,NULL
160712,184951,187424
160712,184951,209165
160712,184951,218037
160713,184952,NULL
160714,184953,NULL
160715,184955,NULL
160716,184957,NULL
160717,184958,NULL
160718,184959,NULL
160719,184960,NULL
160720,184961,NULL
160721,184962,NULL
160722,184963,NULL
160723,184964,NULL
160724,184965,NULL
160725,184968,NULL
160726,184969,211460
160727,184970,195532
160728,184971,207108
160729,184972,NULL
160730,184973,NULL
160731,184974,NULL
160732,184976,NULL
160733,184978,193654
160734,184980,NULL
160735,184981,203155
160735,184981,211507
160735,184981,218924
160736,184982,NULL
160737,184983,NULL
160738,184984,NULL
160739,184985,NULL
160740,184986,192918
160740,184986,207817
160740,184986,211676
160741,184987,NULL
160742,184988,NULL
160743,184989,NULL
160744,184990,NULL
160745,184991,220242
160746,184992,NULL
160747,184994,217898
160747,184994,240792
160747,184994,243107
160748,184995,NULL
160749,184996,NULL
160750,185000,NULL
160751,185001,NULL
160752,185004,NULL
160753,185006,NULL
160754,185007,NULL
160755,185008,215892
160755,185008,237004
160755,185008,238044
160756,185009,NULL
160757,185010,NULL
160758,185011,NULL
160759,185012,NULL
160760,185013,NULL
160761,185016,213059
160761,185016,216996
160761,185016,222574
160762,185017,NULL
160763,185018,NULL
160764,185019,NULL
160765,185021,NULL
160766,185022,NULL
160767,185023,NULL
160768,185025,NULL
160769,185026,NULL
160770,185027,194648
160770,185027,208065
160770,185027,220385
160771,185028,211895
160771,185028,229262
160771,185028,233241
160772,185029,NULL
160773,185030,NULL
160774,185032,NULL
160775,185033,NULL
160776,185034,NULL
160777,185036,NULL
160778,185037,NULL
160779,185038,NULL
160780,185039,NULL
160781,185040,NULL
160782,185041,190953
160783,185042,NULL
160784,185043,NULL
160785,185044,NULL
160786,185045,NULL
160787,185046,NULL
160788,185048,NULL
160789,185050,NULL
160790,185051,NULL
160791,185053,NULL
160792,185054,NULL
160793,185055,192349
160793,185055,214084
160793,185055,224584
160794,185056,NULL
160795,185057,NULL
160796,185058,NULL
160797,185059,NULL
160798,185060,NULL
160799,185061,NULL
160800,185062,NULL
160801,185063,NULL
160802,185064,NULL
160803,185065,NULL
160804,185068,NULL
160805,185069,NULL
160806,185070,NULL
160807,185071,NULL
160808,185073,NULL
160809,185074,NULL
160810,185075,NULL
160811,185076,NULL
160812,185077,204504
160813,185079,NULL
160814,185080,215722
160815,185081,NULL
160816,185082,NULL
160817,185084,NULL
160818,185085,NULL
160819,185086,186898
160820,185087,NULL
160821,185088,NULL
160822,185089,NULL
160823,185090,NULL
160824,185092,NULL
160825,185093,NULL
160826,185094,NULL
160827,185095,NULL
160828,185096,NULL
160829,185097,NULL
160830,185098,NULL
160831,185100,NULL
160832,185101,NULL
160833,185102,NULL
160834,185103,NULL
160835,185104,NULL
160836,185106,220800
160837,185107,NULL
160838,185108,NULL
160839,185109,NULL
160840,185111,NULL
160841,185112,NULL
160842,185113,NULL
160843,185114,192468
160843,185114,207320
160843,185114,210564
160844,185115,NULL
160845,185117,NULL
160846,185120,NULL
160847,185121,NULL
160848,185122,NULL
160849,185123,189177
160849,185123,195170
160849,185123,203911
160850,185124,NULL
160851,185125,NULL
160852,185126,NULL
160853,185127,NULL
160854,185128,NULL
160855,185129,NULL
160856,185130,NULL
160857,185131,NULL
160858,185132,NULL
160859,185133,NULL
160860,185134,NULL
160861,185135,NULL
160862,185136,NULL
160863,185137,NULL
160864,185138,211468
160865,185139,NULL
160866,185140,NULL
160867,185141,NULL
160868,185142,NULL
160869,185143,NULL
160870,185144,NULL
160871,185145,NULL
160872,185146,NULL
160873,185147,NULL
160874,185148,NULL
160875,185149,NULL
160876,185150,NULL
160877,185151,189073
160878,185152,NULL
160879,185153,186882
160879,185153,203058
160879,185153,216753
160880,185154,NULL
160881,185155,NULL
160882,185156,NULL
160883,185158,NULL
160884,185159,NULL
160885,185161,NULL
160886,185162,NULL
160887,185164,NULL
160888,185165,NULL
160889,185166,NULL
160890,185168,NULL
160891,185169,NULL
160892,185171,196861
160892,185171,202858
160892,185171,216368
160893,185172,NULL
160894,185174,NULL
160895,185175,NULL
160896,185176,NULL
160897,185177,NULL
160898,185178,NULL
160899,185179,NULL
160900,185180,NULL
160901,185181,NULL
160902,185182,NULL
160903,185183,NULL
160904,185184,NULL
160905,185185,NULL
160906,185186,NULL
160907,185187,NULL
160908,185188,NULL
160909,185190,NULL
160910,185191,193846
160911,185192,NULL
160912,185193,NULL
160913,185194,203918
160914,185195,NULL
160915,185196,NULL
160916,185197,NULL
160917,185198,NULL
160918,185199,NULL
160919,185200,NULL
160920,185201,NULL
160921,185202,NULL
160922,185203,NULL
160923,185204,217813
160924,185205,NULL
160925,185206,NULL
160926,185207,NULL
160927,185208,NULL
160928,185209,NULL
160929,185210,NULL
160930,185211,NULL
160931,185212,NULL
160932,185213,NULL
160933,185215,NULL
160934,185216,NULL
160935,185217,NULL
160936,185218,NULL
160937,185219,NULL
160938,185221,NULL
160939,185222,NULL
160940,185223,203688
160941,185225,NULL
160942,185226,NULL
160943,185227,NULL
160944,185228,NULL
160945,185229,209745
160945,185229,220396
160945,185229,222883
160946,185230,NULL
160947,185231,NULL
160948,185233,209421
160949,185234,NULL
160950,185235,NULL
160951,185236,NULL
160952,185237,NULL
160953,185238,NULL
160954,185239,NULL
160955,185240,NULL
160956,185241,NULL
160957,185242,NULL
160958,185243,NULL
160959,185245,217280
160959,185245,225860
160959,185245,232330
160960,185248,NULL
160961,185249,NULL
160962,185250,NULL
160963,185252,NULL
160964,185253,NULL
160965,185254,NULL
160966,185255,NULL
160967,185256,NULL
160968,185257,206623
160969,185260,NULL
160970,185261,NULL
160971,185262,NULL
160972,185263,NULL
160973,185264,NULL
160974,185265,NULL
160975,185266,NULL
160976,185267,201665
160977,185268,NULL
160978,185270,NULL
160979,185272,NULL
160980,185273,NULL
160981,185274,NULL
160982,185277,211020
160982,185277,224381
160982,185277,225644
160983,185278,NULL
160984,185279,NULL
160985,185281,NULL
160986,185282,NULL
160987,185283,NULL
160988,185284,NULL
160989,185285,NULL
160990,185286,NULL
160991,185287,NULL
160992,185288,NULL
160993,185289,NULL
160994,185290,NULL
160995,185291,NULL
160996,185292,NULL
160997,185293,NULL
160998,185294,NULL
160999,185295,NULL
161000,185296,NULL
161001,185297,NULL
161002,185298,NULL
161003,185299,NULL
161004,185300,NULL
161005,185301,NULL
161006,185302,NULL
161007,185303,202821
161008,185305,187452
161009,185306,NULL
161010,185307,NULL
161011,185308,NULL
161012,185311,218139
161012,185311,233664
161012,185311,238808
161013,185312,NULL
161014,185313,NULL
161015,185314,NULL
161016,185315,NULL
161017,185316,NULL
161018,185317,NULL
161019,185318,NULL
161020,185319,NULL
161021,185320,NULL
161022,185321,NULL
161023,185322,NULL
161024,185323,NULL
161025,185324,NULL
161026,185325,NULL
161027,185326,NULL
161028,185327,199710
161029,185328,NULL
161030,185329,NULL
161031,185330,NULL
161032,185331,NULL
161033,185332,NULL
161034,185333,NULL
161035,185334,NULL
161036,185335,NULL
161037,185336,NULL
161038,185337,NULL
161039,185338,NULL
161040,185340,NULL
161041,185342,NULL
161042,185343,NULL
161043,185344,200181
161043,185344,215430
161043,185344,218892
161044,185345,204232
161045,185346,NULL
161046,185347,NULL
161047,185348,NULL
161048,185349,NULL
161049,185350,NULL
161050,185352,NULL
161051,185353,NULL
161052,185354,NULL
161053,185355,NULL
161054,185356,NULL
161055,185357,NULL
161056,185360,NULL
161057,185361,NULL
161058,185362,NULL
161059,185363,NULL
161060,185364,NULL
161061,185365,NULL
161062,185366,NULL
161063,185367,NULL
161064,185368,NULL
161065,185369,NULL
161066,185370,NULL
161067,185371,NULL
161068,185372,NULL
161069,185373,NULL
161070,185374,NULL
161071,185375,NULL
161072,185376,NULL
161073,185377,NULL
161074,185378,NULL
161075,185379,NULL
161076,185380,NULL
161077,185381,NULL
161078,185382,NULL
161079,185383,192467
161080,185384,NULL
161081,185386,NULL
161082,185388,NULL
161083,185389,NULL
161084,185391,213950
161085,185394,206786
161085,185394,216978
161085,185394,228809
161086,185395,NULL
161087,185396,NULL
161088,185397,199669
161088,185397,216565
161088,185397,220037
161089,185398,NULL
161090,185399,NULL
161091,185401,NULL
161092,185402,217717
161092,185402,227277
161092,185402,237405
161093,185403,NULL
161094,185405,NULL
161095,185406,NULL
161096,185407,NULL
161097,185408,NULL
161098,185409,NULL
161099,185410,NULL
161100,185412,NULL
161101,185413,NULL
161102,185416,219242
161102,185416,225849
161102,185416,237449
161103,185419,NULL
161104,185420,NULL
161105,185421,NULL
161106,185422,217169
161107,185423,NULL
161108,185424,NULL
161109,185425,NULL
161110,185426,189638
161111,185427,188363
161112,185429,209648
161113,185430,220337
161114,185431,NULL
161115,185432,NULL
161116,185433,NULL
161117,185434,NULL
161118,185435,NULL
161119,185436,NULL
161120,185437,NULL
161121,185439,NULL
161122,185440,NULL
161123,185441,NULL
161124,185442,NULL
161125,185443,187099
161125,185443,196690
161125,185443,200572
161126,185444,NULL
161127,185445,205025
161128,185446,NULL
161129,185447,NULL
161130,185448,NULL
161131,185451,NULL
161132,185453,NULL
161133,185455,NULL
161134,185456,NULL
161135,185457,NULL
161136,185459,NULL
161137,185461,201293
161138,185462,NULL
161139,185465,NULL
161140,185466,NULL
161141,185467,NULL
161142,185469,NULL
161143,185470,NULL
161144,185471,NULL
161145,185472,211044
161145,185472,220985
161145,185472,230901
161146,185473,NULL
161147,185474,NULL
161148,185475,188817
161149,185476,NULL
161150,185477,NULL
161151,185478,203077
161152,185480,NULL
161153,185481,209693
161154,185482,NULL
161155,185483,NULL
161156,185484,NULL
161157,185485,NULL
161158,185486,NULL
161159,185487,NULL
161160,185488,NULL
161161,185489,NULL
161162,185490,NULL
161163,185491,NULL
161164,185492,NULL
161165,185493,NULL
161166,185494,202844
161167,185495,NULL
161168,185496,NULL
161169,185497,NULL
161170,185499,197022
161171,185500,NULL
161172,185501,NULL
161173,185502,NULL
161174,185504,220008
161174,185504,228030
161174,185504,238276
161175,185505,NULL
161176,185506,NULL
161177,185507,207168
161178,185510,NULL
161179,185511,NULL
161180,185512,NULL
161181,185513,NULL
161182,185514,NULL
161183,185515,219889
161184,185516,NULL
161185,185517,NULL
161186,185518,NULL
161187,185519,NULL
161188,185522,NULL
161189,185525,NULL
161190,185526,NULL
161191,185528,NULL
161192,185529,NULL
161193,185530,NULL
161194,185531,NULL
161195,185532,196046
161196,185533,NULL
161197,185534,NULL
161198,185535,NULL
161199,185536,NULL
161200,185537,212184
161201,185538,NULL
161202,185540,NULL
161203,185541,NULL
161204,185542,NULL
161205,185544,NULL
161206,185545,NULL
161207,185546,NULL
161208,185548,NULL
161209,185549,NULL
161210,185550,NULL
161211,185551,NULL
161212,185552,NULL
161213,185553,NULL
161214,185554,212766
161215,185556,NULL
161216,185558,191407
161217,185559,NULL
161218,185560,NULL
161219,185561,NULL
161220,185562,NULL
161221,185563,NULL
161222,185564,NULL
161223,185565,NULL
161224,185567,NULL
161225,185568,NULL
161226,185569,NULL
161227,185570,NULL
161228,185571,NULL
161229,185572,NULL
161230,185573,NULL
161231,185574,NULL
161232,185575,NULL
161233,185577,NULL
161234,185578,NULL
161235,185579,NULL
161236,185580,NULL
161237,185581,NULL
161238,185582,195799
161239,185583,NULL
161240,185584,NULL
161241,185586,NULL
161242,185588,NULL
161243,185590,NULL
161244,185591,NULL
161245,185594,NULL
161246,185595,NULL
161247,185596,NULL
161248,185598,193138
161249,185600,212684
161249,185600,225189
161249,185600,234839
161250,185601,NULL
161251,185602,NULL
161252,185603,NULL
161253,185604,188975
161254,185605,NULL
161255,185606,NULL
161256,185608,214412
161257,185609,NULL
161258,185610,NULL
161259,185611,NULL
161260,185612,NULL
161261,185613,NULL
161262,185615,NULL
161263,185616,NULL
161264,185617,NULL
161265,185619,NULL
161266,185620,NULL
161267,185621,193104
161268,185622,NULL
161269,185623,NULL
161270,185624,214708
161271,185625,NULL
161272,185627,NULL
161273,185629,NULL
161274,185630,NULL
161275,185632,204344
161276,185633,NULL
161277,185634,190553
161277,185634,200884
161277,185634,209096
161278,185635,NULL
161279,185637,NULL
161280,185640,NULL
161281,185641,NULL
161282,185642,NULL
161283,185643,NULL
161284,185645,NULL
161285,185646,NULL
161286,185647,NULL
161287,185648,203383
161287,185648,224675
161287,185648,230762
161288,185650,NULL
161289,185651,NULL
161290,185652,NULL
161291,185653,NULL
161292,185654,NULL
161293,185655,191932
161293,185655,206239
161293,185655,213019
161294,185656,NULL
161295,185657,NULL
161296,185658,NULL
161297,185659,NULL
161298,185660,NULL
161299,185661,NULL
161300,185662,NULL
161301,185663,NULL
161302,185664,187627
161303,185665,NULL
161304,185666,NULL
161305,185667,NULL
161306,185668,NULL
161307,185670,NULL
161308,185671,NULL
161309,185672,NULL
161310,185673,NULL
161311,185674,NULL
161312,185675,NULL
161313,185677,NULL
161314,185678,218106
161315,185679,NULL
161316,185680,216246
161317,185681,NULL
161318,185683,193167
161319,185684,NULL
161320,185685,NULL
161321,185686,195725
161321,185686,207905
161321,185686,215904
161322,185687,NULL
161323,185689,NULL
161324,185691,NULL
161325,185693,NULL
161326,185694,220804
161327,185696,NULL
161328,185697,NULL
161329,185698,NULL
161330,185699,NULL
161331,185700,NULL
161332,185702,NULL
161333,185704,NULL
161334,185705,NULL
161335,185706,NULL
161336,185707,NULL
161337,185708,NULL
161338,185709,NULL
161339,185711,NULL
161340,185712,NULL
161341,185713,NULL
161342,185714,NULL
161343,185715,NULL
161344,185716,NULL
161345,185718,NULL
161346,185719,NULL
161347,185721,NULL
161348,185722,218158
161349,185725,NULL
161350,185726,NULL
161351,185727,NULL
161352,185728,NULL
161353,185729,NULL
161354,185730,NULL
161355,185731,NULL
161356,185732,NULL
161357,185733,NULL
161358,185734,NULL
161359,185735,200852
161359,185735,217482
161359,185735,228112
161360,185736,NULL
161361,185737,212039
161361,185737,231942
161361,185737,234218
161362,185740,NULL
161363,185741,216676
161363,185741,221016
161363,185741,227011
161364,185742,NULL
161365,185743,NULL
161366,185744,NULL
161367,185745,203661
161368,185747,NULL
161369,185749,NULL
161370,185750,NULL
161371,185751,NULL
161372,185753,NULL
161373,185754,NULL
161374,185756,NULL
161375,185759,203517
161375,185759,214855
161375,185759,221979
161376,185760,NULL
161377,185761,NULL
161378,185763,NULL
161379,185764,NULL
161380,185766,NULL
161381,185767,NULL
161382,185768,NULL
161383,185769,NULL
161384,185771,NULL
161385,185773,190094
161385,185773,193185
161385,185773,206641
161386,185775,NULL
161387,185776,NULL
161388,185777,NULL
161389,185778,206984
161390,185779,NULL
161391,185780,NULL
161392,185781,NULL
161393,185783,NULL
161394,185784,196330
161395,185786,NULL
161396,185789,NULL
161397,185790,NULL
161398,185791,NULL
161399,185793,NULL
161400,185794,194031
161401,185796,NULL
161402,185797,NULL
161403,185798,NULL
161404,185799,NULL
161405,185800,NULL
161406,185801,NULL
161407,185802,NULL
161408,185803,195334
161408,185803,213984
161408,185803,223412
161409,185805,NULL
161410,185806,NULL
161411,185807,NULL
161412,185809,NULL
161413,185810,NULL
161414,185811,217051
161414,185811,233752
161414,185811,241774
161415,185812,NULL
161416,185813,NULL
161417,185814,NULL
161418,185816,NULL
161419,185817,NULL
161420,185818,NULL
161421,185819,187142
161422,185820,NULL
161423,185821,NULL
161424,185823,NULL
161425,185824,NULL
161426,185825,210059
161427,185827,NULL
161428,185828,NULL
161429,185829,NULL
161430,185830,NULL
161431,185831,188156
161432,185833,NULL
161433,185834,NULL
161434,185836,NULL
161435,185837,NULL
161436,185838,NULL
161437,185839,NULL
161438,185840,NULL
161439,185842,NULL
161440,185843,NULL
161441,185844,217532
161442,185846,NULL
161443,185847,NULL
161444,185848,NULL
161445,185849,NULL
161446,185851,205207
161446,185851,210786
161446,185851,214652
161447,185853,NULL
161448,185854,NULL
161449,185855,NULL
161450,185856,NULL
161451,185860,218570
161452,185861,NULL
161453,185863,NULL
161454,185864,NULL
161455,185865,NULL
161456,185867,NULL
161457,185869,217366
161458,185871,NULL
161459,185874,NULL
161460,185875,NULL
161461,185876,NULL
161462,185877,NULL
161463,185879,200004
161464,185880,NULL
161465,185881,NULL
161466,185882,NULL
161467,185888,NULL
161468,185889,NULL
161469,185890,NULL
161470,185891,NULL
161471,185892,NULL
161472,185893,220296
161472,185893,235040
161472,185893,248665
161473,185894,NULL
161474,185895,189765
161475,185896,NULL
161476,185898,NULL
161477,185899,NULL
161478,185900,NULL
161479,185901,NULL
161480,185902,NULL
161481,185903,NULL
161482,185904,NULL
161483,185906,202347
161484,185908,NULL
161485,185909,NULL
161486,185910,NULL
161487,185911,NULL
161488,185912,201225
161489,185917,NULL
161490,185918,NULL
161491,185919,NULL
161492,185920,215115
161492,185920,224564
161492,185920,236831
161493,185921,NULL
161494,185922,NULL
161495,185923,NULL
161496,185924,194219
161497,185925,NULL
161498,185926,NULL
161499,185927,NULL
161500,185928,NULL
161501,185929,NULL
161502,185930,NULL
161503,185932,NULL
161504,185933,214036
161505,185934,NULL
161506,185937,NULL
161507,185938,NULL
161508,185939,190841
161509,185942,NULL
161510,185943,NULL
161511,185944,NULL
161512,185945,NULL
161513,185946,NULL
161514,185947,NULL
161515,185948,201405
161516,185949,NULL
161517,185950,NULL
161518,185952,NULL
161519,185953,NULL
161520,185954,NULL
161521,185955,NULL
161522,185956,NULL
161523,185957,NULL
161524,185958,NULL
161525,185959,NULL
161526,185960,NULL
161527,185961,NULL
161528,185962,NULL
161529,185963,NULL
161530,185964,192768
161531,185965,NULL
161532,185966,213782
161532,185966,219074
161532,185966,221874
161533,185967,NULL
161534,185968,NULL
161535,185969,NULL
161536,185970,220080
161536,185970,230521
161536,185970,244647
161537,185972,NULL
161538,185973,187447
161539,185974,NULL
161540,185975,NULL
161541,185976,NULL
161542,185977,NULL
161543,185978,NULL
161544,185979,NULL
161545,185980,NULL
161546,185981,NULL
161547,185982,NULL
161548,185983,NULL
161549,185985,NULL
161550,185986,NULL
161551,185987,NULL
161552,185988,NULL
161553,185990,NULL
161554,185991,NULL
161555,185992,189593
161556,185993,NULL
161557,185995,204720
161558,185996,NULL
161559,185998,NULL
161560,185999,189408
161561,186001,186793
161562,186002,NULL
161563,186003,NULL
161564,186004,NULL
161565,186005,NULL
161566,186006,NULL
161567,186007,NULL
161568,186008,NULL
161569,186009,203391
161570,186010,NULL
161571,186011,NULL
161572,186012,NULL
161573,186013,NULL
161574,186014,NULL
161575,186015,NULL
161576,186018,NULL
161577,186019,204644
161578,186020,NULL
161579,186021,NULL
161580,186022,NULL
161581,186023,NULL
161582,186025,NULL
161583,186026,NULL
161584,186027,NULL
161585,186028,212455
161585,186028,229366
161585,186028,241023
161586,186029,NULL
161587,186030,219405
161588,186031,NULL
161589,186032,NULL
161590,186033,188830
161590,186033,197270
161590,186033,207948
161591,186034,NULL
161592,186036,NULL
161593,186037,NULL
161594,186038,NULL
161595,186039,188791
161596,186040,NULL
161597,186041,NULL
161598,186042,NULL
161599,186043,NULL
161600,186044,194052
161601,186045,NULL
161602,186046,NULL
161603,186047,NULL
161604,186048,NULL
161605,186050,NULL
161606,186052,207634
161607,186053,NULL
161608,186054,199474
161609,186055,217837
161610,186056,195678
161611,186057,NULL
161612,186058,NULL
161613,186060,NULL
161614,186061,NULL
161615,186062,NULL
161616,186063,NULL
161617,186064,NULL
161618,186065,NULL
161619,186066,204501
161619,186066,221698
161619,186066,235780
161620,186067,NULL
161621,186068,212265
161621,186068,223381
161621,186068,231351
161622,186069,NULL
161623,186071,NULL
161624,186072,NULL
161625,186073,NULL
161626,186075,NULL
161627,186076,190921
161628,186077,NULL
161629,186078,NULL
161630,186079,NULL
161631,186080,NULL
161632,186081,NULL
161633,186082,189086
161634,186083,NULL
161635,186084,NULL
161636,186085,NULL
161637,186086,NULL
161638,186087,NULL
161639,186088,195693
161640,186089,NULL
161641,186090,NULL
161642,186091,NULL
161643,186092,220229
161644,186094,NULL
161645,186096,NULL
161646,186097,NULL
161647,186098,202376
161648,186100,217456
161648,186100,232813
161648,186100,243762
161649,186102,NULL
161650,186103,NULL
161651,186104,NULL
161652,186105,NULL
161653,186107,209345
161653,186107,212193
161653,186107,218417
161654,186108,NULL
161655,186109,NULL
161656,186112,NULL
161657,186113,NULL
161658,186114,205121
161658,186114,209056
161658,186114,218379
161659,186115,211735
161659,186115,219494
161659,186115,221694
161660,186116,NULL
161661,186117,NULL
161662,186118,NULL
161663,186119,NULL
161664,186120,NULL
161665,186121,NULL
161666,186122,NULL
161667,186123,211279
161668,186124,NULL
161669,186125,NULL
161670,186127,NULL
161671,186128,NULL
161672,186129,NULL
161673,186130,NULL
161674,186131,NULL
161675,186132,NULL
161676,186133,NULL
161677,186134,NULL
161678,186135,NULL
161679,186136,NULL
161680,186137,NULL
161681,186139,NULL
161682,186140,NULL
161683,186141,NULL
161684,186143,NULL
161685,186144,NULL
161686,186149,NULL
161687,186150,NULL
161688,186151,NULL
161689,186152,NULL
161690,186153,NULL
161691,186154,NULL
161692,186155,NULL
161693,186156,NULL
161694,186157,NULL
161695,186158,NULL
161696,186159,NULL
161697,186160,NULL
161698,186161,NULL
161699,186162,NULL
161700,186163,NULL
161701,186164,NULL
161702,186166,NULL
161703,186167,NULL
161704,186169,NULL
161705,186170,NULL
161706,186171,NULL
161707,186172,NULL
161708,186173,NULL
161709,186175,NULL
161710,186176,NULL
161711,186177,NULL
161712,186178,NULL
161713,186180,NULL
161714,186181,NULL
161715,186182,NULL
161716,186183,NULL
161717,186184,204646
161718,186185,189752
161719,186186,NULL
161720,186187,NULL
161721,186188,NULL
161722,186189,NULL
161723,186190,NULL
161724,186191,NULL
161725,186193,NULL
161726,186195,NULL
161727,186196,NULL
161728,186197,NULL
161729,186198,NULL
161730,186199,NULL
161731,186200,NULL
161732,186201,NULL
161733,186202,203142
161734,186203,206918
161735,186204,NULL
161736,186206,NULL
161737,186207,NULL
161738,186208,NULL
161739,186209,NULL
161740,186211,NULL
161741,186212,NULL
161742,186214,NULL
161743,186215,NULL
161744,186216,NULL
161745,186217,NULL
161746,186218,NULL
161747,186219,NULL
161748,186220,NULL
161749,186222,192161
161749,186222,200961
161749,186222,205803
161750,186223,190717
161751,186225,NULL
161752,186226,NULL
161753,186227,NULL
161754,186228,NULL
161755,186229,NULL
161756,186231,NULL
161757,186232,NULL
161758,186234,NULL
161759,186235,NULL
161760,186236,NULL
161761,186237,NULL
161762,186240,NULL
161763,186241,209543
161763,186241,225641
161763,186241,231802
161764,186242,NULL
161765,186243,NULL
161766,186246,NULL
161767,186247,NULL
161768,186248,NULL
161769,186249,NULL
161770,186251,NULL
161771,186252,199960
161772,186253,NULL
161773,186256,190977
161774,186257,NULL
161775,186258,196902
161776,186259,NULL
161777,186261,NULL
161778,186262,214948
161779,186263,NULL
161780,186264,NULL
161781,186265,NULL
161782,186268,NULL
161783,186269,NULL
161784,186270,NULL
161785,186271,NULL
161786,186272,NULL
161787,186273,NULL
161788,186275,192264
161789,186276,NULL
161790,186277,NULL
161791,186278,NULL
161792,186279,191708
161792,186279,200937
161792,186279,211418
161793,186280,NULL
161794,186281,NULL
161795,186282,NULL
161796,186283,NULL
161797,186284,NULL
161798,186285,NULL
161799,186286,NULL
161800,186288,NULL
161801,186289,NULL
161802,186290,NULL
161803,186291,NULL
161804,186292,NULL
161805,186293,NULL
161806,186294,NULL
161807,186295,NULL
161808,186296,NULL
161809,186297,NULL
161810,186300,NULL
161811,186302,191410
161812,186303,189803
161813,186304,NULL
161814,186305,200764
161815,186306,NULL
161816,186307,NULL
161817,186310,NULL
161818,186311,NULL
161819,186312,NULL
161820,186313,NULL
161821,186315,NULL
161822,186317,NULL
161823,186318,NULL
161824,186319,NULL
161825,186320,NULL
161826,186321,189023
161826,186321,204411
161826,186321,207039
161827,186322,NULL
161828,186323,NULL
161829,186326,NULL
161830,186327,NULL
161831,186328,NULL
161832,186329,NULL
161833,186330,NULL
161834,186331,209303
161835,186332,NULL
161836,186334,NULL
161837,186336,NULL
161838,186337,NULL
161839,186338,NULL
161840,186339,NULL
161841,186340,NULL
161842,186341,NULL
161843,186344,193418
161844,186345,219626
161845,186347,NULL
161846,186348,NULL
161847,186349,NULL
161848,186351,NULL
161849,186352,NULL
161850,186353,194107
161850,186353,217692
161850,186353,226791
161851,186354,NULL
161852,186355,NULL
161853,186356,NULL
161854,186357,NULL
161855,186358,NULL
161856,186359,NULL
161857,186361,NULL
161858,186362,NULL
161859,186363,NULL
161860,186365,NULL
161861,186366,NULL
161862,186367,NULL
161863,186368,NULL
161864,186370,NULL
161865,186371,193062
161866,186372,NULL
161867,186373,220443
161868,186374,NULL
161869,186375,218301
161869,186375,237337
161869,186375,251197
161870,186377,NULL
161871,186378,NULL
161872,186379,NULL
161873,186380,NULL
161874,186381,NULL
161875,186382,NULL
161876,186383,NULL
161877,186384,198349
161878,186385,NULL
161879,186386,NULL
161880,186387,NULL
161881,186388,NULL
161882,186390,NULL
161883,186391,NULL
161884,186392,NULL
161885,186394,NULL
161886,186395,NULL
161887,186396,NULL
161888,186397,190231
161889,186399,NULL
161890,186400,206756
161891,186402,196490
161892,186403,NULL
161893,186405,NULL
161894,186406,NULL
161895,186407,NULL
161896,186408,NULL
161897,186409,NULL
161898,186410,NULL
161899,186412,NULL
161900,186415,203588
161900,186415,224496
161900,186415,235618
161901,186416,NULL
161902,186418,NULL
161903,186420,NULL
161904,186421,NULL
161905,186422,NULL
161906,186423,NULL
161907,186424,NULL
161908,186425,NULL
161909,186426,NULL
161910,186427,NULL
161911,186428,NULL
161912,186429,NULL
161913,186430,NULL
161914,186431,NULL
161915,186433,NULL
161916,186434,NULL
161917,186435,NULL
161918,186436,NULL
161919,186437,NULL
161920,186439,NULL
161921,186440,NULL
161922,186441,NULL
161923,186442,NULL
161924,186444,217015
161924,186444,235467
161924,186444,241473
161925,186445,NULL
161926,186446,NULL
161927,186448,NULL
161928,186450,206881
161929,186451,NULL
161930,186453,NULL
161931,186454,NULL
161932,186455,NULL
161933,186457,NULL
161934,186458,NULL
161935,186459,NULL
161936,186461,NULL
161937,186463,211703
161938,186464,NULL
161939,186465,NULL
161940,186467,NULL
161941,186468,NULL
161942,186469,NULL
161943,186470,NULL
161944,186471,NULL
161945,186472,189734
161946,186474,NULL
161947,186476,NULL
161948,186478,189152
161949,186479,NULL
161950,186482,194044
161950,186482,200900
161950,186482,204297
161951,186483,NULL
161952,186484,NULL
161953,186485,NULL
161954,186486,NULL
161955,186487,NULL
161956,186488,NULL
161957,186489,NULL
161958,186490,NULL
161959,186491,NULL
161960,186492,NULL
161961,186493,NULL
161962,186494,NULL
161963,186495,NULL
161964,186496,NULL
161965,186497,NULL
161966,186498,NULL
161967,186499,NULL
161968,186500,NULL
161969,186501,NULL
161970,186502,NULL
161971,186503,NULL
161972,186504,NULL
161973,186506,NULL
161974,186507,203432
161975,186508,NULL
161976,186509,NULL
161977,186510,NULL
161978,186511,200252
161978,186511,209930
161978,186511,211129
161979,186512,NULL
161980,186513,218418
161980,186513,237499
161980,186513,248567
161981,186514,NULL
161982,186515,NULL
161983,186516,NULL
161984,186517,NULL
161985,186518,NULL
161986,186519,190217
161987,186520,NULL
161988,186521,NULL
161989,186523,NULL
161990,186524,NULL
161991,186525,NULL
161992,186527,NULL
161993,186528,NULL
161994,186529,NULL
161995,186530,NULL
161996,186531,NULL
161997,186532,NULL
161998,186533,NULL
161999,186535,203272
162000,186536,NULL
162001,186539,NULL
162002,186540,215403
162003,186542,NULL
162004,186543,NULL
162005,186544,NULL
162006,186545,NULL
162007,186546,NULL
162008,186547,NULL
162009,186548,NULL
162010,186549,NULL
162011,186550,NULL
162012,186551,NULL
162013,186552,NULL
162014,186553,NULL
162015,186554,NULL
162016,186555,NULL
162017,186556,NULL
162018,186557,NULL
162019,186558,NULL
162020,186559,NULL
162021,186560,NULL
162022,186561,NULL
162023,186562,NULL
162024,186563,NULL
162025,186564,NULL
162026,186565,NULL
162027,186566,NULL
162028,186567,NULL
162029,186568,NULL
162030,186569,223528
162031,186570,NULL
162032,186571,NULL
162033,186573,NULL
162034,186575,NULL
162035,186577,193872
162035,186577,214273
162035,186577,221721
162036,186578,NULL
162037,186579,NULL
162038,186580,NULL
162039,186581,NULL
162040,186582,NULL
162041,186583,NULL
162042,186584,NULL
162043,186585,NULL
162044,186586,NULL
162045,186587,NULL
162046,186588,NULL
162047,186589,193883
162048,186592,NULL
162049,186593,NULL
162050,186594,NULL
162051,186595,NULL
162052,186596,223980
162052,186596,236495
162052,186596,248008
162053,186597,206150
162054,186599,NULL
162055,186600,NULL
162056,186601,NULL
162057,186602,NULL
162058,186603,NULL
162059,186605,NULL
162060,186606,NULL
162061,186607,NULL
162062,186608,NULL
162063,186609,NULL
162064,186610,NULL
162065,186611,NULL
162066,186612,191344
162067,186613,217992
162068,186614,NULL
162069,186615,NULL
162070,186616,NULL
162071,186617,NULL
162072,186618,NULL
162073,186619,NULL
162074,186620,204245
162075,186621,205954
162076,186622,NULL
162077,186623,NULL
162078,186625,NULL
162079,186627,NULL
162080,186628,NULL
162081,186629,NULL
162082,186630,NULL
162083,186631,204987
162083,186631,219138
162083,186631,229662
162084,186632,NULL
162085,186633,NULL
162086,186634,NULL
162087,186635,NULL
162088,186637,NULL
162089,186638,222070
162090,186639,NULL
162091,186640,206434
162092,186642,199020
162093,186643,198793
162094,186647,NULL
162095,186648,199806
162095,186648,212843
162095,186648,220092
162096,186649,212597
162096,186649,228685
162096,186649,238883
162097,186650,NULL
162098,186651,NULL
162099,186652,NULL
162100,186654,NULL
162101,186655,NULL
162102,186657,NULL
162103,186658,NULL
162104,186659,NULL
162105,186660,NULL
162106,186663,NULL
162107,186665,NULL
162108,186667,NULL
162109,186668,NULL
162110,186670,NULL
162111,186671,NULL
162112,186672,NULL
162113,186673,NULL
162114,186674,NULL
162115,186675,NULL
162116,186676,NULL
162117,186677,NULL
162118,186678,NULL
162119,186679,NULL
162120,186680,NULL
162121,186681,NULL
162122,186682,NULL
162123,186683,NULL
162124,186684,NULL
162125,186685,NULL
162126,186687,NULL
162127,186689,215485
162128,186690,NULL
162129,186691,NULL
162130,186692,NULL
162131,186693,NULL
162132,186694,NULL
162133,186695,NULL
162134,186696,NULL
162135,186697,NULL
162136,186698,NULL
162137,186699,NULL
162138,186700,NULL
162139,186702,NULL
162140,186703,NULL
162141,186704,NULL
162142,186705,NULL
162143,186707,NULL
162144,186708,NULL
162145,186710,NULL
162146,186711,NULL
162147,186712,224034
162147,186712,232212
162147,186712,243027
162148,186713,NULL
162149,186714,190374
162150,186715,NULL
162151,186716,NULL
162152,186718,NULL
162153,186719,NULL
162154,186720,NULL
162155,186721,NULL
162156,186722,202008
162157,186724,NULL
162158,186725,NULL
162159,186726,NULL
162160,186727,NULL
162161,186728,NULL
162162,186729,NULL
162163,186730,NULL
162164,186731,NULL
162165,186732,NULL
162166,186733,NULL
162167,186734,NULL
162168,186735,NULL
162169,186737,NULL
162170,186739,202044
162171,186740,214768
162171,186740,226293
162171,186740,236521
162172,186742,NULL
162173,186743,NULL
162174,186744,NULL
162175,186745,NULL
162176,186746,NULL
162177,186747,NULL
162178,186748,NULL
162179,186749,NULL
162180,186751,NULL
162181,186752,NULL
162182,186753,198568
162183,186754,NULL
162184,186755,NULL
162185,186756,NULL
162186,186757,NULL
162187,186758,NULL
162188,186759,NULL
162189,186760,220678
162189,186760,228212
162189,186760,229709
162190,186762,NULL
162191,186763,NULL
162192,186764,NULL
162193,186765,NULL
162194,186766,NULL
162195,186767,NULL
162196,186768,NULL
162197,186769,NULL
162198,186770,NULL
162199,186772,NULL
162200,186773,NULL
162201,186774,NULL
162202,186775,216018
162203,186776,NULL
162204,186777,217215
162205,186778,214168
162206,186779,NULL
162207,186780,NULL
162208,186781,NULL
162209,186782,NULL
162210,186783,NULL
162211,186784,203290
162211,186784,223087
162211,186784,225108
162212,186785,NULL
162213,186786,NULL
162214,186787,NULL
162215,186788,NULL
162216,186789,NULL
162217,186790,NULL
162218,186791,NULL
162219,186792,NULL
162220,186794,NULL
162221,186795,NULL
162222,186796,NULL
162223,186799,NULL
162224,186800,NULL
162225,186801,NULL
162226,186802,NULL
162227,186804,NULL
162228,186805,NULL
162229,186806,NULL
162230,186807,NULL
162231,186808,NULL
162232,186809,NULL
162233,186810,NULL
162234,186811,NULL
162235,186812,NULL
162236,186813,NULL
162237,186814,219390
162237,186814,223371
162237,186814,235118
162238,186815,NULL
162239,186817,NULL
162240,186818,NULL
162241,186820,NULL
162242,186823,NULL
162243,186824,NULL
162244,186825,NULL
162245,186826,NULL
162246,186827,NULL
162247,186828,NULL
162248,186829,NULL
162249,186831,NULL
162250,186832,NULL
162251,186833,NULL
162252,186834,218330
162252,186834,227190
162252,186834,231402
162253,186835,NULL
162254,186836,NULL
162255,186837,NULL
162256,186838,NULL
162257,186839,NULL
162258,186840,NULL
162259,186841,NULL
162260,186842,NULL
162261,186843,NULL
162262,186844,NULL
162263,186845,205633
162264,186846,221553
162264,186846,241916
162264,186846,256029
162265,186847,NULL
162266,186848,NULL
162267,186849,NULL
162268,186850,NULL
162269,186851,205883
162269,186851,210475
162269,186851,214757
162270,186853,NULL
162271,186855,217515
162272,186856,NULL
162273,186857,NULL
162274,186859,NULL
162275,186860,NULL
162276,186861,NULL
162277,186863,NULL
162278,186864,201062
162278,186864,206697
162278,186864,218100
162279,186865,199255
162279,186865,211154
162279,186865,224490
162280,186866,NULL
162281,186869,NULL
162282,186870,NULL
162283,186872,218311
162284,186873,NULL
162285,186874,NULL
162286,186875,NULL
162287,186876,NULL
162288,186877,NULL
162289,186880,NULL
162290,186881,NULL
162291,186883,NULL
162292,186884,NULL
162293,186885,211830
162294,186886,221503
162295,186888,NULL
162296,186889,NULL
162297,186890,NULL
162298,186891,NULL
162299,186892,NULL
162300,186893,NULL
162301,186894,NULL
162302,186895,NULL
162303,186896,NULL
162304,186897,NULL
162305,186899,NULL
162306,186900,NULL
162307,186901,NULL
162308,186902,NULL
162309,186904,NULL
162310,186905,NULL
162311,186906,NULL
162312,186907,NULL
162313,186908,NULL
162314,186909,203394
162315,186910,NULL
162316,186911,NULL
162317,186912,NULL
162318,186913,NULL
162319,186915,NULL
162320,186916,NULL
162321,186917,NULL
162322,186918,NULL
162323,186919,NULL
162324,186920,NULL
162325,186921,NULL
162326,186922,201886
162327,186923,NULL
162328,186924,NULL
162329,186926,NULL
162330,186927,NULL
162331,186928,NULL
162332,186929,NULL
162333,186930,NULL
162334,186931,NULL
162335,186932,NULL
162336,186933,NULL
162337,186934,NULL
162338,186935,NULL
162339,186936,220535
162340,186937,224218
162341,186938,NULL
162342,186940,NULL
162343,186941,NULL
162344,186942,NULL
162345,186943,NULL
162346,186944,NULL
162347,186945,NULL
162348,186946,NULL
162349,186947,NULL
162350,186948,NULL
162351,186949,NULL
162352,186950,NULL
162353,186951,NULL
162354,186953,NULL
162355,186954,NULL
162356,186955,193863
162356,186955,207701
162356,186955,220097
162357,186956,NULL
162358,186958,NULL
162359,186959,NULL
162360,186960,NULL
162361,186961,NULL
162362,186963,NULL
162363,186964,NULL
162364,186965,NULL
162365,186966,NULL
162366,186968,NULL
162367,186969,NULL
162368,186970,NULL
162369,186971,NULL
162370,186973,NULL
162371,186974,NULL
162372,186975,NULL
162373,186976,NULL
162374,186978,NULL
162375,186979,NULL
162376,186981,NULL
162377,186982,NULL
162378,186983,203469
162379,186984,NULL
162380,186985,NULL
162381,186986,NULL
162382,186987,NULL
162383,186988,NULL
162384,186989,NULL
162385,186993,NULL
162386,186994,NULL
162387,186995,NULL
162388,186997,217132
162389,186999,NULL
162390,187000,NULL
162391,187001,NULL
162392,187002,NULL
162393,187003,NULL
162394,187004,NULL
162395,187005,NULL
162396,187006,NULL
162397,187007,NULL
162398,187008,NULL
162399,187009,NULL
162400,187010,NULL
162401,187011,NULL
162402,187012,NULL
162403,187013,NULL
162404,187014,NULL
162405,187015,NULL
162406,187016,NULL
162407,187017,NULL
162408,187018,NULL
162409,187019,NULL
162410,187020,NULL
162411,187021,219981
162411,187021,228058
162411,187021,233377
162412,187023,NULL
162413,187024,NULL
162414,187026,203526
162415,187027,NULL
162416,187028,NULL
162417,187029,NULL
162418,187031,224386
162419,187033,NULL
162420,187034,NULL
162421,187036,NULL
162422,187037,NULL
162423,187038,NULL
162424,187039,NULL
162425,187040,NULL
162426,187041,NULL
162427,187042,219187
162428,187043,NULL
162429,187044,NULL
162430,187045,NULL
162431,187046,NULL
162432,187047,NULL
162433,187048,NULL
162434,187050,NULL
162435,187051,NULL
162436,187052,NULL
162437,187053,218498
162437,187053,236571
162437,187053,246973
162438,187054,NULL
162439,187055,NULL
162440,187056,205038
162440,187056,221907
162440,187056,235613
162441,187057,NULL
162442,187059,NULL
162443,187060,NULL
162444,187061,NULL
162445,187062,NULL
162446,187063,NULL
162447,187064,205259
162448,187065,200777
162449,187066,NULL
162450,187067,NULL
162451,187069,NULL
162452,187070,NULL
162453,187071,NULL
162454,187072,NULL
162455,187074,NULL
162456,187075,NULL
162457,187076,NULL
162458,187077,191255
162459,187078,NULL
162460,187080,NULL
162461,187081,NULL
162462,187082,NULL
162463,187083,NULL
162464,187084,NULL
162465,187085,NULL
162466,187086,NULL
162467,187087,NULL
162468,187088,NULL
162469,187089,214927
162470,187090,NULL
162471,187091,NULL
162472,187092,NULL
162473,187093,NULL
162474,187094,NULL
162475,187095,NULL
162476,187096,NULL
162477,187097,NULL
162478,187098,NULL
162479,187100,NULL
162480,187102,NULL
162481,187103,NULL
162482,187104,NULL
162483,187105,218086
162483,187105,232764
162483,187105,241310
162484,187106,NULL
162485,187107,208483
162486,187109,223740
162487,187110,214425
162488,187111,NULL
162489,187112,NULL
162490,187113,NULL
162491,187115,217886
162492,187116,NULL
162493,187117,NULL
162494,187118,NULL
162495,187119,NULL
162496,187120,220060
162497,187121,220692
162497,187121,234094
162497,187121,245130
162498,187122,NULL
162499,187124,NULL
162500,187125,NULL
162501,187126,NULL
162502,187127,204075
162503,187128,NULL
162504,187129,NULL
162505,187132,NULL
162506,187133,NULL
162507,187134,NULL
162508,187135,NULL
162509,187136,NULL
162510,187137,NULL
162511,187138,NULL
162512,187139,NULL
162513,187140,NULL
162514,187141,NULL
162515,187143,NULL
162516,187144,NULL
162517,187145,NULL
162518,187146,NULL
162519,187147,NULL
162520,187148,NULL
162521,187149,NULL
162522,187150,NULL
162523,187151,NULL
162524,187152,NULL
162525,187153,211753
162526,187154,NULL
162527,187155,NULL
162528,187157,NULL
162529,187159,198179
162530,187161,NULL
162531,187162,NULL
162532,187163,NULL
162533,187164,NULL
162534,187165,NULL
162535,187166,NULL
162536,187167,NULL
162537,187168,NULL
162538,187169,NULL
162539,187171,NULL
162540,187172,NULL
162541,187173,NULL
162542,187174,NULL
162543,187175,NULL
162544,187176,NULL
162545,187177,NULL
162546,187180,NULL
162547,187182,NULL
162548,187183,NULL
162549,187184,NULL
162550,187185,NULL
162551,187186,191319
162552,187187,NULL
162553,187189,NULL
162554,187190,NULL
162555,187192,193652
162556,187193,NULL
162557,187195,NULL
162558,187196,NULL
162559,187197,NULL
162560,187198,NULL
162561,187199,NULL
162562,187202,NULL
162563,187203,NULL
162564,187206,NULL
162565,187207,NULL
162566,187208,NULL
162567,187209,NULL
162568,187210,202013
162569,187211,NULL
162570,187212,210432
162571,187213,NULL
162572,187214,NULL
162573,187215,NULL
162574,187216,NULL
162575,187217,211955
162575,187217,225445
162575,187217,232864
162576,187218,NULL
162577,187220,NULL
162578,187221,NULL
162579,187222,NULL
162580,187225,NULL
162581,187227,217086
162581,187227,218768
162581,187227,231103
162582,187228,NULL
162583,187229,NULL
162584,187231,NULL
162585,187232,208240
162585,187232,219600
162585,187232,221822
162586,187233,NULL
162587,187234,NULL
162588,187235,NULL
162589,187237,NULL
162590,187238,NULL
162591,187239,NULL
162592,187240,NULL
162593,187241,NULL
162594,187243,NULL
162595,187244,NULL
162596,187245,NULL
162597,187246,NULL
162598,187247,210473
162599,187248,NULL
162600,187249,209986
162601,187251,NULL
162602,187252,NULL
162603,187253,215855
162604,187255,NULL
162605,187256,NULL
162606,187257,NULL
162607,187259,NULL
162608,187260,NULL
162609,187261,NULL
162610,187262,NULL
162611,187263,NULL
162612,187264,192559
162612,187264,194593
162612,187264,200567
162613,187267,NULL
162614,187268,NULL
162615,187270,NULL
162616,187271,NULL
162617,187273,NULL
162618,187274,NULL
162619,187275,NULL
162620,187276,NULL
162621,187277,NULL
162622,187278,224074
162622,187278,238666
162622,187278,242974
162623,187279,NULL
162624,187280,NULL
162625,187281,206946
162625,187281,224954
162625,187281,238162
162626,187283,NULL
162627,187284,NULL
162628,187285,NULL
162629,187286,NULL
162630,187287,NULL
162631,187288,NULL
162632,187290,NULL
162633,187291,210002
162634,187292,NULL
162635,187293,NULL
162636,187294,NULL
162637,187295,NULL
162638,187296,NULL
162639,187297,NULL
162640,187298,NULL
162641,187300,NULL
162642,187301,NULL
162643,187302,NULL
162644,187304,NULL
162645,187305,NULL
162646,187306,NULL
162647,187307,NULL
162648,187308,NULL
162649,187309,NULL
162650,187311,NULL
162651,187312,NULL
162652,187313,NULL
162653,187314,NULL
162654,187315,NULL
162655,187316,NULL
162656,187317,208508
162657,187318,NULL
162658,187319,NULL
162659,187320,NULL
162660,187321,NULL
162661,187322,NULL
162662,187323,NULL
162663,187324,NULL
162664,187325,NULL
162665,187326,NULL
162666,187327,NULL
162667,187328,NULL
162668,187330,NULL
162669,187331,NULL
162670,187332,194506
162671,187333,NULL
162672,187334,NULL
162673,187336,NULL
162674,187338,213786
162675,187339,222194
162675,187339,242195
162675,187339,248573
162676,187340,NULL
162677,187342,NULL
162678,187344,202773
162679,187345,NULL
162680,187346,217723
162681,187347,NULL
162682,187348,NULL
162683,187349,NULL
162684,187350,NULL
162685,187351,NULL
162686,187352,NULL
162687,187353,NULL
162688,187354,NULL
162689,187355,NULL
162690,187356,208073
162691,187357,222556
162692,187358,191803
162693,187359,NULL
162694,187361,NULL
162695,187362,NULL
162696,187363,NULL
162697,187366,NULL
162698,187367,NULL
162699,187369,220437
162700,187370,NULL
162701,187371,NULL
162702,187372,212578
162703,187373,NULL
162704,187374,213726
162705,187375,NULL
162706,187376,NULL
162707,187377,NULL
162708,187378,NULL
162709,187379,NULL
162710,187380,NULL
162711,187381,NULL
162712,187382,NULL
162713,187384,NULL
162714,187385,213881
162715,187386,NULL
162716,187388,NULL
162717,187389,NULL
162718,187390,NULL
162719,187391,NULL
162720,187392,NULL
162721,187393,NULL
162722,187394,NULL
162723,187395,214797
162723,187395,222251
162723,187395,228249
162724,187397,NULL
162725,187399,NULL
162726,187400,NULL
162727,187401,204531
162728,187403,NULL
162729,187404,NULL
162730,187405,NULL
162731,187406,NULL
162732,187407,NULL
162733,187408,NULL
162734,187410,NULL
162735,187411,NULL
162736,187412,NULL
162737,187414,NULL
162738,187415,204552
162739,187416,NULL
162740,187417,NULL
162741,187418,NULL
162742,187420,NULL
162743,187421,NULL
162744,187422,NULL
162745,187423,NULL
162746,187426,NULL
162747,187428,221034
162748,187429,NULL
162749,187430,NULL
162750,187431,NULL
162751,187433,NULL
162752,187435,208099
162753,187436,NULL
162754,187437,217249
162755,187438,NULL
162756,187439,222485
162756,187439,235735
162756,187439,245839
162757,187440,209016
162757,187440,219857
162757,187440,226967
162758,187441,NULL
162759,187443,NULL
162760,187444,NULL
162761,187445,NULL
162762,187446,NULL
162763,187451,NULL
162764,187453,NULL
162765,187454,NULL
162766,187455,NULL
162767,187456,NULL
162768,187457,NULL
162769,187458,NULL
162770,187459,218217
162771,187460,NULL
162772,187461,NULL
162773,187462,NULL
162774,187463,NULL
162775,187464,NULL
162776,187465,NULL
162777,187466,NULL
162778,187467,NULL
162779,187468,NULL
162780,187469,NULL
162781,187470,NULL
162782,187471,NULL
162783,187472,NULL
162784,187473,NULL
162785,187474,NULL
162786,187475,NULL
162787,187476,207962
162788,187477,NULL
162789,187478,192470
162790,187480,191591
162790,187480,214140
162790,187480,223997
162791,187481,NULL
162792,187482,212772
162793,187483,198719
162794,187484,NULL
162795,187485,203667
162795,187485,214429
162795,187485,214615
162796,187489,NULL
162797,187492,NULL
162798,187493,NULL
162799,187494,NULL
162800,187496,NULL
162801,187499,NULL
162802,187500,NULL
162803,187501,NULL
162804,187502,NULL
162805,187503,220598
162805,187503,227001
162805,187503,239347
162806,187504,NULL
162807,187505,NULL
162808,187506,NULL
162809,187507,195503
162810,187508,NULL
162811,187509,NULL
162812,187510,195767
162812,187510,208373
162812,187510,211651
162813,187511,NULL
162814,187514,NULL
162815,187515,NULL
162816,187516,201152
162817,187517,NULL
162818,187518,NULL
162819,187519,NULL
162820,187520,NULL
162821,187521,NULL
162822,187522,NULL
162823,187523,NULL
162824,187524,NULL
162825,187525,NULL
162826,187526,192981
162826,187526,203289
162826,187526,217266
162827,187527,221929
162828,187530,NULL
162829,187531,NULL
162830,187532,NULL
162831,187533,NULL
162832,187534,NULL
162833,187535,NULL
162834,187537,NULL
162835,187538,NULL
162836,187539,NULL
162837,187540,NULL
162838,187541,NULL
162839,187542,NULL
162840,187543,216430
162841,187544,NULL
162842,187545,NULL
162843,187546,NULL
162844,187547,NULL
162845,187548,203458
162846,187549,NULL
162847,187550,NULL
162848,187551,NULL
162849,187552,NULL
162850,187553,NULL
162851,187554,NULL
162852,187555,NULL
162853,187556,NULL
162854,187557,NULL
162855,187558,NULL
162856,187560,NULL
162857,187561,NULL
162858,187562,NULL
162859,187563,NULL
162860,187564,NULL
162861,187565,NULL
162862,187566,NULL
162863,187567,214677
162863,187567,218585
162863,187567,223273
162864,187568,NULL
162865,187569,NULL
162866,187570,NULL
162867,187571,NULL
162868,187572,NULL
162869,187573,NULL
162870,187574,NULL
162871,187575,NULL
162872,187576,NULL
162873,187577,212557
162874,187579,NULL
162875,187580,NULL
162876,187581,NULL
162877,187582,NULL
162878,187583,NULL
162879,187584,NULL
162880,187587,NULL
162881,187588,NULL
162882,187589,NULL
162883,187591,NULL
162884,187593,NULL
162885,187594,NULL
162886,187595,NULL
162887,187596,NULL
162888,187597,NULL
162889,187598,NULL
162890,187599,206094
162891,187600,NULL
162892,187601,NULL
162893,187602,NULL
162894,187604,NULL
162895,187605,NULL
162896,187606,NULL
162897,187609,NULL
162898,187610,NULL
162899,187611,210521
162900,187613,NULL
162901,187614,208394
162902,187615,205457
162902,187615,220853
162902,187615,230160
162903,187616,NULL
162904,187617,NULL
162905,187619,NULL
162906,187620,NULL
162907,187622,NULL
162908,187624,NULL
162909,187625,NULL
162910,187628,NULL
162911,187630,NULL
162912,187631,NULL
162913,187632,NULL
162914,187633,NULL
162915,187634,NULL
162916,187635,NULL
162917,187638,NULL
162918,187639,NULL
162919,187640,NULL
162920,187642,NULL
162921,187643,NULL
162922,187644,NULL
162923,187646,220342
162923,187646,228066
162923,187646,235415
162924,187647,215128
162925,187648,NULL
162926,187650,NULL
162927,187652,NULL
162928,187653,NULL
162929,187654,NULL
162930,187655,207727
162931,187656,NULL
162932,187657,NULL
162933,187658,NULL
162934,187659,NULL
162935,187660,NULL
162936,187661,198235
162937,187662,NULL
162938,187663,NULL
162939,187664,NULL
162940,187665,NULL
162941,187666,NULL
162942,187667,NULL
162943,187669,NULL
162944,187670,NULL
162945,187671,NULL
162946,187672,NULL
162947,187673,NULL
162948,187674,203385
162948,187674,214772
162948,187674,223244
162949,187675,NULL
162950,187676,NULL
162951,187677,NULL
162952,187678,NULL
162953,187679,NULL
162954,187680,NULL
162955,187682,NULL
162956,187684,NULL
162957,187685,NULL
162958,187686,NULL
162959,187687,200434
162959,187687,204829
162959,187687,209807
162960,187688,NULL
162961,187689,NULL
162962,187690,NULL
162963,187691,NULL
162964,187692,NULL
162965,187693,NULL
162966,187694,NULL
162967,187695,NULL
162968,187696,NULL
162969,187697,NULL
162970,187698,NULL
162971,187699,NULL
162972,187700,NULL
162973,187701,205739
162973,187701,213259
162973,187701,215245
162974,187702,NULL
162975,187703,NULL
162976,187704,NULL
162977,187705,NULL
162978,187706,190828
162978,187706,199068
162978,187706,211240
162979,187707,203407
162980,187708,217423
162980,187708,218657
162980,187708,230608
162981,187709,NULL
162982,187710,NULL
162983,187711,221744
162984,187712,NULL
162985,187713,NULL
162986,187715,213561
162986,187715,215102
162986,187715,222507
162987,187716,NULL
162988,187717,NULL
162989,187718,NULL
162990,187720,206274
162990,187720,212672
162990,187720,222808
162991,187721,NULL
162992,187722,NULL
162993,187723,NULL
162994,187724,NULL
162995,187725,NULL
162996,187726,NULL
162997,187727,NULL
162998,187728,NULL
162999,187729,NULL
163000,187732,NULL
163001,187733,NULL
163002,187734,NULL
163003,187735,194908
163004,187736,NULL
163005,187737,NULL
163006,187738,NULL
163007,187739,NULL
163008,187740,NULL
163009,187741,NULL
163010,187742,NULL
163011,187743,NULL
163012,187744,218497
163013,187745,221564
163014,187746,NULL
163015,187747,NULL
163016,187749,NULL
163017,187750,NULL
163018,187751,220674
163019,187753,221094
163019,187753,237377
163019,187753,251936
163020,187755,NULL
163021,187756,NULL
163022,187757,NULL
163023,187758,NULL
163024,187759,NULL
163025,187760,NULL
163026,187761,NULL
163027,187764,NULL
163028,187765,223827
163028,187765,230421
163028,187765,238877
163029,187766,NULL
163030,187767,NULL
163031,187768,NULL
163032,187769,NULL
163033,187770,NULL
163034,187774,NULL
163035,187775,213164
163036,187776,NULL
163037,187778,NULL
163038,187779,NULL
163039,187780,NULL
163040,187782,NULL
163041,187783,218081
163041,187783,225868
163041,187783,232510
163042,187784,NULL
163043,187785,NULL
163044,187787,NULL
163045,187789,NULL
163046,187790,NULL
163047,187791,NULL
163048,187792,NULL
163049,187795,NULL
163050,187797,NULL
163051,187799,NULL
163052,187801,214221
163053,187802,NULL
163054,187803,NULL
163055,187804,NULL
163056,187805,NULL
163057,187807,205707
163058,187810,NULL
163059,187811,NULL
163060,187812,NULL
163061,187813,197188
163062,187814,NULL
163063,187815,NULL
163064,187816,NULL
163065,187817,NULL
163066,187818,NULL
163067,187819,NULL
163068,187821,NULL
163069,187822,NULL
163070,187823,NULL
163071,187824,NULL
163072,187825,NULL
163073,187826,NULL
163074,187827,NULL
163075,187829,NULL
163076,187830,NULL
163077,187831,NULL
163078,187832,NULL
163079,187833,203354
163080,187834,NULL
163081,187836,NULL
163082,187837,NULL
163083,187838,NULL
163084,187839,NULL
163085,187840,NULL
163086,187841,NULL
163087,187842,NULL
163088,187843,NULL
163089,187844,NULL
163090,187845,NULL
163091,187846,NULL
163092,187848,NULL
163093,187849,NULL
163094,187851,NULL
163095,187852,201128
163096,187853,NULL
163097,187854,NULL
163098,187855,NULL
163099,187856,NULL
163100,187857,200880
163100,187857,209021
163100,187857,219629
163101,187858,NULL
163102,187859,NULL
163103,187860,NULL
163104,187861,NULL
163105,187863,213987
163105,187863,228161
163105,187863,238190
163106,187864,NULL
163107,187865,NULL
163108,187866,217980
163109,187867,NULL
163110,187868,215367
163110,187868,230112
163110,187868,238203
163111,187869,NULL
163112,187870,NULL
163113,187871,195479
163113,187871,213939
163113,187871,219710
163114,187872,NULL
163115,187873,192227
163115,187873,194974
163115,187873,199357
163116,187874,NULL
163117,187875,NULL
163118,187876,217189
163119,187877,NULL
163120,187878,NULL
163121,187879,NULL
163122,187880,NULL
163123,187881,NULL
163124,187882,NULL
163125,187883,NULL
163126,187884,NULL
163127,187885,NULL
163128,187886,NULL
163129,187887,NULL
163130,187888,NULL
163131,187889,NULL
163132,187890,NULL
163133,187891,NULL
163134,187893,NULL
163135,187894,NULL
163136,187895,216916
163137,187897,NULL
163138,187898,NULL
163139,187899,NULL
163140,187900,NULL
163141,187901,NULL
163142,187902,NULL
163143,187903,NULL
163144,187904,NULL
163145,187905,NULL
163146,187906,NULL
163147,187907,197031
163148,187908,NULL
163149,187909,NULL
163150,187910,NULL
163151,187911,NULL
163152,187912,NULL
163153,187913,222788
163154,187914,NULL
163155,187915,NULL
163156,187916,NULL
163157,187917,NULL
163158,187918,NULL
163159,187919,NULL
163160,187920,NULL
163161,187921,NULL
163162,187922,NULL
163163,187924,NULL
163164,187925,NULL
163165,187926,NULL
163166,187927,NULL
163167,187928,NULL
163168,187929,NULL
163169,187930,NULL
163170,187931,NULL
163171,187932,NULL
163172,187933,NULL
163173,187934,NULL
163174,187936,NULL
163175,187937,NULL
163176,187938,NULL
163177,187939,NULL
163178,187940,NULL
163179,187941,NULL
163180,187942,NULL
163181,187943,198316
163182,187944,NULL
163183,187945,195446
163184,187946,NULL
163185,187947,NULL
163186,187948,NULL
163187,187949,NULL
163188,187950,NULL
163189,187951,NULL
163190,187953,NULL
163191,187954,NULL
163192,187955,NULL
163193,187956,197564
163194,187957,NULL
163195,187958,NULL
163196,187959,NULL
163197,187960,210761
163197,187960,220095
163197,187960,230263
163198,187961,NULL
163199,187962,NULL
163200,187963,195650
163201,187964,NULL
163202,187965,NULL
163203,187966,NULL
163204,187967,NULL
163205,187968,NULL
163206,187970,NULL
163207,187971,NULL
163208,187972,206470
163209,187974,NULL
163210,187975,NULL
163211,187976,NULL
163212,187978,NULL
163213,187979,NULL
163214,187980,NULL
163215,187981,NULL
163216,187982,NULL
163217,187984,214853
163218,187985,NULL
163219,187986,NULL
163220,187987,191786
163221,187988,NULL
163222,187989,NULL
163223,187990,NULL
163224,187991,NULL
163225,187992,NULL
163226,187994,NULL
163227,187995,NULL
163228,187996,NULL
163229,187997,NULL
163230,187998,194150
163231,187999,NULL
163232,188000,NULL
163233,188001,NULL
163234,188004,NULL
163235,188006,NULL
163236,188007,NULL
163237,188008,NULL
163238,188009,NULL
163239,188010,NULL
163240,188012,NULL
163241,188013,NULL
163242,188014,NULL
163243,188015,NULL
163244,188016,NULL
163245,188017,219830
163246,188018,NULL
163247,188020,NULL
163248,188021,NULL
163249,188023,201448
163250,188024,NULL
163251,188026,NULL
163252,188027,NULL
163253,188028,NULL
163254,188029,194258
163255,188030,NULL
163256,188032,NULL
163257,188033,NULL
163258,188035,NULL
163259,188036,218276
163260,188037,NULL
163261,188038,NULL
163262,188039,NULL
163263,188040,NULL
163264,188041,214861
163265,188042,NULL
163266,188043,NULL
163267,188044,NULL
163268,188045,220701
163268,188045,234646
163268,188045,239399
163269,188046,NULL
163270,188047,NULL
163271,188048,NULL
163272,188049,NULL
163273,188050,NULL
163274,188051,213183
163275,188053,NULL
163276,188054,202054
163277,188055,204514
163277,188055,224150
163277,188055,229792
163278,188056,NULL
163279,188057,NULL
163280,188059,NULL
163281,188060,NULL
163282,188061,NULL
163283,188062,NULL
163284,188063,NULL
163285,188064,NULL
163286,188065,NULL
163287,188068,200755
163288,188070,NULL
163289,188071,NULL
163290,188072,NULL
163291,188074,NULL
163292,188075,NULL
163293,188076,NULL
163294,188077,NULL
163295,188078,NULL
163296,188079,NULL
163297,188080,NULL
163298,188081,NULL
163299,188082,NULL
163300,188084,NULL
163301,188085,219474
163302,188086,NULL
163303,188087,203075
163304,188088,NULL
163305,188089,NULL
163306,188090,NULL
163307,188091,NULL
163308,188092,NULL
163309,188093,NULL
163310,188094,NULL
163311,188095,210567
163311,188095,219571
163311,188095,231398
163312,188096,NULL
163313,188097,191940
163314,188098,NULL
163315,188099,NULL
163316,188100,NULL
163317,188101,NULL
163318,188102,NULL
163319,188103,NULL
163320,188104,195639
163320,188104,209792
163320,188104,220776
163321,188105,NULL
163322,188106,NULL
163323,188107,NULL
163324,188108,NULL
163325,188109,NULL
163326,188110,NULL
163327,188111,NULL
163328,188112,NULL
163329,188113,NULL
163330,188114,NULL
163331,188115,NULL
163332,188116,222037
163333,188117,NULL
163334,188118,NULL
163335,188119,NULL
163336,188120,NULL
163337,188121,NULL
163338,188122,NULL
163339,188125,NULL
163340,188126,191182
163340,188126,207802
163340,188126,215322
163341,188129,NULL
163342,188130,NULL
163343,188131,NULL
163344,188133,NULL
163345,188134,214915
163345,188134,224199
163345,188134,225767
163346,188135,NULL
163347,188136,NULL
163348,188137,NULL
163349,188138,NULL
163350,188139,NULL
163351,188140,NULL
163352,188141,NULL
163353,188142,NULL
163354,188144,NULL
163355,188145,NULL
163356,188146,217113
163357,188147,NULL
163358,188148,NULL
163359,188149,NULL
163360,188150,NULL
163361,188154,NULL
163362,188155,NULL
163363,188158,NULL
163364,188159,NULL
163365,188160,NULL
163366,188163,NULL
163367,188164,217736
163368,188165,NULL
163369,188166,NULL
163370,188167,NULL
163371,188168,NULL
163372,188169,204268
163372,188169,208468
163372,188169,217167
163373,188170,NULL
163374,188172,NULL
163375,188174,NULL
163376,188175,217846
163377,188176,NULL
163378,188177,221436
163379,188178,NULL
163380,188179,NULL
163381,188180,NULL
163382,188181,NULL
163383,188182,NULL
163384,188183,NULL
163385,188184,NULL
163386,188185,NULL
163387,188186,NULL
163388,188187,NULL
163389,188188,NULL
163390,188189,NULL
163391,188190,NULL
163392,188191,NULL
163393,188192,NULL
163394,188193,NULL
163395,188194,NULL
163396,188195,NULL
163397,188196,NULL
163398,188198,NULL
163399,188199,NULL
163400,188200,NULL
163401,188201,NULL
163402,188203,NULL
163403,188204,NULL
163404,188205,NULL
163405,188206,NULL
163406,188207,NULL
163407,188208,NULL
163408,188209,NULL
163409,188210,NULL
163410,188211,NULL
163411,188213,214906
163411,188213,234741
163411,188213,239628
163412,188214,NULL
163413,188215,213620
163413,188215,223921
163413,188215,231742
163414,188217,NULL
163415,188218,NULL
163416,188219,NULL
163417,188220,NULL
163418,188221,NULL
163419,188222,NULL
163420,188223,NULL
163421,188225,NULL
163422,188227,NULL
163423,188228,NULL
163424,188230,NULL
163425,188231,NULL
163426,188232,NULL
163427,188233,NULL
163428,188234,NULL
163429,188235,NULL
163430,188236,NULL
163431,188237,NULL
163432,188238,NULL
163433,188241,NULL
163434,188242,NULL
163435,188243,197680
163436,188244,NULL
163437,188247,NULL
163438,188248,NULL
163439,188249,NULL
163440,188250,NULL
163441,188251,NULL
163442,188252,NULL
163443,188253,NULL
163444,188254,NULL
163445,188255,219022
163445,188255,228483
163445,188255,239265
163446,188257,NULL
163447,188258,NULL
163448,188259,NULL
163449,188260,NULL
163450,188261,NULL
163451,188262,NULL
163452,188264,NULL
163453,188265,NULL
163454,188266,NULL
163455,188267,NULL
163456,188268,NULL
163457,188269,214950
163458,188270,NULL
163459,188271,NULL
163460,188272,NULL
163461,188273,216481
163462,188274,NULL
163463,188275,NULL
163464,188276,NULL
163465,188277,NULL
163466,188278,NULL
163467,188280,NULL
163468,188282,NULL
163469,188283,NULL
163470,188284,NULL
163471,188286,NULL
163472,188287,NULL
163473,188289,NULL
163474,188290,NULL
163475,188291,NULL
163476,188292,NULL
163477,188293,NULL
163478,188294,NULL
163479,188295,NULL
163480,188298,NULL
163481,188299,198475
163481,188299,210033
163481,188299,212160
163482,188300,NULL
163483,188301,NULL
163484,188302,NULL
163485,188303,NULL
163486,188305,222281
163486,188305,242613
163486,188305,251960
163487,188306,NULL
163488,188307,NULL
163489,188308,NULL
163490,188309,NULL
163491,188310,NULL
163492,188311,NULL
163493,188312,209834
163493,188312,222673
163493,188312,227220
163494,188314,NULL
163495,188315,NULL
163496,188316,NULL
163497,188318,NULL
163498,188319,NULL
163499,188321,NULL
163500,188322,NULL
163501,188323,NULL
163502,188324,NULL
163503,188325,NULL
163504,188326,NULL
163505,188327,NULL
163506,188328,NULL
163507,188331,NULL
163508,188332,NULL
163509,188333,193795
163510,188334,NULL
163511,188335,NULL
163512,188336,NULL
163513,188338,NULL
163514,188339,NULL
163515,188341,NULL
163516,188342,NULL
163517,188343,NULL
163518,188344,NULL
163519,188345,NULL
163520,188346,NULL
163521,188347,NULL
163522,188348,NULL
163523,188349,NULL
163524,188350,NULL
163525,188351,NULL
163526,188352,NULL
163527,188353,NULL
163528,188354,NULL
163529,188355,NULL
163530,188356,NULL
163531,188357,NULL
163532,188358,NULL
163533,188359,NULL
163534,188360,221440
163535,188361,NULL
163536,188364,223466
163537,188365,NULL
163538,188366,203786
163539,188367,NULL
163540,188368,NULL
163541,188369,NULL
163542,188371,NULL
163543,188372,NULL
163544,188373,NULL
163545,188375,NULL
163546,188376,NULL
163547,188377,NULL
163548,188379,NULL
163549,188380,NULL
163550,188381,NULL
163551,188382,NULL
163552,188383,NULL
163553,188384,NULL
163554,188385,202103
163555,188386,NULL
163556,188387,NULL
163557,188388,NULL
163558,188389,NULL
163559,188390,NULL
163560,188391,NULL
163561,188392,212286
163562,188393,NULL
163563,188394,NULL
163564,188396,NULL
163565,188397,NULL
163566,188398,NULL
163567,188399,NULL
163568,188401,NULL
163569,188402,NULL
163570,188403,NULL
163571,188404,NULL
163572,188405,NULL
163573,188407,NULL
163574,188408,NULL
163575,188409,210364
163576,188411,202961
163576,188411,223478
163576,188411,233497
163577,188412,NULL
163578,188413,NULL
163579,188415,200689
163580,188416,NULL
163581,188417,NULL
163582,188418,NULL
163583,188419,NULL
163584,188421,NULL
163585,188422,NULL
163586,188423,NULL
163587,188425,NULL
163588,188427,NULL
163589,188428,NULL
163590,188429,NULL
163591,188430,NULL
163592,188431,NULL
163593,188432,NULL
163594,188433,NULL
163595,188435,NULL
163596,188437,NULL
163597,188438,221410
163597,188438,243136
163597,188438,255493
163598,188439,201927
163599,188440,NULL
163600,188441,199701
163601,188442,213731
163602,188443,NULL
163603,188445,NULL
163604,188446,NULL
163605,188448,NULL
163606,188449,NULL
163607,188451,NULL
163608,188452,NULL
163609,188453,NULL
163610,188454,NULL
163611,188455,NULL
163612,188457,NULL
163613,188458,NULL
163614,188459,190618
163614,188459,211552
163614,188459,221830
163615,188460,NULL
163616,188461,NULL
163617,188462,NULL
163618,188463,NULL
163619,188465,NULL
163620,188466,NULL
163621,188467,204186
163622,188468,NULL
163623,188469,NULL
163624,188470,NULL
163625,188471,212282
163626,188472,NULL
163627,188473,216479
163627,188473,230677
163627,188473,234951
163628,188474,NULL
163629,188475,NULL
163630,188477,213463
163631,188478,NULL
163632,188479,NULL
163633,188480,NULL
163634,188481,NULL
163635,188482,NULL
163636,188483,NULL
163637,188484,NULL
163638,188486,NULL
163639,188487,NULL
163640,188488,NULL
163641,188489,NULL
163642,188491,NULL
163643,188492,NULL
163644,188493,NULL
163645,188494,NULL
163646,188495,NULL
163647,188496,NULL
163648,188497,210583
163648,188497,232059
163648,188497,244406
163649,188498,NULL
163650,188499,NULL
163651,188500,NULL
163652,188501,NULL
163653,188502,205372
163654,188503,NULL
163655,188504,211459
163656,188505,NULL
163657,188506,NULL
163658,188507,NULL
163659,188508,NULL
163660,188509,NULL
163661,188510,NULL
163662,188511,NULL
163663,188513,NULL
163664,188514,NULL
163665,188516,NULL
163666,188518,NULL
163667,188522,196228
163668,188524,NULL
163669,188525,NULL
163670,188526,NULL
163671,188527,NULL
163672,188528,NULL
163673,188530,NULL
163674,188531,NULL
163675,188532,NULL
163676,188533,NULL
163677,188534,NULL
163678,188535,NULL
163679,188536,NULL
163680,188537,NULL
163681,188538,218946
163682,188539,NULL
163683,188542,NULL
163684,188543,NULL
163685,188545,NULL
163686,188546,NULL
163687,188547,NULL
163688,188548,NULL
163689,188549,NULL
163690,188550,203936
163691,188552,NULL
163692,188553,NULL
163693,188554,NULL
163694,188556,NULL
163695,188557,NULL
163696,188558,NULL
163697,188559,NULL
163698,188561,NULL
163699,188562,NULL
163700,188563,NULL
163701,188564,NULL
163702,188565,208683
163703,188566,NULL
163704,188567,NULL
163705,188568,217556
163705,188568,228706
163705,188568,237195
163706,188569,NULL
163707,188570,NULL
163708,188572,NULL
163709,188573,196654
163710,188574,NULL
163711,188575,NULL
163712,188577,NULL
163713,188578,NULL
163714,188579,NULL
163715,188580,NULL
163716,188582,NULL
163717,188583,NULL
163718,188584,NULL
163719,188585,NULL
163720,188586,NULL
163721,188587,NULL
163722,188588,NULL
163723,188589,196165
163724,188590,NULL
163725,188594,NULL
163726,188595,NULL
163727,188597,NULL
163728,188598,NULL
163729,188599,NULL
163730,188601,NULL
163731,188602,NULL
163732,188603,NULL
163733,188605,NULL
163734,188606,NULL
163735,188607,NULL
163736,188608,197795
163736,188608,214403
163736,188608,218394
163737,188609,NULL
163738,188610,NULL
163739,188611,NULL
163740,188613,NULL
163741,188614,NULL
163742,188615,NULL
163743,188617,NULL
163744,188618,NULL
163745,188619,NULL
163746,188620,NULL
163747,188621,NULL
163748,188622,NULL
163749,188623,202129
163749,188623,210771
163749,188623,221452
163750,188624,NULL
163751,188625,NULL
163752,188626,214718
163753,188627,191590
163753,188627,213887
163753,188627,223486
163754,188628,NULL
163755,188629,NULL
163756,188630,NULL
163757,188632,NULL
163758,188633,NULL
163759,188634,NULL
163760,188635,192917
163761,188636,NULL
163762,188637,NULL
163763,188638,NULL
163764,188639,NULL
163765,188640,NULL
163766,188641,221292
163766,188641,230530
163766,188641,236235
163767,188642,208256
163767,188642,221367
163767,188642,225541
163768,188643,NULL
163769,188644,216192
163770,188645,222104
163771,188646,NULL
163772,188647,NULL
163773,188648,NULL
163774,188649,NULL
163775,188651,NULL
163776,188652,213129
163777,188653,NULL
163778,188654,221654
163779,188655,NULL
163780,188657,NULL
163781,188659,NULL
163782,188660,NULL
163783,188661,NULL
163784,188664,NULL
163785,188666,NULL
163786,188667,NULL
163787,188668,NULL
163788,188669,NULL
163789,188670,NULL
163790,188671,NULL
163791,188672,NULL
163792,188673,NULL
163793,188674,204446
163794,188675,NULL
163795,188676,NULL
163796,188677,197144
163796,188677,216512
163796,188677,218648
163797,188678,NULL
163798,188679,NULL
163799,188680,NULL
163800,188681,NULL
163801,188682,NULL
163802,188683,NULL
163803,188684,NULL
163804,188685,NULL
163805,188687,NULL
163806,188688,NULL
163807,188691,NULL
163808,188692,NULL
163809,188693,NULL
163810,188694,214541
163810,188694,236106
163810,188694,245430
163811,188695,NULL
163812,188696,NULL
163813,188697,NULL
163814,188698,NULL
163815,188699,NULL
163816,188701,NULL
163817,188702,NULL
163818,188704,NULL
163819,188705,NULL
163820,188707,NULL
163821,188708,NULL
163822,188709,223958
163823,188710,NULL
163824,188711,NULL
163825,188713,NULL
163826,188714,NULL
163827,188715,NULL
163828,188716,207418
163829,188717,NULL
163830,188718,NULL
163831,188719,NULL
163832,188720,NULL
163833,188721,NULL
163834,188724,NULL
163835,188725,NULL
163836,188726,NULL
163837,188727,NULL
163838,188728,NULL
163839,188729,NULL
163840,188730,NULL
163841,188731,NULL
163842,188732,NULL
163843,188733,NULL
163844,188735,NULL
163845,188736,NULL
163846,188739,NULL
163847,188740,218947
163848,188741,NULL
163849,188742,NULL
163850,188743,NULL
163851,188744,NULL
163852,188745,NULL
163853,188746,NULL
163854,188749,NULL
163855,188750,NULL
163856,188751,NULL
163857,188752,NULL
163858,188753,NULL
163859,188754,NULL
163860,188755,NULL
163861,188756,NULL
163862,188757,NULL
163863,188758,NULL
163864,188759,NULL
163865,188760,NULL
163866,188762,NULL
163867,188763,214338
163868,188764,NULL
163869,188765,NULL
163870,188766,NULL
163871,188767,NULL
163872,188768,NULL
163873,188769,NULL
163874,188770,NULL
163875,188772,NULL
163876,188773,NULL
163877,188774,NULL
163878,188775,220256
163878,188775,224161
163878,188775,232812
163879,188776,NULL
163880,188777,211486
163881,188779,NULL
163882,188780,NULL
163883,188781,196822
163883,188781,205522
163883,188781,209379
163884,188782,NULL
163885,188783,NULL
163886,188784,NULL
163887,188785,NULL
163888,188787,NULL
163889,188789,NULL
163890,188790,NULL
163891,188792,NULL
163892,188793,NULL
163893,188794,191476
163894,188795,NULL
163895,188796,NULL
163896,188798,210411
163896,188798,218706
163896,188798,222544
163897,188799,NULL
163898,188800,NULL
163899,188801,NULL
163900,188802,NULL
163901,188803,NULL
163902,188804,NULL
163903,188805,NULL
163904,188806,217388
163905,188807,NULL
163906,188808,NULL
163907,188809,NULL
163908,188810,NULL
163909,188811,NULL
163910,188812,193127
163911,188813,NULL
163912,188814,NULL
163913,188815,195333
163913,188815,201377
163913,188815,211841
163914,188816,NULL
163915,188818,199039
163916,188819,NULL
163917,188820,NULL
163918,188821,NULL
163919,188822,208564
163920,188823,NULL
163921,188824,NULL
163922,188826,NULL
163923,188829,NULL
163924,188831,NULL
163925,188832,NULL
163926,188833,NULL
163927,188834,210625
163928,188835,NULL
163929,188836,NULL
163930,188837,NULL
163931,188838,NULL
163932,188839,NULL
163933,188841,224832
163934,188842,209028
163934,188842,227846
163934,188842,231577
163935,188843,NULL
163936,188845,NULL
163937,188846,NULL
163938,188847,NULL
163939,188848,NULL
163940,188849,210146
163940,188849,223775
163940,188849,227075
163941,188850,NULL
163942,188851,NULL
163943,188852,NULL
163944,188854,NULL
163945,188855,NULL
163946,188857,NULL
163947,188858,NULL
163948,188860,NULL
163949,188861,NULL
163950,188863,NULL
163951,188864,NULL
163952,188865,NULL
163953,188866,NULL
163954,188867,NULL
163955,188869,201938
163955,188869,208230
163955,188869,220123
163956,188870,NULL
163957,188871,NULL
163958,188872,NULL
163959,188873,193668
163960,188874,NULL
163961,188876,216722
163962,188878,NULL
163963,188879,NULL
163964,188880,NULL
163965,188881,NULL
163966,188882,NULL
163967,188883,NULL
163968,188884,NULL
163969,188885,NULL
163970,188886,NULL
163971,188887,NULL
163972,188888,NULL
163973,188889,NULL
163974,188890,NULL
163975,188891,NULL
163976,188892,NULL
163977,188894,NULL
163978,188895,NULL
163979,188896,NULL
163980,188897,NULL
163981,188900,194472
163981,188900,208198
163981,188900,214234
163982,188901,NULL
163983,188902,NULL
163984,188903,NULL
163985,188904,NULL
163986,188905,NULL
163987,188906,NULL
163988,188907,NULL
163989,188908,NULL
163990,188909,NULL
163991,188910,NULL
163992,188911,NULL
163993,188912,NULL
163994,188913,NULL
163995,188914,NULL
163996,188915,NULL
163997,188916,NULL
163998,188917,216679
163999,188918,NULL
164000,188919,NULL
164001,188920,NULL
164002,188921,NULL
164003,188922,NULL
164004,188923,206208
164004,188923,214783
164004,188923,223283
164005,188924,212643
164005,188924,225061
164005,188924,229335
164006,188925,NULL
164007,188926,NULL
164008,188927,NULL
164009,188929,NULL
164010,188930,NULL
164011,188931,NULL
164012,188932,NULL
164013,188934,NULL
164014,188935,NULL
164015,188936,NULL
164016,188937,NULL
164017,188938,203842
164018,188939,193634
164018,188939,198420
164018,188939,204472
164019,188940,215746
164020,188941,NULL
164021,188942,220631
164021,188942,232226
164021,188942,234544
164022,188944,196606
164023,188946,NULL
164024,188947,NULL
164025,188948,NULL
164026,188949,NULL
164027,188950,207377
164027,188950,222928
164027,188950,236819
164028,188951,NULL
164029,188952,NULL
164030,188953,NULL
164031,188954,NULL
164032,188955,NULL
164033,188957,NULL
164034,188958,NULL
164035,188959,NULL
164036,188960,NULL
164037,188961,NULL
164038,188962,NULL
164039,188965,NULL
164040,188966,NULL
164041,188967,217583
164042,188968,NULL
164043,188969,NULL
164044,188970,NULL
164045,188971,NULL
164046,188972,223481
164047,188974,217193
164047,188974,228398
164047,188974,240588
164048,188976,NULL
164049,188977,NULL
164050,188978,NULL
164051,188979,NULL
164052,188980,NULL
164053,188981,NULL
164054,188982,NULL
164055,188983,NULL
164056,188984,NULL
164057,188985,NULL
164058,188986,NULL
164059,188987,NULL
164060,188989,NULL
164061,188990,NULL
164062,188991,NULL
164063,188992,NULL
164064,188993,NULL
164065,188995,NULL
164066,188996,NULL
164067,188997,NULL
164068,188999,199006
164069,189000,NULL
164070,189001,NULL
164071,189004,NULL
164072,189005,202741
164072,189005,218624
164072,189005,231489
164073,189007,NULL
164074,189008,NULL
164075,189009,NULL
164076,189010,NULL
164077,189012,NULL
164078,189013,215536
164078,189013,232623
164078,189013,237847
164079,189014,NULL
164080,189015,NULL
164081,189017,NULL
164082,189018,NULL
164083,189019,NULL
164084,189020,NULL
164085,189021,NULL
164086,189022,NULL
164087,189024,197734
164088,189025,NULL
164089,189026,219069
164090,189030,NULL
164091,189032,NULL
164092,189033,NULL
164093,189034,NULL
164094,189035,210918
164095,189036,NULL
164096,189038,NULL
164097,189039,NULL
164098,189040,NULL
164099,189041,NULL
164100,189042,NULL
164101,189043,NULL
164102,189045,NULL
164103,189046,NULL
164104,189047,NULL
164105,189048,NULL
164106,189049,192865
164106,189049,213896
164106,189049,222566
164107,189050,203952
164108,189051,NULL
164109,189052,NULL
164110,189053,NULL
164111,189054,NULL
164112,189055,NULL
164113,189056,NULL
164114,189057,NULL
164115,189058,NULL
164116,189060,NULL
164117,189061,208882
164118,189062,NULL
164119,189064,NULL
164120,189065,NULL
164121,189067,NULL
164122,189068,NULL
164123,189069,NULL
164124,189070,NULL
164125,189071,NULL
164126,189072,NULL
164127,189074,205678
164128,189076,204799
164129,189077,211203
164130,189079,NULL
164131,189080,NULL
164132,189081,NULL
164133,189082,NULL
164134,189083,NULL
164135,189084,NULL
164136,189087,NULL
164137,189088,NULL
164138,189089,NULL
164139,189091,211333
164140,189092,218116
164140,189092,227403
164140,189092,237632
164141,189093,NULL
164142,189096,NULL
164143,189098,NULL
164144,189099,NULL
164145,189101,NULL
164146,189102,NULL
164147,189103,NULL
164148,189106,NULL
164149,189107,NULL
164150,189108,NULL
164151,189109,NULL
164152,189110,222271
164153,189111,NULL
164154,189112,NULL
164155,189114,NULL
164156,189115,NULL
164157,189116,NULL
164158,189117,NULL
164159,189118,NULL
164160,189119,NULL
164161,189120,NULL
164162,189121,NULL
164163,189122,NULL
164164,189123,NULL
164165,189124,NULL
164166,189125,NULL
164167,189126,NULL
164168,189128,NULL
164169,189130,213458
164169,189130,223361
164169,189130,235222
164170,189131,NULL
164171,189132,NULL
164172,189133,NULL
164173,189134,NULL
164174,189135,NULL
164175,189136,NULL
164176,189137,NULL
164177,189138,NULL
164178,189139,NULL
164179,189141,NULL
164180,189142,NULL
164181,189144,NULL
164182,189145,203933
164182,189145,215298
164182,189145,218777
164183,189147,NULL
164184,189148,NULL
164185,189149,NULL
164186,189153,NULL
164187,189154,NULL
164188,189155,NULL
164189,189156,NULL
164190,189157,NULL
164191,189158,193446
164192,189159,NULL
164193,189160,NULL
164194,189161,NULL
164195,189162,NULL
164196,189163,NULL
164197,189164,NULL
164198,189165,NULL
164199,189167,NULL
164200,189168,NULL
164201,189169,NULL
164202,189170,NULL
164203,189172,NULL
164204,189174,NULL
164205,189175,NULL
164206,189176,NULL
164207,189178,NULL
164208,189179,209401
164209,189180,221323
164210,189181,NULL
164211,189183,194152
164212,189184,NULL
164213,189185,223205
164214,189186,NULL
164215,189187,NULL
164216,189188,NULL
164217,189189,224097
164218,189190,NULL
164219,189191,NULL
164220,189192,NULL
164221,189193,NULL
164222,189194,NULL
164223,189195,NULL
164224,189196,204930
164224,189196,215774
164224,189196,218977
164225,189197,NULL
164226,189199,193290
164227,189200,NULL
164228,189201,NULL
164229,189203,209882
164229,189203,214971
164229,189203,227494
164230,189204,NULL
164231,189205,NULL
164232,189206,NULL
164233,189207,NULL
164234,189208,NULL
164235,189209,NULL
164236,189210,NULL
164237,189211,NULL
164238,189212,NULL
164239,189213,NULL
164240,189214,NULL
164241,189215,207862
164241,189215,223637
164241,189215,231468
164242,189216,NULL
164243,189217,NULL
164244,189219,NULL
164245,189220,NULL
164246,189221,NULL
164247,189222,220447
164248,189224,NULL
164249,189225,NULL
164250,189226,NULL
164251,189228,NULL
164252,189229,NULL
164253,189231,NULL
164254,189232,NULL
164255,189234,NULL
164256,189236,NULL
164257,189237,NULL
164258,189238,NULL
164259,189239,NULL
164260,189240,NULL
164261,189243,NULL
164262,189244,NULL
164263,189245,NULL
164264,189247,NULL
164265,189249,NULL
164266,189250,NULL
164267,189251,224271
164267,189251,228114
164267,189251,230091
164268,189252,NULL
164269,189253,NULL
164270,189254,NULL
164271,189255,NULL
164272,189256,NULL
164273,189257,NULL
164274,189258,NULL
164275,189259,NULL
164276,189260,NULL
164277,189261,NULL
164278,189262,NULL
164279,189263,NULL
164280,189264,NULL
164281,189265,213969
164281,189265,228914
164281,189265,234529
164282,189266,NULL
164283,189267,NULL
164284,189268,NULL
164285,189269,NULL
164286,189270,NULL
164287,189272,NULL
164288,189274,NULL
164289,189276,NULL
164290,189277,NULL
164291,189278,NULL
164292,189279,NULL
164293,189280,224045
164294,189281,NULL
164295,189282,NULL
164296,189284,NULL
164297,189285,NULL
164298,189286,NULL
164299,189289,NULL
164300,189290,NULL
164301,189291,NULL
164302,189292,NULL
164303,189293,NULL
164304,189294,NULL
164305,189295,NULL
164306,189299,NULL
164307,189300,NULL
164308,189302,200893
164309,189303,NULL
164310,189304,NULL
164311,189305,NULL
164312,189306,206704
164312,189306,213563
164312,189306,217325
164313,189307,NULL
164314,189308,NULL
164315,189310,NULL
164316,189311,NULL
164317,189312,NULL
164318,189313,209114
164318,189313,219927
164318,189313,232430
164319,189314,213512
164319,189314,225828
164319,189314,237702
164320,189316,NULL
164321,189317,216524
164322,189319,NULL
164323,189321,NULL
164324,189323,NULL
164325,189326,NULL
164326,189327,NULL
164327,189329,NULL
164328,189330,NULL
164329,189331,NULL
164330,189333,223837
164331,189335,NULL
164332,189336,NULL
164333,189337,206042
164333,189337,210200
164333,189337,220461
164334,189338,NULL
164335,189339,NULL
164336,189340,NULL
164337,189341,NULL
164338,189342,NULL
164339,189343,NULL
164340,189344,204986
164340,189344,224548
164340,189344,231747
164341,189345,NULL
164342,189346,NULL
164343,189347,NULL
164344,189348,NULL
164345,189349,204016
164346,189350,NULL
164347,189351,NULL
164348,189352,NULL
164349,189353,NULL
164350,189354,NULL
164351,189355,NULL
164352,189356,NULL
164353,189357,NULL
164354,189358,NULL
164355,189359,NULL
164356,189360,NULL
164357,189361,213452
164358,189362,NULL
164359,189363,NULL
164360,189364,NULL
164361,189365,NULL
164362,189366,NULL
164363,189367,NULL
164364,189369,NULL
164365,189370,NULL
164366,189371,212056
164367,189372,NULL
164368,189374,NULL
164369,189375,NULL
164370,189376,NULL
164371,189377,NULL
164372,189378,NULL
164373,189379,NULL
164374,189380,NULL
164375,189381,NULL
164376,189382,NULL
164377,189383,NULL
164378,189384,NULL
164379,189386,NULL
164380,189387,NULL
164381,189389,NULL
164382,189391,NULL
164383,189392,NULL
164384,189394,NULL
164385,189395,191804
164386,189396,NULL
164387,189397,212281
164387,189397,224999
164387,189397,234586
164388,189398,197418
164389,189399,NULL
164390,189400,NULL
164391,189401,NULL
164392,189402,NULL
164393,189403,NULL
164394,189404,NULL
164395,189405,NULL
164396,189406,NULL
164397,189407,NULL
164398,189409,NULL
164399,189410,216670
164400,189411,NULL
164401,189412,NULL
164402,189413,NULL
164403,189414,NULL
164404,189415,NULL
164405,189416,NULL
164406,189417,NULL
164407,189419,193179
164408,189420,NULL
164409,189421,NULL
164410,189422,NULL
164411,189423,191312
164412,189424,NULL
164413,189425,NULL
164414,189426,NULL
164415,189427,NULL
164416,189429,NULL
164417,189430,NULL
164418,189431,NULL
164419,189432,NULL
164420,189433,NULL
164421,189434,NULL
164422,189435,NULL
164423,189437,NULL
164424,189438,NULL
164425,189439,NULL
164426,189440,NULL
164427,189441,NULL
164428,189442,NULL
164429,189443,NULL
164430,189444,NULL
164431,189445,NULL
164432,189446,NULL
164433,189447,NULL
164434,189448,NULL
164435,189449,NULL
164436,189450,NULL
164437,189451,NULL
164438,189452,NULL
164439,189453,NULL
164440,189455,NULL
164441,189457,NULL
164442,189458,205147
164443,189459,NULL
164444,189460,NULL
164445,189461,NULL
164446,189462,217797
164447,189463,NULL
164448,189464,204449
164449,189465,NULL
164450,189466,NULL
164451,189468,NULL
164452,189470,NULL
164453,189471,NULL
164454,189472,NULL
164455,189473,NULL
164456,189475,NULL
164457,189476,NULL
164458,189477,NULL
164459,189481,192523
164460,189482,NULL
164461,189484,NULL
164462,189486,NULL
164463,189487,NULL
164464,189488,NULL
164465,189489,NULL
164466,189490,NULL
164467,189491,NULL
164468,189492,NULL
164469,189493,NULL
164470,189494,NULL
164471,189496,NULL
164472,189498,NULL
164473,189499,NULL
164474,189500,NULL
164475,189501,NULL
164476,189502,NULL
164477,189503,NULL
164478,189504,217417
164479,189505,NULL
164480,189506,220545
164481,189507,NULL
164482,189508,NULL
164483,189509,196070
164484,189510,NULL
164485,189511,NULL
164486,189512,NULL
164487,189513,NULL
164488,189514,NULL
164489,189516,NULL
164490,189517,NULL
164491,189518,NULL
164492,189519,NULL
164493,189520,NULL
164494,189521,NULL
164495,189522,NULL
164496,189523,NULL
164497,189524,NULL
164498,189525,NULL
164499,189526,NULL
164500,189527,NULL
164501,189529,NULL
164502,189530,NULL
164503,189531,223167
164504,189533,193910
164504,189533,196538
164504,189533,202870
164505,189534,NULL
164506,189535,NULL
164507,189536,NULL
164508,189537,NULL
164509,189539,NULL
164510,189540,NULL
164511,189541,NULL
164512,189542,NULL
164513,189543,222395
164514,189544,NULL
164515,189545,NULL
164516,189546,NULL
164517,189547,216657
164518,189548,199479
164518,189548,219303
164518,189548,230436
164519,189549,NULL
164520,189552,NULL
164521,189553,NULL
164522,189554,NULL
164523,189556,NULL
164524,189557,NULL
164525,189558,NULL
164526,189559,NULL
164527,189561,NULL
164528,189562,NULL
164529,189563,NULL
164530,189564,NULL
164531,189565,NULL
164532,189568,NULL
164533,189569,NULL
164534,189570,NULL
164535,189571,NULL
164536,189573,NULL
164537,189574,204719
164538,189575,NULL
164539,189578,NULL
164540,189580,NULL
164541,189581,NULL
164542,189583,NULL
164543,189585,NULL
164544,189586,NULL
164545,189587,NULL
164546,189588,208735
164546,189588,213654
164546,189588,223173
164547,189592,NULL
164548,189594,NULL
164549,189595,NULL
164550,189596,NULL
164551,189597,NULL
164552,189598,NULL
164553,189599,NULL
164554,189601,NULL
164555,189602,NULL
164556,189606,NULL
164557,189607,NULL
164558,189608,NULL
164559,189609,NULL
164560,189610,NULL
164561,189611,NULL
164562,189612,NULL
164563,189613,191481
164563,189613,194781
164563,189613,203973
164564,189614,216637
164564,189614,236012
164564,189614,244740
164565,189615,NULL
164566,189616,NULL
164567,189617,NULL
164568,189618,NULL
164569,189619,NULL
164570,189621,NULL
164571,189622,208166
164572,189623,NULL
164573,189624,NULL
164574,189625,NULL
164575,189626,NULL
164576,189627,NULL
164577,189628,NULL
164578,189630,NULL
164579,189632,NULL
164580,189633,NULL
164581,189635,NULL
164582,189637,NULL
164583,189639,NULL
164584,189640,NULL
164585,189641,NULL
164586,189642,NULL
164587,189643,NULL
164588,189644,NULL
164589,189645,NULL
164590,189646,191131
164591,189647,NULL
164592,189648,192793
164593,189649,NULL
164594,189650,NULL
164595,189651,NULL
164596,189652,NULL
164597,189653,NULL
164598,189654,NULL
164599,189655,NULL
164600,189656,222650
164601,189657,NULL
164602,189658,NULL
164603,189659,NULL
164604,189660,NULL
164605,189661,224899
164606,189662,NULL
164607,189663,NULL
164608,189664,NULL
164609,189665,NULL
164610,189667,NULL
164611,189668,NULL
164612,189670,217413
164612,189670,219008
164612,189670,232373
164613,189671,NULL
164614,189672,NULL
164615,189673,NULL
164616,189674,NULL
164617,189675,NULL
164618,189676,NULL
164619,189677,NULL
164620,189678,NULL
164621,189679,NULL
164622,189680,NULL
164623,189681,NULL
164624,189683,NULL
164625,189684,191113
164626,189685,NULL
164627,189686,220058
164628,189687,NULL
164629,189688,NULL
164630,189689,NULL
164631,189690,NULL
164632,189692,NULL
164633,189693,NULL
164634,189694,NULL
164635,189695,NULL
164636,189696,NULL
164637,189697,NULL
164638,189698,NULL
164639,189699,NULL
164640,189700,NULL
164641,189701,NULL
164642,189702,212152
164642,189702,221372
164642,189702,225278
164643,189703,NULL
164644,189704,202606
164645,189705,NULL
164646,189706,NULL
164647,189710,NULL
164648,189711,NULL
164649,189712,NULL
164650,189713,NULL
164651,189714,NULL
164652,189715,NULL
164653,189716,195796
164653,189716,208752
164653,189716,212209
164654,189717,NULL
164655,189719,NULL
164656,189720,NULL
164657,189721,NULL
164658,189722,NULL
164659,189723,NULL
164660,189724,199723
164661,189725,209131
164662,189727,NULL
164663,189729,203763
164663,189729,208708
164663,189729,213044
164664,189731,NULL
164665,189732,NULL
164666,189733,NULL
164667,189735,NULL
164668,189736,200579
164669,189738,NULL
164670,189739,NULL
164671,189740,NULL
164672,189741,NULL
164673,189742,NULL
164674,189743,NULL
164675,189746,192095
164676,189747,NULL
164677,189748,NULL
164678,189749,NULL
164679,189750,199797
164679,189750,219630
164679,189750,223772
164680,189751,NULL
164681,189753,NULL
164682,189754,NULL
164683,189755,NULL
164684,189756,NULL
164685,189757,NULL
164686,189758,NULL
164687,189761,NULL
164688,189763,NULL
164689,189764,NULL
164690,189766,NULL
164691,189767,NULL
164692,189768,216348
164693,189770,NULL
164694,189771,NULL
164695,189772,208798
164696,189775,199345
164697,189776,NULL
164698,189777,NULL
164699,189778,NULL
164700,189779,NULL
164701,189780,NULL
164702,189781,NULL
164703,189783,NULL
164704,189784,NULL
164705,189785,210903
164706,189786,NULL
164707,189787,NULL
164708,189788,223531
164709,189789,NULL
164710,189790,NULL
164711,189793,NULL
164712,189794,NULL
164713,189795,NULL
164714,189796,NULL
164715,189797,NULL
164716,189798,222531
164717,189799,NULL
164718,189800,NULL
164719,189801,192978
164719,189801,202644
164719,189801,204372
164720,189802,NULL
164721,189804,211910
164722,189805,NULL
164723,189807,NULL
164724,189808,NULL
164725,189809,NULL
164726,189811,208587
164726,189811,224880
164726,189811,234651
164727,189812,NULL
164728,189813,NULL
164729,189814,NULL
164730,189815,NULL
164731,189816,NULL
164732,189817,NULL
164733,189818,NULL
164734,189820,NULL
164735,189821,206564
164735,189821,218849
164735,189821,229247
164736,189823,NULL
164737,189824,NULL
164738,189825,214420
164738,189825,220501
164738,189825,222970
164739,189826,NULL
164740,189827,203370
164741,189828,NULL
164742,189829,NULL
164743,189830,NULL
164744,189831,NULL
164745,189832,NULL
164746,189834,NULL
164747,189835,NULL
164748,189836,221692
164749,189838,NULL
164750,189839,217850
164751,189841,NULL
164752,189842,NULL
164753,189843,NULL
164754,189844,NULL
164755,189845,197514
164756,189846,NULL
164757,189847,NULL
164758,189850,NULL
164759,189852,205829
164760,189853,NULL
164761,189854,NULL
164762,189855,NULL
164763,189856,NULL
164764,189857,NULL
164765,189858,NULL
164766,189860,NULL
164767,189861,NULL
164768,189862,NULL
164769,189864,NULL
164770,189866,NULL
164771,189867,NULL
164772,189868,NULL
164773,189869,NULL
164774,189870,212660
164775,189871,NULL
164776,189873,NULL
164777,189874,NULL
164778,189875,NULL
164779,189876,NULL
164780,189877,NULL
164781,189878,NULL
164782,189879,NULL
164783,189880,NULL
164784,189881,NULL
164785,189882,NULL
164786,189883,NULL
164787,189884,NULL
164788,189885,NULL
164789,189886,NULL
164790,189887,NULL
164791,189888,NULL
164792,189889,NULL
164793,189891,NULL
164794,189892,215532
164795,189893,212503
164796,189894,NULL
164797,189895,NULL
164798,189896,219651
164798,189896,237482
164798,189896,250370
164799,189897,NULL
164800,189898,NULL
164801,189899,NULL
164802,189900,NULL
164803,189901,NULL
164804,189902,NULL
164805,189903,NULL
164806,189904,NULL
164807,189905,NULL
164808,189906,NULL
164809,189908,NULL
164810,189910,NULL
164811,189911,NULL
164812,189913,NULL
164813,189914,NULL
164814,189915,NULL
164815,189916,NULL
164816,189917,213453
164817,189918,194684
164818,189919,221566
164818,189919,245081
164818,189919,246804
164819,189920,NULL
164820,189923,NULL
164821,189924,NULL
164822,189926,NULL
164823,189928,NULL
164824,189929,209022
164825,189930,NULL
164826,189931,NULL
164827,189933,NULL
164828,189935,NULL
164829,189936,NULL
164830,189937,NULL
164831,189938,NULL
164832,189939,198508
164832,189939,202320
164832,189939,205071
164833,189940,NULL
164834,189941,NULL
164835,189944,NULL
164836,189945,191261
164836,189945,200571
164836,189945,207208
164837,189946,NULL
164838,189947,NULL
164839,189949,NULL
164840,189950,NULL
164841,189951,NULL
164842,189953,NULL
164843,189955,NULL
164844,189956,NULL
164845,189957,NULL
164846,189958,NULL
164847,189959,NULL
164848,189962,NULL
164849,189963,NULL
164850,189964,222390
164851,189967,NULL
164852,189968,NULL
164853,189969,NULL
164854,189970,NULL
164855,189971,NULL
164856,189973,NULL
164857,189974,NULL
164858,189975,NULL
164859,189976,NULL
164860,189978,NULL
164861,189979,NULL
164862,189980,224322
164862,189980,233267
164862,189980,245933
164863,189981,NULL
164864,189982,NULL
164865,189983,NULL
164866,189984,NULL
164867,189985,NULL
164868,189986,NULL
164869,189987,NULL
164870,189988,NULL
164871,189989,NULL
164872,189991,NULL
164873,189992,NULL
164874,189993,NULL
164875,189994,NULL
164876,189995,NULL
164877,189996,NULL
164878,189997,NULL
164879,189998,NULL
164880,189999,NULL
164881,190000,NULL
164882,190001,NULL
164883,190002,193212
164884,190003,NULL
164885,190004,NULL
164886,190005,NULL
164887,190006,208909
164887,190006,214761
164887,190006,218737
164888,190007,NULL
164889,190008,NULL
164890,190009,222198
164891,190010,NULL
164892,190011,NULL
164893,190012,NULL
164894,190014,NULL
164895,190015,NULL
164896,190016,NULL
164897,190017,NULL
164898,190018,NULL
164899,190019,NULL
164900,190020,NULL
164901,190021,NULL
164902,190022,NULL
164903,190023,206170
164904,190025,NULL
164905,190026,NULL
164906,190027,195937
164906,190027,208509
164906,190027,216736
164907,190028,NULL
164908,190029,NULL
164909,190031,222027
164910,190032,NULL
164911,190033,202454
164912,190034,NULL
164913,190036,NULL
164914,190037,NULL
164915,190038,NULL
164916,190039,NULL
164917,190040,NULL
164918,190041,NULL
164919,190042,NULL
164920,190043,NULL
164921,190044,NULL
164922,190045,NULL
164923,190047,NULL
164924,190048,NULL
164925,190049,NULL
164926,190050,194658
164926,190050,209246
164926,190050,219204
164927,190051,203756
164927,190051,210103
164927,190051,211906
164928,190052,NULL
164929,190053,NULL
164930,190054,NULL
164931,190055,NULL
164932,190056,197558
164933,190057,NULL
164934,190058,222414
164934,190058,231830
164934,190058,234548
164935,190059,NULL
164936,190060,197987
164936,190060,206601
164936,190060,210408
164937,190061,NULL
164938,190062,NULL
164939,190064,NULL
164940,190065,NULL
164941,190066,204219
164942,190069,NULL
164943,190070,NULL
164944,190071,NULL
164945,190072,NULL
164946,190073,NULL
164947,190074,NULL
164948,190075,NULL
164949,190076,NULL
164950,190077,NULL
164951,190078,NULL
164952,190079,NULL
164953,190080,NULL
164954,190081,195195
164955,190082,NULL
164956,190085,NULL
164957,190086,NULL
164958,190087,223262
164959,190088,NULL
164960,190089,NULL
164961,190090,203470
164961,190090,208775
164961,190090,215399
164962,190091,NULL
164963,190092,NULL
164964,190095,218564
164964,190095,224372
164964,190095,225869
164965,190096,NULL
164966,190098,NULL
164967,190099,198311
164967,190099,213636
164967,190099,219559
164968,190100,NULL
164969,190101,NULL
164970,190103,NULL
164971,190104,NULL
164972,190105,NULL
164973,190106,217621
164974,190107,NULL
164975,190108,NULL
164976,190111,NULL
164977,190112,209156
164978,190113,NULL
164979,190114,224828
164980,190115,201806
164981,190117,NULL
164982,190118,NULL
164983,190119,195701
164984,190120,NULL
164985,190121,NULL
164986,190122,NULL
164987,190123,NULL
164988,190124,NULL
164989,190126,NULL
164990,190128,NULL
164991,190129,220966
164992,190131,NULL
164993,190132,NULL
164994,190134,NULL
164995,190135,NULL
164996,190136,NULL
164997,190137,NULL
164998,190138,NULL
164999,190139,NULL
165000,190140,NULL
165001,190141,NULL
165002,190142,192407
165003,190143,NULL
165004,190144,NULL
165005,190145,NULL
165006,190147,NULL
165007,190148,206816
165007,190148,220373
165007,190148,231238
165008,190149,NULL
165009,190150,NULL
165010,190151,NULL
165011,190153,NULL
165012,190154,NULL
165013,190155,NULL
165014,190156,NULL
165015,190157,NULL
165016,190158,NULL
165017,190159,NULL
165018,190160,NULL
165019,190161,NULL
165020,190162,NULL
165021,190163,NULL
165022,190164,NULL
165023,190165,NULL
165024,190166,NULL
165025,190170,212464
165025,190170,225150
165025,190170,233687
165026,190171,NULL
165027,190173,NULL
165028,190174,213681
165029,190175,NULL
165030,190176,NULL
165031,190177,NULL
165032,190178,NULL
165033,190179,NULL
165034,190181,NULL
165035,190182,NULL
165036,190183,NULL
165037,190184,NULL
165038,190185,NULL
165039,190186,NULL
165040,190187,NULL
165041,190188,NULL
165042,190189,223624
165042,190189,228867
165042,190189,239428
165043,190190,NULL
165044,190195,NULL
165045,190196,NULL
165046,190197,NULL
165047,190198,NULL
165048,190199,NULL
165049,190201,NULL
165050,190202,NULL
165051,190203,NULL
165052,190204,218960
165052,190204,238021
165052,190204,244285
165053,190205,NULL
165054,190206,NULL
165055,190207,NULL
165056,190208,194923
165057,190210,NULL
165058,190211,NULL
165059,190212,NULL
165060,190213,NULL
165061,190214,NULL
165062,190218,NULL
165063,190219,NULL
165064,190220,NULL
165065,190221,NULL
165066,190222,NULL
165067,190223,NULL
165068,190224,223000
165068,190224,243353
165068,190224,257407
165069,190226,NULL
165070,190227,NULL
165071,190228,NULL
165072,190229,NULL
165073,190230,NULL
165074,190232,NULL
165075,190233,NULL
165076,190234,NULL
165077,190235,NULL
165078,190236,NULL
165079,190238,NULL
165080,190239,NULL
165081,190240,NULL
165082,190241,NULL
165083,190243,NULL
165084,190244,211813
165085,190245,NULL
165086,190246,209238
165086,190246,222353
165086,190246,231611
165087,190248,NULL
165088,190249,NULL
165089,190250,NULL
165090,190251,NULL
165091,190253,NULL
165092,190254,NULL
165093,190255,NULL
165094,190257,NULL
165095,190259,NULL
165096,190260,NULL
165097,190261,NULL
165098,190263,NULL
165099,190264,NULL
165100,190265,NULL
165101,190266,NULL
165102,190267,NULL
165103,190268,NULL
165104,190269,NULL
165105,190270,NULL
165106,190271,NULL
165107,190273,201755
165108,190274,NULL
165109,190275,218329
165110,190277,NULL
165111,190278,NULL
165112,190280,NULL
165113,190281,NULL
165114,190282,NULL
165115,190283,NULL
165116,190284,NULL
165117,190285,NULL
165118,190286,NULL
165119,190287,NULL
165120,190288,NULL
165121,190289,NULL
165122,190290,NULL
165123,190291,NULL
165124,190292,NULL
165125,190293,200934
165126,190294,NULL
165127,190295,224652
165128,190296,NULL
165129,190297,NULL
165130,190298,219108
165131,190299,NULL
165132,190300,NULL
165133,190301,NULL
165134,190302,NULL
165135,190303,NULL
165136,190304,NULL
165137,190307,207907
165137,190307,223832
165137,190307,231535
165138,190309,NULL
165139,190310,NULL
165140,190311,NULL
165141,190312,NULL
165142,190313,NULL
165143,190315,NULL
165144,190316,NULL
165145,190317,NULL
165146,190319,NULL
165147,190320,201612
165148,190321,NULL
165149,190322,204584
165150,190324,NULL
165151,190325,NULL
165152,190326,NULL
165153,190327,NULL
165154,190328,NULL
165155,190329,NULL
165156,190330,NULL
165157,190331,NULL
165158,190332,NULL
165159,190334,NULL
165160,190335,NULL
165161,190336,NULL
165162,190337,193530
165163,190339,NULL
165164,190340,NULL
165165,190341,NULL
165166,190342,201672
165167,190344,NULL
165168,190345,NULL
165169,190346,NULL
165170,190347,NULL
165171,190350,NULL
165172,190351,NULL
165173,190352,NULL
165174,190353,NULL
165175,190354,NULL
165176,190356,216181
165177,190357,NULL
165178,190358,NULL
165179,190359,NULL
165180,190360,NULL
165181,190361,NULL
165182,190362,NULL
165183,190363,NULL
165184,190364,NULL
165185,190365,NULL
165186,190366,225429
165187,190367,NULL
165188,190368,212915
165188,190368,214671
165188,190368,227808
165189,190369,NULL
165190,190370,NULL
165191,190372,NULL
165192,190373,199436
165192,190373,211023
165192,190373,221510
165193,190375,NULL
165194,190376,NULL
165195,190377,NULL
165196,190378,NULL
165197,190380,NULL
165198,190381,NULL
165199,190384,NULL
165200,190385,NULL
165201,190386,NULL
165202,190388,NULL
165203,190390,NULL
165204,190391,NULL
165205,190392,NULL
165206,190393,NULL
165207,190394,NULL
165208,190396,NULL
165209,190399,NULL
165210,190400,195785
165211,190401,NULL
165212,190402,214942
165213,190404,208565
165214,190405,NULL
165215,190406,NULL
165216,190407,NULL
165217,190408,NULL
165218,190409,NULL
165219,190410,NULL
165220,190411,NULL
165221,190412,NULL
165222,190413,NULL
165223,190414,NULL
165224,190415,222370
165224,190415,239205
165224,190415,241558
165225,190416,NULL
165226,190417,NULL
165227,190418,NULL
165228,190419,NULL
165229,190420,208964
165229,190420,217654
165229,190420,223134
165230,190421,NULL
165231,190422,NULL
165232,190423,196048
165233,190424,NULL
165234,190425,NULL
165235,190426,195369
165236,190427,NULL
165237,190428,NULL
165238,190429,NULL
165239,190431,NULL
165240,190432,NULL
165241,190433,NULL
165242,190434,NULL
165243,190435,217192
165243,190435,223458
165243,190435,228466
165244,190436,NULL
165245,190437,NULL
165246,190438,NULL
165247,190439,209169
165248,190440,NULL
165249,190441,NULL
165250,190442,NULL
165251,190443,215540
165252,190445,NULL
165253,190446,219018
165253,190446,238701
165253,190446,242643
165254,190448,NULL
165255,190449,196716
165256,190450,220184
165257,190452,NULL
165258,190453,NULL
165259,190454,NULL
165260,190455,NULL
165261,190456,NULL
165262,190458,NULL
165263,190459,NULL
165264,190460,222815
165265,190461,NULL
165266,190462,NULL
165267,190463,NULL
165268,190464,NULL
165269,190465,NULL
165270,190466,NULL
165271,190467,NULL
165272,190468,NULL
165273,190469,NULL
165274,190470,NULL
165275,190471,NULL
165276,190473,206269
165276,190473,223136
165276,190473,233255
165277,190474,NULL
165278,190475,NULL
165279,190477,NULL
165280,190478,224280
165281,190479,197408
165281,190479,202041
165281,190479,208845
165282,190480,NULL
165283,190481,NULL
165284,190482,NULL
165285,190483,NULL
165286,190484,NULL
165287,190485,NULL
165288,190486,NULL
165289,190488,NULL
165290,190489,NULL
165291,190490,225551
165292,190491,NULL
165293,190492,NULL
165294,190493,NULL
165295,190494,NULL
165296,190495,NULL
165297,190496,NULL
165298,190497,213288
165299,190498,NULL
165300,190499,209893
165301,190501,NULL
165302,190502,NULL
165303,190503,NULL
165304,190504,NULL
165305,190506,NULL
165306,190507,NULL
165307,190508,NULL
165308,190509,NULL
165309,190510,NULL
165310,190511,NULL
165311,190513,NULL
165312,190514,NULL
165313,190516,NULL
165314,190517,NULL
165315,190518,NULL
165316,190519,NULL
165317,190520,NULL
165318,190521,NULL
165319,190523,214354
165319,190523,226407
165319,190523,232974
165320,190524,NULL
165321,190526,NULL
165322,190527,NULL
165323,190528,NULL
165324,190529,NULL
165325,190530,207212
165325,190530,212106
165325,190530,217173
165326,190531,NULL
165327,190532,NULL
165328,190533,NULL
165329,190534,NULL
165330,190535,NULL
165331,190536,NULL
165332,190537,NULL
165333,190538,NULL
165334,190539,NULL
165335,190540,NULL
165336,190541,NULL
165337,190542,207768
165338,190543,NULL
165339,190544,NULL
165340,190545,NULL
165341,190546,NULL
165342,190547,NULL
165343,190548,NULL
165344,190549,NULL
165345,190550,NULL
165346,190552,NULL
165347,190554,NULL
165348,190556,NULL
165349,190557,NULL
165350,190558,NULL
165351,190559,212233
165351,190559,223217
165351,190559,231235
165352,190560,NULL
165353,190561,NULL
165354,190562,NULL
165355,190563,NULL
165356,190564,NULL
165357,190565,NULL
165358,190566,NULL
165359,190567,NULL
165360,190568,NULL
165361,190569,NULL
165362,190570,NULL
165363,190571,NULL
165364,190572,NULL
165365,190573,NULL
165366,190575,NULL
165367,190576,NULL
165368,190577,216105
165369,190578,NULL
165370,190579,NULL
165371,190580,NULL
165372,190582,NULL
165373,190583,NULL
165374,190584,NULL
165375,190585,NULL
165376,190586,NULL
165377,190587,NULL
165378,190588,NULL
165379,190589,NULL
165380,190591,227514
165381,190593,NULL
165382,190594,NULL
165383,190595,NULL
165384,190596,NULL
165385,190597,NULL
165386,190598,NULL
165387,190599,NULL
165388,190601,NULL
165389,190602,NULL
165390,190603,NULL
165391,190604,NULL
165392,190605,210841
165393,190606,NULL
165394,190607,NULL
165395,190608,NULL
165396,190609,NULL
165397,190610,NULL
165398,190611,NULL
165399,190612,NULL
165400,190613,NULL
165401,190614,NULL
165402,190615,NULL
165403,190616,NULL
165404,190619,NULL
165405,190620,NULL
165406,190622,NULL
165407,190623,NULL
165408,190624,NULL
165409,190625,NULL
165410,190626,NULL
165411,190628,NULL
165412,190629,NULL
165413,190630,NULL
165414,190631,NULL
165415,190632,NULL
165416,190633,NULL
165417,190634,NULL
165418,190635,NULL
165419,190636,NULL
165420,190637,NULL
165421,190638,NULL
165422,190640,NULL
165423,190642,209602
165424,190643,NULL
165425,190644,NULL
165426,190645,NULL
165427,190646,NULL
165428,190647,NULL
165429,190648,NULL
165430,190649,NULL
165431,190651,NULL
165432,190652,NULL
165433,190653,NULL
165434,190654,211970
165435,190655,NULL
165436,190656,NULL
165437,190657,208991
165438,190658,NULL
165439,190659,NULL
165440,190660,NULL
165441,190662,NULL
165442,190663,NULL
165443,190665,NULL
165444,190666,NULL
165445,190667,NULL
165446,190669,NULL
165447,190670,NULL
165448,190671,NULL
165449,190673,213194
165450,190676,NULL
165451,190677,NULL
165452,190678,NULL
165453,190679,NULL
165454,190680,NULL
165455,190681,NULL
165456,190682,NULL
165457,190683,NULL
165458,190684,NULL
165459,190685,217155
165460,190687,NULL
165461,190688,NULL
165462,190689,NULL
165463,190691,NULL
165464,190692,NULL
165465,190693,NULL
165466,190694,NULL
165467,190695,NULL
165468,190697,216247
165468,190697,222875
165468,190697,233359
165469,190698,NULL
165470,190700,NULL
165471,190701,NULL
165472,190702,NULL
165473,190703,NULL
165474,190704,NULL
165475,190705,NULL
165476,190706,205153
165476,190706,209399
165476,190706,212212
165477,190707,NULL
165478,190708,NULL
165479,190709,205866
165480,190711,NULL
165481,190712,NULL
165482,190713,205040
165483,190714,NULL
165484,190715,NULL
165485,190718,NULL
165486,190719,NULL
165487,190720,NULL
165488,190721,210143
165488,190721,211067
165488,190721,215472
165489,190722,NULL
165490,190723,NULL
165491,190724,NULL
165492,190725,NULL
165493,190726,NULL
165494,190728,NULL
165495,190729,217990
165496,190730,NULL
165497,190731,NULL
165498,190732,NULL
165499,190733,NULL
165500,190734,NULL
165501,190735,211055
165502,190736,NULL
165503,190737,NULL
165504,190738,215770
165505,190740,NULL
165506,190741,NULL
165507,190743,197518
165507,190743,213470
165507,190743,221189
165508,190744,NULL
165509,190745,NULL
165510,190746,195563
165510,190746,214465
165510,190746,219708
165511,190747,NULL
165512,190748,NULL
165513,190749,204489
165514,190751,NULL
165515,190752,NULL
165516,190753,NULL
165517,190754,NULL
165518,190758,NULL
165519,190759,NULL
165520,190760,NULL
165521,190761,NULL
165522,190762,228028
165523,190763,NULL
165524,190764,200342
165525,190765,NULL
165526,190766,NULL
165527,190767,NULL
165528,190768,NULL
165529,190769,NULL
165530,190770,NULL
165531,190771,NULL
165532,190772,NULL
165533,190773,198909
165534,190775,227651
165535,190776,NULL
165536,190777,NULL
165537,190778,NULL
165538,190779,NULL
165539,190780,NULL
165540,190781,NULL
165541,190783,NULL
165542,190784,NULL
165543,190785,NULL
165544,190786,NULL
165545,190787,NULL
165546,190788,NULL
165547,190789,221049
165548,190790,NULL
165549,190791,NULL
165550,190793,NULL
165551,190794,215407
165552,190796,NULL
165553,190797,NULL
165554,190798,NULL
165555,190800,NULL
165556,190801,NULL
165557,190802,NULL
165558,190803,NULL
165559,190804,NULL
165560,190805,NULL
165561,190806,NULL
165562,190807,224168
165563,190810,NULL
165564,190811,NULL
165565,190813,NULL
165566,190814,NULL
165567,190815,NULL
165568,190816,221940
165569,190817,NULL
165570,190818,NULL
165571,190820,NULL
165572,190821,NULL
165573,190822,NULL
165574,190824,NULL
165575,190825,NULL
165576,190826,NULL
165577,190827,210556
165578,190829,NULL
165579,190830,221159
165580,190831,214969
165580,190831,231127
165580,190831,235372
165581,190832,223367
165582,190833,NULL
165583,190834,NULL
165584,190835,222478
165585,190836,NULL
165586,190838,NULL
165587,190839,NULL
165588,190840,NULL
165589,190842,NULL
165590,190843,NULL
165591,190844,NULL
165592,190846,NULL
165593,190848,NULL
165594,190849,NULL
165595,190852,NULL
165596,190853,NULL
165597,190854,207539
165598,190856,NULL
165599,190857,221523
165600,190858,197638
165601,190859,NULL
165602,190860,199720
165603,190861,NULL
165604,190862,NULL
165605,190863,NULL
165606,190864,NULL
165607,190865,NULL
165608,190866,NULL
165609,190867,226013
165610,190868,NULL
165611,190869,NULL
165612,190870,202152
165613,190871,NULL
165614,190873,NULL
165615,190874,201711
165616,190875,NULL
165617,190876,NULL
165618,190877,207195
165618,190877,226521
165618,190877,239300
165619,190878,NULL
165620,190879,NULL
165621,190880,NULL
165622,190881,NULL
165623,190882,224388
165624,190883,NULL
165625,190884,NULL
165626,190885,NULL
165627,190886,NULL
165628,190888,NULL
165629,190889,NULL
165630,190890,205348
165630,190890,222175
165630,190890,229771
165631,190891,NULL
165632,190892,NULL
165633,190895,NULL
165634,190896,NULL
165635,190897,NULL
165636,190899,NULL
165637,190900,NULL
165638,190901,NULL
165639,190902,NULL
165640,190903,NULL
165641,190904,NULL
165642,190905,NULL
165643,190906,NULL
165644,190907,NULL
165645,190908,NULL
165646,190909,NULL
165647,190910,NULL
165648,190911,195949
165649,190912,NULL
165650,190913,NULL
165651,190914,NULL
165652,190915,NULL
165653,190917,NULL
165654,190919,NULL
165655,190920,NULL
165656,190922,208396
165657,190923,NULL
165658,190924,NULL
165659,190925,NULL
165660,190926,NULL
165661,190927,NULL
165662,190928,NULL
165663,190930,NULL
165664,190931,217006
165665,190932,NULL
165666,190933,NULL
165667,190934,NULL
165668,190935,NULL
165669,190936,NULL
165670,190937,NULL
165671,190938,NULL
165672,190939,NULL
165673,190940,NULL
165674,190942,NULL
165675,190943,NULL
165676,190944,NULL
165677,190945,NULL
165678,190946,NULL
165679,190947,NULL
165680,190948,NULL
165681,190949,208521
165682,190950,NULL
165683,190951,NULL
165684,190952,NULL
165685,190954,NULL
165686,190956,NULL
165687,190957,NULL
165688,190958,224508
165689,190959,NULL
165690,190961,NULL
165691,190962,NULL
165692,190963,NULL
165693,190964,NULL
165694,190965,221531
165695,190966,NULL
165696,190967,NULL
165697,190968,214844
165697,190968,236434
165697,190968,249000
165698,190969,NULL
165699,190970,223331
165700,190971,NULL
165701,190972,NULL
165702,190973,NULL
165703,190974,NULL
165704,190975,201255
165704,190975,214811
165704,190975,219876
165705,190976,NULL
165706,190978,NULL
165707,190979,205856
165707,190979,218927
165707,190979,229705
165708,190980,NULL
165709,190981,223810
165710,190982,NULL
165711,190983,NULL
165712,190984,NULL
165713,190985,NULL
165714,190986,NULL
165715,190987,NULL
165716,190988,NULL
165717,190989,NULL
165718,190990,NULL
165719,190991,200623
165720,190993,NULL
165721,190994,NULL
165722,190995,NULL
165723,190997,195841
165723,190997,207567
165723,190997,220656
165724,190999,NULL
165725,191000,NULL
165726,191003,NULL
165727,191004,NULL
165728,191005,220280
165729,191007,NULL
165730,191008,226752
165731,191009,NULL
165732,191010,NULL
165733,191011,NULL
165734,191012,NULL
165735,191013,NULL
165736,191014,NULL
165737,191015,NULL
165738,191016,227966
165739,191017,NULL
165740,191018,NULL
165741,191019,NULL
165742,191020,NULL
165743,191022,NULL
165744,191023,NULL
165745,191024,NULL
165746,191025,NULL
165747,191026,214500
165747,191026,235098
165747,191026,244689
165748,191027,214756
165749,191028,NULL
165750,191030,NULL
165751,191031,220232
165752,191032,208586
165752,191032,225136
165752,191032,237382
165753,191033,NULL
165754,191034,NULL
165755,191035,NULL
165756,191036,NULL
165757,191038,NULL
165758,191040,NULL
165759,191041,NULL
165760,191042,NULL
165761,191043,NULL
165762,191044,NULL
165763,191045,NULL
165764,191046,NULL
165765,191047,NULL
165766,191048,219674
165766,191048,234669
165766,191048,242730
165767,191050,NULL
165768,191051,NULL
165769,191052,NULL
165770,191053,NULL
165771,191056,202973
165772,191057,NULL
165773,191058,NULL
165774,191059,NULL
165775,191060,NULL
165776,191061,NULL
165777,191063,NULL
165778,191064,NULL
165779,191065,NULL
165780,191066,NULL
165781,191067,NULL
165782,191068,NULL
165783,191069,210289
165784,191070,NULL
165785,191071,NULL
165786,191072,NULL
165787,191073,NULL
165788,191074,NULL
165789,191075,NULL
165790,191076,NULL
165791,191077,NULL
165792,191079,NULL
165793,191081,NULL
165794,191083,NULL
165795,191084,NULL
165796,191085,215293
165797,191086,NULL
165798,191087,NULL
165799,191088,NULL
165800,191089,NULL
165801,191090,NULL
165802,191091,NULL
165803,191092,NULL
165804,191093,NULL
165805,191094,NULL
165806,191095,NULL
165807,191096,NULL
165808,191097,NULL
165809,191098,NULL
165810,191100,NULL
165811,191101,NULL
165812,191102,NULL
165813,191105,NULL
165814,191107,NULL
165815,191108,NULL
165816,191109,NULL
165817,191111,NULL
165818,191112,NULL
165819,191114,NULL
165820,191115,218143
165821,191118,NULL
165822,191119,221201
165823,191120,NULL
165824,191121,NULL
165825,191122,NULL
165826,191123,NULL
165827,191124,212180
165828,191125,NULL
165829,191126,227318
165829,191126,243574
165829,191126,245272
165830,191127,NULL
165831,191129,NULL
165832,191130,NULL
165833,191132,NULL
165834,191133,NULL
165835,191134,213591
165835,191134,218726
165835,191134,222116
165836,191135,NULL
165837,191136,208584
165838,191137,NULL
165839,191139,NULL
165840,191140,NULL
165841,191141,NULL
165842,191142,NULL
165843,191143,NULL
165844,191144,194155
165844,191144,206838
165844,191144,215525
165845,191145,NULL
165846,191146,NULL
165847,191147,NULL
165848,191148,NULL
165849,191150,NULL
165850,191151,NULL
165851,191152,NULL
165852,191153,NULL
165853,191154,NULL
165854,191155,NULL
165855,191156,NULL
165856,191158,198256
165857,191159,NULL
165858,191160,NULL
165859,191161,NULL
165860,191162,NULL
165861,191164,NULL
165862,191165,203437
165863,191166,NULL
165864,191167,NULL
165865,191168,NULL
165866,191169,NULL
165867,191170,NULL
165868,191171,NULL
165869,191172,NULL
165870,191173,NULL
165871,191175,NULL
165872,191177,NULL
165873,191178,NULL
165874,191179,NULL
165875,191180,NULL
165876,191181,NULL
165877,191183,NULL
165878,191184,NULL
165879,191185,NULL
165880,191186,NULL
165881,191188,NULL
165882,191189,NULL
165883,191190,NULL
165884,191191,NULL
165885,191193,NULL
165886,191194,NULL
165887,191195,203055
165888,191196,224256
165889,191197,NULL
165890,191198,NULL
165891,191199,NULL
165892,191200,NULL
165893,191202,NULL
165894,191203,217981
165894,191203,235024
165894,191203,237762
165895,191204,214511
165896,191205,223545
165897,191206,NULL
165898,191207,NULL
165899,191208,NULL
165900,191209,NULL
165901,191210,212463
165902,191211,NULL
165903,191212,NULL
165904,191213,NULL
165905,191214,NULL
165906,191215,201046
165907,191216,NULL
165908,191217,NULL
165909,191218,NULL
165910,191219,NULL
165911,191220,NULL
165912,191221,NULL
165913,191223,199575
165914,191224,NULL
165915,191226,NULL
165916,191227,NULL
165917,191228,NULL
165918,191229,NULL
165919,191230,NULL
165920,191232,NULL
165921,191233,NULL
165922,191236,NULL
165923,191237,NULL
165924,191238,NULL
165925,191239,NULL
165926,191240,NULL
165927,191241,NULL
165928,191242,NULL
165929,191243,NULL
165930,191244,197388
165931,191245,NULL
165932,191246,NULL
165933,191247,NULL
165934,191249,NULL
165935,191250,NULL
165936,191251,NULL
165937,191252,NULL
165938,191253,NULL
165939,191254,NULL
165940,191256,NULL
165941,191258,NULL
165942,191259,NULL
165943,191260,NULL
165944,191262,222522
165945,191263,NULL
165946,191264,NULL
165947,191265,NULL
165948,191266,NULL
165949,191267,NULL
165950,191268,NULL
165951,191269,NULL
165952,191270,NULL
165953,191271,NULL
165954,191273,NULL
165955,191275,NULL
165956,191276,197054
165957,191278,NULL
165958,191279,NULL
165959,191280,NULL
165960,191281,NULL
165961,191282,NULL
165962,191283,NULL
165963,191286,NULL
165964,191287,NULL
165965,191288,NULL
165966,191290,NULL
165967,191292,NULL
165968,191293,NULL
165969,191294,NULL
165970,191295,NULL
165971,191296,NULL
165972,191297,NULL
165973,191299,NULL
165974,191300,NULL
165975,191301,NULL
165976,191302,NULL
165977,191303,NULL
165978,191304,NULL
165979,191307,NULL
165980,191308,NULL
165981,191309,NULL
165982,191310,202708
165983,191311,NULL
165984,191313,NULL
165985,191314,NULL
165986,191315,NULL
165987,191316,NULL
165988,191317,NULL
165989,191318,NULL
165990,191320,NULL
165991,191321,NULL
165992,191322,NULL
165993,191323,NULL
165994,191324,NULL
165995,191326,NULL
165996,191327,NULL
165997,191328,NULL
165998,191329,NULL
165999,191330,NULL
166000,191331,NULL
166001,191332,NULL
166002,191333,215312
166003,191334,NULL
166004,191335,194319
166005,191336,NULL
166006,191339,NULL
166007,191340,NULL
166008,191341,NULL
166009,191343,NULL
166010,191345,NULL
166011,191347,NULL
166012,191348,NULL
166013,191352,206585
166013,191352,213608
166013,191352,215083
166014,191353,NULL
166015,191354,NULL
166016,191356,NULL
166017,191358,NULL
166018,191359,215228
166018,191359,221582
166018,191359,231178
166019,191360,218734
166019,191360,229325
166019,191360,244637
166020,191361,200628
166021,191363,NULL
166022,191364,NULL
166023,191365,203946
166024,191366,NULL
166025,191367,NULL
166026,191368,NULL
166027,191370,NULL
166028,191371,NULL
166029,191373,NULL
166030,191374,NULL
166031,191375,NULL
166032,191376,NULL
166033,191378,NULL
166034,191379,NULL
166035,191381,NULL
166036,191382,223863
166036,191382,237044
166036,191382,250426
166037,191384,NULL
166038,191385,NULL
166039,191386,NULL
166040,191389,199124
166041,191390,NULL
166042,191391,NULL
166043,191392,NULL
166044,191393,NULL
166045,191394,NULL
166046,191395,NULL
166047,191396,NULL
166048,191397,NULL
166049,191398,NULL
166050,191399,NULL
166051,191400,NULL
166052,191401,NULL
166053,191403,226901
166053,191403,233891
166053,191403,246793
166054,191405,NULL
166055,191406,NULL
166056,191408,NULL
166057,191409,226976
166058,191411,195108
166059,191412,220393
166060,191413,NULL
166061,191414,NULL
166062,191415,NULL
166063,191417,NULL
166064,191418,NULL
166065,191419,NULL
166066,191420,NULL
166067,191421,NULL
166068,191422,NULL
166069,191423,NULL
166070,191424,NULL
166071,191426,NULL
166072,191428,NULL
166073,191429,NULL
166074,191430,NULL
166075,191432,NULL
166076,191433,225986
166077,191434,220144
166078,191436,220969
166079,191437,NULL
166080,191438,NULL
166081,191439,NULL
166082,191441,NULL
166083,191443,NULL
166084,191444,NULL
166085,191445,NULL
166086,191446,NULL
166087,191447,NULL
166088,191448,NULL
166089,191449,NULL
166090,191450,NULL
166091,191452,NULL
166092,191453,211365
166092,191453,227776
166092,191453,236059
166093,191454,209250
166094,191455,NULL
166095,191456,NULL
166096,191457,NULL
166097,191458,223927
166097,191458,237619
166097,191458,249229
166098,191459,NULL
166099,191461,NULL
166100,191463,NULL
166101,191464,NULL
166102,191465,NULL
166103,191466,NULL
166104,191467,207294
166105,191468,NULL
166106,191469,NULL
166107,191470,210181
166108,191471,NULL
166109,191472,NULL
166110,191474,NULL
166111,191475,NULL
166112,191477,NULL
166113,191478,NULL
166114,191479,NULL
166115,191480,NULL
166116,191482,NULL
166117,191483,NULL
166118,191484,NULL
166119,191485,NULL
166120,191486,NULL
166121,191488,NULL
166122,191490,NULL
166123,191491,NULL
166124,191492,NULL
166125,191493,NULL
166126,191495,NULL
166127,191496,NULL
166128,191497,NULL
166129,191498,NULL
166130,191500,NULL
166131,191501,NULL
166132,191502,NULL
166133,191503,NULL
166134,191504,NULL
166135,191505,NULL
166136,191506,NULL
166137,191507,NULL
166138,191508,219880
166139,191509,NULL
166140,191510,NULL
166141,191511,222847
166142,191512,NULL
166143,191513,NULL
166144,191515,NULL
166145,191516,194313
166145,191516,200042
166145,191516,203908
166146,191517,NULL
166147,191518,NULL
166148,191519,NULL
166149,191520,NULL
166150,191521,NULL
166151,191522,NULL
166152,191523,213676
166152,191523,216919
166152,191523,222075
166153,191524,NULL
166154,191525,205893
166154,191525,219738
166154,191525,232132
166155,191526,NULL
166156,191528,NULL
166157,191529,NULL
166158,191530,NULL
166159,191531,NULL
166160,191532,NULL
166161,191534,NULL
166162,191535,NULL
166163,191536,226263
166164,191537,NULL
166165,191538,202375
166166,191539,NULL
166167,191540,NULL
166168,191541,NULL
166169,191543,NULL
166170,191544,NULL
166171,191545,NULL
166172,191546,NULL
166173,191547,NULL
166174,191548,NULL
166175,191549,NULL
166176,191550,209447
166176,191550,215579
166176,191550,224424
166177,191551,NULL
166178,191552,NULL
166179,191553,NULL
166180,191554,NULL
166181,191555,NULL
166182,191556,NULL
166183,191557,NULL
166184,191558,200487
166185,191559,210593
166186,191560,205651
166186,191560,222003
166186,191560,230759
166187,191562,NULL
166188,191563,198020
166189,191564,NULL
166190,191565,NULL
166191,191566,NULL
166192,191567,NULL
166193,191568,NULL
166194,191569,NULL
166195,191570,NULL
166196,191572,NULL
166197,191573,NULL
166198,191574,NULL
166199,191575,NULL
166200,191576,NULL
166201,191577,NULL
166202,191580,NULL
166203,191581,NULL
166204,191582,NULL
166205,191584,NULL
166206,191585,NULL
166207,191586,NULL
166208,191588,NULL
166209,191589,NULL
166210,191592,NULL
166211,191593,NULL
166212,191594,NULL
166213,191595,NULL
166214,191596,NULL
166215,191597,219635
166216,191598,NULL
166217,191599,NULL
166218,191600,NULL
166219,191601,NULL
166220,191602,227907
166221,191603,NULL
166222,191604,NULL
166223,191605,200426
166224,191606,NULL
166225,191608,NULL
166226,191611,NULL
166227,191612,NULL
166228,191613,NULL
166229,191614,NULL
166230,191615,NULL
166231,191616,NULL
166232,191617,NULL
166233,191619,NULL
166234,191620,NULL
166235,191621,NULL
166236,191622,199738
166237,191623,NULL
166238,191624,NULL
166239,191626,NULL
166240,191628,NULL
166241,191629,NULL
166242,191630,NULL
166243,191631,NULL
166244,191632,NULL
166245,191633,NULL
166246,191634,NULL
166247,191636,NULL
166248,191637,NULL
166249,191638,NULL
166250,191639,NULL
166251,191640,NULL
166252,191641,NULL
166253,191642,NULL
166254,191645,NULL
166255,191646,NULL
166256,191648,NULL
166257,191650,226997
166257,191650,230342
166257,191650,244704
166258,191651,NULL
166259,191652,NULL
166260,191653,NULL
166261,191654,NULL
166262,191656,NULL
166263,191657,216593
166264,191659,NULL
166265,191661,NULL
166266,191662,219605
166266,191662,228857
166266,191662,234011
166267,191664,NULL
166268,191665,NULL
166269,191666,NULL
166270,191667,NULL
166271,191669,NULL
166272,191670,NULL
166273,191672,NULL
166274,191673,220419
166274,191673,221700
166274,191673,225617
166275,191674,220590
166276,191675,NULL
166277,191676,NULL
166278,191677,NULL
166279,191678,NULL
166280,191679,NULL
166281,191680,NULL
166282,191681,NULL
166283,191682,NULL
166284,191683,NULL
166285,191684,221608
166285,191684,238514
166285,191684,252108
166286,191685,NULL
166287,191686,NULL
166288,191688,NULL
166289,191690,NULL
166290,191692,NULL
166291,191693,NULL
166292,191694,NULL
166293,191695,NULL
166294,191696,NULL
166295,191698,NULL
166296,191699,NULL
166297,191700,214054
166297,191700,220300
166297,191700,223679
166298,191701,NULL
166299,191702,NULL
166300,191703,NULL
166301,191704,NULL
166302,191705,NULL
166303,191706,NULL
166304,191709,201821
166305,191710,NULL
166306,191711,NULL
166307,191712,NULL
166308,191713,209497
166308,191713,227748
166308,191713,239820
166309,191714,NULL
166310,191716,NULL
166311,191718,NULL
166312,191720,NULL
166313,191723,NULL
166314,191724,221279
166314,191724,231863
166314,191724,243796
166315,191727,NULL
166316,191728,NULL
166317,191729,205491
166318,191730,NULL
166319,191731,NULL
166320,191732,219109
166320,191732,234219
166320,191732,237773
166321,191733,NULL
166322,191734,NULL
166323,191735,NULL
166324,191737,213532
166325,191738,NULL
166326,191739,228666
166326,191739,243761
166326,191739,256592
166327,191741,NULL
166328,191742,NULL
166329,191743,201443
166330,191744,NULL
166331,191745,NULL
166332,191746,NULL
166333,191747,NULL
166334,191748,NULL
166335,191749,NULL
166336,191750,NULL
166337,191751,NULL
166338,191752,NULL
166339,191754,NULL
166340,191756,NULL
166341,191757,205618
166342,191758,NULL
166343,191759,NULL
166344,191760,NULL
166345,191764,NULL
166346,191765,NULL
166347,191766,NULL
166348,191767,NULL
166349,191768,208868
166350,191769,NULL
166351,191770,NULL
166352,191771,198927
166353,191772,201558
166353,191772,208291
166353,191772,213420
166354,191775,NULL
166355,191776,NULL
166356,191777,NULL
166357,191778,NULL
166358,191779,NULL
166359,191781,NULL
166360,191782,NULL
166361,191783,NULL
166362,191784,NULL
166363,191785,NULL
166364,191787,NULL
166365,191788,NULL
166366,191789,NULL
166367,191790,NULL
166368,191791,NULL
166369,191792,NULL
166370,191794,209437
166370,191794,218071
166370,191794,228119
166371,191795,NULL
166372,191796,NULL
166373,191797,NULL
166374,191798,219096
166375,191799,NULL
166376,191800,223858
166377,191801,NULL
166378,191802,NULL
166379,191806,197327
166380,191807,NULL
166381,191808,NULL
166382,191809,NULL
166383,191811,NULL
166384,191812,NULL
166385,191813,NULL
166386,191814,NULL
166387,191815,NULL
166388,191816,219476
166389,191818,NULL
166390,191819,199209
166390,191819,215830
166390,191819,226290
166391,191820,NULL
166392,191821,NULL
166393,191822,NULL
166394,191823,NULL
166395,191824,NULL
166396,191825,NULL
166397,191826,NULL
166398,191827,NULL
166399,191828,224515
166400,191829,NULL
166401,191830,NULL
166402,191831,NULL
166403,191832,209572
166403,191832,215989
166403,191832,221600
166404,191833,NULL
166405,191834,219293
166406,191835,NULL
166407,191836,NULL
166408,191837,NULL
166409,191838,NULL
166410,191840,NULL
166411,191841,NULL
166412,191843,196879
166413,191845,NULL
166414,191847,NULL
166415,191848,NULL
166416,191849,NULL
166417,191851,217010
166418,191852,NULL
166419,191853,NULL
166420,191854,NULL
166421,191856,NULL
166422,191857,NULL
166423,191858,NULL
166424,191859,NULL
166425,191861,NULL
166426,191862,NULL
166427,191863,NULL
166428,191864,NULL
166429,191866,NULL
166430,191868,NULL
166431,191869,NULL
166432,191870,NULL
166433,191871,NULL
166434,191872,NULL
166435,191873,225606
166436,191875,NULL
166437,191876,221877
166438,191877,NULL
166439,191878,NULL
166440,191879,NULL
166441,191880,NULL
166442,191881,NULL
166443,191882,NULL
166444,191884,NULL
166445,191885,218495
166445,191885,238786
166445,191885,251226
166446,191886,NULL
166447,191887,NULL
166448,191888,NULL
166449,191889,NULL
166450,191890,205725
166450,191890,209207
166450,191890,220830
166451,191891,NULL
166452,191892,NULL
166453,191893,NULL
166454,191894,204057
166454,191894,217970
166454,191894,228274
166455,191895,NULL
166456,191896,NULL
166457,191897,NULL
166458,191899,NULL
166459,191900,NULL
166460,191901,NULL
166461,191902,NULL
166462,191903,NULL
166463,191904,NULL
166464,191905,NULL
166465,191906,NULL
166466,191907,NULL
166467,191908,219964
166468,191910,NULL
166469,191911,NULL
166470,191912,NULL
166471,191913,NULL
166472,191914,220553
166473,191915,NULL
166474,191916,NULL
166475,191917,NULL
166476,191918,NULL
166477,191919,NULL
166478,191920,NULL
166479,191921,NULL
166480,191922,198005
166480,191922,209160
166480,191922,216913
166481,191923,NULL
166482,191924,NULL
166483,191926,NULL
166484,191927,195976
166484,191927,207264
166484,191927,218150
166485,191928,NULL
166486,191929,NULL
166487,191930,NULL
166488,191931,226467
166488,191931,245390
166488,191931,261183
166489,191933,NULL
166490,191934,NULL
166491,191935,NULL
166492,191936,205490
166493,191937,NULL
166494,191938,NULL
166495,191939,NULL
166496,191941,208874
166497,191942,NULL
166498,191943,NULL
166499,191944,NULL
166500,191945,NULL
166501,191946,209480
166501,191946,214013
166501,191946,220003
166502,191947,NULL
166503,191948,NULL
166504,191949,NULL
166505,191951,NULL
166506,191952,NULL
166507,191953,NULL
166508,191954,NULL
166509,191956,NULL
166510,191957,NULL
166511,191958,NULL
166512,191959,NULL
166513,191960,NULL
166514,191961,NULL
166515,191962,NULL
166516,191963,NULL
166517,191964,NULL
166518,191966,NULL
166519,191967,210401
166519,191967,228849
166519,191967,230969
166520,191968,NULL
166521,191969,NULL
166522,191970,NULL
166523,191972,NULL
166524,191973,NULL
166525,191975,NULL
166526,191976,NULL
166527,191977,NULL
166528,191978,NULL
166529,191979,NULL
166530,191980,NULL
166531,191982,NULL
166532,191983,NULL
166533,191984,NULL
166534,191985,NULL
166535,191987,225180
166535,191987,240347
166535,191987,245986
166536,191988,NULL
166537,191989,217517
166538,191990,206458
166539,191992,226793
166540,191993,NULL
166541,191994,NULL
166542,191996,218934
166543,191997,NULL
166544,191998,NULL
166545,191999,NULL
166546,192000,212605
166547,192002,NULL
166548,192003,204204
166548,192003,218926
166548,192003,226818
166549,192004,NULL
166550,192005,NULL
166551,192006,NULL
166552,192007,NULL
166553,192008,215927
166554,192009,NULL
166555,192012,NULL
166556,192014,NULL
166557,192016,203965
166558,192017,NULL
166559,192018,NULL
166560,192019,NULL
166561,192021,NULL
166562,192022,NULL
166563,192023,196883
166563,192023,212221
166563,192023,214758
166564,192024,NULL
166565,192025,NULL
166566,192027,NULL
166567,192028,NULL
166568,192029,NULL
166569,192031,NULL
166570,192034,NULL
166571,192035,NULL
166572,192036,NULL
166573,192037,NULL
166574,192038,NULL
166575,192039,NULL
166576,192040,NULL
166577,192041,NULL
166578,192042,NULL
166579,192043,NULL
166580,192044,NULL
166581,192046,NULL
166582,192047,NULL
166583,192048,NULL
166584,192049,NULL
166585,192050,NULL
166586,192051,NULL
166587,192052,206067
166588,192054,206835
166589,192055,NULL
166590,192057,NULL
166591,192058,203012
166592,192059,NULL
166593,192060,NULL
166594,192061,NULL
166595,192062,NULL
166596,192063,NULL
166597,192064,NULL
166598,192066,NULL
166599,192067,NULL
166600,192068,NULL
166601,192069,196638
166602,192071,NULL
166603,192072,NULL
166604,192073,NULL
166605,192074,NULL
166606,192075,NULL
166607,192077,NULL
166608,192078,NULL
166609,192079,NULL
166610,192080,NULL
166611,192081,NULL
166612,192082,NULL
166613,192083,NULL
166614,192084,NULL
166615,192085,NULL
166616,192086,NULL
166617,192087,NULL
166618,192088,NULL
166619,192089,NULL
166620,192090,NULL
166621,192092,226667
166621,192092,243648
166621,192092,252744
166622,192093,NULL
166623,192096,NULL
166624,192097,NULL
166625,192098,NULL
166626,192099,NULL
166627,192100,NULL
166628,192101,NULL
166629,192102,NULL
166630,192103,NULL
166631,192104,NULL
166632,192105,NULL
166633,192106,NULL
166634,192107,NULL
166635,192108,NULL
166636,192109,NULL
166637,192111,NULL
166638,192112,NULL
166639,192113,NULL
166640,192115,211046
166641,192116,NULL
166642,192118,NULL
166643,192120,NULL
166644,192121,NULL
166645,192122,NULL
166646,192123,201765
166647,192124,NULL
166648,192125,NULL
166649,192127,NULL
166650,192128,NULL
166651,192130,NULL
166652,192131,NULL
166653,192132,202612
166654,192133,NULL
166655,192134,NULL
166656,192135,NULL
166657,192136,223789
166658,192137,NULL
166659,192138,NULL
166660,192139,NULL
166661,192141,219199
166662,192142,212622
166662,192142,219576
166662,192142,229927
166663,192143,NULL
166664,192144,213515
166665,192145,NULL
166666,192146,NULL
166667,192147,NULL
166668,192148,NULL
166669,192149,NULL
166670,192150,NULL
166671,192151,198583
166672,192152,NULL
166673,192153,224812
166674,192154,NULL
166675,192155,NULL
166676,192156,226729
166677,192157,NULL
166678,192158,NULL
166679,192159,NULL
166680,192160,215853
166681,192162,NULL
166682,192163,NULL
166683,192164,NULL
166684,192165,NULL
166685,192166,NULL
166686,192167,NULL
166687,192168,NULL
166688,192169,NULL
166689,192170,NULL
166690,192171,NULL
166691,192172,NULL
166692,192173,207805
166693,192174,NULL
166694,192175,NULL
166695,192176,NULL
166696,192177,NULL
166697,192178,NULL
166698,192179,NULL
166699,192180,202692
166700,192182,NULL
166701,192183,NULL
166702,192184,NULL
166703,192185,NULL
166704,192186,NULL
166705,192187,NULL
166706,192188,NULL
166707,192189,NULL
166708,192190,NULL
166709,192192,NULL
166710,192193,NULL
166711,192194,NULL
166712,192195,NULL
166713,192196,NULL
166714,192197,224294
166715,192198,NULL
166716,192199,NULL
166717,192200,NULL
166718,192201,NULL
166719,192202,NULL
166720,192204,226288
166721,192205,NULL
166722,192206,NULL
166723,192207,NULL
166724,192209,NULL
166725,192210,206998
166726,192211,228208
166727,192212,NULL
166728,192213,NULL
166729,192214,NULL
166730,192215,NULL
166731,192216,NULL
166732,192218,NULL
166733,192220,NULL
166734,192221,NULL
166735,192222,NULL
166736,192223,NULL
166737,192225,NULL
166738,192226,NULL
166739,192228,199164
166740,192230,NULL
166741,192231,NULL
166742,192232,NULL
166743,192233,NULL
166744,192234,NULL
166745,192235,NULL
166746,192236,199972
166747,192237,NULL
166748,192238,NULL
166749,192239,NULL
166750,192240,NULL
166751,192241,NULL
166752,192242,NULL
166753,192243,NULL
166754,192244,NULL
166755,192245,221867
166756,192246,NULL
166757,192247,NULL
166758,192249,212069
166759,192250,202158
166759,192250,217246
166759,192250,224576
166760,192251,199746
166761,192252,NULL
166762,192253,NULL
166763,192255,NULL
166764,192256,NULL
166765,192257,NULL
166766,192259,194702
166767,192260,NULL
166768,192261,NULL
166769,192262,NULL
166770,192263,NULL
166771,192265,NULL
166772,192266,NULL
166773,192268,NULL
166774,192269,NULL
166775,192271,NULL
166776,192272,NULL
166777,192273,NULL
166778,192274,NULL
166779,192275,217575
166780,192276,NULL
166781,192277,NULL
166782,192278,210491
166782,192278,225839
166782,192278,236615
166783,192279,NULL
166784,192280,NULL
166785,192281,NULL
166786,192282,219115
166786,192282,233737
166786,192282,249297
166787,192283,NULL
166788,192284,NULL
166789,192286,NULL
166790,192288,218933
166791,192289,NULL
166792,192290,NULL
166793,192291,NULL
166794,192292,NULL
166795,192293,NULL
166796,192294,NULL
166797,192295,NULL
166798,192296,NULL
166799,192297,NULL
166800,192298,NULL
166801,192299,NULL
166802,192300,NULL
166803,192302,NULL
166804,192303,NULL
166805,192304,NULL
166806,192305,NULL
166807,192306,NULL
166808,192307,NULL
166809,192308,NULL
166810,192310,NULL
166811,192311,NULL
166812,192312,227114
166813,192313,NULL
166814,192314,220268
166815,192315,NULL
166816,192316,NULL
166817,192318,211178
166817,192318,223123
166817,192318,235496
166818,192319,NULL
166819,192320,NULL
166820,192322,NULL
166821,192323,NULL
166822,192325,NULL
166823,192326,198949
166824,192327,196778
166825,192328,NULL
166826,192329,NULL
166827,192330,NULL
166828,192331,NULL
166829,192332,203119
166830,192335,NULL
166831,192336,NULL
166832,192338,NULL
166833,192339,NULL
166834,192340,NULL
166835,192341,NULL
166836,192342,206908
166837,192343,NULL
166838,192344,NULL
166839,192345,NULL
166840,192346,NULL
166841,192347,NULL
166842,192350,NULL
166843,192351,NULL
166844,192352,198911
166845,192353,NULL
166846,192354,206382
166847,192355,NULL
166848,192356,NULL
166849,192357,NULL
166850,192358,NULL
166851,192359,NULL
166852,192360,NULL
166853,192361,200729
166854,192362,NULL
166855,192364,NULL
166856,192365,NULL
166857,192366,NULL
166858,192368,NULL
166859,192371,NULL
166860,192372,NULL
166861,192373,NULL
166862,192374,NULL
166863,192375,NULL
166864,192378,199276
166865,192379,NULL
166866,192380,NULL
166867,192381,NULL
166868,192382,NULL
166869,192383,213743
166870,192384,205603
166871,192385,NULL
166872,192386,NULL
166873,192387,NULL
166874,192388,221020
166875,192389,NULL
166876,192390,NULL
166877,192391,205968
166878,192393,NULL
166879,192394,NULL
166880,192395,NULL
166881,192396,NULL
166882,192397,NULL
166883,192398,NULL
166884,192399,201635
166884,192399,213817
166884,192399,218794
166885,192400,NULL
166886,192402,NULL
166887,192403,NULL
166888,192404,NULL
166889,192405,215674
166890,192406,NULL
166891,192408,NULL
166892,192409,NULL
166893,192410,222692
166894,192411,NULL
166895,192412,NULL
166896,192413,NULL
166897,192414,NULL
166898,192415,NULL
166899,192416,NULL
166900,192417,NULL
166901,192418,NULL
166902,192419,NULL
166903,192420,NULL
166904,192421,NULL
166905,192422,216393
166906,192423,NULL
166907,192425,206314
166908,192426,NULL
166909,192427,NULL
166910,192428,NULL
166911,192429,205984
166912,192430,NULL
166913,192431,NULL
166914,192432,212060
166915,192433,NULL
166916,192435,NULL
166917,192436,NULL
166918,192437,NULL
166919,192439,NULL
166920,192440,NULL
166921,192441,NULL
166922,192442,NULL
166923,192443,NULL
166924,192445,227508
166925,192446,NULL
166926,192447,228786
166927,192448,NULL
166928,192449,NULL
166929,192450,NULL
166930,192451,NULL
166931,192453,219489
166932,192455,NULL
166933,192456,NULL
166934,192457,NULL
166935,192459,NULL
166936,192460,NULL
166937,192461,NULL
166938,192462,NULL
166939,192463,NULL
166940,192464,NULL
166941,192465,NULL
166942,192466,NULL
166943,192469,NULL
166944,192471,212809
166945,192472,NULL
166946,192473,NULL
166947,192474,198849
166948,192475,NULL
166949,192476,NULL
166950,192477,NULL
166951,192478,NULL
166952,192479,200814
166952,192479,220696
166952,192479,229020
166953,192480,195078
166953,192480,200263
166953,192480,212875
166954,192481,NULL
166955,192482,NULL
166956,192483,NULL
166957,192484,NULL
166958,192485,NULL
166959,192486,NULL
166960,192487,NULL
166961,192488,NULL
166962,192489,NULL
166963,192490,NULL
166964,192491,201495
166965,192492,NULL
166966,192493,NULL
166967,192495,NULL
166968,192496,NULL
166969,192497,NULL
166970,192498,NULL
166971,192500,NULL
166972,192501,NULL
166973,192502,NULL
166974,192503,NULL
166975,192504,NULL
166976,192505,211349
166976,192505,228933
166976,192505,231707
166977,192506,NULL
166978,192507,NULL
166979,192508,NULL
166980,192509,NULL
166981,192510,NULL
166982,192511,NULL
166983,192512,NULL
166984,192513,NULL
166985,192514,NULL
166986,192516,NULL
166987,192517,NULL
166988,192518,NULL
166989,192519,225696
166989,192519,234028
166989,192519,241523
166990,192520,NULL
166991,192521,NULL
166992,192522,NULL
166993,192525,NULL
166994,192526,NULL
166995,192527,NULL
166996,192528,NULL
166997,192529,NULL
166998,192530,NULL
166999,192531,219214
167000,192532,NULL
167001,192533,NULL
167002,192535,NULL
167003,192536,NULL
167004,192537,NULL
167005,192538,NULL
167006,192539,NULL
167007,192540,NULL
167008,192541,NULL
167009,192542,NULL
167010,192543,221625
167011,192544,NULL
167012,192545,225004
167013,192546,NULL
167014,192547,NULL
167015,192548,NULL
167016,192549,NULL
167017,192550,NULL
167018,192551,NULL
167019,192552,NULL
167020,192553,NULL
167021,192554,NULL
167022,192555,221808
167023,192557,NULL
167024,192558,NULL
167025,192561,NULL
167026,192562,NULL
167027,192564,NULL
167028,192565,224324
167028,192565,234894
167028,192565,244537
167029,192566,NULL
167030,192567,NULL
167031,192568,NULL
167032,192569,NULL
167033,192570,NULL
167034,192572,NULL
167035,192573,NULL
167036,192574,NULL
167037,192575,NULL
167038,192576,NULL
167039,192577,NULL
167040,192578,NULL
167041,192579,NULL
167042,192580,NULL
167043,192581,NULL
167044,192582,NULL
167045,192584,NULL
167046,192585,NULL
167047,192586,NULL
167048,192587,NULL
167049,192588,NULL
167050,192589,NULL
167051,192590,228767
167052,192591,NULL
167053,192592,NULL
167054,192593,NULL
167055,192594,NULL
167056,192595,NULL
167057,192596,NULL
167058,192597,NULL
167059,192598,NULL
167060,192599,NULL
167061,192600,207408
167061,192600,223920
167061,192600,230495
167062,192601,222858
167062,192601,226969
167062,192601,231275
167063,192602,NULL
167064,192603,195187
167065,192604,NULL
167066,192605,NULL
167067,192606,NULL
167068,192607,NULL
167069,192608,NULL
167070,192609,NULL
167071,192610,NULL
167072,192611,NULL
167073,192612,NULL
167074,192613,NULL
167075,192614,NULL
167076,192616,NULL
167077,192617,NULL
167078,192618,219658
167078,192618,230056
167078,192618,235126
167079,192619,207242
167080,192621,NULL
167081,192622,NULL
167082,192623,NULL
167083,192624,NULL
167084,192625,NULL
167085,192626,NULL
167086,192627,223860
167087,192628,NULL
167088,192629,NULL
167089,192630,NULL
167090,192631,NULL
167091,192633,NULL
167092,192634,198133
167093,192636,NULL
167094,192637,NULL
167095,192638,NULL
167096,192639,NULL
167097,192640,NULL
167098,192641,NULL
167099,192642,NULL
167100,192643,NULL
167101,192644,NULL
167102,192645,NULL
167103,192649,NULL
167104,192650,NULL
167105,192651,NULL
167106,192652,NULL
167107,192653,NULL
167108,192654,NULL
167109,192655,NULL
167110,192656,NULL
167111,192657,NULL
167112,192658,NULL
167113,192659,NULL
167114,192660,NULL
167115,192662,NULL
167116,192663,NULL
167117,192666,NULL
167118,192667,205494
167119,192668,NULL
167120,192669,NULL
167121,192671,204576
167122,192672,NULL
167123,192673,NULL
167124,192674,NULL
167125,192676,NULL
167126,192677,NULL
167127,192678,NULL
167128,192679,NULL
167129,192680,NULL
167130,192681,NULL
167131,192682,NULL
167132,192683,NULL
167133,192684,NULL
167134,192685,NULL
167135,192686,194341
167135,192686,216630
167135,192686,221583
167136,192687,NULL
167137,192688,214254
167137,192688,224430
167137,192688,227016
167138,192689,NULL
167139,192690,200520
167140,192691,NULL
167141,192692,203159
167142,192694,NULL
167143,192695,195677
167144,192696,NULL
167145,192698,NULL
167146,192699,NULL
167147,192700,NULL
167148,192701,NULL
167149,192702,NULL
167150,192703,NULL
167151,192705,NULL
167152,192706,NULL
167153,192707,NULL
167154,192709,213536
167155,192710,NULL
167156,192711,NULL
167157,192712,NULL
167158,192713,NULL
167159,192714,NULL
167160,192715,NULL
167161,192716,NULL
167162,192717,NULL
167163,192718,NULL
167164,192719,NULL
167165,192720,NULL
167166,192721,205171
167167,192722,NULL
167168,192723,NULL
167169,192724,NULL
167170,192725,NULL
167171,192726,NULL
167172,192728,NULL
167173,192729,NULL
167174,192730,200986
167175,192731,NULL
167176,192732,NULL
167177,192733,NULL
167178,192734,NULL
167179,192735,NULL
167180,192736,NULL
167181,192737,210983
167182,192738,NULL
167183,192739,NULL
167184,192740,NULL
167185,192741,NULL
167186,192742,NULL
167187,192743,214494
167188,192744,NULL
167189,192745,NULL
167190,192746,NULL
167191,192748,NULL
167192,192749,NULL
167193,192750,NULL
167194,192751,NULL
167195,192752,NULL
167196,192753,NULL
167197,192754,NULL
167198,192755,NULL
167199,192756,NULL
167200,192757,NULL
167201,192758,NULL
167202,192759,NULL
167203,192760,NULL
167204,192761,NULL
167205,192762,NULL
167206,192763,198903
167206,192763,209081
167206,192763,214767
167207,192764,224565
167208,192765,NULL
167209,192766,NULL
167210,192767,NULL
167211,192772,NULL
167212,192773,NULL
167213,192774,NULL
167214,192775,NULL
167215,192776,NULL
167216,192777,NULL
167217,192778,NULL
167218,192779,NULL
167219,192781,NULL
167220,192782,NULL
167221,192783,NULL
167222,192785,NULL
167223,192786,NULL
167224,192787,NULL
167225,192788,NULL
167226,192789,NULL
167227,192790,NULL
167228,192791,NULL
167229,192792,NULL
167230,192794,NULL
167231,192795,217103
167231,192795,221754
167231,192795,225277
167232,192796,NULL
167233,192797,NULL
167234,192798,NULL
167235,192800,NULL
167236,192801,NULL
167237,192802,NULL
167238,192803,NULL
167239,192804,NULL
167240,192805,NULL
167241,192806,NULL
167242,192807,NULL
167243,192808,206922
167244,192809,NULL
167245,192810,NULL
167246,192811,NULL
167247,192812,217309
167248,192813,NULL
167249,192814,NULL
167250,192815,NULL
167251,192816,NULL
167252,192817,NULL
167253,192818,NULL
167254,192819,NULL
167255,192820,203339
167256,192821,NULL
167257,192822,NULL
167258,192823,NULL
167259,192824,NULL
167260,192825,NULL
167261,192827,NULL
167262,192828,207151
167262,192828,212662
167262,192828,221994
167263,192829,NULL
167264,192830,NULL
167265,192831,NULL
167266,192832,NULL
167267,192833,NULL
167268,192835,NULL
167269,192836,224317
167269,192836,237265
167269,192836,250940
167270,192838,NULL
167271,192839,215539
167272,192841,NULL
167273,192842,NULL
167274,192843,NULL
167275,192844,NULL
167276,192845,NULL
167277,192846,NULL
167278,192847,NULL
167279,192848,NULL
167280,192849,NULL
167281,192850,NULL
167282,192851,NULL
167283,192852,NULL
167284,192853,212317
167285,192854,NULL
167286,192855,NULL
167287,192856,196835
167288,192857,NULL
167289,192858,215072
167290,192859,NULL
167291,192861,NULL
167292,192862,NULL
167293,192863,NULL
167294,192864,NULL
167295,192866,204725
167296,192867,NULL
167297,192868,NULL
167298,192869,NULL
167299,192870,217376
167299,192870,228926
167299,192870,233330
167300,192871,216014
167301,192872,NULL
167302,192873,NULL
167303,192874,NULL
167304,192876,NULL
167305,192878,NULL
167306,192879,NULL
167307,192880,206806
167307,192880,219420
167307,192880,222761
167308,192881,213202
167309,192882,NULL
167310,192883,NULL
167311,192884,NULL
167312,192885,NULL
167313,192886,NULL
167314,192887,220547
167315,192888,207607
167316,192889,NULL
167317,192890,NULL
167318,192892,NULL
167319,192893,214512
167320,192894,NULL
167321,192895,NULL
167322,192896,NULL
167323,192897,NULL
167324,192898,NULL
167325,192899,NULL
167326,192900,NULL
167327,192901,NULL
167328,192902,NULL
167329,192903,NULL
167330,192904,NULL
167331,192906,NULL
167332,192907,NULL
167333,192908,NULL
167334,192909,NULL
167335,192910,NULL
167336,192911,NULL
167337,192912,224897
167338,192913,215566
167339,192915,203200
167340,192916,NULL
167341,192919,NULL
167342,192920,NULL
167343,192921,NULL
167344,192923,NULL
167345,192924,NULL
167346,192925,NULL
167347,192926,NULL
167348,192929,NULL
167349,192930,NULL
167350,192931,NULL
167351,192932,NULL
167352,192933,NULL
167353,192934,NULL
167354,192935,206923
167355,192937,NULL
167356,192938,NULL
167357,192940,NULL
167358,192941,NULL
167359,192942,226184
167360,192943,NULL
167361,192944,NULL
167362,192945,NULL
167363,192946,NULL
167364,192947,221006
167365,192948,195065
167366,192949,NULL
167367,192950,NULL
167368,192951,NULL
167369,192952,NULL
167370,192954,220664
167370,192954,226856
167370,192954,236583
167371,192955,NULL
167372,192956,NULL
167373,192957,NULL
167374,192958,NULL
167375,192959,NULL
167376,192960,NULL
167377,192961,NULL
167378,192962,NULL
167379,192963,NULL
167380,192964,NULL
167381,192965,228151
167382,192966,NULL
167383,192967,NULL
167384,192968,NULL
167385,192969,208472
167386,192970,NULL
167387,192971,NULL
167388,192972,NULL
167389,192973,NULL
167390,192974,NULL
167391,192975,NULL
167392,192976,NULL
167393,192977,NULL
167394,192980,NULL
167395,192982,NULL
167396,192983,NULL
167397,192984,NULL
167398,192985,NULL
167399,192986,207446
167400,192987,NULL
167401,192990,NULL
167402,192991,NULL
167403,192992,NULL
167404,192993,NULL
167405,192994,NULL
167406,192995,204443
167407,192996,NULL
167408,192997,NULL
167409,192998,NULL
167410,192999,224737
167410,192999,232006
167410,192999,244528
167411,193000,NULL
167412,193001,NULL
167413,193002,NULL
167414,193003,NULL
167415,193004,NULL
167416,193006,NULL
167417,193007,218304
167418,193008,226902
167419,193009,NULL
167420,193010,NULL
167421,193011,NULL
167422,193012,NULL
167423,193013,215888
167423,193013,236518
167423,193013,243673
167424,193014,NULL
167425,193015,NULL
167426,193016,NULL
167427,193017,NULL
167428,193018,NULL
167429,193019,NULL
167430,193020,208315
167431,193021,NULL
167432,193022,NULL
167433,193023,NULL
167434,193024,NULL
167435,193025,NULL
167436,193026,NULL
167437,193027,NULL
167438,193028,NULL
167439,193030,NULL
167440,193031,NULL
167441,193032,NULL
167442,193033,NULL
167443,193034,NULL
167444,193035,222706
167444,193035,236886
167444,193035,237774
167445,193036,NULL
167446,193038,226179
167446,193038,230946
167446,193038,240336
167447,193039,223847
167447,193039,237251
167447,193039,249483
167448,193040,NULL
167449,193041,NULL
167450,193043,NULL
167451,193044,NULL
167452,193045,220368
167453,193046,NULL
167454,193047,198141
167455,193048,NULL
167456,193049,NULL
167457,193050,222057
167457,193050,234075
167457,193050,246579
167458,193051,NULL
167459,193052,NULL
167460,193053,222775
167461,193054,NULL
167462,193055,NULL
167463,193056,NULL
167464,193057,NULL
167465,193058,NULL
167466,193060,NULL
167467,193061,NULL
167468,193063,NULL
167469,193064,NULL
167470,193067,NULL
167471,193068,NULL
167472,193069,NULL
167473,193070,209522
167474,193071,NULL
167475,193072,NULL
167476,193073,NULL
167477,193074,NULL
167478,193075,NULL
167479,193076,216273
167480,193078,NULL
167481,193079,NULL
167482,193080,NULL
167483,193081,NULL
167484,193082,NULL
167485,193083,NULL
167486,193085,NULL
167487,193087,NULL
167488,193088,NULL
167489,193089,NULL
167490,193090,NULL
167491,193091,NULL
167492,193092,NULL
167493,193093,NULL
167494,193094,NULL
167495,193096,NULL
167496,193097,NULL
167497,193098,NULL
167498,193099,NULL
167499,193100,NULL
167500,193101,NULL
167501,193102,NULL
167502,193106,NULL
167503,193107,NULL
167504,193108,NULL
167505,193109,NULL
167506,193110,NULL
167507,193111,NULL
167508,193112,NULL
167509,193113,NULL
167510,193114,NULL
167511,193115,NULL
167512,193116,NULL
167513,193117,NULL
167514,193118,NULL
167515,193119,NULL
167516,193121,NULL
167517,193122,NULL
167518,193123,NULL
167519,193124,NULL
167520,193125,NULL
167521,193126,NULL
167522,193129,NULL
167523,193130,NULL
167524,193131,NULL
167525,193132,NULL
167526,193133,NULL
167527,193135,NULL
167528,193136,NULL
167529,193137,NULL
167530,193139,206017
167531,193140,NULL
167532,193141,NULL
167533,193142,215482
167534,193143,NULL
167535,193145,NULL
167536,193146,NULL
167537,193147,NULL
167538,193148,NULL
167539,193150,NULL
167540,193151,207511
167541,193152,NULL
167542,193153,NULL
167543,193154,NULL
167544,193155,228915
167545,193156,NULL
167546,193157,NULL
167547,193158,NULL
167548,193159,NULL
167549,193160,NULL
167550,193161,NULL
167551,193162,NULL
167552,193163,NULL
167553,193165,NULL
167554,193166,NULL
167555,193168,197969
167556,193169,NULL
167557,193170,NULL
167558,193171,219037
167559,193172,226931
167560,193173,NULL
167561,193175,NULL
167562,193176,NULL
167563,193177,199056
167564,193178,NULL
167565,193180,213551
167566,193181,NULL
167567,193182,NULL
167568,193183,NULL
167569,193184,NULL
167570,193186,NULL
167571,193187,NULL
167572,193189,208803
167573,193190,NULL
167574,193191,NULL
167575,193193,NULL
167576,193194,NULL
167577,193195,NULL
167578,193196,NULL
167579,193197,NULL
167580,193198,NULL
167581,193199,219586
167581,193199,232970
167581,193199,241144
167582,193200,NULL
167583,193201,NULL
167584,193202,NULL
167585,193203,NULL
167586,193204,NULL
167587,193205,NULL
167588,193206,NULL
167589,193207,NULL
167590,193208,NULL
167591,193209,NULL
167592,193210,NULL
167593,193211,NULL
167594,193213,228081
167595,193214,NULL
167596,193215,NULL
167597,193216,NULL
167598,193217,NULL
167599,193220,227128
167599,193220,240668
167599,193220,244468
167600,193223,NULL
167601,193224,NULL
167602,193225,NULL
167603,193226,NULL
167604,193227,NULL
167605,193229,NULL
167606,193230,211462
167606,193230,216109
167606,193230,227414
167607,193231,NULL
167608,193232,NULL
167609,193233,NULL
167610,193234,NULL
167611,193235,NULL
167612,193236,NULL
167613,193237,NULL
167614,193239,NULL
167615,193240,NULL
167616,193241,NULL
167617,193242,NULL
167618,193244,NULL
167619,193246,NULL
167620,193248,NULL
167621,193249,NULL
167622,193250,NULL
167623,193251,NULL
167624,193254,NULL
167625,193255,212828
167626,193256,NULL
167627,193258,NULL
167628,193259,194104
167629,193260,227902
167630,193261,NULL
167631,193262,NULL
167632,193263,NULL
167633,193264,207712
167634,193266,218269
167635,193267,NULL
167636,193268,NULL
167637,193269,NULL
167638,193270,NULL
167639,193271,NULL
167640,193272,NULL
167641,193273,NULL
167642,193274,216708
167643,193275,NULL
167644,193276,NULL
167645,193277,NULL
167646,193278,NULL
167647,193279,NULL
167648,193280,NULL
167649,193281,NULL
167650,193282,NULL
167651,193283,NULL
167652,193284,NULL
167653,193285,219875
167654,193287,NULL
167655,193288,NULL
167656,193289,NULL
167657,193291,NULL
167658,193292,NULL
167659,193293,NULL
167660,193294,NULL
167661,193295,NULL
167662,193296,NULL
167663,193297,NULL
167664,193298,NULL
167665,193299,NULL
167666,193300,NULL
167667,193302,NULL
167668,193303,NULL
167669,193305,224644
167670,193306,NULL
167671,193307,214886
167672,193308,NULL
167673,193310,NULL
167674,193311,NULL
167675,193312,NULL
167676,193313,NULL
167677,193314,NULL
167678,193316,NULL
167679,193317,NULL
167680,193318,216513
167681,193319,NULL
167682,193320,NULL
167683,193322,NULL
167684,193323,228554
167685,193324,NULL
167686,193325,NULL
167687,193327,NULL
167688,193328,NULL
167689,193330,NULL
167690,193331,NULL
167691,193332,NULL
167692,193333,NULL
167693,193335,NULL
167694,193336,NULL
167695,193338,NULL
167696,193339,NULL
167697,193340,NULL
167698,193341,NULL
167699,193343,NULL
167700,193344,NULL
167701,193345,NULL
167702,193346,NULL
167703,193347,NULL
167704,193348,NULL
167705,193349,222492
167706,193350,NULL
167707,193351,NULL
167708,193352,220519
167708,193352,240230
167708,193352,247919
167709,193353,216244
167710,193354,NULL
167711,193355,NULL
167712,193356,NULL
167713,193357,NULL
167714,193358,NULL
167715,193359,NULL
167716,193360,NULL
167717,193361,NULL
167718,193362,NULL
167719,193363,NULL
167720,193365,NULL
167721,193366,NULL
167722,193367,219028
167723,193368,NULL
167724,193370,NULL
167725,193371,NULL
167726,193373,NULL
167727,193374,NULL
167728,193375,NULL
167729,193376,NULL
167730,193377,NULL
167731,193378,NULL
167732,193380,NULL
167733,193381,NULL
167734,193382,NULL
167735,193383,NULL
167736,193384,NULL
167737,193385,NULL
167738,193386,NULL
167739,193387,NULL
167740,193388,NULL
167741,193389,215443
167741,193389,224497
167741,193389,229703
167742,193390,NULL
167743,193391,NULL
167744,193392,NULL
167745,193393,NULL
167746,193394,210361
167747,193395,NULL
167748,193396,NULL
167749,193397,NULL
167750,193398,NULL
167751,193399,NULL
167752,193400,NULL
167753,193401,NULL
167754,193402,NULL
167755,193404,206907
167756,193406,NULL
167757,193407,NULL
167758,193408,NULL
167759,193409,NULL
167760,193411,NULL
167761,193412,NULL
167762,193413,NULL
167763,193414,221870
167763,193414,225362
167763,193414,231439
167764,193415,226728
167765,193416,NULL
167766,193417,NULL
167767,193419,NULL
167768,193420,NULL
167769,193421,213178
167770,193422,NULL
167771,193423,215535
167771,193423,234836
167771,193423,245772
167772,193424,NULL
167773,193426,NULL
167774,193427,NULL
167775,193428,197972
167775,193428,204038
167775,193428,214961
167776,193430,NULL
167777,193431,NULL
167778,193432,NULL
167779,193433,NULL
167780,193434,NULL
167781,193435,NULL
167782,193436,NULL
167783,193437,NULL
167784,193438,NULL
167785,193439,NULL
167786,193440,NULL
167787,193441,NULL
167788,193442,NULL
167789,193443,NULL
167790,193444,212029
167790,193444,227501
167790,193444,233840
167791,193448,206612
167792,193449,NULL
167793,193450,NULL
167794,193451,NULL
167795,193453,NULL
167796,193454,NULL
167797,193455,NULL
167798,193457,NULL
167799,193458,NULL
167800,193460,212341
167800,193460,221672
167800,193460,231365
167801,193462,NULL
167802,193463,NULL
167803,193464,NULL
167804,193465,NULL
167805,193466,NULL
167806,193468,NULL
167807,193469,NULL
167808,193470,NULL
167809,193471,NULL
167810,193472,NULL
167811,193475,NULL
167812,193476,NULL
167813,193477,NULL
167814,193478,NULL
167815,193479,NULL
167816,193480,196840
167817,193482,NULL
167818,193483,207062
167819,193484,NULL
167820,193485,NULL
167821,193486,NULL
167822,193487,204776
167823,193488,NULL
167824,193490,197531
167825,193491,NULL
167826,193492,NULL
167827,193493,198571
167828,193494,NULL
167829,193495,NULL
167830,193496,NULL
167831,193497,NULL
167832,193498,NULL
167833,193499,NULL
167834,193500,NULL
167835,193501,213758
167835,193501,216350
167835,193501,223129
167836,193502,NULL
167837,193504,NULL
167838,193505,NULL
167839,193506,NULL
167840,193508,NULL
167841,193509,NULL
167842,193510,NULL
167843,193511,NULL
167844,193512,NULL
167845,193514,NULL
167846,193516,NULL
167847,193518,NULL
167848,193519,NULL
167849,193520,NULL
167850,193521,201865
167851,193523,213034
167852,193525,NULL
167853,193526,NULL
167854,193528,NULL
167855,193531,NULL
167856,193532,NULL
167857,193533,NULL
167858,193534,NULL
167859,193535,213306
167860,193536,NULL
167861,193538,NULL
167862,193540,NULL
167863,193541,199330
167863,193541,209180
167863,193541,214922
167864,193543,NULL
167865,193544,215413
167866,193545,NULL
167867,193546,NULL
167868,193547,NULL
167869,193549,215769
167870,193550,NULL
167871,193551,NULL
167872,193552,NULL
167873,193553,NULL
167874,193554,NULL
167875,193556,NULL
167876,193557,NULL
167877,193558,NULL
167878,193559,NULL
167879,193560,NULL
167880,193561,204107
167881,193562,NULL
167882,193563,223539
167883,193564,NULL
167884,193565,NULL
167885,193566,NULL
167886,193567,NULL
167887,193570,NULL
167888,193571,211198
167888,193571,218632
167888,193571,230363
167889,193572,NULL
167890,193573,NULL
167891,193574,NULL
167892,193575,NULL
167893,193576,NULL
167894,193577,NULL
167895,193578,NULL
167896,193581,NULL
167897,193582,NULL
167898,193583,NULL
167899,193584,NULL
167900,193585,205134
167901,193586,NULL
167902,193587,NULL
167903,193588,207624
167904,193589,NULL
167905,193590,NULL
167906,193591,NULL
167907,193592,NULL
167908,193593,NULL
167909,193594,214466
167910,193597,218748
167911,193598,NULL
167912,193599,201006
167913,193600,NULL
167914,193601,NULL
167915,193602,NULL
167916,193604,NULL
167917,193606,220250
167918,193607,NULL
167919,193608,NULL
167920,193609,194711
167920,193609,208193
167920,193609,216765
167921,193610,207141
167922,193611,NULL
167923,193612,NULL
167924,193613,NULL
167925,193614,NULL
167926,193615,NULL
167927,193616,NULL
167928,193618,NULL
167929,193620,NULL
167930,193621,216177
167931,193622,NULL
167932,193623,218639
167932,193623,232665
167932,193623,235436
167933,193624,201318
167934,193625,NULL
167935,193627,NULL
167936,193628,NULL
167937,193629,NULL
167938,193630,NULL
167939,193631,209523
167940,193632,196390
167941,193635,NULL
167942,193636,NULL
167943,193637,227513
167943,193637,247167
167943,193637,251629
167944,193638,NULL
167945,193639,NULL
167946,193640,NULL
167947,193641,NULL
167948,193642,NULL
167949,193643,NULL
167950,193644,NULL
167951,193645,NULL
167952,193647,NULL
167953,193648,NULL
167954,193649,206522
167954,193649,206733
167954,193649,218576
167955,193650,222278
167955,193650,233931
167955,193650,237992
167956,193651,224908
167957,193653,NULL
167958,193655,NULL
167959,193657,NULL
167960,193658,NULL
167961,193660,NULL
167962,193661,214775
167963,193662,NULL
167964,193665,NULL
167965,193666,NULL
167966,193667,NULL
167967,193669,NULL
167968,193670,NULL
167969,193671,NULL
167970,193672,NULL
167971,193674,NULL
167972,193675,NULL
167973,193676,NULL
167974,193677,NULL
167975,193678,NULL
167976,193679,NULL
167977,193680,NULL
167978,193681,220442
167979,193682,NULL
167980,193683,206312
167980,193683,219726
167980,193683,224264
167981,193684,NULL
167982,193685,NULL
167983,193686,NULL
167984,193687,NULL
167985,193688,216015
167985,193688,217960
167985,193688,228271
167986,193689,NULL
167987,193690,NULL
167988,193691,NULL
167989,193692,NULL
167990,193693,NULL
167991,193695,NULL
167992,193696,NULL
167993,193697,NULL
167994,193698,NULL
167995,193699,200849
167996,193700,NULL
167997,193701,NULL
167998,193702,NULL
167999,193703,NULL
168000,193704,NULL
168001,193705,NULL
168002,193706,NULL
168003,193708,226041
168004,193709,NULL
168005,193710,NULL
168006,193711,NULL
168007,193713,NULL
168008,193715,NULL
168009,193716,216415
168010,193717,NULL
168011,193718,NULL
168012,193719,NULL
168013,193720,NULL
168014,193721,NULL
168015,193722,NULL
168016,193723,NULL
168017,193724,214144
168018,193725,NULL
168019,193726,NULL
168020,193727,NULL
168021,193728,224853
168021,193728,241873
168021,193728,251315
168022,193729,209842
168022,193729,215590
168022,193729,218581
168023,193730,NULL
168024,193731,219162
168025,193732,NULL
168026,193733,NULL
168027,193734,NULL
168028,193737,NULL
168029,193738,NULL
168030,193739,NULL
168031,193740,NULL
168032,193741,NULL
168033,193742,NULL
168034,193743,NULL
168035,193746,NULL
168036,193747,NULL
168037,193748,NULL
168038,193749,NULL
168039,193750,NULL
168040,193751,NULL
168041,193752,NULL
168042,193754,NULL
168043,193756,NULL
168044,193757,NULL
168045,193759,NULL
168046,193760,218219
168047,193761,NULL
168048,193762,NULL
168049,193763,NULL
168050,193764,NULL
168051,193766,NULL
168052,193767,NULL
168053,193768,NULL
168054,193769,219309
168054,193769,222717
168054,193769,232513
168055,193770,211481
168056,193772,NULL
168057,193773,NULL
168058,193774,NULL
168059,193775,NULL
168060,193776,NULL
168061,193777,NULL
168062,193778,NULL
168063,193780,NULL
168064,193781,220638
168065,193782,NULL
168066,193784,NULL
168067,193785,NULL
168068,193786,NULL
168069,193787,NULL
168070,193791,NULL
168071,193792,209047
168072,193793,NULL
168073,193794,NULL
168074,193796,NULL
168075,193797,NULL
168076,193798,NULL
168077,193799,NULL
168078,193800,NULL
168079,193801,NULL
168080,193803,NULL
168081,193804,NULL
168082,193805,NULL
168083,193806,NULL
168084,193810,NULL
168085,193811,NULL
168086,193812,NULL
168087,193813,NULL
168088,193815,NULL
168089,193816,NULL
168090,193817,NULL
168091,193818,NULL
168092,193820,202766
168093,193821,NULL
168094,193822,NULL
168095,193823,NULL
168096,193824,NULL
168097,193825,NULL
168098,193826,NULL
168099,193827,NULL
168100,193828,NULL
168101,193829,NULL
168102,193830,NULL
168103,193831,NULL
168104,193832,213791
168104,193832,230092
168104,193832,235103
168105,193833,NULL
168106,193834,NULL
168107,193835,NULL
168108,193836,NULL
168109,193838,NULL
168110,193839,NULL
168111,193840,NULL
168112,193841,NULL
168113,193842,NULL
168114,193843,NULL
168115,193844,NULL
168116,193845,NULL
168117,193850,NULL
168118,193851,NULL
168119,193852,202333
168120,193853,NULL
168121,193854,NULL
168122,193855,NULL
168123,193856,NULL
168124,193857,NULL
168125,193858,NULL
168126,193859,NULL
168127,193860,NULL
168128,193861,NULL
168129,193862,NULL
168130,193865,NULL
168131,193866,NULL
168132,193867,NULL
168133,193868,NULL
168134,193869,NULL
168135,193870,NULL
168136,193871,NULL
168137,193873,NULL
168138,193874,NULL
168139,193875,NULL
168140,193876,NULL
168141,193878,NULL
168142,193879,NULL
168143,193880,NULL
168144,193881,NULL
168145,193884,207467
168146,193885,NULL
168147,193886,NULL
168148,193887,NULL
168149,193888,NULL
168150,193889,NULL
168151,193890,NULL
168152,193891,220378
168153,193892,NULL
168154,193894,201958
168155,193895,203774
168156,193896,NULL
168157,193897,NULL
168158,193899,NULL
168159,193900,NULL
168160,193902,NULL
168161,193903,NULL
168162,193904,NULL
168163,193905,NULL
168164,193906,218751
168164,193906,227278
168164,193906,234216
168165,193908,NULL
168166,193909,NULL
168167,193911,227881
168168,193912,208728
168168,193912,222795
168168,193912,235773
168169,193914,NULL
168170,193916,NULL
168171,193917,NULL
168172,193919,NULL
168173,193920,NULL
168174,193922,NULL
168175,193923,NULL
168176,193924,NULL
168177,193925,NULL
168178,193926,NULL
168179,193927,NULL
168180,193929,NULL
168181,193930,NULL
168182,193931,NULL
168183,193933,NULL
168184,193934,NULL
168185,193935,211395
168186,193936,NULL
168187,193937,NULL
168188,193938,NULL
168189,193939,199441
168190,193940,NULL
168191,193941,NULL
168192,193942,NULL
168193,193943,NULL
168194,193944,NULL
168195,193945,NULL
168196,193946,NULL
168197,193947,NULL
168198,193948,194782
168199,193949,NULL
168200,193950,NULL
168201,193951,NULL
168202,193952,NULL
168203,193955,NULL
168204,193956,NULL
168205,193957,NULL
168206,193958,206048
168207,193959,NULL
168208,193960,NULL
168209,193961,215211
168210,193962,220610
168211,193963,NULL
168212,193964,NULL
168213,193965,NULL
168214,193966,NULL
168215,193967,NULL
168216,193968,NULL
168217,193969,194306
168218,193970,200119
168219,193971,NULL
168220,193972,NULL
168221,193973,NULL
168222,193974,NULL
168223,193975,NULL
168224,193977,NULL
168225,193978,NULL
168226,193979,NULL
168227,193980,NULL
168228,193981,NULL
168229,193982,NULL
168230,193983,NULL
168231,193984,NULL
168232,193985,NULL
168233,193986,NULL
168234,193987,NULL
168235,193988,NULL
168236,193989,NULL
168237,193990,NULL
168238,193991,NULL
168239,193992,NULL
168240,193994,NULL
168241,193996,NULL
168242,193997,NULL
168243,193998,NULL
168244,193999,NULL
168245,194000,NULL
168246,194001,NULL
168247,194002,NULL
168248,194003,NULL
168249,194004,NULL
168250,194005,NULL
168251,194006,NULL
168252,194007,NULL
168253,194008,NULL
168254,194009,NULL
168255,194010,NULL
168256,194011,NULL
168257,194012,NULL
168258,194013,NULL
168259,194015,NULL
168260,194016,NULL
168261,194018,214025
168262,194019,221391
168262,194019,226292
168262,194019,235198
168263,194021,NULL
168264,194022,NULL
168265,194023,NULL
168266,194024,NULL
168267,194025,NULL
168268,194026,NULL
168269,194027,NULL
168270,194028,NULL
168271,194029,203910
168272,194030,NULL
168273,194032,NULL
168274,194033,NULL
168275,194034,NULL
168276,194035,NULL
168277,194036,NULL
168278,194038,NULL
168279,194039,226028
168279,194039,247669
168279,194039,259704
168280,194040,198932
168281,194041,NULL
168282,194042,NULL
168283,194045,NULL
168284,194046,NULL
168285,194047,NULL
168286,194049,NULL
168287,194050,NULL
168288,194051,NULL
168289,194053,NULL
168290,194054,203443
168291,194055,NULL
168292,194056,NULL
168293,194057,NULL
168294,194058,NULL
168295,194059,NULL
168296,194060,NULL
168297,194061,NULL
168298,194062,NULL
168299,194064,NULL
168300,194065,NULL
168301,194066,NULL
168302,194067,NULL
168303,194068,NULL
168304,194072,NULL
168305,194073,NULL
168306,194074,NULL
168307,194076,NULL
168308,194077,205320
168308,194077,224172
168308,194077,232207
168309,194078,NULL
168310,194079,NULL
168311,194080,207685
168311,194080,219971
168311,194080,229538
168312,194082,NULL
168313,194083,NULL
168314,194084,NULL
168315,194085,204326
168316,194086,NULL
168317,194087,NULL
168318,194088,NULL
168319,194089,NULL
168320,194090,NULL
168321,194091,214188
168322,194092,NULL
168323,194093,NULL
168324,194094,NULL
168325,194096,NULL
168326,194097,NULL
168327,194099,230168
168328,194100,NULL
168329,194101,NULL
168330,194103,NULL
168331,194105,NULL
168332,194106,NULL
168333,194108,NULL
168334,194109,NULL
168335,194110,NULL
168336,194111,207589
168336,194111,228610
168336,194111,240406
168337,194113,NULL
168338,194114,NULL
168339,194115,NULL
168340,194116,NULL
168341,194117,NULL
168342,194118,NULL
168343,194119,NULL
168344,194120,NULL
168345,194121,199080
168345,194121,211844
168345,194121,221878
168346,194122,NULL
168347,194123,NULL
168348,194124,NULL
168349,194125,NULL
168350,194126,NULL
168351,194127,214278
168351,194127,230378
168351,194127,243613
168352,194128,NULL
168353,194130,NULL
168354,194131,NULL
168355,194132,NULL
168356,194133,NULL
168357,194134,202148
168358,194135,NULL
168359,194136,210297
168360,194137,199448
168361,194138,NULL
168362,194139,NULL
168363,194140,NULL
168364,194141,NULL
168365,194142,NULL
168366,194143,NULL
168367,194144,NULL
168368,194145,NULL
168369,194146,NULL
168370,194147,NULL
168371,194148,NULL
168372,194149,NULL
168373,194151,NULL
168374,194153,NULL
168375,194154,NULL
168376,194156,NULL
168377,194157,NULL
168378,194158,NULL
168379,194162,NULL
168380,194163,NULL
168381,194164,NULL
168382,194165,NULL
168383,194166,NULL
168384,194167,NULL
168385,194168,NULL
168386,194169,NULL
168387,194170,NULL
168388,194171,NULL
168389,194172,NULL
168390,194173,NULL
168391,194174,223532
168392,194175,NULL
168393,194176,NULL
168394,194178,NULL
168395,194179,NULL
168396,194180,NULL
168397,194181,NULL
168398,194182,NULL
168399,194183,NULL
168400,194184,NULL
168401,194185,NULL
168402,194186,NULL
168403,194187,200217
168404,194188,NULL
168405,194189,NULL
168406,194191,NULL
168407,194192,NULL
168408,194193,NULL
168409,194194,NULL
168410,194195,NULL
168411,194196,NULL
168412,194197,229346
168413,194198,NULL
168414,194199,NULL
168415,194200,NULL
168416,194201,NULL
168417,194202,NULL
168418,194204,NULL
168419,194205,NULL
168420,194206,NULL
168421,194207,NULL
168422,194208,NULL
168423,194209,NULL
168424,194210,NULL
168425,194211,NULL
168426,194212,NULL
168427,194213,NULL
168428,194214,NULL
168429,194215,NULL
168430,194216,202656
168431,194217,NULL
168432,194218,NULL
168433,194221,NULL
168434,194222,NULL
168435,194223,NULL
168436,194224,NULL
168437,194226,NULL
168438,194228,NULL
168439,194229,NULL
168440,194230,223158
168440,194230,231459
168440,194230,236126
168441,194231,NULL
168442,194232,NULL
168443,194233,NULL
168444,194234,NULL
168445,194235,NULL
168446,194236,NULL
168447,194237,NULL
168448,194238,NULL
168449,194239,NULL
168450,194240,203880
168451,194241,NULL
168452,194242,NULL
168453,194243,NULL
168454,194244,NULL
168455,194245,NULL
168456,194246,NULL
168457,194247,218047
168458,194248,NULL
168459,194250,NULL
168460,194251,NULL
168461,194252,NULL
168462,194253,NULL
168463,194254,208127
168463,194254,217500
168463,194254,227314
168464,194255,NULL
168465,194256,215856
168466,194257,NULL
168467,194259,230638
168468,194261,NULL
168469,194262,NULL
168470,194263,NULL
168471,194264,NULL
168472,194265,NULL
168473,194266,NULL
168474,194267,NULL
168475,194268,NULL
168476,194269,NULL
168477,194270,NULL
168478,194271,NULL
168479,194272,NULL
168480,194273,NULL
168481,194274,NULL
168482,194275,NULL
168483,194276,NULL
168484,194277,NULL
168485,194278,NULL
168486,194279,NULL
168487,194281,NULL
168488,194282,NULL
168489,194283,NULL
168490,194284,NULL
168491,194285,NULL
168492,194287,NULL
168493,194288,205661
168494,194289,NULL
168495,194290,NULL
168496,194291,NULL
168497,194292,NULL
168498,194293,NULL
168499,194294,NULL
168500,194295,NULL
168501,194296,NULL
168502,194297,NULL
168503,194298,NULL
168504,194299,NULL
168505,194300,NULL
168506,194301,NULL
168507,194302,NULL
168508,194304,NULL
168509,194305,NULL
168510,194307,NULL
168511,194309,NULL
168512,194310,NULL
168513,194311,NULL
168514,194312,NULL
168515,194314,NULL
168516,194317,NULL
168517,194320,NULL
168518,194321,NULL
168519,194322,NULL
168520,194323,NULL
168521,194324,NULL
168522,194325,NULL
168523,194326,NULL
168524,194327,NULL
168525,194328,201103
168525,194328,218643
168525,194328,231374
168526,194329,228378
168526,194329,243028
168526,194329,248627
168527,194330,NULL
168528,194331,NULL
168529,194332,NULL
168530,194333,214314
168531,194334,NULL
168532,194335,NULL
168533,194336,NULL
168534,194337,NULL
168535,194338,NULL
168536,194339,NULL
168537,194340,NULL
168538,194342,200391
168539,194343,NULL
168540,194344,NULL
168541,194347,NULL
168542,194348,NULL
168543,194349,NULL
168544,194350,NULL
168545,194351,NULL
168546,194352,NULL
168547,194355,202931
168548,194356,NULL
168549,194357,NULL
168550,194358,NULL
168551,194359,221923
168551,194359,227800
168551,194359,232614
168552,194360,NULL
168553,194362,220363
168554,194363,217430
168555,194364,NULL
168556,194365,NULL
168557,194366,NULL
168558,194367,NULL
168559,194368,NULL
168560,194369,NULL
168561,194370,NULL
168562,194371,NULL
168563,194372,NULL
168564,194374,NULL
168565,194375,NULL
168566,194376,NULL
168567,194377,NULL
168568,194378,NULL
168569,194379,NULL
168570,194380,218341
168570,194380,236709
168570,194380,247422
168571,194381,NULL
168572,194382,NULL
168573,194383,NULL
168574,194384,NULL
168575,194385,NULL
168576,194386,212741
168576,194386,230525
168576,194386,236214
168577,194387,NULL
168578,194388,NULL
168579,194389,201951
168579,194389,210501
168579,194389,213807
168580,194390,NULL
168581,194391,NULL
168582,194392,NULL
168583,194393,NULL
168584,194394,NULL
168585,194395,NULL
168586,194396,NULL
168587,194397,NULL
168588,194398,217599
168589,194399,NULL
168590,194400,NULL
168591,194401,NULL
168592,194402,NULL
168593,194403,NULL
168594,194404,NULL
168595,194405,NULL
168596,194406,NULL
168597,194407,NULL
168598,194408,NULL
168599,194409,207323
168599,194409,213949
168599,194409,220809
168600,194411,NULL
168601,194412,NULL
168602,194413,NULL
168603,194414,NULL
168604,194415,NULL
168605,194416,NULL
168606,194417,NULL
168607,194419,NULL
168608,194420,NULL
168609,194422,NULL
168610,194423,225855
168611,194424,NULL
168612,194425,NULL
168613,194426,NULL
168614,194428,NULL
168615,194429,NULL
168616,194430,NULL
168617,194431,NULL
168618,194432,NULL
168619,194433,NULL
168620,194434,NULL
168621,194435,205373
168622,194436,NULL
168623,194437,NULL
168624,194439,NULL
168625,194440,NULL
168626,194441,211071
168627,194442,NULL
168628,194443,211483
168629,194444,NULL
168630,194445,227673
168630,194445,244337
168630,194445,246737
168631,194446,NULL
168632,194447,225307
168633,194448,NULL
168634,194449,NULL
168635,194450,NULL
168636,194451,200050
168637,194452,NULL
168638,194453,NULL
168639,194454,NULL
168640,194455,NULL
168641,194456,NULL
168642,194458,NULL
168643,194459,206375
168644,194460,NULL
168645,194461,NULL
168646,194462,NULL
168647,194464,NULL
168648,194465,223326
168649,194466,NULL
168650,194467,NULL
168651,194468,NULL
168652,194469,213402
168653,194470,NULL
168654,194471,228720
168655,194474,NULL
168656,194475,NULL
168657,194476,NULL
168658,194477,230020
168659,194478,NULL
168660,194480,NULL
168661,194482,NULL
168662,194483,NULL
168663,194485,NULL
168664,194486,NULL
168665,194487,NULL
168666,194488,NULL
168667,194489,NULL
168668,194490,NULL
168669,194491,NULL
168670,194492,NULL
168671,194493,NULL
168672,194494,NULL
168673,194495,NULL
168674,194496,NULL
168675,194497,NULL
168676,194498,231422
168677,194499,NULL
168678,194500,NULL
168679,194501,NULL
168680,194502,NULL
168681,194503,222983
168682,194504,NULL
168683,194505,NULL
168684,194507,NULL
168685,194508,NULL
168686,194510,NULL
168687,194511,NULL
168688,194512,NULL
168689,194513,NULL
168690,194514,NULL
168691,194515,NULL
168692,194516,NULL
168693,194517,208437
168694,194518,NULL
168695,194519,NULL
168696,194520,NULL
168697,194521,NULL
168698,194522,NULL
168699,194524,NULL
168700,194525,NULL
168701,194526,NULL
168702,194527,NULL
168703,194528,217352
168704,194529,NULL
168705,194530,NULL
168706,194531,NULL
168707,194532,NULL
168708,194533,NULL
168709,194534,NULL
168710,194535,200430
168711,194537,NULL
168712,194538,NULL
168713,194539,NULL
168714,194540,NULL
168715,194541,NULL
168716,194542,NULL
168717,194544,NULL
168718,194545,NULL
168719,194546,NULL
168720,194547,NULL
168721,194548,NULL
168722,194549,219266
168722,194549,236269
168722,194549,243010
168723,194550,NULL
168724,194551,NULL
168725,194552,NULL
168726,194553,NULL
168727,194554,NULL
168728,194555,NULL
168729,194556,NULL
168730,194557,NULL
168731,194558,NULL
168732,194560,NULL
168733,194561,NULL
168734,194562,NULL
168735,194563,NULL
168736,194564,NULL
168737,194565,NULL
168738,194566,NULL
168739,194567,NULL
168740,194568,NULL
168741,194570,NULL
168742,194571,221318
168743,194572,NULL
168744,194573,NULL
168745,194574,NULL
168746,194575,NULL
168747,194576,NULL
168748,194579,NULL
168749,194580,NULL
168750,194581,NULL
168751,194582,NULL
168752,194583,NULL
168753,194585,NULL
168754,194586,NULL
168755,194587,NULL
168756,194588,213430
168757,194589,227089
168757,194589,242558
168757,194589,247169
168758,194590,NULL
168759,194591,NULL
168760,194592,NULL
168761,194594,NULL
168762,194595,227311
168763,194597,NULL
168764,194598,NULL
168765,194599,215861
168765,194599,234673
168765,194599,243064
168766,194600,NULL
168767,194601,NULL
168768,194602,NULL
168769,194604,NULL
168770,194605,NULL
168771,194606,NULL
168772,194607,NULL
168773,194608,NULL
168774,194609,216746
168774,194609,222739
168774,194609,231405
168775,194610,NULL
168776,194611,NULL
168777,194612,NULL
168778,194613,NULL
168779,194614,NULL
168780,194615,NULL
168781,194616,216589
168782,194617,NULL
168783,194618,NULL
168784,194619,NULL
168785,194620,224520
168786,194621,206727
168787,194622,205765
168787,194622,218588
168787,194622,227824
168788,194623,NULL
168789,194624,NULL
168790,194625,NULL
168791,194626,NULL
168792,194627,NULL
168793,194629,NULL
168794,194630,209116
168795,194631,NULL
168796,194632,NULL
168797,194633,NULL
168798,194634,NULL
168799,194635,NULL
168800,194636,NULL
168801,194637,NULL
168802,194638,NULL
168803,194639,NULL
168804,194640,227895
168805,194641,NULL
168806,194642,NULL
168807,194644,202920
168808,194645,NULL
168809,194646,NULL
168810,194647,NULL
168811,194649,220113
168812,194650,NULL
168813,194651,223906
168813,194651,228663
168813,194651,240195
168814,194652,NULL
168815,194653,NULL
168816,194654,NULL
168817,194655,NULL
168818,194656,222250
168819,194659,NULL
168820,194660,NULL
168821,194661,NULL
168822,194662,NULL
168823,194663,NULL
168824,194664,NULL
168825,194665,NULL
168826,194666,NULL
168827,194668,203040
168828,194671,NULL
168829,194672,202529
168830,194673,NULL
168831,194674,NULL
168832,194675,NULL
168833,194676,NULL
168834,194677,NULL
168835,194678,NULL
168836,194679,NULL
168837,194680,NULL
168838,194681,NULL
168839,194682,NULL
168840,194683,NULL
168841,194685,NULL
168842,194686,NULL
168843,194687,215823
168844,194688,NULL
168845,194689,NULL
168846,194691,NULL
168847,194692,216020
168848,194694,230648
168849,194695,NULL
168850,194696,NULL
168851,194697,NULL
168852,194698,NULL
168853,194699,NULL
168854,194700,NULL
168855,194701,NULL
168856,194704,NULL
168857,194705,NULL
168858,194706,225763
168859,194707,224192
168859,194707,233073
168859,194707,246349
168860,194708,231674
168861,194709,NULL
168862,194712,NULL
168863,194713,NULL
168864,194714,NULL
168865,194715,205395
168866,194716,NULL
168867,194717,NULL
168868,194718,NULL
168869,194719,NULL
168870,194720,NULL
168871,194721,NULL
168872,194722,NULL
168873,194723,NULL
168874,194724,NULL
168875,194725,NULL
168876,194726,228604
168877,194727,NULL
168878,194728,227543
168879,194729,NULL
168880,194730,NULL
168881,194731,NULL
168882,194732,NULL
168883,194733,NULL
168884,194734,NULL
168885,194735,NULL
168886,194736,225650
168887,194737,NULL
168888,194738,224578
168889,194739,214106
168890,194740,217112
168890,194740,224084
168890,194740,233748
168891,194741,NULL
168892,194743,213768
168893,194744,226617
168894,194745,229813
168895,194746,218157
168895,194746,227432
168895,194746,229848
168896,194747,NULL
168897,194748,NULL
168898,194749,NULL
168899,194750,NULL
168900,194751,NULL
168901,194752,NULL
168902,194753,NULL
168903,194755,NULL
168904,194756,215647
168905,194757,NULL
168906,194758,NULL
168907,194759,NULL
168908,194761,NULL
168909,194762,NULL
168910,194763,232158
168911,194765,NULL
168912,194766,220124
168913,194767,NULL
168914,194768,NULL
168915,194770,228805
168916,194771,NULL
168917,194774,NULL
168918,194775,NULL
168919,194776,NULL
168920,194777,NULL
168921,194778,NULL
168922,194779,216707
168923,194780,NULL
168924,194783,NULL
168925,194784,NULL
168926,194785,NULL
168927,194786,NULL
168928,194788,NULL
168929,194789,NULL
168930,194790,NULL
168931,194791,NULL
168932,194792,NULL
168933,194793,NULL
168934,194794,NULL
168935,194795,NULL
168936,194796,NULL
168937,194797,NULL
168938,194798,200356
168939,194799,NULL
168940,194800,NULL
168941,194801,NULL
168942,194802,NULL
168943,194804,NULL
168944,194805,NULL
168945,194806,NULL
168946,194807,NULL
168947,194809,NULL
168948,194810,221390
168949,194811,NULL
168950,194812,NULL
168951,194813,NULL
168952,194814,NULL
168953,194817,NULL
168954,194819,NULL
168955,194820,NULL
168956,194821,NULL
168957,194822,217890
168958,194825,NULL
168959,194827,NULL
168960,194828,NULL
168961,194829,NULL
168962,194830,NULL
168963,194831,NULL
168964,194832,NULL
168965,194833,NULL
168966,194834,NULL
168967,194835,NULL
168968,194836,NULL
168969,194837,NULL
168970,194838,NULL
168971,194839,NULL
168972,194840,NULL
168973,194841,NULL
168974,194842,NULL
168975,194843,NULL
168976,194844,205694
168977,194845,NULL
168978,194847,NULL
168979,194848,NULL
168980,194849,NULL
168981,194850,NULL
168982,194851,NULL
168983,194852,NULL
168984,194854,NULL
168985,194855,NULL
168986,194856,NULL
168987,194857,214838
168988,194858,NULL
168989,194859,NULL
168990,194860,206712
168990,194860,222891
168990,194860,227583
168991,194861,NULL
168992,194862,NULL
168993,194863,NULL
168994,194864,231455
168994,194864,237435
168994,194864,251307
168995,194865,NULL
168996,194866,NULL
168997,194867,NULL
168998,194868,NULL
168999,194869,NULL
169000,194870,NULL
169001,194871,NULL
169002,194872,NULL
169003,194873,NULL
169004,194874,NULL
169005,194875,NULL
169006,194876,NULL
169007,194877,NULL
169008,194878,NULL
169009,194879,NULL
169010,194880,NULL
169011,194881,NULL
169012,194882,NULL
169013,194883,NULL
169014,194884,NULL
169015,194885,NULL
169016,194886,NULL
169017,194887,NULL
169018,194888,NULL
169019,194889,200606
169020,194890,NULL
169021,194891,NULL
169022,194892,NULL
169023,194893,NULL
169024,194894,NULL
169025,194895,230277
169026,194896,NULL
169027,194897,NULL
169028,194899,NULL
169029,194902,NULL
169030,194903,NULL
169031,194905,NULL
169032,194906,219259
169033,194907,NULL
169034,194909,NULL
169035,194910,NULL
169036,194911,NULL
169037,194913,NULL
169038,194914,NULL
169039,194915,NULL
169040,194916,NULL
169041,194917,NULL
169042,194918,NULL
169043,194919,NULL
169044,194920,NULL
169045,194922,218968
169046,194924,NULL
169047,194925,NULL
169048,194926,NULL
169049,194928,NULL
169050,194929,NULL
169051,194930,NULL
169052,194931,NULL
169053,194932,NULL
169054,194933,NULL
169055,194934,NULL
169056,194935,NULL
169057,194936,203455
169057,194936,218832
169057,194936,222152
169058,194937,NULL
169059,194938,NULL
169060,194939,NULL
169061,194940,NULL
169062,194941,NULL
169063,194942,NULL
169064,194943,NULL
169065,194944,NULL
169066,194945,NULL
169067,194946,NULL
169068,194947,NULL
169069,194948,NULL
169070,194949,NULL
169071,194950,228104
169072,194951,NULL
169073,194952,NULL
169074,194953,228400
169075,194955,NULL
169076,194956,201541
169077,194957,NULL
169078,194958,NULL
169079,194959,NULL
169080,194961,204665
169080,194961,214365
169080,194961,215519
169081,194963,NULL
169082,194964,211679
169083,194965,205443
169084,194966,NULL
169085,194967,224026
169086,194970,NULL
169087,194971,NULL
169088,194972,NULL
169089,194973,NULL
169090,194975,227784
169090,194975,248426
169090,194975,257288
169091,194977,205033
169092,194978,NULL
169093,194979,NULL
169094,194980,NULL
169095,194981,NULL
169096,194982,NULL
169097,194983,NULL
169098,194984,NULL
169099,194985,232918
169100,194986,NULL
169101,194987,216059
169102,194988,NULL
169103,194989,NULL
169104,194990,NULL
169105,194991,NULL
169106,194992,NULL
169107,194993,NULL
169108,194994,NULL
169109,194995,NULL
169110,194996,NULL
169111,194997,NULL
169112,194998,224820
169113,194999,NULL
169114,195000,227520
169115,195001,NULL
169116,195002,NULL
169117,195004,200982
169118,195005,NULL
169119,195006,NULL
169120,195007,NULL
169121,195008,NULL
169122,195009,NULL
169123,195010,NULL
169124,195011,NULL
169125,195012,NULL
169126,195013,NULL
169127,195014,NULL
169128,195015,NULL
169129,195016,NULL
169130,195017,NULL
169131,195018,NULL
169132,195019,NULL
169133,195020,NULL
169134,195021,NULL
169135,195022,NULL
169136,195023,NULL
169137,195024,NULL
169138,195025,NULL
169139,195026,218923
169140,195027,NULL
169141,195028,NULL
169142,195029,NULL
169143,195030,NULL
169144,195031,NULL
169145,195032,NULL
169146,195033,220230
169147,195034,NULL
169148,195035,199934
169149,195036,NULL
169150,195037,NULL
169151,195038,NULL
169152,195039,NULL
169153,195040,213584
169154,195041,NULL
169155,195042,NULL
169156,195043,NULL
169157,195045,200094
169158,195046,NULL
169159,195047,NULL
169160,195048,NULL
169161,195049,NULL
169162,195050,NULL
169163,195051,NULL
169164,195052,NULL
169165,195053,216820
169166,195054,NULL
169167,195055,NULL
169168,195056,NULL
169169,195057,NULL
169170,195058,NULL
169171,195060,NULL
169172,195061,NULL
169173,195062,NULL
169174,195063,NULL
169175,195064,NULL
169176,195066,231820
169176,195066,235624
169176,195066,246984
169177,195067,NULL
169178,195068,NULL
169179,195069,225980
169179,195069,244413
169179,195069,255417
169180,195070,NULL
169181,195071,NULL
169182,195072,NULL
169183,195073,220222
169184,195074,NULL
169185,195075,NULL
169186,195076,NULL
169187,195077,NULL
169188,195079,NULL
169189,195081,NULL
169190,195082,NULL
169191,195083,NULL
169192,195084,NULL
169193,195085,NULL
169194,195086,NULL
169195,195087,232244
169196,195088,NULL
169197,195089,NULL
169198,195090,NULL
169199,195091,NULL
169200,195093,NULL
169201,195094,NULL
169202,195095,NULL
169203,195096,NULL
169204,195097,NULL
169205,195098,NULL
169206,195099,205002
169206,195099,214678
169206,195099,222460
169207,195100,NULL
169208,195101,NULL
169209,195102,NULL
169210,195103,NULL
169211,195104,213239
169212,195105,NULL
169213,195106,NULL
169214,195107,NULL
169215,195109,225331
169215,195109,233821
169215,195109,242261
169216,195110,NULL
169217,195111,NULL
169218,195112,NULL
169219,195113,NULL
169220,195115,NULL
169221,195117,NULL
169222,195118,NULL
169223,195119,NULL
169224,195120,NULL
169225,195121,NULL
169226,195122,NULL
169227,195123,NULL
169228,195124,NULL
169229,195125,NULL
169230,195127,NULL
169231,195128,213417
169232,195129,225009
169232,195129,246809
169232,195129,254663
169233,195130,NULL
169234,195131,223781
169235,195132,NULL
169236,195133,NULL
169237,195134,NULL
169238,195135,NULL
169239,195136,NULL
169240,195137,220299
169241,195140,NULL
169242,195141,NULL
169243,195142,NULL
169244,195143,217204
169245,195145,NULL
169246,195146,NULL
169247,195147,NULL
169248,195148,NULL
169249,195150,NULL
169250,195152,220916
169251,195153,NULL
169252,195154,NULL
169253,195155,NULL
169254,195156,211869
169254,195156,220975
169254,195156,226553
169255,195157,228133
169256,195158,NULL
169257,195160,NULL
169258,195161,NULL
169259,195162,NULL
169260,195163,NULL
169261,195164,NULL
169262,195165,207136
169263,195166,NULL
169264,195167,NULL
169265,195168,NULL
169266,195169,NULL
169267,195171,NULL
169268,195172,NULL
169269,195173,NULL
169270,195174,NULL
169271,195175,NULL
169272,195176,NULL
169273,195178,NULL
169274,195180,NULL
169275,195181,NULL
169276,195183,NULL
169277,195184,223480
169278,195186,NULL
169279,195189,NULL
169280,195191,201864
169281,195194,NULL
169282,195196,NULL
169283,195197,NULL
169284,195198,NULL
169285,195199,NULL
169286,195200,NULL
169287,195201,NULL
169288,195202,NULL
169289,195203,NULL
169290,195205,216504
169291,195206,NULL
169292,195207,NULL
169293,195208,NULL
169294,195209,NULL
169295,195210,NULL
169296,195212,NULL
169297,195213,NULL
169298,195214,NULL
169299,195215,NULL
169300,195216,228789
169301,195217,NULL
169302,195218,NULL
169303,195219,NULL
169304,195220,NULL
169305,195221,NULL
169306,195223,NULL
169307,195226,NULL
169308,195227,226325
169309,195228,NULL
169310,195229,NULL
169311,195230,NULL
169312,195231,NULL
169313,195232,NULL
169314,195233,NULL
169315,195234,NULL
169316,195235,NULL
169317,195236,NULL
169318,195238,NULL
169319,195239,213336
169320,195240,NULL
169321,195242,NULL
169322,195244,NULL
169323,195245,NULL
169324,195247,NULL
169325,195248,NULL
169326,195249,NULL
169327,195250,NULL
169328,195251,NULL
169329,195252,NULL
169330,195253,209391
169331,195254,NULL
169332,195255,NULL
169333,195256,NULL
169334,195257,NULL
169335,195258,225948
169336,195259,NULL
169337,195260,NULL
169338,195261,NULL
169339,195262,NULL
169340,195263,206460
169341,195264,NULL
169342,195265,NULL
169343,195266,NULL
169344,195268,201810
169344,195268,218239
169344,195268,223896
169345,195269,NULL
169346,195270,NULL
169347,195271,NULL
169348,195272,NULL
169349,195273,NULL
169350,195274,NULL
169351,195275,NULL
169352,195276,225879
169353,195277,NULL
169354,195278,NULL
169355,195279,NULL
169356,195280,199675
169356,195280,215724
169356,195280,226307
169357,195281,220558
169358,195282,200662
169359,195283,NULL
169360,195284,NULL
169361,195285,NULL
169362,195286,NULL
169363,195287,NULL
169364,195288,NULL
169365,195289,221418
169365,195289,244783
169365,195289,246038
169366,195290,NULL
169367,195291,NULL
169368,195292,NULL
169369,195293,NULL
169370,195295,NULL
169371,195296,NULL
169372,195297,NULL
169373,195298,NULL
169374,195299,NULL
169375,195300,NULL
169376,195301,NULL
169377,195302,NULL
169378,195303,NULL
169379,195304,NULL
169380,195305,NULL
169381,195306,NULL
169382,195307,NULL
169383,195308,NULL
169384,195310,207406
169384,195310,213356
169384,195310,216299
169385,195311,NULL
169386,195312,NULL
169387,195313,NULL
169388,195314,NULL
169389,195315,NULL
169390,195316,NULL
169391,195318,NULL
169392,195319,NULL
169393,195320,NULL
169394,195321,NULL
169395,195322,NULL
169396,195323,NULL
169397,195324,NULL
169398,195325,NULL
169399,195326,NULL
169400,195328,NULL
169401,195329,228888
169401,195329,247659
169401,195329,249898
169402,195330,NULL
169403,195331,NULL
169404,195332,212226
169405,195335,NULL
169406,195336,NULL
169407,195338,NULL
169408,195339,NULL
169409,195340,NULL
169410,195341,NULL
169411,195342,NULL
169412,195344,210524
169413,195345,NULL
169414,195346,NULL
169415,195347,NULL
169416,195349,NULL
169417,195351,NULL
169418,195352,NULL
169419,195353,NULL
169420,195354,NULL
169421,195355,NULL
169422,195357,NULL
169423,195358,NULL
169424,195359,NULL
169425,195360,NULL
169426,195361,223291
169427,195362,NULL
169428,195363,199743
169429,195364,NULL
169430,195365,NULL
169431,195366,NULL
169432,195367,NULL
169433,195368,219535
169434,195370,NULL
169435,195371,213618
169436,195372,207710
169437,195373,NULL
169438,195374,NULL
169439,195375,NULL
169440,195376,NULL
169441,195377,NULL
169442,195378,NULL
169443,195379,227613
169444,195380,NULL
169445,195381,NULL
169446,195382,198989
169447,195383,NULL
169448,195384,NULL
169449,195385,NULL
169450,195386,NULL
169451,195387,NULL
169452,195389,NULL
169453,195390,NULL
169454,195391,NULL
169455,195392,NULL
169456,195393,224944
169457,195394,NULL
169458,195395,NULL
169459,195396,NULL
169460,195397,NULL
169461,195398,NULL
169462,195399,202725
169463,195400,NULL
169464,195401,NULL
169465,195402,NULL
169466,195403,NULL
169467,195405,228018
169468,195406,NULL
169469,195407,NULL
169470,195409,NULL
169471,195410,NULL
169472,195411,NULL
169473,195412,NULL
169474,195413,NULL
169475,195414,NULL
169476,195415,NULL
169477,195416,NULL
169478,195417,NULL
169479,195418,NULL
169480,195419,NULL
169481,195420,NULL
169482,195421,NULL
169483,195422,NULL
169484,195423,NULL
169485,195425,NULL
169486,195426,NULL
169487,195427,215199
169487,195427,236207
169487,195427,244773
169488,195428,NULL
169489,195429,NULL
169490,195430,NULL
169491,195431,NULL
169492,195432,NULL
169493,195433,NULL
169494,195435,NULL
169495,195436,NULL
169496,195437,216289
169497,195439,NULL
169498,195440,NULL
169499,195441,NULL
169500,195442,NULL
169501,195443,NULL
169502,195444,NULL
169503,195445,214357
169503,195445,226416
169503,195445,239589
169504,195447,NULL
169505,195448,NULL
169506,195449,215363
169507,195450,NULL
169508,195451,NULL
169509,195452,229101
169510,195453,NULL
169511,195454,NULL
169512,195455,NULL
169513,195456,NULL
169514,195457,228994
169515,195458,NULL
169516,195459,NULL
169517,195460,NULL
169518,195461,NULL
169519,195462,NULL
169520,195464,NULL
169521,195465,NULL
169522,195466,NULL
169523,195468,NULL
169524,195469,NULL
169525,195470,NULL
169526,195471,NULL
169527,195472,NULL
169528,195473,221518
169528,195473,233726
169528,195473,241490
169529,195474,205737
169530,195475,NULL
169531,195476,213848
169531,195476,219196
169531,195476,230570
169532,195477,NULL
169533,195478,NULL
169534,195480,NULL
169535,195483,NULL
169536,195484,NULL
169537,195486,NULL
169538,195487,207143
169539,195488,NULL
169540,195489,NULL
169541,195490,NULL
169542,195491,NULL
169543,195492,225264
169544,195494,209009
169545,195495,NULL
169546,195496,NULL
169547,195497,NULL
169548,195498,213539
169548,195498,228365
169548,195498,234071
169549,195500,215999
169550,195501,NULL
169551,195502,NULL
169552,195504,232282
169552,195504,251835
169552,195504,258301
169553,195505,211477
169554,195506,NULL
169555,195507,NULL
169556,195508,NULL
169557,195509,215858
169558,195510,NULL
169559,195512,NULL
169560,195513,NULL
169561,195514,NULL
169562,195515,NULL
169563,195516,224227
169564,195517,NULL
169565,195518,NULL
169566,195519,NULL
169567,195520,NULL
169568,195521,NULL
169569,195522,NULL
169570,195523,207809
169571,195524,NULL
169572,195525,NULL
169573,195527,NULL
169574,195528,NULL
169575,195529,NULL
169576,195530,NULL
169577,195531,NULL
169578,195534,NULL
169579,195535,NULL
169580,195536,NULL
169581,195537,NULL
169582,195538,NULL
169583,195539,NULL
169584,195540,NULL
169585,195541,NULL
169586,195542,203317
169586,195542,212231
169586,195542,219836
169587,195543,NULL
169588,195544,NULL
169589,195545,208153
169589,195545,216062
169589,195545,224390
169590,195546,221432
169591,195550,NULL
169592,195551,NULL
169593,195552,NULL
169594,195553,212855
169594,195553,232888
169594,195553,244040
169595,195555,NULL
169596,195556,NULL
169597,195557,NULL
169598,195559,NULL
169599,195560,NULL
169600,195561,NULL
169601,195562,NULL
169602,195564,223626
169602,195564,229042
169602,195564,240573
169603,195565,NULL
169604,195567,NULL
169605,195568,NULL
169606,195569,207140
169606,195569,225758
169606,195569,230161
169607,195570,NULL
169608,195572,NULL
169609,195573,NULL
169610,195574,NULL
169611,195575,NULL
169612,195576,NULL
169613,195577,NULL
169614,195578,NULL
169615,195579,212814
169616,195580,NULL
169617,195581,NULL
169618,195582,NULL
169619,195583,NULL
169620,195584,NULL
169621,195586,NULL
169622,195587,NULL
169623,195588,NULL
169624,195589,NULL
169625,195590,NULL
169626,195591,NULL
169627,195592,NULL
169628,195593,216397
169629,195594,NULL
169630,195595,NULL
169631,195596,NULL
169632,195597,213938
169633,195599,NULL
169634,195600,NULL
169635,195601,NULL
169636,195602,NULL
169637,195603,NULL
169638,195604,202611
169638,195604,206642
169638,195604,213977
169639,195605,NULL
169640,195606,NULL
169641,195607,NULL
169642,195608,NULL
169643,195609,NULL
169644,195611,NULL
169645,195612,NULL
169646,195613,NULL
169647,195614,NULL
169648,195615,NULL
169649,195616,NULL
169650,195617,NULL
169651,195618,NULL
169652,195619,NULL
169653,195620,NULL
169654,195621,NULL
169655,195622,213721
169655,195622,227687
169655,195622,237182
169656,195623,NULL
169657,195625,NULL
169658,195626,NULL
169659,195627,NULL
169660,195628,NULL
169661,195629,NULL
169662,195630,NULL
169663,195631,NULL
169664,195632,NULL
169665,195633,NULL
169666,195635,227972
169666,195635,242225
169666,195635,247089
169667,195636,200410
169667,195636,208503
169667,195636,220098
169668,195637,NULL
169669,195638,211941
169670,195640,NULL
169671,195641,NULL
169672,195643,NULL
169673,195644,NULL
169674,195645,NULL
169675,195646,NULL
169676,195647,210652
169677,195648,NULL
169678,195651,NULL
169679,195652,NULL
169680,195653,NULL
169681,195654,203549
169681,195654,216704
169681,195654,219911
169682,195655,NULL
169683,195656,NULL
169684,195657,NULL
169685,195658,226975
169685,195658,238434
169685,195658,241746
169686,195659,NULL
169687,195660,NULL
169688,195661,NULL
169689,195662,NULL
169690,195663,NULL
169691,195665,NULL
169692,195666,216267
169692,195666,221760
169692,195666,235376
169693,195667,NULL
169694,195668,204597
169695,195669,NULL
169696,195670,NULL
169697,195671,NULL
169698,195672,206736
169698,195672,219373
169698,195672,224712
169699,195673,NULL
169700,195674,NULL
169701,195675,NULL
169702,195676,NULL
169703,195679,NULL
169704,195680,NULL
169705,195681,NULL
169706,195682,NULL
169707,195683,NULL
169708,195684,NULL
169709,195686,NULL
169710,195687,NULL
169711,195688,NULL
169712,195689,206967
169713,195690,NULL
169714,195691,206624
169715,195692,NULL
169716,195694,NULL
169717,195695,NULL
169718,195696,NULL
169719,195697,NULL
169720,195698,NULL
169721,195699,NULL
169722,195700,NULL
169723,195703,NULL
169724,195704,202188
169725,195706,NULL
169726,195707,NULL
169727,195708,232320
169727,195708,249814
169727,195708,262438
169728,195710,NULL
169729,195711,NULL
169730,195713,NULL
169731,195715,NULL
169732,195716,NULL
169733,195717,NULL
169734,195719,NULL
169735,195720,NULL
169736,195721,NULL
169737,195722,NULL
169738,195723,NULL
169739,195724,NULL
169740,195726,NULL
169741,195727,NULL
169742,195728,213115
169743,195730,NULL
169744,195731,207836
169745,195732,NULL
169746,195733,NULL
169747,195734,NULL
169748,195735,NULL
169749,195736,NULL
169750,195738,NULL
169751,195739,NULL
169752,195740,NULL
169753,195741,NULL
169754,195742,222067
169755,195743,NULL
169756,195745,NULL
169757,195746,NULL
169758,195747,NULL
169759,195749,NULL
169760,195750,NULL
169761,195751,NULL
169762,195752,NULL
169763,195753,NULL
169764,195754,NULL
169765,195755,NULL
169766,195756,211943
169767,195757,199163
169768,195758,NULL
169769,195759,NULL
169770,195760,219551
169771,195761,NULL
169772,195762,NULL
169773,195763,NULL
169774,195764,223234
169775,195765,203682
169775,195765,220367
169775,195765,226700
169776,195766,NULL
169777,195768,NULL
169778,195769,NULL
169779,195770,NULL
169780,195771,219012
169781,195772,NULL
169782,195773,NULL
169783,195774,NULL
169784,195775,NULL
169785,195776,NULL
169786,195777,NULL
169787,195778,NULL
169788,195779,NULL
169789,195780,NULL
169790,195781,227708
169791,195782,NULL
169792,195783,226483
169793,195784,NULL
169794,195786,NULL
169795,195787,NULL
169796,195788,NULL
169797,195789,NULL
169798,195790,NULL
169799,195791,NULL
169800,195792,NULL
169801,195793,NULL
169802,195795,NULL
169803,195797,NULL
169804,195798,NULL
169805,195800,NULL
169806,195801,NULL
169807,195802,NULL
169808,195803,220259
169809,195804,NULL
169810,195806,NULL
169811,195807,NULL
169812,195808,NULL
169813,195809,221488
169814,195810,NULL
169815,195811,NULL
169816,195812,NULL
169817,195815,NULL
169818,195816,NULL
169819,195817,NULL
169820,195818,NULL
169821,195819,NULL
169822,195820,NULL
169823,195822,NULL
169824,195823,NULL
169825,195824,219799
169825,195824,234427
169825,195824,248959
169826,195825,NULL
169827,195826,212513
169828,195828,NULL
169829,195829,NULL
169830,195830,NULL
169831,195832,NULL
169832,195834,NULL
169833,195835,NULL
169834,195836,NULL
169835,195837,NULL
169836,195838,NULL
169837,195840,219928
169837,195840,236438
169837,195840,243736
169838,195842,NULL
169839,195843,NULL
169840,195844,NULL
169841,195845,NULL
169842,195846,NULL
169843,195847,NULL
169844,195848,NULL
169845,195850,NULL
169846,195852,NULL
169847,195853,NULL
169848,195854,NULL
169849,195855,NULL
169850,195856,NULL
169851,195857,NULL
169852,195858,NULL
169853,195860,NULL
169854,195862,209738
169855,195864,NULL
169856,195865,NULL
169857,195867,NULL
169858,195868,NULL
169859,195870,NULL
169860,195871,NULL
169861,195872,NULL
169862,195873,NULL
169863,195874,225734
169864,195875,206729
169864,195875,227753
169864,195875,233342
169865,195876,NULL
169866,195877,NULL
169867,195879,NULL
169868,195880,NULL
169869,195881,NULL
169870,195882,232679
169871,195883,224913
169871,195883,239768
169871,195883,247203
169872,195884,NULL
169873,195885,NULL
169874,195887,NULL
169875,195888,204280
169876,195889,NULL
169877,195890,NULL
169878,195891,224452
169878,195891,240657
169878,195891,252315
169879,195892,NULL
169880,195893,NULL
169881,195894,NULL
169882,195895,204937
169882,195895,221192
169882,195895,228530
169883,195896,213219
169884,195897,215687
169885,195898,203207
169886,195899,NULL
169887,195900,NULL
169888,195901,NULL
169889,195902,NULL
169890,195904,NULL
169891,195905,NULL
169892,195906,NULL
169893,195907,NULL
169894,195909,NULL
169895,195910,222647
169896,195911,NULL
169897,195912,NULL
169898,195913,NULL
169899,195914,NULL
169900,195915,NULL
169901,195916,NULL
169902,195917,NULL
169903,195918,216963
169904,195919,NULL
169905,195920,NULL
169906,195921,NULL
169907,195922,210112
169908,195923,NULL
169909,195924,NULL
169910,195925,NULL
169911,195926,NULL
169912,195927,NULL
169913,195928,NULL
169914,195929,NULL
169915,195930,199978
169916,195932,NULL
169917,195933,NULL
169918,195935,NULL
169919,195936,NULL
169920,195938,NULL
169921,195939,NULL
169922,195941,NULL
169923,195942,NULL
169924,195943,NULL
169925,195944,NULL
169926,195945,NULL
169927,195946,NULL
169928,195947,NULL
169929,195948,NULL
169930,195950,231834
169931,195951,219347
169931,195951,222559
169931,195951,233462
169932,195952,209000
169932,195952,219112
169932,195952,221640
169933,195955,222324
169933,195955,235705
169933,195955,238606
169934,195956,NULL
169935,195957,NULL
169936,195958,NULL
169937,195959,NULL
169938,195960,NULL
169939,195961,NULL
169940,195962,NULL
169941,195963,215400
169942,195964,NULL
169943,195966,NULL
169944,195967,NULL
169945,195968,NULL
169946,195969,NULL
169947,195970,NULL
169948,195971,227411
169949,195972,NULL
169950,195973,NULL
169951,195974,NULL
169952,195975,NULL
169953,195977,NULL
169954,195978,NULL
169955,195979,NULL
169956,195981,223294
169957,195982,NULL
169958,195983,NULL
169959,195984,205323
169960,195985,NULL
169961,195987,NULL
169962,195988,NULL
169963,195989,NULL
169964,195990,NULL
169965,195991,NULL
169966,195993,NULL
169967,195994,NULL
169968,195995,NULL
169969,195996,NULL
169970,195997,NULL
169971,195998,NULL
169972,195999,NULL
169973,196000,NULL
169974,196002,NULL
169975,196003,NULL
169976,196004,NULL
169977,196005,NULL
169978,196006,NULL
169979,196007,NULL
169980,196008,NULL
169981,196010,205175
169981,196010,224628
169981,196010,226910
169982,196011,NULL
169983,196012,NULL
169984,196013,NULL
169985,196015,NULL
169986,196017,226570
169987,196018,NULL
169988,196019,NULL
169989,196020,224158
169989,196020,244649
169989,196020,255170
169990,196021,NULL
169991,196022,NULL
169992,196023,224426
169993,196024,NULL
169994,196025,NULL
169995,196026,NULL
169996,196027,NULL
169997,196028,NULL
169998,196029,NULL
169999,196030,203535
170000,196031,NULL
170001,196032,NULL
170002,196033,NULL
170003,196034,NULL
170004,196035,NULL
170005,196036,NULL
170006,196037,NULL
170007,196038,NULL
170008,196039,NULL
170009,196040,NULL
170010,196041,NULL
170011,196042,NULL
170012,196043,NULL
170013,196044,NULL
170014,196045,NULL
170015,196047,231146
170015,196047,243809
170015,196047,254455
170016,196049,NULL
170017,196050,NULL
170018,196052,NULL
170019,196053,NULL
170020,196054,NULL
170021,196055,NULL
170022,196057,232676
170022,196057,241726
170022,196057,245363
170023,196058,NULL
170024,196059,NULL
170025,196061,NULL
170026,196062,NULL
170027,196063,208429
170028,196064,NULL
170029,196065,NULL
170030,196067,NULL
170031,196068,NULL
170032,196069,NULL
170033,196071,NULL
170034,196072,NULL
170035,196073,NULL
170036,196074,NULL
170037,196075,NULL
170038,196076,201238
170039,196077,201221
170040,196078,NULL
170041,196079,NULL
170042,196080,218164
170042,196080,229165
170042,196080,237248
170043,196081,NULL
170044,196082,216573
170044,196082,225846
170044,196082,235790
170045,196083,NULL
170046,196086,202689
170047,196087,NULL
170048,196089,NULL
170049,196090,NULL
170050,196091,NULL
170051,196092,NULL
170052,196093,221548
170053,196094,219826
170054,196095,NULL
170055,196096,NULL
170056,196097,NULL
170057,196099,NULL
170058,196100,NULL
170059,196101,NULL
170060,196102,NULL
170061,196103,NULL
170062,196104,NULL
170063,196105,NULL
170064,196106,NULL
170065,196107,NULL
170066,196108,218653
170067,196109,NULL
170068,196112,NULL
170069,196113,NULL
170070,196115,NULL
170071,196116,NULL
170072,196118,NULL
170073,196119,226716
170074,196120,229490
170075,196121,NULL
170076,196122,NULL
170077,196123,219269
170078,196124,NULL
170079,196125,NULL
170080,196126,NULL
170081,196127,NULL
170082,196128,NULL
170083,196129,NULL
170084,196130,NULL
170085,196131,NULL
170086,196132,NULL
170087,196133,NULL
170088,196134,NULL
170089,196136,208611
170089,196136,224417
170089,196136,236073
170090,196137,NULL
170091,196138,NULL
170092,196140,NULL
170093,196141,NULL
170094,196142,NULL
170095,196143,NULL
170096,196144,NULL
170097,196145,NULL
170098,196146,NULL
170099,196147,NULL
170100,196148,NULL
170101,196149,NULL
170102,196150,NULL
170103,196151,NULL
170104,196152,NULL
170105,196153,209651
170105,196153,225750
170105,196153,238568
170106,196154,NULL
170107,196156,NULL
170108,196157,NULL
170109,196158,NULL
170110,196159,NULL
170111,196160,NULL
170112,196161,221060
170112,196161,237028
170112,196161,244569
170113,196162,216697
170114,196163,NULL
170115,196166,NULL
170116,196167,NULL
170117,196168,NULL
170118,196169,201805
170119,196170,209915
170120,196171,215636
170121,196172,NULL
170122,196173,200150
170123,196174,NULL
170124,196175,230022
170124,196175,233873
170124,196175,238713
170125,196176,NULL
170126,196177,209864
170127,196178,NULL
170128,196179,NULL
170129,196180,NULL
170130,196181,NULL
170131,196183,221168
170132,196184,NULL
170133,196185,NULL
170134,196186,NULL
170135,196187,NULL
170136,196188,NULL
170137,196190,230895
170138,196191,NULL
170139,196192,211938
170140,196193,223770
170141,196194,NULL
170142,196195,NULL
170143,196196,NULL
170144,196197,NULL
170145,196198,NULL
170146,196199,NULL
170147,196202,NULL
170148,196203,NULL
170149,196204,NULL
170150,196205,NULL
170151,196206,NULL
170152,196207,NULL
170153,196208,NULL
170154,196209,NULL
170155,196210,NULL
170156,196211,NULL
170157,196212,NULL
170158,196213,NULL
170159,196215,NULL
170160,196216,NULL
170161,196217,NULL
170162,196219,NULL
170163,196221,NULL
170164,196222,209608
170164,196222,221043
170164,196222,226750
170165,196223,NULL
170166,196224,NULL
170167,196225,NULL
170168,196227,NULL
170169,196229,NULL
170170,196230,NULL
170171,196231,NULL
170172,196232,222641
170173,196234,NULL
170174,196235,NULL
170175,196236,NULL
170176,196237,NULL
170177,196239,NULL
170178,196240,NULL
170179,196242,NULL
170180,196243,NULL
170181,196244,NULL
170182,196245,NULL
170183,196246,NULL
170184,196247,NULL
170185,196248,NULL
170186,196249,NULL
170187,196250,NULL
170188,196251,NULL
170189,196252,NULL
170190,196254,NULL
170191,196255,NULL
170192,196256,NULL
170193,196257,212362
170193,196257,223893
170193,196257,231179
170194,196258,NULL
170195,196259,218951
170196,196260,NULL
170197,196261,203373
170197,196261,217829
170197,196261,221467
170198,196262,NULL
170199,196263,NULL
170200,196265,NULL
170201,196266,NULL
170202,196267,NULL
170203,196268,NULL
170204,196270,NULL
170205,196271,NULL
170206,196272,210125
170207,196273,NULL
170208,196274,NULL
170209,196275,NULL
170210,196276,NULL
170211,196277,NULL
170212,196279,227015
170213,196280,NULL
170214,196281,NULL
170215,196282,NULL
170216,196283,NULL
170217,196284,NULL
170218,196285,201143
170219,196286,NULL
170220,196287,NULL
170221,196288,NULL
170222,196290,NULL
170223,196292,NULL
170224,196293,NULL
170225,196294,222605
170226,196295,NULL
170227,196296,NULL
170228,196297,222375
170229,196298,NULL
170230,196299,NULL
170231,196300,NULL
170232,196301,NULL
170233,196302,NULL
170234,196303,NULL
170235,196304,NULL
170236,196305,NULL
170237,196306,NULL
170238,196307,NULL
170239,196308,229563
170240,196309,NULL
170241,196310,NULL
170242,196312,NULL
170243,196314,NULL
170244,196315,NULL
170245,196316,210271
170245,196316,220743
170245,196316,223113
170246,196317,NULL
170247,196318,214732
170248,196320,NULL
170249,196322,NULL
170250,196323,NULL
170251,196324,NULL
170252,196325,NULL
170253,196326,NULL
170254,196327,NULL
170255,196328,NULL
170256,196329,NULL
170257,196331,NULL
170258,196332,NULL
170259,196333,219406
170259,196333,232036
170259,196333,236862
170260,196335,NULL
170261,196336,NULL
170262,196337,NULL
170263,196339,NULL
170264,196341,NULL
170265,196342,NULL
170266,196343,202371
170266,196343,207202
170266,196343,210944
170267,196344,NULL
170268,196345,227271
170268,196345,234041
170268,196345,240532
170269,196346,NULL
170270,196347,NULL
170271,196348,NULL
170272,196350,NULL
170273,196351,NULL
170274,196352,NULL
170275,196353,NULL
170276,196354,NULL
170277,196355,NULL
170278,196356,NULL
170279,196358,230554
170279,196358,237355
170279,196358,244862
170280,196359,NULL
170281,196361,NULL
170282,196362,NULL
170283,196363,230139
170283,196363,234373
170283,196363,237906
170284,196364,NULL
170285,196365,NULL
170286,196366,NULL
170287,196367,NULL
170288,196368,NULL
170289,196369,NULL
170290,196370,NULL
170291,196371,NULL
170292,196372,NULL
170293,196373,NULL
170294,196374,NULL
170295,196375,NULL
170296,196376,NULL
170297,196377,NULL
170298,196378,225243
170299,196379,NULL
170300,196380,220529
170300,196380,233537
170300,196380,237285
170301,196381,NULL
170302,196382,NULL
170303,196383,201555
170304,196384,NULL
170305,196385,NULL
170306,196386,NULL
170307,196387,NULL
170308,196388,NULL
170309,196389,NULL
170310,196391,209511
170310,196391,227469
170310,196391,239571
170311,196393,NULL
170312,196394,NULL
170313,196395,NULL
170314,196396,NULL
170315,196397,NULL
170316,196398,NULL
170317,196399,201457
170318,196400,218558
170318,196400,222901
170318,196400,225461
170319,196401,NULL
170320,196402,NULL
170321,196403,NULL
170322,196404,NULL
170323,196406,NULL
170324,196407,NULL
170325,196408,NULL
170326,196409,NULL
170327,196411,NULL
170328,196412,NULL
170329,196413,NULL
170330,196414,NULL
170331,196415,215287
170332,196416,NULL
170333,196417,NULL
170334,196418,NULL
170335,196419,225994
170336,196420,NULL
170337,196421,NULL
170338,196422,232762
170339,196423,NULL
170340,196424,NULL
170341,196425,NULL
170342,196426,203033
170342,196426,206778
170342,196426,214241
170343,196427,220624
170344,196428,NULL
170345,196429,205379
170345,196429,214481
170345,196429,222697
170346,196430,NULL
170347,196431,228268
170347,196431,236417
170347,196431,247523
170348,196433,NULL
170349,196434,NULL
170350,196435,NULL
170351,196436,NULL
170352,196437,NULL
170353,196438,NULL
170354,196439,NULL
170355,196440,NULL
170356,196441,NULL
170357,196442,NULL
170358,196443,NULL
170359,196445,NULL
170360,196446,NULL
170361,196448,NULL
170362,196449,NULL
170363,196450,NULL
170364,196451,NULL
170365,196452,NULL
170366,196453,NULL
170367,196454,NULL
170368,196456,NULL
170369,196457,NULL
170370,196458,NULL
170371,196459,NULL
170372,196460,NULL
170373,196461,NULL
170374,196462,NULL
170375,196464,NULL
170376,196465,NULL
170377,196466,NULL
170378,196469,NULL
170379,196470,NULL
170380,196471,NULL
170381,196472,NULL
170382,196473,NULL
170383,196474,220561
170383,196474,236516
170383,196474,237834
170384,196475,NULL
170385,196477,NULL
170386,196479,NULL
170387,196481,NULL
170388,196482,NULL
170389,196483,NULL
170390,196484,NULL
170391,196485,NULL
170392,196486,NULL
170393,196487,NULL
170394,196488,NULL
170395,196489,NULL
170396,196492,NULL
170397,196493,NULL
170398,196494,NULL
170399,196495,NULL
170400,196496,NULL
170401,196497,NULL
170402,196498,NULL
170403,196499,NULL
170404,196500,NULL
170405,196501,231565
170405,196501,233048
170405,196501,237022
170406,196502,NULL
170407,196503,NULL
170408,196505,NULL
170409,196506,206821
170410,196507,NULL
170411,196508,NULL
170412,196509,NULL
170413,196510,NULL
170414,196511,NULL
170415,196512,NULL
170416,196513,NULL
170417,196514,NULL
170418,196515,NULL
170419,196518,215602
170420,196519,NULL
170421,196520,NULL
170422,196521,NULL
170423,196522,NULL
170424,196523,NULL
170425,196524,NULL
170426,196525,NULL
170427,196526,NULL
170428,196527,NULL
170429,196528,NULL
170430,196529,NULL
170431,196530,NULL
170432,196531,NULL
170433,196533,NULL
170434,196534,NULL
170435,196535,NULL
170436,196536,NULL
170437,196537,NULL
170438,196539,NULL
170439,196540,NULL
170440,196543,215793
170441,196544,NULL
170442,196545,200405
170442,196545,219147
170442,196545,230004
170443,196546,NULL
170444,196547,NULL
170445,196548,NULL
170446,196549,NULL
170447,196550,NULL
170448,196551,NULL
170449,196552,NULL
170450,196553,NULL
170451,196554,NULL
170452,196555,NULL
170453,196556,201292
170454,196558,NULL
170455,196559,NULL
170456,196560,NULL
170457,196561,208461
170458,196562,NULL
170459,196563,NULL
170460,196564,207220
170460,196564,223530
170460,196564,231190
170461,196565,NULL
170462,196566,199945
170463,196567,NULL
170464,196568,216320
170465,196569,210487
170466,196571,NULL
170467,196572,NULL
170468,196573,NULL
170469,196574,202156
170469,196574,219322
170469,196574,231488
170470,196575,NULL
170471,196576,221068
170472,196577,NULL
170473,196579,NULL
170474,196581,NULL
170475,196582,NULL
170476,196583,NULL
170477,196584,NULL
170478,196585,205155
170479,196586,NULL
170480,196587,NULL
170481,196588,NULL
170482,196589,217271
170483,196590,217361
170484,196591,NULL
170485,196592,NULL
170486,196593,NULL
170487,196594,NULL
170488,196595,NULL
170489,196596,NULL
170490,196597,NULL
170491,196598,NULL
170492,196599,NULL
170493,196600,NULL
170494,196602,230625
170495,196603,NULL
170496,196604,NULL
170497,196605,NULL
170498,196607,NULL
170499,196608,NULL
170500,196609,NULL
170501,196610,NULL
170502,196611,NULL
170503,196612,NULL
170504,196613,NULL
170505,196614,NULL
170506,196616,NULL
170507,196617,NULL
170508,196618,NULL
170509,196619,NULL
170510,196620,NULL
170511,196621,NULL
170512,196622,NULL
170513,196623,NULL
170514,196624,NULL
170515,196625,201040
170515,196625,214802
170515,196625,226479
170516,196626,NULL
170517,196627,NULL
170518,196628,NULL
170519,196629,NULL
170520,196630,NULL
170521,196631,202982
170522,196632,NULL
170523,196633,NULL
170524,196635,NULL
170525,196636,NULL
170526,196639,NULL
170527,196640,NULL
170528,196641,NULL
170529,196642,NULL
170530,196643,NULL
170531,196646,NULL
170532,196647,NULL
170533,196648,NULL
170534,196649,NULL
170535,196650,NULL
170536,196655,NULL
170537,196656,NULL
170538,196658,NULL
170539,196659,NULL
170540,196660,NULL
170541,196661,NULL
170542,196662,224887
170543,196663,NULL
170544,196664,NULL
170545,196665,NULL
170546,196666,NULL
170547,196667,NULL
170548,196668,NULL
170549,196669,NULL
170550,196671,217025
170551,196672,217698
170552,196673,NULL
170553,196674,NULL
170554,196676,NULL
170555,196677,213797
170556,196678,NULL
170557,196679,NULL
170558,196680,220838
170558,196680,231357
170558,196680,244303
170559,196681,NULL
170560,196683,231425
170561,196685,NULL
170562,196686,NULL
170563,196687,NULL
170564,196688,NULL
170565,196691,NULL
170566,196692,220947
170567,196693,NULL
170568,196694,NULL
170569,196695,NULL
170570,196696,NULL
170571,196697,NULL
170572,196698,NULL
170573,196699,NULL
170574,196700,NULL
170575,196701,206900
170576,196702,NULL
170577,196703,NULL
170578,196704,229043
170579,196705,NULL
170580,196706,NULL
170581,196707,NULL
170582,196709,NULL
170583,196710,NULL
170584,196711,NULL
170585,196712,NULL
170586,196713,NULL
170587,196714,NULL
170588,196715,NULL
170589,196717,NULL
170590,196718,NULL
170591,196719,NULL
170592,196720,NULL
170593,196721,NULL
170594,196722,NULL
170595,196724,NULL
170596,196725,NULL
170597,196726,214434
170597,196726,223229
170597,196726,232606
170598,196727,NULL
170599,196728,NULL
170600,196729,NULL
170601,196730,NULL
170602,196731,NULL
170603,196732,217921
170604,196733,NULL
170605,196734,NULL
170606,196735,NULL
170607,196736,NULL
170608,196737,NULL
170609,196738,NULL
170610,196739,NULL
170611,196740,NULL
170612,196741,NULL
170613,196743,NULL
170614,196744,NULL
170615,196745,NULL
170616,196746,NULL
170617,196747,NULL
170618,196748,219168
170619,196749,NULL
170620,196750,NULL
170621,196751,NULL
170622,196752,NULL
170623,196753,NULL
170624,196754,NULL
170625,196755,NULL
170626,196756,NULL
170627,196757,200895
170628,196758,NULL
170629,196759,NULL
170630,196760,NULL
170631,196761,NULL
170632,196764,NULL
170633,196765,NULL
170634,196766,NULL
170635,196767,NULL
170636,196768,NULL
170637,196771,220886
170638,196772,NULL
170639,196773,NULL
170640,196774,NULL
170641,196775,NULL
170642,196776,NULL
170643,196777,NULL
170644,196779,NULL
170645,196780,NULL
170646,196781,220350
170647,196782,NULL
170648,196783,NULL
170649,196784,NULL
170650,196785,NULL
170651,196786,213232
170652,196787,NULL
170653,196788,NULL
170654,196789,NULL
170655,196793,NULL
170656,196794,NULL
170657,196795,NULL
170658,196796,NULL
170659,196797,NULL
170660,196798,NULL
170661,196799,NULL
170662,196801,NULL
170663,196802,NULL
170664,196803,NULL
170665,196804,NULL
170666,196805,NULL
170667,196806,212674
170667,196806,230216
170667,196806,234322
170668,196807,NULL
170669,196808,NULL
170670,196809,NULL
170671,196810,NULL
170672,196811,228108
170672,196811,234992
170672,196811,243382
170673,196812,NULL
170674,196813,NULL
170675,196814,NULL
170676,196815,NULL
170677,196816,NULL
170678,196817,NULL
170679,196818,NULL
170680,196819,228646
170681,196820,NULL
170682,196821,NULL
170683,196823,NULL
170684,196824,NULL
170685,196825,NULL
170686,196826,NULL
170687,196827,NULL
170688,196828,NULL
170689,196829,NULL
170690,196830,222024
170690,196830,240612
170690,196830,251031
170691,196831,NULL
170692,196832,NULL
170693,196833,NULL
170694,196834,NULL
170695,196837,NULL
170696,196838,NULL
170697,196841,NULL
170698,196842,226595
170699,196843,NULL
170700,196844,NULL
170701,196845,NULL
170702,196846,230671
170703,196847,NULL
170704,196848,NULL
170705,196849,NULL
170706,196850,NULL
170707,196851,NULL
170708,196853,NULL
170709,196854,216361
170710,196855,NULL
170711,196856,NULL
170712,196857,NULL
170713,196858,NULL
170714,196859,NULL
170715,196860,221982
170716,196862,NULL
170717,196863,NULL
170718,196864,NULL
170719,196867,NULL
170720,196868,227185
170720,196868,248334
170720,196868,255655
170721,196869,NULL
170722,196870,NULL
170723,196871,NULL
170724,196873,NULL
170725,196874,203781
170726,196875,NULL
170727,196876,NULL
170728,196877,NULL
170729,196878,NULL
170730,196880,NULL
170731,196881,216668
170732,196882,NULL
170733,196884,NULL
170734,196885,NULL
170735,196886,NULL
170736,196887,NULL
170737,196888,NULL
170738,196889,NULL
170739,196890,NULL
170740,196891,NULL
170741,196892,NULL
170742,196893,NULL
170743,196894,NULL
170744,196895,NULL
170745,196896,NULL
170746,196898,NULL
170747,196899,NULL
170748,196901,NULL
170749,196903,NULL
170750,196905,NULL
170751,196906,NULL
170752,196907,NULL
170753,196908,NULL
170754,196909,205698
170755,196910,227690
170756,196911,NULL
170757,196912,202030
170758,196913,NULL
170759,196914,NULL
170760,196915,NULL
170761,196916,NULL
170762,196917,230973
170763,196918,NULL
170764,196919,NULL
170765,196920,NULL
170766,196921,NULL
170767,196922,205070
170768,196923,NULL
170769,196924,NULL
170770,196925,NULL
170771,196926,NULL
170772,196927,NULL
170773,196928,NULL
170774,196929,223242
170775,196930,NULL
170776,196931,NULL
170777,196932,NULL
170778,196933,NULL
170779,196934,NULL
170780,196935,NULL
170781,196936,NULL
170782,196937,NULL
170783,196938,NULL
170784,196939,NULL
170785,196940,NULL
170786,196941,NULL
170787,196942,226341
170788,196943,NULL
170789,196944,NULL
170790,196945,NULL
170791,196946,NULL
170792,196948,NULL
170793,196949,NULL
170794,196950,230049
170794,196950,236589
170794,196950,243741
170795,196951,NULL
170796,196952,NULL
170797,196954,NULL
170798,196955,NULL
170799,196956,NULL
170800,196957,NULL
170801,196958,NULL
170802,196959,NULL
170803,196960,NULL
170804,196961,NULL
170805,196962,NULL
170806,196963,203876
170807,196964,NULL
170808,196965,NULL
170809,196966,NULL
170810,196967,NULL
170811,196968,NULL
170812,196969,NULL
170813,196970,NULL
170814,196971,NULL
170815,196972,NULL
170816,196973,225970
170817,196974,NULL
170818,196976,NULL
170819,196977,229668
170819,196977,238100
170819,196977,250656
170820,196979,212725
170821,196980,NULL
170822,196981,NULL
170823,196982,NULL
170824,196983,204863
170825,196984,NULL
170826,196985,NULL
170827,196986,NULL
170828,196987,NULL
170829,196988,NULL
170830,196989,NULL
170831,196990,218194
170831,196990,234166
170831,196990,244526
170832,196991,NULL
170833,196992,NULL
170834,196994,NULL
170835,196995,202955
170836,196996,NULL
170837,196997,NULL
170838,196998,NULL
170839,196999,NULL
170840,197000,NULL
170841,197001,NULL
170842,197002,NULL
170843,197003,NULL
170844,197004,NULL
170845,197005,216279
170846,197006,232219
170847,197007,NULL
170848,197008,227287
170849,197009,NULL
170850,197010,NULL
170851,197011,NULL
170852,197012,206068
170853,197013,NULL
170854,197015,208386
170855,197016,NULL
170856,197017,NULL
170857,197018,NULL
170858,197019,220371
170859,197020,NULL
170860,197021,NULL
170861,197023,212099
170862,197024,210179
170863,197025,NULL
170864,197026,NULL
170865,197027,NULL
170866,197028,NULL
170867,197029,229088
170868,197030,NULL
170869,197032,NULL
170870,197033,NULL
170871,197035,NULL
170872,197037,202805
170873,197038,NULL
170874,197039,NULL
170875,197040,NULL
170876,197041,NULL
170877,197042,NULL
170878,197044,NULL
170879,197045,NULL
170880,197046,222258
170880,197046,225119
170880,197046,237538
170881,197047,NULL
170882,197048,NULL
170883,197049,NULL
170884,197050,NULL
170885,197052,NULL
170886,197055,NULL
170887,197056,NULL
170888,197057,NULL
170889,197058,NULL
170890,197059,NULL
170891,197060,NULL
170892,197061,NULL
170893,197062,202907
170894,197064,NULL
170895,197066,NULL
170896,197067,NULL
170897,197068,NULL
170898,197069,NULL
170899,197070,203938
170900,197071,NULL
170901,197072,NULL
170902,197073,NULL
170903,197074,NULL
170904,197075,212080
170905,197076,NULL
170906,197077,NULL
170907,197078,NULL
170908,197079,202537
170908,197079,220726
170908,197079,227581
170909,197080,203242
170910,197081,NULL
170911,197082,NULL
170912,197083,NULL
170913,197084,NULL
170914,197086,NULL
170915,197087,NULL
170916,197088,NULL
170917,197089,NULL
170918,197090,NULL
170919,197091,NULL
170920,197092,NULL
170921,197093,NULL
170922,197094,NULL
170923,197095,NULL
170924,197096,206202
170924,197096,221144
170924,197096,226563
170925,197098,NULL
170926,197099,214097
170927,197100,NULL
170928,197101,NULL
170929,197102,NULL
170930,197103,214170
170930,197103,215567
170930,197103,224643
170931,197104,NULL
170932,197106,230656
170932,197106,245225
170932,197106,254458
170933,197107,200903
170933,197107,204191
170933,197107,208085
170934,197108,NULL
170935,197109,NULL
170936,197110,229181
170936,197110,244859
170936,197110,248522
170937,197111,NULL
170938,197112,NULL
170939,197113,NULL
170940,197114,217250
170940,197114,224761
170940,197114,234525
170941,197115,NULL
170942,197116,NULL
170943,197117,NULL
170944,197119,NULL
170945,197120,NULL
170946,197121,NULL
170947,197122,NULL
170948,197123,NULL
170949,197124,NULL
170950,197126,NULL
170951,197127,NULL
170952,197128,NULL
170953,197129,NULL
170954,197130,NULL
170955,197131,NULL
170956,197132,225186
170956,197132,242327
170956,197132,246784
170957,197133,NULL
170958,197134,NULL
170959,197136,NULL
170960,197137,NULL
170961,197138,NULL
170962,197139,NULL
170963,197140,211875
170963,197140,232767
170963,197140,239142
170964,197141,216613
170965,197142,NULL
170966,197143,NULL
170967,197145,NULL
170968,197146,216869
170969,197147,NULL
170970,197148,NULL
170971,197149,NULL
170972,197150,NULL
170973,197151,NULL
170974,197152,NULL
170975,197153,NULL
170976,197155,NULL
170977,197156,NULL
170978,197157,NULL
170979,197158,NULL
170980,197159,NULL
170981,197160,NULL
170982,197162,NULL
170983,197164,NULL
170984,197165,NULL
170985,197166,NULL
170986,197167,NULL
170987,197168,NULL
170988,197169,NULL
170989,197170,NULL
170990,197171,NULL
170991,197172,NULL
170992,197173,NULL
170993,197174,NULL
170994,197175,NULL
170995,197176,218589
170996,197177,NULL
170997,197178,NULL
170998,197179,NULL
170999,197180,NULL
171000,197181,NULL
171001,197182,NULL
171002,197183,NULL
171003,197185,NULL
171004,197187,NULL
171005,197189,NULL
171006,197190,NULL
171007,197191,NULL
171008,197192,NULL
171009,197193,NULL
171010,197194,NULL
171011,197195,NULL
171012,197196,232480
171013,197197,NULL
171014,197199,NULL
171015,197200,218344
171016,197201,NULL
171017,197202,NULL
171018,197203,NULL
171019,197204,NULL
171020,197205,NULL
171021,197206,NULL
171022,197207,NULL
171023,197208,NULL
171024,197209,NULL
171025,197210,NULL
171026,197211,NULL
171027,197213,NULL
171028,197214,NULL
171029,197215,NULL
171030,197217,NULL
171031,197218,NULL
171032,197219,NULL
171033,197220,NULL
171034,197221,NULL
171035,197222,NULL
171036,197223,NULL
171037,197224,NULL
171038,197225,NULL
171039,197226,209886
171040,197227,NULL
171041,197228,NULL
171042,197230,NULL
171043,197231,NULL
171044,197232,NULL
171045,197233,NULL
171046,197234,NULL
171047,197235,NULL
171048,197236,NULL
171049,197237,NULL
171050,197238,NULL
171051,197239,NULL
171052,197240,NULL
171053,197241,NULL
171054,197242,NULL
171055,197243,201830
171056,197245,NULL
171057,197246,NULL
171058,197247,NULL
171059,197248,NULL
171060,197250,NULL
171061,197252,NULL
171062,197253,NULL
171063,197254,218502
171064,197255,229146
171065,197256,NULL
171066,197257,NULL
171067,197258,NULL
171068,197259,NULL
171069,197260,211553
171070,197261,NULL
171071,197262,NULL
171072,197263,NULL
171073,197264,NULL
171074,197265,NULL
171075,197266,NULL
171076,197267,NULL
171077,197269,NULL
171078,197271,216938
171078,197271,219831
171078,197271,226349
171079,197272,NULL
171080,197273,NULL
171081,197275,NULL
171082,197276,NULL
171083,197277,NULL
171084,197278,NULL
171085,197279,201645
171086,197280,NULL
171087,197281,NULL
171088,197282,NULL
171089,197283,NULL
171090,197284,230939
171091,197285,NULL
171092,197286,NULL
171093,197287,NULL
171094,197288,NULL
171095,197289,216043
171095,197289,228207
171095,197289,237640
171096,197290,NULL
171097,197292,NULL
171098,197293,217370
171099,197294,NULL
171100,197295,NULL
171101,197296,NULL
171102,197297,NULL
171103,197298,NULL
171104,197299,NULL
171105,197300,NULL
171106,197301,NULL
171107,197302,NULL
171108,197303,NULL
171109,197304,NULL
171110,197305,NULL
171111,197306,NULL
171112,197307,NULL
171113,197308,NULL
171114,197310,NULL
171115,197311,NULL
171116,197312,NULL
171117,197313,NULL
171118,197314,NULL
171119,197315,NULL
171120,197318,NULL
171121,197319,NULL
171122,197320,NULL
171123,197321,NULL
171124,197322,NULL
171125,197324,218505
171126,197326,NULL
171127,197328,224977
171127,197328,241274
171127,197328,256070
171128,197329,NULL
171129,197330,NULL
171130,197331,NULL
171131,197332,NULL
171132,197333,NULL
171133,197334,NULL
171134,197335,NULL
171135,197336,NULL
171136,197338,NULL
171137,197339,NULL
171138,197340,NULL
171139,197341,NULL
171140,197342,NULL
171141,197343,NULL
171142,197344,NULL
171143,197345,NULL
171144,197347,NULL
171145,197348,229168
171146,197349,NULL
171147,197350,NULL
171148,197351,NULL
171149,197352,NULL
171150,197353,NULL
171151,197354,NULL
171152,197356,200789
171153,197357,223940
171154,197358,NULL
171155,197359,NULL
171156,197360,213445
171157,197361,NULL
171158,197362,NULL
171159,197363,NULL
171160,197364,NULL
171161,197367,NULL
171162,197369,NULL
171163,197370,NULL
171164,197371,NULL
171165,197372,214093
171165,197372,231686
171165,197372,233375
171166,197373,NULL
171167,197375,NULL
171168,197376,NULL
171169,197380,NULL
171170,197381,NULL
171171,197382,NULL
171172,197383,NULL
171173,197385,NULL
171174,197386,NULL
171175,197387,NULL
171176,197389,NULL
171177,197390,NULL
171178,197391,NULL
171179,197392,217585
171180,197394,NULL
171181,197395,230150
171182,197396,NULL
171183,197397,NULL
171184,197398,NULL
171185,197399,NULL
171186,197400,NULL
171187,197401,NULL
171188,197402,NULL
171189,197403,NULL
171190,197404,NULL
171191,197405,NULL
171192,197406,NULL
171193,197407,NULL
171194,197409,NULL
171195,197410,217820
171196,197412,NULL
171197,197413,NULL
171198,197414,NULL
171199,197415,NULL
171200,197416,203412
171201,197417,NULL
171202,197419,NULL
171203,197420,NULL
171204,197421,NULL
171205,197422,NULL
171206,197423,NULL
171207,197424,NULL
171208,197425,215393
171209,197426,NULL
171210,197427,NULL
171211,197428,NULL
171212,197429,NULL
171213,197430,228352
171214,197431,214422
171215,197432,NULL
171216,197433,NULL
171217,197434,NULL
171218,197435,222873
171219,197436,NULL
171220,197437,NULL
171221,197438,NULL
171222,197439,NULL
171223,197440,NULL
171224,197441,NULL
171225,197442,NULL
171226,197443,NULL
171227,197444,NULL
171228,197445,NULL
171229,197446,NULL
171230,197447,NULL
171231,197449,NULL
171232,197450,229529
171233,197451,NULL
171234,197452,NULL
171235,197453,NULL
171236,197454,NULL
171237,197455,NULL
171238,197456,NULL
171239,197457,NULL
171240,197458,NULL
171241,197459,NULL
171242,197460,219049
171243,197461,NULL
171244,197462,202848
171245,197463,NULL
171246,197465,203044
171247,197466,NULL
171248,197467,NULL
171249,197468,207707
171250,197469,NULL
171251,197470,NULL
171252,197471,199886
171253,197472,NULL
171254,197473,NULL
171255,197474,NULL
171256,197475,NULL
171257,197476,226163
171258,197477,NULL
171259,197478,NULL
171260,197479,NULL
171261,197480,NULL
171262,197481,218812
171263,197482,NULL
171264,197483,NULL
171265,197484,NULL
171266,197487,NULL
171267,197488,208158
171268,197489,NULL
171269,197490,NULL
171270,197491,NULL
171271,197492,NULL
171272,197493,NULL
171273,197494,210026
171274,197495,NULL
171275,197496,NULL
171276,197497,NULL
171277,197498,NULL
171278,197499,NULL
171279,197500,NULL
171280,197501,NULL
171281,197502,NULL
171282,197504,NULL
171283,197505,229359
171284,197506,229034
171285,197507,NULL
171286,197508,NULL
171287,197509,NULL
171288,197510,202640
171288,197510,215291
171288,197510,225489
171289,197512,NULL
171290,197515,NULL
171291,197516,NULL
171292,197519,NULL
171293,197520,NULL
171294,197521,NULL
171295,197522,NULL
171296,197523,NULL
171297,197524,227521
171298,197525,229461
171299,197526,NULL
171300,197529,203201
171300,197529,217032
171300,197529,219910
171301,197530,NULL
171302,197532,NULL
171303,197533,NULL
171304,197535,NULL
171305,197537,NULL
171306,197538,NULL
171307,197539,NULL
171308,197540,NULL
171309,197541,NULL
171310,197542,NULL
171311,197543,NULL
171312,197544,NULL
171313,197545,NULL
171314,197546,NULL
171315,197548,NULL
171316,197549,NULL
171317,197551,NULL
171318,197552,NULL
171319,197553,NULL
171320,197554,212204
171321,197556,NULL
171322,197557,NULL
171323,197559,NULL
171324,197560,NULL
171325,197561,NULL
171326,197562,NULL
171327,197563,NULL
171328,197565,NULL
171329,197567,217231
171330,197568,225886
171330,197568,242002
171330,197568,253028
171331,197569,NULL
171332,197570,NULL
171333,197571,NULL
171334,197572,NULL
171335,197573,NULL
171336,197574,NULL
171337,197575,NULL
171338,197576,NULL
171339,197577,NULL
171340,197578,NULL
171341,197579,NULL
171342,197580,NULL
171343,197581,205575
171344,197582,218999
171345,197584,NULL
171346,197585,NULL
171347,197586,NULL
171348,197587,NULL
171349,197588,NULL
171350,197589,NULL
171351,197591,NULL
171352,197592,NULL
171353,197593,NULL
171354,197594,NULL
171355,197595,NULL
171356,197596,NULL
171357,197597,NULL
171358,197598,NULL
171359,197599,230485
171360,197600,215700
171361,197601,NULL
171362,197602,NULL
171363,197603,NULL
171364,197604,NULL
171365,197605,NULL
171366,197606,NULL
171367,197607,NULL
171368,197608,NULL
171369,197609,NULL
171370,197610,NULL
171371,197611,NULL
171372,197612,NULL
171373,197613,NULL
171374,197615,NULL
171375,197616,214203
171376,197617,NULL
171377,197618,NULL
171378,197619,NULL
171379,197621,228389
171380,197622,NULL
171381,197623,NULL
171382,197624,NULL
171383,197625,NULL
171384,197626,NULL
171385,197627,228582
171386,197628,NULL
171387,197630,NULL
171388,197631,NULL
171389,197632,NULL
171390,197633,NULL
171391,197634,NULL
171392,197635,218953
171393,197636,NULL
171394,197637,NULL
171395,197639,200140
171396,197641,231081
171397,197643,NULL
171398,197645,NULL
171399,197646,199605
171399,197646,207778
171399,197646,211525
171400,197647,NULL
171401,197648,NULL
171402,197649,NULL
171403,197650,NULL
171404,197651,NULL
171405,197652,NULL
171406,197654,NULL
171407,197655,NULL
171408,197656,NULL
171409,197657,NULL
171410,197658,NULL
171411,197659,NULL
171412,197660,NULL
171413,197661,NULL
171414,197662,NULL
171415,197664,NULL
171416,197665,224771
171417,197666,229153
171418,197667,NULL
171419,197668,NULL
171420,197669,NULL
171421,197671,NULL
171422,197672,NULL
171423,197673,NULL
171424,197674,NULL
171425,197675,199943
171425,197675,206126
171425,197675,209978
171426,197676,NULL
171427,197677,NULL
171428,197678,NULL
171429,197679,NULL
171430,197682,NULL
171431,197683,NULL
171432,197684,NULL
171433,197685,NULL
171434,197686,NULL
171435,197687,NULL
171436,197688,NULL
171437,197689,NULL
171438,197690,NULL
171439,197691,NULL
171440,197692,227250
171440,197692,234318
171440,197692,239040
171441,197693,NULL
171442,197694,222118
171443,197695,NULL
171444,197698,NULL
171445,197699,201249
171446,197700,NULL
171447,197701,NULL
171448,197702,NULL
171449,197703,NULL
171450,197704,NULL
171451,197705,NULL
171452,197707,NULL
171453,197708,NULL
171454,197709,NULL
171455,197710,NULL
171456,197711,NULL
171457,197712,NULL
171458,197713,NULL
171459,197714,NULL
171460,197715,NULL
171461,197716,NULL
171462,197717,NULL
171463,197719,NULL
171464,197720,NULL
171465,197721,NULL
171466,197722,NULL
171467,197723,NULL
171468,197724,NULL
171469,197726,NULL
171470,197727,NULL
171471,197728,NULL
171472,197729,NULL
171473,197730,NULL
171474,197731,NULL
171475,197733,NULL
171476,197735,223396
171477,197736,NULL
171478,197737,NULL
171479,197738,NULL
171480,197739,NULL
171481,197741,NULL
171482,197742,NULL
171483,197743,NULL
171484,197744,NULL
171485,197745,NULL
171486,197746,NULL
171487,197747,231763
171488,197748,NULL
171489,197749,NULL
171490,197750,NULL
171491,197751,NULL
171492,197753,NULL
171493,197754,NULL
171494,197755,NULL
171495,197757,NULL
171496,197758,NULL
171497,197759,219673
171497,197759,227317
171497,197759,233019
171498,197761,NULL
171499,197762,NULL
171500,197763,NULL
171501,197764,NULL
171502,197765,NULL
171503,197766,NULL
171504,197767,NULL
171505,197768,NULL
171506,197769,NULL
171507,197770,NULL
171508,197771,NULL
171509,197772,NULL
171510,197774,NULL
171511,197775,224831
171512,197776,228391
171513,197777,NULL
171514,197778,214889
171515,197779,NULL
171516,197780,NULL
171517,197781,NULL
171518,197782,NULL
171519,197783,231534
171520,197784,NULL
171521,197785,NULL
171522,197786,NULL
171523,197788,NULL
171524,197789,NULL
171525,197790,NULL
171526,197791,201093
171527,197792,NULL
171528,197793,NULL
171529,197796,NULL
171530,197797,NULL
171531,197798,NULL
171532,197799,NULL
171533,197800,NULL
171534,197803,NULL
171535,197804,NULL
171536,197805,NULL
171537,197806,NULL
171538,197807,NULL
171539,197808,NULL
171540,197809,NULL
171541,197810,NULL
171542,197811,NULL
171543,197813,NULL
171544,197814,NULL
171545,197815,210661
171546,197817,NULL
171547,197818,NULL
171548,197819,NULL
171549,197820,199732
171549,197820,213143
171549,197820,218823
171550,197821,NULL
171551,197822,NULL
171552,197823,NULL
171553,197824,NULL
171554,197825,NULL
171555,197826,NULL
171556,197827,NULL
171557,197828,NULL
171558,197829,NULL
171559,197830,NULL
171560,197831,NULL
171561,197832,219794
171562,197834,NULL
171563,197835,NULL
171564,197836,NULL
171565,197837,NULL
171566,197838,NULL
171567,197839,NULL
171568,197840,NULL
171569,197841,NULL
171570,197842,NULL
171571,197843,NULL
171572,197844,NULL
171573,197845,NULL
171574,197846,NULL
171575,197847,NULL
171576,197848,NULL
171577,197849,NULL
171578,197850,NULL
171579,197851,231040
171580,197852,NULL
171581,197853,NULL
171582,197854,NULL
171583,197855,NULL
171584,197856,NULL
171585,197857,NULL
171586,197858,NULL
171587,197859,NULL
171588,197860,NULL
171589,197861,NULL
171590,197862,NULL
171591,197864,231464
171592,197865,NULL
171593,197866,NULL
171594,197867,NULL
171595,197868,NULL
171596,197869,NULL
171597,197870,NULL
171598,197871,NULL
171599,197872,NULL
171600,197873,NULL
171601,197874,NULL
171602,197875,229207
171603,197877,NULL
171604,197878,225571
171605,197879,NULL
171606,197880,NULL
171607,197881,NULL
171608,197882,NULL
171609,197883,NULL
171610,197884,NULL
171611,197885,NULL
171612,197886,NULL
171613,197887,NULL
171614,197888,NULL
171615,197889,NULL
171616,197890,NULL
171617,197891,NULL
171618,197892,NULL
171619,197894,NULL
171620,197897,NULL
171621,197898,NULL
171622,197899,207828
171622,197899,216896
171622,197899,220848
171623,197900,NULL
171624,197901,NULL
171625,197904,NULL
171626,197905,NULL
171627,197906,NULL
171628,197907,NULL
171629,197908,199406
171630,197910,NULL
171631,197911,NULL
171632,197912,NULL
171633,197913,214951
171634,197914,NULL
171635,197915,213820
171636,197916,NULL
171637,197917,NULL
171638,197918,NULL
171639,197919,NULL
171640,197920,201977
171641,197921,NULL
171642,197922,NULL
171643,197923,NULL
171644,197925,NULL
171645,197926,210975
171646,197927,NULL
171647,197929,217171
171648,197930,NULL
171649,197931,NULL
171650,197932,NULL
171651,197933,NULL
171652,197934,NULL
171653,197935,NULL
171654,197936,NULL
171655,197937,NULL
171656,197939,223618
171656,197939,238754
171656,197939,252146
171657,197940,229909
171658,197941,NULL
171659,197942,NULL
171660,197943,228948
171660,197943,244187
171660,197943,247222
171661,197945,NULL
171662,197947,NULL
171663,197950,NULL
171664,197952,225654
171665,197953,NULL
171666,197954,NULL
171667,197955,NULL
171668,197956,NULL
171669,197957,NULL
171670,197958,227086
171671,197959,NULL
171672,197960,200821
171673,197961,NULL
171674,197962,NULL
171675,197963,NULL
171676,197964,NULL
171677,197965,201744
171678,197968,NULL
171679,197970,NULL
171680,197971,NULL
171681,197973,NULL
171682,197974,NULL
171683,197975,NULL
171684,197976,NULL
171685,197977,NULL
171686,197978,NULL
171687,197979,NULL
171688,197980,NULL
171689,197981,NULL
171690,197982,NULL
171691,197983,NULL
171692,197985,NULL
171693,197986,NULL
171694,197989,NULL
171695,197990,NULL
171696,197991,NULL
171697,197992,NULL
171698,197993,NULL
171699,197994,NULL
171700,197995,NULL
171701,197996,NULL
171702,197997,NULL
171703,197998,NULL
171704,197999,NULL
171705,198000,NULL
171706,198001,206740
171706,198001,221268
171706,198001,226473
171707,198002,215986
171708,198003,230653
171709,198004,211969
171710,198007,NULL
171711,198008,205571
171712,198010,214367
171712,198010,229470
171712,198010,233271
171713,198011,NULL
171714,198012,NULL
171715,198013,NULL
171716,198014,NULL
171717,198015,221277
171718,198016,NULL
171719,198017,NULL
171720,198018,NULL
171721,198019,NULL
171722,198021,NULL
171723,198022,204212
171724,198023,NULL
171725,198024,NULL
171726,198025,NULL
171727,198026,NULL
171728,198027,218060
171729,198028,NULL
171730,198029,NULL
171731,198030,NULL
171732,198031,NULL
171733,198032,NULL
171734,198033,NULL
171735,198034,NULL
171736,198035,NULL
171737,198036,NULL
171738,198037,NULL
171739,198038,218780
171739,198038,232091
171739,198038,238521
171740,198039,NULL
171741,198040,NULL
171742,198041,NULL
171743,198042,NULL
171744,198043,213008
171745,198044,NULL
171746,198045,NULL
171747,198046,225168
171747,198046,248726
171747,198046,258465
171748,198047,NULL
171749,198048,NULL
171750,198049,NULL
171751,198050,NULL
171752,198052,NULL
171753,198053,NULL
171754,198055,NULL
171755,198057,NULL
171756,198058,NULL
171757,198059,230806
171757,198059,245848
171757,198059,249943
171758,198060,NULL
171759,198061,NULL
171760,198062,NULL
171761,198063,NULL
171762,198064,NULL
171763,198065,NULL
171764,198067,221442
171764,198067,239828
171764,198067,242549
171765,198068,NULL
171766,198069,NULL
171767,198070,NULL
171768,198071,NULL
171769,198072,223682
171769,198072,225577
171769,198072,238008
171770,198073,NULL
171771,198074,NULL
171772,198075,NULL
171773,198076,NULL
171774,198077,NULL
171775,198078,NULL
171776,198079,NULL
171777,198080,NULL
171778,198081,NULL
171779,198082,NULL
171780,198083,NULL
171781,198084,NULL
171782,198085,NULL
171783,198086,NULL
171784,198087,NULL
171785,198088,203403
171785,198088,222859
171785,198088,235881
171786,198089,NULL
171787,198090,NULL
171788,198091,NULL
171789,198092,NULL
171790,198094,NULL
171791,198095,NULL
171792,198096,NULL
171793,198097,NULL
171794,198098,NULL
171795,198099,NULL
171796,198100,NULL
171797,198101,220394
171798,198102,NULL
171799,198103,NULL
171800,198104,NULL
171801,198105,NULL
171802,198106,NULL
171803,198107,NULL
171804,198108,NULL
171805,198109,NULL
171806,198110,NULL
171807,198111,NULL
171808,198112,NULL
171809,198113,NULL
171810,198114,NULL
171811,198115,NULL
171812,198116,NULL
171813,198117,NULL
171814,198118,NULL
171815,198119,NULL
171816,198120,NULL
171817,198121,NULL
171818,198122,201894
171819,198123,NULL
171820,198124,NULL
171821,198125,204842
171822,198126,211618
171823,198127,NULL
171824,198128,NULL
171825,198129,NULL
171826,198130,NULL
171827,198131,NULL
171828,198134,NULL
171829,198135,NULL
171830,198136,NULL
171831,198137,NULL
171832,198138,NULL
171833,198139,NULL
171834,198140,NULL
171835,198142,NULL
171836,198143,NULL
171837,198144,219245
171838,198145,NULL
171839,198146,225950
171840,198147,NULL
171841,198148,NULL
171842,198149,223579
171843,198151,NULL
171844,198152,NULL
171845,198153,NULL
171846,198154,231922
171847,198155,NULL
171848,198156,NULL
171849,198157,NULL
171850,198158,NULL
171851,198159,NULL
171852,198160,NULL
171853,198162,NULL
171854,198163,NULL
171855,198164,NULL
171856,198165,220159
171857,198166,NULL
171858,198167,NULL
171859,198168,NULL
171860,198169,NULL
171861,198170,NULL
171862,198171,NULL
171863,198172,NULL
171864,198173,NULL
171865,198174,NULL
171866,198175,NULL
171867,198176,210144
171868,198177,NULL
171869,198178,NULL
171870,198180,NULL
171871,198181,NULL
171872,198183,NULL
171873,198185,NULL
171874,198186,NULL
171875,198187,NULL
171876,198188,NULL
171877,198189,NULL
171878,198190,NULL
171879,198191,NULL
171880,198192,212587
171880,198192,217526
171880,198192,218793
171881,198193,NULL
171882,198194,NULL
171883,198195,NULL
171884,198196,212648
171885,198197,NULL
171886,198198,229678
171886,198198,250689
171886,198198,261242
171887,198200,NULL
171888,198201,NULL
171889,198202,NULL
171890,198204,NULL
171891,198205,NULL
171892,198206,NULL
171893,198209,212109
171894,198210,215124
171895,198211,NULL
171896,198213,NULL
171897,198214,NULL
171898,198215,NULL
171899,198216,NULL
171900,198217,NULL
171901,198218,NULL
171902,198219,NULL
171903,198221,NULL
171904,198222,217793
171905,198223,203030
171906,198224,NULL
171907,198226,NULL
171908,198228,NULL
171909,198231,NULL
171910,198232,NULL
171911,198233,NULL
171912,198234,NULL
171913,198236,NULL
171914,198237,216990
171914,198237,232816
171914,198237,244823
171915,198238,205424
171915,198238,215615
171915,198238,228294
171916,198239,NULL
171917,198240,NULL
171918,198241,NULL
171919,198242,225622
171920,198243,NULL
171921,198244,209150
171922,198245,NULL
171923,198246,NULL
171924,198247,NULL
171925,198248,NULL
171926,198249,NULL
171927,198250,227326
171927,198250,245057
171927,198250,257123
171928,198251,NULL
171929,198252,229837
171929,198252,235131
171929,198252,247145
171930,198253,NULL
171931,198254,NULL
171932,198255,NULL
171933,198258,NULL
171934,198259,NULL
171935,198260,NULL
171936,198261,NULL
171937,198262,NULL
171938,198263,210312
171939,198264,NULL
171940,198265,NULL
171941,198266,NULL
171942,198267,204259
171943,198268,223450
171943,198268,230504
171943,198268,244178
171944,198269,209224
171945,198270,227479
171945,198270,230093
171945,198270,240831
171946,198271,NULL
171947,198272,NULL
171948,198273,NULL
171949,198274,NULL
171950,198275,NULL
171951,198276,226465
171951,198276,240429
171951,198276,251601
171952,198277,NULL
171953,198278,NULL
171954,198279,NULL
171955,198280,NULL
171956,198281,NULL
171957,198282,NULL
171958,198283,NULL
171959,198284,NULL
171960,198285,NULL
171961,198286,NULL
171962,198289,NULL
171963,198291,200031
171963,198291,211506
171963,198291,216183
171964,198292,NULL
171965,198293,NULL
171966,198294,222133
171967,198295,NULL
171968,198296,202002
171969,198297,NULL
171970,198298,NULL
171971,198299,214372
171972,198300,NULL
171973,198301,NULL
171974,198302,202745
171974,198302,209396
171974,198302,213596
171975,198303,NULL
171976,198304,NULL
171977,198305,NULL
171978,198306,204423
171978,198306,221650
171978,198306,230424
171979,198307,NULL
171980,198308,NULL
171981,198310,NULL
171982,198312,NULL
171983,198313,NULL
171984,198314,NULL
171985,198315,NULL
171986,198317,NULL
171987,198318,NULL
171988,198319,NULL
171989,198320,NULL
171990,198321,NULL
171991,198322,NULL
171992,198323,NULL
171993,198324,NULL
171994,198325,NULL
171995,198326,NULL
171996,198327,NULL
171997,198328,NULL
171998,198329,NULL
171999,198330,NULL
172000,198331,NULL
172001,198332,199421
172001,198332,217852
172001,198332,225317
172002,198333,NULL
172003,198334,223254
172003,198334,237904
172003,198334,251968
172004,198335,NULL
172005,198336,NULL
172006,198337,NULL
172007,198338,NULL
172008,198339,231757
172009,198340,NULL
172010,198341,NULL
172011,198342,NULL
172012,198343,NULL
172013,198344,NULL
172014,198345,NULL
172015,198346,NULL
172016,198347,NULL
172017,198348,NULL
172018,198351,NULL
172019,198352,NULL
172020,198353,NULL
172021,198354,NULL
172022,198355,NULL
172023,198356,200089
172024,198357,202408
172024,198357,209112
172024,198357,218669
172025,198358,NULL
172026,198359,NULL
172027,198360,NULL
172028,198361,NULL
172029,198362,NULL
172030,198363,NULL
172031,198364,NULL
172032,198365,NULL
172033,198366,NULL
172034,198367,NULL
172035,198368,NULL
172036,198370,NULL
172037,198372,NULL
172038,198373,NULL
172039,198374,NULL
172040,198375,NULL
172041,198376,NULL
172042,198378,NULL
172043,198379,NULL
172044,198380,NULL
172045,198381,NULL
172046,198382,NULL
172047,198383,NULL
172048,198385,NULL
172049,198387,NULL
172050,198388,NULL
172051,198389,NULL
172052,198391,NULL
172053,198392,NULL
172054,198393,NULL
172055,198394,NULL
172056,198395,NULL
172057,198396,NULL
172058,198397,NULL
172059,198399,NULL
172060,198400,NULL
172061,198401,NULL
172062,198403,NULL
172063,198404,NULL
172064,198405,NULL
172065,198407,NULL
172066,198409,NULL
172067,198410,204696
172067,198410,222184
172067,198410,234983
172068,198412,201167
172069,198413,NULL
172070,198414,NULL
172071,198415,NULL
172072,198416,NULL
172073,198417,NULL
172074,198418,NULL
172075,198419,NULL
172076,198421,222256
172077,198422,232739
172078,198423,NULL
172079,198424,NULL
172080,198425,NULL
172081,198426,NULL
172082,198427,NULL
172083,198428,NULL
172084,198429,NULL
172085,198430,NULL
172086,198431,NULL
172087,198432,NULL
172088,198433,NULL
172089,198435,NULL
172090,198436,212694
172091,198437,NULL
172092,198438,222109
172093,198439,NULL
172094,198440,NULL
172095,198441,NULL
172096,198442,NULL
172097,198443,212972
172098,198444,NULL
172099,198446,NULL
172100,198447,NULL
172101,198448,NULL
172102,198449,NULL
172103,198450,NULL
172104,198451,NULL
172105,198452,NULL
172106,198453,NULL
172107,198454,201845
172107,198454,213776
172107,198454,222667
172108,198455,NULL
172109,198456,NULL
172110,198457,NULL
172111,198459,NULL
172112,198460,216443
172113,198461,NULL
172114,198462,NULL
172115,198463,NULL
172116,198464,NULL
172117,198465,219761
172118,198466,NULL
172119,198467,NULL
172120,198468,NULL
172121,198469,215158
172122,198470,NULL
172123,198472,NULL
172124,198474,200317
172125,198476,NULL
172126,198477,NULL
172127,198478,NULL
172128,198479,NULL
172129,198480,NULL
172130,198481,NULL
172131,198482,NULL
172132,198483,NULL
172133,198484,NULL
172134,198485,NULL
172135,198486,NULL
172136,198487,NULL
172137,198488,NULL
172138,198490,NULL
172139,198491,NULL
172140,198492,NULL
172141,198493,201577
172142,198494,NULL
172143,198495,NULL
172144,198496,NULL
172145,198497,NULL
172146,198498,NULL
172147,198499,223695
172148,198500,203968
172149,198501,NULL
172150,198502,NULL
172151,198503,NULL
172152,198504,NULL
172153,198505,218307
172154,198506,NULL
172155,198507,NULL
172156,198509,NULL
172157,198510,NULL
172158,198511,NULL
172159,198512,NULL
172160,198513,NULL
172161,198514,NULL
172162,198515,NULL
172163,198516,NULL
172164,198517,NULL
172165,198518,NULL
172166,198519,NULL
172167,198520,NULL
172168,198521,NULL
172169,198522,222387
172169,198522,228497
172169,198522,239374
172170,198523,NULL
172171,198524,NULL
172172,198525,NULL
172173,198526,200581
172173,198526,203474
172173,198526,216500
172174,198527,NULL
172175,198528,NULL
172176,198529,NULL
172177,198530,NULL
172178,198531,NULL
172179,198532,NULL
172180,198534,211442
172180,198534,220497
172180,198534,232704
172181,198536,NULL
172182,198537,NULL
172183,198538,NULL
172184,198539,NULL
172185,198540,NULL
172186,198541,NULL
172187,198542,NULL
172188,198543,NULL
172189,198544,206947
172190,198545,NULL
172191,198546,NULL
172192,198547,NULL
172193,198548,NULL
172194,198549,NULL
172195,198550,NULL
172196,198551,NULL
172197,198552,NULL
172198,198553,NULL
172199,198554,NULL
172200,198555,NULL
172201,198556,NULL
172202,198557,NULL
172203,198558,NULL
172204,198559,NULL
172205,198560,NULL
172206,198561,NULL
172207,198562,NULL
172208,198563,NULL
172209,198564,NULL
172210,198565,NULL
172211,198566,NULL
172212,198567,NULL
172213,198569,NULL
172214,198570,NULL
172215,198572,NULL
172216,198573,NULL
172217,198574,NULL
172218,198575,NULL
172219,198576,NULL
172220,198577,NULL
172221,198578,NULL
172222,198579,NULL
172223,198580,NULL
172224,198581,NULL
172225,198582,NULL
172226,198584,NULL
172227,198585,NULL
172228,198586,NULL
172229,198587,NULL
172230,198588,214792
172230,198588,230803
172230,198588,236804
172231,198589,NULL
172232,198590,206471
172233,198591,NULL
172234,198592,NULL
172235,198593,NULL
172236,198594,NULL
172237,198595,NULL
172238,198596,NULL
172239,198597,230596
172239,198597,248275
172239,198597,257511
172240,198598,213773
172240,198598,224692
172240,198598,232309
172241,198599,NULL
172242,198600,NULL
172243,198601,200953
172244,198602,NULL
172245,198603,NULL
172246,198604,NULL
172247,198605,NULL
172248,198606,NULL
172249,198607,NULL
172250,198608,NULL
172251,198609,NULL
172252,198610,NULL
172253,198611,NULL
172254,198612,NULL
172255,198613,NULL
172256,198614,NULL
172257,198615,NULL
172258,198616,NULL
172259,198617,NULL
172260,198618,NULL
172261,198619,NULL
172262,198622,NULL
172263,198623,NULL
172264,198624,NULL
172265,198625,NULL
172266,198626,230427
172266,198626,242047
172266,198626,246265
172267,198627,NULL
172268,198628,NULL
172269,198629,NULL
172270,198630,NULL
172271,198631,NULL
172272,198632,NULL
172273,198633,NULL
172274,198634,NULL
172275,198635,NULL
172276,198636,209884
172276,198636,224961
172276,198636,232148
172277,198637,NULL
172278,198638,NULL
172279,198639,NULL
172280,198640,214024
172281,198642,NULL
172282,198643,NULL
172283,198644,NULL
172284,198646,NULL
172285,198647,NULL
172286,198648,NULL
172287,198649,NULL
172288,198650,NULL
172289,198651,NULL
172290,198652,NULL
172291,198653,NULL
172292,198654,NULL
172293,198655,NULL
172294,198656,NULL
172295,198657,NULL
172296,198658,209678
172296,198658,219798
172296,198658,223310
172297,198659,NULL
172298,198660,NULL
172299,198661,NULL
172300,198662,223383
172301,198664,NULL
172302,198665,NULL
172303,198666,NULL
172304,198667,NULL
172305,198668,NULL
172306,198669,NULL
172307,198670,NULL
172308,198672,NULL
172309,198673,202099
172309,198673,203157
172309,198673,206979
172310,198674,NULL
172311,198675,NULL
172312,198676,NULL
172313,198677,NULL
172314,198678,232550
172315,198679,NULL
172316,198680,214561
172317,198681,NULL
172318,198682,NULL
172319,198683,NULL
172320,198684,NULL
172321,198685,NULL
172322,198686,NULL
172323,198687,NULL
172324,198688,NULL
172325,198689,NULL
172326,198690,NULL
172327,198691,224362
172328,198692,NULL
172329,198693,226800
172330,198694,NULL
172331,198695,NULL
172332,198696,NULL
172333,198697,NULL
172334,198698,NULL
172335,198699,NULL
172336,198700,204184
172336,198700,208372
172336,198700,214284
172337,198701,NULL
172338,198702,215090
172338,198702,233572
172338,198702,245509
172339,198703,NULL
172340,198705,229323
172341,198707,NULL
172342,198708,NULL
172343,198710,NULL
172344,198711,NULL
172345,198712,NULL
172346,198713,NULL
172347,198714,NULL
172348,198715,NULL
172349,198716,NULL
172350,198717,NULL
172351,198718,NULL
172352,198720,NULL
172353,198721,NULL
172354,198722,NULL
172355,198723,NULL
172356,198724,210719
172356,198724,227552
172356,198724,235273
172357,198726,NULL
172358,198727,NULL
172359,198728,NULL
172360,198729,NULL
172361,198730,NULL
172362,198731,NULL
172363,198732,NULL
172364,198733,NULL
172365,198734,NULL
172366,198735,NULL
172367,198736,NULL
172368,198738,NULL
172369,198740,NULL
172370,198741,NULL
172371,198743,NULL
172372,198744,NULL
172373,198745,NULL
172374,198746,NULL
172375,198748,NULL
172376,198749,NULL
172377,198750,211130
172378,198751,NULL
172379,198752,NULL
172380,198753,NULL
172381,198754,NULL
172382,198755,NULL
172383,198756,200767
172383,198756,216242
172383,198756,218162
172384,198757,NULL
172385,198758,NULL
172386,198759,NULL
172387,198760,NULL
172388,198761,NULL
172389,198762,NULL
172390,198763,NULL
172391,198764,232185
172392,198765,NULL
172393,198767,199577
172394,198768,NULL
172395,198769,NULL
172396,198770,NULL
172397,198771,NULL
172398,198772,NULL
172399,198774,NULL
172400,198775,224347
172400,198775,226962
172400,198775,240539
172401,198776,NULL
172402,198777,NULL
172403,198778,NULL
172404,198779,NULL
172405,198780,NULL
172406,198781,NULL
172407,198782,NULL
172408,198783,NULL
172409,198784,NULL
172410,198785,NULL
172411,198787,NULL
172412,198788,NULL
172413,198789,NULL
172414,198790,NULL
172415,198791,NULL
172416,198792,NULL
172417,198795,NULL
172418,198796,NULL
172419,198797,NULL
172420,198798,NULL
172421,198799,199228
172421,198799,216140
172421,198799,226228
172422,198800,NULL
172423,198801,215405
172424,198802,NULL
172425,198803,NULL
172426,198804,NULL
172427,198805,NULL
172428,198806,NULL
172429,198807,NULL
172430,198808,NULL
172431,198809,NULL
172432,198810,NULL
172433,198811,NULL
172434,198812,NULL
172435,198813,NULL
172436,198814,207611
172437,198815,212364
172438,198817,NULL
172439,198819,NULL
172440,198820,NULL
172441,198821,NULL
172442,198822,NULL
172443,198824,NULL
172444,198825,NULL
172445,198826,NULL
172446,198827,NULL
172447,198828,NULL
172448,198829,NULL
172449,198830,209053
172450,198831,NULL
172451,198832,213718
172452,198833,210218
172452,198833,214002
172452,198833,217728
172453,198834,NULL
172454,198835,NULL
172455,198836,NULL
172456,198837,NULL
172457,198838,NULL
172458,198839,NULL
172459,198840,NULL
172460,198841,NULL
172461,198842,NULL
172462,198843,NULL
172463,198844,NULL
172464,198845,NULL
172465,198846,NULL
172466,198847,NULL
172467,198848,215002
172467,198848,226143
172467,198848,238493
172468,198850,NULL
172469,198851,NULL
172470,198852,NULL
172471,198853,224846
172471,198853,232211
172471,198853,239582
172472,198854,NULL
172473,198855,NULL
172474,198856,NULL
172475,198857,NULL
172476,198858,218040
172476,198858,239239
172476,198858,247759
172477,198859,NULL
172478,198860,NULL
172479,198861,NULL
172480,198863,NULL
172481,198864,207785
172482,198865,224921
172483,198866,NULL
172484,198867,NULL
172485,198868,NULL
172486,198869,NULL
172487,198870,216784
172488,198871,NULL
172489,198872,NULL
172490,198873,NULL
172491,198874,217845
172492,198876,209335
172493,198877,NULL
172494,198878,NULL
172495,198879,NULL
172496,198880,NULL
172497,198881,NULL
172498,198882,NULL
172499,198883,225043
172499,198883,234707
172499,198883,244186
172500,198884,NULL
172501,198885,NULL
172502,198886,NULL
172503,198887,NULL
172504,198888,NULL
172505,198889,NULL
172506,198890,NULL
172507,198891,NULL
172508,198892,NULL
172509,198893,206199
172510,198895,NULL
172511,198896,NULL
172512,198897,NULL
172513,198898,NULL
172514,198899,NULL
172515,198900,NULL
172516,198901,NULL
172517,198902,NULL
172518,198904,NULL
172519,198905,NULL
172520,198907,NULL
172521,198908,NULL
172522,198910,NULL
172523,198912,NULL
172524,198913,NULL
172525,198914,NULL
172526,198915,NULL
172527,198917,NULL
172528,198919,NULL
172529,198920,NULL
172530,198923,NULL
172531,198924,NULL
172532,198925,NULL
172533,198926,213080
172534,198928,NULL
172535,198929,NULL
172536,198930,NULL
172537,198931,NULL
172538,198933,NULL
172539,198934,NULL
172540,198935,NULL
172541,198936,214204
172542,198937,NULL
172543,198938,NULL
172544,198940,NULL
172545,198941,NULL
172546,198942,NULL
172547,198943,NULL
172548,198944,211353
172549,198945,215701
172550,198946,NULL
172551,198947,NULL
172552,198948,NULL
172553,198950,NULL
172554,198951,NULL
172555,198952,NULL
172556,198953,NULL
172557,198954,NULL
172558,198955,218235
172559,198956,209841
172560,198957,NULL
172561,198958,NULL
172562,198959,NULL
172563,198960,NULL
172564,198961,NULL
172565,198962,218556
172566,198963,NULL
172567,198964,NULL
172568,198965,NULL
172569,198966,NULL
172570,198967,NULL
172571,198969,236374
172571,198969,256362
172571,198969,258829
172572,198970,NULL
172573,198971,NULL
172574,198972,NULL
172575,198973,220715
172576,198974,NULL
172577,198975,NULL
172578,198976,NULL
172579,198978,NULL
172580,198979,NULL
172581,198980,NULL
172582,198981,NULL
172583,198982,NULL
172584,198983,NULL
172585,198984,210377
172586,198985,NULL
172587,198986,NULL
172588,198987,NULL
172589,198988,NULL
172590,198990,NULL
172591,198991,NULL
172592,198992,NULL
172593,198994,NULL
172594,198995,215731
172594,198995,232479
172594,198995,240400
172595,198996,NULL
172596,198997,NULL
172597,198998,NULL
172598,198999,NULL
172599,199000,211423
172599,199000,218873
172599,199000,224797
172600,199001,210354
172601,199002,221543
172602,199003,NULL
172603,199004,NULL
172604,199005,NULL
172605,199007,221176
172605,199007,230184
172605,199007,237720
172606,199008,NULL
172607,199009,NULL
172608,199010,215143
172608,199010,230445
172608,199010,234574
172609,199011,232289
172609,199011,246292
172609,199011,252665
172610,199012,NULL
172611,199013,NULL
172612,199014,NULL
172613,199015,NULL
172614,199016,214326
172614,199016,228620
172614,199016,237993
172615,199017,NULL
172616,199019,NULL
172617,199021,NULL
172618,199022,NULL
172619,199023,NULL
172620,199024,NULL
172621,199025,231301
172621,199025,234352
172621,199025,242325
172622,199026,NULL
172623,199027,NULL
172624,199028,NULL
172625,199029,NULL
172626,199030,NULL
172627,199031,NULL
172628,199032,NULL
172629,199033,NULL
172630,199034,NULL
172631,199035,222572
172631,199035,232713
172631,199035,244250
172632,199036,NULL
172633,199037,NULL
172634,199038,NULL
172635,199040,NULL
172636,199041,NULL
172637,199042,NULL
172638,199043,NULL
172639,199044,NULL
172640,199045,NULL
172641,199046,NULL
172642,199047,NULL
172643,199048,NULL
172644,199049,232334
172645,199050,NULL
172646,199051,NULL
172647,199052,NULL
172648,199053,NULL
172649,199054,NULL
172650,199055,NULL
172651,199057,NULL
172652,199058,NULL
172653,199059,NULL
172654,199060,NULL
172655,199061,NULL
172656,199062,NULL
172657,199063,NULL
172658,199064,NULL
172659,199066,NULL
172660,199067,NULL
172661,199069,NULL
172662,199070,NULL
172663,199073,NULL
172664,199074,NULL
172665,199075,NULL
172666,199076,NULL
172667,199077,225053
172667,199077,236524
172667,199077,238313
172668,199078,206874
172669,199079,213290
172670,199081,NULL
172671,199082,NULL
172672,199083,213314
172673,199084,NULL
172674,199085,NULL
172675,199086,NULL
172676,199087,236017
172677,199088,NULL
172678,199089,NULL
172679,199090,NULL
172680,199091,NULL
172681,199092,NULL
172682,199094,213144
172683,199095,NULL
172684,199096,NULL
172685,199097,NULL
172686,199098,NULL
172687,199099,NULL
172688,199100,NULL
172689,199101,NULL
172690,199102,NULL
172691,199103,208363
172692,199104,NULL
172693,199105,NULL
172694,199106,NULL
172695,199107,NULL
172696,199110,216146
172697,199114,NULL
172698,199115,NULL
172699,199116,NULL
172700,199117,NULL
172701,199118,NULL
172702,199120,NULL
172703,199121,NULL
172704,199122,NULL
172705,199123,NULL
172706,199125,NULL
172707,199126,NULL
172708,199127,NULL
172709,199128,NULL
172710,199129,NULL
172711,199130,NULL
172712,199131,208580
172712,199131,216087
172712,199131,222097
172713,199132,204757
172714,199133,NULL
172715,199134,NULL
172716,199135,211070
172717,199136,NULL
172718,199138,NULL
172719,199139,NULL
172720,199140,NULL
172721,199141,NULL
172722,199143,NULL
172723,199144,NULL
172724,199146,NULL
172725,199147,NULL
172726,199148,NULL
172727,199149,NULL
172728,199150,NULL
172729,199151,NULL
172730,199152,NULL
172731,199153,NULL
172732,199154,NULL
172733,199155,NULL
172734,199156,NULL
172735,199157,NULL
172736,199158,NULL
172737,199159,NULL
172738,199160,NULL
172739,199161,NULL
172740,199162,NULL
172741,199165,NULL
172742,199166,NULL
172743,199167,NULL
172744,199168,NULL
172745,199169,219011
172745,199169,239775
172745,199169,252975
172746,199170,NULL
172747,199171,NULL
172748,199172,219796
172748,199172,239819
172748,199172,252106
172749,199173,NULL
172750,199174,NULL
172751,199175,NULL
172752,199176,NULL
172753,199177,NULL
172754,199179,NULL
172755,199180,NULL
172756,199182,223130
172756,199182,242390
172756,199182,245689
172757,199183,NULL
172758,199184,NULL
172759,199185,NULL
172760,199186,NULL
172761,199187,215847
172762,199188,NULL
172763,199189,NULL
172764,199190,NULL
172765,199191,NULL
172766,199193,205389
172766,199193,209473
172766,199193,218725
172767,199194,NULL
172768,199196,NULL
172769,199197,NULL
172770,199198,NULL
172771,199199,NULL
172772,199200,221736
172772,199200,236218
172772,199200,248494
172773,199202,NULL
172774,199203,NULL
172775,199204,NULL
172776,199206,216568
172777,199207,NULL
172778,199208,NULL
172779,199210,NULL
172780,199211,204946
172781,199212,NULL
172782,199213,NULL
172783,199214,NULL
172784,199215,216703
172785,199216,NULL
172786,199217,NULL
172787,199218,211801
172788,199220,NULL
172789,199221,NULL
172790,199223,NULL
172791,199224,NULL
172792,199225,NULL
172793,199226,224513
172794,199227,NULL
172795,199229,NULL
172796,199230,NULL
172797,199231,NULL
172798,199232,NULL
172799,199233,NULL
172800,199234,NULL
172801,199235,NULL
172802,199236,NULL
172803,199237,NULL
172804,199238,NULL
172805,199239,NULL
172806,199240,NULL
172807,199241,NULL
172808,199242,NULL
172809,199244,NULL
172810,199245,NULL
172811,199246,NULL
172812,199247,NULL
172813,199248,NULL
172814,199249,NULL
172815,199250,206783
172816,199251,NULL
172817,199252,NULL
172818,199253,NULL
172819,199254,NULL
172820,199256,NULL
172821,199259,NULL
172822,199260,220154
172823,199261,228029
172824,199262,NULL
172825,199263,NULL
172826,199264,NULL
172827,199265,NULL
172828,199266,236560
172828,199266,251761
172828,199266,260071
172829,199268,NULL
172830,199269,NULL
172831,199270,NULL
172832,199271,NULL
172833,199272,NULL
172834,199274,NULL
172835,199275,229139
172835,199275,237620
172835,199275,251066
172836,199277,NULL
172837,199278,NULL
172838,199279,NULL
172839,199280,NULL
172840,199281,218798
172841,199282,219606
172842,199283,NULL
172843,199284,NULL
172844,199285,NULL
172845,199286,NULL
172846,199287,NULL
172847,199288,NULL
172848,199289,NULL
172849,199290,203570
172849,199290,208974
172849,199290,214495
172850,199291,NULL
172851,199292,NULL
172852,199294,NULL
172853,199295,NULL
172854,199296,213339
172855,199297,NULL
172856,199298,NULL
172857,199299,228557
172858,199300,205890
172858,199300,221204
172858,199300,225127
172859,199302,NULL
172860,199303,NULL
172861,199304,225255
172861,199304,235708
172861,199304,239016
172862,199305,NULL
172863,199306,NULL
172864,199307,NULL
172865,199310,NULL
172866,199311,NULL
172867,199312,210314
172868,199313,NULL
172869,199314,NULL
172870,199315,NULL
172871,199316,206551
172871,199316,211689
172871,199316,216839
172872,199317,NULL
172873,199318,NULL
172874,199319,NULL
172875,199320,NULL
172876,199321,208606
172877,199323,NULL
172878,199324,NULL
172879,199325,NULL
172880,199326,217146
172881,199327,NULL
172882,199328,NULL
172883,199331,NULL
172884,199332,NULL
172885,199333,NULL
172886,199334,NULL
172887,199335,235599
172887,199335,239560
172887,199335,245006
172888,199336,NULL
172889,199337,NULL
172890,199338,NULL
172891,199339,NULL
172892,199340,NULL
172893,199341,NULL
172894,199342,NULL
172895,199343,NULL
172896,199344,NULL
172897,199349,NULL
172898,199350,NULL
172899,199351,NULL
172900,199352,NULL
172901,199353,NULL
172902,199355,NULL
172903,199356,NULL
172904,199359,NULL
172905,199360,232223
172906,199361,NULL
172907,199362,NULL
172908,199363,NULL
172909,199364,NULL
172910,199365,206528
172910,199365,213725
172910,199365,215276
172911,199366,NULL
172912,199367,NULL
172913,199370,NULL
172914,199371,NULL
172915,199372,NULL
172916,199373,NULL
172917,199374,NULL
172918,199375,NULL
172919,199376,NULL
172920,199377,NULL
172921,199378,NULL
172922,199379,NULL
172923,199380,NULL
172924,199381,NULL
172925,199382,NULL
172926,199383,NULL
172927,199384,NULL
172928,199385,235196
172928,199385,242825
172928,199385,251875
172929,199386,NULL
172930,199388,NULL
172931,199389,NULL
172932,199390,NULL
172933,199391,NULL
172934,199392,NULL
172935,199393,NULL
172936,199394,NULL
172937,199395,NULL
172938,199396,NULL
172939,199397,NULL
172940,199398,NULL
172941,199399,NULL
172942,199400,NULL
172943,199401,NULL
172944,199402,224228
172945,199403,NULL
172946,199404,NULL
172947,199405,NULL
172948,199407,NULL
172949,199408,NULL
172950,199410,NULL
172951,199411,NULL
172952,199412,236380
172953,199413,NULL
172954,199414,209797
172954,199414,215114
172954,199414,219909
172955,199415,NULL
172956,199416,NULL
172957,199418,NULL
172958,199419,NULL
172959,199420,NULL
172960,199423,NULL
172961,199424,NULL
172962,199425,NULL
172963,199426,NULL
172964,199429,NULL
172965,199430,NULL
172966,199431,NULL
172967,199432,213373
172967,199432,220548
172967,199432,224556
172968,199433,NULL
172969,199434,NULL
172970,199435,NULL
172971,199437,NULL
172972,199438,NULL
172973,199439,NULL
172974,199440,222038
172975,199442,NULL
172976,199443,NULL
172977,199444,NULL
172978,199446,NULL
172979,199449,NULL
172980,199450,226384
172981,199451,NULL
172982,199452,229626
172983,199453,NULL
172984,199454,NULL
172985,199455,NULL
172986,199456,NULL
172987,199457,234413
172988,199458,NULL
172989,199459,NULL
172990,199460,NULL
172991,199461,207812
172992,199462,NULL
172993,199463,NULL
172994,199464,227557
172995,199465,NULL
172996,199466,NULL
172997,199467,NULL
172998,199468,NULL
172999,199469,NULL
173000,199470,NULL
173001,199471,223664
173002,199472,NULL
173003,199473,NULL
173004,199475,218131
173004,199475,226352
173004,199475,230119
173005,199476,234369
173006,199477,NULL
173007,199478,NULL
173008,199481,NULL
173009,199482,NULL
173010,199483,215023
173011,199484,NULL
173012,199485,NULL
173013,199486,NULL
173014,199487,NULL
173015,199488,NULL
173016,199489,NULL
173017,199490,203499
173018,199491,NULL
173019,199492,NULL
173020,199493,NULL
173021,199494,NULL
173022,199495,NULL
173023,199496,NULL
173024,199497,206711
173025,199498,NULL
173026,199499,227006
173027,199500,205686
173028,199501,NULL
173029,199502,NULL
173030,199503,NULL
173031,199504,NULL
173032,199505,NULL
173033,199506,NULL
173034,199507,NULL
173035,199508,NULL
173036,199509,NULL
173037,199510,NULL
173038,199511,NULL
173039,199513,NULL
173040,199514,NULL
173041,199515,NULL
173042,199516,NULL
173043,199517,NULL
173044,199518,212500
173045,199519,NULL
173046,199520,NULL
173047,199521,NULL
173048,199522,219490
173048,199522,235820
173048,199522,246186
173049,199523,NULL
173050,199524,236690
173050,199524,245843
173050,199524,257989
173051,199525,NULL
173052,199526,NULL
173053,199527,NULL
173054,199528,235614
173054,199528,237151
173054,199528,242342
173055,199529,NULL
173056,199530,NULL
173057,199531,NULL
173058,199532,NULL
173059,199533,NULL
173060,199534,NULL
173061,199535,NULL
173062,199536,NULL
173063,199538,NULL
173064,199539,NULL
173065,199540,NULL
173066,199541,NULL
173067,199542,NULL
173068,199543,NULL
173069,199544,218251
173069,199544,232224
173069,199544,237438
173070,199546,NULL
173071,199547,210371
173071,199547,216327
173071,199547,221088
173072,199548,NULL
173073,199550,NULL
173074,199551,NULL
173075,199552,NULL
173076,199553,NULL
173077,199554,NULL
173078,199555,NULL
173079,199556,NULL
173080,199557,NULL
173081,199558,NULL
173082,199559,NULL
173083,199560,NULL
173084,199561,NULL
173085,199562,NULL
173086,199565,NULL
173087,199566,NULL
173088,199567,NULL
173089,199568,NULL
173090,199569,225748
173090,199569,234678
173090,199569,237130
173091,199570,NULL
173092,199571,NULL
173093,199572,NULL
173094,199573,NULL
173095,199574,NULL
173096,199576,NULL
173097,199578,NULL
173098,199579,NULL
173099,199581,NULL
173100,199582,NULL
173101,199583,NULL
173102,199584,NULL
173103,199585,NULL
173104,199586,NULL
173105,199587,NULL
173106,199588,NULL
173107,199589,NULL
173108,199590,NULL
173109,199591,NULL
173110,199592,230404
173111,199593,NULL
173112,199594,NULL
173113,199595,209928
173114,199597,NULL
173115,199598,NULL
173116,199599,NULL
173117,199600,NULL
173118,199601,NULL
173119,199602,NULL
173120,199603,NULL
173121,199604,NULL
173122,199606,NULL
173123,199607,NULL
173124,199608,207078
173124,199608,220833
173124,199608,224088
173125,199610,221685
173126,199611,NULL
173127,199612,212169
173128,199613,NULL
173129,199615,NULL
173130,199616,NULL
173131,199617,207925
173132,199618,NULL
173133,199619,NULL
173134,199620,NULL
173135,199622,NULL
173136,199623,NULL
173137,199624,NULL
173138,199625,NULL
173139,199627,NULL
173140,199628,NULL
173141,199629,NULL
173142,199630,NULL
173143,199632,NULL
173144,199633,NULL
173145,199634,NULL
173146,199635,NULL
173147,199636,NULL
173148,199637,NULL
173149,199638,NULL
173150,199639,NULL
173151,199640,NULL
173152,199641,NULL
173153,199642,233806
173154,199643,231084
173155,199644,NULL
173156,199645,NULL
173157,199646,NULL
173158,199647,NULL
173159,199648,NULL
173160,199649,NULL
173161,199650,NULL
173162,199651,NULL
173163,199652,NULL
173164,199653,NULL
173165,199654,NULL
173166,199655,229872
173167,199656,NULL
173168,199659,NULL
173169,199660,NULL
173170,199661,NULL
173171,199662,NULL
173172,199663,NULL
173173,199664,NULL
173174,199666,NULL
173175,199667,NULL
173176,199668,NULL
173177,199670,NULL
173178,199671,NULL
173179,199672,NULL
173180,199673,NULL
173181,199674,NULL
173182,199676,NULL
173183,199677,NULL
173184,199679,NULL
173185,199681,NULL
173186,199682,NULL
173187,199683,NULL
173188,199684,NULL
173189,199685,217191
173190,199686,NULL
173191,199687,NULL
173192,199688,NULL
173193,199689,NULL
173194,199690,211877
173194,199690,222999
173194,199690,225161
173195,199691,NULL
173196,199692,213119
173197,199693,210075
173197,199693,217196
173197,199693,227863
173198,199694,NULL
173199,199695,NULL
173200,199696,NULL
173201,199697,NULL
173202,199698,NULL
173203,199699,NULL
173204,199700,NULL
173205,199702,NULL
173206,199703,NULL
173207,199704,NULL
173208,199705,234359
173209,199706,NULL
173210,199707,NULL
173211,199708,NULL
173212,199709,NULL
173213,199711,NULL
173214,199712,NULL
173215,199715,224826
173216,199716,NULL
173217,199717,NULL
173218,199718,NULL
173219,199719,NULL
173220,199721,NULL
173221,199722,NULL
173222,199724,NULL
173223,199725,223348
173224,199726,NULL
173225,199727,NULL
173226,199729,NULL
173227,199730,NULL
173228,199731,NULL
173229,199733,NULL
173230,199734,NULL
173231,199735,NULL
173232,199736,NULL
173233,199737,NULL
173234,199739,NULL
173235,199740,NULL
173236,199741,NULL
173237,199742,NULL
173238,199744,NULL
173239,199745,NULL
173240,199747,209320
173240,199747,228695
173240,199747,229369
173241,199748,NULL
173242,199749,NULL
173243,199750,208045
173243,199750,225764
173243,199750,237712
173244,199751,NULL
173245,199752,NULL
173246,199753,NULL
173247,199754,NULL
173248,199755,NULL
173249,199757,NULL
173250,199758,NULL
173251,199759,NULL
173252,199760,216581
173253,199761,NULL
173254,199762,NULL
173255,199763,NULL
173256,199765,NULL
173257,199766,NULL
173258,199767,NULL
173259,199769,NULL
173260,199770,NULL
173261,199771,NULL
173262,199772,NULL
173263,199773,210072
173264,199774,NULL
173265,199775,NULL
173266,199776,NULL
173267,199777,NULL
173268,199778,NULL
173269,199779,NULL
173270,199780,NULL
173271,199781,NULL
173272,199782,NULL
173273,199783,NULL
173274,199784,NULL
173275,199785,NULL
173276,199786,NULL
173277,199788,NULL
173278,199789,NULL
173279,199790,NULL
173280,199791,NULL
173281,199792,NULL
173282,199793,NULL
173283,199794,NULL
173284,199795,NULL
173285,199796,NULL
173286,199798,NULL
173287,199799,NULL
173288,199800,NULL
173289,199801,NULL
173290,199802,234128
173291,199803,NULL
173292,199804,NULL
173293,199805,NULL
173294,199807,NULL
173295,199808,NULL
173296,199809,NULL
173297,199810,233601
173297,199810,239350
173297,199810,249694
173298,199811,NULL
173299,199812,NULL
173300,199813,NULL
173301,199814,NULL
173302,199816,NULL
173303,199817,NULL
173304,199818,NULL
173305,199819,NULL
173306,199820,NULL
173307,199822,NULL
173308,199824,NULL
173309,199825,NULL
173310,199826,NULL
173311,199828,NULL
173312,199829,NULL
173313,199830,NULL
173314,199831,218472
173315,199832,NULL
173316,199833,NULL
173317,199834,221026
173318,199835,NULL
173319,199836,NULL
173320,199837,NULL
173321,199838,NULL
173322,199839,NULL
173323,199840,NULL
173324,199841,NULL
173325,199842,NULL
173326,199843,NULL
173327,199844,227733
173328,199845,NULL
173329,199846,217956
173330,199847,NULL
173331,199848,NULL
173332,199849,NULL
173333,199852,NULL
173334,199854,NULL
173335,199855,NULL
173336,199856,213002
173336,199856,220143
173336,199856,229970
173337,199858,NULL
173338,199859,NULL
173339,199861,NULL
173340,199862,212203
173341,199863,NULL
173342,199864,NULL
173343,199865,NULL
173344,199866,NULL
173345,199867,NULL
173346,199868,NULL
173347,199869,NULL
173348,199870,NULL
173349,199872,NULL
173350,199874,NULL
173351,199875,NULL
173352,199877,NULL
173353,199878,NULL
173354,199879,NULL
173355,199880,NULL
173356,199881,NULL
173357,199882,NULL
173358,199883,NULL
173359,199884,NULL
173360,199885,NULL
173361,199887,NULL
173362,199889,NULL
173363,199890,NULL
173364,199892,NULL
173365,199893,NULL
173366,199894,NULL
173367,199895,NULL
173368,199896,NULL
173369,199897,NULL
173370,199898,NULL
173371,199899,NULL
173372,199900,NULL
173373,199902,NULL
173374,199903,NULL
173375,199904,NULL
173376,199905,NULL
173377,199906,NULL
173378,199907,208072
173379,199908,NULL
173380,199909,NULL
173381,199910,NULL
173382,199911,NULL
173383,199912,NULL
173384,199913,NULL
173385,199914,203748
173386,199915,222578
173387,199916,NULL
173388,199917,220348
173389,199918,NULL
173390,199919,NULL
173391,199920,NULL
173392,199921,NULL
173393,199922,NULL
173394,199923,NULL
173395,199925,NULL
173396,199927,NULL
173397,199928,NULL
173398,199929,210069
173399,199930,NULL
173400,199932,NULL
173401,199933,NULL
173402,199935,NULL
173403,199936,NULL
173404,199937,NULL
173405,199938,NULL
173406,199939,NULL
173407,199940,NULL
173408,199941,NULL
173409,199942,237020
173410,199944,NULL
173411,199946,NULL
173412,199948,NULL
173413,199950,NULL
173414,199951,NULL
173415,199952,218359
173416,199953,NULL
173417,199955,NULL
173418,199956,NULL
173419,199957,NULL
173420,199958,NULL
173421,199959,NULL
173422,199961,NULL
173423,199962,NULL
173424,199963,NULL
173425,199964,NULL
173426,199965,NULL
173427,199966,NULL
173428,199967,NULL
173429,199969,NULL
173430,199970,NULL
173431,199971,NULL
173432,199974,NULL
173433,199975,NULL
173434,199977,NULL
173435,199979,NULL
173436,199980,NULL
173437,199981,NULL
173438,199982,220192
173439,199983,NULL
173440,199986,NULL
173441,199987,226904
173442,199988,NULL
173443,199993,NULL
173444,199994,NULL
173445,199995,NULL
173446,199996,NULL
173447,199997,NULL
173448,199999,NULL
173449,200000,NULL
173450,200002,NULL
173451,200003,NULL
173452,200005,NULL
173453,200006,NULL
173454,200007,231122
173454,200007,236414
173454,200007,239420
173455,200008,NULL
173456,200009,226886
173457,200010,NULL
173458,200012,NULL
173459,200013,NULL
173460,200014,NULL
173461,200015,209741
173461,200015,218711
173461,200015,223380
173462,200016,NULL
173463,200017,NULL
173464,200018,208128
173465,200019,204537
173466,200020,226229
173467,200021,206750
173468,200022,NULL
173469,200023,NULL
173470,200024,NULL
173471,200025,NULL
173472,200026,NULL
173473,200027,235066
173474,200028,NULL
173475,200029,221029
173476,200032,NULL
173477,200033,223288
173478,200034,NULL
173479,200035,NULL
173480,200036,NULL
173481,200037,215738
173482,200038,NULL
173483,200039,NULL
173484,200040,NULL
173485,200041,NULL
173486,200043,NULL
173487,200044,NULL
173488,200045,NULL
173489,200046,NULL
173490,200047,NULL
173491,200048,NULL
173492,200051,NULL
173493,200052,223640
173494,200053,213784
173495,200054,NULL
173496,200055,NULL
173497,200059,231285
173498,200060,209784
173499,200061,NULL
173500,200062,213518
173501,200063,NULL
173502,200064,NULL
173503,200065,NULL
173504,200066,NULL
173505,200067,NULL
173506,200068,NULL
173507,200069,NULL
173508,200070,NULL
173509,200071,NULL
173510,200072,NULL
173511,200073,NULL
173512,200074,NULL
173513,200075,NULL
173514,200076,NULL
173515,200077,NULL
173516,200078,210266
173516,200078,221759
173516,200078,235516
173517,200079,NULL
173518,200080,NULL
173519,200081,NULL
173520,200082,NULL
173521,200083,NULL
173522,200084,NULL
173523,200086,NULL
173524,200087,NULL
173525,200088,NULL
173526,200091,NULL
173527,200092,NULL
173528,200093,NULL
173529,200095,228576
173529,200095,241964
173529,200095,255060
173530,200096,NULL
173531,200097,211175
173531,200097,217306
173531,200097,222344
173532,200099,NULL
173533,200100,NULL
173534,200101,NULL
173535,200102,NULL
173536,200103,NULL
173537,200104,NULL
173538,200105,NULL
173539,200106,NULL
173540,200107,225569
173541,200108,NULL
173542,200109,NULL
173543,200110,NULL
173544,200111,NULL
173545,200112,NULL
173546,200113,NULL
173547,200114,NULL
173548,200116,NULL
173549,200117,NULL
173550,200118,NULL
173551,200120,NULL
173552,200121,NULL
173553,200122,NULL
173554,200123,NULL
173555,200125,NULL
173556,200126,NULL
173557,200127,NULL
173558,200128,NULL
173559,200129,NULL
173560,200130,NULL
173561,200131,218690
173562,200133,222657
173563,200134,NULL
173564,200135,NULL
173565,200136,228014
173565,200136,239442
173565,200136,244868
173566,200137,NULL
173567,200138,229794
173568,200139,NULL
173569,200141,NULL
173570,200143,NULL
173571,200144,NULL
173572,200145,NULL
173573,200146,224878
173574,200147,NULL
173575,200148,NULL
173576,200149,231447
173577,200151,NULL
173578,200152,NULL
173579,200153,NULL
173580,200156,NULL
173581,200157,NULL
173582,200158,NULL
173583,200159,NULL
173584,200160,NULL
173585,200161,NULL
173586,200162,NULL
173587,200163,NULL
173588,200164,NULL
173589,200165,NULL
173590,200166,NULL
173591,200167,NULL
173592,200168,222721
173593,200169,NULL
173594,200170,NULL
173595,200172,NULL
173596,200173,NULL
173597,200174,NULL
173598,200176,NULL
173599,200178,NULL
173600,200179,NULL
173601,200180,NULL
173602,200182,NULL
173603,200183,NULL
173604,200184,221575
173605,200185,NULL
173606,200186,NULL
173607,200187,NULL
173608,200188,NULL
173609,200189,NULL
173610,200190,NULL
173611,200191,NULL
173612,200192,NULL
173613,200193,NULL
173614,200194,NULL
173615,200195,NULL
173616,200196,NULL
173617,200197,NULL
173618,200198,NULL
173619,200199,NULL
173620,200200,NULL
173621,200201,228169
173622,200203,NULL
173623,200204,NULL
173624,200205,NULL
173625,200206,NULL
173626,200207,235245
173627,200208,NULL
173628,200209,NULL
173629,200210,NULL
173630,200211,NULL
173631,200212,NULL
173632,200213,NULL
173633,200214,NULL
173634,200215,NULL
173635,200220,NULL
173636,200221,NULL
173637,200222,NULL
173638,200224,NULL
173639,200225,NULL
173640,200228,NULL
173641,200229,NULL
173642,200230,NULL
173643,200231,NULL
173644,200232,NULL
173645,200233,NULL
173646,200234,NULL
173647,200235,NULL
173648,200236,NULL
173649,200238,208120
173649,200238,218090
173649,200238,228748
173650,200239,NULL
173651,200240,NULL
173652,200241,NULL
173653,200243,NULL
173654,200244,NULL
173655,200245,NULL
173656,200246,NULL
173657,200247,NULL
173658,200248,NULL
173659,200249,NULL
173660,200250,NULL
173661,200251,NULL
173662,200254,NULL
173663,200256,231685
173663,200256,235575
173663,200256,245047
173664,200257,NULL
173665,200258,NULL
173666,200259,NULL
173667,200260,NULL
173668,200262,NULL
173669,200264,234439
173670,200265,NULL
173671,200267,NULL
173672,200268,NULL
173673,200269,NULL
173674,200270,232128
173675,200271,NULL
173676,200272,NULL
173677,200273,NULL
173678,200274,NULL
173679,200276,NULL
173680,200277,232402
173681,200278,236750
173681,200278,243563
173681,200278,248596
173682,200279,NULL
173683,200280,NULL
173684,200281,NULL
173685,200282,225056
173686,200283,NULL
173687,200284,NULL
173688,200285,NULL
173689,200286,NULL
173690,200287,NULL
173691,200288,NULL
173692,200290,NULL
173693,200293,NULL
173694,200295,NULL
173695,200297,NULL
173696,200298,NULL
173697,200299,NULL
173698,200300,204667
173699,200301,NULL
173700,200302,NULL
173701,200303,NULL
173702,200304,NULL
173703,200305,NULL
173704,200306,NULL
173705,200307,NULL
173706,200308,NULL
173707,200310,NULL
173708,200311,224055
173709,200312,NULL
173710,200313,NULL
173711,200314,NULL
173712,200315,NULL
173713,200316,NULL
173714,200318,NULL
173715,200319,236470
173716,200320,NULL
173717,200321,NULL
173718,200322,NULL
173719,200323,NULL
173720,200324,210853
173720,200324,224300
173720,200324,227030
173721,200325,NULL
173722,200326,NULL
173723,200328,208597
173723,200328,224655
173723,200328,230270
173724,200329,233038
173725,200330,216810
173726,200331,NULL
173727,200332,NULL
173728,200334,NULL
173729,200335,NULL
173730,200336,NULL
173731,200337,NULL
173732,200338,NULL
173733,200339,NULL
173734,200340,NULL
173735,200341,NULL
173736,200344,NULL
173737,200345,NULL
173738,200347,NULL
173739,200348,NULL
173740,200350,NULL
173741,200351,NULL
173742,200352,NULL
173743,200353,211773
173744,200354,NULL
173745,200355,NULL
173746,200357,NULL
173747,200358,NULL
173748,200359,NULL
173749,200360,NULL
173750,200361,NULL
173751,200362,NULL
173752,200363,211612
173752,200363,223226
173752,200363,230715
173753,200364,NULL
173754,200365,NULL
173755,200368,NULL
173756,200369,NULL
173757,200370,NULL
173758,200371,NULL
173759,200372,NULL
173760,200373,NULL
173761,200374,222787
173762,200375,NULL
173763,200376,221469
173763,200376,235348
173763,200376,244348
173764,200377,224855
173764,200377,243676
173764,200377,254374
173765,200378,234198
173766,200379,NULL
173767,200380,NULL
173768,200381,NULL
173769,200382,207089
173769,200382,219561
173769,200382,229633
173770,200384,NULL
173771,200385,NULL
173772,200386,NULL
173773,200387,204995
173774,200388,NULL
173775,200389,NULL
173776,200390,NULL
173777,200392,219811
173778,200393,NULL
173779,200395,NULL
173780,200396,217895
173780,200396,225316
173780,200396,235542
173781,200397,NULL
173782,200398,NULL
173783,200399,226828
173784,200400,205827
173785,200402,NULL
173786,200403,NULL
173787,200404,NULL
173788,200406,NULL
173789,200407,NULL
173790,200408,NULL
173791,200409,210202
173792,200411,NULL
173793,200412,229226
173794,200413,219636
173795,200414,NULL
173796,200415,NULL
173797,200416,216489
173798,200417,NULL
173799,200418,NULL
173800,200419,NULL
173801,200420,NULL
173802,200421,NULL
173803,200423,NULL
173804,200424,NULL
173805,200425,235402
173805,200425,254974
173805,200425,265512
173806,200427,NULL
173807,200428,NULL
173808,200431,NULL
173809,200432,NULL
173810,200435,NULL
173811,200436,236013
173811,200436,243923
173811,200436,249760
173812,200437,NULL
173813,200438,NULL
173814,200439,NULL
173815,200440,NULL
173816,200441,NULL
173817,200442,NULL
173818,200443,NULL
173819,200444,NULL
173820,200445,NULL
173821,200446,NULL
173822,200447,NULL
173823,200448,NULL
173824,200449,NULL
173825,200450,NULL
173826,200451,NULL
173827,200452,NULL
173828,200453,NULL
173829,200455,231055
173830,200456,NULL
173831,200457,NULL
173832,200459,NULL
173833,200460,NULL
173834,200461,NULL
173835,200462,NULL
173836,200463,NULL
173837,200464,NULL
173838,200465,NULL
173839,200466,204350
173840,200467,NULL
173841,200468,NULL
173842,200469,NULL
173843,200470,NULL
173844,200472,227791
173844,200472,232028
173844,200472,239767
173845,200473,NULL
173846,200474,212305
173846,200474,227937
173846,200474,237555
173847,200475,NULL
173848,200476,NULL
173849,200477,NULL
173850,200478,NULL
173851,200479,NULL
173852,200480,235478
173852,200480,253388
173852,200480,254482
173853,200481,NULL
173854,200482,NULL
173855,200483,NULL
173856,200484,NULL
173857,200485,NULL
173858,200486,NULL
173859,200488,NULL
173860,200489,NULL
173861,200490,NULL
173862,200491,NULL
173863,200492,NULL
173864,200493,NULL
173865,200494,NULL
173866,200495,NULL
173867,200496,NULL
173868,200497,NULL
173869,200498,218256
173870,200499,NULL
173871,200500,NULL
173872,200501,NULL
173873,200502,NULL
173874,200503,NULL
173875,200505,NULL
173876,200506,NULL
173877,200507,NULL
173878,200508,NULL
173879,200509,NULL
173880,200510,NULL
173881,200511,NULL
173882,200512,NULL
173883,200513,NULL
173884,200514,NULL
173885,200515,NULL
173886,200516,NULL
173887,200517,NULL
173888,200518,NULL
173889,200519,NULL
173890,200521,215706
173891,200522,NULL
173892,200523,236379
173892,200523,251978
173892,200523,254602
173893,200524,NULL
173894,200525,NULL
173895,200526,NULL
173896,200527,NULL
173897,200528,NULL
173898,200529,213914
173899,200530,NULL
173900,200531,NULL
173901,200532,NULL
173902,200533,NULL
173903,200534,224583
173904,200535,NULL
173905,200536,NULL
173906,200537,NULL
173907,200539,NULL
173908,200540,231445
173909,200541,NULL
173910,200543,NULL
173911,200544,NULL
173912,200545,NULL
173913,200546,NULL
173914,200547,NULL
173915,200548,NULL
173916,200549,NULL
173917,200550,NULL
173918,200551,NULL
173919,200552,NULL
173920,200553,NULL
173921,200554,NULL
173922,200555,NULL
173923,200556,234189
173923,200556,248682
173923,200556,258736
173924,200559,232607
173925,200560,NULL
173926,200561,NULL
173927,200562,NULL
173928,200563,NULL
173929,200564,NULL
173930,200565,221297
173930,200565,242190
173930,200565,245658
173931,200568,NULL
173932,200569,NULL
173933,200570,NULL
173934,200573,NULL
173935,200574,NULL
173936,200575,NULL
173937,200576,NULL
173938,200577,NULL
173939,200578,NULL
173940,200580,NULL
173941,200582,NULL
173942,200583,NULL
173943,200584,NULL
173944,200585,NULL
173945,200586,NULL
173946,200587,205925
173947,200588,NULL
173948,200589,NULL
173949,200590,NULL
173950,200592,NULL
173951,200593,NULL
173952,200595,NULL
173953,200596,209640
173954,200597,NULL
173955,200598,NULL
173956,200599,NULL
173957,200600,NULL
173958,200601,NULL
173959,200602,NULL
173960,200603,NULL
173961,200604,NULL
173962,200605,NULL
173963,200607,NULL
173964,200608,NULL
173965,200609,NULL
173966,200610,NULL
173967,200611,220621
173968,200612,NULL
173969,200613,224851
173970,200614,NULL
173971,200616,NULL
173972,200617,NULL
173973,200618,NULL
173974,200619,NULL
173975,200620,217879
173975,200620,232476
173975,200620,238572
173976,200621,204614
173976,200621,212930
173976,200621,221108
173977,200622,NULL
173978,200624,216199
173979,200625,NULL
173980,200626,NULL
173981,200627,NULL
173982,200629,NULL
173983,200630,NULL
173984,200631,216811
173984,200631,218884
173984,200631,227275
173985,200632,NULL
173986,200633,NULL
173987,200635,NULL
173988,200636,NULL
173989,200637,NULL
173990,200638,NULL
173991,200639,NULL
173992,200640,NULL
173993,200641,NULL
173994,200642,230892
173995,200643,205852
173996,200644,NULL
173997,200645,209071
173998,200647,NULL
173999,200648,235286
174000,200649,214909
174001,200650,NULL
174002,200651,NULL
174003,200652,NULL
174004,200653,NULL
174005,200654,NULL
174006,200655,NULL
174007,200656,NULL
174008,200657,NULL
174009,200658,NULL
174010,200659,NULL
174011,200663,NULL
174012,200664,NULL
174013,200665,NULL
174014,200666,NULL
174015,200667,NULL
174016,200668,NULL
174017,200669,NULL
174018,200670,NULL
174019,200671,NULL
174020,200672,NULL
174021,200673,NULL
174022,200674,NULL
174023,200675,NULL
174024,200676,NULL
174025,200677,NULL
174026,200678,NULL
174027,200679,NULL
174028,200680,NULL
174029,200681,NULL
174030,200682,NULL
174031,200683,NULL
174032,200684,231108
174033,200685,NULL
174034,200686,NULL
174035,200687,NULL
174036,200688,NULL
174037,200690,NULL
174038,200691,NULL
174039,200692,NULL
174040,200693,225612
174040,200693,237459
174040,200693,250507
174041,200694,NULL
174042,200695,NULL
174043,200696,NULL
174044,200698,NULL
174045,200699,NULL
174046,200700,NULL
174047,200701,NULL
174048,200702,NULL
174049,200703,236563
174050,200704,221679
174051,200705,NULL
174052,200707,NULL
174053,200708,NULL
174054,200709,NULL
174055,200710,NULL
174056,200711,NULL
174057,200712,223250
174058,200713,NULL
174059,200714,NULL
174060,200715,NULL
174061,200716,NULL
174062,200717,216636
174063,200718,NULL
174064,200719,NULL
174065,200720,NULL
174066,200722,NULL
174067,200723,NULL
174068,200724,NULL
174069,200725,NULL
174070,200726,NULL
174071,200727,NULL
174072,200728,207146
174072,200728,228668
174072,200728,229373
174073,200731,NULL
174074,200732,NULL
174075,200733,NULL
174076,200734,NULL
174077,200735,NULL
174078,200736,NULL
174079,200737,NULL
174080,200738,NULL
174081,200739,222143
174082,200741,NULL
174083,200742,NULL
174084,200743,NULL
174085,200744,217074
174085,200744,224592
174085,200744,230885
174086,200745,NULL
174087,200746,NULL
174088,200747,NULL
174089,200748,NULL
174090,200749,215098
174090,200749,230959
174090,200749,234209
174091,200750,230413
174092,200751,205014
174092,200751,222436
174092,200751,237007
174093,200752,216674
174093,200752,236969
174093,200752,239942
174094,200753,NULL
174095,200754,NULL
174096,200756,215841
174097,200757,203626
174098,200758,NULL
174099,200759,NULL
174100,200761,NULL
174101,200762,NULL
174102,200763,NULL
174103,200765,NULL
174104,200766,NULL
174105,200768,NULL
174106,200769,NULL
174107,200770,NULL
174108,200771,211026
174109,200772,NULL
174110,200773,NULL
174111,200774,NULL
174112,200775,NULL
174113,200776,226847
174114,200778,NULL
174115,200779,NULL
174116,200780,NULL
174117,200781,NULL
174118,200782,NULL
174119,200783,NULL
174120,200784,NULL
174121,200786,NULL
174122,200787,NULL
174123,200788,207739
174124,200790,NULL
174125,200791,NULL
174126,200792,NULL
174127,200793,NULL
174128,200794,NULL
174129,200795,225345
174130,200796,216300
174131,200797,NULL
174132,200798,217287
174132,200798,226356
174132,200798,238163
174133,200799,NULL
174134,200800,219538
174134,200800,227153
174134,200800,237622
174135,200801,NULL
174136,200802,NULL
174137,200803,NULL
174138,200804,NULL
174139,200805,NULL
174140,200806,NULL
174141,200807,NULL
174142,200808,NULL
174143,200809,NULL
174144,200810,NULL
174145,200813,NULL
174146,200815,NULL
174147,200816,218820
174148,200817,NULL
174149,200818,NULL
174150,200822,NULL
174151,200823,NULL
174152,200824,NULL
174153,200825,NULL
174154,200826,NULL
174155,200827,NULL
174156,200828,NULL
174157,200829,NULL
174158,200830,NULL
174159,200831,NULL
174160,200832,205553
174160,200832,217232
174160,200832,226529
174161,200833,NULL
174162,200835,NULL
174163,200836,NULL
174164,200838,NULL
174165,200840,NULL
174166,200841,215619
174166,200841,229578
174166,200841,236512
174167,200842,NULL
174168,200843,NULL
174169,200844,NULL
174170,200845,NULL
174171,200846,NULL
174172,200847,NULL
174173,200850,NULL
174174,200853,226743
174175,200854,205900
174175,200854,216689
174175,200854,224951
174176,200855,NULL
174177,200856,NULL
174178,200857,227076
174179,200858,NULL
174180,200859,NULL
174181,200861,NULL
174182,200862,NULL
174183,200863,204479
174184,200864,NULL
174185,200865,NULL
174186,200866,NULL
174187,200870,NULL
174188,200871,NULL
174189,200872,NULL
174190,200873,NULL
174191,200874,NULL
174192,200875,215562
174193,200876,NULL
174194,200877,NULL
174195,200878,NULL
174196,200879,NULL
174197,200881,NULL
174198,200882,225786
174198,200882,246337
174198,200882,251600
174199,200883,NULL
174200,200885,NULL
174201,200886,233321
174202,200887,NULL
174203,200888,NULL
174204,200890,NULL
174205,200892,NULL
174206,200894,204594
174207,200896,NULL
174208,200897,NULL
174209,200898,NULL
174210,200899,NULL
174211,200901,NULL
174212,200902,205763
174213,200904,NULL
174214,200906,223386
174214,200906,230568
174214,200906,243226
174215,200907,NULL
174216,200908,NULL
174217,200909,NULL
174218,200910,NULL
174219,200911,NULL
174220,200912,NULL
174221,200913,NULL
174222,200914,NULL
174223,200915,NULL
174224,200916,NULL
174225,200917,218445
174226,200919,NULL
174227,200920,NULL
174228,200921,NULL
174229,200923,NULL
174230,200924,NULL
174231,200925,NULL
174232,200926,NULL
174233,200927,NULL
174234,200928,NULL
174235,200929,216235
174236,200930,NULL
174237,200931,NULL
174238,200932,NULL
174239,200933,NULL
174240,200935,NULL
174241,200936,NULL
174242,200938,233118
174242,200938,253718
174242,200938,259271
174243,200939,NULL
174244,200940,NULL
174245,200941,NULL
174246,200942,NULL
174247,200944,NULL
174248,200945,NULL
174249,200946,214634
174250,200947,NULL
174251,200949,NULL
174252,200950,NULL
174253,200951,NULL
174254,200952,NULL
174255,200954,NULL
174256,200955,NULL
174257,200956,NULL
174258,200957,NULL
174259,200959,NULL
174260,200962,NULL
174261,200963,NULL
174262,200964,231633
174262,200964,253205
174262,200964,260152
174263,200965,213132
174264,200966,NULL
174265,200967,NULL
174266,200968,NULL
174267,200969,NULL
174268,200970,NULL
174269,200971,NULL
174270,200972,NULL
174271,200973,NULL
174272,200975,NULL
174273,200976,NULL
174274,200977,NULL
174275,200978,NULL
174276,200979,NULL
174277,200980,NULL
174278,200981,217633
174279,200984,217104
174279,200984,222632
174279,200984,228538
174280,200987,NULL
174281,200989,NULL
174282,200990,NULL
174283,200991,NULL
174284,200992,NULL
174285,200993,NULL
174286,200994,226532
174287,200995,NULL
174288,200996,NULL
174289,200998,NULL
174290,200999,204610
174290,200999,220539
174290,200999,227665
174291,201000,NULL
174292,201001,NULL
174293,201002,NULL
174294,201003,NULL
174295,201004,NULL
174296,201005,234416
174297,201007,NULL
174298,201008,NULL
174299,201009,NULL
174300,201010,NULL
174301,201011,NULL
174302,201012,NULL
174303,201013,211904
174303,201013,228136
174303,201013,231027
174304,201014,NULL
174305,201015,NULL
174306,201016,NULL
174307,201017,NULL
174308,201019,NULL
174309,201020,NULL
174310,201021,NULL
174311,201024,NULL
174312,201027,NULL
174313,201028,NULL
174314,201029,NULL
174315,201030,NULL
174316,201031,NULL
174317,201032,NULL
174318,201033,232966
174319,201034,225308
174320,201035,NULL
174321,201036,NULL
174322,201037,224114
174323,201038,NULL
174324,201039,NULL
174325,201041,NULL
174326,201042,NULL
174327,201043,231630
174328,201045,NULL
174329,201047,NULL
174330,201048,NULL
174331,201049,NULL
174332,201051,NULL
174333,201052,211073
174334,201056,NULL
174335,201057,NULL
174336,201058,223796
174337,201059,NULL
174338,201060,NULL
174339,201061,NULL
174340,201063,212767
174341,201064,NULL
174342,201065,NULL
174343,201066,NULL
174344,201067,207214
174345,201068,NULL
174346,201069,NULL
174347,201070,213187
174348,201071,NULL
174349,201072,NULL
174350,201073,NULL
174351,201074,NULL
174352,201076,NULL
174353,201078,NULL
174354,201079,NULL
174355,201080,208233
174356,201082,NULL
174357,201083,NULL
174358,201084,NULL
174359,201085,NULL
174360,201086,NULL
174361,201087,NULL
174362,201088,NULL
174363,201089,NULL
174364,201090,NULL
174365,201091,NULL
174366,201092,NULL
174367,201094,NULL
174368,201095,NULL
174369,201096,NULL
174370,201097,NULL
174371,201098,NULL
174372,201099,NULL
174373,201100,228429
174374,201101,NULL
174375,201102,214616
174376,201105,NULL
174377,201106,NULL
174378,201107,NULL
174379,201108,NULL
174380,201109,NULL
174381,201110,NULL
174382,201111,NULL
174383,201112,NULL
174384,201113,NULL
174385,201115,NULL
174386,201116,NULL
174387,201117,NULL
174388,201118,NULL
174389,201119,NULL
174390,201121,NULL
174391,201122,NULL
174392,201123,NULL
174393,201124,NULL
174394,201125,NULL
174395,201126,NULL
174396,201127,NULL
174397,201129,236150
174398,201130,NULL
174399,201131,NULL
174400,201132,NULL
174401,201133,NULL
174402,201134,216603
174403,201135,NULL
174404,201136,NULL
174405,201137,NULL
174406,201138,NULL
174407,201140,218372
174408,201141,NULL
174409,201142,NULL
174410,201144,NULL
174411,201145,NULL
174412,201146,NULL
174413,201147,235691
174414,201148,NULL
174415,201149,NULL
174416,201150,NULL
174417,201153,NULL
174418,201154,224720
174419,201155,NULL
174420,201156,NULL
174421,201157,NULL
174422,201158,NULL
174423,201159,NULL
174424,201160,NULL
174425,201161,NULL
174426,201162,NULL
174427,201164,NULL
174428,201165,NULL
174429,201166,NULL
174430,201168,NULL
174431,201169,NULL
174432,201170,NULL
174433,201171,205406
174434,201172,NULL
174435,201174,NULL
174436,201175,NULL
174437,201176,222359
174438,201179,NULL
174439,201180,NULL
174440,201181,NULL
174441,201182,NULL
174442,201183,219046
174443,201184,NULL
174444,201185,NULL
174445,201186,NULL
174446,201187,NULL
174447,201189,213642
174448,201190,NULL
174449,201191,NULL
174450,201192,NULL
174451,201193,217485
174452,201194,NULL
174453,201195,NULL
174454,201196,NULL
174455,201197,NULL
174456,201198,NULL
174457,201200,213338
174458,201201,NULL
174459,201202,NULL
174460,201203,NULL
174461,201204,203740
174461,201204,207354
174461,201204,213060
174462,201205,NULL
174463,201207,NULL
174464,201208,NULL
174465,201209,NULL
174466,201210,NULL
174467,201211,NULL
174468,201212,NULL
174469,201213,NULL
174470,201214,NULL
174471,201215,NULL
174472,201216,NULL
174473,201217,NULL
174474,201218,NULL
174475,201220,NULL
174476,201222,NULL
174477,201223,NULL
174478,201224,NULL
174479,201226,226943
174480,201227,NULL
174481,201229,NULL
174482,201230,NULL
174483,201231,235086
174484,201232,NULL
174485,201233,NULL
174486,201234,NULL
174487,201235,NULL
174488,201236,NULL
174489,201237,NULL
174490,201239,223099
174491,201240,NULL
174492,201241,NULL
174493,201242,218520
174494,201243,NULL
174495,201245,NULL
174496,201246,NULL
174497,201247,NULL
174498,201248,NULL
174499,201250,NULL
174500,201252,NULL
174501,201253,NULL
174502,201254,NULL
174503,201256,NULL
174504,201257,NULL
174505,201258,231845
174505,201258,248831
174505,201258,252884
174506,201259,NULL
174507,201260,NULL
174508,201262,NULL
174509,201263,NULL
174510,201264,NULL
174511,201265,NULL
174512,201266,235455
174513,201267,NULL
174514,201268,NULL
174515,201269,NULL
174516,201270,NULL
174517,201271,NULL
174518,201272,NULL
174519,201273,NULL
174520,201274,NULL
174521,201275,NULL
174522,201276,NULL
174523,201278,NULL
174524,201279,NULL
174525,201280,NULL
174526,201281,NULL
174527,201283,NULL
174528,201284,NULL
174529,201285,223057
174530,201286,NULL
174531,201287,NULL
174532,201288,NULL
174533,201289,NULL
174534,201294,NULL
174535,201296,NULL
174536,201297,NULL
174537,201298,NULL
174538,201299,222284
174539,201300,NULL
174540,201301,NULL
174541,201302,NULL
174542,201304,NULL
174543,201305,NULL
174544,201306,236344
174545,201307,235818
174546,201308,NULL
174547,201310,208323
174548,201311,NULL
174549,201313,NULL
174550,201314,NULL
174551,201315,218549
174552,201316,NULL
174553,201317,NULL
174554,201319,NULL
174555,201320,NULL
174556,201321,NULL
174557,201322,NULL
174558,201323,NULL
174559,201324,NULL
174560,201325,NULL
174561,201327,228227
174561,201327,233605
174561,201327,241820
174562,201329,NULL
174563,201332,NULL
174564,201333,NULL
174565,201334,NULL
174566,201335,NULL
174567,201336,NULL
174568,201337,NULL
174569,201338,219047
174570,201339,NULL
174571,201340,202770
174572,201342,NULL
174573,201343,NULL
174574,201344,NULL
174575,201345,NULL
174576,201347,234782
174577,201348,NULL
174578,201349,NULL
174579,201350,NULL
174580,201351,NULL
174581,201352,NULL
174582,201353,NULL
174583,201354,NULL
174584,201356,NULL
174585,201357,225611
174586,201358,NULL
174587,201359,NULL
174588,201360,208332
174588,201360,213637
174588,201360,214952
174589,201361,NULL
174590,201362,NULL
174591,201364,NULL
174592,201366,NULL
174593,201367,NULL
174594,201368,NULL
174595,201370,NULL
174596,201371,NULL
174597,201374,NULL
174598,201375,NULL
174599,201376,NULL
174600,201378,NULL
174601,201379,NULL
174602,201380,208554
174603,201381,NULL
174604,201382,211014
174605,201383,NULL
174606,201384,233025
174606,201384,254462
174606,201384,262221
174607,201385,NULL
174608,201386,NULL
174609,201388,NULL
174610,201392,NULL
174611,201393,NULL
174612,201394,NULL
174613,201395,NULL
174614,201396,NULL
174615,201397,NULL
174616,201398,NULL
174617,201399,NULL
174618,201400,NULL
174619,201401,NULL
174620,201402,NULL
174621,201403,NULL
174622,201406,234302
174623,201407,NULL
174624,201408,NULL
174625,201409,NULL
174626,201410,NULL
174627,201411,NULL
174628,201412,NULL
174629,201413,NULL
174630,201414,218308
174631,201416,NULL
174632,201417,NULL
174633,201418,NULL
174634,201419,NULL
174635,201420,NULL
174636,201423,NULL
174637,201424,NULL
174638,201425,NULL
174639,201426,NULL
174640,201427,NULL
174641,201428,234684
174641,201428,256881
174641,201428,269484
174642,201429,212147
174643,201430,NULL
174644,201431,228232
174644,201431,236038
174644,201431,237763
174645,201433,NULL
174646,201434,NULL
174647,201435,NULL
174648,201436,NULL
174649,201437,NULL
174650,201438,NULL
174651,201439,NULL
174652,201440,NULL
174653,201441,NULL
174654,201442,NULL
174655,201444,216453
174655,201444,223120
174655,201444,227227
174656,201445,NULL
174657,201446,NULL
174658,201447,NULL
174659,201449,218117
174660,201451,NULL
174661,201452,NULL
174662,201453,NULL
174663,201454,NULL
174664,201455,NULL
174665,201456,NULL
174666,201458,NULL
174667,201459,NULL
174668,201460,NULL
174669,201461,NULL
174670,201462,NULL
174671,201463,231294
174672,201464,NULL
174673,201465,233794
174673,201465,256644
174673,201465,258731
174674,201466,NULL
174675,201467,NULL
174676,201468,NULL
174677,201469,NULL
174678,201470,NULL
174679,201471,NULL
174680,201472,NULL
174681,201473,229902
174681,201473,246131
174681,201473,252774
174682,201474,NULL
174683,201476,NULL
174684,201477,NULL
174685,201478,215020
174685,201478,218811
174685,201478,232976
174686,201479,NULL
174687,201480,NULL
174688,201481,NULL
174689,201483,NULL
174690,201484,226777
174691,201485,NULL
174692,201487,NULL
174693,201488,NULL
174694,201490,NULL
174695,201491,NULL
174696,201493,NULL
174697,201494,NULL
174698,201497,NULL
174699,201498,NULL
174700,201499,NULL
174701,201500,NULL
174702,201501,NULL
174703,201502,NULL
174704,201503,NULL
174705,201505,NULL
174706,201506,NULL
174707,201507,NULL
174708,201508,208022
174709,201509,NULL
174710,201513,229185
174710,201513,241156
174710,201513,256843
174711,201515,NULL
174712,201516,NULL
174713,201517,NULL
174714,201518,NULL
174715,201519,NULL
174716,201520,NULL
174717,201521,NULL
174718,201522,NULL
174719,201523,NULL
174720,201525,NULL
174721,201527,NULL
174722,201528,NULL
174723,201530,NULL
174724,201531,NULL
174725,201532,NULL
174726,201533,NULL
174727,201534,NULL
174728,201535,219725
174729,201536,NULL
174730,201537,NULL
174731,201538,208961
174732,201539,224148
174733,201540,NULL
174734,201542,NULL
174735,201543,NULL
174736,201544,NULL
174737,201546,NULL
174738,201547,NULL
174739,201548,NULL
174740,201549,NULL
174741,201550,NULL
174742,201551,NULL
174743,201552,NULL
174744,201553,NULL
174745,201556,NULL
174746,201557,NULL
174747,201559,NULL
174748,201560,NULL
174749,201561,NULL
174750,201562,217440
174751,201563,NULL
174752,201564,NULL
174753,201565,NULL
174754,201566,NULL
174755,201568,NULL
174756,201569,NULL
174757,201570,NULL
174758,201571,NULL
174759,201572,NULL
174760,201573,NULL
174761,201574,NULL
174762,201575,NULL
174763,201576,NULL
174764,201578,NULL
174765,201579,NULL
174766,201580,NULL
174767,201581,221415
174768,201582,211761
174768,201582,215591
174768,201582,226466
174769,201583,NULL
174770,201584,NULL
174771,201585,NULL
174772,201587,NULL
174773,201588,207430
174774,201589,NULL
174775,201590,NULL
174776,201591,NULL
174777,201592,NULL
174778,201593,NULL
174779,201594,NULL
174780,201595,NULL
174781,201596,NULL
174782,201598,NULL
174783,201599,NULL
174784,201600,NULL
174785,201601,NULL
174786,201602,NULL
174787,201603,NULL
174788,201604,NULL
174789,201605,NULL
174790,201606,220178
174790,201606,228771
174790,201606,233801
174791,201607,NULL
174792,201608,NULL
174793,201609,NULL
174794,201610,NULL
174795,201611,NULL
174796,201613,236667
174796,201613,237187
174796,201613,249645
174797,201614,NULL
174798,201615,NULL
174799,201616,NULL
174800,201617,NULL
174801,201618,NULL
174802,201619,225115
174803,201621,NULL
174804,201622,NULL
174805,201626,NULL
174806,201627,NULL
174807,201628,229830
174808,201629,224925
174809,201630,NULL
174810,201631,NULL
174811,201632,219549
174812,201634,NULL
174813,201636,NULL
174814,201637,213122
174815,201639,NULL
174816,201640,NULL
174817,201641,NULL
174818,201642,NULL
174819,201643,NULL
174820,201644,NULL
174821,201646,NULL
174822,201647,NULL
174823,201648,215439
174824,201649,NULL
174825,201650,207073
174826,201651,205784
174827,201652,NULL
174828,201653,NULL
174829,201654,NULL
174830,201658,NULL
174831,201659,NULL
174832,201660,NULL
174833,201661,NULL
174834,201662,NULL
174835,201663,228016
174836,201664,NULL
174837,201666,NULL
174838,201667,NULL
174839,201668,NULL
174840,201669,203446
174841,201670,NULL
174842,201671,NULL
174843,201673,NULL
174844,201674,NULL
174845,201675,NULL
174846,201676,234908
174846,201676,257173
174846,201676,257833
174847,201678,NULL
174848,201680,NULL
174849,201681,NULL
174850,201682,NULL
174851,201683,231395
174852,201684,207908
174853,201685,NULL
174854,201686,NULL
174855,201687,207344
174856,201688,NULL
174857,201689,NULL
174858,201690,NULL
174859,201691,NULL
174860,201692,NULL
174861,201693,NULL
174862,201694,NULL
174863,201695,NULL
174864,201696,NULL
174865,201697,207947
174866,201698,NULL
174867,201699,NULL
174868,201700,225552
174869,201701,NULL
174870,201702,204352
174870,201702,223484
174870,201702,231151
174871,201703,NULL
174872,201704,NULL
174873,201705,NULL
174874,201706,NULL
174875,201707,NULL
174876,201708,NULL
174877,201709,NULL
174878,201710,214953
174879,201712,213089
174880,201713,NULL
174881,201714,NULL
174882,201715,NULL
174883,201716,NULL
174884,201717,NULL
174885,201718,NULL
174886,201719,NULL
174887,201720,NULL
174888,201721,NULL
174889,201722,220891
174890,201723,NULL
174891,201724,NULL
174892,201726,219956
174892,201726,239854
174892,201726,247215
174893,201727,NULL
174894,201728,NULL
174895,201729,NULL
174896,201730,NULL
174897,201731,NULL
174898,201732,NULL
174899,201733,215834
174900,201735,NULL
174901,201736,NULL
174902,201737,NULL
174903,201738,NULL
174904,201740,NULL
174905,201741,NULL
174906,201742,NULL
174907,201743,NULL
174908,201745,223507
174909,201746,NULL
174910,201747,NULL
174911,201748,NULL
174912,201749,NULL
174913,201750,233222
174914,201751,NULL
174915,201752,NULL
174916,201753,NULL
174917,201754,NULL
174918,201756,NULL
174919,201757,NULL
174920,201758,NULL
174921,201759,NULL
174922,201760,NULL
174923,201761,NULL
174924,201762,NULL
174925,201763,NULL
174926,201764,NULL
174927,201767,NULL
174928,201768,NULL
174929,201769,236239
174929,201769,250968
174929,201769,262164
174930,201770,NULL
174931,201771,216691
174932,201772,203771
174933,201773,NULL
174934,201774,NULL
174935,201775,NULL
174936,201776,NULL
174937,201777,NULL
174938,201778,NULL
174939,201779,NULL
174940,201780,NULL
174941,201781,NULL
174942,201783,NULL
174943,201784,NULL
174944,201785,NULL
174945,201786,NULL
174946,201788,NULL
174947,201789,NULL
174948,201790,NULL
174949,201792,233129
174950,201793,NULL
174951,201794,NULL
174952,201795,224619
174953,201796,NULL
174954,201797,NULL
174955,201798,NULL
174956,201799,NULL
174957,201800,222960
174958,201801,NULL
174959,201802,NULL
174960,201803,NULL
174961,201804,NULL
174962,201807,NULL
174963,201808,NULL
174964,201809,NULL
174965,201811,NULL
174966,201814,NULL
174967,201816,NULL
174968,201817,NULL
174969,201818,NULL
174970,201819,NULL
174971,201820,NULL
174972,201822,NULL
174973,201823,NULL
174974,201824,NULL
174975,201825,NULL
174976,201826,NULL
174977,201827,NULL
174978,201828,NULL
174979,201831,NULL
174980,201832,NULL
174981,201833,NULL
174982,201834,NULL
174983,201835,NULL
174984,201837,NULL
174985,201838,NULL
174986,201839,NULL
174987,201840,NULL
174988,201841,NULL
174989,201842,NULL
174990,201843,NULL
174991,201844,NULL
174992,201846,NULL
174993,201847,NULL
174994,201848,NULL
174995,201849,NULL
174996,201850,NULL
174997,201851,NULL
174998,201852,NULL
174999,201853,NULL
175000,201854,NULL
175001,201856,231143
175001,201856,237294
175001,201856,244150
175002,201857,NULL
175003,201858,NULL
175004,201860,NULL
175005,201861,NULL
175006,201863,NULL
175007,201866,NULL
175008,201867,NULL
175009,201868,NULL
175010,201869,NULL
175011,201870,NULL
175012,201871,NULL
175013,201872,NULL
175014,201873,NULL
175015,201875,NULL
175016,201876,204839
175017,201877,NULL
175018,201879,NULL
175019,201881,NULL
175020,201882,NULL
175021,201884,NULL
175022,201885,NULL
175023,201887,NULL
175024,201888,NULL
175025,201889,NULL
175026,201890,NULL
175027,201891,NULL
175028,201892,NULL
175029,201893,NULL
175030,201895,NULL
175031,201898,218069
175032,201899,NULL
175033,201900,NULL
175034,201901,NULL
175035,201902,NULL
175036,201903,NULL
175037,201904,210065
175038,201905,NULL
175039,201906,NULL
175040,201907,229795
175040,201907,249903
175040,201907,256155
175041,201908,NULL
175042,201909,NULL
175043,201910,NULL
175044,201911,NULL
175045,201912,NULL
175046,201913,229739
175046,201913,245526
175046,201913,251280
175047,201915,NULL
175048,201916,NULL
175049,201917,NULL
175050,201918,NULL
175051,201919,NULL
175052,201920,NULL
175053,201921,221205
175054,201922,NULL
175055,201923,NULL
175056,201924,NULL
175057,201925,NULL
175058,201926,NULL
175059,201928,NULL
175060,201929,NULL
175061,201930,NULL
175062,201931,NULL
175063,201932,203086
175064,201933,NULL
175065,201934,NULL
175066,201935,NULL
175067,201936,NULL
175068,201937,NULL
175069,201939,NULL
175070,201941,NULL
175071,201942,NULL
175072,201943,NULL
175073,201945,NULL
175074,201946,NULL
175075,201947,NULL
175076,201948,214353
175077,201949,NULL
175078,201950,NULL
175079,201952,NULL
175080,201953,NULL
175081,201954,NULL
175082,201955,NULL
175083,201956,NULL
175084,201957,215509
175085,201959,NULL
175086,201960,NULL
175087,201961,NULL
175088,201963,NULL
175089,201966,NULL
175090,201968,NULL
175091,201969,228641
175092,201970,NULL
175093,201971,NULL
175094,201972,206449
175095,201973,NULL
175096,201974,NULL
175097,201975,NULL
175098,201976,NULL
175099,201978,NULL
175100,201979,NULL
175101,201980,NULL
175102,201981,NULL
175103,201982,NULL
175104,201983,NULL
175105,201985,228258
175106,201986,NULL
175107,201987,NULL
175108,201988,NULL
175109,201989,NULL
175110,201990,NULL
175111,201991,NULL
175112,201992,210292
175113,201993,NULL
175114,201994,NULL
175115,201995,NULL
175116,201996,236306
175117,201997,NULL
175118,201998,NULL
175119,202000,223225
175119,202000,227909
175119,202000,235078
175120,202001,NULL
175121,202003,NULL
175122,202005,NULL
175123,202006,206610
175124,202007,NULL
175125,202009,NULL
175126,202010,NULL
175127,202011,NULL
175128,202012,NULL
175129,202014,NULL
175130,202015,216212
175131,202016,NULL
175132,202017,NULL
175133,202018,NULL
175134,202019,NULL
175135,202021,211652
175135,202021,221132
175135,202021,235789
175136,202022,NULL
175137,202023,NULL
175138,202024,NULL
175139,202025,218604
175140,202027,229175
175140,202027,248380
175140,202027,260711
175141,202028,NULL
175142,202031,NULL
175143,202032,NULL
175144,202033,NULL
175145,202034,NULL
175146,202035,NULL
175147,202036,NULL
175148,202037,NULL
175149,202038,228894
175150,202039,216432
175151,202040,NULL
175152,202042,NULL
175153,202043,206862
175154,202045,NULL
175155,202046,209943
175156,202047,NULL
175157,202048,NULL
175158,202049,NULL
175159,202050,218584
175160,202051,NULL
175161,202052,NULL
175162,202053,NULL
175163,202055,NULL
175164,202057,NULL
175165,202058,NULL
175166,202059,NULL
175167,202060,NULL
175168,202061,NULL
175169,202062,NULL
175170,202063,NULL
175171,202064,NULL
175172,202065,NULL
175173,202066,NULL
175174,202067,NULL
175175,202068,NULL
175176,202069,219034
175177,202070,NULL
175178,202071,NULL
175179,202072,NULL
175180,202073,NULL
175181,202074,NULL
175182,202075,219545
175182,202075,224731
175182,202075,231337
175183,202076,226831
175184,202077,231482
175184,202077,251506
175184,202077,257176
175185,202079,NULL
175186,202082,NULL
175187,202083,NULL
175188,202084,227610
175188,202084,238486
175188,202084,247210
175189,202085,NULL
175190,202086,NULL
175191,202087,NULL
175192,202088,NULL
175193,202089,NULL
175194,202090,NULL
175195,202091,NULL
175196,202092,NULL
175197,202093,205524
175198,202094,NULL
175199,202095,NULL
175200,202096,218312
175200,202096,233785
175200,202096,246142
175201,202097,NULL
175202,202100,NULL
175203,202101,NULL
175204,202102,NULL
175205,202104,NULL
175206,202105,NULL
175207,202106,NULL
175208,202107,209931
175208,202107,220844
175208,202107,228371
175209,202109,NULL
175210,202110,NULL
175211,202111,NULL
175212,202112,NULL
175213,202113,NULL
175214,202114,NULL
175215,202115,NULL
175216,202117,NULL
175217,202118,NULL
175218,202119,NULL
175219,202120,NULL
175220,202121,NULL
175221,202122,NULL
175222,202123,234056
175223,202124,NULL
175224,202125,NULL
175225,202126,NULL
175226,202127,NULL
175227,202128,NULL
175228,202130,NULL
175229,202131,NULL
175230,202132,NULL
175231,202133,NULL
175232,202134,NULL
175233,202135,NULL
175234,202136,NULL
175235,202137,NULL
175236,202138,NULL
175237,202140,NULL
175238,202141,NULL
175239,202142,228937
175240,202143,NULL
175241,202144,NULL
175242,202145,NULL
175243,202146,NULL
175244,202147,NULL
175245,202149,NULL
175246,202150,NULL
175247,202151,NULL
175248,202153,NULL
175249,202154,NULL
175250,202155,NULL
175251,202157,NULL
175252,202160,NULL
175253,202162,NULL
175254,202163,NULL
175255,202164,NULL
175256,202165,NULL
175257,202166,233618
175258,202167,NULL
175259,202168,227903
175260,202169,NULL
175261,202170,NULL
175262,202172,NULL
175263,202173,NULL
175264,202174,NULL
175265,202175,NULL
175266,202176,229568
175267,202177,NULL
175268,202178,NULL
175269,202180,NULL
175270,202181,NULL
175271,202182,NULL
175272,202183,NULL
175273,202184,NULL
175274,202185,NULL
175275,202186,NULL
175276,202187,NULL
175277,202189,NULL
175278,202190,NULL
175279,202191,NULL
175280,202192,NULL
175281,202193,NULL
175282,202194,NULL
175283,202196,NULL
175284,202197,NULL
175285,202199,209404
175285,202199,219131
175285,202199,226927
175286,202200,NULL
175287,202202,NULL
175288,202203,NULL
175289,202204,NULL
175290,202205,NULL
175291,202206,NULL
175292,202207,NULL
175293,202208,NULL
175294,202209,NULL
175295,202210,NULL
175296,202211,NULL
175297,202212,NULL
175298,202213,209305
175299,202214,NULL
175300,202215,NULL
175301,202216,NULL
175302,202217,NULL
175303,202218,NULL
175304,202220,NULL
175305,202222,NULL
175306,202224,NULL
175307,202225,208044
175307,202225,217609
175307,202225,227256
175308,202226,NULL
175309,202227,NULL
175310,202229,NULL
175311,202230,NULL
175312,202231,NULL
175313,202232,NULL
175314,202233,230453
175315,202234,NULL
175316,202235,NULL
175317,202237,NULL
175318,202239,NULL
175319,202241,NULL
175320,202242,NULL
175321,202243,NULL
175322,202244,NULL
175323,202245,NULL
175324,202247,NULL
175325,202248,203871
175325,202248,209040
175325,202248,218692
175326,202250,NULL
175327,202251,NULL
175328,202252,NULL
175329,202253,NULL
175330,202254,218791
175331,202255,NULL
175332,202256,206448
175332,202256,208577
175332,202256,218774
175333,202257,223841
175334,202258,232695
175334,202258,233967
175334,202258,248803
175335,202260,NULL
175336,202261,NULL
175337,202262,NULL
175338,202263,NULL
175339,202264,NULL
175340,202265,205330
175341,202266,NULL
175342,202267,216840
175343,202268,210566
175343,202268,221946
175343,202268,225679
175344,202270,223623
175345,202271,NULL
175346,202273,NULL
175347,202274,203084
175348,202275,NULL
175349,202276,NULL
175350,202277,NULL
175351,202278,NULL
175352,202279,NULL
175353,202280,NULL
175354,202281,NULL
175355,202282,NULL
175356,202283,NULL
175357,202284,NULL
175358,202285,NULL
175359,202286,NULL
175360,202287,NULL
175361,202288,NULL
175362,202289,NULL
175363,202290,NULL
175364,202291,223494
175365,202292,234985
175366,202293,NULL
175367,202294,NULL
175368,202295,NULL
175369,202296,NULL
175370,202297,NULL
175371,202298,NULL
175372,202299,NULL
175373,202301,NULL
175374,202302,NULL
175375,202303,NULL
175376,202305,NULL
175377,202306,NULL
175378,202307,NULL
175379,202310,NULL
175380,202311,NULL
175381,202312,NULL
175382,202313,NULL
175383,202314,NULL
175384,202315,NULL
175385,202316,NULL
175386,202317,231831
175387,202318,NULL
175388,202319,NULL
175389,202321,NULL
175390,202322,NULL
175391,202323,NULL
175392,202324,NULL
175393,202325,NULL
175394,202326,NULL
175395,202327,NULL
175396,202329,NULL
175397,202330,NULL
175398,202331,NULL
175399,202332,NULL
175400,202334,NULL
175401,202336,NULL
175402,202337,207201
175402,202337,222415
175402,202337,232913
175403,202338,NULL
175404,202339,NULL
175405,202340,NULL
175406,202341,NULL
175407,202342,NULL
175408,202343,NULL
175409,202344,218215
175410,202345,NULL
175411,202346,NULL
175412,202350,206041
175412,202350,217431
175412,202350,222535
175413,202352,NULL
175414,202353,NULL
175415,202355,NULL
175416,202357,NULL
175417,202358,NULL
175418,202360,NULL
175419,202361,NULL
175420,202362,NULL
175421,202363,NULL
175422,202364,NULL
175423,202366,NULL
175424,202367,NULL
175425,202368,NULL
175426,202369,NULL
175427,202370,NULL
175428,202372,NULL
175429,202373,NULL
175430,202374,NULL
175431,202377,234670
175432,202378,NULL
175433,202379,NULL
175434,202380,NULL
175435,202381,NULL
175436,202382,NULL
175437,202383,NULL
175438,202384,213585
175439,202385,224893
175440,202387,NULL
175441,202389,NULL
175442,202390,NULL
175443,202393,NULL
175444,202394,NULL
175445,202395,NULL
175446,202396,NULL
175447,202397,NULL
175448,202400,NULL
175449,202401,NULL
175450,202402,NULL
175451,202403,NULL
175452,202405,NULL
175453,202406,NULL
175454,202407,NULL
175455,202409,NULL
175456,202410,NULL
175457,202411,NULL
175458,202412,NULL
175459,202414,NULL
175460,202415,NULL
175461,202417,NULL
175462,202418,NULL
175463,202419,226562
175464,202420,NULL
175465,202421,NULL
175466,202422,220376
175467,202423,221502
175468,202424,NULL
175469,202425,NULL
175470,202426,NULL
175471,202427,NULL
175472,202428,NULL
175473,202429,NULL
175474,202431,NULL
175475,202432,NULL
175476,202433,NULL
175477,202434,204777
175478,202435,NULL
175479,202436,NULL
175480,202437,232247
175480,202437,240240
175480,202437,243600
175481,202438,NULL
175482,202439,NULL
175483,202441,NULL
175484,202442,NULL
175485,202447,NULL
175486,202448,NULL
175487,202449,NULL
175488,202451,NULL
175489,202452,NULL
175490,202453,NULL
175491,202455,NULL
175492,202456,NULL
175493,202457,NULL
175494,202458,NULL
175495,202459,NULL
175496,202460,NULL
175497,202461,NULL
175498,202462,NULL
175499,202463,NULL
175500,202465,NULL
175501,202466,NULL
175502,202467,NULL
175503,202470,NULL
175504,202471,NULL
175505,202472,NULL
175506,202473,NULL
175507,202474,230266
175508,202475,217804
175509,202476,224232
175509,202476,227484
175509,202476,233128
175510,202477,NULL
175511,202478,NULL
175512,202479,NULL
175513,202481,NULL
175514,202482,NULL
175515,202483,NULL
175516,202484,NULL
175517,202485,NULL
175518,202486,NULL
175519,202487,NULL
175520,202488,205271
175521,202489,NULL
175522,202490,NULL
175523,202491,NULL
175524,202492,NULL
175525,202493,NULL
175526,202494,NULL
175527,202496,NULL
175528,202497,NULL
175529,202498,229122
175530,202499,NULL
175531,202500,NULL
175532,202501,216859
175532,202501,233386
175532,202501,247709
175533,202502,NULL
175534,202504,NULL
175535,202505,NULL
175536,202506,NULL
175537,202507,210849
175538,202509,NULL
175539,202510,NULL
175540,202511,NULL
175541,202512,211616
175542,202513,NULL
175543,202514,NULL
175544,202515,231554
175544,202515,247260
175544,202515,251417
175545,202517,NULL
175546,202518,NULL
175547,202519,NULL
175548,202521,NULL
175549,202522,NULL
175550,202523,NULL
175551,202525,NULL
175552,202526,NULL
175553,202527,NULL
175554,202528,215499
175555,202530,NULL
175556,202531,NULL
175557,202532,NULL
175558,202533,208164
175559,202534,NULL
175560,202535,NULL
175561,202536,NULL
175562,202538,NULL
175563,202539,NULL
175564,202540,NULL
175565,202541,NULL
175566,202542,NULL
175567,202543,NULL
175568,202544,NULL
175569,202545,NULL
175570,202546,NULL
175571,202547,NULL
175572,202548,NULL
175573,202549,NULL
175574,202550,NULL
175575,202551,NULL
175576,202552,NULL
175577,202553,NULL
175578,202554,NULL
175579,202556,224032
175580,202557,NULL
175581,202558,NULL
175582,202559,NULL
175583,202560,NULL
175584,202561,NULL
175585,202562,NULL
175586,202563,NULL
175587,202564,NULL
175588,202566,NULL
175589,202568,NULL
175590,202569,NULL
175591,202570,NULL
175592,202571,NULL
175593,202572,NULL
175594,202573,NULL
175595,202574,NULL
175596,202575,NULL
175597,202576,NULL
175598,202577,NULL
175599,202578,NULL
175600,202579,NULL
175601,202580,NULL
175602,202581,NULL
175603,202582,NULL
175604,202583,NULL
175605,202584,NULL
175606,202585,NULL
175607,202586,NULL
175608,202587,210827
175608,202587,230657
175608,202587,240127
175609,202588,NULL
175610,202590,208523
175610,202590,216436
175610,202590,222412
175611,202591,NULL
175612,202592,NULL
175613,202593,NULL
175614,202594,NULL
175615,202595,232662
175616,202596,NULL
175617,202597,224169
175618,202598,NULL
175619,202599,NULL
175620,202600,NULL
175621,202601,NULL
175622,202602,NULL
175623,202603,219492
175624,202605,235336
175625,202607,NULL
175626,202608,NULL
175627,202609,NULL
175628,202610,NULL
175629,202613,NULL
175630,202614,NULL
175631,202615,NULL
175632,202616,NULL
175633,202617,NULL
175634,202618,NULL
175635,202619,NULL
175636,202620,207983
175636,202620,226383
175636,202620,238533
175637,202621,210869
175638,202622,NULL
175639,202623,NULL
175640,202624,NULL
175641,202625,NULL
175642,202626,NULL
175643,202627,NULL
175644,202628,NULL
175645,202630,231130
175646,202631,NULL
175647,202632,NULL
175648,202633,NULL
175649,202634,215804
175650,202635,216644
175651,202636,NULL
175652,202638,NULL
175653,202641,NULL
175654,202643,NULL
175655,202645,NULL
175656,202646,NULL
175657,202647,NULL
175658,202648,NULL
175659,202649,NULL
175660,202650,NULL
175661,202651,NULL
175662,202652,NULL
175663,202653,NULL
175664,202654,NULL
175665,202655,NULL
175666,202657,235332
175667,202658,NULL
175668,202659,NULL
175669,202660,NULL
175670,202661,NULL
175671,202662,NULL
175672,202663,NULL
175673,202664,NULL
175674,202665,NULL
175675,202666,NULL
175676,202667,230070
175676,202667,240779
175676,202667,246858
175677,202668,NULL
175678,202669,NULL
175679,202670,NULL
175680,202671,NULL
175681,202673,203791
175682,202675,NULL
175683,202676,NULL
175684,202677,NULL
175685,202678,NULL
175686,202679,NULL
175687,202680,203545
175688,202681,NULL
175689,202683,NULL
175690,202684,213095
175690,202684,227844
175690,202684,229856
175691,202685,NULL
175692,202686,NULL
175693,202688,NULL
175694,202690,NULL
175695,202691,NULL
175696,202693,NULL
175697,202696,NULL
175698,202697,NULL
175699,202698,NULL
175700,202699,NULL
175701,202700,NULL
175702,202702,220024
175703,202704,NULL
175704,202705,NULL
175705,202706,NULL
175706,202707,NULL
175707,202709,NULL
175708,202710,203635
175709,202711,NULL
175710,202712,NULL
175711,202714,210034
175712,202715,NULL
175713,202716,NULL
175714,202718,NULL
175715,202719,NULL
175716,202720,NULL
175717,202721,NULL
175718,202722,205595
175719,202723,NULL
175720,202724,NULL
175721,202727,NULL
175722,202728,NULL
175723,202729,215148
175723,202729,236209
175723,202729,241789
175724,202732,NULL
175725,202733,NULL
175726,202734,NULL
175727,202735,NULL
175728,202736,NULL
175729,202737,NULL
175730,202739,NULL
175731,202740,216314
175732,202742,NULL
175733,202743,NULL
175734,202744,NULL
175735,202746,NULL
175736,202747,NULL
175737,202748,NULL
175738,202749,NULL
175739,202750,NULL
175740,202751,NULL
175741,202752,NULL
175742,202753,NULL
175743,202757,NULL
175744,202758,NULL
175745,202760,230382
175746,202761,212227
175747,202762,NULL
175748,202763,NULL
175749,202764,NULL
175750,202765,NULL
175751,202767,NULL
175752,202768,226653
175753,202769,236326
175754,202771,NULL
175755,202772,NULL
175756,202774,NULL
175757,202775,NULL
175758,202777,234268
175759,202778,NULL
175760,202779,NULL
175761,202780,NULL
175762,202781,NULL
175763,202782,NULL
175764,202783,NULL
175765,202784,NULL
175766,202785,NULL
175767,202786,NULL
175768,202788,NULL
175769,202790,NULL
175770,202791,NULL
175771,202792,NULL
175772,202793,NULL
175773,202794,NULL
175774,202795,NULL
175775,202796,NULL
175776,202797,NULL
175777,202798,NULL
175778,202799,214145
175778,202799,218992
175778,202799,227365
175779,202800,NULL
175780,202801,234655
175781,202802,NULL
175782,202803,NULL
175783,202804,NULL
175784,202806,NULL
175785,202807,208839
175786,202808,NULL
175787,202809,NULL
175788,202811,NULL
175789,202812,NULL
175790,202813,NULL
175791,202814,NULL
175792,202815,NULL
175793,202818,NULL
175794,202819,230792
175795,202820,NULL
175796,202822,NULL
175797,202823,NULL
175798,202824,231660
175799,202825,211987
175799,202825,225704
175799,202825,231260
175800,202826,NULL
175801,202827,231856
175802,202828,NULL
175803,202829,NULL
175804,202830,NULL
175805,202831,NULL
175806,202832,NULL
175807,202833,NULL
175808,202834,NULL
175809,202835,227302
175809,202835,245045
175809,202835,254622
175810,202836,221850
175810,202836,227616
175810,202836,233698
175811,202837,NULL
175812,202838,NULL
175813,202840,232746
175814,202841,NULL
175815,202842,NULL
175816,202843,NULL
175817,202845,NULL
175818,202846,NULL
175819,202847,217498
175820,202849,NULL
175821,202850,NULL
175822,202851,NULL
175823,202853,NULL
175824,202854,239804
175824,202854,254407
175824,202854,269337
175825,202855,NULL
175826,202856,NULL
175827,202859,NULL
175828,202860,NULL
175829,202861,NULL
175830,202862,NULL
175831,202863,NULL
175832,202864,NULL
175833,202865,NULL
175834,202866,NULL
175835,202867,208846
175836,202871,NULL
175837,202872,NULL
175838,202873,NULL
175839,202874,NULL
175840,202875,NULL
175841,202876,NULL
175842,202877,NULL
175843,202879,225411
175843,202879,231138
175843,202879,243494
175844,202880,NULL
175845,202881,NULL
175846,202882,NULL
175847,202883,208349
175847,202883,221684
175847,202883,230515
175848,202884,NULL
175849,202885,NULL
175850,202886,NULL
175851,202887,221461
175851,202887,233937
175851,202887,245437
175852,202888,211114
175853,202889,NULL
175854,202890,214624
175855,202891,NULL
175856,202892,NULL
175857,202893,NULL
175858,202894,NULL
175859,202895,NULL
175860,202896,NULL
175861,202897,NULL
175862,202898,NULL
175863,202899,NULL
175864,202901,NULL
175865,202902,233484
175866,202903,NULL
175867,202904,NULL
175868,202905,NULL
175869,202906,228515
175869,202906,246356
175869,202906,258093
175870,202908,NULL
175871,202909,NULL
175872,202910,NULL
175873,202911,NULL
175874,202912,NULL
175875,202913,NULL
175876,202914,NULL
175877,202915,NULL
175878,202916,NULL
175879,202917,NULL
175880,202918,NULL
175881,202919,NULL
175882,202921,238307
175883,202922,NULL
175884,202923,NULL
175885,202924,NULL
175886,202925,NULL
175887,202927,NULL
175888,202928,NULL
175889,202930,NULL
175890,202932,NULL
175891,202933,NULL
175892,202934,NULL
175893,202935,NULL
175894,202936,NULL
175895,202937,NULL
175896,202938,NULL
175897,202939,NULL
175898,202940,NULL
175899,202942,NULL
175900,202943,NULL
175901,202944,NULL
175902,202945,NULL
175903,202946,NULL
175904,202947,NULL
175905,202948,NULL
175906,202949,NULL
175907,202950,NULL
175908,202951,NULL
175909,202952,NULL
175910,202953,NULL
175911,202954,NULL
175912,202956,NULL
175913,202957,208541
175914,202958,NULL
175915,202959,NULL
175916,202960,NULL
175917,202962,NULL
175918,202963,NULL
175919,202964,NULL
175920,202965,NULL
175921,202966,217096
175921,202966,223275
175921,202966,231386
175922,202967,213858
175922,202967,220370
175922,202967,232994
175923,202968,NULL
175924,202969,NULL
175925,202970,NULL
175926,202971,NULL
175927,202972,NULL
175928,202974,NULL
175929,202977,NULL
175930,202978,NULL
175931,202979,NULL
175932,202980,NULL
175933,202983,NULL
175934,202984,NULL
175935,202986,229762
175936,202987,NULL
175937,202988,NULL
175938,202989,NULL
175939,202990,NULL
175940,202992,NULL
175941,202993,NULL
175942,202994,NULL
175943,202996,NULL
175944,202997,NULL
175945,202998,NULL
175946,202999,NULL
175947,203002,NULL
175948,203003,NULL
175949,203004,NULL
175950,203005,NULL
175951,203006,223033
175952,203007,NULL
175953,203008,NULL
175954,203009,NULL
175955,203010,NULL
175956,203011,224411
175956,203011,228852
175956,203011,235603
175957,203013,NULL
175958,203014,NULL
175959,203015,NULL
175960,203016,NULL
175961,203017,NULL
175962,203018,NULL
175963,203019,237703
175963,203019,259470
175963,203019,267674
175964,203020,NULL
175965,203021,NULL
175966,203022,NULL
175967,203023,214684
175968,203024,NULL
175969,203025,NULL
175970,203026,NULL
175971,203027,NULL
175972,203028,NULL
175973,203029,NULL
175974,203031,NULL
175975,203032,NULL
175976,203034,NULL
175977,203035,NULL
175978,203036,NULL
175979,203037,NULL
175980,203038,NULL
175981,203039,NULL
175982,203041,NULL
175983,203042,NULL
175984,203045,NULL
175985,203046,NULL
175986,203047,NULL
175987,203048,NULL
175988,203049,NULL
175989,203050,NULL
175990,203051,NULL
175991,203052,NULL
175992,203053,NULL
175993,203054,212666
175993,203054,220867
175993,203054,221918
175994,203057,NULL
175995,203059,NULL
175996,203060,NULL
175997,203061,NULL
175998,203062,NULL
175999,203063,NULL
176000,203064,NULL
176001,203065,NULL
176002,203066,NULL
176003,203067,NULL
176004,203068,NULL
176005,203069,NULL
176006,203071,NULL
176007,203072,NULL
176008,203074,NULL
176009,203076,NULL
176010,203078,NULL
176011,203079,NULL
176012,203080,NULL
176013,203081,210549
176013,203081,221481
176013,203081,234089
176014,203082,NULL
176015,203085,NULL
176016,203087,NULL
176017,203088,231613
176018,203089,NULL
176019,203090,NULL
176020,203091,NULL
176021,203092,NULL
176022,203093,230819
176023,203094,NULL
176024,203095,NULL
176025,203096,NULL
176026,203097,NULL
176027,203098,NULL
176028,203099,NULL
176029,203100,NULL
176030,203101,NULL
176031,203102,NULL
176032,203103,NULL
176033,203104,NULL
176034,203105,210443
176035,203106,226851
176035,203106,242274
176035,203106,255691
176036,203107,NULL
176037,203108,NULL
176038,203109,NULL
176039,203110,NULL
176040,203111,219094
176040,203111,225557
176040,203111,232946
176041,203112,NULL
176042,203113,NULL
176043,203114,NULL
176044,203116,NULL
176045,203117,NULL
176046,203118,NULL
176047,203120,NULL
176048,203121,NULL
176049,203122,NULL
176050,203123,NULL
176051,203127,NULL
176052,203128,NULL
176053,203129,NULL
176054,203130,NULL
176055,203133,NULL
176056,203134,NULL
176057,203136,NULL
176058,203137,NULL
176059,203138,NULL
176060,203139,NULL
176061,203140,218354
176061,203140,232568
176061,203140,243601
176062,203141,NULL
176063,203143,NULL
176064,203145,217444
176064,203145,224261
176064,203145,233205
176065,203146,NULL
176066,203148,233372
176066,203148,257136
176066,203148,259993
176067,203149,NULL
176068,203150,NULL
176069,203151,NULL
176070,203152,NULL
176071,203153,NULL
176072,203156,NULL
176073,203158,NULL
176074,203160,NULL
176075,203161,NULL
176076,203162,235097
176077,203163,NULL
176078,203165,NULL
176079,203166,NULL
176080,203167,NULL
176081,203168,NULL
176082,203169,NULL
176083,203170,NULL
176084,203171,NULL
176085,203172,NULL
176086,203173,NULL
176087,203174,NULL
176088,203175,NULL
176089,203176,NULL
176090,203178,208837
176091,203179,NULL
176092,203181,NULL
176093,203182,NULL
176094,203183,NULL
176095,203184,212115
176096,203185,NULL
176097,203186,NULL
176098,203188,NULL
176099,203189,NULL
176100,203191,NULL
176101,203193,NULL
176102,203194,226054
176103,203195,NULL
176104,203196,NULL
176105,203197,NULL
176106,203198,NULL
176107,203199,NULL
176108,203202,NULL
176109,203203,NULL
176110,203204,NULL
176111,203205,NULL
176112,203206,NULL
176113,203208,207328
176114,203209,NULL
176115,203210,NULL
176116,203212,NULL
176117,203214,NULL
176118,203215,NULL
176119,203216,224202
176119,203216,242183
176119,203216,245662
176120,203217,NULL
176121,203218,210205
176121,203218,224183
176121,203218,228417
176122,203219,NULL
176123,203221,NULL
176124,203222,NULL
176125,203223,NULL
176126,203225,NULL
176127,203226,NULL
176128,203227,NULL
176129,203228,NULL
176130,203229,NULL
176131,203230,NULL
176132,203231,NULL
176133,203232,NULL
176134,203233,NULL
176135,203234,NULL
176136,203235,NULL
176137,203236,207843
176138,203237,213686
176139,203238,NULL
176140,203239,NULL
176141,203240,NULL
176142,203241,NULL
176143,203243,NULL
176144,203244,225628
176145,203245,NULL
176146,203246,NULL
176147,203248,NULL
176148,203249,NULL
176149,203250,NULL
176150,203251,NULL
176151,203252,NULL
176152,203253,NULL
176153,203254,NULL
176154,203255,NULL
176155,203256,NULL
176156,203257,NULL
176157,203258,NULL
176158,203259,NULL
176159,203261,NULL
176160,203262,NULL
176161,203263,NULL
176162,203264,230952
176163,203265,NULL
176164,203266,NULL
176165,203267,NULL
176166,203268,NULL
176167,203269,NULL
176168,203270,NULL
176169,203271,NULL
176170,203273,NULL
176171,203274,NULL
176172,203276,NULL
176173,203277,216796
176173,203277,218189
176173,203277,223073
176174,203278,NULL
176175,203279,NULL
176176,203280,NULL
176177,203281,NULL
176178,203282,NULL
176179,203283,NULL
176180,203284,NULL
176181,203285,NULL
176182,203286,NULL
176183,203287,NULL
176184,203288,NULL
176185,203291,NULL
176186,203292,NULL
176187,203293,NULL
176188,203294,NULL
176189,203295,NULL
176190,203296,NULL
176191,203297,NULL
176192,203298,216473
176193,203299,NULL
176194,203300,NULL
176195,203301,NULL
176196,203302,NULL
176197,203303,NULL
176198,203304,NULL
176199,203305,NULL
176200,203306,216733
176201,203307,NULL
176202,203308,NULL
176203,203309,NULL
176204,203310,NULL
176205,203311,NULL
176206,203313,228772
176207,203314,NULL
176208,203315,NULL
176209,203316,NULL
176210,203318,221788
176211,203319,228828
176211,203319,235143
176211,203319,240705
176212,203320,NULL
176213,203321,NULL
176214,203322,NULL
176215,203323,NULL
176216,203324,NULL
176217,203325,NULL
176218,203326,NULL
176219,203327,NULL
176220,203328,219768
176221,203330,NULL
176222,203331,NULL
176223,203332,NULL
176224,203333,NULL
176225,203334,NULL
176226,203335,NULL
176227,203336,NULL
176228,203337,214544
176229,203338,NULL
176230,203340,218906
176231,203341,NULL
176232,203342,NULL
176233,203343,NULL
176234,203344,211303
176235,203346,NULL
176236,203348,NULL
176237,203349,NULL
176238,203350,NULL
176239,203351,NULL
176240,203352,NULL
176241,203353,NULL
176242,203356,NULL
176243,203357,NULL
176244,203358,NULL
176245,203359,NULL
176246,203360,NULL
176247,203361,220760
176248,203362,NULL
176249,203363,NULL
176250,203364,NULL
176251,203365,NULL
176252,203366,NULL
176253,203367,229842
176253,203367,247274
176253,203367,261403
176254,203368,NULL
176255,203369,NULL
176256,203371,NULL
176257,203372,NULL
176258,203374,219003
176258,203374,226908
176258,203374,240772
176259,203375,NULL
176260,203376,NULL
176261,203377,NULL
176262,203378,NULL
176263,203379,NULL
176264,203380,NULL
176265,203382,NULL
176266,203384,238290
176267,203387,NULL
176268,203389,NULL
176269,203390,NULL
176270,203392,NULL
176271,203393,NULL
176272,203395,225715
176273,203396,NULL
176274,203397,207728
176275,203398,NULL
176276,203399,NULL
176277,203400,NULL
176278,203401,NULL
176279,203402,NULL
176280,203404,NULL
176281,203405,NULL
176282,203406,NULL
176283,203408,NULL
176284,203409,216899
176285,203410,NULL
176286,203414,NULL
176287,203415,NULL
176288,203416,NULL
176289,203417,NULL
176290,203418,NULL
176291,203419,NULL
176292,203420,NULL
176293,203421,NULL
176294,203422,NULL
176295,203423,NULL
176296,203424,NULL
176297,203425,NULL
176298,203426,NULL
176299,203427,NULL
176300,203428,NULL
176301,203429,NULL
176302,203430,NULL
176303,203431,NULL
176304,203433,NULL
176305,203434,NULL
176306,203435,NULL
176307,203436,NULL
176308,203438,222976
176309,203439,NULL
176310,203440,NULL
176311,203441,NULL
176312,203442,NULL
176313,203444,NULL
176314,203445,NULL
176315,203447,NULL
176316,203448,NULL
176317,203449,219592
176318,203450,NULL
176319,203451,224743
176320,203452,NULL
176321,203453,NULL
176322,203454,NULL
176323,203457,NULL
176324,203459,NULL
176325,203460,NULL
176326,203461,NULL
176327,203462,NULL
176328,203463,NULL
176329,203464,NULL
176330,203465,NULL
176331,203466,NULL
176332,203468,NULL
176333,203471,NULL
176334,203473,NULL
176335,203475,NULL
176336,203476,NULL
176337,203477,235630
176338,203478,NULL
176339,203479,NULL
176340,203480,NULL
176341,203481,NULL
176342,203482,NULL
176343,203484,NULL
176344,203485,NULL
176345,203486,NULL
176346,203488,NULL
176347,203489,NULL
176348,203490,NULL
176349,203492,NULL
176350,203493,NULL
176351,203495,NULL
176352,203496,229875
176353,203497,217260
176353,203497,232694
176353,203497,235156
176354,203498,NULL
176355,203500,NULL
176356,203501,NULL
176357,203502,NULL
176358,203503,NULL
176359,203504,NULL
176360,203505,NULL
176361,203506,NULL
176362,203507,NULL
176363,203508,238318
176363,203508,251992
176363,203508,258594
176364,203509,NULL
176365,203510,NULL
176366,203512,NULL
176367,203513,NULL
176368,203514,NULL
176369,203515,214763
176369,203515,218714
176369,203515,224727
176370,203516,NULL
176371,203518,NULL
176372,203519,NULL
176373,203520,NULL
176374,203521,NULL
176375,203522,NULL
176376,203523,219230
176376,203523,227488
176376,203523,239870
176377,203524,NULL
176378,203525,NULL
176379,203528,NULL
176380,203529,NULL
176381,203530,229144
176381,203530,250736
176381,203530,263360
176382,203531,NULL
176383,203533,NULL
176384,203536,NULL
176385,203537,NULL
176386,203538,NULL
176387,203539,NULL
176388,203540,NULL
176389,203541,NULL
176390,203542,NULL
176391,203544,NULL
176392,203546,NULL
176393,203547,NULL
176394,203548,NULL
176395,203550,229077
176395,203550,244760
176395,203550,252028
176396,203551,NULL
176397,203552,NULL
176398,203553,NULL
176399,203554,NULL
176400,203555,238052
176400,203555,244967
176400,203555,253271
176401,203556,NULL
176402,203557,NULL
176403,203558,NULL
176404,203559,NULL
176405,203560,NULL
176406,203561,NULL
176407,203562,NULL
176408,203563,NULL
176409,203564,NULL
176410,203565,NULL
176411,203566,NULL
176412,203567,NULL
176413,203568,208178
176413,203568,221792
176413,203568,230731
176414,203571,NULL
176415,203572,NULL
176416,203574,NULL
176417,203575,NULL
176418,203576,NULL
176419,203577,NULL
176420,203578,NULL
176421,203579,NULL
176422,203580,NULL
176423,203581,NULL
176424,203582,NULL
176425,203583,NULL
176426,203584,211207
176426,203584,225863
176426,203584,230773
176427,203585,NULL
176428,203586,NULL
176429,203587,NULL
176430,203589,NULL
176431,203590,224058
176432,203591,NULL
176433,203592,NULL
176434,203593,213711
176435,203594,NULL
176436,203595,NULL
176437,203596,214007
176438,203597,NULL
176439,203598,220175
176440,203600,NULL
176441,203601,NULL
176442,203602,NULL
176443,203603,NULL
176444,203604,NULL
176445,203605,212566
176446,203606,NULL
176447,203608,NULL
176448,203609,NULL
176449,203610,NULL
176450,203611,NULL
176451,203612,206966
176452,203613,NULL
176453,203614,218673
176454,203615,NULL
176455,203616,NULL
176456,203617,NULL
176457,203618,NULL
176458,203619,NULL
176459,203620,NULL
176460,203621,NULL
176461,203622,NULL
176462,203623,230262
176463,203624,NULL
176464,203625,NULL
176465,203627,NULL
176466,203628,NULL
176467,203629,NULL
176468,203630,NULL
176469,203631,NULL
176470,203632,NULL
176471,203633,206702
176472,203634,NULL
176473,203636,NULL
176474,203637,NULL
176475,203638,NULL
176476,203639,NULL
176477,203640,NULL
176478,203641,NULL
176479,203642,NULL
176480,203643,NULL
176481,203644,NULL
176482,203646,NULL
176483,203647,NULL
176484,203648,NULL
176485,203650,NULL
176486,203651,NULL
176487,203652,NULL
176488,203654,220781
176488,203654,226677
176488,203654,236115
176489,203655,NULL
176490,203656,236605
176491,203657,NULL
176492,203658,NULL
176493,203659,NULL
176494,203660,216725
176494,203660,228842
176494,203660,239366
176495,203662,NULL
176496,203663,NULL
176497,203664,NULL
176498,203665,NULL
176499,203666,NULL
176500,203668,NULL
176501,203669,NULL
176502,203670,NULL
176503,203671,NULL
176504,203672,NULL
176505,203673,217397
176506,203674,NULL
176507,203675,NULL
176508,203676,NULL
176509,203677,NULL
176510,203678,NULL
176511,203679,NULL
176512,203680,NULL
176513,203681,NULL
176514,203683,NULL
176515,203684,NULL
176516,203685,NULL
176517,203686,NULL
176518,203687,NULL
176519,203689,NULL
176520,203690,NULL
176521,203691,NULL
176522,203692,NULL
176523,203693,NULL
176524,203694,NULL
176525,203695,NULL
176526,203696,NULL
176527,203697,NULL
176528,203698,NULL
176529,203699,NULL
176530,203700,NULL
176531,203701,NULL
176532,203702,220721
176533,203703,NULL
176534,203704,NULL
176535,203705,NULL
176536,203706,NULL
176537,203707,NULL
176538,203708,206848
176538,203708,225910
176538,203708,233268
176539,203709,NULL
176540,203710,NULL
176541,203711,NULL
176542,203712,NULL
176543,203713,NULL
176544,203714,231771
176544,203714,247646
176544,203714,260364
176545,203715,NULL
176546,203716,236018
176547,203718,NULL
176548,203719,232975
176549,203720,NULL
176550,203721,NULL
176551,203722,NULL
176552,203723,217676
176553,203724,NULL
176554,203725,NULL
176555,203726,NULL
176556,203727,239153
176557,203728,NULL
176558,203729,NULL
176559,203731,NULL
176560,203732,NULL
176561,203733,NULL
176562,203734,NULL
176563,203735,222443
176563,203735,237577
176563,203735,245825
176564,203737,NULL
176565,203738,NULL
176566,203739,NULL
176567,203741,NULL
176568,203742,NULL
176569,203743,NULL
176570,203745,215267
176571,203746,NULL
176572,203747,NULL
176573,203749,NULL
176574,203750,207734
176575,203751,NULL
176576,203753,NULL
176577,203754,NULL
176578,203755,NULL
176579,203758,220130
176580,203759,212396
176580,203759,217823
176580,203759,225817
176581,203761,NULL
176582,203762,NULL
176583,203764,NULL
176584,203765,NULL
176585,203766,NULL
176586,203767,NULL
176587,203768,NULL
176588,203769,NULL
176589,203770,NULL
176590,203772,NULL
176591,203773,210007
176592,203775,NULL
176593,203776,NULL
176594,203777,NULL
176595,203778,NULL
176596,203780,NULL
176597,203782,NULL
176598,203783,NULL
176599,203785,NULL
176600,203787,NULL
176601,203788,NULL
176602,203790,NULL
176603,203792,NULL
176604,203793,NULL
176605,203794,NULL
176606,203795,NULL
176607,203796,NULL
176608,203797,NULL
176609,203798,NULL
176610,203800,NULL
176611,203801,NULL
176612,203802,NULL
176613,203803,NULL
176614,203804,NULL
176615,203805,NULL
176616,203806,NULL
176617,203808,NULL
176618,203809,NULL
176619,203811,NULL
176620,203812,NULL
176621,203813,NULL
176622,203814,NULL
176623,203815,NULL
176624,203816,NULL
176625,203817,NULL
176626,203818,NULL
176627,203819,NULL
176628,203820,NULL
176629,203822,NULL
176630,203823,NULL
176631,203824,223634
176631,203824,243829
176631,203824,250941
176632,203825,NULL
176633,203826,NULL
176634,203827,NULL
176635,203828,NULL
176636,203829,NULL
176637,203830,NULL
176638,203831,NULL
176639,203832,207386
176639,203832,216484
176639,203832,219434
176640,203833,NULL
176641,203834,218488
176642,203835,NULL
176643,203837,NULL
176644,203838,235451
176645,203839,NULL
176646,203840,NULL
176647,203841,NULL
176648,203844,NULL
176649,203845,NULL
176650,203846,240173
176651,203847,NULL
176652,203848,NULL
176653,203849,NULL
176654,203850,NULL
176655,203851,NULL
176656,203852,NULL
176657,203853,NULL
176658,203854,NULL
176659,203855,NULL
176660,203857,224456
176661,203858,224937
176662,203859,NULL
176663,203860,NULL
176664,203861,225028
176664,203861,230408
176664,203861,233973
176665,203862,NULL
176666,203863,NULL
176667,203864,NULL
176668,203865,NULL
176669,203866,NULL
176670,203867,NULL
176671,203868,216366
176672,203870,NULL
176673,203872,NULL
176674,203873,NULL
176675,203874,236400
176676,203877,234547
176677,203878,NULL
176678,203879,NULL
176679,203881,NULL
176680,203882,230822
176681,203883,NULL
176682,203884,NULL
176683,203885,NULL
176684,203886,NULL
176685,203887,237907
176686,203888,212259
176687,203889,NULL
176688,203890,NULL
176689,203891,NULL
176690,203892,NULL
176691,203893,NULL
176692,203894,214143
176692,203894,215933
176692,203894,222750
176693,203895,227770
176694,203896,NULL
176695,203897,NULL
176696,203898,NULL
176697,203900,NULL
176698,203902,NULL
176699,203903,NULL
176700,203904,NULL
176701,203905,NULL
176702,203906,232440
176703,203907,NULL
176704,203909,NULL
176705,203913,NULL
176706,203914,208039
176707,203915,NULL
176708,203916,211048
176709,203917,NULL
176710,203919,214050
176710,203919,219823
176710,203919,224947
176711,203921,NULL
176712,203922,NULL
176713,203923,NULL
176714,203924,NULL
176715,203925,NULL
176716,203926,NULL
176717,203927,NULL
176718,203928,NULL
176719,203929,NULL
176720,203930,236912
176721,203931,NULL
176722,203932,NULL
176723,203934,NULL
176724,203935,NULL
176725,203937,NULL
176726,203939,226142
176726,203939,230035
176726,203939,233700
176727,203940,NULL
176728,203941,NULL
176729,203942,237639
176730,203944,NULL
176731,203945,NULL
176732,203947,NULL
176733,203948,NULL
176734,203949,209708
176735,203951,NULL
176736,203953,NULL
176737,203954,220293
176738,203955,NULL
176739,203956,NULL
176740,203958,NULL
176741,203959,NULL
176742,203960,NULL
176743,203961,NULL
176744,203962,NULL
176745,203963,NULL
176746,203964,212358
176747,203966,221194
176748,203967,NULL
176749,203969,NULL
176750,203970,223083
176751,203971,214801
176751,203971,229864
176751,203971,237792
176752,203972,NULL
176753,203974,NULL
176754,203975,NULL
176755,203976,NULL
176756,203977,NULL
176757,203978,NULL
176758,203979,NULL
176759,203981,NULL
176760,203982,NULL
176761,203983,NULL
176762,203984,NULL
176763,203986,NULL
176764,203987,NULL
176765,203988,NULL
176766,203989,212553
176767,203990,NULL
176768,203992,NULL
176769,203993,NULL
176770,203994,NULL
176771,203995,NULL
176772,203997,239296
176773,203998,NULL
176774,203999,NULL
176775,204000,NULL
176776,204001,NULL
176777,204002,NULL
176778,204003,NULL
176779,204004,232064
176780,204005,222844
176781,204006,NULL
176782,204007,NULL
176783,204008,NULL
176784,204009,NULL
176785,204010,NULL
176786,204011,NULL
176787,204013,NULL
176788,204015,NULL
176789,204017,NULL
176790,204018,NULL
176791,204020,208459
176792,204021,NULL
176793,204022,NULL
176794,204023,NULL
176795,204024,NULL
176796,204025,NULL
176797,204026,208129
176798,204027,NULL
176799,204029,NULL
176800,204030,NULL
176801,204031,NULL
176802,204032,232844
176803,204033,NULL
176804,204034,NULL
176805,204035,NULL
176806,204036,NULL
176807,204037,234031
176808,204039,NULL
176809,204040,NULL
176810,204041,NULL
176811,204042,NULL
176812,204043,NULL
176813,204044,NULL
176814,204045,NULL
176815,204046,NULL
176816,204047,219504
176816,204047,240194
176816,204047,253270
176817,204049,NULL
176818,204050,NULL
176819,204051,NULL
176820,204052,233783
176820,204052,245131
176820,204052,246782
176821,204053,NULL
176822,204054,NULL
176823,204055,NULL
176824,204056,NULL
176825,204058,NULL
176826,204060,NULL
176827,204061,231339
176828,204062,238889
176829,204063,NULL
176830,204064,NULL
176831,204066,NULL
176832,204067,NULL
176833,204068,NULL
176834,204069,NULL
176835,204070,NULL
176836,204072,NULL
176837,204073,NULL
176838,204076,NULL
176839,204077,NULL
176840,204078,NULL
176841,204079,NULL
176842,204080,NULL
176843,204081,NULL
176844,204082,NULL
176845,204083,NULL
176846,204084,NULL
176847,204085,NULL
176848,204086,NULL
176849,204088,NULL
176850,204089,NULL
176851,204090,NULL
176852,204091,NULL
176853,204092,NULL
176854,204093,NULL
176855,204095,NULL
176856,204098,NULL
176857,204099,219885
176858,204101,NULL
176859,204102,NULL
176860,204103,232462
176860,204103,237115
176860,204103,242329
176861,204104,224560
176861,204104,239279
176861,204104,251016
176862,204105,221638
176862,204105,235499
176862,204105,246139
176863,204106,NULL
176864,204108,NULL
176865,204109,NULL
176866,204110,NULL
176867,204111,NULL
176868,204112,NULL
176869,204113,NULL
176870,204114,NULL
176871,204115,NULL
176872,204116,NULL
176873,204117,NULL
176874,204118,NULL
176875,204120,NULL
176876,204121,NULL
176877,204122,NULL
176878,204123,NULL
176879,204124,NULL
176880,204125,228563
176881,204126,NULL
176882,204127,NULL
176883,204128,NULL
176884,204129,NULL
176885,204130,NULL
176886,204131,NULL
176887,204132,NULL
176888,204134,237804
176889,204135,NULL
176890,204136,NULL
176891,204138,NULL
176892,204139,NULL
176893,204140,NULL
176894,204142,NULL
176895,204144,NULL
176896,204145,NULL
176897,204146,NULL
176898,204147,NULL
176899,204148,NULL
176900,204149,NULL
176901,204151,NULL
176902,204152,NULL
176903,204153,NULL
176904,204154,NULL
176905,204155,NULL
176906,204156,NULL
176907,204157,NULL
176908,204158,NULL
176909,204159,NULL
176910,204160,NULL
176911,204161,NULL
176912,204162,NULL
176913,204163,NULL
176914,204164,NULL
176915,204165,NULL
176916,204166,215265
176917,204167,NULL
176918,204168,NULL
176919,204169,NULL
176920,204170,NULL
176921,204171,NULL
176922,204172,NULL
176923,204173,NULL
176924,204174,NULL
176925,204175,NULL
176926,204176,NULL
176927,204177,NULL
176928,204178,NULL
176929,204179,NULL
176930,204180,NULL
176931,204181,NULL
176932,204183,NULL
176933,204185,219722
176934,204187,NULL
176935,204188,NULL
176936,204189,NULL
176937,204190,NULL
176938,204193,239196
176939,204194,NULL
176940,204195,219887
176941,204196,235549
176942,204197,NULL
176943,204199,226897
176944,204200,NULL
176945,204202,NULL
176946,204203,NULL
176947,204206,228791
176947,204206,230862
176947,204206,238424
176948,204207,NULL
176949,204208,NULL
176950,204209,NULL
176951,204210,NULL
176952,204211,NULL
176953,204215,NULL
176954,204216,228006
176955,204217,NULL
176956,204218,NULL
176957,204220,NULL
176958,204221,NULL
176959,204222,NULL
176960,204223,238104
176961,204224,NULL
176962,204225,NULL
176963,204226,NULL
176964,204227,NULL
176965,204228,NULL
176966,204229,NULL
176967,204230,NULL
176968,204231,NULL
176969,204233,239335
176970,204234,NULL
176971,204235,NULL
176972,204236,NULL
176973,204237,NULL
176974,204238,NULL
176975,204239,NULL
176976,204240,NULL
176977,204241,NULL
176978,204242,NULL
176979,204243,NULL
176980,204244,NULL
176981,204247,NULL
176982,204248,NULL
176983,204249,NULL
176984,204250,NULL
176985,204251,NULL
176986,204252,NULL
176987,204253,210369
176987,204253,217224
176987,204253,226744
176988,204254,NULL
176989,204255,NULL
176990,204256,NULL
176991,204258,NULL
176992,204260,NULL
176993,204261,210667
176993,204261,230423
176993,204261,235398
176994,204262,NULL
176995,204263,NULL
176996,204264,207416
176996,204264,227188
176996,204264,234605
176997,204265,NULL
176998,204266,238500
176999,204267,NULL
177000,204269,213846
177001,204270,NULL
177002,204271,NULL
177003,204272,NULL
177004,204273,NULL
177005,204274,NULL
177006,204277,NULL
177007,204278,NULL
177008,204279,NULL
177009,204281,NULL
177010,204282,NULL
177011,204283,NULL
177012,204284,NULL
177013,204285,240099
177013,204285,244255
177013,204285,251564
177014,204286,NULL
177015,204288,NULL
177016,204290,NULL
177017,204291,NULL
177018,204293,NULL
177019,204294,NULL
177020,204295,NULL
177021,204296,NULL
177022,204298,NULL
177023,204299,NULL
177024,204300,NULL
177025,204301,NULL
177026,204302,216090
177027,204303,NULL
177028,204304,NULL
177029,204305,NULL
177030,204306,NULL
177031,204307,229102
177032,204309,NULL
177033,204310,219307
177034,204311,NULL
177035,204312,NULL
177036,204313,NULL
177037,204314,NULL
177038,204315,235713
177039,204316,NULL
177040,204317,NULL
177041,204318,220970
177041,204318,239757
177041,204318,251793
177042,204319,NULL
177043,204321,NULL
177044,204322,NULL
177045,204325,NULL
177046,204327,NULL
177047,204328,NULL
177048,204330,NULL
177049,204331,NULL
177050,204333,NULL
177051,204334,NULL
177052,204335,NULL
177053,204336,NULL
177054,204337,231373
177055,204338,NULL
177056,204339,NULL
177057,204340,208473
177058,204341,217764
177059,204342,NULL
177060,204343,NULL
177061,204345,234140
177062,204346,NULL
177063,204347,NULL
177064,204348,NULL
177065,204349,NULL
177066,204351,NULL
177067,204354,NULL
177068,204355,NULL
177069,204356,NULL
177070,204357,NULL
177071,204358,239981
177071,204358,246751
177071,204358,258577
177072,204359,NULL
177073,204360,NULL
177074,204361,NULL
177075,204362,NULL
177076,204363,NULL
177077,204365,NULL
177078,204366,NULL
177079,204367,236108
177080,204368,NULL
177081,204369,NULL
177082,204370,NULL
177083,204371,NULL
177084,204373,NULL
177085,204374,NULL
177086,204375,NULL
177087,204376,NULL
177088,204377,NULL
177089,204378,NULL
177090,204379,208077
177091,204380,NULL
177092,204381,NULL
177093,204384,NULL
177094,204385,NULL
177095,204386,NULL
177096,204387,NULL
177097,204389,NULL
177098,204390,216259
177098,204390,235954
177098,204390,243478
177099,204391,NULL
177100,204392,NULL
177101,204393,NULL
177102,204394,219130
177103,204395,NULL
177104,204396,NULL
177105,204397,NULL
177106,204398,NULL
177107,204399,NULL
177108,204400,NULL
177109,204401,NULL
177110,204402,NULL
177111,204403,NULL
177112,204404,NULL
177113,204405,221174
177114,204406,NULL
177115,204408,229718
177116,204409,NULL
177117,204410,NULL
177118,204412,NULL
177119,204413,NULL
177120,204414,NULL
177121,204417,NULL
177122,204418,NULL
177123,204419,NULL
177124,204420,NULL
177125,204421,NULL
177126,204422,NULL
177127,204424,NULL
177128,204425,224012
177129,204426,NULL
177130,204427,NULL
177131,204428,NULL
177132,204429,NULL
177133,204430,NULL
177134,204431,NULL
177135,204432,NULL
177136,204433,NULL
177137,204434,NULL
177138,204435,NULL
177139,204436,NULL
177140,204437,NULL
177141,204438,NULL
177142,204439,NULL
177143,204440,227144
177144,204441,NULL
177145,204442,NULL
177146,204445,NULL
177147,204447,231598
177148,204448,NULL
177149,204450,NULL
177150,204451,228656
177151,204452,NULL
177152,204453,NULL
177153,204454,NULL
177154,204455,NULL
177155,204456,NULL
177156,204457,NULL
177157,204458,219040
177157,204458,239625
177157,204458,241059
177158,204459,NULL
177159,204461,NULL
177160,204462,NULL
177161,204463,NULL
177162,204465,NULL
177163,204466,NULL
177164,204467,NULL
177165,204468,NULL
177166,204469,NULL
177167,204470,NULL
177168,204471,NULL
177169,204473,NULL
177170,204474,NULL
177171,204475,NULL
177172,204476,NULL
177173,204478,225969
177173,204478,248460
177173,204478,256587
177174,204480,NULL
177175,204481,NULL
177176,204482,NULL
177177,204483,210444
177178,204484,NULL
177179,204485,NULL
177180,204486,NULL
177181,204487,NULL
177182,204490,NULL
177183,204491,NULL
177184,204495,NULL
177185,204496,NULL
177186,204497,NULL
177187,204498,NULL
177188,204499,233828
177189,204500,NULL
177190,204502,NULL
177191,204503,NULL
177192,204505,NULL
177193,204506,NULL
177194,204507,NULL
177195,204508,233312
177195,204508,250524
177195,204508,264901
177196,204510,231844
177197,204511,220751
177198,204512,NULL
177199,204513,NULL
177200,204515,NULL
177201,204517,NULL
177202,204518,NULL
177203,204519,NULL
177204,204520,NULL
177205,204521,NULL
177206,204523,NULL
177207,204524,NULL
177208,204526,NULL
177209,204527,NULL
177210,204528,NULL
177211,204529,NULL
177212,204530,NULL
177213,204532,229251
177214,204533,NULL
177215,204534,NULL
177216,204535,NULL
177217,204536,NULL
177218,204538,NULL
177219,204539,NULL
177220,204540,NULL
177221,204541,NULL
177222,204542,NULL
177223,204543,NULL
177224,204544,NULL
177225,204547,NULL
177226,204548,NULL
177227,204549,NULL
177228,204550,NULL
177229,204551,NULL
177230,204554,217883
177231,204555,NULL
177232,204556,NULL
177233,204557,NULL
177234,204558,NULL
177235,204559,NULL
177236,204560,NULL
177237,204561,NULL
177238,204562,NULL
177239,204563,209231
177240,204564,NULL
177241,204566,NULL
177242,204567,NULL
177243,204568,NULL
177244,204569,NULL
177245,204570,NULL
177246,204571,NULL
177247,204572,NULL
177248,204573,NULL
177249,204577,NULL
177250,204578,NULL
177251,204579,NULL
177252,204580,NULL
177253,204581,NULL
177254,204582,NULL
177255,204583,NULL
177256,204585,NULL
177257,204586,NULL
177258,204589,NULL
177259,204590,NULL
177260,204591,NULL
177261,204592,NULL
177262,204593,NULL
177263,204595,NULL
177264,204596,NULL
177265,204598,NULL
177266,204599,217894
177267,204600,NULL
177268,204601,NULL
177269,204602,NULL
177270,204603,NULL
177271,204604,NULL
177272,204605,NULL
177273,204606,NULL
177274,204607,NULL
177275,204608,NULL
177276,204611,NULL
177277,204612,NULL
177278,204613,NULL
177279,204615,237503
177279,204615,246000
177279,204615,259115
177280,204616,NULL
177281,204617,NULL
177282,204619,NULL
177283,204620,NULL
177284,204621,NULL
177285,204622,NULL
177286,204623,230634
177287,204624,NULL
177288,204625,NULL
177289,204627,NULL
177290,204628,213302
177291,204629,NULL
177292,204631,NULL
177293,204632,NULL
177294,204633,NULL
177295,204634,NULL
177296,204635,NULL
177297,204636,NULL
177298,204637,NULL
177299,204638,NULL
177300,204639,NULL
177301,204640,NULL
177302,204641,NULL
177303,204642,NULL
177304,204643,NULL
177305,204645,NULL
177306,204648,NULL
177307,204649,239313
177308,204650,NULL
177309,204651,NULL
177310,204652,NULL
177311,204653,NULL
177312,204654,217384
177312,204654,221563
177312,204654,233788
177313,204655,NULL
177314,204656,NULL
177315,204657,NULL
177316,204658,NULL
177317,204659,NULL
177318,204660,NULL
177319,204661,240676
177320,204662,NULL
177321,204663,NULL
177322,204664,NULL
177323,204668,NULL
177324,204669,NULL
177325,204670,210850
177326,204671,224950
177327,204672,NULL
177328,204673,213967
177329,204674,NULL
177330,204675,NULL
177331,204677,NULL
177332,204678,NULL
177333,204679,NULL
177334,204680,NULL
177335,204681,NULL
177336,204683,NULL
177337,204684,NULL
177338,204685,NULL
177339,204687,NULL
177340,204688,225826
177341,204689,NULL
177342,204690,NULL
177343,204692,NULL
177344,204693,NULL
177345,204694,NULL
177346,204695,NULL
177347,204699,NULL
177348,204700,NULL
177349,204701,NULL
177350,204702,NULL
177351,204703,NULL
177352,204704,NULL
177353,204705,NULL
177354,204706,214026
177354,204706,220876
177354,204706,229697
177355,204707,224613
177356,204708,NULL
177357,204709,NULL
177358,204710,NULL
177359,204711,NULL
177360,204712,NULL
177361,204713,NULL
177362,204714,215554
177363,204715,NULL
177364,204716,NULL
177365,204717,232735
177366,204718,NULL
177367,204721,NULL
177368,204722,214439
177369,204726,NULL
177370,204727,NULL
177371,204728,217307
177372,204729,NULL
177373,204730,NULL
177374,204731,211765
177375,204732,NULL
177376,204733,NULL
177377,204734,NULL
177378,204735,NULL
177379,204736,NULL
177380,204737,NULL
177381,204738,NULL
177382,204739,NULL
177383,204740,NULL
177384,204741,NULL
177385,204742,NULL
177386,204743,NULL
177387,204744,NULL
177388,204745,NULL
177389,204746,NULL
177390,204747,NULL
177391,204748,NULL
177392,204749,223215
177393,204750,NULL
177394,204751,NULL
177395,204752,NULL
177396,204753,NULL
177397,204754,NULL
177398,204755,NULL
177399,204756,NULL
177400,204758,NULL
177401,204759,NULL
177402,204760,NULL
177403,204761,NULL
177404,204763,NULL
177405,204765,NULL
177406,204766,NULL
177407,204767,NULL
177408,204768,209663
177408,204768,224582
177408,204768,231089
177409,204769,NULL
177410,204770,NULL
177411,204771,NULL
177412,204772,NULL
177413,204773,NULL
177414,204774,NULL
177415,204775,NULL
177416,204778,233900
177416,204778,255334
177416,204778,265993
177417,204779,NULL
177418,204780,NULL
177419,204781,NULL
177420,204782,NULL
177421,204783,NULL
177422,204784,NULL
177423,204785,NULL
177424,204786,NULL
177425,204787,215974
177426,204788,NULL
177427,204789,NULL
177428,204790,NULL
177429,204791,NULL
177430,204792,NULL
177431,204793,NULL
177432,204794,NULL
177433,204795,NULL
177434,204796,NULL
177435,204797,240621
177436,204798,NULL
177437,204800,NULL
177438,204801,NULL
177439,204802,NULL
177440,204803,NULL
177441,204804,NULL
177442,204805,NULL
177443,204806,NULL
177444,204807,229691
177445,204808,NULL
177446,204809,220831
177447,204811,NULL
177448,204812,NULL
177449,204813,232786
177449,204813,243180
177449,204813,253961
177450,204814,NULL
177451,204815,NULL
177452,204816,NULL
177453,204817,NULL
177454,204819,NULL
177455,204820,NULL
177456,204821,NULL
177457,204822,NULL
177458,204823,NULL
177459,204824,NULL
177460,204825,NULL
177461,204826,NULL
177462,204827,NULL
177463,204828,NULL
177464,204830,NULL
177465,204831,NULL
177466,204832,NULL
177467,204833,207189
177468,204834,NULL
177469,204835,NULL
177470,204836,NULL
177471,204837,NULL
177472,204838,212483
177473,204840,NULL
177474,204841,NULL
177475,204843,NULL
177476,204844,NULL
177477,204845,214681
177478,204846,209982
177478,204846,222724
177478,204846,227491
177479,204848,NULL
177480,204849,NULL
177481,204850,NULL
177482,204851,NULL
177483,204852,NULL
177484,204853,NULL
177485,204854,NULL
177486,204855,NULL
177487,204856,NULL
177488,204857,NULL
177489,204858,NULL
177490,204859,NULL
177491,204860,NULL
177492,204862,NULL
177493,204864,NULL
177494,204865,NULL
177495,204866,NULL
177496,204867,NULL
177497,204868,NULL
177498,204869,NULL
177499,204870,NULL
177500,204871,NULL
177501,204872,NULL
177502,204873,NULL
177503,204874,NULL
177504,204875,NULL
177505,204876,NULL
177506,204878,NULL
177507,204879,233295
177508,204880,NULL
177509,204881,NULL
177510,204882,NULL
177511,204883,NULL
177512,204884,NULL
177513,204885,NULL
177514,204886,NULL
177515,204887,225086
177516,204888,NULL
177517,204889,NULL
177518,204890,NULL
177519,204891,NULL
177520,204892,215778
177521,204893,NULL
177522,204895,NULL
177523,204896,NULL
177524,204897,NULL
177525,204898,225837
177525,204898,237967
177525,204898,249150
177526,204899,NULL
177527,204900,NULL
177528,204901,NULL
177529,204902,NULL
177530,204903,NULL
177531,204904,NULL
177532,204905,231297
177533,204906,NULL
177534,204907,NULL
177535,204908,207534
177536,204909,NULL
177537,204910,NULL
177538,204911,NULL
177539,204912,229456
177540,204913,NULL
177541,204914,224066
177541,204914,241413
177541,204914,245715
177542,204915,NULL
177543,204916,NULL
177544,204917,NULL
177545,204918,NULL
177546,204919,NULL
177547,204920,NULL
177548,204921,NULL
177549,204922,NULL
177550,204923,211832
177551,204924,NULL
177552,204925,235926
177552,204925,246479
177552,204925,260713
177553,204926,NULL
177554,204928,NULL
177555,204929,NULL
177556,204931,NULL
177557,204932,NULL
177558,204933,NULL
177559,204934,NULL
177560,204936,NULL
177561,204938,NULL
177562,204940,NULL
177563,204941,NULL
177564,204942,NULL
177565,204943,NULL
177566,204944,NULL
177567,204945,NULL
177568,204947,227842
177569,204948,NULL
177570,204949,NULL
177571,204950,NULL
177572,204951,NULL
177573,204952,NULL
177574,204953,NULL
177575,204954,NULL
177576,204955,NULL
177577,204956,NULL
177578,204957,NULL
177579,204958,NULL
177580,204959,NULL
177581,204960,232610
177582,204961,NULL
177583,204962,NULL
177584,204963,NULL
177585,204964,NULL
177586,204965,NULL
177587,204966,NULL
177588,204967,NULL
177589,204968,NULL
177590,204969,NULL
177591,204972,NULL
177592,204973,NULL
177593,204974,NULL
177594,204975,234200
177595,204976,NULL
177596,204977,208305
177597,204978,NULL
177598,204979,NULL
177599,204980,NULL
177600,204981,NULL
177601,204982,NULL
177602,204983,NULL
177603,204984,NULL
177604,204985,NULL
177605,204988,NULL
177606,204989,NULL
177607,204990,218689
177608,204991,NULL
177609,204992,NULL
177610,204993,NULL
177611,204996,NULL
177612,204997,213752
177612,204997,229367
177612,204997,243221
177613,204998,NULL
177614,204999,240654
177615,205000,NULL
177616,205001,NULL
177617,205003,NULL
177618,205004,NULL
177619,205005,NULL
177620,205006,NULL
177621,205008,NULL
177622,205009,NULL
177623,205010,NULL
177624,205011,NULL
177625,205012,NULL
177626,205013,NULL
177627,205015,NULL
177628,205016,NULL
177629,205017,NULL
177630,205018,NULL
177631,205019,NULL
177632,205021,NULL
177633,205022,NULL
177634,205023,NULL
177635,205027,NULL
177636,205028,NULL
177637,205029,NULL
177638,205030,NULL
177639,205031,NULL
177640,205032,NULL
177641,205034,NULL
177642,205035,NULL
177643,205036,226150
177644,205037,NULL
177645,205039,229978
177645,205039,239670
177645,205039,253226
177646,205041,NULL
177647,205042,NULL
177648,205043,NULL
177649,205044,NULL
177650,205045,NULL
177651,205046,NULL
177652,205047,NULL
177653,205048,NULL
177654,205049,NULL
177655,205050,NULL
177656,205051,231938
177657,205052,NULL
177658,205053,NULL
177659,205054,NULL
177660,205055,NULL
177661,205056,230985
177662,205057,NULL
177663,205058,NULL
177664,205059,NULL
177665,205060,229071
177666,205061,NULL
177667,205062,NULL
177668,205064,NULL
177669,205065,220165
177669,205065,225359
177669,205065,236359
177670,205066,NULL
177671,205067,NULL
177672,205068,NULL
177673,205069,236812
177674,205072,NULL
177675,205073,NULL
177676,205074,NULL
177677,205075,NULL
177678,205076,NULL
177679,205077,NULL
177680,205078,NULL
177681,205079,NULL
177682,205080,NULL
177683,205081,NULL
177684,205082,235094
177685,205083,NULL
177686,205084,NULL
177687,205086,NULL
177688,205087,NULL
177689,205089,NULL
177690,205091,NULL
177691,205092,NULL
177692,205093,NULL
177693,205094,NULL
177694,205095,NULL
177695,205096,NULL
177696,205097,NULL
177697,205098,NULL
177698,205099,NULL
177699,205100,NULL
177700,205101,NULL
177701,205102,226012
177702,205103,NULL
177703,205104,NULL
177704,205105,NULL
177705,205106,NULL
177706,205107,NULL
177707,205108,NULL
177708,205109,NULL
177709,205111,216530
177710,205112,NULL
177711,205113,NULL
177712,205114,NULL
177713,205115,NULL
177714,205116,NULL
177715,205117,NULL
177716,205118,NULL
177717,205119,NULL
177718,205120,NULL
177719,205122,NULL
177720,205123,NULL
177721,205124,NULL
177722,205125,NULL
177723,205127,NULL
177724,205128,NULL
177725,205129,NULL
177726,205130,NULL
177727,205133,NULL
177728,205135,NULL
177729,205136,NULL
177730,205137,NULL
177731,205138,NULL
177732,205140,215219
177733,205141,NULL
177734,205143,216008
177735,205145,NULL
177736,205146,NULL
177737,205148,NULL
177738,205149,217606
177739,205150,NULL
177740,205151,NULL
177741,205154,NULL
177742,205156,NULL
177743,205157,207428
177743,205157,214665
177743,205157,222407
177744,205158,NULL
177745,205159,227803
177746,205160,NULL
177747,205162,NULL
177748,205163,NULL
177749,205165,NULL
177750,205166,NULL
177751,205167,NULL
177752,205168,NULL
177753,205169,228735
177754,205170,NULL
177755,205172,NULL
177756,205173,231181
177757,205176,NULL
177758,205177,NULL
177759,205178,NULL
177760,205179,NULL
177761,205180,NULL
177762,205181,NULL
177763,205182,225591
177764,205183,NULL
177765,205184,NULL
177766,205185,NULL
177767,205186,NULL
177768,205187,NULL
177769,205188,239166
177770,205189,NULL
177771,205190,NULL
177772,205191,NULL
177773,205192,NULL
177774,205193,NULL
177775,205194,228110
177776,205195,NULL
177777,205196,NULL
177778,205197,NULL
177779,205198,NULL
177780,205199,NULL
177781,205200,NULL
177782,205201,208933
177782,205201,222742
177782,205201,230238
177783,205202,229013
177784,205204,NULL
177785,205205,NULL
177786,205206,NULL
177787,205208,NULL
177788,205209,214873
177789,205210,NULL
177790,205211,NULL
177791,205212,NULL
177792,205213,NULL
177793,205214,NULL
177794,205215,NULL
177795,205217,NULL
177796,205218,NULL
177797,205219,NULL
177798,205220,NULL
177799,205221,209468
177800,205222,NULL
177801,205223,NULL
177802,205224,219741
177803,205225,219301
177804,205226,NULL
177805,205228,NULL
177806,205229,NULL
177807,205230,232547
177807,205230,249904
177807,205230,256117
177808,205232,229753
177809,205233,211884
177810,205234,NULL
177811,205235,NULL
177812,205236,NULL
177813,205237,NULL
177814,205238,NULL
177815,205239,NULL
177816,205240,NULL
177817,205241,NULL
177818,205242,NULL
177819,205243,NULL
177820,205244,NULL
177821,205245,NULL
177822,205246,NULL
177823,205247,NULL
177824,205248,NULL
177825,205249,NULL
177826,205250,NULL
177827,205251,NULL
177828,205252,NULL
177829,205253,NULL
177830,205254,NULL
177831,205255,230691
177832,205257,NULL
177833,205258,NULL
177834,205260,NULL
177835,205261,NULL
177836,205262,217916
177837,205263,NULL
177838,205264,NULL
177839,205265,NULL
177840,205266,NULL
177841,205267,NULL
177842,205268,NULL
177843,205269,NULL
177844,205270,NULL
177845,205272,NULL
177846,205273,NULL
177847,205274,NULL
177848,205275,NULL
177849,205276,NULL
177850,205277,NULL
177851,205278,NULL
177852,205279,NULL
177853,205280,NULL
177854,205281,225976
177855,205282,NULL
177856,205283,NULL
177857,205284,NULL
177858,205285,NULL
177859,205286,NULL
177860,205287,NULL
177861,205289,NULL
177862,205290,NULL
177863,205291,NULL
177864,205292,NULL
177865,205293,NULL
177866,205294,NULL
177867,205295,NULL
177868,205296,NULL
177869,205298,NULL
177870,205299,236541
177870,205299,252164
177870,205299,264216
177871,205300,NULL
177872,205301,NULL
177873,205302,NULL
177874,205303,NULL
177875,205304,NULL
177876,205305,NULL
177877,205306,NULL
177878,205307,231760
177879,205308,NULL
177880,205309,NULL
177881,205310,NULL
177882,205311,NULL
177883,205312,NULL
177884,205313,223198
177884,205313,229991
177884,205313,241829
177885,205314,NULL
177886,205315,NULL
177887,205316,NULL
177888,205317,227661
177889,205318,NULL
177890,205319,NULL
177891,205321,NULL
177892,205322,221590
177893,205324,NULL
177894,205325,207780
177894,205325,218485
177894,205325,223636
177895,205326,NULL
177896,205327,208031
177896,205327,214274
177896,205327,222583
177897,205328,NULL
177898,205329,NULL
177899,205331,NULL
177900,205332,226858
177901,205333,NULL
177902,205334,NULL
177903,205335,NULL
177904,205336,NULL
177905,205337,NULL
177906,205338,NULL
177907,205339,NULL
177908,205340,NULL
177909,205341,NULL
177910,205342,NULL
177911,205343,NULL
177912,205344,NULL
177913,205345,NULL
177914,205346,NULL
177915,205347,230064
177916,205349,NULL
177917,205350,NULL
177918,205351,NULL
177919,205352,NULL
177920,205353,NULL
177921,205354,NULL
177922,205355,NULL
177923,205356,NULL
177924,205357,239163
177924,205357,243452
177924,205357,247869
177925,205358,NULL
177926,205359,NULL
177927,205360,NULL
177928,205361,NULL
177929,205363,NULL
177930,205364,215903
177931,205365,NULL
177932,205366,NULL
177933,205367,NULL
177934,205368,NULL
177935,205370,NULL
177936,205371,NULL
177937,205374,NULL
177938,205375,NULL
177939,205376,NULL
177940,205377,NULL
177941,205378,NULL
177942,205380,NULL
177943,205381,NULL
177944,205382,NULL
177945,205383,NULL
177946,205384,NULL
177947,205385,NULL
177948,205386,NULL
177949,205387,NULL
177950,205388,NULL
177951,205390,224297
177951,205390,244113
177951,205390,252392
177952,205391,NULL
177953,205392,215251
177954,205393,NULL
177955,205394,NULL
177956,205396,NULL
177957,205397,NULL
177958,205398,NULL
177959,205399,NULL
177960,205401,NULL
177961,205402,NULL
177962,205403,NULL
177963,205404,NULL
177964,205405,NULL
177965,205407,NULL
177966,205409,NULL
177967,205411,NULL
177968,205412,NULL
177969,205413,NULL
177970,205414,NULL
177971,205415,NULL
177972,205416,NULL
177973,205417,210340
177974,205419,NULL
177975,205420,NULL
177976,205421,NULL
177977,205422,229064
177977,205422,245323
177977,205422,259544
177978,205423,NULL
177979,205425,NULL
177980,205426,236738
177981,205427,NULL
177982,205428,NULL
177983,205429,NULL
177984,205430,220952
177985,205431,NULL
177986,205432,NULL
177987,205433,237167
177988,205434,NULL
177989,205435,NULL
177990,205436,218806
177991,205437,NULL
177992,205438,NULL
177993,205439,NULL
177994,205440,NULL
177995,205441,NULL
177996,205442,NULL
177997,205445,NULL
177998,205447,NULL
177999,205449,NULL
178000,205450,NULL
178001,205451,NULL
178002,205452,224292
178003,205454,NULL
178004,205455,NULL
178005,205456,NULL
178006,205458,NULL
178007,205459,NULL
178008,205460,217004
178009,205461,NULL
178010,205462,NULL
178011,205463,NULL
178012,205464,NULL
178013,205465,NULL
178014,205467,NULL
178015,205469,NULL
178016,205470,NULL
178017,205471,NULL
178018,205472,NULL
178019,205473,NULL
178020,205474,222236
178021,205475,NULL
178022,205476,222785
178023,205477,NULL
178024,205478,NULL
178025,205479,NULL
178026,205481,NULL
178027,205482,NULL
178028,205483,NULL
178029,205484,NULL
178030,205485,NULL
178031,205486,NULL
178032,205487,NULL
178033,205488,NULL
178034,205489,NULL
178035,205492,NULL
178036,205493,228622
178036,205493,247109
178036,205493,260556
178037,205495,NULL
178038,205496,213720
178038,205496,217235
178038,205496,227970
178039,205497,NULL
178040,205498,232982
178041,205499,NULL
178042,205500,232839
178043,205501,NULL
178044,205502,NULL
178045,205503,NULL
178046,205504,214297
178047,205505,218412
178048,205506,NULL
178049,205507,NULL
178050,205508,NULL
178051,205509,NULL
178052,205510,NULL
178053,205511,NULL
178054,205512,212399
178055,205513,NULL
178056,205514,NULL
178057,205515,NULL
178058,205516,NULL
178059,205517,216195
178060,205518,NULL
178061,205519,NULL
178062,205521,NULL
178063,205523,NULL
178064,205525,NULL
178065,205526,NULL
178066,205527,NULL
178067,205528,NULL
178068,205529,NULL
178069,205530,NULL
178070,205531,NULL
178071,205532,NULL
178072,205533,NULL
178073,205534,206739
178074,205535,239240
178075,205536,NULL
178076,205537,NULL
178077,205538,235474
178078,205539,NULL
178079,205540,NULL
178080,205542,NULL
178081,205543,NULL
178082,205544,NULL
178083,205545,NULL
178084,205546,NULL
178085,205547,NULL
178086,205548,NULL
178087,205549,NULL
178088,205550,NULL
178089,205551,224772
178090,205552,209454
178090,205552,213880
178090,205552,220046
178091,205554,224003
178092,205555,NULL
178093,205556,NULL
178094,205558,NULL
178095,205559,NULL
178096,205560,NULL
178097,205562,NULL
178098,205563,NULL
178099,205564,NULL
178100,205565,230128
178101,205566,NULL
178102,205567,NULL
178103,205568,NULL
178104,205570,NULL
178105,205572,NULL
178106,205573,NULL
178107,205574,NULL
178108,205576,NULL
178109,205577,NULL
178110,205578,NULL
178111,205581,NULL
178112,205582,NULL
178113,205583,NULL
178114,205585,222100
178114,205585,242585
178114,205585,253573
178115,205586,NULL
178116,205587,NULL
178117,205588,NULL
178118,205589,212053
178119,205590,217491
178119,205590,235123
178119,205590,240187
178120,205591,NULL
178121,205592,NULL
178122,205594,229230
178123,205596,NULL
178124,205597,NULL
178125,205598,NULL
178126,205599,NULL
178127,205600,NULL
178128,205601,NULL
178129,205602,NULL
178130,205605,NULL
178131,205606,NULL
178132,205607,NULL
178133,205608,NULL
178134,205609,NULL
178135,205610,NULL
178136,205611,NULL
178137,205612,NULL
178138,205614,214116
178138,205614,220863
178138,205614,230688
178139,205615,NULL
178140,205616,NULL
178141,205617,225005
178141,205617,244046
178141,205617,248230
178142,205619,NULL
178143,205620,NULL
178144,205621,NULL
178145,205622,NULL
178146,205623,NULL
178147,205624,NULL
178148,205627,NULL
178149,205628,NULL
178150,205629,237069
178151,205630,NULL
178152,205631,NULL
178153,205632,NULL
178154,205634,NULL
178155,205635,NULL
178156,205636,NULL
178157,205637,NULL
178158,205638,NULL
178159,205639,NULL
178160,205640,NULL
178161,205641,236177
178162,205642,NULL
178163,205643,NULL
178164,205644,NULL
178165,205645,NULL
178166,205646,NULL
178167,205647,NULL
178168,205648,NULL
178169,205649,NULL
178170,205650,NULL
178171,205652,NULL
178172,205653,NULL
178173,205655,NULL
178174,205656,NULL
178175,205657,239331
178176,205658,NULL
178177,205659,NULL
178178,205660,NULL
178179,205662,NULL
178180,205663,NULL
178181,205664,NULL
178182,205665,236523
178183,205666,NULL
178184,205667,NULL
178185,205668,NULL
178186,205669,223490
178186,205669,228606
178186,205669,235845
178187,205670,NULL
178188,205671,NULL
178189,205672,NULL
178190,205673,NULL
178191,205674,NULL
178192,205675,225895
178193,205676,NULL
178194,205677,NULL
178195,205679,NULL
178196,205680,NULL
178197,205681,NULL
178198,205682,NULL
178199,205683,208782
178200,205684,238509
178201,205685,NULL
178202,205687,NULL
178203,205688,NULL
178204,205689,NULL
178205,205690,NULL
178206,205691,NULL
178207,205692,NULL
178208,205693,NULL
178209,205696,235859
178210,205697,NULL
178211,205699,234918
178211,205699,250978
178211,205699,258909
178212,205700,NULL
178213,205701,NULL
178214,205702,NULL
178215,205703,NULL
178216,205704,NULL
178217,205705,NULL
178218,205706,232335
178219,205708,NULL
178220,205709,212498
178221,205710,NULL
178222,205711,NULL
178223,205712,NULL
178224,205714,NULL
178225,205715,NULL
178226,205716,NULL
178227,205717,NULL
178228,205718,NULL
178229,205719,NULL
178230,205720,NULL
178231,205721,NULL
178232,205722,NULL
178233,205723,NULL
178234,205724,231879
178235,205726,NULL
178236,205727,NULL
178237,205728,NULL
178238,205729,NULL
178239,205731,NULL
178240,205732,NULL
178241,205733,NULL
178242,205734,233531
178243,205735,NULL
178244,205736,NULL
178245,205738,NULL
178246,205740,NULL
178247,205741,NULL
178248,205742,NULL
178249,205743,NULL
178250,205744,224793
178250,205744,240892
178250,205744,247442
178251,205745,NULL
178252,205746,NULL
178253,205747,NULL
178254,205748,NULL
178255,205749,232339
178256,205750,NULL
178257,205751,232405
178257,205751,250696
178257,205751,262947
178258,205752,230839
178259,205753,NULL
178260,205754,220588
178260,205754,237165
178260,205754,252580
178261,205755,NULL
178262,205756,NULL
178263,205757,NULL
178264,205758,NULL
178265,205759,NULL
178266,205760,236136
178267,205761,NULL
178268,205762,NULL
178269,205764,NULL
178270,205766,NULL
178271,205767,226499
178271,205767,233560
178271,205767,246205
178272,205768,NULL
178273,205769,NULL
178274,205771,216871
178275,205772,NULL
178276,205773,NULL
178277,205774,NULL
178278,205775,NULL
178279,205776,NULL
178280,205777,226362
178280,205777,240513
178280,205777,244138
178281,205778,NULL
178282,205779,NULL
178283,205780,NULL
178284,205781,NULL
178285,205782,NULL
178286,205783,236581
178287,205785,NULL
178288,205786,NULL
178289,205787,NULL
178290,205788,NULL
178291,205790,NULL
178292,205791,NULL
178293,205792,NULL
178294,205793,NULL
178295,205794,NULL
178296,205795,NULL
178297,205796,NULL
178298,205797,NULL
178299,205798,NULL
178300,205799,NULL
178301,205800,NULL
178302,205801,NULL
178303,205802,NULL
178304,205804,NULL
178305,205806,NULL
178306,205807,237314
178306,205807,258692
178306,205807,269818
178307,205810,NULL
178308,205811,NULL
178309,205812,NULL
178310,205813,NULL
178311,205814,NULL
178312,205815,NULL
178313,205816,NULL
178314,205817,NULL
178315,205818,NULL
178316,205819,NULL
178317,205820,NULL
178318,205821,NULL
178319,205822,NULL
178320,205824,NULL
178321,205825,NULL
178322,205826,NULL
178323,205828,NULL
178324,205830,239922
178325,205831,NULL
178326,205832,NULL
178327,205833,NULL
178328,205834,NULL
178329,205835,NULL
178330,205836,NULL
178331,205837,226059
178331,205837,249315
178331,205837,257711
178332,205838,NULL
178333,205839,NULL
178334,205840,NULL
178335,205842,NULL
178336,205843,220923
178337,205844,NULL
178338,205846,NULL
178339,205847,NULL
178340,205848,NULL
178341,205849,NULL
178342,205850,NULL
178343,205851,NULL
178344,205853,238260
178345,205854,226946
178346,205855,NULL
178347,205857,NULL
178348,205858,NULL
178349,205859,NULL
178350,205860,NULL
178351,205861,NULL
178352,205862,NULL
178353,205863,NULL
178354,205864,230672
178354,205864,239641
178354,205864,249420
178355,205865,NULL
178356,205867,NULL
178357,205868,NULL
178358,205869,NULL
178359,205870,NULL
178360,205871,NULL
178361,205872,NULL
178362,205873,NULL
178363,205874,NULL
178364,205875,NULL
178365,205876,NULL
178366,205878,NULL
178367,205879,NULL
178368,205880,NULL
178369,205881,NULL
178370,205882,NULL
178371,205885,NULL
178372,205886,NULL
178373,205887,240855
178374,205888,NULL
178375,205889,NULL
178376,205891,NULL
178377,205892,NULL
178378,205894,NULL
178379,205896,NULL
178380,205897,231286
178380,205897,247377
178380,205897,249546
178381,205898,NULL
178382,205899,NULL
178383,205901,NULL
178384,205902,NULL
178385,205903,NULL
178386,205904,NULL
178387,205905,NULL
178388,205906,NULL
178389,205907,NULL
178390,205908,NULL
178391,205909,NULL
178392,205910,NULL
178393,205911,227638
178394,205912,NULL
178395,205914,240949
178396,205915,NULL
178397,205916,237081
178398,205917,NULL
178399,205918,227112
178400,205921,NULL
178401,205922,NULL
178402,205924,NULL
178403,205926,NULL
178404,205928,NULL
178405,205929,236343
178406,205930,NULL
178407,205931,NULL
178408,205932,NULL
178409,205933,212486
178409,205933,223576
178409,205933,225711
178410,205934,214591
178411,205935,NULL
178412,205936,221506
178413,205937,NULL
178414,205938,NULL
178415,205940,NULL
178416,205941,NULL
178417,205942,NULL
178418,205943,235363
178419,205944,NULL
178420,205945,232446
178421,205946,NULL
178422,205947,NULL
178423,205948,NULL
178424,205949,NULL
178425,205950,NULL
178426,205951,NULL
178427,205952,NULL
178428,205953,NULL
178429,205955,NULL
178430,205956,NULL
178431,205957,NULL
178432,205958,NULL
178433,205959,210811
178434,205960,NULL
178435,205961,236263
178436,205962,NULL
178437,205963,229357
178438,205964,NULL
178439,205965,NULL
178440,205966,221914
178440,205966,243124
178440,205966,250392
178441,205967,NULL
178442,205969,NULL
178443,205970,NULL
178444,205971,NULL
178445,205972,240000
178446,205973,NULL
178447,205974,NULL
178448,205975,NULL
178449,205976,NULL
178450,205977,NULL
178451,205978,NULL
178452,205979,240146
178453,205980,212638
178454,205982,NULL
178455,205983,NULL
178456,205985,NULL
178457,205986,NULL
178458,205987,NULL
178459,205988,NULL
178460,205990,NULL
178461,205991,NULL
178462,205992,NULL
178463,205993,207775
178464,205994,NULL
178465,205995,NULL
178466,205996,NULL
178467,205997,NULL
178468,205998,NULL
178469,206000,NULL
178470,206001,NULL
178471,206002,NULL
178472,206003,NULL
178473,206004,NULL
178474,206005,NULL
178475,206006,NULL
178476,206007,NULL
178477,206008,NULL
178478,206009,NULL
178479,206010,NULL
178480,206011,NULL
178481,206012,226790
178482,206013,NULL
178483,206015,NULL
178484,206016,NULL
178485,206019,NULL
178486,206020,211670
178487,206021,NULL
178488,206022,NULL
178489,206023,NULL
178490,206024,NULL
178491,206026,NULL
178492,206027,208497
178492,206027,215886
178492,206027,228501
178493,206028,NULL
178494,206029,NULL
178495,206030,NULL
178496,206031,NULL
178497,206032,231753
178498,206033,NULL
178499,206034,NULL
178500,206035,NULL
178501,206036,NULL
178502,206037,NULL
178503,206038,NULL
178504,206039,NULL
178505,206040,NULL
178506,206043,NULL
178507,206044,216688
178508,206045,NULL
178509,206046,NULL
178510,206047,228017
178511,206049,NULL
178512,206050,NULL
178513,206051,NULL
178514,206052,NULL
178515,206053,NULL
178516,206054,NULL
178517,206055,234494
178517,206055,249393
178517,206055,264018
178518,206056,NULL
178519,206057,209899
178519,206057,214319
178519,206057,216492
178520,206058,NULL
178521,206059,NULL
178522,206060,NULL
178523,206061,NULL
178524,206062,NULL
178525,206063,NULL
178526,206064,NULL
178527,206065,NULL
178528,206066,NULL
178529,206069,213693
178530,206070,NULL
178531,206071,NULL
178532,206072,NULL
178533,206073,NULL
178534,206074,NULL
178535,206076,NULL
178536,206077,NULL
178537,206078,NULL
178538,206079,NULL
178539,206081,NULL
178540,206082,NULL
178541,206083,NULL
178542,206084,NULL
178543,206085,NULL
178544,206086,NULL
178545,206088,230950
178546,206089,221699
178546,206089,243770
178546,206089,248302
178547,206090,NULL
178548,206091,NULL
178549,206092,NULL
178550,206093,NULL
178551,206095,NULL
178552,206096,NULL
178553,206097,NULL
178554,206099,NULL
178555,206100,NULL
178556,206101,NULL
178557,206102,235628
178558,206103,212186
178558,206103,224285
178558,206103,225173
178559,206104,NULL
178560,206106,224160
178561,206107,NULL
178562,206108,NULL
178563,206109,NULL
178564,206110,NULL
178565,206111,NULL
178566,206112,NULL
178567,206113,NULL
178568,206114,228467
178569,206115,NULL
178570,206116,NULL
178571,206117,NULL
178572,206118,NULL
178573,206119,NULL
178574,206120,NULL
178575,206121,NULL
178576,206122,NULL
178577,206123,NULL
178578,206124,218601
178578,206124,231949
178578,206124,236837
178579,206125,NULL
178580,206128,NULL
178581,206129,NULL
178582,206130,NULL
178583,206131,NULL
178584,206132,NULL
178585,206133,NULL
178586,206134,NULL
178587,206135,NULL
178588,206136,NULL
178589,206138,NULL
178590,206140,NULL
178591,206141,NULL
178592,206142,NULL
178593,206143,226490
178594,206144,NULL
178595,206145,NULL
178596,206146,NULL
178597,206147,NULL
178598,206148,208320
178599,206149,NULL
178600,206151,NULL
178601,206152,NULL
178602,206153,NULL
178603,206155,NULL
178604,206156,NULL
178605,206157,NULL
178606,206158,NULL
178607,206159,NULL
178608,206161,NULL
178609,206162,230190
178610,206163,217152
178611,206164,NULL
178612,206165,NULL
178613,206166,NULL
178614,206167,NULL
178615,206168,NULL
178616,206169,NULL
178617,206172,NULL
178618,206173,NULL
178619,206174,NULL
178620,206175,219184
178621,206176,NULL
178622,206178,NULL
178623,206179,NULL
178624,206180,NULL
178625,206181,NULL
178626,206182,NULL
178627,206183,NULL
178628,206184,NULL
178629,206185,NULL
178630,206186,NULL
178631,206187,NULL
178632,206188,NULL
178633,206189,NULL
178634,206190,207694
178635,206191,NULL
178636,206192,NULL
178637,206193,NULL
178638,206194,NULL
178639,206195,NULL
178640,206196,229304
178640,206196,241041
178640,206196,252684
178641,206197,223029
178642,206198,NULL
178643,206200,NULL
178644,206201,NULL
178645,206203,239013
178646,206204,236674
178646,206204,254252
178646,206204,263768
178647,206205,NULL
178648,206206,NULL
178649,206207,NULL
178650,206209,237236
178650,206209,250265
178650,206209,255526
178651,206210,NULL
178652,206211,NULL
178653,206212,NULL
178654,206213,NULL
178655,206214,NULL
178656,206216,NULL
178657,206217,NULL
178658,206219,NULL
178659,206221,NULL
178660,206222,NULL
178661,206223,NULL
178662,206225,NULL
178663,206226,NULL
178664,206227,NULL
178665,206228,NULL
178666,206229,NULL
178667,206231,NULL
178668,206232,NULL
178669,206233,NULL
178670,206235,NULL
178671,206236,NULL
178672,206237,NULL
178673,206238,NULL
178674,206240,NULL
178675,206241,NULL
178676,206242,NULL
178677,206244,NULL
178678,206245,214962
178678,206245,236346
178678,206245,241204
178679,206246,219227
178679,206246,223104
178679,206246,233092
178680,206247,231723
178681,206248,NULL
178682,206249,NULL
178683,206250,NULL
178684,206252,NULL
178685,206253,NULL
178686,206254,NULL
178687,206255,NULL
178688,206256,NULL
178689,206257,210238
178690,206258,NULL
178691,206259,NULL
178692,206260,NULL
178693,206261,NULL
178694,206262,NULL
178695,206263,NULL
178696,206264,NULL
178697,206265,NULL
178698,206266,NULL
178699,206267,NULL
178700,206270,NULL
178701,206271,NULL
178702,206272,NULL
178703,206273,NULL
178704,206275,NULL
178705,206277,NULL
178706,206278,NULL
178707,206279,NULL
178708,206280,NULL
178709,206281,240295
178710,206282,NULL
178711,206284,215263
178712,206285,225221
178713,206286,240263
178714,206287,223641
178715,206288,NULL
178716,206289,NULL
178717,206290,NULL
178718,206291,210320
178718,206291,214731
178718,206291,226304
178719,206292,NULL
178720,206293,NULL
178721,206294,NULL
178722,206295,NULL
178723,206296,NULL
178724,206297,NULL
178725,206298,NULL
178726,206299,NULL
178727,206300,NULL
178728,206301,NULL
178729,206303,NULL
178730,206304,NULL
178731,206305,NULL
178732,206306,NULL
178733,206308,NULL
178734,206309,NULL
178735,206310,NULL
178736,206311,222749
178737,206313,NULL
178738,206315,218137
178739,206316,213300
178739,206316,223286
178739,206316,234534
178740,206317,NULL
178741,206318,210909
178741,206318,221686
178741,206318,230075
178742,206319,NULL
178743,206320,NULL
178744,206321,NULL
178745,206322,NULL
178746,206323,NULL
178747,206324,NULL
178748,206325,NULL
178749,206326,NULL
178750,206327,NULL
178751,206328,NULL
178752,206329,NULL
178753,206330,NULL
178754,206331,NULL
178755,206332,NULL
178756,206333,NULL
178757,206334,NULL
178758,206335,NULL
178759,206336,NULL
178760,206337,NULL
178761,206338,NULL
178762,206339,NULL
178763,206340,NULL
178764,206341,NULL
178765,206342,224100
178766,206343,NULL
178767,206344,NULL
178768,206345,NULL
178769,206346,NULL
178770,206347,NULL
178771,206348,NULL
178772,206349,NULL
178773,206350,NULL
178774,206351,NULL
178775,206352,NULL
178776,206353,232037
178776,206353,234390
178776,206353,243672
178777,206354,NULL
178778,206355,NULL
178779,206356,NULL
178780,206357,NULL
178781,206359,NULL
178782,206360,NULL
178783,206361,NULL
178784,206362,NULL
178785,206363,228494
178786,206364,NULL
178787,206365,NULL
178788,206366,NULL
178789,206367,NULL
178790,206368,NULL
178791,206370,NULL
178792,206371,NULL
178793,206372,NULL
178794,206373,NULL
178795,206374,NULL
178796,206376,NULL
178797,206377,NULL
178798,206378,NULL
178799,206380,222362
178800,206381,NULL
178801,206383,NULL
178802,206384,NULL
178803,206385,206807
178804,206387,NULL
178805,206388,NULL
178806,206389,NULL
178807,206390,NULL
178808,206391,NULL
178809,206392,NULL
178810,206393,NULL
178811,206394,NULL
178812,206395,225128
178812,206395,241261
178812,206395,245911
178813,206396,NULL
178814,206398,NULL
178815,206399,NULL
178816,206400,NULL
178817,206401,NULL
178818,206402,NULL
178819,206403,NULL
178820,206404,NULL
178821,206405,NULL
178822,206406,NULL
178823,206407,NULL
178824,206408,NULL
178825,206409,NULL
178826,206410,NULL
178827,206411,NULL
178828,206413,NULL
178829,206414,NULL
178830,206415,NULL
178831,206416,NULL
178832,206417,NULL
178833,206418,217539
178833,206418,230643
178833,206418,234847
178834,206419,NULL
178835,206420,NULL
178836,206421,NULL
178837,206423,NULL
178838,206427,NULL
178839,206428,NULL
178840,206429,NULL
178841,206430,NULL
178842,206431,NULL
178843,206432,NULL
178844,206435,NULL
178845,206436,NULL
178846,206437,NULL
178847,206438,NULL
178848,206439,NULL
178849,206440,NULL
178850,206441,NULL
178851,206442,219894
178852,206443,231435
178852,206443,243964
178852,206443,255999
178853,206444,NULL
178854,206445,NULL
178855,206446,NULL
178856,206450,NULL
178857,206451,NULL
178858,206452,NULL
178859,206453,NULL
178860,206454,NULL
178861,206455,NULL
178862,206456,NULL
178863,206457,NULL
178864,206459,NULL
178865,206461,NULL
178866,206462,NULL
178867,206464,NULL
178868,206465,NULL
178869,206466,NULL
178870,206467,NULL
178871,206468,NULL
178872,206469,NULL
178873,206472,NULL
178874,206473,NULL
178875,206474,NULL
178876,206475,NULL
178877,206476,219613
178878,206477,NULL
178879,206478,NULL
178880,206479,NULL
178881,206480,NULL
178882,206481,NULL
178883,206482,NULL
178884,206483,NULL
178885,206484,NULL
178886,206485,NULL
178887,206486,NULL
178888,206487,NULL
178889,206488,NULL
178890,206489,NULL
178891,206490,NULL
178892,206491,NULL
178893,206492,NULL
178894,206493,214883
178895,206494,NULL
178896,206495,NULL
178897,206496,NULL
178898,206497,NULL
178899,206498,NULL
178900,206499,NULL
178901,206500,NULL
178902,206501,232678
178903,206502,NULL
178904,206503,NULL
178905,206504,213982
178906,206505,NULL
178907,206506,NULL
178908,206507,NULL
178909,206508,NULL
178910,206509,235292
178911,206510,NULL
178912,206511,NULL
178913,206512,NULL
178914,206513,NULL
178915,206514,NULL
178916,206515,226159
178916,206515,246619
178916,206515,255464
178917,206516,NULL
178918,206517,NULL
178919,206518,NULL
178920,206519,216972
178921,206520,NULL
178922,206521,NULL
178923,206523,NULL
178924,206524,NULL
178925,206525,NULL
178926,206526,NULL
178927,206527,NULL
178928,206529,NULL
178929,206530,NULL
178930,206531,NULL
178931,206532,NULL
178932,206533,NULL
178933,206535,225344
178933,206535,242108
178933,206535,252448
178934,206536,NULL
178935,206537,NULL
178936,206538,208892
178936,206538,214156
178936,206538,215073
178937,206539,NULL
178938,206540,NULL
178939,206541,NULL
178940,206542,NULL
178941,206543,NULL
178942,206544,NULL
178943,206545,NULL
178944,206546,NULL
178945,206547,NULL
178946,206548,NULL
178947,206549,NULL
178948,206550,NULL
178949,206552,NULL
178950,206553,NULL
178951,206554,NULL
178952,206555,NULL
178953,206556,NULL
178954,206557,NULL
178955,206558,NULL
178956,206559,223319
178957,206560,NULL
178958,206561,NULL
178959,206562,NULL
178960,206563,NULL
178961,206565,NULL
178962,206566,239008
178963,206567,NULL
178964,206568,NULL
178965,206569,217785
178965,206569,226153
178965,206569,240450
178966,206570,NULL
178967,206572,NULL
178968,206574,NULL
178969,206575,NULL
178970,206576,NULL
178971,206577,NULL
178972,206578,226134
178973,206579,NULL
178974,206580,NULL
178975,206581,NULL
178976,206582,NULL
178977,206583,NULL
178978,206584,NULL
178979,206586,NULL
178980,206587,NULL
178981,206588,NULL
178982,206589,NULL
178983,206591,NULL
178984,206592,NULL
178985,206593,NULL
178986,206594,NULL
178987,206596,NULL
178988,206597,NULL
178989,206599,NULL
178990,206600,214752
178990,206600,221090
178990,206600,222472
178991,206602,222085
178992,206603,210060
178992,206603,221596
178992,206603,232904
178993,206604,NULL
178994,206605,NULL
178995,206606,213228
178996,206607,NULL
178997,206608,NULL
178998,206611,NULL
178999,206613,NULL
179000,206616,NULL
179001,206617,221750
179002,206618,NULL
179003,206619,NULL
179004,206620,NULL
179005,206621,NULL
179006,206622,NULL
179007,206625,NULL
179008,206626,NULL
179009,206627,NULL
179010,206628,NULL
179011,206629,NULL
179012,206630,NULL
179013,206631,240665
179013,206631,243720
179013,206631,255994
179014,206632,NULL
179015,206633,NULL
179016,206634,NULL
179017,206635,231522
179018,206636,NULL
179019,206637,NULL
179020,206638,NULL
179021,206639,NULL
179022,206640,221382
179023,206644,209324
179023,206644,228051
179023,206644,236697
179024,206645,NULL
179025,206646,NULL
179026,206647,217677
179027,206648,NULL
179028,206649,NULL
179029,206650,NULL
179030,206651,223879
179031,206652,NULL
179032,206653,223883
179033,206656,NULL
179034,206657,NULL
179035,206658,NULL
179036,206660,NULL
179037,206661,212923
179038,206662,NULL
179039,206663,NULL
179040,206664,NULL
179041,206665,NULL
179042,206666,NULL
179043,206667,NULL
179044,206668,NULL
179045,206670,NULL
179046,206671,NULL
179047,206673,NULL
179048,206674,NULL
179049,206675,NULL
179050,206676,NULL
179051,206677,NULL
179052,206678,NULL
179053,206679,NULL
179054,206680,237736
179055,206681,227495
179056,206682,NULL
179057,206683,221576
179057,206683,237137
179057,206683,247572
179058,206684,NULL
179059,206685,NULL
179060,206686,NULL
179061,206687,242227
179062,206688,NULL
179063,206689,NULL
179064,206690,NULL
179065,206691,NULL
179066,206692,NULL
179067,206693,NULL
179068,206694,NULL
179069,206695,NULL
179070,206696,NULL
179071,206699,NULL
179072,206700,224896
179072,206700,238716
179072,206700,244676
179073,206701,NULL
179074,206703,NULL
179075,206705,NULL
179076,206707,NULL
179077,206708,NULL
179078,206709,NULL
179079,206710,NULL
179080,206713,NULL
179081,206714,NULL
179082,206716,NULL
179083,206717,NULL
179084,206718,243471
179085,206719,NULL
179086,206720,214569
179087,206721,NULL
179088,206722,NULL
179089,206723,NULL
179090,206724,NULL
179091,206725,NULL
179092,206726,NULL
179093,206728,241583
179094,206730,NULL
179095,206731,NULL
179096,206732,NULL
179097,206734,221329
179098,206735,228845
179099,206737,NULL
179100,206738,NULL
179101,206741,NULL
179102,206742,NULL
179103,206743,NULL
179104,206744,NULL
179105,206748,NULL
179106,206749,NULL
179107,206751,NULL
179108,206752,NULL
179109,206753,242464
179110,206754,NULL
179111,206755,216134
179112,206757,NULL
179113,206758,228927
179114,206759,NULL
179115,206760,NULL
179116,206761,NULL
179117,206762,221269
179118,206763,NULL
179119,206764,NULL
179120,206766,NULL
179121,206767,NULL
179122,206768,NULL
179123,206769,224153
179124,206770,NULL
179125,206771,NULL
179126,206772,NULL
179127,206773,226507
179128,206775,NULL
179129,206776,NULL
179130,206777,NULL
179131,206779,NULL
179132,206780,NULL
179133,206781,NULL
179134,206782,222430
179135,206784,NULL
179136,206785,211591
179137,206787,NULL
179138,206788,210957
179139,206789,NULL
179140,206790,NULL
179141,206791,NULL
179142,206792,NULL
179143,206793,NULL
179144,206794,NULL
179145,206795,NULL
179146,206796,NULL
179147,206798,NULL
179148,206800,NULL
179149,206801,NULL
179150,206802,NULL
179151,206803,NULL
179152,206804,NULL
179153,206805,NULL
179154,206808,227443
179155,206809,NULL
179156,206810,NULL
179157,206811,NULL
179158,206812,212057
179159,206813,NULL
179160,206814,NULL
179161,206815,NULL
179162,206817,NULL
179163,206818,NULL
179164,206819,NULL
179165,206820,NULL
179166,206823,NULL
179167,206824,NULL
179168,206825,NULL
179169,206827,214670
179170,206828,NULL
179171,206829,214705
179172,206830,NULL
179173,206831,NULL
179174,206832,243769
179175,206833,NULL
179176,206834,232498
179177,206836,NULL
179178,206837,NULL
179179,206839,NULL
179180,206840,NULL
179181,206841,NULL
179182,206842,NULL
179183,206843,243740
179184,206844,NULL
179185,206845,234718
179185,206845,238817
179185,206845,243631
179186,206846,NULL
179187,206847,NULL
179188,206849,NULL
179189,206850,224314
179189,206850,237535
179189,206850,252006
179190,206851,NULL
179191,206852,NULL
179192,206853,NULL
179193,206854,NULL
179194,206855,NULL
179195,206856,NULL
179196,206857,NULL
179197,206858,NULL
179198,206859,NULL
179199,206863,NULL
179200,206864,NULL
179201,206865,NULL
179202,206866,NULL
179203,206867,NULL
179204,206868,NULL
179205,206869,NULL
179206,206870,NULL
179207,206871,NULL
179208,206873,NULL
179209,206875,NULL
179210,206876,NULL
179211,206877,216798
179212,206878,NULL
179213,206879,NULL
179214,206880,NULL
179215,206882,244121
179216,206883,NULL
179217,206884,NULL
179218,206885,NULL
179219,206886,NULL
179220,206888,NULL
179221,206889,NULL
179222,206890,211137
179223,206891,NULL
179224,206893,215593
179225,206894,NULL
179226,206896,NULL
179227,206897,215495
179227,206897,230996
179227,206897,239368
179228,206898,NULL
179229,206899,NULL
179230,206901,NULL
179231,206902,NULL
179232,206903,NULL
179233,206904,NULL
179234,206905,NULL
179235,206906,NULL
179236,206909,NULL
179237,206910,NULL
179238,206911,NULL
179239,206912,NULL
179240,206913,NULL
179241,206914,NULL
179242,206915,NULL
179243,206917,NULL
179244,206919,NULL
179245,206920,NULL
179246,206921,NULL
179247,206924,225705
179248,206925,NULL
179249,206926,NULL
179250,206927,NULL
179251,206928,226958
179251,206928,239926
179251,206928,253128
179252,206929,NULL
179253,206930,NULL
179254,206931,NULL
179255,206932,NULL
179256,206933,NULL
179257,206934,NULL
179258,206935,NULL
179259,206936,NULL
179260,206937,NULL
179261,206938,NULL
179262,206939,NULL
179263,206940,NULL
179264,206941,NULL
179265,206942,NULL
179266,206943,NULL
179267,206944,NULL
179268,206945,211257
179269,206948,NULL
179270,206949,NULL
179271,206950,NULL
179272,206951,NULL
179273,206952,NULL
179274,206953,NULL
179275,206954,239704
179275,206954,244711
179275,206954,247535
179276,206955,NULL
179277,206956,NULL
179278,206957,NULL
179279,206958,226391
179279,206958,230866
179279,206958,241689
179280,206960,NULL
179281,206961,232193
179282,206962,NULL
179283,206963,NULL
179284,206964,217462
179285,206965,NULL
179286,206968,NULL
179287,206969,NULL
179288,206970,NULL
179289,206971,NULL
179290,206972,222836
179290,206972,231580
179290,206972,242545
179291,206974,NULL
179292,206975,NULL
179293,206976,NULL
179294,206977,NULL
179295,206980,225241
179295,206980,242098
179295,206980,252472
179296,206981,NULL
179297,206982,NULL
179298,206983,NULL
179299,206985,NULL
179300,206986,NULL
179301,206987,NULL
179302,206988,NULL
179303,206989,NULL
179304,206990,NULL
179305,206991,NULL
179306,206992,215816
179307,206993,218432
179307,206993,230326
179307,206993,239060
179308,206994,NULL
179309,206995,232120
179310,206996,NULL
179311,206997,NULL
179312,207000,NULL
179313,207001,NULL
179314,207002,NULL
179315,207004,224025
179316,207005,NULL
179317,207006,NULL
179318,207007,NULL
179319,207008,214526
179320,207009,NULL
179321,207010,NULL
179322,207011,NULL
179323,207012,222491
179323,207012,226966
179323,207012,234808
179324,207014,NULL
179325,207015,NULL
179326,207016,NULL
179327,207017,216945
179328,207019,NULL
179329,207020,NULL
179330,207022,NULL
179331,207023,NULL
179332,207024,NULL
179333,207025,NULL
179334,207026,NULL
179335,207028,NULL
179336,207029,NULL
179337,207030,228218
179338,207031,NULL
179339,207032,NULL
179340,207033,NULL
179341,207034,NULL
179342,207037,NULL
179343,207038,NULL
179344,207040,NULL
179345,207041,NULL
179346,207042,NULL
179347,207043,226837
179348,207044,NULL
179349,207045,NULL
179350,207046,NULL
179351,207047,NULL
179352,207048,212298
179353,207049,241867
179354,207050,NULL
179355,207051,NULL
179356,207052,NULL
179357,207053,NULL
179358,207054,NULL
179359,207055,NULL
179360,207056,NULL
179361,207057,NULL
179362,207058,NULL
179363,207059,NULL
179364,207060,NULL
179365,207061,220996
179366,207063,NULL
179367,207064,NULL
179368,207065,NULL
179369,207066,212287
179370,207067,NULL
179371,207068,217568
179372,207069,NULL
179373,207070,NULL
179374,207071,231810
179374,207071,237974
179374,207071,252513
179375,207072,NULL
179376,207074,228832
179376,207074,245488
179376,207074,251529
179377,207075,212517
179378,207076,NULL
179379,207077,NULL
179380,207079,NULL
179381,207080,NULL
179382,207081,NULL
179383,207082,NULL
179384,207083,NULL
179385,207084,NULL
179386,207085,NULL
179387,207086,NULL
179388,207088,NULL
179389,207090,218404
179390,207091,NULL
179391,207093,NULL
179392,207095,NULL
179393,207096,NULL
179394,207097,232151
179395,207098,NULL
179396,207099,NULL
179397,207100,NULL
179398,207101,NULL
179399,207102,242755
179399,207102,263107
179399,207102,267217
179400,207103,NULL
179401,207104,NULL
179402,207106,220484
179403,207107,NULL
179404,207109,NULL
179405,207110,NULL
179406,207111,NULL
179407,207112,NULL
179408,207113,NULL
179409,207114,NULL
179410,207115,NULL
179411,207116,NULL
179412,207117,NULL
179413,207119,NULL
179414,207120,NULL
179415,207121,NULL
179416,207122,NULL
179417,207123,NULL
179418,207124,NULL
179419,207126,NULL
179420,207127,NULL
179421,207128,NULL
179422,207131,NULL
179423,207132,NULL
179424,207133,NULL
179425,207134,NULL
179426,207135,NULL
179427,207137,NULL
179428,207138,NULL
179429,207139,NULL
179430,207142,NULL
179431,207144,NULL
179432,207145,NULL
179433,207147,NULL
179434,207149,218875
179434,207149,240641
179434,207149,244921
179435,207150,NULL
179436,207152,NULL
179437,207153,234259
179438,207154,NULL
179439,207156,NULL
179440,207157,NULL
179441,207158,211760
179442,207160,NULL
179443,207161,NULL
179444,207162,NULL
179445,207163,NULL
179446,207164,NULL
179447,207165,230010
179447,207165,235168
179447,207165,237856
179448,207166,NULL
179449,207170,NULL
179450,207172,238600
179450,207172,247444
179450,207172,253195
179451,207173,NULL
179452,207174,NULL
179453,207175,NULL
179454,207176,NULL
179455,207177,NULL
179456,207178,NULL
179457,207179,NULL
179458,207180,NULL
179459,207181,NULL
179460,207182,212357
179461,207183,224910
179462,207184,NULL
179463,207185,NULL
179464,207186,NULL
179465,207187,NULL
179466,207188,NULL
179467,207190,NULL
179468,207191,NULL
179469,207192,NULL
179470,207193,NULL
179471,207194,244165
179472,207196,NULL
179473,207197,NULL
179474,207198,NULL
179475,207199,NULL
179476,207200,NULL
179477,207203,NULL
179478,207204,NULL
179479,207205,NULL
179480,207206,235001
179480,207206,250452
179480,207206,259992
179481,207207,NULL
179482,207209,NULL
179483,207210,NULL
179484,207213,239951
179484,207213,247542
179484,207213,251792
179485,207215,NULL
179486,207216,NULL
179487,207217,NULL
179488,207218,237857
179489,207222,NULL
179490,207223,NULL
179491,207224,219453
179492,207225,NULL
179493,207226,220410
179494,207227,NULL
179495,207228,NULL
179496,207229,NULL
179497,207230,232701
179498,207231,NULL
179499,207232,NULL
179500,207233,NULL
179501,207234,NULL
179502,207235,240853
179503,207236,NULL
179504,207237,NULL
179505,207238,NULL
179506,207239,NULL
179507,207240,NULL
179508,207241,NULL
179509,207243,NULL
179510,207244,NULL
179511,207245,NULL
179512,207246,NULL
179513,207247,NULL
179514,207248,NULL
179515,207249,NULL
179516,207251,238244
179517,207252,NULL
179518,207253,NULL
179519,207254,NULL
179520,207255,232831
179521,207256,NULL
179522,207258,NULL
179523,207259,NULL
179524,207260,NULL
179525,207261,223327
179526,207263,NULL
179527,207265,NULL
179528,207266,NULL
179529,207267,NULL
179530,207268,NULL
179531,207269,NULL
179532,207270,NULL
179533,207272,239972
179534,207273,NULL
179535,207274,NULL
179536,207275,NULL
179537,207276,NULL
179538,207277,NULL
179539,207278,218462
179540,207280,NULL
179541,207281,211721
179542,207282,NULL
179543,207284,NULL
179544,207285,NULL
179545,207286,NULL
179546,207287,NULL
179547,207288,NULL
179548,207289,NULL
179549,207290,NULL
179550,207291,241282
179551,207292,NULL
179552,207293,225422
179553,207295,NULL
179554,207296,NULL
179555,207297,NULL
179556,207298,NULL
179557,207300,NULL
179558,207301,NULL
179559,207302,NULL
179560,207303,NULL
179561,207304,235158
179562,207305,NULL
179563,207306,NULL
179564,207307,NULL
179565,207308,NULL
179566,207309,NULL
179567,207310,NULL
179568,207311,NULL
179569,207312,NULL
179570,207313,NULL
179571,207314,NULL
179572,207315,NULL
179573,207316,NULL
179574,207317,NULL
179575,207318,212474
179575,207318,231706
179575,207318,240733
179576,207319,NULL
179577,207321,NULL
179578,207322,223037
179579,207324,NULL
179580,207325,214991
179581,207326,NULL
179582,207327,NULL
179583,207329,NULL
179584,207330,213856
179585,207331,NULL
179586,207332,NULL
179587,207333,NULL
179588,207334,NULL
179589,207335,NULL
179590,207336,NULL
179591,207337,NULL
179592,207338,NULL
179593,207339,211345
179594,207340,231426
179595,207341,NULL
179596,207343,NULL
179597,207345,NULL
179598,207346,NULL
179599,207347,NULL
179600,207348,NULL
179601,207349,227837
179602,207350,NULL
179603,207351,NULL
179604,207352,NULL
179605,207353,NULL
179606,207355,NULL
179607,207356,NULL
179608,207357,NULL
179609,207358,233920
179610,207362,NULL
179611,207363,NULL
179612,207364,NULL
179613,207365,NULL
179614,207366,NULL
179615,207367,NULL
179616,207368,NULL
179617,207369,223660
179618,207370,NULL
179619,207371,NULL
179620,207372,NULL
179621,207373,NULL
179622,207374,NULL
179623,207375,NULL
179624,207376,NULL
179625,207378,242572
179626,207379,243499
179627,207380,NULL
179628,207381,NULL
179629,207382,NULL
179630,207383,NULL
179631,207384,NULL
179632,207385,NULL
179633,207387,NULL
179634,207388,NULL
179635,207389,NULL
179636,207390,NULL
179637,207391,NULL
179638,207392,NULL
179639,207393,NULL
179640,207394,NULL
179641,207395,NULL
179642,207396,NULL
179643,207397,NULL
179644,207398,NULL
179645,207399,NULL
179646,207400,NULL
179647,207401,NULL
179648,207402,NULL
179649,207403,NULL
179650,207404,NULL
179651,207405,NULL
179652,207407,NULL
179653,207409,NULL
179654,207410,NULL
179655,207411,NULL
179656,207412,NULL
179657,207413,NULL
179658,207414,NULL
179659,207415,225832
179659,207415,235318
179659,207415,243465
179660,207419,NULL
179661,207420,NULL
179662,207422,NULL
179663,207423,NULL
179664,207424,NULL
179665,207425,NULL
179666,207426,NULL
179667,207427,NULL
179668,207429,NULL
179669,207431,244002
179670,207432,NULL
179671,207433,NULL
179672,207434,NULL
179673,207435,NULL
179674,207436,NULL
179675,207437,NULL
179676,207438,NULL
179677,207439,NULL
179678,207440,NULL
179679,207441,NULL
179680,207442,NULL
179681,207443,NULL
179682,207444,NULL
179683,207445,NULL
179684,207447,NULL
179685,207448,NULL
179686,207449,NULL
179687,207450,NULL
179688,207451,NULL
179689,207452,NULL
179690,207453,NULL
179691,207454,NULL
179692,207455,218647
179693,207456,NULL
179694,207457,NULL
179695,207458,NULL
179696,207459,NULL
179697,207460,NULL
179698,207461,NULL
179699,207462,NULL
179700,207463,NULL
179701,207464,NULL
179702,207465,NULL
179703,207466,NULL
179704,207468,NULL
179705,207469,NULL
179706,207470,NULL
179707,207471,NULL
179708,207472,NULL
179709,207473,NULL
179710,207474,NULL
179711,207475,NULL
179712,207476,NULL
179713,207477,NULL
179714,207478,212494
179715,207479,NULL
179716,207480,NULL
179717,207481,NULL
179718,207482,NULL
179719,207483,NULL
179720,207484,215254
179721,207485,NULL
179722,207486,NULL
179723,207487,NULL
179724,207488,NULL
179725,207489,NULL
179726,207490,NULL
179727,207491,NULL
179728,207492,NULL
179729,207493,NULL
179730,207494,NULL
179731,207495,NULL
179732,207496,231088
179733,207498,NULL
179734,207499,NULL
179735,207500,NULL
179736,207501,225998
179737,207502,219772
179738,207503,NULL
179739,207505,NULL
179740,207506,NULL
179741,207507,213370
179742,207508,NULL
179743,207510,231156
179744,207512,NULL
179745,207513,225695
179746,207514,237183
179747,207516,NULL
179748,207517,NULL
179749,207519,NULL
179750,207520,227978
179751,207521,NULL
179752,207522,NULL
179753,207523,NULL
179754,207524,243632
179755,207525,NULL
179756,207526,NULL
179757,207527,NULL
179758,207528,212481
179758,207528,218606
179758,207528,225848
179759,207529,NULL
179760,207530,NULL
179761,207531,NULL
179762,207532,NULL
179763,207533,NULL
179764,207535,NULL
179765,207536,NULL
179766,207537,NULL
179767,207538,NULL
179768,207540,NULL
179769,207541,236117
179770,207542,NULL
179771,207543,NULL
179772,207544,NULL
179773,207545,221884
179774,207546,NULL
179775,207547,NULL
179776,207548,NULL
179777,207549,NULL
179778,207550,223281
179778,207550,237821
179778,207550,248905
179779,207551,NULL
179780,207553,NULL
179781,207554,NULL
179782,207555,NULL
179783,207556,NULL
179784,207557,NULL
179785,207558,NULL
179786,207559,NULL
179787,207560,NULL
179788,207561,NULL
179789,207562,NULL
179790,207563,NULL
179791,207564,NULL
179792,207565,NULL
179793,207566,NULL
179794,207568,NULL
179795,207569,NULL
179796,207570,NULL
179797,207571,NULL
179798,207572,NULL
179799,207573,NULL
179800,207574,NULL
179801,207575,NULL
179802,207576,NULL
179803,207577,NULL
179804,207578,NULL
179805,207579,NULL
179806,207580,NULL
179807,207581,NULL
179808,207582,NULL
179809,207583,NULL
179810,207584,NULL
179811,207585,NULL
179812,207586,NULL
179813,207587,NULL
179814,207588,NULL
179815,207590,NULL
179816,207591,NULL
179817,207592,NULL
179818,207593,241171
179818,207593,265344
179818,207593,271907
179819,207594,NULL
179820,207595,NULL
179821,207596,NULL
179822,207597,NULL
179823,207598,222951
179824,207599,NULL
179825,207600,NULL
179826,207601,NULL
179827,207602,NULL
179828,207603,220351
179828,207603,227835
179828,207603,229170
179829,207604,NULL
179830,207605,215041
179831,207606,NULL
179832,207608,NULL
179833,207609,NULL
179834,207610,NULL
179835,207613,213090
179835,207613,222552
179835,207613,234730
179836,207614,NULL
179837,207615,NULL
179838,207616,NULL
179839,207617,NULL
179840,207618,NULL
179841,207619,NULL
179842,207620,NULL
179843,207621,NULL
179844,207622,NULL
179845,207623,NULL
179846,207626,NULL
179847,207627,233287
179848,207628,NULL
179849,207629,NULL
179850,207630,NULL
179851,207631,NULL
179852,207632,NULL
179853,207633,NULL
179854,207635,NULL
179855,207638,NULL
179856,207639,NULL
179857,207640,NULL
179858,207641,NULL
179859,207642,NULL
179860,207644,218672
179861,207645,243837
179862,207646,NULL
179863,207649,NULL
179864,207650,NULL
179865,207651,NULL
179866,207652,NULL
179867,207653,NULL
179868,207654,NULL
179869,207655,NULL
179870,207656,NULL
179871,207657,NULL
179872,207658,NULL
179873,207659,NULL
179874,207660,238842
179875,207661,NULL
179876,207663,NULL
179877,207664,NULL
179878,207665,NULL
179879,207666,NULL
179880,207667,NULL
179881,207668,NULL
179882,207669,NULL
179883,207670,NULL
179884,207671,NULL
179885,207672,NULL
179886,207673,NULL
179887,207674,NULL
179888,207675,NULL
179889,207676,NULL
179890,207678,NULL
179891,207679,NULL
179892,207680,NULL
179893,207681,NULL
179894,207682,NULL
179895,207683,NULL
179896,207687,NULL
179897,207689,218325
179897,207689,227736
179897,207689,235423
179898,207690,NULL
179899,207691,NULL
179900,207692,225596
179901,207695,NULL
179902,207696,NULL
179903,207697,NULL
179904,207698,NULL
179905,207699,NULL
179906,207700,NULL
179907,207702,NULL
179908,207703,NULL
179909,207704,NULL
179910,207705,NULL
179911,207706,NULL
179912,207708,NULL
179913,207709,NULL
179914,207711,NULL
179915,207713,NULL
179916,207714,NULL
179917,207716,NULL
179918,207717,NULL
179919,207718,233029
179919,207718,247011
179919,207718,259983
179920,207719,NULL
179921,207720,NULL
179922,207721,211193
179923,207722,235540
179923,207722,255296
179923,207722,266466
179924,207723,NULL
179925,207724,NULL
179926,207725,NULL
179927,207726,NULL
179928,207729,NULL
179929,207730,NULL
179930,207731,NULL
179931,207732,NULL
179932,207733,NULL
179933,207735,NULL
179934,207736,NULL
179935,207737,NULL
179936,207738,NULL
179937,207740,NULL
179938,207741,NULL
179939,207742,NULL
179940,207743,NULL
179941,207744,NULL
179942,207745,NULL
179943,207746,NULL
179944,207747,NULL
179945,207749,NULL
179946,207750,228291
179946,207750,244664
179946,207750,247063
179947,207751,NULL
179948,207752,NULL
179949,207753,235950
179950,207755,NULL
179951,207756,NULL
179952,207757,244461
179953,207758,NULL
179954,207759,NULL
179955,207761,NULL
179956,207762,NULL
179957,207764,NULL
179958,207765,NULL
179959,207767,NULL
179960,207769,NULL
179961,207770,232784
179962,207771,NULL
179963,207772,NULL
179964,207773,NULL
179965,207774,NULL
179966,207776,NULL
179967,207777,NULL
179968,207779,NULL
179969,207782,237929
179970,207783,NULL
179971,207784,214899
179971,207784,224918
179971,207784,239994
179972,207786,NULL
179973,207787,NULL
179974,207788,NULL
179975,207789,NULL
179976,207790,NULL
179977,207791,NULL
179978,207792,NULL
179979,207793,NULL
179980,207794,NULL
179981,207795,NULL
179982,207796,NULL
179983,207797,NULL
179984,207798,NULL
179985,207800,238137
179986,207801,NULL
179987,207803,NULL
179988,207804,232050
179989,207806,NULL
179990,207807,220957
179991,207808,NULL
179992,207810,NULL
179993,207811,NULL
179994,207813,223991
179994,207813,244315
179994,207813,249228
179995,207814,NULL
179996,207815,NULL
179997,207816,232468
179998,207818,NULL
179999,207819,NULL
180000,207821,NULL
180001,207822,NULL
180002,207823,210527
180003,207824,211597
180004,207825,NULL
180005,207826,NULL
180006,207827,227073
180007,207830,NULL
180008,207831,NULL
180009,207832,238580
180009,207832,257945
180009,207832,273960
180010,207833,NULL
180011,207834,NULL
180012,207835,NULL
180013,207837,NULL
180014,207838,NULL
180015,207839,NULL
180016,207840,NULL
180017,207841,NULL
180018,207842,215234
180019,207844,NULL
180020,207845,NULL
180021,207846,229581
180021,207846,238270
180021,207846,246587
180022,207847,NULL
180023,207848,212291
180024,207849,218969
180025,207850,NULL
180026,207851,NULL
180027,207852,NULL
180028,207853,NULL
180029,207854,NULL
180030,207855,NULL
180031,207856,NULL
180032,207857,NULL
180033,207858,NULL
180034,207859,NULL
180035,207860,NULL
180036,207861,230301
180037,207863,NULL
180038,207864,218349
180039,207865,NULL
180040,207866,NULL
180041,207867,NULL
180042,207868,NULL
180043,207869,NULL
180044,207870,NULL
180045,207871,NULL
180046,207872,NULL
180047,207873,NULL
180048,207874,NULL
180049,207875,NULL
180050,207876,NULL
180051,207877,NULL
180052,207878,231690
180053,207879,NULL
180054,207880,211601
180055,207881,NULL
180056,207882,NULL
180057,207883,NULL
180058,207884,NULL
180059,207885,NULL
180060,207887,NULL
180061,207888,NULL
180062,207889,NULL
180063,207890,NULL
180064,207891,NULL
180065,207892,NULL
180066,207893,NULL
180067,207895,NULL
180068,207896,223201
180069,207897,NULL
180070,207898,217354
180071,207899,NULL
180072,207900,216949
180072,207900,231289
180072,207900,238837
180073,207901,NULL
180074,207902,NULL
180075,207903,NULL
180076,207904,NULL
180077,207906,NULL
180078,207909,231075
180079,207911,NULL
180080,207912,NULL
180081,207913,NULL
180082,207914,NULL
180083,207915,NULL
180084,207916,NULL
180085,207918,NULL
180086,207919,NULL
180087,207921,NULL
180088,207922,229505
180089,207923,NULL
180090,207924,NULL
180091,207928,218487
180092,207929,NULL
180093,207930,NULL
180094,207931,NULL
180095,207933,NULL
180096,207934,NULL
180097,207935,NULL
180098,207937,NULL
180099,207938,NULL
180100,207939,232897
180101,207940,NULL
180102,207941,216100
180103,207942,NULL
180104,207943,NULL
180105,207944,235767
180105,207944,254000
180105,207944,258416
180106,207946,212426
180107,207949,NULL
180108,207950,NULL
180109,207951,NULL
180110,207952,NULL
180111,207953,NULL
180112,207954,NULL
180113,207955,NULL
180114,207956,NULL
180115,207957,NULL
180116,207958,NULL
180117,207959,NULL
180118,207960,NULL
180119,207961,NULL
180120,207963,NULL
180121,207964,NULL
180122,207965,NULL
180123,207966,NULL
180124,207967,NULL
180125,207968,NULL
180126,207969,NULL
180127,207970,NULL
180128,207971,NULL
180129,207972,NULL
180130,207974,NULL
180131,207975,NULL
180132,207976,NULL
180133,207977,212200
180134,207979,NULL
180135,207980,NULL
180136,207981,NULL
180137,207982,NULL
180138,207984,NULL
180139,207985,241739
180140,207986,NULL
180141,207987,NULL
180142,207988,NULL
180143,207989,NULL
180144,207990,NULL
180145,207991,213727
180146,207992,215645
180147,207993,NULL
180148,207994,NULL
180149,207995,NULL
180150,207996,NULL
180151,207997,NULL
180152,207998,NULL
180153,207999,NULL
180154,208000,NULL
180155,208001,NULL
180156,208002,NULL
180157,208005,214427
180158,208006,NULL
180159,208007,NULL
180160,208008,NULL
180161,208009,NULL
180162,208010,NULL
180163,208011,NULL
180164,208012,NULL
180165,208013,NULL
180166,208014,237770
180167,208015,NULL
180168,208016,NULL
180169,208017,231841
180170,208018,242538
180171,208019,NULL
180172,208020,NULL
180173,208023,NULL
180174,208024,NULL
180175,208026,NULL
180176,208027,NULL
180177,208029,NULL
180178,208030,242488
180179,208032,NULL
180180,208033,NULL
180181,208034,NULL
180182,208035,NULL
180183,208036,NULL
180184,208037,NULL
180185,208038,NULL
180186,208040,NULL
180187,208041,241096
180188,208042,NULL
180189,208043,NULL
180190,208046,NULL
180191,208047,NULL
180192,208048,NULL
180193,208049,NULL
180194,208050,NULL
180195,208051,NULL
180196,208052,218294
180197,208053,NULL
180198,208054,NULL
180199,208055,NULL
180200,208056,NULL
180201,208057,NULL
180202,208058,NULL
180203,208059,NULL
180204,208061,NULL
180205,208062,NULL
180206,208063,NULL
180207,208064,NULL
180208,208066,NULL
180209,208067,NULL
180210,208068,240094
180211,208069,NULL
180212,208070,NULL
180213,208074,NULL
180214,208075,NULL
180215,208076,NULL
180216,208078,NULL
180217,208079,NULL
180218,208080,NULL
180219,208081,NULL
180220,208082,NULL
180221,208083,NULL
180222,208084,NULL
180223,208087,NULL
180224,208088,NULL
180225,208089,NULL
180226,208090,NULL
180227,208091,NULL
180228,208092,NULL
180229,208093,NULL
180230,208095,NULL
180231,208096,217259
180232,208097,NULL
180233,208098,NULL
180234,208100,NULL
180235,208101,NULL
180236,208102,NULL
180237,208103,242346
180237,208103,248070
180237,208103,254515
180238,208104,NULL
180239,208105,NULL
180240,208106,NULL
180241,208107,NULL
180242,208108,212708
180243,208109,NULL
180244,208110,NULL
180245,208111,NULL
180246,208112,NULL
180247,208113,NULL
180248,208114,NULL
180249,208115,NULL
180250,208116,220499
180251,208117,NULL
180252,208118,NULL
180253,208119,NULL
180254,208121,NULL
180255,208122,NULL
180256,208123,NULL
180257,208124,NULL
180258,208125,NULL
180259,208130,NULL
180260,208131,NULL
180261,208132,NULL
180262,208133,211726
180263,208134,NULL
180264,208135,NULL
180265,208136,NULL
180266,208138,NULL
180267,208139,NULL
180268,208140,243791
180269,208141,NULL
180270,208142,230279
180271,208143,NULL
180272,208144,NULL
180273,208145,NULL
180274,208146,NULL
180275,208147,NULL
180276,208148,NULL
180277,208149,NULL
180278,208151,NULL
180279,208152,NULL
180280,208154,NULL
180281,208155,NULL
180282,208156,NULL
180283,208157,NULL
180284,208159,NULL
180285,208160,NULL
180286,208161,NULL
180287,208162,NULL
180288,208163,NULL
180289,208165,NULL
180290,208167,NULL
180291,208168,NULL
180292,208169,NULL
180293,208172,229540
180294,208173,NULL
180295,208174,NULL
180296,208175,NULL
180297,208176,NULL
180298,208177,210587
180299,208179,NULL
180300,208180,NULL
180301,208181,NULL
180302,208182,NULL
180303,208184,NULL
180304,208185,238465
180304,208185,242709
180304,208185,255449
180305,208186,NULL
180306,208187,NULL
180307,208188,NULL
180308,208189,NULL
180309,208190,240745
180310,208191,234137
180311,208192,NULL
180312,208194,215802
180313,208195,NULL
180314,208196,NULL
180315,208197,NULL
180316,208200,NULL
180317,208201,NULL
180318,208202,NULL
180319,208203,240613
180320,208204,214455
180321,208205,NULL
180322,208206,NULL
180323,208207,NULL
180324,208208,215476
180325,208209,219983
180326,208210,NULL
180327,208211,NULL
180328,208212,234480
180329,208213,NULL
180330,208214,240050
180331,208215,NULL
180332,208216,NULL
180333,208217,NULL
180334,208218,NULL
180335,208219,NULL
180336,208220,NULL
180337,208222,NULL
180338,208223,NULL
180339,208224,NULL
180340,208225,NULL
180341,208226,NULL
180342,208227,NULL
180343,208228,NULL
180344,208229,240580
180345,208231,NULL
180346,208232,NULL
180347,208234,244034
180348,208235,NULL
180349,208236,NULL
180350,208237,NULL
180351,208238,NULL
180352,208239,NULL
180353,208241,NULL
180354,208242,NULL
180355,208243,NULL
180356,208244,NULL
180357,208245,NULL
180358,208246,NULL
180359,208247,NULL
180360,208248,NULL
180361,208249,NULL
180362,208250,239181
180363,208251,NULL
180364,208253,220029
180365,208254,NULL
180366,208257,NULL
180367,208258,NULL
180368,208259,NULL
180369,208260,NULL
180370,208261,NULL
180371,208262,NULL
180372,208263,NULL
180373,208264,NULL
180374,208265,NULL
180375,208266,NULL
180376,208267,NULL
180377,208268,NULL
180378,208269,NULL
180379,208270,NULL
180380,208271,231392
180380,208271,237443
180380,208271,245828
180381,208273,NULL
180382,208275,NULL
180383,208276,NULL
180384,208277,NULL
180385,208278,NULL
180386,208279,NULL
180387,208280,NULL
180388,208281,NULL
180389,208282,NULL
180390,208283,NULL
180391,208284,NULL
180392,208285,229045
180392,208285,251909
180392,208285,254317
180393,208286,NULL
180394,208287,NULL
180395,208288,NULL
180396,208289,NULL
180397,208292,NULL
180398,208293,NULL
180399,208294,NULL
180400,208295,NULL
180401,208296,NULL
180402,208297,NULL
180403,208298,215968
180404,208299,NULL
180405,208300,NULL
180406,208301,NULL
180407,208302,NULL
180408,208303,241535
180409,208304,211900
180409,208304,220416
180409,208304,222297
180410,208306,217966
180410,208306,227238
180410,208306,236357
180411,208307,NULL
180412,208308,NULL
180413,208309,NULL
180414,208310,NULL
180415,208311,NULL
180416,208312,226211
180417,208313,233955
180418,208314,NULL
180419,208316,NULL
180420,208317,NULL
180421,208318,244143
180421,208318,245523
180421,208318,251555
180422,208319,NULL
180423,208321,NULL
180424,208324,NULL
180425,208325,NULL
180426,208328,215747
180427,208329,NULL
180428,208330,NULL
180429,208331,NULL
180430,208333,NULL
180431,208334,NULL
180432,208335,223456
180433,208337,NULL
180434,208338,NULL
180435,208339,NULL
180436,208340,NULL
180437,208341,NULL
180438,208342,NULL
180439,208343,NULL
180440,208344,211049
180440,208344,219128
180440,208344,228302
180441,208345,NULL
180442,208346,NULL
180443,208347,NULL
180444,208348,NULL
180445,208350,NULL
180446,208351,NULL
180447,208353,NULL
180448,208354,NULL
180449,208355,NULL
180450,208356,NULL
180451,208357,242541
180451,208357,247241
180451,208357,261140
180452,208358,229393
180453,208359,NULL
180454,208360,NULL
180455,208361,NULL
180456,208365,NULL
180457,208366,NULL
180458,208367,NULL
180459,208369,NULL
180460,208370,NULL
180461,208371,NULL
180462,208374,243154
180463,208375,NULL
180464,208376,NULL
180465,208377,NULL
180466,208378,NULL
180467,208379,NULL
180468,208380,219744
180468,208380,235876
180468,208380,238811
180469,208381,NULL
180470,208383,218918
180471,208384,NULL
180472,208385,NULL
180473,208387,NULL
180474,208388,NULL
180475,208389,NULL
180476,208390,NULL
180477,208391,NULL
180478,208392,NULL
180479,208393,NULL
180480,208395,NULL
180481,208397,216951
180481,208397,225928
180481,208397,239014
180482,208398,NULL
180483,208399,225900
180483,208399,231403
180483,208399,243636
180484,208400,NULL
180485,208401,NULL
180486,208402,NULL
180487,208404,NULL
180488,208405,NULL
180489,208406,233707
180489,208406,256885
180489,208406,269152
180490,208407,NULL
180491,208409,NULL
180492,208410,NULL
180493,208411,NULL
180494,208412,NULL
180495,208413,NULL
180496,208414,NULL
180497,208415,NULL
180498,208416,NULL
180499,208417,NULL
180500,208418,238012
180501,208419,232516
180502,208420,NULL
180503,208422,NULL
180504,208423,NULL
180505,208424,NULL
180506,208425,NULL
180507,208426,NULL
180508,208427,NULL
180509,208428,NULL
180510,208430,NULL
180511,208431,NULL
180512,208432,NULL
180513,208433,NULL
180514,208434,NULL
180515,208435,NULL
180516,208436,NULL
180517,208438,NULL
180518,208439,NULL
180519,208440,NULL
180520,208441,238373
180521,208442,NULL
180522,208443,NULL
180523,208444,NULL
180524,208445,230061
180525,208447,NULL
180526,208448,NULL
180527,208449,NULL
180528,208450,NULL
180529,208453,NULL
180530,208454,NULL
180531,208455,NULL
180532,208456,229272
180533,208457,NULL
180534,208458,NULL
180535,208460,NULL
180536,208463,NULL
180537,208465,NULL
180538,208466,213486
180539,208467,NULL
180540,208469,NULL
180541,208470,216976
180541,208470,221156
180541,208470,234760
180542,208471,NULL
180543,208474,NULL
180544,208475,NULL
180545,208476,226074
180546,208477,NULL
180547,208478,NULL
180548,208479,214668
180549,208480,NULL
180550,208481,NULL
180551,208482,NULL
180552,208484,NULL
180553,208486,NULL
180554,208487,236822
180555,208489,NULL
180556,208490,NULL
180557,208491,236938
180557,208491,246425
180557,208491,260042
180558,208492,NULL
180559,208493,NULL
180560,208494,NULL
180561,208495,220030
180562,208496,NULL
180563,208498,NULL
180564,208499,217638
180564,208499,227444
180564,208499,239203
180565,208500,233644
180566,208501,NULL
180567,208502,NULL
180568,208504,NULL
180569,208505,228568
180570,208506,NULL
180571,208507,232653
180572,208510,NULL
180573,208512,230764
180574,208514,NULL
180575,208515,NULL
180576,208516,NULL
180577,208518,NULL
180578,208519,NULL
180579,208520,NULL
180580,208522,218280
180581,208524,231304
180581,208524,246752
180581,208524,257074
180582,208525,231214
180582,208525,242105
180582,208525,248997
180583,208526,NULL
180584,208527,NULL
180585,208528,NULL
180586,208529,220056
180586,208529,233829
180586,208529,244726
180587,208531,239741
180588,208532,NULL
180589,208533,NULL
180590,208534,NULL
180591,208535,NULL
180592,208536,NULL
180593,208537,NULL
180594,208538,NULL
180595,208539,NULL
180596,208540,NULL
180597,208542,NULL
180598,208543,NULL
180599,208544,NULL
180600,208545,NULL
180601,208546,NULL
180602,208547,NULL
180603,208548,NULL
180604,208549,NULL
180605,208550,NULL
180606,208551,NULL
180607,208552,NULL
180608,208555,225444
180609,208556,NULL
180610,208557,NULL
180611,208558,NULL
180612,208559,NULL
180613,208560,NULL
180614,208561,NULL
180615,208562,216881
180615,208562,227009
180615,208562,231025
180616,208563,NULL
180617,208566,NULL
180618,208567,NULL
180619,208568,243361
180619,208568,255925
180619,208568,267405
180620,208569,NULL
180621,208570,NULL
180622,208571,NULL
180623,208572,NULL
180624,208573,NULL
180625,208574,NULL
180626,208575,NULL
180627,208576,NULL
180628,208578,NULL
180629,208579,NULL
180630,208581,238444
180630,208581,256213
180630,208581,268404
180631,208582,239739
180631,208582,253093
180631,208582,259639
180632,208583,NULL
180633,208585,NULL
180634,208588,NULL
180635,208589,NULL
180636,208590,NULL
180637,208592,NULL
180638,208593,NULL
180639,208594,NULL
180640,208595,NULL
180641,208596,NULL
180642,208598,NULL
180643,208599,NULL
180644,208600,NULL
180645,208601,NULL
180646,208602,244899
180647,208603,NULL
180648,208604,NULL
180649,208605,NULL
180650,208607,NULL
180651,208608,NULL
180652,208609,NULL
180653,208610,NULL
180654,208612,NULL
180655,208613,NULL
180656,208615,NULL
180657,208616,NULL
180658,208617,NULL
180659,208618,NULL
180660,208619,NULL
180661,208620,NULL
180662,208621,NULL
180663,208622,232061
180664,208623,NULL
180665,208624,233824
180665,208624,246208
180665,208624,258174
180666,208625,NULL
180667,208626,NULL
180668,208627,NULL
180669,208628,NULL
180670,208629,238454
180671,208630,221473
180671,208630,227991
180671,208630,233667
180672,208632,NULL
180673,208634,NULL
180674,208636,NULL
180675,208637,NULL
180676,208638,NULL
180677,208640,NULL
180678,208641,NULL
180679,208642,NULL
180680,208643,NULL
180681,208644,234083
180681,208644,251207
180681,208644,253795
180682,208645,NULL
180683,208646,NULL
180684,208647,NULL
180685,208648,NULL
180686,208649,231811
180687,208650,NULL
180688,208651,NULL
180689,208652,NULL
180690,208653,NULL
180691,208654,NULL
180692,208655,NULL
180693,208656,NULL
180694,208657,NULL
180695,208658,NULL
180696,208659,NULL
180697,208660,NULL
180698,208663,NULL
180699,208664,NULL
180700,208665,NULL
180701,208666,NULL
180702,208667,NULL
180703,208668,NULL
180704,208669,NULL
180705,208670,NULL
180706,208671,NULL
180707,208672,NULL
180708,208673,NULL
180709,208674,NULL
180710,208675,NULL
180711,208676,NULL
180712,208677,225394
180713,208678,NULL
180714,208679,NULL
180715,208680,NULL
180716,208681,215345
180717,208682,NULL
180718,208684,NULL
180719,208685,NULL
180720,208686,NULL
180721,208687,NULL
180722,208688,NULL
180723,208689,NULL
180724,208690,NULL
180725,208691,NULL
180726,208692,NULL
180727,208693,NULL
180728,208694,NULL
180729,208695,NULL
180730,208696,226632
180730,208696,234857
180730,208696,245051
180731,208697,NULL
180732,208698,NULL
180733,208699,NULL
180734,208700,NULL
180735,208701,241589
180736,208702,NULL
180737,208703,243112
180738,208705,NULL
180739,208706,NULL
180740,208707,NULL
180741,208709,219758
180741,208709,227033
180741,208709,237008
180742,208710,NULL
180743,208711,NULL
180744,208712,NULL
180745,208714,NULL
180746,208715,NULL
180747,208716,NULL
180748,208717,NULL
180749,208718,NULL
180750,208719,223366
180751,208721,NULL
180752,208722,NULL
180753,208723,NULL
180754,208724,NULL
180755,208725,NULL
180756,208726,NULL
180757,208727,NULL
180758,208729,NULL
180759,208730,NULL
180760,208731,225792
180760,208731,234514
180760,208731,241138
180761,208732,NULL
180762,208733,NULL
180763,208734,231631
180763,208734,253415
180763,208734,259740
180764,208737,NULL
180765,208738,NULL
180766,208739,NULL
180767,208740,NULL
180768,208741,NULL
180769,208742,NULL
180770,208743,244544
180770,208743,262061
180770,208743,270199
180771,208745,NULL
180772,208746,NULL
180773,208747,NULL
180774,208748,NULL
180775,208750,NULL
180776,208751,NULL
180777,208753,NULL
180778,208754,NULL
180779,208755,NULL
180780,208756,237058
180781,208757,NULL
180782,208758,NULL
180783,208759,NULL
180784,208761,NULL
180785,208762,NULL
180786,208763,NULL
180787,208764,NULL
180788,208765,NULL
180789,208766,NULL
180790,208767,NULL
180791,208768,NULL
180792,208769,NULL
180793,208770,NULL
180794,208771,NULL
180795,208773,NULL
180796,208776,219210
180796,208776,224816
180796,208776,225351
180797,208777,NULL
180798,208778,236971
180798,208778,256013
180798,208778,265163
180799,208779,212482
180800,208780,NULL
180801,208781,NULL
180802,208783,217479
180803,208784,NULL
180804,208785,NULL
180805,208786,NULL
180806,208787,NULL
180807,208789,NULL
180808,208790,NULL
180809,208791,NULL
180810,208792,NULL
180811,208793,NULL
180812,208794,NULL
180813,208795,NULL
180814,208796,NULL
180815,208797,237221
180816,208799,NULL
180817,208800,NULL
180818,208801,NULL
180819,208804,NULL
180820,208805,236754
180820,208805,256373
180820,208805,265635
180821,208806,NULL
180822,208807,NULL
180823,208808,NULL
180824,208809,NULL
180825,208810,NULL
180826,208811,NULL
180827,208812,NULL
180828,208813,NULL
180829,208814,NULL
180830,208815,NULL
180831,208817,NULL
180832,208818,NULL
180833,208819,NULL
180834,208820,NULL
180835,208821,NULL
180836,208823,NULL
180837,208824,NULL
180838,208825,NULL
180839,208826,NULL
180840,208827,NULL
180841,208828,NULL
180842,208829,NULL
180843,208830,NULL
180844,208831,NULL
180845,208832,NULL
180846,208833,NULL
180847,208834,211350
180848,208835,NULL
180849,208836,NULL
180850,208838,NULL
180851,208840,NULL
180852,208841,NULL
180853,208842,NULL
180854,208843,219657
180855,208844,NULL
180856,208847,NULL
180857,208848,NULL
180858,208849,NULL
180859,208852,NULL
180860,208853,NULL
180861,208854,NULL
180862,208855,NULL
180863,208857,NULL
180864,208858,NULL
180865,208860,NULL
180866,208861,NULL
180867,208862,NULL
180868,208864,NULL
180869,208865,219241
180870,208866,NULL
180871,208867,NULL
180872,208869,NULL
180873,208870,NULL
180874,208871,NULL
180875,208872,NULL
180876,208873,NULL
180877,208875,231640
180878,208876,NULL
180879,208877,NULL
180880,208878,NULL
180881,208879,NULL
180882,208880,NULL
180883,208881,244447
180884,208883,NULL
180885,208884,NULL
180886,208885,NULL
180887,208886,NULL
180888,208887,240616
180889,208888,NULL
180890,208889,NULL
180891,208890,NULL
180892,208891,NULL
180893,208893,NULL
180894,208894,228166
180895,208896,NULL
180896,208897,NULL
180897,208898,238497
180897,208898,255263
180897,208898,268902
180898,208899,NULL
180899,208900,NULL
180900,208901,NULL
180901,208903,NULL
180902,208904,NULL
180903,208905,242537
180904,208906,239339
180905,208907,NULL
180906,208908,NULL
180907,208910,241651
180907,208910,258285
180907,208910,272116
180908,208911,NULL
180909,208912,NULL
180910,208913,226372
180911,208914,NULL
180912,208915,NULL
180913,208916,NULL
180914,208918,NULL
180915,208919,NULL
180916,208920,239541
180916,208920,260922
180916,208920,271389
180917,208921,NULL
180918,208922,NULL
180919,208924,NULL
180920,208925,NULL
180921,208927,NULL
180922,208928,NULL
180923,208930,NULL
180924,208931,NULL
180925,208932,212244
180926,208934,NULL
180927,208935,NULL
180928,208936,NULL
180929,208937,NULL
180930,208938,NULL
180931,208939,NULL
180932,208940,NULL
180933,208941,NULL
180934,208942,NULL
180935,208943,NULL
180936,208944,NULL
180937,208945,NULL
180938,208946,234986
180938,208946,255777
180938,208946,262890
180939,208947,NULL
180940,208948,NULL
180941,208949,NULL
180942,208950,214774
180942,208950,223231
180942,208950,234904
180943,208951,237464
180943,208951,250924
180943,208951,263257
180944,208952,NULL
180945,208953,NULL
180946,208954,NULL
180947,208955,NULL
180948,208956,NULL
180949,208957,NULL
180950,208958,211246
180950,208958,222320
180950,208958,229069
180951,208960,NULL
180952,208962,NULL
180953,208963,218114
180954,208965,NULL
180955,208966,219391
180955,208966,229695
180955,208966,238507
180956,208967,NULL
180957,208969,242196
180958,208970,NULL
180959,208971,NULL
180960,208972,NULL
180961,208973,NULL
180962,208975,NULL
180963,208976,NULL
180964,208977,NULL
180965,208978,NULL
180966,208979,NULL
180967,208980,NULL
180968,208981,NULL
180969,208982,NULL
180970,208983,NULL
180971,208984,NULL
180972,208985,NULL
180973,208986,NULL
180974,208987,NULL
180975,208988,NULL
180976,208989,NULL
180977,208990,NULL
180978,208993,219917
180979,208995,NULL
180980,208996,NULL
180981,208997,NULL
180982,208998,NULL
180983,208999,NULL
180984,209001,NULL
180985,209002,NULL
180986,209003,NULL
180987,209004,NULL
180988,209005,NULL
180989,209006,NULL
180990,209007,NULL
180991,209008,NULL
180992,209010,NULL
180993,209011,NULL
180994,209012,NULL
180995,209013,NULL
180996,209014,NULL
180997,209015,NULL
180998,209017,NULL
180999,209018,NULL
181000,209019,NULL
181001,209020,NULL
181002,209023,242762
181003,209024,NULL
181004,209025,NULL
181005,209026,NULL
181006,209027,NULL
181007,209029,NULL
181008,209030,NULL
181009,209031,NULL
181010,209033,NULL
181011,209034,NULL
181012,209035,NULL
181013,209036,NULL
181014,209037,NULL
181015,209041,NULL
181016,209042,NULL
181017,209043,NULL
181018,209044,NULL
181019,209045,NULL
181020,209046,NULL
181021,209048,NULL
181022,209049,NULL
181023,209050,NULL
181024,209051,NULL
181025,209052,NULL
181026,209054,214130
181026,209054,227872
181026,209054,237429
181027,209055,NULL
181028,209057,NULL
181029,209058,NULL
181030,209060,NULL
181031,209061,NULL
181032,209062,NULL
181033,209064,NULL
181034,209065,229059
181034,209065,245765
181034,209065,253352
181035,209067,NULL
181036,209068,NULL
181037,209069,NULL
181038,209070,NULL
181039,209072,NULL
181040,209073,229060
181041,209074,NULL
181042,209075,NULL
181043,209076,NULL
181044,209077,NULL
181045,209078,NULL
181046,209079,NULL
181047,209080,NULL
181048,209082,NULL
181049,209083,NULL
181050,209086,NULL
181051,209088,NULL
181052,209089,NULL
181053,209091,NULL
181054,209092,NULL
181055,209093,NULL
181056,209094,NULL
181057,209095,NULL
181058,209098,NULL
181059,209099,NULL
181060,209100,NULL
181061,209101,NULL
181062,209102,238838
181063,209103,NULL
181064,209106,NULL
181065,209107,NULL
181066,209108,NULL
181067,209110,214888
181068,209111,NULL
181069,209115,NULL
181070,209117,NULL
181071,209118,225775
181072,209119,NULL
181073,209120,NULL
181074,209122,NULL
181075,209123,NULL
181076,209124,NULL
181077,209125,NULL
181078,209127,NULL
181079,209128,NULL
181080,209129,NULL
181081,209130,215953
181082,209132,NULL
181083,209133,NULL
181084,209134,244398
181085,209137,NULL
181086,209138,NULL
181087,209139,NULL
181088,209140,NULL
181089,209141,NULL
181090,209142,NULL
181091,209143,NULL
181092,209144,229426
181093,209145,NULL
181094,209146,NULL
181095,209147,NULL
181096,209148,NULL
181097,209149,NULL
181098,209151,NULL
181099,209152,NULL
181100,209153,NULL
181101,209154,NULL
181102,209155,NULL
181103,209158,NULL
181104,209159,213431
181104,209159,219904
181104,209159,232659
181105,209161,NULL
181106,209162,NULL
181107,209163,NULL
181108,209164,NULL
181109,209167,NULL
181110,209168,NULL
181111,209170,NULL
181112,209171,NULL
181113,209172,NULL
181114,209173,NULL
181115,209174,NULL
181116,209175,NULL
181117,209176,235187
181118,209177,NULL
181119,209178,224759
181120,209179,NULL
181121,209181,NULL
181122,209182,NULL
181123,209183,NULL
181124,209184,212796
181125,209185,NULL
181126,209186,NULL
181127,209187,220494
181127,209187,235565
181127,209187,246459
181128,209188,NULL
181129,209189,NULL
181130,209190,NULL
181131,209191,NULL
181132,209192,NULL
181133,209193,NULL
181134,209194,NULL
181135,209195,231736
181136,209196,NULL
181137,209197,NULL
181138,209198,NULL
181139,209199,NULL
181140,209200,NULL
181141,209201,NULL
181142,209202,NULL
181143,209203,NULL
181144,209204,NULL
181145,209205,NULL
181146,209206,NULL
181147,209208,NULL
181148,209209,NULL
181149,209210,NULL
181150,209211,218153
181150,209211,227876
181150,209211,240181
181151,209212,NULL
181152,209213,214355
181153,209215,NULL
181154,209216,NULL
181155,209217,NULL
181156,209218,NULL
181157,209219,NULL
181158,209220,NULL
181159,209221,NULL
181160,209222,NULL
181161,209223,NULL
181162,209225,NULL
181163,209226,NULL
181164,209227,240730
181164,209227,255072
181164,209227,259932
181165,209228,NULL
181166,209229,235228
181167,209230,NULL
181168,209232,NULL
181169,209233,NULL
181170,209234,NULL
181171,209235,NULL
181172,209236,NULL
181173,209237,NULL
181174,209239,NULL
181175,209240,NULL
181176,209241,NULL
181177,209242,NULL
181178,209243,NULL
181179,209244,NULL
181180,209245,NULL
181181,209247,NULL
181182,209248,223914
181182,209248,230189
181182,209248,239107
181183,209249,NULL
181184,209251,NULL
181185,209252,211968
181185,209252,229428
181185,209252,238367
181186,209253,221770
181187,209254,220552
181187,209254,235381
181187,209254,237519
181188,209256,219765
181189,209257,NULL
181190,209258,NULL
181191,209259,NULL
181192,209260,232218
181192,209260,250088
181192,209260,260283
181193,209261,NULL
181194,209262,NULL
181195,209263,NULL
181196,209264,NULL
181197,209265,NULL
181198,209266,230147
181199,209267,NULL
181200,209268,NULL
181201,209269,NULL
181202,209270,NULL
181203,209271,NULL
181204,209272,NULL
181205,209273,NULL
181206,209275,NULL
181207,209276,NULL
181208,209277,NULL
181209,209278,NULL
181210,209279,NULL
181211,209280,NULL
181212,209281,NULL
181213,209282,NULL
181214,209283,NULL
181215,209284,NULL
181216,209285,NULL
181217,209286,NULL
181218,209287,NULL
181219,209288,NULL
181220,209289,NULL
181221,209290,NULL
181222,209292,NULL
181223,209293,NULL
181224,209295,NULL
181225,209296,NULL
181226,209297,NULL
181227,209298,NULL
181228,209299,234224
181229,209300,NULL
181230,209301,NULL
181231,209304,NULL
181232,209306,NULL
181233,209308,NULL
181234,209309,227164
181235,209310,NULL
181236,209311,NULL
181237,209312,NULL
181238,209313,NULL
181239,209314,237705
181239,209314,260094
181239,209314,265678
181240,209315,223178
181241,209316,NULL
181242,209317,NULL
181243,209318,NULL
181244,209319,NULL
181245,209321,241495
181245,209321,255105
181245,209321,266991
181246,209323,NULL
181247,209325,NULL
181248,209326,231906
181248,209326,237242
181248,209326,250043
181249,209327,NULL
181250,209328,NULL
181251,209329,NULL
181252,209330,NULL
181253,209331,NULL
181254,209332,NULL
181255,209334,216523
181256,209336,NULL
181257,209338,NULL
181258,209339,NULL
181259,209340,NULL
181260,209341,NULL
181261,209342,NULL
181262,209343,NULL
181263,209344,NULL
181264,209346,243708
181264,209346,259073
181264,209346,267337
181265,209347,NULL
181266,209348,NULL
181267,209349,NULL
181268,209350,NULL
181269,209351,NULL
181270,209352,NULL
181271,209353,NULL
181272,209354,NULL
181273,209355,NULL
181274,209356,NULL
181275,209357,NULL
181276,209358,NULL
181277,209359,NULL
181278,209360,NULL
181279,209361,NULL
181280,209362,NULL
181281,209364,NULL
181282,209365,NULL
181283,209366,NULL
181284,209367,NULL
181285,209368,NULL
181286,209369,NULL
181287,209370,NULL
181288,209371,NULL
181289,209372,NULL
181290,209373,NULL
181291,209374,NULL
181292,209378,NULL
181293,209380,NULL
181294,209381,NULL
181295,209382,228859
181296,209383,NULL
181297,209384,NULL
181298,209385,NULL
181299,209386,NULL
181300,209387,NULL
181301,209388,NULL
181302,209389,NULL
181303,209390,NULL
181304,209392,NULL
181305,209393,NULL
181306,209394,NULL
181307,209395,NULL
181308,209397,NULL
181309,209398,233921
181309,209398,243900
181309,209398,247507
181310,209400,NULL
181311,209402,NULL
181312,209403,NULL
181313,209405,NULL
181314,209406,NULL
181315,209407,NULL
181316,209409,NULL
181317,209410,NULL
181318,209411,NULL
181319,209412,NULL
181320,209413,NULL
181321,209416,NULL
181322,209417,NULL
181323,209418,NULL
181324,209419,NULL
181325,209422,229502
181326,209423,NULL
181327,209424,NULL
181328,209425,NULL
181329,209426,NULL
181330,209427,NULL
181331,209428,211097
181332,209429,NULL
181333,209430,NULL
181334,209431,220151
181335,209432,NULL
181336,209435,225529
181337,209436,NULL
181338,209438,NULL
181339,209439,226168
181340,209440,NULL
181341,209441,211177
181342,209442,211611
181343,209443,NULL
181344,209444,NULL
181345,209446,NULL
181346,209448,NULL
181347,209449,NULL
181348,209450,NULL
181349,209451,NULL
181350,209452,NULL
181351,209453,NULL
181352,209455,NULL
181353,209456,NULL
181354,209457,NULL
181355,209458,NULL
181356,209459,NULL
181357,209460,223499
181357,209460,225419
181357,209460,240742
181358,209462,NULL
181359,209463,NULL
181360,209464,NULL
181361,209465,NULL
181362,209466,NULL
181363,209469,NULL
181364,209470,NULL
181365,209471,NULL
181366,209472,NULL
181367,209474,NULL
181368,209475,NULL
181369,209476,NULL
181370,209477,NULL
181371,209478,NULL
181372,209479,221489
181372,209479,229809
181372,209479,238295
181373,209481,227614
181373,209481,244621
181373,209481,252203
181374,209482,NULL
181375,209483,NULL
181376,209484,NULL
181377,209485,NULL
181378,209486,NULL
181379,209487,NULL
181380,209488,NULL
181381,209489,220236
181382,209490,NULL
181383,209491,NULL
181384,209492,NULL
181385,209493,NULL
181386,209494,NULL
181387,209498,236721
181388,209499,NULL
181389,209500,235037
181390,209501,NULL
181391,209502,NULL
181392,209503,NULL
181393,209504,NULL
181394,209505,NULL
181395,209506,NULL
181396,209507,NULL
181397,209509,NULL
181398,209510,NULL
181399,209514,234365
181399,209514,256798
181399,209514,261057
181400,209515,NULL
181401,209516,NULL
181402,209517,243521
181403,209518,NULL
181404,209519,NULL
181405,209520,NULL
181406,209524,NULL
181407,209525,NULL
181408,209526,NULL
181409,209527,NULL
181410,209528,225564
181411,209529,NULL
181412,209530,NULL
181413,209531,NULL
181414,209533,NULL
181415,209534,NULL
181416,209535,NULL
181417,209536,NULL
181418,209537,NULL
181419,209538,242731
181420,209539,NULL
181421,209540,NULL
181422,209541,NULL
181423,209542,NULL
181424,209544,NULL
181425,209545,NULL
181426,209546,242228
181426,209546,259368
181426,209546,268568
181427,209547,NULL
181428,209548,NULL
181429,209549,NULL
181430,209550,NULL
181431,209551,NULL
181432,209552,NULL
181433,209553,NULL
181434,209554,NULL
181435,209555,NULL
181436,209556,NULL
181437,209557,NULL
181438,209558,NULL
181439,209559,NULL
181440,209561,NULL
181441,209562,NULL
181442,209563,NULL
181443,209564,NULL
181444,209565,NULL
181445,209566,NULL
181446,209567,NULL
181447,209568,NULL
181448,209570,NULL
181449,209573,NULL
181450,209574,NULL
181451,209575,NULL
181452,209576,NULL
181453,209578,244861
181454,209579,NULL
181455,209580,NULL
181456,209581,NULL
181457,209584,NULL
181458,209586,NULL
181459,209587,NULL
181460,209589,NULL
181461,209591,NULL
181462,209592,NULL
181463,209593,NULL
181464,209594,NULL
181465,209595,NULL
181466,209596,NULL
181467,209597,227576
181468,209598,NULL
181469,209599,NULL
181470,209600,NULL
181471,209601,NULL
181472,209603,NULL
181473,209604,NULL
181474,209605,NULL
181475,209606,NULL
181476,209607,NULL
181477,209609,NULL
181478,209610,NULL
181479,209611,244039
181479,209611,262350
181479,209611,272782
181480,209612,NULL
181481,209613,NULL
181482,209614,NULL
181483,209615,NULL
181484,209616,231331
181485,209617,NULL
181486,209618,NULL
181487,209620,243347
181488,209621,NULL
181489,209623,NULL
181490,209625,218232
181491,209626,NULL
181492,209627,NULL
181493,209628,NULL
181494,209629,NULL
181495,209630,NULL
181496,209631,NULL
181497,209632,220611
181498,209633,NULL
181499,209634,NULL
181500,209635,NULL
181501,209636,NULL
181502,209637,NULL
181503,209638,NULL
181504,209639,NULL
181505,209641,NULL
181506,209642,NULL
181507,209645,NULL
181508,209646,NULL
181509,209647,NULL
181510,209649,NULL
181511,209650,NULL
181512,209652,NULL
181513,209653,NULL
181514,209654,NULL
181515,209655,NULL
181516,209656,NULL
181517,209657,NULL
181518,209658,NULL
181519,209659,226094
181520,209660,NULL
181521,209661,NULL
181522,209662,NULL
181523,209664,229658
181523,209664,236876
181523,209664,246926
181524,209665,NULL
181525,209666,NULL
181526,209667,NULL
181527,209668,NULL
181528,209669,NULL
181529,209670,NULL
181530,209671,NULL
181531,209672,NULL
181532,209673,NULL
181533,209674,216101
181533,209674,235409
181533,209674,245518
181534,209675,NULL
181535,209676,NULL
181536,209677,NULL
181537,209680,NULL
181538,209681,NULL
181539,209683,NULL
181540,209684,NULL
181541,209685,NULL
181542,209686,NULL
181543,209687,NULL
181544,209688,241522
181545,209689,236508
181546,209690,NULL
181547,209691,NULL
181548,209692,NULL
181549,209694,NULL
181550,209695,NULL
181551,209696,NULL
181552,209697,NULL
181553,209699,NULL
181554,209700,NULL
181555,209701,NULL
181556,209702,NULL
181557,209703,NULL
181558,209704,NULL
181559,209705,213467
181559,209705,221950
181559,209705,232316
181560,209706,NULL
181561,209707,NULL
181562,209709,NULL
181563,209710,NULL
181564,209711,NULL
181565,209712,245084
181566,209713,NULL
181567,209714,NULL
181568,209715,217920
181569,209716,NULL
181570,209718,NULL
181571,209719,NULL
181572,209720,NULL
181573,209721,NULL
181574,209722,241800
181575,209723,NULL
181576,209724,NULL
181577,209725,NULL
181578,209726,NULL
181579,209727,NULL
181580,209728,NULL
181581,209729,NULL
181582,209730,NULL
181583,209731,NULL
181584,209733,NULL
181585,209734,NULL
181586,209735,NULL
181587,209736,235579
181588,209737,NULL
181589,209739,NULL
181590,209740,217729
181591,209742,NULL
181592,209743,NULL
181593,209744,NULL
181594,209746,NULL
181595,209748,NULL
181596,209749,NULL
181597,209750,NULL
181598,209751,NULL
181599,209752,NULL
181600,209753,NULL
181601,209754,NULL
181602,209755,227203
181603,209758,NULL
181604,209759,NULL
181605,209760,NULL
181606,209761,NULL
181607,209762,NULL
181608,209763,NULL
181609,209764,NULL
181610,209765,NULL
181611,209766,NULL
181612,209767,NULL
181613,209768,NULL
181614,209769,227873
181615,209771,NULL
181616,209772,240267
181617,209773,NULL
181618,209774,215316
181619,209775,NULL
181620,209776,211096
181621,209778,215164
181622,209779,NULL
181623,209780,NULL
181624,209781,NULL
181625,209782,NULL
181626,209785,NULL
181627,209786,NULL
181628,209787,NULL
181629,209788,235289
181630,209789,NULL
181631,209790,NULL
181632,209791,NULL
181633,209793,NULL
181634,209794,NULL
181635,209795,NULL
181636,209796,NULL
181637,209798,NULL
181638,209799,NULL
181639,209800,NULL
181640,209801,NULL
181641,209802,NULL
181642,209803,NULL
181643,209804,NULL
181644,209805,NULL
181645,209809,NULL
181646,209811,NULL
181647,209812,NULL
181648,209813,NULL
181649,209814,NULL
181650,209815,NULL
181651,209816,NULL
181652,209817,NULL
181653,209818,NULL
181654,209819,NULL
181655,209820,NULL
181656,209821,NULL
181657,209822,NULL
181658,209823,NULL
181659,209824,NULL
181660,209825,NULL
181661,209826,NULL
181662,209827,NULL
181663,209828,NULL
181664,209829,NULL
181665,209830,215771
181666,209831,NULL
181667,209832,NULL
181668,209833,NULL
181669,209835,NULL
181670,209836,NULL
181671,209837,NULL
181672,209838,NULL
181673,209839,NULL
181674,209840,NULL
181675,209843,NULL
181676,209844,NULL
181677,209845,NULL
181678,209847,NULL
181679,209848,NULL
181680,209849,NULL
181681,209850,NULL
181682,209851,212049
181683,209852,NULL
181684,209853,NULL
181685,209854,NULL
181686,209855,NULL
181687,209856,NULL
181688,209857,NULL
181689,209859,NULL
181690,209860,NULL
181691,209861,NULL
181692,209862,NULL
181693,209863,225961
181693,209863,236613
181693,209863,242344
181694,209865,NULL
181695,209866,NULL
181696,209867,217572
181696,209867,218514
181696,209867,227566
181697,209868,NULL
181698,209869,NULL
181699,209870,NULL
181700,209871,NULL
181701,209872,NULL
181702,209873,NULL
181703,209874,226487
181704,209875,221493
181704,209875,242877
181704,209875,252383
181705,209876,NULL
181706,209877,NULL
181707,209878,NULL
181708,209879,NULL
181709,209880,NULL
181710,209881,NULL
181711,209883,NULL
181712,209885,216932
181713,209887,NULL
181714,209888,NULL
181715,209889,NULL
181716,209890,NULL
181717,209891,NULL
181718,209895,215817
181718,209895,234966
181718,209895,244552
181719,209896,NULL
181720,209897,NULL
181721,209898,NULL
181722,209900,NULL
181723,209901,NULL
181724,209902,NULL
181725,209903,NULL
181726,209904,NULL
181727,209905,NULL
181728,209906,NULL
181729,209907,NULL
181730,209908,NULL
181731,209909,NULL
181732,209910,NULL
181733,209911,NULL
181734,209912,NULL
181735,209913,NULL
181736,209914,219496
181737,209916,NULL
181738,209917,NULL
181739,209919,NULL
181740,209920,NULL
181741,209921,NULL
181742,209922,235355
181743,209923,NULL
181744,209924,NULL
181745,209925,NULL
181746,209926,225545
181746,209926,237721
181746,209926,250909
181747,209927,NULL
181748,209929,NULL
181749,209932,NULL
181750,209933,NULL
181751,209934,NULL
181752,209935,NULL
181753,209936,NULL
181754,209937,NULL
181755,209938,NULL
181756,209939,NULL
181757,209940,NULL
181758,209941,225801
181758,209941,232779
181758,209941,235997
181759,209942,NULL
181760,209944,NULL
181761,209945,NULL
181762,209946,218346
181762,209946,233347
181762,209946,248853
181763,209947,225821
181763,209947,235666
181763,209947,244091
181764,209948,NULL
181765,209949,NULL
181766,209950,NULL
181767,209951,NULL
181768,209952,NULL
181769,209953,NULL
181770,209955,244065
181771,209956,244833
181772,209957,NULL
181773,209958,NULL
181774,209960,NULL
181775,209961,NULL
181776,209962,NULL
181777,209963,NULL
181778,209964,NULL
181779,209965,NULL
181780,209966,NULL
181781,209967,NULL
181782,209969,NULL
181783,209970,NULL
181784,209971,NULL
181785,209972,NULL
181786,209973,NULL
181787,209975,234422
181788,209976,NULL
181789,209977,NULL
181790,209979,225349
181791,209980,NULL
181792,209981,NULL
181793,209983,233130
181794,209985,NULL
181795,209987,NULL
181796,209988,NULL
181797,209989,218715
181797,209989,239619
181797,209989,250172
181798,209990,NULL
181799,209991,NULL
181800,209992,218337
181801,209993,NULL
181802,209994,NULL
181803,209995,NULL
181804,209996,NULL
181805,209997,NULL
181806,209998,NULL
181807,209999,232930
181808,210000,NULL
181809,210001,NULL
181810,210003,218220
181811,210004,NULL
181812,210005,NULL
181813,210006,222391
181813,210006,239496
181813,210006,242015
181814,210010,237190
181815,210011,213471
181816,210012,NULL
181817,210013,224429
181818,210014,NULL
181819,210015,NULL
181820,210016,NULL
181821,210017,NULL
181822,210018,222014
181823,210019,NULL
181824,210020,NULL
181825,210021,239578
181825,210021,244123
181825,210021,251838
181826,210022,NULL
181827,210023,NULL
181828,210024,NULL
181829,210025,NULL
181830,210027,NULL
181831,210028,NULL
181832,210029,NULL
181833,210031,NULL
181834,210032,NULL
181835,210035,NULL
181836,210037,NULL
181837,210038,NULL
181838,210039,NULL
181839,210041,220523
181840,210042,235844
181841,210043,233701
181842,210044,NULL
181843,210045,NULL
181844,210046,NULL
181845,210047,NULL
181846,210048,NULL
181847,210049,NULL
181848,210050,NULL
181849,210051,NULL
181850,210052,229364
181851,210053,NULL
181852,210054,NULL
181853,210055,NULL
181854,210056,NULL
181855,210057,NULL
181856,210058,NULL
181857,210061,NULL
181858,210062,NULL
181859,210063,NULL
181860,210064,NULL
181861,210066,NULL
181862,210067,NULL
181863,210068,NULL
181864,210070,219797
181864,210070,230825
181864,210070,244956
181865,210073,NULL
181866,210074,NULL
181867,210076,NULL
181868,210077,NULL
181869,210078,NULL
181870,210079,237277
181871,210080,212263
181872,210081,NULL
181873,210082,NULL
181874,210083,NULL
181875,210084,NULL
181876,210085,NULL
181877,210086,NULL
181878,210087,NULL
181879,210088,NULL
181880,210089,NULL
181881,210090,NULL
181882,210091,NULL
181883,210093,NULL
181884,210094,NULL
181885,210095,NULL
181886,210096,NULL
181887,210097,NULL
181888,210098,NULL
181889,210099,219945
181890,210100,NULL
181891,210101,NULL
181892,210102,NULL
181893,210104,NULL
181894,210105,NULL
181895,210106,NULL
181896,210107,NULL
181897,210108,NULL
181898,210109,NULL
181899,210110,227922
181899,210110,240646
181899,210110,245186
181900,210111,NULL
181901,210113,NULL
181902,210115,NULL
181903,210116,NULL
181904,210117,NULL
181905,210118,NULL
181906,210119,NULL
181907,210120,NULL
181908,210121,NULL
181909,210122,NULL
181910,210123,NULL
181911,210124,NULL
181912,210126,NULL
181913,210128,NULL
181914,210129,NULL
181915,210130,NULL
181916,210131,NULL
181917,210132,235404
181918,210133,NULL
181919,210134,242560
181919,210134,264020
181919,210134,273304
181920,210135,NULL
181921,210136,NULL
181922,210137,NULL
181923,210138,NULL
181924,210140,NULL
181925,210142,228747
181926,210147,NULL
181927,210148,NULL
181928,210149,NULL
181929,210150,NULL
181930,210151,NULL
181931,210152,NULL
181932,210153,NULL
181933,210155,214342
181934,210156,NULL
181935,210157,NULL
181936,210158,NULL
181937,210159,NULL
181938,210160,237185
181939,210161,NULL
181940,210162,NULL
181941,210163,225460
181942,210164,NULL
181943,210165,NULL
181944,210167,NULL
181945,210168,NULL
181946,210169,NULL
181947,210171,NULL
181948,210172,NULL
181949,210174,NULL
181950,210175,NULL
181951,210176,NULL
181952,210177,225337
181953,210178,NULL
181954,210180,NULL
181955,210182,NULL
181956,210183,NULL
181957,210185,216010
181958,210186,NULL
181959,210188,NULL
181960,210189,NULL
181961,210190,NULL
181962,210191,NULL
181963,210192,NULL
181964,210193,NULL
181965,210194,NULL
181966,210196,NULL
181967,210197,NULL
181968,210198,241191
181969,210201,NULL
181970,210203,NULL
181971,210204,NULL
181972,210206,NULL
181973,210207,NULL
181974,210208,NULL
181975,210209,NULL
181976,210210,NULL
181977,210211,NULL
181978,210212,NULL
181979,210213,231287
181980,210214,NULL
181981,210215,NULL
181982,210217,NULL
181983,210219,NULL
181984,210220,NULL
181985,210221,NULL
181986,210224,NULL
181987,210225,NULL
181988,210226,NULL
181989,210227,NULL
181990,210228,NULL
181991,210229,NULL
181992,210230,NULL
181993,210231,228121
181993,210231,232078
181993,210231,240911
181994,210232,NULL
181995,210233,NULL
181996,210234,NULL
181997,210235,NULL
181998,210237,NULL
181999,210239,NULL
182000,210240,NULL
182001,210241,NULL
182002,210242,NULL
182003,210243,NULL
182004,210244,NULL
182005,210245,NULL
182006,210246,NULL
182007,210247,NULL
182008,210248,NULL
182009,210249,NULL
182010,210250,NULL
182011,210251,NULL
182012,210252,NULL
182013,210253,NULL
182014,210254,NULL
182015,210255,NULL
182016,210256,NULL
182017,210257,NULL
182018,210258,NULL
182019,210259,NULL
182020,210260,217393
182021,210261,NULL
182022,210263,NULL
182023,210264,NULL
182024,210265,NULL
182025,210267,230041
182025,210267,237671
182025,210267,251975
182026,210268,NULL
182027,210269,NULL
182028,210270,233397
182029,210272,NULL
182030,210273,222817
182031,210274,NULL
182032,210275,NULL
182033,210276,NULL
182034,210277,NULL
182035,210278,NULL
182036,210279,231621
182037,210280,225473
182038,210281,240392
182039,210282,NULL
182040,210284,NULL
182041,210286,NULL
182042,210287,NULL
182043,210288,NULL
182044,210290,NULL
182045,210291,237097
182046,210293,NULL
182047,210294,219842
182048,210295,NULL
182049,210296,NULL
182050,210298,NULL
182051,210299,NULL
182052,210300,NULL
182053,210301,242145
182053,210301,251905
182053,210301,259109
182054,210302,NULL
182055,210303,NULL
182056,210304,NULL
182057,210305,NULL
182058,210306,NULL
182059,210307,NULL
182060,210308,NULL
182061,210309,NULL
182062,210310,NULL
182063,210311,NULL
182064,210313,NULL
182065,210315,NULL
182066,210316,229154
182067,210317,NULL
182068,210318,NULL
182069,210319,NULL
182070,210321,NULL
182071,210322,NULL
182072,210324,NULL
182073,210326,223299
182074,210327,NULL
182075,210328,NULL
182076,210329,NULL
182077,210330,NULL
182078,210331,NULL
182079,210332,NULL
182080,210334,NULL
182081,210335,NULL
182082,210336,NULL
182083,210337,NULL
182084,210338,NULL
182085,210339,223077
182085,210339,244107
182085,210339,246431
182086,210341,NULL
182087,210342,NULL
182088,210343,NULL
182089,210345,NULL
182090,210346,228254
182090,210346,235106
182090,210346,244036
182091,210347,NULL
182092,210350,NULL
182093,210351,237806
182094,210352,NULL
182095,210353,NULL
182096,210356,NULL
182097,210357,NULL
182098,210358,231543
182098,210358,251655
182098,210358,256480
182099,210359,NULL
182100,210360,NULL
182101,210362,NULL
182102,210363,NULL
182103,210365,NULL
182104,210366,NULL
182105,210367,NULL
182106,210368,NULL
182107,210370,NULL
182108,210373,NULL
182109,210374,NULL
182110,210375,NULL
182111,210376,NULL
182112,210379,NULL
182113,210380,NULL
182114,210381,215902
182114,210381,217896
182114,210381,221920
182115,210382,NULL
182116,210383,NULL
182117,210384,NULL
182118,210385,NULL
182119,210387,NULL
182120,210388,NULL
182121,210390,NULL
182122,210391,218385
182122,210391,227464
182122,210391,239146
182123,210392,NULL
182124,210394,NULL
182125,210395,NULL
182126,210397,NULL
182127,210399,NULL
182128,210400,NULL
182129,210402,NULL
182130,210403,NULL
182131,210404,NULL
182132,210405,231656
182132,210405,249399
182132,210405,264536
182133,210406,NULL
182134,210407,NULL
182135,210409,NULL
182136,210410,NULL
182137,210412,NULL
182138,210413,NULL
182139,210414,NULL
182140,210415,225371
182141,210416,NULL
182142,210417,NULL
182143,210418,NULL
182144,210420,NULL
182145,210421,NULL
182146,210422,NULL
182147,210423,NULL
182148,210424,NULL
182149,210425,NULL
182150,210426,NULL
182151,210427,242593
182152,210428,NULL
182153,210429,NULL
182154,210430,NULL
182155,210431,NULL
182156,210433,NULL
182157,210434,NULL
182158,210435,NULL
182159,210436,NULL
182160,210437,NULL
182161,210438,NULL
182162,210439,229134
182163,210440,NULL
182164,210441,220741
182165,210442,NULL
182166,210445,NULL
182167,210446,NULL
182168,210447,224662
182169,210448,NULL
182170,210449,NULL
182171,210450,NULL
182172,210451,210554
182172,210451,215275
182172,210451,227071
182173,210452,211256
182174,210453,243451
182175,210454,NULL
182176,210455,NULL
182177,210456,245065
182177,210456,256837
182177,210456,257774
182178,210457,NULL
182179,210458,NULL
182180,210459,NULL
182181,210460,NULL
182182,210461,NULL
182183,210462,NULL
182184,210463,NULL
182185,210464,NULL
182186,210465,NULL
182187,210466,NULL
182188,210467,NULL
182189,210468,NULL
182190,210469,NULL
182191,210470,NULL
182192,210471,NULL
182193,210472,NULL
182194,210474,NULL
182195,210476,NULL
182196,210477,NULL
182197,210478,NULL
182198,210479,NULL
182199,210480,NULL
182200,210481,244450
182201,210482,NULL
182202,210483,NULL
182203,210484,NULL
182204,210485,NULL
182205,210486,NULL
182206,210488,NULL
182207,210489,224566
182208,210490,NULL
182209,210493,NULL
182210,210494,NULL
182211,210495,NULL
182212,210497,NULL
182213,210498,NULL
182214,210499,NULL
182215,210500,NULL
182216,210502,NULL
182217,210503,NULL
182218,210504,NULL
182219,210505,NULL
182220,210506,NULL
182221,210507,NULL
182222,210508,NULL
182223,210509,NULL
182224,210510,NULL
182225,210511,NULL
182226,210512,NULL
182227,210513,NULL
182228,210514,NULL
182229,210515,NULL
182230,210516,NULL
182231,210517,NULL
182232,210518,NULL
182233,210519,NULL
182234,210520,NULL
182235,210522,NULL
182236,210523,227920
182237,210525,223988
182237,210525,234900
182237,210525,243193
182238,210526,236942
182238,210526,239074
182238,210526,241699
182239,210528,NULL
182240,210529,NULL
182241,210530,NULL
182242,210532,NULL
182243,210533,NULL
182244,210534,NULL
182245,210535,NULL
182246,210536,NULL
182247,210537,223162
182248,210538,NULL
182249,210539,NULL
182250,210542,NULL
182251,210543,NULL
182252,210544,NULL
182253,210545,NULL
182254,210547,NULL
182255,210548,NULL
182256,210552,NULL
182257,210553,NULL
182258,210555,224167
182259,210557,NULL
182260,210558,NULL
182261,210559,NULL
182262,210560,NULL
182263,210561,NULL
182264,210562,NULL
182265,210563,NULL
182266,210565,246515
182266,210565,264246
182266,210565,269206
182267,210568,NULL
182268,210570,NULL
182269,210571,NULL
182270,210572,237315
182270,210572,246126
182270,210572,250792
182271,210573,NULL
182272,210574,NULL
182273,210575,NULL
182274,210576,NULL
182275,210577,NULL
182276,210578,NULL
182277,210579,239417
182278,210580,NULL
182279,210582,NULL
182280,210584,NULL
182281,210586,214717
182282,210588,NULL
182283,210589,NULL
182284,210590,NULL
182285,210591,NULL
182286,210592,NULL
182287,210594,224987
182288,210595,NULL
182289,210596,NULL
182290,210597,NULL
182291,210599,NULL
182292,210600,NULL
182293,210601,NULL
182294,210603,228905
182295,210604,NULL
182296,210606,NULL
182297,210607,NULL
182298,210608,246989
182299,210609,NULL
182300,210610,NULL
182301,210611,NULL
182302,210612,NULL
182303,210613,NULL
182304,210614,NULL
182305,210615,NULL
182306,210616,NULL
182307,210617,239761
182308,210618,NULL
182309,210619,NULL
182310,210620,NULL
182311,210621,NULL
182312,210623,NULL
182313,210624,227732
182314,210626,NULL
182315,210627,235672
182316,210628,NULL
182317,210629,NULL
182318,210630,NULL
182319,210631,NULL
182320,210632,NULL
182321,210633,241179
182321,210633,249358
182321,210633,252091
182322,210634,NULL
182323,210635,NULL
182324,210637,NULL
182325,210638,NULL
182326,210639,NULL
182327,210640,NULL
182328,210641,NULL
182329,210642,220082
182330,210643,NULL
182331,210644,NULL
182332,210645,NULL
182333,210646,NULL
182334,210647,NULL
182335,210648,249085
182336,210649,NULL
182337,210650,NULL
182338,210651,NULL
182339,210653,217480
182340,210654,NULL
182341,210655,NULL
182342,210656,NULL
182343,210657,NULL
182344,210658,220988
182345,210659,NULL
182346,210660,NULL
182347,210662,NULL
182348,210663,NULL
182349,210664,NULL
182350,210665,NULL
182351,210666,NULL
182352,210668,NULL
182353,210669,219120
182354,210670,NULL
182355,210671,NULL
182356,210672,NULL
182357,210673,NULL
182358,210674,NULL
182359,210675,NULL
182360,210676,NULL
182361,210677,NULL
182362,210678,NULL
182363,210679,NULL
182364,210680,NULL
182365,210681,NULL
182366,210682,NULL
182367,210683,NULL
182368,210685,223437
182369,210686,NULL
182370,210687,NULL
182371,210688,NULL
182372,210689,NULL
182373,210690,NULL
182374,210691,NULL
182375,210692,NULL
182376,210693,NULL
182377,210694,NULL
182378,210695,NULL
182379,210696,NULL
182380,210697,NULL
182381,210698,236786
182382,210699,NULL
182383,210701,NULL
182384,210702,NULL
182385,210703,NULL
182386,210704,NULL
182387,210705,226970
182387,210705,239224
182387,210705,251910
182388,210706,NULL
182389,210707,NULL
182390,210709,NULL
182391,210710,NULL
182392,210711,NULL
182393,210712,NULL
182394,210713,216726
182395,210714,NULL
182396,210715,NULL
182397,210716,NULL
182398,210717,NULL
182399,210720,NULL
182400,210721,NULL
182401,210722,237473
182402,210723,NULL
182403,210724,NULL
182404,210725,244325
182404,210725,247341
182404,210725,257321
182405,210726,NULL
182406,210727,NULL
182407,210728,NULL
182408,210729,NULL
182409,210730,NULL
182410,210731,NULL
182411,210732,NULL
182412,210733,NULL
182413,210734,NULL
182414,210735,NULL
182415,210736,NULL
182416,210737,NULL
182417,210738,NULL
182418,210739,NULL
182419,210740,NULL
182420,210741,NULL
182421,210742,NULL
182422,210743,NULL
182423,210744,NULL
182424,210745,NULL
182425,210746,NULL
182426,210747,NULL
182427,210748,NULL
182428,210749,NULL
182429,210750,NULL
182430,210751,NULL
182431,210752,NULL
182432,210754,NULL
182433,210755,NULL
182434,210756,NULL
182435,210757,NULL
182436,210758,NULL
182437,210759,220260
182438,210760,246799
182438,210760,260107
182438,210760,270235
182439,210762,NULL
182440,210763,NULL
182441,210764,NULL
182442,210765,NULL
182443,210766,NULL
182444,210767,NULL
182445,210768,228733
182445,210768,248971
182445,210768,257496
182446,210769,NULL
182447,210770,NULL
182448,210774,NULL
182449,210775,NULL
182450,210776,NULL
182451,210777,242950
182452,210778,NULL
182453,210779,NULL
182454,210780,226442
182455,210781,NULL
182456,210782,NULL
182457,210783,NULL
182458,210784,232311
182458,210784,244379
182458,210784,250256
182459,210785,NULL
182460,210787,NULL
182461,210788,NULL
182462,210789,NULL
182463,210790,NULL
182464,210792,NULL
182465,210793,NULL
182466,210794,NULL
182467,210795,218449
182468,210796,NULL
182469,210797,NULL
182470,210798,219901
182470,210798,227631
182470,210798,233688
182471,210799,NULL
182472,210800,NULL
182473,210801,NULL
182474,210802,NULL
182475,210803,NULL
182476,210804,NULL
182477,210805,237566
182477,210805,244317
182477,210805,256554
182478,210806,NULL
182479,210807,NULL
182480,210808,NULL
182481,210809,249066
182481,210809,263226
182481,210809,276116
182482,210810,NULL
182483,210812,236322
182484,210813,NULL
182485,210814,NULL
182486,210815,NULL
182487,210816,NULL
182488,210817,NULL
182489,210818,NULL
182490,210819,NULL
182491,210820,NULL
182492,210821,NULL
182493,210822,NULL
182494,210823,NULL
182495,210824,NULL
182496,210825,NULL
182497,210826,NULL
182498,210828,NULL
182499,210829,NULL
182500,210830,NULL
182501,210831,232451
182502,210832,NULL
182503,210833,NULL
182504,210834,NULL
182505,210835,NULL
182506,210836,NULL
182507,210837,NULL
182508,210838,233284
182509,210839,NULL
182510,210840,247423
182511,210842,NULL
182512,210843,NULL
182513,210844,NULL
182514,210845,NULL
182515,210847,235275
182516,210848,NULL
182517,210851,NULL
182518,210852,NULL
182519,210854,NULL
182520,210855,NULL
182521,210856,NULL
182522,210857,NULL
182523,210858,246521
182524,210859,NULL
182525,210860,NULL
182526,210861,NULL
182527,210862,NULL
182528,210864,218952
182528,210864,224957
182528,210864,240085
182529,210865,NULL
182530,210866,NULL
182531,210867,NULL
182532,210868,NULL
182533,210870,248032
182534,210871,NULL
182535,210872,NULL
182536,210873,NULL
182537,210874,NULL
182538,210875,NULL
182539,210876,NULL
182540,210877,NULL
182541,210878,NULL
182542,210880,NULL
182543,210881,NULL
182544,210882,NULL
182545,210883,NULL
182546,210884,NULL
182547,210885,NULL
182548,210886,NULL
182549,210887,NULL
182550,210888,NULL
182551,210891,NULL
182552,210892,NULL
182553,210893,249346
182553,210893,259137
182553,210893,271814
182554,210894,NULL
182555,210895,NULL
182556,210896,NULL
182557,210897,NULL
182558,210898,NULL
182559,210899,238419
182560,210900,NULL
182561,210901,NULL
182562,210902,NULL
182563,210904,NULL
182564,210905,NULL
182565,210906,245938
182566,210907,239690
182567,210908,NULL
182568,210910,NULL
182569,210911,NULL
182570,210912,NULL
182571,210914,NULL
182572,210915,240973
182573,210916,NULL
182574,210917,NULL
182575,210919,NULL
182576,210920,NULL
182577,210921,NULL
182578,210922,NULL
182579,210923,NULL
182580,210924,NULL
182581,210925,NULL
182582,210927,NULL
182583,210929,NULL
182584,210930,218719
182585,210931,NULL
182586,210932,NULL
182587,210933,NULL
182588,210934,NULL
182589,210935,NULL
182590,210937,NULL
182591,210938,NULL
182592,210939,NULL
182593,210940,NULL
182594,210941,NULL
182595,210942,NULL
182596,210943,229944
182597,210945,232147
182597,210945,236162
182597,210945,246350
182598,210946,NULL
182599,210947,NULL
182600,210949,NULL
182601,210950,237403
182602,210951,NULL
182603,210952,NULL
182604,210953,NULL
182605,210954,NULL
182606,210955,NULL
182607,210956,NULL
182608,210958,233373
182609,210959,NULL
182610,210960,230935
182611,210961,NULL
182612,210962,NULL
182613,210963,NULL
182614,210964,NULL
182615,210965,NULL
182616,210966,246653
182617,210968,NULL
182618,210969,225481
182619,210970,NULL
182620,210971,219393
182621,210972,NULL
182622,210973,NULL
182623,210974,NULL
182624,210977,NULL
182625,210978,NULL
182626,210979,NULL
182627,210980,NULL
182628,210981,218872
182629,210982,NULL
182630,210984,NULL
182631,210985,NULL
182632,210986,NULL
182633,210987,NULL
182634,210988,224663
182634,210988,228921
182634,210988,229702
182635,210989,NULL
182636,210990,NULL
182637,210991,NULL
182638,210993,NULL
182639,210994,231717
182640,210995,NULL
182641,210996,219183
182642,210997,NULL
182643,210998,NULL
182644,210999,248006
182645,211000,NULL
182646,211001,228540
182647,211003,NULL
182648,211004,NULL
182649,211005,NULL
182650,211006,223467
182650,211006,226285
182650,211006,235301
182651,211007,NULL
182652,211008,NULL
182653,211009,NULL
182654,211010,NULL
182655,211012,231380
182656,211016,246468
182656,211016,260497
182656,211016,272027
182657,211017,NULL
182658,211018,NULL
182659,211019,NULL
182660,211021,NULL
182661,211022,243057
182662,211024,NULL
182663,211025,NULL
182664,211027,NULL
182665,211028,NULL
182666,211029,NULL
182667,211030,NULL
182668,211031,NULL
182669,211032,NULL
182670,211033,NULL
182671,211034,NULL
182672,211035,NULL
182673,211036,NULL
182674,211037,NULL
182675,211038,NULL
182676,211039,NULL
182677,211040,NULL
182678,211041,NULL
182679,211042,NULL
182680,211043,NULL
182681,211045,NULL
182682,211047,NULL
182683,211051,NULL
182684,211052,NULL
182685,211053,247842
182686,211054,228986
182687,211056,234143
182688,211057,NULL
182689,211058,NULL
182690,211059,NULL
182691,211060,NULL
182692,211061,NULL
182693,211062,NULL
182694,211064,NULL
182695,211065,NULL
182696,211066,246379
182696,211066,253993
182696,211066,263745
182697,211068,226877
182698,211069,NULL
182699,211072,NULL
182700,211074,NULL
182701,211075,NULL
182702,211076,226328
182703,211077,NULL
182704,211078,NULL
182705,211079,226103
182706,211080,NULL
182707,211081,NULL
182708,211083,NULL
182709,211084,NULL
182710,211085,NULL
182711,211086,NULL
182712,211087,NULL
182713,211089,NULL
182714,211090,NULL
182715,211091,NULL
182716,211092,237212
182717,211093,NULL
182718,211094,NULL
182719,211095,NULL
182720,211098,NULL
182721,211099,NULL
182722,211100,NULL
182723,211101,222333
182724,211102,NULL
182725,211103,NULL
182726,211104,NULL
182727,211105,NULL
182728,211106,NULL
182729,211107,NULL
182730,211108,NULL
182731,211109,NULL
182732,211111,NULL
182733,211112,NULL
182734,211113,NULL
182735,211115,NULL
182736,211116,NULL
182737,211118,NULL
182738,211119,NULL
182739,211120,NULL
182740,211121,NULL
182741,211122,NULL
182742,211123,NULL
182743,211124,NULL
182744,211125,NULL
182745,211126,244509
182746,211128,NULL
182747,211131,NULL
182748,211132,NULL
182749,211133,NULL
182750,211134,NULL
182751,211135,NULL
182752,211136,NULL
182753,211138,NULL
182754,211139,NULL
182755,211140,NULL
182756,211141,NULL
182757,211142,NULL
182758,211143,NULL
182759,211144,NULL
182760,211147,NULL
182761,211148,NULL
182762,211149,NULL
182763,211150,223935
182764,211151,NULL
182765,211152,NULL
182766,211153,NULL
182767,211157,233392
182767,211157,247682
182767,211157,257317
182768,211158,247630
182769,211160,NULL
182770,211161,NULL
182771,211162,NULL
182772,211163,NULL
182773,211164,NULL
182774,211165,NULL
182775,211166,NULL
182776,211167,NULL
182777,211168,NULL
182778,211170,NULL
182779,211172,NULL
182780,211173,NULL
182781,211174,229979
182782,211176,NULL
182783,211179,NULL
182784,211180,NULL
182785,211181,NULL
182786,211182,NULL
182787,211183,NULL
182788,211184,NULL
182789,211185,NULL
182790,211186,NULL
182791,211187,NULL
182792,211188,NULL
182793,211189,NULL
182794,211190,NULL
182795,211191,NULL
182796,211192,NULL
182797,211194,NULL
182798,211195,NULL
182799,211196,NULL
182800,211197,234118
182801,211199,NULL
182802,211200,NULL
182803,211201,NULL
182804,211202,NULL
182805,211204,NULL
182806,211205,227582
182807,211206,NULL
182808,211208,NULL
182809,211209,NULL
182810,211210,NULL
182811,211211,216797
182811,211211,232443
182811,211211,238702
182812,211212,NULL
182813,211213,NULL
182814,211214,NULL
182815,211215,NULL
182816,211216,NULL
182817,211217,243420
182817,211217,247344
182817,211217,251569
182818,211218,NULL
182819,211219,NULL
182820,211220,231350
182821,211221,NULL
182822,211222,NULL
182823,211223,223416
182823,211223,226474
182823,211223,233162
182824,211224,NULL
182825,211225,245465
182825,211225,257049
182825,211225,266634
182826,211226,NULL
182827,211227,NULL
182828,211228,NULL
182829,211230,NULL
182830,211231,NULL
182831,211232,NULL
182832,211233,NULL
182833,211234,NULL
182834,211235,NULL
182835,211236,NULL
182836,211237,NULL
182837,211238,NULL
182838,211239,NULL
182839,211241,NULL
182840,211242,NULL
182841,211243,232469
182842,211244,NULL
182843,211247,NULL
182844,211248,NULL
182845,211249,NULL
182846,211250,NULL
182847,211251,NULL
182848,211252,NULL
182849,211253,NULL
182850,211254,NULL
182851,211255,NULL
182852,211258,NULL
182853,211259,NULL
182854,211260,NULL
182855,211261,215730
182856,211262,NULL
182857,211263,NULL
182858,211264,NULL
182859,211265,NULL
182860,211266,NULL
182861,211267,NULL
182862,211268,NULL
182863,211270,NULL
182864,211272,NULL
182865,211273,NULL
182866,211274,NULL
182867,211275,NULL
182868,211276,NULL
182869,211277,NULL
182870,211278,NULL
182871,211280,NULL
182872,211281,NULL
182873,211282,NULL
182874,211283,NULL
182875,211284,NULL
182876,211285,NULL
182877,211286,NULL
182878,211287,NULL
182879,211288,NULL
182880,211289,NULL
182881,211290,NULL
182882,211291,NULL
182883,211292,NULL
182884,211293,NULL
182885,211294,NULL
182886,211295,NULL
182887,211296,NULL
182888,211297,NULL
182889,211299,NULL
182890,211300,NULL
182891,211301,NULL
182892,211304,NULL
182893,211305,NULL
182894,211306,NULL
182895,211307,NULL
182896,211308,NULL
182897,211309,NULL
182898,211311,NULL
182899,211312,NULL
182900,211313,NULL
182901,211314,NULL
182902,211315,222317
182902,211315,225183
182902,211315,234464
182903,211316,226044
182904,211317,NULL
182905,211318,NULL
182906,211319,NULL
182907,211320,NULL
182908,211321,229971
182908,211321,235812
182908,211321,245097
182909,211322,NULL
182910,211323,NULL
182911,211324,NULL
182912,211325,236340
182912,211325,245513
182912,211325,259264
182913,211326,NULL
182914,211327,NULL
182915,211328,NULL
182916,211329,NULL
182917,211330,NULL
182918,211331,NULL
182919,211332,NULL
182920,211334,NULL
182921,211335,NULL
182922,211337,NULL
182923,211338,NULL
182924,211339,NULL
182925,211340,245192
182926,211341,NULL
182927,211342,NULL
182928,211343,NULL
182929,211346,NULL
182930,211347,222159
182931,211348,NULL
182932,211351,NULL
182933,211352,NULL
182934,211355,243854
182934,211355,249212
182934,211355,257135
182935,211356,NULL
182936,211357,NULL
182937,211358,NULL
182938,211359,NULL
182939,211360,NULL
182940,211362,235346
182941,211363,238380
182941,211363,244835
182941,211363,253293
182942,211364,NULL
182943,211366,NULL
182944,211367,NULL
182945,211368,NULL
182946,211369,NULL
182947,211370,NULL
182948,211371,NULL
182949,211372,NULL
182950,211373,NULL
182951,211374,NULL
182952,211375,NULL
182953,211376,NULL
182954,211377,NULL
182955,211379,NULL
182956,211380,NULL
182957,211381,NULL
182958,211382,NULL
182959,211383,NULL
182960,211384,NULL
182961,211385,NULL
182962,211386,NULL
182963,211387,NULL
182964,211388,220998
182965,211389,NULL
182966,211390,NULL
182967,211391,NULL
182968,211392,NULL
182969,211393,NULL
182970,211394,NULL
182971,211396,NULL
182972,211397,NULL
182973,211399,NULL
182974,211400,NULL
182975,211401,NULL
182976,211402,NULL
182977,211403,NULL
182978,211404,NULL
182979,211405,NULL
182980,211406,NULL
182981,211407,NULL
182982,211408,NULL
182983,211409,NULL
182984,211410,NULL
182985,211411,216380
182985,211411,218178
182985,211411,227246
182986,211413,NULL
182987,211414,NULL
182988,211415,NULL
182989,211416,NULL
182990,211419,NULL
182991,211420,236617
182992,211421,NULL
182993,211422,NULL
182994,211424,NULL
182995,211426,NULL
182996,211427,NULL
182997,211428,NULL
182998,211429,226725
182999,211430,NULL
183000,211431,249205
183000,211431,268210
183000,211431,278091
183001,211432,NULL
183002,211433,241541
183002,211433,264831
183002,211433,268247
183003,211434,NULL
183004,211435,NULL
183005,211436,NULL
183006,211438,NULL
183007,211439,NULL
183008,211440,NULL
183009,211441,230058
183010,211443,230181
183010,211443,247990
183010,211443,254044
183011,211444,NULL
183012,211445,NULL
183013,211446,NULL
183014,211447,NULL
183015,211448,NULL
183016,211449,NULL
183017,211450,NULL
183018,211451,220257
183019,211452,NULL
183020,211454,NULL
183021,211455,NULL
183022,211456,NULL
183023,211457,NULL
183024,211458,NULL
183025,211461,NULL
183026,211463,NULL
183027,211464,NULL
183028,211465,NULL
183029,211466,NULL
183030,211467,NULL
183031,211469,NULL
183032,211470,NULL
183033,211471,NULL
183034,211472,NULL
183035,211473,NULL
183036,211474,NULL
183037,211475,NULL
183038,211476,NULL
183039,211478,NULL
183040,211479,NULL
183041,211480,NULL
183042,211482,NULL
183043,211484,NULL
183044,211485,NULL
183045,211487,NULL
183046,211488,NULL
183047,211489,NULL
183048,211490,NULL
183049,211491,NULL
183050,211492,239693
183051,211493,NULL
183052,211494,NULL
183053,211495,NULL
183054,211496,NULL
183055,211497,230452
183056,211498,NULL
183057,211499,NULL
183058,211500,239783
183058,211500,250147
183058,211500,254066
183059,211501,NULL
183060,211503,NULL
183061,211504,NULL
183062,211505,NULL
183063,211508,NULL
183064,211509,NULL
183065,211511,NULL
183066,211512,NULL
183067,211513,NULL
183068,211514,NULL
183069,211515,NULL
183070,211516,NULL
183071,211517,220744
183071,211517,221475
183071,211517,229673
183072,211518,247216
183073,211519,NULL
183074,211520,NULL
183075,211521,NULL
183076,211522,NULL
183077,211523,NULL
183078,211524,NULL
183079,211526,NULL
183080,211528,NULL
183081,211529,NULL
183082,211530,NULL
183083,211531,NULL
183084,211532,NULL
183085,211533,NULL
183086,211534,NULL
183087,211535,NULL
183088,211536,NULL
183089,211537,NULL
183090,211538,NULL
183091,211539,NULL
183092,211540,NULL
183093,211541,NULL
183094,211542,NULL
183095,211543,NULL
183096,211545,NULL
183097,211546,NULL
183098,211547,NULL
183099,211548,NULL
183100,211549,NULL
183101,211550,NULL
183102,211551,NULL
183103,211554,NULL
183104,211555,NULL
183105,211556,NULL
183106,211557,NULL
183107,211558,222912
183107,211558,228718
183107,211558,233080
183108,211559,225511
183109,211560,NULL
183110,211561,NULL
183111,211562,NULL
183112,211564,NULL
183113,211565,NULL
183114,211566,NULL
183115,211567,NULL
183116,211568,NULL
183117,211569,215331
183118,211570,NULL
183119,211571,NULL
183120,211572,NULL
183121,211573,NULL
183122,211575,NULL
183123,211576,NULL
183124,211577,NULL
183125,211578,NULL
183126,211579,NULL
183127,211580,223008
183128,211581,NULL
183129,211582,NULL
183130,211583,NULL
183131,211584,NULL
183132,211585,NULL
183133,211586,NULL
183134,211587,NULL
183135,211588,NULL
183136,211589,NULL
183137,211592,NULL
183138,211593,242818
183139,211594,NULL
183140,211595,NULL
183141,211596,NULL
183142,211598,NULL
183143,211599,NULL
183144,211600,237194
183145,211602,NULL
183146,211603,NULL
183147,211604,NULL
183148,211605,NULL
183149,211606,239811
183150,211607,NULL
183151,211608,NULL
183152,211609,235978
183153,211610,NULL
183154,211613,NULL
183155,211614,NULL
183156,211615,NULL
183157,211617,NULL
183158,211619,216423
183159,211620,NULL
183160,211622,NULL
183161,211623,NULL
183162,211624,235076
183162,211624,245141
183162,211624,246019
183163,211625,NULL
183164,211626,NULL
183165,211627,242637
183166,211628,NULL
183167,211629,NULL
183168,211630,NULL
183169,211631,NULL
183170,211632,NULL
183171,211633,NULL
183172,211634,NULL
183173,211635,NULL
183174,211636,NULL
183175,211637,NULL
183176,211638,222798
183177,211639,NULL
183178,211640,NULL
183179,211641,NULL
183180,211642,NULL
183181,211643,NULL
183182,211644,NULL
183183,211645,NULL
183184,211646,NULL
183185,211647,NULL
183186,211648,NULL
183187,211649,NULL
183188,211650,NULL
183189,211653,NULL
183190,211654,NULL
183191,211655,NULL
183192,211656,NULL
183193,211657,NULL
183194,211658,NULL
183195,211659,NULL
183196,211661,NULL
183197,211662,NULL
183198,211663,NULL
183199,211664,219877
183200,211665,NULL
183201,211666,NULL
183202,211667,NULL
183203,211668,NULL
183204,211669,NULL
183205,211671,NULL
183206,211672,NULL
183207,211673,NULL
183208,211674,237423
183208,211674,250118
183208,211674,254923
183209,211675,NULL
183210,211677,233770
183211,211680,NULL
183212,211681,NULL
183213,211682,NULL
183214,211683,229687
183214,211683,249101
183214,211683,254150
183215,211684,NULL
183216,211685,NULL
183217,211686,NULL
183218,211687,NULL
183219,211688,216404
183220,211690,NULL
183221,211691,NULL
183222,211692,NULL
183223,211693,230502
183224,211694,NULL
183225,211695,NULL
183226,211697,NULL
183227,211698,NULL
183228,211699,NULL
183229,211700,NULL
183230,211701,NULL
183231,211702,220667
183232,211704,237303
183232,211704,257428
183232,211704,268159
183233,211705,NULL
183234,211706,NULL
183235,211707,NULL
183236,211708,NULL
183237,211709,NULL
183238,211710,NULL
183239,211711,NULL
183240,211712,NULL
183241,211713,NULL
183242,211714,NULL
183243,211716,NULL
183244,211717,NULL
183245,211718,NULL
183246,211719,NULL
183247,211720,234457
183248,211722,NULL
183249,211723,NULL
183250,211724,NULL
183251,211725,NULL
183252,211727,NULL
183253,211728,NULL
183254,211729,NULL
183255,211730,NULL
183256,211731,NULL
183257,211732,NULL
183258,211733,NULL
183259,211734,NULL
183260,211736,243756
183261,211737,NULL
183262,211738,NULL
183263,211739,NULL
183264,211740,NULL
183265,211741,232978
183265,211741,250394
183265,211741,262428
183266,211742,NULL
183267,211743,238646
183267,211743,242318
183267,211743,247621
183268,211744,NULL
183269,211745,NULL
183270,211746,NULL
183271,211748,NULL
183272,211749,NULL
183273,211751,NULL
183274,211752,NULL
183275,211755,NULL
183276,211756,NULL
183277,211757,235556
183278,211758,NULL
183279,211759,NULL
183280,211762,NULL
183281,211764,NULL
183282,211766,NULL
183283,211767,233332
183284,211768,NULL
183285,211769,NULL
183286,211770,NULL
183287,211771,NULL
183288,211772,NULL
183289,211774,NULL
183290,211775,NULL
183291,211776,NULL
183292,211777,NULL
183293,211778,NULL
183294,211779,NULL
183295,211780,NULL
183296,211781,NULL
183297,211782,NULL
183298,211783,NULL
183299,211784,NULL
183300,211785,245735
183301,211787,NULL
183302,211788,NULL
183303,211789,NULL
183304,211790,NULL
183305,211791,NULL
183306,211792,NULL
183307,211793,NULL
183308,211794,NULL
183309,211795,NULL
183310,211796,247684
183310,211796,258411
183310,211796,266241
183311,211797,NULL
183312,211798,NULL
183313,211799,NULL
183314,211800,NULL
183315,211802,NULL
183316,211803,NULL
183317,211804,244298
183318,211805,NULL
183319,211806,NULL
183320,211808,NULL
183321,211809,NULL
183322,211812,NULL
183323,211814,NULL
183324,211815,NULL
183325,211816,NULL
183326,211817,NULL
183327,211818,NULL
183328,211820,231216
183329,211822,NULL
183330,211823,NULL
183331,211824,NULL
183332,211825,NULL
183333,211826,239017
183333,211826,248107
183333,211826,253825
183334,211828,NULL
183335,211829,NULL
183336,211831,220276
183336,211831,229724
183336,211831,242992
183337,211833,NULL
183338,211834,NULL
183339,211835,NULL
183340,211836,NULL
183341,211837,NULL
183342,211838,NULL
183343,211839,242310
183344,211840,NULL
183345,211842,NULL
183346,211843,NULL
183347,211845,NULL
183348,211846,NULL
183349,211847,NULL
183350,211848,234298
183350,211848,252159
183350,211848,258714
183351,211849,NULL
183352,211850,NULL
183353,211851,222018
183354,211852,NULL
183355,211853,NULL
183356,211854,NULL
183357,211855,NULL
183358,211856,NULL
183359,211857,NULL
183360,211858,230685
183361,211859,NULL
183362,211860,NULL
183363,211861,NULL
183364,211862,NULL
183365,211863,NULL
183366,211864,NULL
183367,211865,NULL
183368,211866,NULL
183369,211867,NULL
183370,211868,NULL
183371,211870,NULL
183372,211871,NULL
183373,211872,NULL
183374,211874,NULL
183375,211876,NULL
183376,211878,NULL
183377,211879,242448
183378,211880,NULL
183379,211881,NULL
183380,211882,NULL
183381,211883,NULL
183382,211885,NULL
183383,211886,NULL
183384,211887,NULL
183385,211888,224868
183385,211888,228969
183385,211888,229302
183386,211889,NULL
183387,211890,NULL
183388,211891,NULL
183389,211892,226996
183390,211893,246894
183391,211894,NULL
183392,211896,219679
183393,211898,NULL
183394,211899,NULL
183395,211901,NULL
183396,211902,NULL
183397,211903,NULL
183398,211905,NULL
183399,211907,NULL
183400,211908,225405
183401,211909,NULL
183402,211911,NULL
183403,211912,NULL
183404,211914,NULL
183405,211915,NULL
183406,211916,236023
183407,211917,NULL
183408,211918,NULL
183409,211919,NULL
183410,211920,236428
183411,211921,NULL
183412,211922,NULL
183413,211924,243196
183414,211925,NULL
183415,211926,NULL
183416,211927,NULL
183417,211928,NULL
183418,211929,NULL
183419,211930,229380
183420,211931,NULL
183421,211932,NULL
183422,211933,NULL
183423,211935,NULL
183424,211936,NULL
183425,211937,NULL
183426,211939,NULL
183427,211940,NULL
183428,211942,NULL
183429,211944,NULL
183430,211945,NULL
183431,211946,NULL
183432,211947,NULL
183433,211948,NULL
183434,211949,NULL
183435,211950,236328
183436,211951,NULL
183437,211952,NULL
183438,211953,NULL
183439,211954,234108
183440,211956,NULL
183441,211957,239909
183441,211957,256994
183441,211957,257748
183442,211958,NULL
183443,211959,NULL
183444,211960,243996
183444,211960,246409
183444,211960,259562
183445,211961,NULL
183446,211962,NULL
183447,211963,NULL
183448,211964,NULL
183449,211965,NULL
183450,211966,241612
183451,211967,NULL
183452,211971,NULL
183453,211972,NULL
183454,211973,NULL
183455,211974,NULL
183456,211975,NULL
183457,211976,NULL
183458,211977,NULL
183459,211979,NULL
183460,211980,247381
183461,211981,NULL
183462,211982,NULL
183463,211983,214639
183463,211983,228861
183463,211983,232200
183464,211984,229046
183465,211985,NULL
183466,211986,NULL
183467,211988,NULL
183468,211990,218640
183469,211992,NULL
183470,211993,NULL
183471,211995,NULL
183472,211996,247006
183473,211997,NULL
183474,211998,NULL
183475,212000,NULL
183476,212001,NULL
183477,212002,NULL
183478,212003,NULL
183479,212004,NULL
183480,212005,NULL
183481,212006,NULL
183482,212008,NULL
183483,212009,NULL
183484,212010,NULL
183485,212011,NULL
183486,212012,NULL
183487,212013,NULL
183488,212014,217705
183489,212015,NULL
183490,212016,NULL
183491,212017,NULL
183492,212018,220759
183492,212018,236897
183492,212018,245264
183493,212019,NULL
183494,212020,NULL
183495,212021,NULL
183496,212022,NULL
183497,212023,223627
183497,212023,225568
183497,212023,231201
183498,212024,NULL
183499,212025,NULL
183500,212026,NULL
183501,212027,NULL
183502,212028,NULL
183503,212030,NULL
183504,212031,NULL
183505,212032,NULL
183506,212033,NULL
183507,212034,NULL
183508,212036,NULL
183509,212038,NULL
183510,212040,NULL
183511,212041,NULL
183512,212042,NULL
183513,212043,NULL
183514,212044,NULL
183515,212045,NULL
183516,212046,NULL
183517,212047,NULL
183518,212048,NULL
183519,212050,NULL
183520,212051,237329
183521,212052,NULL
183522,212054,NULL
183523,212055,NULL
183524,212058,NULL
183525,212059,NULL
183526,212061,NULL
183527,212062,NULL
183528,212063,NULL
183529,212064,NULL
183530,212065,NULL
183531,212066,244437
183532,212067,NULL
183533,212068,NULL
183534,212070,NULL
183535,212071,NULL
183536,212072,NULL
183537,212073,NULL
183538,212074,221333
183539,212075,215081
183539,212075,217867
183539,212075,221110
183540,212076,NULL
183541,212077,NULL
183542,212078,NULL
183543,212079,NULL
183544,212081,236074
183545,212082,NULL
183546,212083,NULL
183547,212085,NULL
183548,212088,NULL
183549,212089,NULL
183550,212090,NULL
183551,212092,NULL
183552,212093,NULL
183553,212094,NULL
183554,212095,215745
183555,212096,NULL
183556,212097,NULL
183557,212098,NULL
183558,212100,NULL
183559,212101,NULL
183560,212102,NULL
183561,212103,NULL
183562,212104,NULL
183563,212105,NULL
183564,212107,216256
183564,212107,236968
183564,212107,237877
183565,212108,231743
183566,212110,NULL
183567,212111,NULL
183568,212112,NULL
183569,212113,248127
183570,212114,NULL
183571,212116,230870
183572,212117,NULL
183573,212118,NULL
183574,212119,NULL
183575,212120,NULL
183576,212121,NULL
183577,212122,NULL
183578,212123,NULL
183579,212124,NULL
183580,212125,224311
183580,212125,232871
183580,212125,235993
183581,212126,NULL
183582,212127,NULL
183583,212128,224901
183583,212128,234886
183583,212128,246079
183584,212129,227131
183585,212130,NULL
183586,212131,NULL
183587,212132,231163
183588,212134,NULL
183589,212135,NULL
183590,212138,NULL
183591,212139,NULL
183592,212140,237330
183593,212141,NULL
183594,212142,NULL
183595,212143,NULL
183596,212144,245117
183597,212145,NULL
183598,212146,NULL
183599,212148,NULL
183600,212149,NULL
183601,212150,NULL
183602,212153,NULL
183603,212154,NULL
183604,212155,214492
183604,212155,219381
183604,212155,228692
183605,212156,NULL
183606,212157,NULL
183607,212158,NULL
183608,212159,NULL
183609,212161,NULL
183610,212165,NULL
183611,212166,NULL
183612,212167,239642
183612,212167,250906
183612,212167,255677
183613,212168,NULL
183614,212170,243263
183615,212171,NULL
183616,212172,NULL
183617,212173,NULL
183618,212174,NULL
183619,212175,NULL
183620,212176,NULL
183621,212177,237471
183621,212177,258688
183621,212177,269536
183622,212178,NULL
183623,212179,NULL
183624,212181,NULL
183625,212182,NULL
183626,212183,NULL
183627,212185,NULL
183628,212187,NULL
183629,212188,NULL
183630,212189,NULL
183631,212190,NULL
183632,212191,237371
183633,212192,215069
183633,212192,233993
183633,212192,248229
183634,212194,224577
183635,212195,222481
183636,212196,NULL
183637,212197,228092
183638,212198,NULL
183639,212201,NULL
183640,212202,NULL
183641,212205,NULL
183642,212206,NULL
183643,212207,NULL
183644,212208,223102
183644,212208,232274
183644,212208,239281
183645,212210,NULL
183646,212211,NULL
183647,212213,NULL
183648,212214,NULL
183649,212215,NULL
183650,212216,NULL
183651,212217,NULL
183652,212218,NULL
183653,212219,NULL
183654,212220,248793
183655,212222,NULL
183656,212223,NULL
183657,212224,NULL
183658,212225,NULL
183659,212228,NULL
183660,212229,NULL
183661,212230,NULL
183662,212232,217540
183663,212234,NULL
183664,212235,230988
183665,212236,NULL
183666,212237,NULL
183667,212238,NULL
183668,212239,NULL
183669,212240,237012
183670,212241,NULL
183671,212242,228293
183672,212243,NULL
183673,212245,NULL
183674,212246,NULL
183675,212247,NULL
183676,212248,NULL
183677,212249,NULL
183678,212250,NULL
183679,212251,NULL
183680,212252,NULL
183681,212253,NULL
183682,212254,NULL
183683,212255,NULL
183684,212257,NULL
183685,212258,NULL
183686,212260,NULL
183687,212261,NULL
183688,212262,NULL
183689,212264,NULL
183690,212266,NULL
183691,212267,NULL
183692,212268,NULL
183693,212269,NULL
183694,212270,243003
183694,212270,262226
183694,212270,276468
183695,212271,NULL
183696,212272,NULL
183697,212273,NULL
183698,212274,NULL
183699,212275,NULL
183700,212277,243206
183701,212278,NULL
183702,212279,228676
183703,212280,NULL
183704,212283,NULL
183705,212284,NULL
183706,212285,NULL
183707,212288,NULL
183708,212289,NULL
183709,212290,NULL
183710,212292,225147
183711,212293,230558
183711,212293,236227
183711,212293,248463
183712,212294,NULL
183713,212295,NULL
183714,212296,NULL
183715,212297,NULL
183716,212299,NULL
183717,212300,226924
183718,212301,NULL
183719,212302,NULL
183720,212303,NULL
183721,212304,NULL
183722,212306,245980
183723,212307,NULL
183724,212308,NULL
183725,212309,NULL
183726,212310,NULL
183727,212311,NULL
183728,212312,NULL
183729,212313,NULL
183730,212314,NULL
183731,212315,NULL
183732,212316,NULL
183733,212318,NULL
183734,212319,NULL
183735,212320,NULL
183736,212321,236767
183737,212322,NULL
183738,212323,NULL
183739,212324,NULL
183740,212325,228588
183741,212326,NULL
183742,212327,NULL
183743,212328,240869
183744,212329,NULL
183745,212330,NULL
183746,212331,NULL
183747,212332,237549
183748,212334,NULL
183749,212335,NULL
183750,212336,NULL
183751,212337,NULL
183752,212338,NULL
183753,212339,242461
183753,212339,253248
183753,212339,262198
183754,212340,NULL
183755,212343,NULL
183756,212344,NULL
183757,212345,NULL
183758,212346,229570
183759,212348,NULL
183760,212350,NULL
183761,212351,NULL
183762,212352,NULL
183763,212353,NULL
183764,212354,NULL
183765,212355,227929
183765,212355,243944
183765,212355,245746
183766,212359,NULL
183767,212360,NULL
183768,212361,NULL
183769,212363,NULL
183770,212365,NULL
183771,212366,NULL
183772,212367,NULL
183773,212370,NULL
183774,212371,221642
183774,212371,240805
183774,212371,243967
183775,212372,NULL
183776,212373,NULL
183777,212374,NULL
183778,212375,NULL
183779,212376,NULL
183780,212378,NULL
183781,212379,NULL
183782,212380,NULL
183783,212381,NULL
183784,212382,NULL
183785,212383,NULL
183786,212384,NULL
183787,212385,NULL
183788,212386,NULL
183789,212387,NULL
183790,212388,NULL
183791,212389,NULL
183792,212390,NULL
183793,212391,NULL
183794,212392,NULL
183795,212393,NULL
183796,212394,NULL
183797,212395,216106
183798,212397,NULL
183799,212398,NULL
183800,212401,NULL
183801,212403,NULL
183802,212404,215742
183802,212404,229295
183802,212404,237214
183803,212405,228940
183803,212405,236077
183803,212405,239495
183804,212406,NULL
183805,212407,NULL
183806,212408,NULL
183807,212409,NULL
183808,212411,NULL
183809,212412,247354
183810,212413,NULL
183811,212414,NULL
183812,212415,NULL
183813,212417,NULL
183814,212419,NULL
183815,212421,222894
183815,212421,240731
183815,212421,247708
183816,212422,NULL
183817,212423,NULL
183818,212424,NULL
183819,212425,NULL
183820,212427,NULL
183821,212428,247881
183821,212428,258037
183821,212428,272685
183822,212429,NULL
183823,212430,NULL
183824,212431,NULL
183825,212432,NULL
183826,212433,NULL
183827,212434,230302
183828,212435,NULL
183829,212436,NULL
183830,212437,241592
183831,212438,NULL
183832,212439,NULL
183833,212440,NULL
183834,212441,NULL
183835,212442,NULL
183836,212443,NULL
183837,212445,NULL
183838,212446,NULL
183839,212448,NULL
183840,212449,226552
183840,212449,246246
183840,212449,255424
183841,212450,NULL
183842,212451,NULL
183843,212452,NULL
183844,212453,227334
183844,212453,239916
183844,212453,253304
183845,212454,244423
183846,212457,219477
183847,212458,NULL
183848,212459,244619
183848,212459,249464
183848,212459,258135
183849,212460,NULL
183850,212461,NULL
183851,212462,NULL
183852,212465,NULL
183853,212466,227597
183854,212467,NULL
183855,212468,NULL
183856,212469,NULL
183857,212470,NULL
183858,212471,NULL
183859,212472,NULL
183860,212473,NULL
183861,212475,NULL
183862,212476,NULL
183863,212477,NULL
183864,212479,NULL
183865,212480,NULL
183866,212484,NULL
183867,212485,NULL
183868,212487,NULL
183869,212488,NULL
183870,212489,215218
183870,212489,224750
183870,212489,230333
183871,212490,NULL
183872,212491,242291
183872,212491,246810
183872,212491,252685
183873,212492,NULL
183874,212495,NULL
183875,212496,NULL
183876,212497,NULL
183877,212499,NULL
183878,212501,240447
183879,212502,224627
183880,212504,NULL
183881,212505,NULL
183882,212506,NULL
183883,212507,NULL
183884,212508,236034
183885,212509,NULL
183886,212510,NULL
183887,212511,NULL
183888,212512,NULL
183889,212514,NULL
183890,212515,220162
183890,212515,229916
183890,212515,234510
183891,212516,NULL
183892,212519,NULL
183893,212520,238467
183894,212521,NULL
183895,212522,NULL
183896,212523,NULL
183897,212524,NULL
183898,212526,NULL
183899,212527,NULL
183900,212528,NULL
183901,212529,NULL
183902,212530,NULL
183903,212531,NULL
183904,212532,NULL
183905,212533,NULL
183906,212534,NULL
183907,212535,NULL
183908,212536,NULL
183909,212537,NULL
183910,212539,NULL
183911,212540,NULL
183912,212541,234626
183912,212541,247122
183912,212541,253643
183913,212542,NULL
183914,212543,NULL
183915,212544,NULL
183916,212545,NULL
183917,212546,NULL
183918,212547,NULL
183919,212548,NULL
183920,212549,NULL
183921,212550,245055
183921,212550,254320
183921,212550,269496
183922,212551,NULL
183923,212552,246513
183924,212554,NULL
183925,212555,NULL
183926,212556,NULL
183927,212558,NULL
183928,212559,NULL
183929,212560,229497
183930,212561,NULL
183931,212562,NULL
183932,212563,NULL
183933,212564,NULL
183934,212565,NULL
183935,212567,NULL
183936,212568,NULL
183937,212569,NULL
183938,212570,NULL
183939,212571,NULL
183940,212572,220641
183940,212572,235457
183940,212572,242849
183941,212574,NULL
183942,212575,NULL
183943,212576,235221
183943,212576,256065
183943,212576,268991
183944,212577,NULL
183945,212579,NULL
183946,212580,NULL
183947,212581,NULL
183948,212582,NULL
183949,212583,NULL
183950,212584,NULL
183951,212585,NULL
183952,212586,NULL
183953,212588,NULL
183954,212589,NULL
183955,212590,NULL
183956,212591,NULL
183957,212592,NULL
183958,212593,NULL
183959,212594,NULL
183960,212595,NULL
183961,212596,NULL
183962,212598,NULL
183963,212599,NULL
183964,212600,NULL
183965,212601,NULL
183966,212602,NULL
183967,212603,NULL
183968,212604,NULL
183969,212606,NULL
183970,212608,NULL
183971,212609,NULL
183972,212610,NULL
183973,212611,NULL
183974,212612,NULL
183975,212614,NULL
183976,212615,NULL
183977,212616,NULL
183978,212617,NULL
183979,212618,NULL
183980,212619,NULL
183981,212620,NULL
183982,212621,NULL
183983,212623,NULL
183984,212624,226821
183985,212625,NULL
183986,212627,NULL
183987,212628,NULL
183988,212629,NULL
183989,212630,NULL
183990,212631,NULL
183991,212633,NULL
183992,212634,NULL
183993,212635,233225
183994,212636,NULL
183995,212637,NULL
183996,212639,NULL
183997,212641,NULL
183998,212642,235357
183998,212642,241514
183998,212642,248721
183999,212644,NULL
184000,212646,248031
184001,212647,NULL
184002,212649,NULL
184003,212650,NULL
184004,212651,NULL
184005,212652,NULL
184006,212653,NULL
184007,212654,NULL
184008,212655,248762
184009,212656,226346
184010,212657,247065
184010,212657,268814
184010,212657,278218
184011,212659,NULL
184012,212661,NULL
184013,212663,NULL
184014,212664,NULL
184015,212665,NULL
184016,212667,NULL
184017,212669,NULL
184018,212670,NULL
184019,212671,NULL
184020,212673,NULL
184021,212675,NULL
184022,212676,249360
184023,212677,NULL
184024,212678,NULL
184025,212679,NULL
184026,212680,NULL
184027,212681,214680
184027,212681,223823
184027,212681,228318
184028,212682,NULL
184029,212683,NULL
184030,212685,NULL
184031,212686,223803
184032,212687,NULL
184033,212688,NULL
184034,212689,NULL
184035,212690,NULL
184036,212691,235727
184037,212692,NULL
184038,212693,NULL
184039,212695,NULL
184040,212696,NULL
184041,212697,NULL
184042,212698,NULL
184043,212699,NULL
184044,212700,NULL
184045,212701,NULL
184046,212702,NULL
184047,212704,220084
184048,212707,NULL
184049,212709,NULL
184050,212710,NULL
184051,212711,NULL
184052,212712,NULL
184053,212713,NULL
184054,212714,NULL
184055,212715,NULL
184056,212716,NULL
184057,212718,NULL
184058,212719,NULL
184059,212720,NULL
184060,212721,NULL
184061,212723,242131
184061,212723,262069
184061,212723,278207
184062,212724,NULL
184063,212726,NULL
184064,212727,NULL
184065,212728,NULL
184066,212729,NULL
184067,212730,NULL
184068,212731,NULL
184069,212732,NULL
184070,212733,NULL
184071,212734,NULL
184072,212735,NULL
184073,212736,NULL
184074,212737,NULL
184075,212738,NULL
184076,212739,NULL
184077,212740,NULL
184078,212742,NULL
184079,212743,NULL
184080,212744,NULL
184081,212745,NULL
184082,212746,227742
184083,212747,NULL
184084,212748,NULL
184085,212749,NULL
184086,212751,NULL
184087,212752,NULL
184088,212753,NULL
184089,212754,NULL
184090,212755,NULL
184091,212756,239200
184092,212757,NULL
184093,212759,NULL
184094,212760,NULL
184095,212761,216769
184096,212762,NULL
184097,212763,234907
184097,212763,256412
184097,212763,261640
184098,212764,NULL
184099,212765,NULL
184100,212769,NULL
184101,212770,NULL
184102,212771,NULL
184103,212773,239195
184104,212774,249238
184104,212774,260743
184104,212774,273971
184105,212775,NULL
184106,212776,NULL
184107,212777,NULL
184108,212778,249307
184109,212779,NULL
184110,212780,NULL
184111,212781,NULL
184112,212782,NULL
184113,212783,NULL
184114,212784,232548
184115,212785,NULL
184116,212786,229327
184116,212786,238588
184116,212786,250756
184117,212787,NULL
184118,212788,NULL
184119,212789,NULL
184120,212790,NULL
184121,212791,NULL
184122,212793,NULL
184123,212794,NULL
184124,212795,NULL
184125,212798,NULL
184126,212799,248270
184126,212799,252167
184126,212799,259030
184127,212800,223213
184128,212801,NULL
184129,212802,220661
184130,212803,NULL
184131,212804,NULL
184132,212805,NULL
184133,212806,NULL
184134,212807,219882
184134,212807,223974
184134,212807,229026
184135,212808,NULL
184136,212811,NULL
184137,212812,NULL
184138,212813,NULL
184139,212815,NULL
184140,212816,NULL
184141,212817,NULL
184142,212818,NULL
184143,212820,234724
184143,212820,253031
184143,212820,255899
184144,212821,NULL
184145,212822,NULL
184146,212823,NULL
184147,212825,231091
184148,212826,NULL
184149,212827,226152
184150,212829,NULL
184151,212830,NULL
184152,212831,NULL
184153,212832,NULL
184154,212833,NULL
184155,212834,NULL
184156,212835,240852
184157,212836,NULL
184158,212837,NULL
184159,212838,243019
184159,212838,247743
184159,212838,261014
184160,212839,NULL
184161,212840,NULL
184162,212841,NULL
184163,212842,NULL
184164,212844,NULL
184165,212846,NULL
184166,212847,NULL
184167,212848,NULL
184168,212849,231852
184169,212850,NULL
184170,212851,NULL
184171,212852,NULL
184172,212853,222110
184172,212853,235702
184172,212853,241471
184173,212854,NULL
184174,212856,NULL
184175,212857,220911
184176,212858,224254
184176,212858,240440
184176,212858,247597
184177,212859,NULL
184178,212860,NULL
184179,212861,NULL
184180,212862,NULL
184181,212864,222593
184181,212864,239395
184181,212864,246097
184182,212865,NULL
184183,212866,NULL
184184,212867,NULL
184185,212868,NULL
184186,212869,NULL
184187,212870,NULL
184188,212871,222677
184189,212872,NULL
184190,212873,NULL
184191,212874,247101
184192,212876,235200
184193,212877,NULL
184194,212878,NULL
184195,212879,NULL
184196,212880,NULL
184197,212881,NULL
184198,212882,NULL
184199,212883,NULL
184200,212884,229532
184200,212884,234564
184200,212884,248391
184201,212885,NULL
184202,212886,NULL
184203,212887,NULL
184204,212888,NULL
184205,212889,NULL
184206,212890,NULL
184207,212891,NULL
184208,212892,NULL
184209,212893,NULL
184210,212894,NULL
184211,212895,248087
184212,212896,NULL
184213,212897,NULL
184214,212898,226269
184215,212899,NULL
184216,212900,NULL
184217,212901,NULL
184218,212902,NULL
184219,212903,NULL
184220,212904,217771
184221,212905,NULL
184222,212906,NULL
184223,212907,NULL
184224,212908,NULL
184225,212909,NULL
184226,212910,NULL
184227,212911,NULL
184228,212912,NULL
184229,212913,NULL
184230,212914,NULL
184231,212916,NULL
184232,212917,NULL
184233,212919,NULL
184234,212920,NULL
184235,212921,NULL
184236,212922,NULL
184237,212924,NULL
184238,212925,NULL
184239,212926,NULL
184240,212927,NULL
184241,212928,NULL
184242,212929,NULL
184243,212931,215392
184244,212932,NULL
184245,212933,NULL
184246,212934,222319
184247,212935,NULL
184248,212936,NULL
184249,212937,NULL
184250,212938,218831
184250,212938,228276
184250,212938,232291
184251,212939,NULL
184252,212940,NULL
184253,212941,NULL
184254,212943,NULL
184255,212944,NULL
184256,212945,NULL
184257,212946,NULL
184258,212947,NULL
184259,212948,NULL
184260,212949,NULL
184261,212950,NULL
184262,212951,NULL
184263,212952,NULL
184264,212953,NULL
184265,212956,NULL
184266,212957,NULL
184267,212958,NULL
184268,212959,NULL
184269,212960,NULL
184270,212961,NULL
184271,212962,NULL
184272,212963,NULL
184273,212964,NULL
184274,212965,NULL
184275,212966,NULL
184276,212967,NULL
184277,212968,NULL
184278,212969,NULL
184279,212970,NULL
184280,212971,NULL
184281,212973,NULL
184282,212974,224636
184282,212974,225548
184282,212974,236002
184283,212975,NULL
184284,212976,NULL
184285,212977,NULL
184286,212978,NULL
184287,212979,NULL
184288,212980,227399
184289,212981,NULL
184290,212982,NULL
184291,212983,NULL
184292,212984,NULL
184293,212986,NULL
184294,212988,NULL
184295,212989,NULL
184296,212990,NULL
184297,212991,NULL
184298,212994,NULL
184299,212995,NULL
184300,212996,247199
184301,212997,NULL
184302,212998,NULL
184303,212999,235091
184304,213001,NULL
184305,213003,NULL
184306,213004,NULL
184307,213005,NULL
184308,213006,NULL
184309,213007,NULL
184310,213009,NULL
184311,213010,NULL
184312,213011,NULL
184313,213012,NULL
184314,213013,NULL
184315,213014,NULL
184316,213015,NULL
184317,213016,NULL
184318,213017,NULL
184319,213018,NULL
184320,213020,NULL
184321,213021,NULL
184322,213022,NULL
184323,213023,NULL
184324,213024,NULL
184325,213025,NULL
184326,213026,240907
184327,213027,NULL
184328,213028,NULL
184329,213029,NULL
184330,213030,NULL
184331,213031,NULL
184332,213032,242240
184332,213032,254854
184332,213032,258911
184333,213035,NULL
184334,213036,234387
184335,213037,NULL
184336,213038,NULL
184337,213039,NULL
184338,213040,NULL
184339,213041,NULL
184340,213042,NULL
184341,213043,NULL
184342,213045,NULL
184343,213046,NULL
184344,213047,NULL
184345,213048,NULL
184346,213049,NULL
184347,213051,NULL
184348,213053,NULL
184349,213054,NULL
184350,213055,NULL
184351,213056,NULL
184352,213057,NULL
184353,213058,NULL
184354,213061,NULL
184355,213062,243050
184356,213064,NULL
184357,213065,NULL
184358,213066,NULL
184359,213067,NULL
184360,213068,NULL
184361,213069,NULL
184362,213070,NULL
184363,213071,246529
184363,213071,259360
184363,213071,266097
184364,213072,NULL
184365,213073,NULL
184366,213074,NULL
184367,213075,NULL
184368,213076,NULL
184369,213077,NULL
184370,213078,239238
184371,213079,239233
184372,213081,NULL
184373,213082,NULL
184374,213083,NULL
184375,213084,NULL
184376,213085,NULL
184377,213086,NULL
184378,213087,NULL
184379,213088,NULL
184380,213091,NULL
184381,213092,NULL
184382,213093,NULL
184383,213094,231556
184383,213094,239727
184383,213094,248147
184384,213096,NULL
184385,213097,239600
184386,213098,NULL
184387,213099,NULL
184388,213100,NULL
184389,213101,NULL
184390,213102,241315
184390,213102,254995
184390,213102,263528
184391,213103,NULL
184392,213104,NULL
184393,213105,NULL
184394,213106,NULL
184395,213107,NULL
184396,213108,NULL
184397,213109,NULL
184398,213110,NULL
184399,213111,242682
184400,213112,NULL
184401,213113,NULL
184402,213114,NULL
184403,213116,NULL
184404,213117,NULL
184405,213118,NULL
184406,213120,218621
184407,213121,NULL
184408,213123,NULL
184409,213124,225712
184409,213124,240451
184409,213124,252590
184410,213125,NULL
184411,213126,NULL
184412,213127,NULL
184413,213128,NULL
184414,213130,NULL
184415,213131,NULL
184416,213133,NULL
184417,213134,NULL
184418,213135,NULL
184419,213136,NULL
184420,213137,241941
184421,213138,NULL
184422,213139,NULL
184423,213140,NULL
184424,213141,NULL
184425,213142,NULL
184426,213145,NULL
184427,213146,NULL
184428,213147,NULL
184429,213148,215120
184429,213148,219165
184429,213148,229029
184430,213149,NULL
184431,213150,NULL
184432,213151,NULL
184433,213152,NULL
184434,213153,NULL
184435,213155,NULL
184436,213156,NULL
184437,213157,NULL
184438,213159,NULL
184439,213160,NULL
184440,213161,NULL
184441,213162,NULL
184442,213163,NULL
184443,213165,NULL
184444,213166,NULL
184445,213167,NULL
184446,213168,NULL
184447,213169,NULL
184448,213170,244454
184448,213170,262224
184448,213170,269900
184449,213171,NULL
184450,213172,NULL
184451,213173,238389
184452,213175,NULL
184453,213176,NULL
184454,213177,218935
184454,213177,228553
184454,213177,229431
184455,213179,NULL
184456,213180,NULL
184457,213181,NULL
184458,213182,NULL
184459,213184,NULL
184460,213185,NULL
184461,213186,NULL
184462,213188,NULL
184463,213189,NULL
184464,213190,NULL
184465,213191,NULL
184466,213192,237871
184467,213193,NULL
184468,213195,NULL
184469,213196,NULL
184470,213197,233264
184471,213198,NULL
184472,213199,NULL
184473,213200,NULL
184474,213201,NULL
184475,213203,NULL
184476,213204,NULL
184477,213207,NULL
184478,213208,218035
184479,213209,NULL
184480,213210,NULL
184481,213211,NULL
184482,213212,NULL
184483,213213,NULL
184484,213214,NULL
184485,213215,NULL
184486,213216,NULL
184487,213217,NULL
184488,213218,NULL
184489,213220,NULL
184490,213221,NULL
184491,213222,220938
184492,213223,NULL
184493,213224,NULL
184494,213226,NULL
184495,213227,NULL
184496,213229,NULL
184497,213230,247164
184498,213231,NULL
184499,213233,232524
184499,213233,237365
184499,213233,248498
184500,213234,NULL
184501,213235,NULL
184502,213236,240582
184502,213236,258331
184502,213236,263049
184503,213237,NULL
184504,213238,NULL
184505,213240,NULL
184506,213241,NULL
184507,213242,NULL
184508,213243,NULL
184509,213244,NULL
184510,213245,238141
184511,213246,226580
184511,213246,242410
184511,213246,246017
184512,213247,NULL
184513,213248,NULL
184514,213249,NULL
184515,213250,NULL
184516,213253,NULL
184517,213254,NULL
184518,213255,NULL
184519,213256,NULL
184520,213257,NULL
184521,213258,216117
184522,213260,NULL
184523,213261,NULL
184524,213262,NULL
184525,213263,NULL
184526,213264,225340
184527,213265,NULL
184528,213267,216451
184529,213268,237590
184530,213269,NULL
184531,213270,NULL
184532,213271,NULL
184533,213272,NULL
184534,213273,NULL
184535,213274,NULL
184536,213275,NULL
184537,213276,NULL
184538,213277,NULL
184539,213278,NULL
184540,213279,NULL
184541,213280,NULL
184542,213281,NULL
184543,213282,NULL
184544,213283,NULL
184545,213284,NULL
184546,213286,NULL
184547,213287,NULL
184548,213289,NULL
184549,213291,NULL
184550,213292,247942
184551,213293,NULL
184552,213294,NULL
184553,213295,NULL
184554,213296,NULL
184555,213297,NULL
184556,213298,NULL
184557,213299,NULL
184558,213301,NULL
184559,213303,NULL
184560,213304,NULL
184561,213305,NULL
184562,213307,NULL
184563,213308,NULL
184564,213309,NULL
184565,213310,249177
184566,213311,NULL
184567,213312,NULL
184568,213313,NULL
184569,213315,NULL
184570,213316,NULL
184571,213317,NULL
184572,213318,237106
184572,213318,254182
184572,213318,264674
184573,213319,NULL
184574,213320,NULL
184575,213321,NULL
184576,213322,NULL
184577,213323,NULL
184578,213324,NULL
184579,213325,NULL
184580,213327,NULL
184581,213328,NULL
184582,213329,NULL
184583,213330,NULL
184584,213331,NULL
184585,213332,NULL
184586,213333,NULL
184587,213334,239137
184588,213337,NULL
184589,213340,NULL
184590,213341,NULL
184591,213342,NULL
184592,213343,NULL
184593,213344,NULL
184594,213345,NULL
184595,213346,NULL
184596,213347,NULL
184597,213348,NULL
184598,213349,NULL
184599,213350,NULL
184600,213351,NULL
184601,213353,NULL
184602,213355,NULL
184603,213357,NULL
184604,213358,NULL
184605,213359,NULL
184606,213360,232057
184607,213361,NULL
184608,213362,NULL
184609,213363,NULL
184610,213364,NULL
184611,213365,NULL
184612,213366,NULL
184613,213367,NULL
184614,213368,NULL
184615,213369,NULL
184616,213371,NULL
184617,213372,218380
184618,213374,NULL
184619,213375,NULL
184620,213376,NULL
184621,213377,NULL
184622,213378,243480
184623,213379,NULL
184624,213380,231010
184625,213381,NULL
184626,213382,NULL
184627,213383,NULL
184628,213384,NULL
184629,213385,NULL
184630,213387,NULL
184631,213388,NULL
184632,213389,NULL
184633,213390,NULL
184634,213391,240533
184634,213391,252002
184634,213391,265013
184635,213392,227133
184636,213393,NULL
184637,213395,NULL
184638,213396,NULL
184639,213397,NULL
184640,213398,NULL
184641,213399,NULL
184642,213400,NULL
184643,213401,226675
184643,213401,236072
184643,213401,243300
184644,213403,NULL
184645,213404,NULL
184646,213406,NULL
184647,213407,NULL
184648,213408,NULL
184649,213409,NULL
184650,213410,NULL
184651,213411,NULL
184652,213412,NULL
184653,213413,NULL
184654,213414,NULL
184655,213415,NULL
184656,213416,243299
184656,213416,261977
184656,213416,278223
184657,213418,NULL
184658,213419,NULL
184659,213421,NULL
184660,213422,NULL
184661,213423,NULL
184662,213424,NULL
184663,213425,NULL
184664,213426,NULL
184665,213427,NULL
184666,213428,NULL
184667,213432,NULL
184668,213433,NULL
184669,213434,NULL
184670,213435,NULL
184671,213436,NULL
184672,213437,NULL
184673,213438,NULL
184674,213439,216457
184675,213440,NULL
184676,213441,NULL
184677,213442,NULL
184678,213443,NULL
184679,213444,NULL
184680,213446,217784
184681,213447,NULL
184682,213448,NULL
184683,213449,NULL
184684,213450,NULL
184685,213451,NULL
184686,213454,NULL
184687,213455,NULL
184688,213456,NULL
184689,213457,NULL
184690,213459,NULL
184691,213460,NULL
184692,213461,NULL
184693,213462,NULL
184694,213464,NULL
184695,213465,NULL
184696,213466,NULL
184697,213468,NULL
184698,213469,215481
184699,213472,NULL
184700,213473,NULL
184701,213474,NULL
184702,213475,NULL
184703,213476,NULL
184704,213477,NULL
184705,213478,NULL
184706,213479,NULL
184707,213480,NULL
184708,213481,NULL
184709,213482,214880
184710,213483,227330
184710,213483,243810
184710,213483,250295
184711,213484,216326
184712,213485,NULL
184713,213487,227657
184714,213488,NULL
184715,213489,NULL
184716,213490,NULL
184717,213491,NULL
184718,213492,NULL
184719,213493,NULL
184720,213494,NULL
184721,213495,NULL
184722,213496,220167
184723,213497,NULL
184724,213498,NULL
184725,213499,NULL
184726,213501,NULL
184727,213502,220714
184728,213503,NULL
184729,213505,NULL
184730,213506,NULL
184731,213507,NULL
184732,213508,NULL
184733,213509,NULL
184734,213510,227196
184735,213513,226176
184736,213514,NULL
184737,213516,NULL
184738,213517,NULL
184739,213520,NULL
184740,213521,NULL
184741,213522,NULL
184742,213523,NULL
184743,213524,NULL
184744,213525,NULL
184745,213526,NULL
184746,213527,NULL
184747,213528,NULL
184748,213529,NULL
184749,213530,NULL
184750,213531,245144
184751,213533,NULL
184752,213534,NULL
184753,213535,NULL
184754,213537,NULL
184755,213538,NULL
184756,213540,NULL
184757,213541,215860
184757,213541,235662
184757,213541,244772
184758,213542,NULL
184759,213544,NULL
184760,213545,NULL
184761,213546,237701
184761,213546,257192
184761,213546,263242
184762,213547,NULL
184763,213548,NULL
184764,213549,218611
184765,213550,219154
184766,213552,NULL
184767,213553,NULL
184768,213554,NULL
184769,213555,NULL
184770,213556,NULL
184771,213557,NULL
184772,213558,228146
184772,213558,241702
184772,213558,246540
184773,213559,NULL
184774,213560,NULL
184775,213562,NULL
184776,213564,239967
184777,213565,NULL
184778,213566,NULL
184779,213567,245017
184780,213568,NULL
184781,213569,NULL
184782,213570,248453
184783,213571,NULL
184784,213572,246850
184785,213573,NULL
184786,213575,222968
184787,213576,230834
184788,213577,233346
184789,213578,NULL
184790,213579,NULL
184791,213580,218830
184791,213580,240706
184791,213580,245577
184792,213581,NULL
184793,213582,246758
184794,213583,NULL
184795,213586,NULL
184796,213587,NULL
184797,213588,NULL
184798,213590,NULL
184799,213592,NULL
184800,213593,NULL
184801,213594,NULL
184802,213595,235976
184803,213597,227333
184804,213598,NULL
184805,213599,NULL
184806,213600,222185
184806,213600,244139
184806,213600,254197
184807,213601,NULL
184808,213602,215556
184809,213603,NULL
184810,213604,NULL
184811,213605,NULL
184812,213606,NULL
184813,213607,NULL
184814,213609,NULL
184815,213610,223448
184815,213610,225945
184815,213610,234771
184816,213611,243942
184816,213611,251963
184816,213611,256212
184817,213612,NULL
184818,213613,236221
184819,213614,NULL
184820,213615,NULL
184821,213616,NULL
184822,213619,225197
184822,213619,232849
184822,213619,235817
184823,213621,NULL
184824,213622,NULL
184825,213623,NULL
184826,213624,214538
184827,213625,NULL
184828,213626,NULL
184829,213627,NULL
184830,213628,NULL
184831,213629,NULL
184832,213630,NULL
184833,213631,NULL
184834,213632,NULL
184835,213633,NULL
184836,213634,NULL
184837,213635,NULL
184838,213639,NULL
184839,213640,NULL
184840,213641,NULL
184841,213643,NULL
184842,213644,NULL
184843,213645,NULL
184844,213647,NULL
184845,213648,NULL
184846,213649,NULL
184847,213650,NULL
184848,213651,221198
184849,213652,NULL
184850,213653,NULL
184851,213656,NULL
184852,213657,NULL
184853,213658,NULL
184854,213659,NULL
184855,213660,NULL
184856,213662,NULL
184857,213664,NULL
184858,213665,NULL
184859,213666,NULL
184860,213667,NULL
184861,213668,NULL
184862,213669,NULL
184863,213670,NULL
184864,213671,NULL
184865,213672,NULL
184866,213673,NULL
184867,213674,NULL
184868,213675,NULL
184869,213677,NULL
184870,213678,NULL
184871,213679,NULL
184872,213680,224024
184872,213680,241828
184872,213680,248844
184873,213682,NULL
184874,213683,NULL
184875,213684,NULL
184876,213685,NULL
184877,213687,NULL
184878,213688,NULL
184879,213689,222074
184880,213690,NULL
184881,213691,NULL
184882,213692,240292
184882,213692,242864
184882,213692,249080
184883,213694,NULL
184884,213695,NULL
184885,213698,NULL
184886,213699,NULL
184887,213700,228999
184888,213701,NULL
184889,213702,NULL
184890,213703,NULL
184891,213705,NULL
184892,213706,217740
184892,213706,222276
184892,213706,226300
184893,213707,NULL
184894,213708,NULL
184895,213710,NULL
184896,213712,NULL
184897,213713,NULL
184898,213714,NULL
184899,213715,NULL
184900,213716,NULL
184901,213717,NULL
184902,213719,NULL
184903,213722,NULL
184904,213723,NULL
184905,213724,233083
184906,213728,NULL
184907,213730,NULL
184908,213732,NULL
184909,213733,NULL
184910,213734,NULL
184911,213735,NULL
184912,213736,NULL
184913,213737,245818
184913,213737,253739
184913,213737,262496
184914,213738,NULL
184915,213739,NULL
184916,213740,NULL
184917,213741,NULL
184918,213742,NULL
184919,213744,NULL
184920,213745,NULL
184921,213746,NULL
184922,213747,232551
184923,213749,NULL
184924,213750,227391
184925,213753,NULL
184926,213754,NULL
184927,213755,NULL
184928,213756,NULL
184929,213757,231333
184930,213759,NULL
184931,213760,NULL
184932,213761,246770
184933,213762,NULL
184934,213763,NULL
184935,213764,NULL
184936,213765,NULL
184937,213766,NULL
184938,213767,NULL
184939,213769,NULL
184940,213770,NULL
184941,213771,NULL
184942,213772,NULL
184943,213775,NULL
184944,213777,NULL
184945,213778,NULL
184946,213779,NULL
184947,213780,NULL
184948,213781,236087
184949,213783,NULL
184950,213785,NULL
184951,213787,NULL
184952,213788,NULL
184953,213789,NULL
184954,213790,NULL
184955,213792,NULL
184956,213793,NULL
184957,213794,NULL
184958,213795,NULL
184959,213796,NULL
184960,213798,NULL
184961,213800,NULL
184962,213801,NULL
184963,213802,NULL
184964,213803,NULL
184965,213804,NULL
184966,213805,NULL
184967,213809,NULL
184968,213810,NULL
184969,213811,228700
184970,213812,NULL
184971,213813,NULL
184972,213814,NULL
184973,213815,NULL
184974,213816,231886
184975,213818,NULL
184976,213819,NULL
184977,213821,NULL
184978,213822,219521
184979,213823,NULL
184980,213824,NULL
184981,213825,NULL
184982,213826,238089
184983,213827,NULL
184984,213828,NULL
184985,213829,NULL
184986,213830,NULL
184987,213831,230594
184987,213831,239611
184987,213831,252274
184988,213832,NULL
184989,213833,NULL
184990,213834,239161
184990,213834,241118
184990,213834,256223
184991,213835,234342
184992,213836,NULL
184993,213837,NULL
184994,213838,NULL
184995,213839,NULL
184996,213840,NULL
184997,213841,NULL
184998,213842,NULL
184999,213843,NULL
185000,213844,NULL
185001,213845,NULL
185002,213847,NULL
185003,213849,NULL
185004,213850,NULL
185005,213851,NULL
185006,213852,NULL
185007,213853,NULL
185008,213854,241536
185008,213854,262562
185008,213854,273869
185009,213855,NULL
185010,213857,NULL
185011,213859,NULL
185012,213860,NULL
185013,213861,NULL
185014,213862,NULL
185015,213863,227923
185016,213864,NULL
185017,213865,233773
185018,213866,226266
185019,213867,NULL
185020,213868,NULL
185021,213869,NULL
185022,213870,NULL
185023,213871,NULL
185024,213872,NULL
185025,213874,NULL
185026,213875,215678
185026,213875,223929
185026,213875,232315
185027,213876,NULL
185028,213879,NULL
185029,213882,224648
185030,213883,NULL
185031,213885,NULL
185032,213888,216792
185033,213889,221980
185033,213889,233131
185033,213889,241499
185034,213890,NULL
185035,213891,NULL
185036,213892,NULL
185037,213893,NULL
185038,213894,NULL
185039,213895,NULL
185040,213897,241615
185041,213898,NULL
185042,213899,NULL
185043,213901,NULL
185044,213902,NULL
185045,213903,NULL
185046,213904,NULL
185047,213905,217225
185047,213905,217950
185047,213905,223904
185048,213906,NULL
185049,213907,NULL
185050,213908,NULL
185051,213909,240323
185052,213910,NULL
185053,213912,NULL
185054,213913,NULL
185055,213915,NULL
185056,213916,246455
185056,213916,260341
185056,213916,263061
185057,213917,214585
185058,213918,NULL
185059,213919,NULL
185060,213920,NULL
185061,213921,NULL
185062,213924,NULL
185063,213926,NULL
185064,213927,NULL
185065,213928,NULL
185066,213929,231466
185067,213930,NULL
185068,213932,NULL
185069,213933,NULL
185070,213934,NULL
185071,213935,NULL
185072,213936,222925
185072,213936,230072
185072,213936,242927
185073,213937,NULL
185074,213940,NULL
185075,213941,NULL
185076,213942,NULL
185077,213943,NULL
185078,213944,NULL
185079,213945,NULL
185080,213946,NULL
185081,213947,NULL
185082,213948,NULL
185083,213951,NULL
185084,213952,230612
185085,213953,248884
185086,213954,NULL
185087,213957,NULL
185088,213958,233213
185089,213959,NULL
185090,213960,NULL
185091,213961,NULL
185092,213962,NULL
185093,213963,NULL
185094,213964,222163
185095,213965,NULL
185096,213966,NULL
185097,213968,NULL
185098,213970,NULL
185099,213971,NULL
185100,213972,NULL
185101,213973,NULL
185102,213974,NULL
185103,213976,NULL
185104,213978,NULL
185105,213979,217794
185106,213980,246313
185107,213981,NULL
185108,213983,237899
185109,213985,NULL
185110,213988,NULL
185111,213989,NULL
185112,213990,NULL
185113,213991,NULL
185114,213992,217943
185115,213993,NULL
185116,213994,NULL
185117,213995,NULL
185118,213996,NULL
185119,213997,NULL
185120,213998,243961
185120,213998,253411
185120,213998,259699
185121,213999,NULL
185122,214000,NULL
185123,214001,NULL
185124,214004,240502
185124,214004,257602
185124,214004,273257
185125,214005,NULL
185126,214006,NULL
185127,214008,NULL
185128,214009,NULL
185129,214010,NULL
185130,214011,NULL
185131,214012,NULL
185132,214014,NULL
185133,214015,NULL
185134,214016,NULL
185135,214017,NULL
185136,214018,244821
185136,214018,260212
185136,214018,263715
185137,214019,NULL
185138,214020,NULL
185139,214021,NULL
185140,214022,NULL
185141,214023,NULL
185142,214027,NULL
185143,214028,NULL
185144,214029,NULL
185145,214030,NULL
185146,214031,NULL
185147,214032,NULL
185148,214033,NULL
185149,214034,NULL
185150,214035,NULL
185151,214037,NULL
185152,214038,NULL
185153,214039,218865
185154,214040,NULL
185155,214042,NULL
185156,214043,NULL
185157,214044,NULL
185158,214045,NULL
185159,214046,NULL
185160,214047,NULL
185161,214048,NULL
185162,214049,NULL
185163,214051,NULL
185164,214052,NULL
185165,214053,NULL
185166,214055,NULL
185167,214056,NULL
185168,214057,NULL
185169,214058,NULL
185170,214059,NULL
185171,214060,NULL
185172,214061,NULL
185173,214062,NULL
185174,214063,NULL
185175,214064,NULL
185176,214065,NULL
185177,214066,NULL
185178,214067,NULL
185179,214068,NULL
185180,214069,NULL
185181,214072,230425
185182,214073,NULL
185183,214074,NULL
185184,214075,NULL
185185,214076,NULL
185186,214077,NULL
185187,214078,NULL
185188,214079,NULL
185189,214080,NULL
185190,214081,NULL
185191,214082,NULL
185192,214083,NULL
185193,214085,NULL
185194,214086,NULL
185195,214087,NULL
185196,214088,NULL
185197,214089,NULL
185198,214090,NULL
185199,214091,242610
185200,214092,NULL
185201,214094,NULL
185202,214095,NULL
185203,214096,NULL
185204,214098,NULL
185205,214099,NULL
185206,214100,NULL
185207,214101,NULL
185208,214102,NULL
185209,214103,NULL
185210,214104,243593
185211,214105,NULL
185212,214107,NULL
185213,214108,NULL
185214,214109,NULL
185215,214110,NULL
185216,214111,NULL
185217,214112,NULL
185218,214113,NULL
185219,214114,NULL
185220,214115,NULL
185221,214117,NULL
185222,214118,NULL
185223,214119,NULL
185224,214120,NULL
185225,214121,NULL
185226,214122,NULL
185227,214125,NULL
185228,214126,NULL
185229,214127,NULL
185230,214128,NULL
185231,214129,NULL
185232,214131,216184
185233,214132,NULL
185234,214133,NULL
185235,214134,NULL
185236,214135,NULL
185237,214136,NULL
185238,214137,NULL
185239,214138,NULL
185240,214139,NULL
185241,214141,217065
185241,214141,228751
185241,214141,238422
185242,214142,229822
185242,214142,246879
185242,214142,257395
185243,214146,NULL
185244,214147,NULL
185245,214148,NULL
185246,214149,NULL
185247,214150,NULL
185248,214151,239328
185249,214152,NULL
185250,214153,NULL
185251,214154,NULL
185252,214155,NULL
185253,214157,239786
185254,214158,227336
185255,214159,NULL
185256,214160,NULL
185257,214161,NULL
185258,214162,NULL
185259,214163,234227
185260,214164,246592
185261,214165,NULL
185262,214167,NULL
185263,214169,230240
185263,214169,246633
185263,214169,257191
185264,214171,NULL
185265,214173,NULL
185266,214174,NULL
185267,214175,NULL
185268,214176,NULL
185269,214177,226614
185270,214178,244333
185271,214179,NULL
185272,214181,NULL
185273,214182,NULL
185274,214183,215300
185274,214183,220766
185274,214183,226073
185275,214184,NULL
185276,214185,NULL
185277,214186,NULL
185278,214187,NULL
185279,214190,NULL
185280,214191,NULL
185281,214193,NULL
185282,214194,NULL
185283,214195,NULL
185284,214196,NULL
185285,214197,227693
185286,214198,NULL
185287,214199,240965
185288,214200,NULL
185289,214201,NULL
185290,214202,NULL
185291,214205,NULL
185292,214206,216409
185293,214207,NULL
185294,214208,NULL
185295,214210,NULL
185296,214211,NULL
185297,214212,NULL
185298,214213,NULL
185299,214214,NULL
185300,214215,NULL
185301,214216,NULL
185302,214217,NULL
185303,214218,NULL
185304,214219,NULL
185305,214220,NULL
185306,214222,NULL
185307,214223,NULL
185308,214224,214580
185309,214225,NULL
185310,214226,NULL
185311,214227,NULL
185312,214228,NULL
185313,214229,NULL
185314,214230,NULL
185315,214231,NULL
185316,214232,NULL
185317,214233,NULL
185318,214235,NULL
185319,214236,NULL
185320,214237,NULL
185321,214238,222599
185321,214238,229234
185321,214238,243235
185322,214239,NULL
185323,214242,NULL
185324,214243,NULL
185325,214244,NULL
185326,214245,NULL
185327,214246,NULL
185328,214247,242532
185329,214248,NULL
185330,214249,NULL
185331,214250,NULL
185332,214251,236208
185332,214251,250456
185332,214251,257717
185333,214252,NULL
185334,214253,NULL
185335,214255,NULL
185336,214256,NULL
185337,214257,235042
185338,214258,NULL
185339,214259,NULL
185340,214260,NULL
185341,214261,NULL
185342,214263,NULL
185343,214264,NULL
185344,214265,NULL
185345,214266,NULL
185346,214267,NULL
185347,214268,NULL
185348,214269,225604
185349,214271,NULL
185350,214272,NULL
185351,214275,NULL
185352,214276,NULL
185353,214277,NULL
185354,214279,237757
185355,214280,NULL
185356,214281,NULL
185357,214282,NULL
185358,214285,NULL
185359,214286,NULL
185360,214287,NULL
185361,214288,NULL
185362,214289,NULL
185363,214290,NULL
185364,214291,NULL
185365,214292,NULL
185366,214293,NULL
185367,214294,NULL
185368,214295,217581
185369,214296,NULL
185370,214298,NULL
185371,214299,248750
185371,214299,267142
185371,214299,278952
185372,214300,NULL
185373,214301,NULL
185374,214302,NULL
185375,214303,NULL
185376,214304,NULL
185377,214305,NULL
185378,214306,NULL
185379,214307,NULL
185380,214308,NULL
185381,214309,NULL
185382,214310,NULL
185383,214311,NULL
185384,214312,NULL
185385,214313,NULL
185386,214315,NULL
185387,214316,NULL
185388,214317,NULL
185389,214318,NULL
185390,214320,NULL
185391,214321,NULL
185392,214322,NULL
185393,214323,NULL
185394,214324,NULL
185395,214325,NULL
185396,214327,NULL
185397,214328,NULL
185398,214329,NULL
185399,214330,NULL
185400,214331,NULL
185401,214332,216554
185401,214332,220195
185401,214332,223928
185402,214333,NULL
185403,214334,NULL
185404,214336,NULL
185405,214337,NULL
185406,214339,NULL
185407,214340,222707
185407,214340,239701
185407,214340,245904
185408,214341,216817
185409,214343,NULL
185410,214344,NULL
185411,214345,NULL
185412,214346,NULL
185413,214347,218450
185414,214348,NULL
185415,214349,NULL
185416,214350,NULL
185417,214351,NULL
185418,214352,NULL
185419,214356,NULL
185420,214358,NULL
185421,214359,NULL
185422,214360,NULL
185423,214361,NULL
185424,214362,NULL
185425,214363,230673
185426,214364,231454
185427,214366,NULL
185428,214368,NULL
185429,214369,NULL
185430,214370,NULL
185431,214371,NULL
185432,214373,NULL
185433,214374,NULL
185434,214375,NULL
185435,214376,NULL
185436,214377,NULL
185437,214378,NULL
185438,214379,NULL
185439,214380,NULL
185440,214381,NULL
185441,214382,NULL
185442,214383,NULL
185443,214384,NULL
185444,214385,219296
185445,214386,228580
185445,214386,239869
185445,214386,245120
185446,214388,NULL
185447,214389,NULL
185448,214390,NULL
185449,214391,NULL
185450,214392,NULL
185451,214394,NULL
185452,214395,242174
185452,214395,246374
185452,214395,252727
185453,214396,NULL
185454,214397,NULL
185455,214398,NULL
185456,214399,NULL
185457,214400,215512
185458,214402,NULL
185459,214404,NULL
185460,214405,NULL
185461,214407,NULL
185462,214409,215923
185462,214409,233916
185462,214409,237244
185463,214410,NULL
185464,214411,NULL
185465,214413,NULL
185466,214414,NULL
185467,214415,NULL
185468,214416,237091
185469,214417,NULL
185470,214418,NULL
185471,214421,NULL
185472,214423,NULL
185473,214424,NULL
185474,214426,NULL
185475,214428,229310
185476,214430,NULL
185477,214431,NULL
185478,214432,NULL
185479,214433,NULL
185480,214435,NULL
185481,214436,NULL
185482,214437,NULL
185483,214438,NULL
185484,214440,NULL
185485,214441,NULL
185486,214443,216575
185486,214443,227990
185486,214443,229699
185487,214444,246387
185488,214446,NULL
185489,214447,NULL
185490,214448,NULL
185491,214449,NULL
185492,214450,NULL
185493,214451,NULL
185494,214452,NULL
185495,214453,NULL
185496,214454,NULL
185497,214456,NULL
185498,214457,NULL
185499,214459,NULL
185500,214460,223156
185501,214461,NULL
185502,214462,NULL
185503,214463,NULL
185504,214464,NULL
185505,214467,NULL
185506,214468,NULL
185507,214469,NULL
185508,214470,NULL
185509,214471,224867
185510,214472,NULL
185511,214473,NULL
185512,214474,NULL
185513,214475,242242
185514,214476,NULL
185515,214477,NULL
185516,214478,NULL
185517,214479,NULL
185518,214480,NULL
185519,214482,235905
185519,214482,252222
185519,214482,261642
185520,214483,NULL
185521,214484,NULL
185522,214485,NULL
185523,214486,NULL
185524,214487,NULL
185525,214488,NULL
185526,214490,250960
185527,214491,233260
185527,214491,253923
185527,214491,267804
185528,214493,218544
185529,214496,NULL
185530,214497,NULL
185531,214498,NULL
185532,214499,NULL
185533,214501,NULL
185534,214502,NULL
185535,214503,NULL
185536,214504,NULL
185537,214505,NULL
185538,214506,NULL
185539,214507,NULL
185540,214508,NULL
185541,214509,NULL
185542,214510,NULL
185543,214513,224286
185544,214514,223182
185545,214515,NULL
185546,214516,NULL
185547,214517,218241
185548,214518,NULL
185549,214519,NULL
185550,214520,NULL
185551,214522,NULL
185552,214523,NULL
185553,214524,NULL
185554,214528,224965
185555,214530,NULL
185556,214531,NULL
185557,214532,NULL
185558,214533,NULL
185559,214534,NULL
185560,214535,NULL
185561,214539,247857
185561,214539,265138
185561,214539,269525
185562,214540,NULL
185563,214542,NULL
185564,214543,NULL
185565,214545,NULL
185566,214547,NULL
185567,214548,NULL
185568,214549,NULL
185569,214550,NULL
185570,214551,221783
185571,214552,NULL
185572,214553,NULL
185573,214554,NULL
185574,214555,NULL
185575,214556,NULL
185576,214558,NULL
185577,214559,NULL
185578,214560,NULL
185579,214562,NULL
185580,214563,239821
185581,214564,NULL
185582,214565,NULL
185583,214566,NULL
185584,214567,NULL
185585,214568,NULL
185586,214570,NULL
185587,214571,NULL
185588,214572,NULL
185589,214573,NULL
185590,214575,NULL
185591,214576,NULL
185592,214577,NULL
185593,214578,NULL
185594,214579,NULL
185595,214581,NULL
185596,214582,NULL
185597,214583,NULL
185598,214584,NULL
185599,214586,250790
185599,214586,258387
185599,214586,263751
185600,214587,NULL
185601,214589,NULL
185602,214590,NULL
185603,214592,NULL
185604,214593,230132
185604,214593,244171
185604,214593,256819
185605,214594,NULL
185606,214595,238709
185607,214596,253287
185607,214596,265990
185607,214596,281007
185608,214597,NULL
185609,214598,NULL
185610,214599,218566
185611,214600,NULL
185612,214601,NULL
185613,214602,NULL
185614,214603,NULL
185615,214604,NULL
185616,214605,NULL
185617,214607,NULL
185618,214608,NULL
185619,214609,244364
185620,214610,NULL
185621,214611,NULL
185622,214612,NULL
185623,214613,NULL
185624,214614,NULL
185625,214617,252269
185625,214617,265496
185625,214617,274872
185626,214618,240180
185627,214619,NULL
185628,214620,NULL
185629,214621,NULL
185630,214622,NULL
185631,214625,NULL
185632,214626,NULL
185633,214627,NULL
185634,214628,NULL
185635,214629,NULL
185636,214630,NULL
185637,214631,NULL
185638,214632,NULL
185639,214633,NULL
185640,214635,240553
185640,214635,260981
185640,214635,262461
185641,214636,NULL
185642,214637,NULL
185643,214638,NULL
185644,214640,NULL
185645,214641,NULL
185646,214642,228328
185647,214644,NULL
185648,214645,NULL
185649,214646,NULL
185650,214647,NULL
185651,214648,NULL
185652,214649,NULL
185653,214650,NULL
185654,214651,NULL
185655,214654,NULL
185656,214655,NULL
185657,214656,NULL
185658,214657,243277
185658,214657,258706
185658,214657,266113
185659,214658,227363
185660,214659,NULL
185661,214660,NULL
185662,214661,NULL
185663,214662,NULL
185664,214663,NULL
185665,214664,233001
185666,214666,NULL
185667,214667,NULL
185668,214669,NULL
185669,214672,NULL
185670,214673,NULL
185671,214674,NULL
185672,214675,221963
185673,214676,NULL
185674,214679,NULL
185675,214682,225823
185675,214682,237436
185675,214682,244566
185676,214683,NULL
185677,214686,NULL
185678,214687,NULL
185679,214688,NULL
185680,214689,NULL
185681,214690,NULL
185682,214691,NULL
185683,214694,NULL
185684,214695,228635
185685,214696,NULL
185686,214697,NULL
185687,214698,NULL
185688,214699,NULL
185689,214700,NULL
185690,214701,NULL
185691,214702,NULL
185692,214704,NULL
185693,214706,NULL
185694,214707,NULL
185695,214709,NULL
185696,214710,NULL
185697,214711,220782
185698,214712,NULL
185699,214713,NULL
185700,214714,NULL
185701,214715,NULL
185702,214719,219696
185703,214720,NULL
185704,214721,NULL
185705,214722,NULL
185706,214723,NULL
185707,214724,NULL
185708,214725,NULL
185709,214726,217986
185709,214726,222949
185709,214726,233089
185710,214727,NULL
185711,214728,220339
185712,214729,NULL
185713,214730,NULL
185714,214733,NULL
185715,214734,NULL
185716,214735,NULL
185717,214736,NULL
185718,214737,NULL
185719,214738,245841
185720,214739,225670
185720,214739,237189
185720,214739,248186
185721,214740,NULL
185722,214741,NULL
185723,214742,NULL
185724,214743,NULL
185725,214744,NULL
185726,214745,NULL
185727,214747,NULL
185728,214748,NULL
185729,214749,NULL
185730,214750,250572
185731,214751,NULL
185732,214753,232892
185733,214754,233746
185734,214755,NULL
185735,214759,227779
185735,214759,237181
185735,214759,244928
185736,214760,NULL
185737,214762,NULL
185738,214764,NULL
185739,214765,NULL
185740,214769,NULL
185741,214770,224432
185742,214771,NULL
185743,214773,NULL
185744,214776,NULL
185745,214778,253440
185745,214778,267893
185745,214778,276045
185746,214779,NULL
185747,214780,NULL
185748,214781,NULL
185749,214782,NULL
185750,214784,NULL
185751,214785,NULL
185752,214786,NULL
185753,214787,227243
185754,214788,NULL
185755,214789,NULL
185756,214790,NULL
185757,214791,NULL
185758,214794,232546
185758,214794,235403
185758,214794,245990
185759,214795,NULL
185760,214796,NULL
185761,214798,NULL
185762,214800,NULL
185763,214804,219803
185764,214805,NULL
185765,214806,NULL
185766,214807,NULL
185767,214808,NULL
185768,214809,NULL
185769,214810,NULL
185770,214812,NULL
185771,214813,NULL
185772,214814,NULL
185773,214815,NULL
185774,214816,NULL
185775,214817,NULL
185776,214818,NULL
185777,214820,NULL
185778,214821,NULL
185779,214822,NULL
185780,214824,NULL
185781,214825,NULL
185782,214826,NULL
185783,214827,NULL
185784,214828,243665
185785,214829,NULL
185786,214830,225909
185787,214831,NULL
185788,214832,235145
185789,214833,NULL
185790,214834,NULL
185791,214835,NULL
185792,214836,224357
185792,214836,240633
185792,214836,245692
185793,214837,234249
185794,214839,NULL
185795,214840,NULL
185796,214841,NULL
185797,214842,232847
185798,214843,NULL
185799,214845,NULL
185800,214847,NULL
185801,214848,NULL
185802,214849,NULL
185803,214850,235491
185804,214851,NULL
185805,214852,NULL
185806,214854,NULL
185807,214856,220069
185807,214856,236879
185807,214856,239850
185808,214857,NULL
185809,214858,NULL
185810,214859,223538
185811,214860,NULL
185812,214862,NULL
185813,214863,NULL
185814,214864,NULL
185815,214865,NULL
185816,214866,NULL
185817,214867,NULL
185818,214868,229294
185819,214869,NULL
185820,214870,NULL
185821,214871,NULL
185822,214872,NULL
185823,214874,NULL
185824,214875,NULL
185825,214876,NULL
185826,214877,NULL
185827,214878,250857
185827,214878,273193
185827,214878,286681
185828,214879,252690
185829,214881,NULL
185830,214882,NULL
185831,214884,237298
185832,214885,NULL
185833,214887,NULL
185834,214890,NULL
185835,214891,NULL
185836,214892,NULL
185837,214893,NULL
185838,214894,NULL
185839,214895,NULL
185840,214896,233712
185841,214897,220633
185841,214897,235129
185841,214897,239640
185842,214898,NULL
185843,214900,NULL
185844,214901,251839
185845,214902,NULL
185846,214903,NULL
185847,214904,NULL
185848,214907,NULL
185849,214908,NULL
185850,214910,NULL
185851,214911,NULL
185852,214912,NULL
185853,214913,NULL
185854,214914,NULL
185855,214916,NULL
185856,214917,NULL
185857,214918,222382
185858,214919,NULL
185859,214920,NULL
185860,214921,NULL
185861,214923,NULL
185862,214924,NULL
185863,214925,NULL
185864,214926,NULL
185865,214928,NULL
185866,214929,NULL
185867,214930,NULL
185868,214931,NULL
185869,214932,NULL
185870,214933,NULL
185871,214934,NULL
185872,214935,233094
185872,214935,243831
185872,214935,257437
185873,214936,NULL
185874,214937,NULL
185875,214938,NULL
185876,214939,219411
185877,214940,NULL
185878,214941,NULL
185879,214943,NULL
185880,214944,NULL
185881,214945,NULL
185882,214946,NULL
185883,214947,NULL
185884,214954,NULL
185885,214955,NULL
185886,214957,NULL
185887,214958,235243
185887,214958,253773
185887,214958,266137
185888,214959,219442
185888,214959,228936
185888,214959,236395
185889,214960,NULL
185890,214963,NULL
185891,214964,226866
185891,214964,230663
185891,214964,243661
185892,214965,NULL
185893,214966,230083
185894,214967,NULL
185895,214968,NULL
185896,214970,NULL
185897,214973,NULL
185898,214974,NULL
185899,214975,NULL
185900,214977,NULL
185901,214978,NULL
185902,214979,NULL
185903,214980,NULL
185904,214981,NULL
185905,214982,NULL
185906,214983,NULL
185907,214984,NULL
185908,214985,NULL
185909,214986,NULL
185910,214987,NULL
185911,214988,NULL
185912,214989,NULL
185913,214990,NULL
185914,214994,NULL
185915,214995,NULL
185916,214996,NULL
185917,214997,NULL
185918,214998,NULL
185919,215000,NULL
185920,215001,252480
185921,215003,NULL
185922,215004,NULL
185923,215005,NULL
185924,215006,NULL
185925,215007,NULL
185926,215008,219200
185926,215008,226881
185926,215008,238827
185927,215009,NULL
185928,215012,NULL
185929,215013,233440
185930,215014,NULL
185931,215015,NULL
185932,215016,NULL
185933,215017,NULL
185934,215018,NULL
185935,215019,NULL
185936,215021,NULL
185937,215022,NULL
185938,215024,220338
185939,215025,NULL
185940,215026,NULL
185941,215027,NULL
185942,215028,NULL
185943,215029,222385
185944,215030,NULL
185945,215031,NULL
185946,215032,NULL
185947,215034,NULL
185948,215035,NULL
185949,215036,NULL
185950,215037,NULL
185951,215038,NULL
185952,215039,NULL
185953,215040,NULL
185954,215042,NULL
185955,215043,NULL
185956,215044,NULL
185957,215045,NULL
185958,215046,NULL
185959,215048,NULL
185960,215049,NULL
185961,215050,NULL
185962,215051,NULL
185963,215052,NULL
185964,215053,NULL
185965,215054,241093
185966,215055,NULL
185967,215057,NULL
185968,215058,NULL
185969,215059,NULL
185970,215060,NULL
185971,215061,NULL
185972,215062,NULL
185973,215063,NULL
185974,215065,NULL
185975,215066,NULL
185976,215067,NULL
185977,215068,NULL
185978,215070,NULL
185979,215071,219215
185979,215071,237505
185979,215071,250140
185980,215074,NULL
185981,215075,NULL
185982,215076,249218
185982,215076,264820
185982,215076,267168
185983,215077,NULL
185984,215078,NULL
185985,215079,NULL
185986,215080,NULL
185987,215082,NULL
185988,215084,244856
185989,215085,248482
185990,215087,NULL
185991,215088,NULL
185992,215089,NULL
185993,215091,NULL
185994,215092,228873
185995,215093,NULL
185996,215094,NULL
185997,215095,NULL
185998,215096,NULL
185999,215097,NULL
186000,215099,229512
186001,215100,NULL
186002,215101,NULL
186003,215103,225556
186004,215104,NULL
186005,215105,NULL
186006,215106,NULL
186007,215107,NULL
186008,215108,219413
186009,215109,NULL
186010,215110,NULL
186011,215111,NULL
186012,215112,NULL
186013,215113,NULL
186014,215116,229855
186014,215116,236020
186014,215116,243759
186015,215117,NULL
186016,215119,NULL
186017,215121,NULL
186018,215122,NULL
186019,215123,221317
186019,215123,231815
186019,215123,243571
186020,215125,NULL
186021,215126,NULL
186022,215127,NULL
186023,215129,223570
186024,215130,NULL
186025,215131,NULL
186026,215132,NULL
186027,215133,NULL
186028,215134,NULL
186029,215135,NULL
186030,215136,NULL
186031,215137,NULL
186032,215138,NULL
186033,215139,NULL
186034,215140,NULL
186035,215142,NULL
186036,215144,NULL
186037,215145,NULL
186038,215146,NULL
186039,215147,228321
186040,215149,NULL
186041,215150,NULL
186042,215151,NULL
186043,215152,NULL
186044,215153,223357
186045,215154,NULL
186046,215155,NULL
186047,215156,NULL
186048,215157,NULL
186049,215159,NULL
186050,215160,NULL
186051,215161,NULL
186052,215162,NULL
186053,215163,NULL
186054,215165,NULL
186055,215166,NULL
186056,215167,NULL
186057,215170,NULL
186058,215171,NULL
186059,215172,NULL
186060,215173,219058
186061,215174,NULL
186062,215175,223239
186063,215176,NULL
186064,215177,239901
186064,215177,260296
186064,215177,269917
186065,215178,NULL
186066,215179,NULL
186067,215180,NULL
186068,215181,NULL
186069,215182,NULL
186070,215183,NULL
186071,215184,250634
186071,215184,267152
186071,215184,273211
186072,215185,NULL
186073,215186,NULL
186074,215187,NULL
186075,215188,NULL
186076,215189,NULL
186077,215190,NULL
186078,215191,252107
186079,215192,NULL
186080,215193,NULL
186081,215194,NULL
186082,215195,NULL
186083,215196,NULL
186084,215197,NULL
186085,215198,NULL
186086,215200,NULL
186087,215201,NULL
186088,215202,251712
186089,215203,NULL
186090,215204,NULL
186091,215205,NULL
186092,215206,NULL
186093,215207,NULL
186094,215208,NULL
186095,215209,251189
186096,215210,NULL
186097,215212,NULL
186098,215213,NULL
186099,215214,NULL
186100,215215,NULL
186101,215216,NULL
186102,215217,NULL
186103,215220,NULL
186104,215222,NULL
186105,215224,NULL
186106,215225,NULL
186107,215226,NULL
186108,215227,NULL
186109,215229,NULL
186110,215230,NULL
186111,215231,244100
186112,215232,NULL
186113,215233,NULL
186114,215235,NULL
186115,215236,NULL
186116,215237,NULL
186117,215238,NULL
186118,215239,NULL
186119,215240,NULL
186120,215241,NULL
186121,215242,NULL
186122,215243,NULL
186123,215244,NULL
186124,215246,NULL
186125,215247,NULL
186126,215248,246155
186127,215249,NULL
186128,215250,236342
186129,215252,232338
186130,215253,NULL
186131,215255,220937
186132,215256,252385
186133,215257,NULL
186134,215258,NULL
186135,215259,NULL
186136,215260,NULL
186137,215261,NULL
186138,215262,240058
186139,215264,NULL
186140,215266,NULL
186141,215268,226376
186141,215268,234969
186141,215268,240568
186142,215269,NULL
186143,215270,NULL
186144,215271,218973
186145,215272,NULL
186146,215273,230516
186146,215273,252596
186146,215273,264336
186147,215274,NULL
186148,215277,NULL
186149,215278,NULL
186150,215279,NULL
186151,215280,NULL
186152,215281,NULL
186153,215282,NULL
186154,215283,NULL
186155,215284,NULL
186156,215285,NULL
186157,215286,NULL
186158,215288,NULL
186159,215289,NULL
186160,215290,NULL
186161,215292,NULL
186162,215294,NULL
186163,215295,244979
186163,215295,250018
186163,215295,259127
186164,215296,NULL
186165,215297,NULL
186166,215299,NULL
186167,215301,227901
186168,215302,NULL
186169,215303,243058
186170,215305,234279
186170,215305,250193
186170,215305,257932
186171,215306,238088
186172,215307,NULL
186173,215308,234740
186173,215308,246953
186173,215308,258339
186174,215310,NULL
186175,215311,NULL
186176,215313,NULL
186177,215314,NULL
186178,215315,NULL
186179,215317,NULL
186180,215318,NULL
186181,215319,NULL
186182,215320,NULL
186183,215321,251734
186184,215323,NULL
186185,215324,NULL
186186,215325,NULL
186187,215326,NULL
186188,215327,NULL
186189,215328,NULL
186190,215329,NULL
186191,215330,NULL
186192,215332,226101
186193,215333,NULL
186194,215334,NULL
186195,215335,NULL
186196,215336,NULL
186197,215337,NULL
186198,215338,NULL
186199,215339,NULL
186200,215340,NULL
186201,215341,NULL
186202,215342,NULL
186203,215343,NULL
186204,215344,NULL
186205,215346,NULL
186206,215347,NULL
186207,215348,NULL
186208,215349,NULL
186209,215350,251759
186210,215351,NULL
186211,215352,NULL
186212,215353,251484
186213,215354,NULL
186214,215355,NULL
186215,215356,232215
186215,215356,242504
186215,215356,248928
186216,215357,NULL
186217,215358,NULL
186218,215359,243063
186219,215360,NULL
186220,215361,234968
186221,215362,NULL
186222,215364,NULL
186223,215365,NULL
186224,215366,NULL
186225,215368,NULL
186226,215369,NULL
186227,215370,NULL
186228,215372,NULL
186229,215373,NULL
186230,215374,NULL
186231,215375,NULL
186232,215376,238980
186233,215377,NULL
186234,215378,NULL
186235,215379,NULL
186236,215380,NULL
186237,215381,NULL
186238,215382,NULL
186239,215383,NULL
186240,215385,NULL
186241,215386,NULL
186242,215387,NULL
186243,215388,NULL
186244,215389,NULL
186245,215390,NULL
186246,215391,NULL
186247,215394,NULL
186248,215395,NULL
186249,215396,NULL
186250,215397,NULL
186251,215398,NULL
186252,215401,NULL
186253,215402,NULL
186254,215404,242987
186254,215404,256856
186254,215404,258921
186255,215406,253176
186255,215406,266497
186255,215406,274809
186256,215408,NULL
186257,215409,NULL
186258,215410,NULL
186259,215411,NULL
186260,215412,NULL
186261,215414,NULL
186262,215415,NULL
186263,215416,NULL
186264,215417,NULL
186265,215418,NULL
186266,215419,NULL
186267,215420,NULL
186268,215422,227490
186268,215422,239622
186268,215422,242093
186269,215423,NULL
186270,215424,NULL
186271,215425,NULL
186272,215426,NULL
186273,215427,NULL
186274,215428,NULL
186275,215429,NULL
186276,215431,NULL
186277,215432,NULL
186278,215433,249821
186278,215433,260106
186278,215433,271208
186279,215434,NULL
186280,215435,NULL
186281,215436,NULL
186282,215437,NULL
186283,215438,NULL
186284,215440,NULL
186285,215441,252670
186285,215441,268637
186285,215441,270091
186286,215442,246607
186286,215442,262263
186286,215442,267791
186287,215444,NULL
186288,215445,NULL
186289,215446,NULL
186290,215447,NULL
186291,215448,NULL
186292,215449,243527
186292,215449,246886
186292,215449,249528
186293,215450,NULL
186294,215451,NULL
186295,215452,NULL
186296,215453,NULL
186297,215454,NULL
186298,215455,NULL
186299,215456,NULL
186300,215457,NULL
186301,215459,NULL
186302,215461,NULL
186303,215462,NULL
186304,215463,248012
186305,215464,NULL
186306,215465,218102
186307,215466,NULL
186308,215467,NULL
186309,215468,NULL
186310,215469,NULL
186311,215470,NULL
186312,215471,240839
186313,215473,245300
186314,215474,NULL
186315,215475,221973
186316,215477,NULL
186317,215478,NULL
186318,215479,NULL
186319,215480,NULL
186320,215483,NULL
186321,215484,NULL
186322,215486,NULL
186323,215487,NULL
186324,215488,NULL
186325,215489,NULL
186326,215490,NULL
186327,215491,NULL
186328,215492,NULL
186329,215493,NULL
186330,215494,NULL
186331,215496,NULL
186332,215497,NULL
186333,215498,NULL
186334,215500,NULL
186335,215501,NULL
186336,215502,NULL
186337,215503,NULL
186338,215504,NULL
186339,215505,NULL
186340,215506,NULL
186341,215507,NULL
186342,215508,NULL
186343,215510,244927
186344,215511,NULL
186345,215513,NULL
186346,215514,NULL
186347,215515,NULL
186348,215516,NULL
186349,215517,NULL
186350,215518,NULL
186351,215520,NULL
186352,215521,NULL
186353,215522,232331
186353,215522,242778
186353,215522,253213
186354,215524,NULL
186355,215527,NULL
186356,215528,NULL
186357,215529,NULL
186358,215530,229104
186359,215531,NULL
186360,215533,226922
186360,215533,234540
186360,215533,241450
186361,215534,NULL
186362,215537,NULL
186363,215538,220791
186364,215541,NULL
186365,215542,NULL
186366,215543,NULL
186367,215544,228578
186367,215544,240433
186367,215544,242830
186368,215545,NULL
186369,215546,NULL
186370,215547,NULL
186371,215548,NULL
186372,215549,NULL
186373,215550,NULL
186374,215551,NULL
186375,215552,NULL
186376,215553,NULL
186377,215555,NULL
186378,215557,NULL
186379,215558,NULL
186380,215559,NULL
186381,215561,233290
186382,215563,250844
186383,215564,NULL
186384,215565,NULL
186385,215568,NULL
186386,215569,NULL
186387,215570,NULL
186388,215571,NULL
186389,215572,NULL
186390,215573,NULL
186391,215574,NULL
186392,215575,NULL
186393,215576,NULL
186394,215577,NULL
186395,215578,NULL
186396,215580,NULL
186397,215581,NULL
186398,215582,NULL
186399,215585,NULL
186400,215586,NULL
186401,215587,NULL
186402,215588,NULL
186403,215589,249800
186403,215589,255359
186403,215589,257918
186404,215592,NULL
186405,215594,NULL
186406,215595,NULL
186407,215596,227170
186408,215597,NULL
186409,215598,NULL
186410,215599,NULL
186411,215600,NULL
186412,215603,NULL
186413,215605,224865
186414,215606,NULL
186415,215607,NULL
186416,215608,NULL
186417,215610,NULL
186418,215611,NULL
186419,215612,NULL
186420,215613,NULL
186421,215614,NULL
186422,215616,NULL
186423,215617,NULL
186424,215618,NULL
186425,215621,NULL
186426,215622,NULL
186427,215623,NULL
186428,215624,NULL
186429,215625,220006
186430,215626,231057
186431,215627,NULL
186432,215628,NULL
186433,215629,NULL
186434,215630,NULL
186435,215631,NULL
186436,215632,NULL
186437,215633,234791
186438,215634,NULL
186439,215637,NULL
186440,215638,NULL
186441,215639,NULL
186442,215641,NULL
186443,215642,NULL
186444,215643,NULL
186445,215644,NULL
186446,215646,NULL
186447,215648,NULL
186448,215649,NULL
186449,215650,234795
186450,215651,NULL
186451,215652,NULL
186452,215653,NULL
186453,215654,NULL
186454,215655,NULL
186455,215656,NULL
186456,215657,236776
186457,215658,NULL
186458,215659,NULL
186459,215660,NULL
186460,215661,NULL
186461,215662,NULL
186462,215663,NULL
186463,215664,NULL
186464,215666,NULL
186465,215667,NULL
186466,215668,NULL
186467,215669,NULL
186468,215670,NULL
186469,215671,NULL
186470,215672,NULL
186471,215673,NULL
186472,215676,NULL
186473,215677,NULL
186474,215679,NULL
186475,215680,NULL
186476,215681,NULL
186477,215682,NULL
186478,215683,NULL
186479,215684,NULL
186480,215685,NULL
186481,215686,NULL
186482,215688,NULL
186483,215689,232525
186483,215689,249460
186483,215689,262278
186484,215690,NULL
186485,215691,NULL
186486,215692,NULL
186487,215693,NULL
186488,215694,NULL
186489,215695,251262
186490,215696,NULL
186491,215697,NULL
186492,215698,NULL
186493,215699,NULL
186494,215702,NULL
186495,215703,NULL
186496,215704,NULL
186497,215705,NULL
186498,215707,NULL
186499,215708,NULL
186500,215709,NULL
186501,215710,NULL
186502,215711,NULL
186503,215712,230537
186504,215713,NULL
186505,215715,NULL
186506,215716,NULL
186507,215717,NULL
186508,215718,NULL
186509,215719,NULL
186510,215720,NULL
186511,215721,235062
186512,215723,NULL
186513,215725,NULL
186514,215726,NULL
186515,215727,NULL
186516,215728,NULL
186517,215729,NULL
186518,215732,NULL
186519,215734,NULL
186520,215735,NULL
186521,215736,NULL
186522,215737,NULL
186523,215739,NULL
186524,215740,NULL
186525,215741,219238
186526,215748,238711
186527,215749,224642
186528,215750,NULL
186529,215751,NULL
186530,215752,241887
186531,215753,NULL
186532,215754,NULL
186533,215755,NULL
186534,215756,NULL
186535,215757,228679
186536,215758,NULL
186537,215759,NULL
186538,215760,NULL
186539,215761,NULL
186540,215762,NULL
186541,215763,NULL
186542,215765,NULL
186543,215766,NULL
186544,215767,NULL
186545,215768,NULL
186546,215772,235485
186547,215773,NULL
186548,215775,219333
186549,215776,NULL
186550,215777,NULL
186551,215779,252735
186552,215780,NULL
186553,215781,NULL
186554,215782,NULL
186555,215783,NULL
186556,215784,234475
186557,215785,230563
186558,215786,NULL
186559,215787,NULL
186560,215788,NULL
186561,215789,NULL
186562,215790,NULL
186563,215791,NULL
186564,215792,NULL
186565,215794,NULL
186566,215795,NULL
186567,215796,223391
186567,215796,240635
186567,215796,245542
186568,215798,NULL
186569,215800,NULL
186570,215801,NULL
186571,215803,NULL
186572,215805,NULL
186573,215806,NULL
186574,215807,NULL
186575,215808,NULL
186576,215809,220686
186576,215809,238761
186576,215809,242785
186577,215810,NULL
186578,215811,NULL
186579,215812,NULL
186580,215813,NULL
186581,215814,NULL
186582,215815,NULL
186583,215819,NULL
186584,215820,NULL
186585,215821,NULL
186586,215822,NULL
186587,215824,NULL
186588,215825,NULL
186589,215826,242162
186590,215827,NULL
186591,215829,NULL
186592,215831,NULL
186593,215832,NULL
186594,215833,NULL
186595,215835,NULL
186596,215836,NULL
186597,215837,NULL
186598,215838,NULL
186599,215839,NULL
186600,215840,NULL
186601,215842,NULL
186602,215843,NULL
186603,215845,NULL
186604,215846,NULL
186605,215848,243089
186606,215849,NULL
186607,215850,NULL
186608,215851,NULL
186609,215852,NULL
186610,215854,NULL
186611,215857,232139
186611,215857,236032
186611,215857,240806
186612,215859,NULL
186613,215862,232591
186614,215863,NULL
186615,215864,NULL
186616,215865,249691
186617,215866,252966
186618,215867,NULL
186619,215868,NULL
186620,215869,NULL
186621,215870,NULL
186622,215871,NULL
186623,215872,NULL
186624,215873,NULL
186625,215874,NULL
186626,215875,236534
186626,215875,253575
186626,215875,259593
186627,215876,NULL
186628,215877,NULL
186629,215878,NULL
186630,215879,NULL
186631,215880,233186
186632,215881,NULL
186633,215882,NULL
186634,215885,NULL
186635,215887,239071
186635,215887,247385
186635,215887,259087
186636,215889,NULL
186637,215890,NULL
186638,215891,NULL
186639,215893,NULL
186640,215894,NULL
186641,215895,NULL
186642,215896,235913
186643,215897,NULL
186644,215898,NULL
186645,215899,NULL
186646,215900,NULL
186647,215906,NULL
186648,215907,229406
186648,215907,242522
186648,215907,257424
186649,215908,NULL
186650,215909,NULL
186651,215910,NULL
186652,215911,NULL
186653,215912,NULL
186654,215913,NULL
186655,215914,NULL
186656,215915,NULL
186657,215916,NULL
186658,215917,245292
186658,215917,259218
186658,215917,269073
186659,215918,NULL
186660,215919,NULL
186661,215920,NULL
186662,215921,NULL
186663,215922,NULL
186664,215924,NULL
186665,215926,NULL
186666,215928,NULL
186667,215929,NULL
186668,215930,NULL
186669,215931,NULL
186670,215932,NULL
186671,215934,NULL
186672,215936,NULL
186673,215937,NULL
186674,215938,NULL
186675,215939,NULL
186676,215940,NULL
186677,215941,NULL
186678,215942,240974
186678,215942,253540
186678,215942,258613
186679,215943,NULL
186680,215944,NULL
186681,215945,226925
186682,215946,NULL
186683,215947,NULL
186684,215948,NULL
186685,215949,NULL
186686,215950,NULL
186687,215951,NULL
186688,215952,NULL
186689,215954,NULL
186690,215955,NULL
186691,215956,NULL
186692,215957,NULL
186693,215958,NULL
186694,215960,224494
186695,215961,NULL
186696,215962,NULL
186697,215963,NULL
186698,215964,NULL
186699,215965,221239
186699,215965,226545
186699,215965,240425
186700,215966,NULL
186701,215967,NULL
186702,215969,NULL
186703,215970,NULL
186704,215971,NULL
186705,215972,NULL
186706,215973,NULL
186707,215975,NULL
186708,215976,NULL
186709,215977,NULL
186710,215978,237949
186711,215979,NULL
186712,215980,NULL
186713,215981,NULL
186714,215982,NULL
186715,215983,NULL
186716,215984,NULL
186717,215985,NULL
186718,215987,NULL
186719,215988,NULL
186720,215991,NULL
186721,215992,240551
186722,215993,NULL
186723,215995,NULL
186724,215996,NULL
186725,215997,NULL
186726,215998,NULL
186727,216000,NULL
186728,216001,231581
186729,216002,NULL
186730,216004,NULL
186731,216005,234488
186732,216007,NULL
186733,216009,229681
186734,216011,NULL
186735,216012,NULL
186736,216013,NULL
186737,216016,NULL
186738,216017,NULL
186739,216019,NULL
186740,216021,NULL
186741,216022,NULL
186742,216023,NULL
186743,216024,NULL
186744,216025,NULL
186745,216026,NULL
186746,216027,NULL
186747,216028,NULL
186748,216029,NULL
186749,216030,238737
186750,216031,240436
186751,216032,NULL
186752,216033,NULL
186753,216034,NULL
186754,216035,NULL
186755,216036,NULL
186756,216037,225657
186757,216038,NULL
186758,216039,NULL
186759,216040,NULL
186760,216041,NULL
186761,216042,NULL
186762,216044,NULL
186763,216045,NULL
186764,216046,NULL
186765,216048,NULL
186766,216049,NULL
186767,216050,NULL
186768,216051,NULL
186769,216052,NULL
186770,216053,NULL
186771,216054,NULL
186772,216055,NULL
186773,216056,236244
186773,216056,251478
186773,216056,254823
186774,216057,NULL
186775,216058,NULL
186776,216060,240486
186777,216061,NULL
186778,216063,244716
186779,216064,NULL
186780,216065,248287
186781,216066,NULL
186782,216067,NULL
186783,216068,225991
186784,216069,NULL
186785,216070,NULL
186786,216071,NULL
186787,216072,NULL
186788,216073,NULL
186789,216074,NULL
186790,216075,NULL
186791,216076,NULL
186792,216077,NULL
186793,216078,NULL
186794,216079,NULL
186795,216080,NULL
186796,216081,NULL
186797,216082,NULL
186798,216083,NULL
186799,216084,NULL
186800,216085,NULL
186801,216086,NULL
186802,216088,NULL
186803,216089,NULL
186804,216091,NULL
186805,216092,NULL
186806,216093,NULL
186807,216094,NULL
186808,216095,NULL
186809,216096,NULL
186810,216097,226505
186811,216098,236936
186812,216099,234491
186812,216099,249322
186812,216099,257870
186813,216102,NULL
186814,216103,243936
186814,216103,245160
186814,216103,249809
186815,216104,NULL
186816,216107,NULL
186817,216108,220614
186818,216110,NULL
186819,216111,NULL
186820,216112,NULL
186821,216113,NULL
186822,216114,NULL
186823,216115,NULL
186824,216116,NULL
186825,216118,NULL
186826,216119,NULL
186827,216120,NULL
186828,216121,NULL
186829,216123,NULL
186830,216124,NULL
186831,216125,NULL
186832,216126,NULL
186833,216127,238815
186834,216128,NULL
186835,216129,NULL
186836,216130,NULL
186837,216131,NULL
186838,216132,NULL
186839,216133,NULL
186840,216135,NULL
186841,216136,NULL
186842,216137,NULL
186843,216138,NULL
186844,216139,NULL
186845,216141,NULL
186846,216142,NULL
186847,216143,NULL
186848,216145,NULL
186849,216147,NULL
186850,216148,NULL
186851,216149,229006
186851,216149,250776
186851,216149,257423
186852,216151,NULL
186853,216153,227218
186854,216154,NULL
186855,216155,NULL
186856,216156,NULL
186857,216157,NULL
186858,216158,NULL
186859,216159,NULL
186860,216160,NULL
186861,216161,NULL
186862,216162,NULL
186863,216163,NULL
186864,216164,NULL
186865,216165,228292
186866,216166,NULL
186867,216167,NULL
186868,216168,NULL
186869,216169,NULL
186870,216170,NULL
186871,216171,NULL
186872,216173,NULL
186873,216174,NULL
186874,216175,NULL
186875,216178,236336
186875,216178,254571
186875,216178,259541
186876,216179,242484
186877,216180,NULL
186878,216182,NULL
186879,216185,218042
186880,216186,NULL
186881,216187,NULL
186882,216188,NULL
186883,216189,NULL
186884,216190,NULL
186885,216191,NULL
186886,216193,NULL
186887,216194,NULL
186888,216196,NULL
186889,216197,NULL
186890,216198,NULL
186891,216201,NULL
186892,216202,NULL
186893,216203,NULL
186894,216204,NULL
186895,216205,NULL
186896,216206,NULL
186897,216207,NULL
186898,216208,NULL
186899,216209,NULL
186900,216210,NULL
186901,216211,NULL
186902,216213,NULL
186903,216214,NULL
186904,216215,NULL
186905,216216,NULL
186906,216217,NULL
186907,216218,NULL
186908,216219,NULL
186909,216221,245812
186910,216222,NULL
186911,216223,NULL
186912,216224,NULL
186913,216225,225623
186914,216227,NULL
186915,216228,243897
186916,216229,NULL
186917,216230,NULL
186918,216231,NULL
186919,216232,NULL
186920,216233,NULL
186921,216234,NULL
186922,216236,NULL
186923,216237,NULL
186924,216238,NULL
186925,216239,NULL
186926,216240,NULL
186927,216241,NULL
186928,216243,NULL
186929,216245,NULL
186930,216248,NULL
186931,216249,NULL
186932,216250,235892
186933,216251,NULL
186934,216252,NULL
186935,216254,NULL
186936,216255,NULL
186937,216257,NULL
186938,216258,NULL
186939,216260,251611
186940,216261,NULL
186941,216262,NULL
186942,216263,NULL
186943,216264,243555
186944,216265,NULL
186945,216266,NULL
186946,216268,233935
186946,216268,243638
186946,216268,248451
186947,216269,NULL
186948,216270,234710
186949,216271,224139
186949,216271,227127
186949,216271,238609
186950,216272,NULL
186951,216274,NULL
186952,216275,NULL
186953,216276,NULL
186954,216277,NULL
186955,216278,NULL
186956,216280,NULL
186957,216281,NULL
186958,216282,NULL
186959,216283,NULL
186960,216284,NULL
186961,216285,NULL
186962,216286,NULL
186963,216287,NULL
186964,216288,NULL
186965,216290,NULL
186966,216291,NULL
186967,216292,NULL
186968,216293,233995
186969,216294,NULL
186970,216295,NULL
186971,216296,NULL
186972,216297,NULL
186973,216298,NULL
186974,216301,NULL
186975,216302,NULL
186976,216303,NULL
186977,216304,NULL
186978,216305,NULL
186979,216306,NULL
186980,216307,NULL
186981,216308,NULL
186982,216309,251846
186983,216310,NULL
186984,216311,NULL
186985,216312,250027
186986,216313,232643
186986,216313,239700
186986,216313,253308
186987,216315,NULL
186988,216316,NULL
186989,216317,NULL
186990,216318,NULL
186991,216319,NULL
186992,216321,NULL
186993,216322,NULL
186994,216323,NULL
186995,216324,NULL
186996,216325,229353
186997,216328,NULL
186998,216329,NULL
186999,216330,NULL
187000,216331,NULL
187001,216332,NULL
187002,216334,NULL
187003,216335,NULL
187004,216336,NULL
187005,216337,NULL
187006,216338,NULL
187007,216339,NULL
187008,216340,NULL
187009,216342,NULL
187010,216343,NULL
187011,216344,NULL
187012,216345,NULL
187013,216346,NULL
187014,216347,NULL
187015,216349,246315
187015,216349,259053
187015,216349,273558
187016,216351,223911
187017,216352,NULL
187018,216353,NULL
187019,216354,NULL
187020,216355,NULL
187021,216356,NULL
187022,216357,NULL
187023,216358,NULL
187024,216359,NULL
187025,216360,NULL
187026,216362,NULL
187027,216363,NULL
187028,216364,NULL
187029,216365,NULL
187030,216369,NULL
187031,216370,NULL
187032,216372,NULL
187033,216373,NULL
187034,216374,NULL
187035,216375,NULL
187036,216376,224991
187037,216377,NULL
187038,216379,NULL
187039,216381,NULL
187040,216382,NULL
187041,216383,NULL
187042,216384,NULL
187043,216385,NULL
187044,216386,NULL
187045,216387,246217
187046,216388,NULL
187047,216389,NULL
187048,216390,NULL
187049,216391,NULL
187050,216392,NULL
187051,216394,NULL
187052,216395,NULL
187053,216396,NULL
187054,216398,NULL
187055,216399,NULL
187056,216400,NULL
187057,216401,225094
187057,216401,247785
187057,216401,251748
187058,216402,NULL
187059,216403,NULL
187060,216405,230786
187060,216405,233376
187060,216405,245524
187061,216406,NULL
187062,216407,NULL
187063,216408,NULL
187064,216410,NULL
187065,216411,NULL
187066,216412,NULL
187067,216413,NULL
187068,216414,NULL
187069,216416,NULL
187070,216417,NULL
187071,216419,NULL
187072,216420,NULL
187073,216421,NULL
187074,216422,NULL
187075,216424,NULL
187076,216425,NULL
187077,216426,NULL
187078,216427,221170
187078,216427,234304
187078,216427,248778
187079,216428,NULL
187080,216429,NULL
187081,216431,NULL
187082,216434,240351
187083,216437,NULL
187084,216438,NULL
187085,216439,NULL
187086,216440,224777
187086,216440,227539
187086,216440,237927
187087,216442,227938
187087,216442,236658
187087,216442,245717
187088,216444,NULL
187089,216445,NULL
187090,216446,NULL
187091,216447,243031
187092,216448,NULL
187093,216449,NULL
187094,216450,NULL
187095,216452,NULL
187096,216454,NULL
187097,216458,NULL
187098,216459,NULL
187099,216461,NULL
187100,216462,NULL
187101,216463,NULL
187102,216464,NULL
187103,216465,NULL
187104,216467,NULL
187105,216468,NULL
187106,216469,NULL
187107,216470,249683
187107,216470,272524
187107,216470,276848
187108,216471,NULL
187109,216472,NULL
187110,216474,NULL
187111,216476,224716
187112,216477,NULL
187113,216478,NULL
187114,216480,NULL
187115,216482,NULL
187116,216483,NULL
187117,216485,NULL
187118,216487,220785
187119,216488,NULL
187120,216491,NULL
187121,216494,NULL
187122,216495,NULL
187123,216497,NULL
187124,216498,NULL
187125,216499,NULL
187126,216501,NULL
187127,216502,NULL
187128,216503,NULL
187129,216506,NULL
187130,216507,NULL
187131,216508,NULL
187132,216509,NULL
187133,216510,NULL
187134,216511,NULL
187135,216514,NULL
187136,216515,NULL
187137,216516,NULL
187138,216517,NULL
187139,216518,NULL
187140,216519,NULL
187141,216520,NULL
187142,216521,NULL
187143,216522,NULL
187144,216525,NULL
187145,216526,NULL
187146,216527,NULL
187147,216528,NULL
187148,216529,NULL
187149,216531,NULL
187150,216532,NULL
187151,216533,NULL
187152,216534,NULL
187153,216535,NULL
187154,216536,NULL
187155,216538,NULL
187156,216539,247245
187156,216539,253893
187156,216539,257754
187157,216540,NULL
187158,216542,NULL
187159,216543,NULL
187160,216544,NULL
187161,216545,NULL
187162,216546,NULL
187163,216547,NULL
187164,216548,NULL
187165,216550,NULL
187166,216551,NULL
187167,216552,NULL
187168,216553,NULL
187169,216555,NULL
187170,216556,NULL
187171,216557,230695
187172,216558,NULL
187173,216559,NULL
187174,216560,NULL
187175,216561,NULL
187176,216562,NULL
187177,216563,NULL
187178,216564,NULL
187179,216567,NULL
187180,216569,NULL
187181,216570,NULL
187182,216571,NULL
187183,216572,NULL
187184,216574,NULL
187185,216576,NULL
187186,216577,NULL
187187,216578,218486
187188,216579,NULL
187189,216580,NULL
187190,216582,NULL
187191,216583,228714
187191,216583,242402
187191,216583,247108
187192,216584,NULL
187193,216585,NULL
187194,216586,NULL
187195,216587,NULL
187196,216588,NULL
187197,216590,NULL
187198,216591,NULL
187199,216592,248114
187200,216594,NULL
187201,216595,NULL
187202,216596,NULL
187203,216597,224041
187203,216597,244441
187203,216597,250944
187204,216598,NULL
187205,216599,NULL
187206,216601,NULL
187207,216602,NULL
187208,216604,NULL
187209,216605,NULL
187210,216606,239615
187210,216606,255698
187210,216606,263403
187211,216607,NULL
187212,216608,NULL
187213,216609,NULL
187214,216610,NULL
187215,216612,NULL
187216,216614,NULL
187217,216615,246676
187217,216615,259230
187217,216615,261673
187218,216616,NULL
187219,216617,NULL
187220,216618,NULL
187221,216619,219142
187222,216620,NULL
187223,216621,NULL
187224,216622,NULL
187225,216623,NULL
187226,216624,NULL
187227,216625,NULL
187228,216626,NULL
187229,216628,NULL
187230,216629,NULL
187231,216631,NULL
187232,216632,NULL
187233,216633,NULL
187234,216634,NULL
187235,216635,NULL
187236,216638,226303
187237,216639,NULL
187238,216640,NULL
187239,216642,NULL
187240,216643,241414
187240,216643,248051
187240,216643,251089
187241,216645,NULL
187242,216646,NULL
187243,216647,251794
187244,216648,NULL
187245,216649,NULL
187246,216650,NULL
187247,216651,NULL
187248,216652,NULL
187249,216653,NULL
187250,216654,NULL
187251,216655,NULL
187252,216656,NULL
187253,216658,NULL
187254,216659,244310
187255,216660,NULL
187256,216661,NULL
187257,216662,239506
187257,216662,260059
187257,216662,262781
187258,216663,NULL
187259,216664,NULL
187260,216665,NULL
187261,216666,NULL
187262,216667,NULL
187263,216669,236944
187263,216669,238171
187263,216669,249940
187264,216671,229285
187265,216672,NULL
187266,216673,NULL
187267,216677,NULL
187268,216678,NULL
187269,216680,NULL
187270,216682,NULL
187271,216683,NULL
187272,216684,NULL
187273,216685,NULL
187274,216686,NULL
187275,216687,NULL
187276,216690,NULL
187277,216692,242753
187278,216693,NULL
187279,216694,NULL
187280,216695,247734
187280,216695,253977
187280,216695,262741
187281,216696,NULL
187282,216698,NULL
187283,216699,NULL
187284,216700,NULL
187285,216701,NULL
187286,216702,NULL
187287,216705,NULL
187288,216709,NULL
187289,216710,NULL
187290,216712,NULL
187291,216713,NULL
187292,216714,NULL
187293,216715,NULL
187294,216716,NULL
187295,216717,NULL
187296,216718,227761
187296,216718,241952
187296,216718,252889
187297,216719,NULL
187298,216720,NULL
187299,216721,NULL
187300,216724,NULL
187301,216727,NULL
187302,216728,NULL
187303,216729,NULL
187304,216730,NULL
187305,216731,NULL
187306,216732,NULL
187307,216734,NULL
187308,216735,NULL
187309,216737,NULL
187310,216739,235992
187311,216740,NULL
187312,216741,NULL
187313,216742,229914
187314,216743,NULL
187315,216744,NULL
187316,216745,NULL
187317,216747,NULL
187318,216750,NULL
187319,216751,NULL
187320,216752,NULL
187321,216754,NULL
187322,216755,NULL
187323,216756,NULL
187324,216757,NULL
187325,216758,NULL
187326,216759,NULL
187327,216760,238314
187328,216761,NULL
187329,216762,NULL
187330,216763,NULL
187331,216766,NULL
187332,216767,219766
187333,216768,NULL
187334,216770,NULL
187335,216771,NULL
187336,216772,NULL
187337,216773,NULL
187338,216774,237388
187339,216775,NULL
187340,216776,NULL
187341,216777,236412
187342,216778,NULL
187343,216779,NULL
187344,216780,NULL
187345,216781,NULL
187346,216782,NULL
187347,216783,NULL
187348,216785,NULL
187349,216786,NULL
187350,216787,NULL
187351,216788,NULL
187352,216789,NULL
187353,216790,224854
187354,216791,NULL
187355,216793,NULL
187356,216794,NULL
187357,216795,NULL
187358,216799,NULL
187359,216800,NULL
187360,216801,NULL
187361,216802,NULL
187362,216803,NULL
187363,216804,NULL
187364,216805,NULL
187365,216806,220574
187365,216806,233246
187365,216806,245169
187366,216807,232435
187367,216808,241145
187367,216808,245663
187367,216808,257052
187368,216809,NULL
187369,216813,NULL
187370,216815,244124
187371,216816,NULL
187372,216818,NULL
187373,216822,NULL
187374,216823,NULL
187375,216824,NULL
187376,216825,NULL
187377,216826,NULL
187378,216827,219375
187379,216828,NULL
187380,216830,NULL
187381,216831,233454
187382,216832,NULL
187383,216833,NULL
187384,216834,251278
187385,216835,NULL
187386,216836,NULL
187387,216837,NULL
187388,216838,NULL
187389,216841,NULL
187390,216842,NULL
187391,216843,NULL
187392,216844,NULL
187393,216845,NULL
187394,216846,NULL
187395,216847,235935
187396,216848,248854
187396,216848,250243
187396,216848,264365
187397,216849,NULL
187398,216850,NULL
187399,216851,NULL
187400,216852,NULL
187401,216853,222927
187402,216854,NULL
187403,216855,NULL
187404,216856,230158
187405,216857,NULL
187406,216858,NULL
187407,216860,NULL
187408,216861,NULL
187409,216862,NULL
187410,216863,NULL
187411,216864,NULL
187412,216865,NULL
187413,216866,NULL
187414,216867,NULL
187415,216870,NULL
187416,216873,236325
187417,216875,NULL
187418,216876,NULL
187419,216877,NULL
187420,216878,NULL
187421,216879,NULL
187422,216880,NULL
187423,216882,221216
187424,216883,NULL
187425,216885,NULL
187426,216886,NULL
187427,216887,NULL
187428,216888,NULL
187429,216889,NULL
187430,216890,NULL
187431,216891,NULL
187432,216892,NULL
187433,216894,NULL
187434,216895,NULL
187435,216897,NULL
187436,216898,NULL
187437,216900,250351
187437,216900,257721
187437,216900,266353
187438,216902,NULL
187439,216903,NULL
187440,216904,NULL
187441,216905,218608
187442,216906,244282
187443,216907,NULL
187444,216908,219590
187445,216909,NULL
187446,216911,NULL
187447,216914,NULL
187448,216915,NULL
187449,216917,NULL
187450,216918,NULL
187451,216920,NULL
187452,216921,NULL
187453,216922,NULL
187454,216923,NULL
187455,216924,NULL
187456,216925,NULL
187457,216926,NULL
187458,216927,NULL
187459,216928,NULL
187460,216929,NULL
187461,216930,NULL
187462,216931,NULL
187463,216933,NULL
187464,216934,NULL
187465,216935,NULL
187466,216936,NULL
187467,216937,NULL
187468,216939,NULL
187469,216940,NULL
187470,216941,NULL
187471,216942,NULL
187472,216943,NULL
187473,216944,NULL
187474,216946,NULL
187475,216947,NULL
187476,216948,NULL
187477,216950,NULL
187478,216952,231894
187479,216953,NULL
187480,216954,NULL
187481,216955,NULL
187482,216956,NULL
187483,216957,234634
187484,216958,234884
187485,216959,NULL
187486,216960,224996
187487,216961,NULL
187488,216962,NULL
187489,216964,NULL
187490,216965,244125
187490,216965,247624
187490,216965,249964
187491,216966,NULL
187492,216967,NULL
187493,216968,NULL
187494,216969,NULL
187495,216971,NULL
187496,216973,NULL
187497,216974,NULL
187498,216975,NULL
187499,216977,NULL
187500,216979,NULL
187501,216980,241399
187502,216981,NULL
187503,216983,NULL
187504,216984,NULL
187505,216985,NULL
187506,216986,NULL
187507,216988,230967
187508,216989,237288
187509,216991,NULL
187510,216992,NULL
187511,216993,NULL
187512,216994,NULL
187513,216995,NULL
187514,216997,NULL
187515,216998,NULL
187516,216999,NULL
187517,217000,NULL
187518,217001,NULL
187519,217002,NULL
187520,217003,NULL
187521,217005,NULL
187522,217007,NULL
187523,217008,245087
187523,217008,247908
187523,217008,261075
187524,217009,NULL
187525,217011,248703
187526,217012,NULL
187527,217013,NULL
187528,217014,NULL
187529,217016,NULL
187530,217017,NULL
187531,217018,NULL
187532,217019,NULL
187533,217020,NULL
187534,217021,NULL
187535,217022,NULL
187536,217023,NULL
187537,217027,NULL
187538,217028,NULL
187539,217029,NULL
187540,217030,NULL
187541,217031,NULL
187542,217033,NULL
187543,217034,NULL
187544,217035,NULL
187545,217036,224558
187546,217037,NULL
187547,217038,233761
187548,217039,NULL
187549,217040,NULL
187550,217041,231746
187551,217042,NULL
187552,217043,NULL
187553,217044,NULL
187554,217045,NULL
187555,217046,NULL
187556,217047,NULL
187557,217048,232092
187557,217048,244525
187557,217048,250780
187558,217050,NULL
187559,217052,NULL
187560,217053,NULL
187561,217054,NULL
187562,217055,NULL
187563,217057,NULL
187564,217058,NULL
187565,217059,NULL
187566,217061,NULL
187567,217062,NULL
187568,217063,NULL
187569,217064,237039
187570,217066,NULL
187571,217067,NULL
187572,217068,NULL
187573,217069,NULL
187574,217070,NULL
187575,217071,NULL
187576,217075,NULL
187577,217076,NULL
187578,217078,NULL
187579,217079,NULL
187580,217080,NULL
187581,217081,NULL
187582,217082,NULL
187583,217084,NULL
187584,217085,NULL
187585,217087,NULL
187586,217088,NULL
187587,217090,220274
187588,217091,NULL
187589,217093,NULL
187590,217094,NULL
187591,217095,NULL
187592,217097,NULL
187593,217098,NULL
187594,217099,NULL
187595,217100,230169
187595,217100,237730
187595,217100,242938
187596,217102,NULL
187597,217105,NULL
187598,217106,NULL
187599,217107,NULL
187600,217108,NULL
187601,217109,NULL
187602,217110,NULL
187603,217111,NULL
187604,217114,NULL
187605,217115,NULL
187606,217116,NULL
187607,217117,NULL
187608,217118,NULL
187609,217119,218166
187610,217120,NULL
187611,217121,NULL
187612,217122,NULL
187613,217123,NULL
187614,217124,NULL
187615,217125,NULL
187616,217126,NULL
187617,217127,NULL
187618,217128,NULL
187619,217129,NULL
187620,217130,NULL
187621,217131,NULL
187622,217135,NULL
187623,217136,NULL
187624,217137,NULL
187625,217140,NULL
187626,217141,NULL
187627,217142,NULL
187628,217143,NULL
187629,217144,NULL
187630,217145,218932
187631,217147,NULL
187632,217148,NULL
187633,217149,NULL
187634,217150,NULL
187635,217151,NULL
187636,217153,NULL
187637,217154,NULL
187638,217156,NULL
187639,217157,NULL
187640,217158,NULL
187641,217159,NULL
187642,217160,NULL
187643,217161,NULL
187644,217162,NULL
187645,217163,NULL
187646,217164,245304
187646,217164,256783
187646,217164,268004
187647,217165,NULL
187648,217168,233053
187648,217168,245176
187648,217168,249447
187649,217170,NULL
187650,217172,NULL
187651,217174,NULL
187652,217175,NULL
187653,217176,NULL
187654,217177,NULL
187655,217179,223309
187656,217180,244968
187657,217181,NULL
187658,217182,219781
187659,217183,227639
187660,217184,NULL
187661,217185,NULL
187662,217186,NULL
187663,217187,NULL
187664,217188,NULL
187665,217190,NULL
187666,217194,NULL
187667,217195,NULL
187668,217197,244446
187669,217198,NULL
187670,217199,224974
187670,217199,241845
187670,217199,254610
187671,217200,NULL
187672,217201,NULL
187673,217202,NULL
187674,217203,NULL
187675,217205,NULL
187676,217206,NULL
187677,217207,NULL
187678,217208,NULL
187679,217209,NULL
187680,217210,NULL
187681,217211,NULL
187682,217212,NULL
187683,217213,NULL
187684,217214,NULL
187685,217216,NULL
187686,217217,NULL
187687,217218,NULL
187688,217219,NULL
187689,217220,NULL
187690,217221,NULL
187691,217222,NULL
187692,217223,234181
187693,217226,NULL
187694,217227,NULL
187695,217228,NULL
187696,217229,NULL
187697,217230,NULL
187698,217233,NULL
187699,217234,NULL
187700,217236,NULL
187701,217237,NULL
187702,217238,NULL
187703,217239,230162
187704,217240,249913
187705,217241,NULL
187706,217242,NULL
187707,217243,NULL
187708,217244,NULL
187709,217245,NULL
187710,217247,NULL
187711,217251,NULL
187712,217252,NULL
187713,217253,NULL
187714,217254,NULL
187715,217256,NULL
187716,217257,NULL
187717,217258,247755
187718,217261,248132
187719,217263,NULL
187720,217264,NULL
187721,217265,NULL
187722,217267,NULL
187723,217268,234229
187724,217269,NULL
187725,217270,NULL
187726,217272,NULL
187727,217273,236590
187728,217274,NULL
187729,217275,NULL
187730,217276,NULL
187731,217277,NULL
187732,217278,NULL
187733,217279,NULL
187734,217281,229135
187735,217282,NULL
187736,217283,NULL
187737,217284,232098
187738,217285,NULL
187739,217288,NULL
187740,217289,NULL
187741,217291,NULL
187742,217294,253096
187742,217294,253473
187742,217294,263029
187743,217295,NULL
187744,217296,NULL
187745,217297,NULL
187746,217298,NULL
187747,217300,NULL
187748,217301,NULL
187749,217302,NULL
187750,217303,NULL
187751,217304,NULL
187752,217305,NULL
187753,217308,NULL
187754,217310,NULL
187755,217311,NULL
187756,217313,NULL
187757,217314,NULL
187758,217315,NULL
187759,217316,NULL
187760,217317,249563
187760,217317,263152
187760,217317,275987
187761,217318,NULL
187762,217319,NULL
187763,217320,NULL
187764,217321,NULL
187765,217322,NULL
187766,217323,NULL
187767,217324,NULL
187768,217326,NULL
187769,217327,NULL
187770,217328,NULL
187771,217329,NULL
187772,217330,NULL
187773,217331,NULL
187774,217332,NULL
187775,217333,236569
187776,217334,NULL
187777,217335,NULL
187778,217336,NULL
187779,217337,NULL
187780,217338,NULL
187781,217339,NULL
187782,217340,NULL
187783,217341,NULL
187784,217342,242742
187785,217343,NULL
187786,217344,244270
187786,217344,249098
187786,217344,252375
187787,217347,NULL
187788,217348,NULL
187789,217349,NULL
187790,217350,NULL
187791,217351,NULL
187792,217356,NULL
187793,217357,NULL
187794,217358,NULL
187795,217359,NULL
187796,217360,NULL
187797,217362,NULL
187798,217363,NULL
187799,217364,NULL
187800,217365,NULL
187801,217367,241808
187802,217368,NULL
187803,217369,224015
187803,217369,237869
187803,217369,243609
187804,217371,NULL
187805,217372,249160
187805,217372,252354
187805,217372,264450
187806,217374,NULL
187807,217375,NULL
187808,217377,NULL
187809,217378,NULL
187810,217379,NULL
187811,217380,NULL
187812,217381,NULL
187813,217382,220955
187814,217383,NULL
187815,217385,NULL
187816,217386,NULL
187817,217387,NULL
187818,217389,NULL
187819,217390,231176
187819,217390,243419
187819,217390,246944
187820,217391,NULL
187821,217392,238355
187822,217394,NULL
187823,217395,241633
187823,217395,254815
187823,217395,260464
187824,217396,NULL
187825,217400,225921
187826,217401,NULL
187827,217402,NULL
187828,217403,NULL
187829,217404,NULL
187830,217405,NULL
187831,217406,219174
187831,217406,237297
187831,217406,248730
187832,217407,225639
187833,217408,252696
187834,217409,NULL
187835,217410,NULL
187836,217411,NULL
187837,217412,228670
187838,217415,NULL
187839,217416,NULL
187840,217418,NULL
187841,217419,NULL
187842,217420,NULL
187843,217421,NULL
187844,217422,218168
187845,217424,234015
187846,217425,NULL
187847,217426,NULL
187848,217427,NULL
187849,217429,218228
187850,217432,NULL
187851,217433,NULL
187852,217434,NULL
187853,217435,NULL
187854,217436,NULL
187855,217437,NULL
187856,217438,232908
187856,217438,237888
187856,217438,251486
187857,217439,NULL
187858,217441,NULL
187859,217442,NULL
187860,217443,NULL
187861,217445,NULL
187862,217447,235971
187863,217448,NULL
187864,217449,NULL
187865,217450,NULL
187866,217451,NULL
187867,217452,221208
187867,217452,233940
187867,217452,247022
187868,217453,NULL
187869,217454,NULL
187870,217455,NULL
187871,217457,NULL
187872,217458,NULL
187873,217460,NULL
187874,217461,219829
187875,217463,NULL
187876,217464,NULL
187877,217465,NULL
187878,217466,NULL
187879,217467,NULL
187880,217468,NULL
187881,217469,NULL
187882,217470,NULL
187883,217471,NULL
187884,217472,231250
187885,217473,NULL
187886,217474,NULL
187887,217475,NULL
187888,217476,NULL
187889,217477,NULL
187890,217478,NULL
187891,217481,NULL
187892,217483,235122
187893,217484,NULL
187894,217486,NULL
187895,217487,NULL
187896,217488,NULL
187897,217489,NULL
187898,217490,NULL
187899,217492,NULL
187900,217493,NULL
187901,217494,239319
187902,217495,NULL
187903,217497,NULL
187904,217499,NULL
187905,217501,NULL
187906,217502,NULL
187907,217503,NULL
187908,217504,239631
187909,217505,NULL
187910,217506,NULL
187911,217507,NULL
187912,217508,NULL
187913,217509,NULL
187914,217510,NULL
187915,217511,NULL
187916,217512,NULL
187917,217513,NULL
187918,217514,NULL
187919,217516,221976
187920,217518,NULL
187921,217519,244980
187921,217519,259238
187921,217519,267425
187922,217522,NULL
187923,217523,NULL
187924,217525,NULL
187925,217527,NULL
187926,217528,NULL
187927,217529,NULL
187928,217530,NULL
187929,217531,NULL
187930,217533,NULL
187931,217534,NULL
187932,217535,240435
187933,217536,NULL
187934,217537,NULL
187935,217538,NULL
187936,217541,NULL
187937,217542,NULL
187938,217543,248791
187939,217544,NULL
187940,217545,NULL
187941,217546,NULL
187942,217547,NULL
187943,217548,NULL
187944,217549,NULL
187945,217550,NULL
187946,217551,NULL
187947,217553,250108
187948,217554,NULL
187949,217555,235351
187950,217557,NULL
187951,217558,NULL
187952,217559,NULL
187953,217560,NULL
187954,217561,NULL
187955,217562,NULL
187956,217563,NULL
187957,217564,NULL
187958,217565,NULL
187959,217566,230429
187960,217567,NULL
187961,217569,227952
187962,217570,NULL
187963,217571,224709
187963,217571,234026
187963,217571,239069
187964,217573,NULL
187965,217574,NULL
187966,217576,NULL
187967,217577,NULL
187968,217578,NULL
187969,217579,NULL
187970,217580,NULL
187971,217582,NULL
187972,217584,NULL
187973,217587,NULL
187974,217588,NULL
187975,217589,226785
187975,217589,235119
187975,217589,238027
187976,217590,NULL
187977,217591,NULL
187978,217592,NULL
187979,217593,NULL
187980,217594,NULL
187981,217595,NULL
187982,217596,NULL
187983,217597,NULL
187984,217598,NULL
187985,217600,NULL
187986,217601,NULL
187987,217602,231667
187987,217602,238312
187987,217602,248182
187988,217604,244459
187989,217605,NULL
187990,217607,NULL
187991,217608,NULL
187992,217610,NULL
187993,217611,NULL
187994,217612,NULL
187995,217613,NULL
187996,217614,228555
187997,217615,NULL
187998,217616,229838
187999,217617,237581
188000,217618,NULL
188001,217619,NULL
188002,217622,NULL
188003,217623,NULL
188004,217624,NULL
188005,217625,NULL
188006,217626,NULL
188007,217627,NULL
188008,217628,NULL
188009,217629,NULL
188010,217630,NULL
188011,217631,NULL
188012,217632,NULL
188013,217634,223329
188014,217635,NULL
188015,217636,NULL
188016,217637,NULL
188017,217639,238788
188017,217639,246538
188017,217639,252093
188018,217640,NULL
188019,217641,NULL
188020,217642,NULL
188021,217643,NULL
188022,217644,NULL
188023,217645,NULL
188024,217646,NULL
188025,217647,NULL
188026,217648,238846
188027,217649,NULL
188028,217650,237313
188029,217651,NULL
188030,217652,NULL
188031,217653,NULL
188032,217656,NULL
188033,217658,233912
188033,217658,240215
188033,217658,245930
188034,217659,NULL
188035,217660,NULL
188036,217661,NULL
188037,217662,NULL
188038,217663,NULL
188039,217664,NULL
188040,217665,NULL
188041,217667,243807
188042,217668,245767
188043,217669,NULL
188044,217670,NULL
188045,217671,NULL
188046,217672,NULL
188047,217673,NULL
188048,217674,223908
188049,217675,NULL
188050,217678,224856
188051,217679,NULL
188052,217680,247927
188053,217681,243724
188054,217683,NULL
188055,217684,NULL
188056,217685,NULL
188057,217686,NULL
188058,217687,NULL
188059,217688,228671
188059,217688,230662
188059,217688,242725
188060,217689,NULL
188061,217690,220325
188062,217691,NULL
188063,217696,NULL
188064,217697,NULL
188065,217700,NULL
188066,217702,NULL
188067,217703,NULL
188068,217704,NULL
188069,217706,NULL
188070,217707,NULL
188071,217708,NULL
188072,217709,NULL
188073,217710,251850
188074,217711,NULL
188075,217713,NULL
188076,217714,NULL
188077,217715,NULL
188078,217716,NULL
188079,217718,NULL
188080,217719,NULL
188081,217720,219358
188082,217721,219870
188083,217722,NULL
188084,217724,NULL
188085,217726,NULL
188086,217727,NULL
188087,217730,227339
188088,217731,NULL
188089,217732,NULL
188090,217733,NULL
188091,217734,NULL
188092,217735,NULL
188093,217737,NULL
188094,217738,250931
188095,217739,NULL
188096,217741,NULL
188097,217742,NULL
188098,217743,221206
188099,217744,NULL
188100,217745,NULL
188101,217746,NULL
188102,217747,231399
188103,217748,NULL
188104,217749,NULL
188105,217750,NULL
188106,217751,NULL
188107,217753,NULL
188108,217754,242279
188108,217754,260172
188108,217754,270797
188109,217756,NULL
188110,217757,NULL
188111,217758,NULL
188112,217759,NULL
188113,217760,233444
188114,217761,NULL
188115,217762,NULL
188116,217763,NULL
188117,217765,NULL
188118,217766,NULL
188119,217767,NULL
188120,217769,NULL
188121,217770,NULL
188122,217772,NULL
188123,217773,NULL
188124,217774,NULL
188125,217775,NULL
188126,217776,NULL
188127,217777,NULL
188128,217778,245469
188129,217779,222087
188130,217780,NULL
188131,217781,NULL
188132,217782,NULL
188133,217783,NULL
188134,217786,221924
188135,217787,NULL
188136,217788,NULL
188137,217789,NULL
188138,217790,NULL
188139,217791,NULL
188140,217792,NULL
188141,217795,NULL
188142,217796,NULL
188143,217798,NULL
188144,217799,NULL
188145,217800,NULL
188146,217801,248237
188147,217803,NULL
188148,217805,251440
188149,217806,NULL
188150,217807,NULL
188151,217808,NULL
188152,217809,NULL
188153,217810,NULL
188154,217811,NULL
188155,217812,NULL
188156,217814,219948
188157,217815,NULL
188158,217816,NULL
188159,217817,220469
188160,217818,253261
188161,217819,NULL
188162,217821,NULL
188163,217822,NULL
188164,217824,NULL
188165,217825,NULL
188166,217826,NULL
188167,217827,NULL
188168,217828,NULL
188169,217830,246252
188170,217831,NULL
188171,217832,NULL
188172,217833,NULL
188173,217834,252189
188173,217834,267447
188173,217834,280862
188174,217835,NULL
188175,217836,NULL
188176,217838,NULL
188177,217839,NULL
188178,217840,NULL
188179,217841,256243
188180,217842,NULL
188181,217843,253752
188182,217844,NULL
188183,217847,248072
188184,217848,NULL
188185,217849,NULL
188186,217851,NULL
188187,217853,NULL
188188,217854,NULL
188189,217856,NULL
188190,217857,NULL
188191,217858,NULL
188192,217859,NULL
188193,217860,NULL
188194,217861,NULL
188195,217862,NULL
188196,217863,NULL
188197,217864,NULL
188198,217865,NULL
188199,217866,NULL
188200,217868,NULL
188201,217869,NULL
188202,217870,NULL
188203,217871,NULL
188204,217872,NULL
188205,217873,NULL
188206,217875,NULL
188207,217876,NULL
188208,217877,NULL
188209,217878,NULL
188210,217880,NULL
188211,217881,NULL
188212,217882,NULL
188213,217884,NULL
188214,217885,NULL
188215,217887,NULL
188216,217888,NULL
188217,217889,NULL
188218,217891,NULL
188219,217892,NULL
188220,217893,236316
188220,217893,247365
188220,217893,252023
188221,217897,NULL
188222,217899,NULL
188223,217900,237554
188224,217901,NULL
188225,217902,NULL
188226,217903,NULL
188227,217904,232919
188228,217905,NULL
188229,217906,234455
188230,217907,NULL
188231,217908,NULL
188232,217909,NULL
188233,217910,NULL
188234,217911,NULL
188235,217912,NULL
188236,217913,NULL
188237,217914,NULL
188238,217915,NULL
188239,217917,NULL
188240,217918,226637
188241,217919,NULL
188242,217922,NULL
188243,217923,NULL
188244,217924,NULL
188245,217925,NULL
188246,217926,NULL
188247,217927,NULL
188248,217928,NULL
188249,217929,NULL
188250,217930,NULL
188251,217931,NULL
188252,217932,NULL
188253,217933,NULL
188254,217934,NULL
188255,217935,NULL
188256,217936,NULL
188257,217937,NULL
188258,217938,NULL
188259,217939,NULL
188260,217940,NULL
188261,217941,NULL
188262,217942,251965
188262,217942,260808
188262,217942,265073
188263,217944,254837
188264,217945,NULL
188265,217946,NULL
188266,217947,NULL
188267,217948,NULL
188268,217949,NULL
188269,217951,NULL
188270,217952,NULL
188271,217953,NULL
188272,217954,244140
188273,217955,NULL
188274,217957,NULL
188275,217958,NULL
188276,217959,NULL
188277,217961,NULL
188278,217962,NULL
188279,217963,NULL
188280,217964,NULL
188281,217967,223668
188282,217968,NULL
188283,217969,NULL
188284,217971,NULL
188285,217972,NULL
188286,217973,NULL
188287,217974,NULL
188288,217975,NULL
188289,217976,NULL
188290,217977,NULL
188291,217978,NULL
188292,217979,226915
188292,217979,233833
188292,217979,244329
188293,217982,NULL
188294,217983,232481
188295,217984,NULL
188296,217985,NULL
188297,217987,NULL
188298,217988,NULL
188299,217989,NULL
188300,217991,NULL
188301,217993,NULL
188302,217994,231097
188303,217995,NULL
188304,217996,NULL
188305,217997,NULL
188306,217998,NULL
188307,217999,254399
188308,218000,NULL
188309,218001,NULL
188310,218002,NULL
188311,218003,NULL
188312,218004,NULL
188313,218005,NULL
188314,218006,NULL
188315,218008,NULL
188316,218009,NULL
188317,218011,NULL
188318,218012,NULL
188319,218013,NULL
188320,218014,NULL
188321,218015,NULL
188322,218016,NULL
188323,218017,NULL
188324,218018,254599
188325,218019,NULL
188326,218020,NULL
188327,218021,NULL
188328,218022,233057
188329,218023,NULL
188330,218024,NULL
188331,218025,NULL
188332,218026,NULL
188333,218028,NULL
188334,218029,NULL
188335,218030,NULL
188336,218031,NULL
188337,218033,NULL
188338,218034,NULL
188339,218038,243281
188340,218039,NULL
188341,218041,NULL
188342,218043,223649
188343,218044,NULL
188344,218045,NULL
188345,218046,NULL
188346,218048,NULL
188347,218049,NULL
188348,218050,NULL
188349,218051,NULL
188350,218053,NULL
188351,218054,NULL
188352,218056,NULL
188353,218057,NULL
188354,218058,NULL
188355,218059,NULL
188356,218061,NULL
188357,218062,NULL
188358,218063,NULL
188359,218064,NULL
188360,218065,NULL
188361,218066,NULL
188362,218067,237484
188363,218068,NULL
188364,218070,NULL
188365,218072,NULL
188366,218073,NULL
188367,218074,NULL
188368,218075,239699
188368,218075,259698
188368,218075,273136
188369,218076,NULL
188370,218077,NULL
188371,218078,NULL
188372,218079,NULL
188373,218080,NULL
188374,218082,NULL
188375,218083,NULL
188376,218084,NULL
188377,218087,NULL
188378,218088,NULL
188379,218089,243246
188379,218089,246494
188379,218089,258021
188380,218091,NULL
188381,218092,NULL
188382,218093,NULL
188383,218094,NULL
188384,218095,238902
188385,218096,248800
188386,218097,232677
188386,218097,235722
188386,218097,244768
188387,218098,NULL
188388,218099,NULL
188389,218101,NULL
188390,218103,NULL
188391,218104,NULL
188392,218105,NULL
188393,218107,NULL
188394,218108,NULL
188395,218109,NULL
188396,218110,253232
188396,218110,257930
188396,218110,270898
188397,218111,NULL
188398,218112,NULL
188399,218113,NULL
188400,218115,NULL
188401,218118,NULL
188402,218119,NULL
188403,218120,NULL
188404,218121,NULL
188405,218122,NULL
188406,218123,NULL
188407,218124,240583
188408,218125,NULL
188409,218126,NULL
188410,218127,NULL
188411,218128,NULL
188412,218129,NULL
188413,218130,NULL
188414,218132,240449
188415,218133,NULL
188416,218134,NULL
188417,218135,NULL
188418,218136,NULL
188419,218140,NULL
188420,218142,NULL
188421,218144,NULL
188422,218145,242859
188423,218146,NULL
188424,218147,234672
188424,218147,250439
188424,218147,261690
188425,218148,NULL
188426,218149,NULL
188427,218151,NULL
188428,218152,222058
188429,218154,NULL
188430,218156,252658
188430,218156,264382
188430,218156,275840
188431,218159,231711
188432,218160,NULL
188433,218161,NULL
188434,218163,NULL
188435,218165,NULL
188436,218167,NULL
188437,218170,NULL
188438,218171,NULL
188439,218172,NULL
188440,218173,NULL
188441,218174,NULL
188442,218175,NULL
188443,218176,NULL
188444,218177,NULL
188445,218179,NULL
188446,218180,NULL
188447,218181,236573
188447,218181,237696
188447,218181,241170
188448,218182,238951
188449,218183,NULL
188450,218184,NULL
188451,218185,NULL
188452,218186,NULL
188453,218187,NULL
188454,218188,NULL
188455,218190,NULL
188456,218191,NULL
188457,218192,226330
188458,218193,NULL
188459,218195,NULL
188460,218196,NULL
188461,218197,NULL
188462,218198,242806
188463,218199,NULL
188464,218200,245568
188465,218201,NULL
188466,218202,NULL
188467,218203,247678
188467,218203,253787
188467,218203,265028
188468,218204,245298
188468,218204,264355
188468,218204,272088
188469,218205,NULL
188470,218206,NULL
188471,218207,NULL
188472,218208,NULL
188473,218209,NULL
188474,218210,NULL
188475,218211,NULL
188476,218212,NULL
188477,218213,253065
188478,218214,NULL
188479,218216,NULL
188480,218218,NULL
188481,218221,NULL
188482,218222,NULL
188483,218223,243395
188484,218224,NULL
188485,218225,NULL
188486,218226,NULL
188487,218227,NULL
188488,218229,NULL
188489,218230,NULL
188490,218231,NULL
188491,218233,NULL
188492,218234,NULL
188493,218236,NULL
188494,218237,NULL
188495,218238,NULL
188496,218240,NULL
188497,218242,233651
188498,218243,NULL
188499,218244,NULL
188500,218245,NULL
188501,218246,NULL
188502,218247,NULL
188503,218248,NULL
188504,218250,NULL
188505,218252,NULL
188506,218254,235693
188507,218255,NULL
188508,218258,NULL
188509,218259,237612
188509,218259,246233
188509,218259,260043
188510,218260,NULL
188511,218261,NULL
188512,218262,NULL
188513,218263,237021
188513,218263,243421
188513,218263,256578
188514,218264,NULL
188515,218265,257090
188515,218265,271298
188515,218265,285278
188516,218266,NULL
188517,218267,228449
188518,218268,NULL
188519,218270,NULL
188520,218271,NULL
188521,218272,NULL
188522,218273,NULL
188523,218275,235589
188523,218275,242478
188523,218275,250541
188524,218277,NULL
188525,218278,243157
188526,218279,233402
188527,218281,NULL
188528,218282,NULL
188529,218283,NULL
188530,218284,NULL
188531,218285,NULL
188532,218286,NULL
188533,218287,NULL
188534,218288,NULL
188535,218289,224914
188535,218289,236481
188535,218289,247984
188536,218290,NULL
188537,218291,241657
188538,218292,NULL
188539,218293,NULL
188540,218295,NULL
188541,218296,NULL
188542,218297,NULL
188543,218298,NULL
188544,218299,NULL
188545,218300,232299
188545,218300,235265
188545,218300,249314
188546,218302,242107
188546,218302,258779
188546,218302,273543
188547,218303,NULL
188548,218305,NULL
188549,218306,NULL
188550,218309,NULL
188551,218310,NULL
188552,218313,NULL
188553,218314,236973
188554,218315,NULL
188555,218316,NULL
188556,218318,NULL
188557,218319,NULL
188558,218320,NULL
188559,218321,NULL
188560,218322,NULL
188561,218323,NULL
188562,218324,NULL
188563,218326,NULL
188564,218327,NULL
188565,218328,257164
188566,218331,252708
188567,218332,251857
188568,218333,NULL
188569,218334,232174
188570,218335,NULL
188571,218336,NULL
188572,218338,NULL
188573,218339,NULL
188574,218340,NULL
188575,218342,NULL
188576,218343,NULL
188577,218345,NULL
188578,218347,NULL
188579,218348,NULL
188580,218350,NULL
188581,218351,NULL
188582,218352,254564
188583,218353,NULL
188584,218355,231332
188585,218356,NULL
188586,218358,NULL
188587,218360,NULL
188588,218361,NULL
188589,218362,NULL
188590,218363,NULL
188591,218364,NULL
188592,218366,NULL
188593,218367,NULL
188594,218368,224092
188595,218369,257373
188595,218369,266188
188595,218369,276778
188596,218370,256926
188597,218371,NULL
188598,218373,NULL
188599,218374,NULL
188600,218375,NULL
188601,218377,NULL
188602,218378,NULL
188603,218381,NULL
188604,218382,NULL
188605,218383,NULL
188606,218384,NULL
188607,218386,227194
188608,218387,NULL
188609,218388,NULL
188610,218389,235562
188611,218390,NULL
188612,218391,NULL
188613,218392,NULL
188614,218393,NULL
188615,218395,NULL
188616,218397,NULL
188617,218398,NULL
188618,218399,NULL
188619,218400,NULL
188620,218401,NULL
188621,218402,NULL
188622,218403,NULL
188623,218405,NULL
188624,218406,NULL
188625,218407,NULL
188626,218408,NULL
188627,218409,NULL
188628,218410,NULL
188629,218411,NULL
188630,218413,NULL
188631,218414,NULL
188632,218415,NULL
188633,218416,250208
188634,218419,NULL
188635,218420,253866
188636,218421,NULL
188637,218422,NULL
188638,218423,NULL
188639,218424,NULL
188640,218425,NULL
188641,218426,NULL
188642,218428,NULL
188643,218429,NULL
188644,218430,NULL
188645,218431,NULL
188646,218433,NULL
188647,218434,NULL
188648,218435,NULL
188649,218436,NULL
188650,218437,NULL
188651,218438,NULL
188652,218439,NULL
188653,218440,NULL
188654,218441,NULL
188655,218442,NULL
188656,218443,NULL
188657,218444,NULL
188658,218446,NULL
188659,218447,NULL
188660,218448,NULL
188661,218451,256628
188662,218452,NULL
188663,218453,246632
188664,218454,NULL
188665,218455,NULL
188666,218456,256806
188666,218456,272757
188666,218456,274702
188667,218457,NULL
188668,218458,242820
188669,218459,247949
188670,218460,249577
188670,218460,259815
188670,218460,268770
188671,218461,NULL
188672,218463,NULL
188673,218464,NULL
188674,218465,NULL
188675,218466,225579
188676,218467,NULL
188677,218468,NULL
188678,218469,NULL
188679,218470,NULL
188680,218471,NULL
188681,218473,NULL
188682,218474,NULL
188683,218475,NULL
188684,218476,246081
188685,218477,NULL
188686,218478,NULL
188687,218479,NULL
188688,218480,NULL
188689,218481,NULL
188690,218482,253911
188691,218483,NULL
188692,218484,NULL
188693,218489,NULL
188694,218490,NULL
188695,218491,NULL
188696,218492,NULL
188697,218494,237333
188697,218494,252131
188697,218494,263042
188698,218496,NULL
188699,218499,NULL
188700,218500,NULL
188701,218501,247751
188702,218503,NULL
188703,218504,237893
188704,218506,NULL
188705,218507,NULL
188706,218508,246443
188707,218509,NULL
188708,218510,244851
188709,218511,NULL
188710,218512,NULL
188711,218515,NULL
188712,218516,NULL
188713,218517,NULL
188714,218518,NULL
188715,218519,NULL
188716,218521,229242
188717,218522,NULL
188718,218523,NULL
188719,218524,NULL
188720,218525,NULL
188721,218526,NULL
188722,218527,237842
188722,218527,245631
188722,218527,259486
188723,218528,NULL
188724,218529,231388
188725,218530,237870
188726,218531,NULL
188727,218532,NULL
188728,218533,NULL
188729,218534,NULL
188730,218535,NULL
188731,218536,NULL
188732,218537,227766
188733,218538,NULL
188734,218539,NULL
188735,218540,NULL
188736,218541,NULL
188737,218542,NULL
188738,218543,NULL
188739,218545,NULL
188740,218546,NULL
188741,218547,NULL
188742,218548,NULL
188743,218550,246222
188744,218551,NULL
188745,218552,NULL
188746,218553,NULL
188747,218554,252561
188748,218555,NULL
188749,218557,NULL
188750,218559,228843
188750,218559,234692
188750,218559,237597
188751,218560,243984
188752,218561,NULL
188753,218562,224540
188754,218563,NULL
188755,218565,NULL
188756,218567,NULL
188757,218568,NULL
188758,218569,NULL
188759,218571,NULL
188760,218572,NULL
188761,218573,NULL
188762,218574,NULL
188763,218575,222888
188764,218577,NULL
188765,218578,NULL
188766,218579,NULL
188767,218580,NULL
188768,218582,246723
188769,218583,NULL
188770,218586,NULL
188771,218590,NULL
188772,218591,NULL
188773,218592,NULL
188774,218593,NULL
188775,218594,NULL
188776,218595,NULL
188777,218596,NULL
188778,218597,NULL
188779,218598,NULL
188780,218599,NULL
188781,218600,NULL
188782,218602,NULL
188783,218603,NULL
188784,218605,NULL
188785,218607,NULL
188786,218609,NULL
188787,218610,NULL
188788,218612,NULL
188789,218613,NULL
188790,218614,NULL
188791,218615,NULL
188792,218617,NULL
188793,218618,NULL
188794,218619,NULL
188795,218620,NULL
188796,218622,NULL
188797,218623,NULL
188798,218625,NULL
188799,218626,NULL
188800,218627,NULL
188801,218628,NULL
188802,218629,NULL
188803,218630,NULL
188804,218631,NULL
188805,218633,NULL
188806,218634,NULL
188807,218635,NULL
188808,218636,NULL
188809,218637,NULL
188810,218638,243307
188811,218641,NULL
188812,218642,NULL
188813,218644,NULL
188814,218645,NULL
188815,218646,NULL
188816,218649,NULL
188817,218650,NULL
188818,218651,NULL
188819,218652,NULL
188820,218654,NULL
188821,218655,NULL
188822,218656,NULL
188823,218658,NULL
188824,218659,NULL
188825,218660,NULL
188826,218661,NULL
188827,218662,NULL
188828,218663,NULL
188829,218664,NULL
188830,218665,NULL
188831,218666,NULL
188832,218667,NULL
188833,218668,NULL
188834,218670,NULL
188835,218671,NULL
188836,218674,NULL
188837,218675,NULL
188838,218676,232616
188839,218677,240904
188840,218678,NULL
188841,218679,253534
188842,218680,NULL
188843,218681,NULL
188844,218682,NULL
188845,218683,NULL
188846,218684,NULL
188847,218685,NULL
188848,218686,NULL
188849,218687,NULL
188850,218688,NULL
188851,218691,NULL
188852,218693,255751
188853,218694,NULL
188854,218695,229324
188855,218696,NULL
188856,218698,NULL
188857,218699,NULL
188858,218700,221613
188859,218701,NULL
188860,218702,NULL
188861,218703,NULL
188862,218705,NULL
188863,218707,NULL
188864,218708,NULL
188865,218709,NULL
188866,218710,NULL
188867,218712,NULL
188868,218713,NULL
188869,218716,NULL
188870,218717,NULL
188871,218718,235080
188871,218718,255338
188871,218718,263979
188872,218720,NULL
188873,218722,235738
188874,218723,NULL
188875,218724,NULL
188876,218727,NULL
188877,218728,NULL
188878,218729,NULL
188879,218730,NULL
188880,218731,NULL
188881,218732,225417
188882,218733,NULL
188883,218735,NULL
188884,218736,NULL
188885,218738,NULL
188886,218739,NULL
188887,218740,231015
188888,218741,221183
188889,218742,NULL
188890,218743,NULL
188891,218744,NULL
188892,218745,NULL
188893,218746,NULL
188894,218747,249780
188895,218749,254853
188896,218750,232074
188897,218752,NULL
188898,218753,229261
188899,218754,NULL
188900,218755,NULL
188901,218756,NULL
188902,218757,NULL
188903,218758,NULL
188904,218759,NULL
188905,218760,NULL
188906,218762,238736
188907,218763,NULL
188908,218764,NULL
188909,218765,NULL
188910,218766,NULL
188911,218767,NULL
188912,218769,NULL
188913,218770,NULL
188914,218771,226520
188914,218771,239483
188914,218771,242357
188915,218772,NULL
188916,218773,NULL
188917,218775,NULL
188918,218776,NULL
188919,218778,NULL
188920,218779,NULL
188921,218781,NULL
188922,218782,NULL
188923,218783,234144
188923,218783,254124
188923,218783,257764
188924,218784,NULL
188925,218785,NULL
188926,218786,NULL
188927,218787,NULL
188928,218788,NULL
188929,218789,NULL
188930,218790,230789
188930,218790,235688
188930,218790,239041
188931,218795,NULL
188932,218796,NULL
188933,218797,NULL
188934,218799,NULL
188935,218800,NULL
188936,218801,NULL
188937,218802,NULL
188938,218803,NULL
188939,218804,NULL
188940,218805,NULL
188941,218807,NULL
188942,218808,NULL
188943,218809,NULL
188944,218810,NULL
188945,218813,NULL
188946,218814,NULL
188947,218815,236719
188948,218816,NULL
188949,218817,NULL
188950,218818,NULL
188951,218819,NULL
188952,218821,NULL
188953,218822,NULL
188954,218824,254092
188954,218824,261966
188954,218824,276384
188955,218825,NULL
188956,218826,NULL
188957,218827,NULL
188958,218828,NULL
188959,218829,250270
188960,218833,NULL
188961,218834,NULL
188962,218835,NULL
188963,218836,NULL
188964,218837,NULL
188965,218838,NULL
188966,218839,NULL
188967,218840,NULL
188968,218841,NULL
188969,218842,NULL
188970,218843,NULL
188971,218844,NULL
188972,218845,NULL
188973,218846,NULL
188974,218847,NULL
188975,218848,NULL
188976,218850,NULL
188977,218851,NULL
188978,218852,NULL
188979,218853,NULL
188980,218854,NULL
188981,218856,NULL
188982,218857,NULL
188983,218858,NULL
188984,218859,NULL
188985,218860,247484
188985,218860,260461
188985,218860,269843
188986,218861,NULL
188987,218863,NULL
188988,218864,242232
188989,218866,NULL
188990,218867,NULL
188991,218868,NULL
188992,218870,225026
188992,218870,244750
188992,218870,255988
188993,218871,NULL
188994,218874,NULL
188995,218876,NULL
188996,218877,NULL
188997,218878,NULL
188998,218879,NULL
188999,218880,NULL
189000,218881,NULL
189001,218882,NULL
189002,218883,NULL
189003,218885,249772
189004,218886,246282
189005,218887,NULL
189006,218888,NULL
189007,218889,NULL
189008,218890,NULL
189009,218891,NULL
189010,218893,NULL
189011,218894,NULL
189012,218895,NULL
189013,218896,NULL
189014,218897,NULL
189015,218898,NULL
189016,218899,NULL
189017,218900,NULL
189018,218901,NULL
189019,218902,NULL
189020,218903,NULL
189021,218904,NULL
189022,218905,NULL
189023,218907,NULL
189024,218909,NULL
189025,218910,NULL
189026,218911,NULL
189027,218912,NULL
189028,218913,NULL
189029,218914,254930
189029,218914,275775
189029,218914,283373
189030,218915,NULL
189031,218916,NULL
189032,218917,NULL
189033,218919,NULL
189034,218920,246007
189035,218921,NULL
189036,218922,NULL
189037,218925,NULL
189038,218928,NULL
189039,218929,NULL
189040,218930,NULL
189041,218931,NULL
189042,218936,NULL
189043,218937,NULL
189044,218938,NULL
189045,218939,228957
189046,218940,NULL
189047,218941,NULL
189048,218942,NULL
189049,218943,240296
189049,218943,243293
189049,218943,254194
189050,218944,NULL
189051,218945,237018
189051,218945,250744
189051,218945,254718
189052,218948,NULL
189053,218949,NULL
189054,218950,243575
189055,218954,NULL
189056,218955,NULL
189057,218956,NULL
189058,218957,NULL
189059,218958,241565
189060,218959,NULL
189061,218961,NULL
189062,218962,NULL
189063,218963,244128
189064,218964,NULL
189065,218965,NULL
189066,218966,231320
189066,218966,244293
189066,218966,247207
189067,218967,224125
189068,218970,NULL
189069,218971,NULL
189070,218972,NULL
189071,218974,NULL
189072,218975,NULL
189073,218976,NULL
189074,218978,NULL
189075,218979,NULL
189076,218980,NULL
189077,218981,NULL
189078,218982,NULL
189079,218983,NULL
189080,218984,NULL
189081,218985,NULL
189082,218986,NULL
189083,218987,NULL
189084,218988,NULL
189085,218989,NULL
189086,218990,256017
189087,218991,NULL
189088,218993,NULL
189089,218994,241978
189089,218994,246621
189089,218994,255303
189090,218995,237937
189090,218995,246987
189090,218995,255956
189091,218996,NULL
189092,218997,NULL
189093,218998,NULL
189094,219000,NULL
189095,219001,NULL
189096,219002,NULL
189097,219004,NULL
189098,219005,NULL
189099,219006,NULL
189100,219007,NULL
189101,219009,NULL
189102,219013,224562
189103,219014,232686
189104,219015,NULL
189105,219016,NULL
189106,219017,NULL
189107,219019,NULL
189108,219020,NULL
189109,219021,225926
189110,219023,NULL
189111,219024,NULL
189112,219025,NULL
189113,219026,NULL
189114,219027,240257
189115,219029,NULL
189116,219031,NULL
189117,219032,253427
189118,219033,NULL
189119,219035,NULL
189120,219036,NULL
189121,219038,NULL
189122,219039,NULL
189123,219041,243093
189124,219042,NULL
189125,219043,238113
189126,219044,NULL
189127,219048,NULL
189128,219050,NULL
189129,219051,NULL
189130,219052,NULL
189131,219053,NULL
189132,219054,NULL
189133,219055,NULL
189134,219056,NULL
189135,219057,254959
189136,219059,NULL
189137,219060,NULL
189138,219061,251174
189139,219062,NULL
189140,219063,NULL
189141,219064,NULL
189142,219066,NULL
189143,219067,NULL
189144,219068,NULL
189145,219070,NULL
189146,219071,NULL
189147,219072,NULL
189148,219075,NULL
189149,219076,NULL
189150,219077,NULL
189151,219078,249835
189152,219079,NULL
189153,219080,NULL
189154,219081,NULL
189155,219082,NULL
189156,219083,NULL
189157,219084,234155
189158,219085,NULL
189159,219086,222638
189160,219087,NULL
189161,219088,NULL
189162,219089,NULL
189163,219090,NULL
189164,219091,NULL
189165,219092,NULL
189166,219093,NULL
189167,219095,NULL
189168,219097,NULL
189169,219098,NULL
189170,219099,NULL
189171,219100,233856
189172,219101,NULL
189173,219102,245697
189174,219103,NULL
189175,219104,250812
189175,219104,259838
189175,219104,266561
189176,219105,NULL
189177,219106,NULL
189178,219107,NULL
189179,219110,235334
189179,219110,254752
189179,219110,260067
189180,219111,NULL
189181,219113,246308
189181,219113,268690
189181,219113,271220
189182,219114,NULL
189183,219116,NULL
189184,219117,NULL
189185,219118,NULL
189186,219119,NULL
189187,219121,NULL
189188,219122,NULL
189189,219123,NULL
189190,219124,NULL
189191,219125,NULL
189192,219126,NULL
189193,219127,NULL
189194,219129,NULL
189195,219132,NULL
189196,219133,239113
189197,219134,NULL
189198,219135,NULL
189199,219136,NULL
189200,219137,NULL
189201,219140,NULL
189202,219141,NULL
189203,219143,NULL
189204,219144,255996
189204,219144,270268
189204,219144,280257
189205,219145,NULL
189206,219146,244234
189207,219148,NULL
189208,219149,NULL
189209,219150,NULL
189210,219151,NULL
189211,219152,NULL
189212,219153,NULL
189213,219155,NULL
189214,219156,223232
189215,219157,NULL
189216,219158,NULL
189217,219159,NULL
189218,219160,241264
189219,219161,NULL
189220,219163,223101
189221,219166,NULL
189222,219167,NULL
189223,219170,NULL
189224,219171,232047
189225,219172,NULL
189226,219175,NULL
189227,219177,NULL
189228,219178,NULL
189229,219179,NULL
189230,219180,NULL
189231,219181,NULL
189232,219182,NULL
189233,219185,251283
189233,219185,271178
189233,219185,274657
189234,219186,227027
189234,219186,240931
189234,219186,250509
189235,219188,NULL
189236,219189,235607
189237,219190,NULL
189238,219191,NULL
189239,219192,NULL
189240,219193,NULL
189241,219194,NULL
189242,219195,NULL
189243,219197,NULL
189244,219198,248197
189244,219198,266409
189244,219198,269807
189245,219201,234296
189246,219202,NULL
189247,219203,NULL
189248,219205,NULL
189249,219206,240072
189249,219206,255694
189249,219206,265792
189250,219207,NULL
189251,219209,NULL
189252,219211,NULL
189253,219212,NULL
189254,219213,240634
189255,219217,NULL
189256,219218,NULL
189257,219219,NULL
189258,219220,NULL
189259,219221,NULL
189260,219222,NULL
189261,219223,NULL
189262,219224,NULL
189263,219225,NULL
189264,219226,NULL
189265,219228,NULL
189266,219229,NULL
189267,219231,NULL
189268,219232,NULL
189269,219233,NULL
189270,219234,NULL
189271,219235,NULL
189272,219236,NULL
189273,219237,NULL
189274,219239,NULL
189275,219240,240960
189276,219243,230463
189277,219244,NULL
189278,219246,NULL
189279,219247,NULL
189280,219248,NULL
189281,219249,NULL
189282,219250,NULL
189283,219251,NULL
189284,219252,NULL
189285,219253,NULL
189286,219254,NULL
189287,219255,NULL
189288,219256,NULL
189289,219257,NULL
189290,219258,NULL
189291,219260,NULL
189292,219261,NULL
189293,219262,NULL
189294,219263,NULL
189295,219264,NULL
189296,219265,NULL
189297,219267,NULL
189298,219268,NULL
189299,219270,235263
189300,219271,NULL
189301,219272,NULL
189302,219273,NULL
189303,219274,NULL
189304,219275,NULL
189305,219276,NULL
189306,219277,NULL
189307,219278,NULL
189308,219279,NULL
189309,219280,NULL
189310,219281,NULL
189311,219282,NULL
189312,219283,NULL
189313,219284,NULL
189314,219285,NULL
189315,219286,NULL
189316,219287,NULL
189317,219288,NULL
189318,219289,NULL
189319,219290,NULL
189320,219291,230371
189320,219291,235405
189320,219291,245940
189321,219292,234543
189322,219294,NULL
189323,219295,230814
189324,219297,NULL
189325,219298,NULL
189326,219299,NULL
189327,219300,NULL
189328,219302,NULL
189329,219304,NULL
189330,219305,NULL
189331,219306,NULL
189332,219308,NULL
189333,219310,NULL
189334,219311,NULL
189335,219312,NULL
189336,219313,NULL
189337,219314,NULL
189338,219315,239106
189339,219316,NULL
189340,219318,NULL
189341,219319,NULL
189342,219320,NULL
189343,219321,NULL
189344,219324,NULL
189345,219325,243040
189346,219326,NULL
189347,219327,223315
189348,219328,NULL
189349,219329,NULL
189350,219330,NULL
189351,219331,NULL
189352,219332,231438
189353,219334,224933
189354,219335,NULL
189355,219336,NULL
189356,219337,227453
189357,219338,NULL
189358,219340,255773
189358,219340,263091
189358,219340,270623
189359,219341,NULL
189360,219342,NULL
189361,219343,NULL
189362,219344,NULL
189363,219345,NULL
189364,219346,NULL
189365,219348,NULL
189366,219349,NULL
189367,219350,NULL
189368,219351,NULL
189369,219353,NULL
189370,219354,NULL
189371,219355,NULL
189372,219356,224078
189373,219357,NULL
189374,219359,236954
189375,219360,NULL
189376,219361,238286
189377,219362,248204
189377,219362,250287
189377,219362,259986
189378,219363,NULL
189379,219364,228788
189380,219365,NULL
189381,219366,NULL
189382,219367,NULL
189383,219368,NULL
189384,219369,253517
189385,219371,NULL
189386,219372,NULL
189387,219374,NULL
189388,219376,NULL
189389,219377,253319
189389,219377,265790
189389,219377,281166
189390,219378,256540
189391,219379,238144
189392,219380,NULL
189393,219382,NULL
189394,219383,NULL
189395,219384,NULL
189396,219385,NULL
189397,219386,NULL
189398,219387,NULL
189399,219388,NULL
189400,219389,NULL
189401,219392,NULL
189402,219394,251572
189403,219395,NULL
189404,219396,NULL
189405,219397,NULL
189406,219398,NULL
189407,219399,NULL
189408,219400,NULL
189409,219401,NULL
189410,219402,NULL
189411,219403,NULL
189412,219404,NULL
189413,219407,NULL
189414,219408,NULL
189415,219409,NULL
189416,219410,NULL
189417,219412,NULL
189418,219415,NULL
189419,219416,NULL
189420,219417,NULL
189421,219418,NULL
189422,219419,NULL
189423,219421,NULL
189424,219422,NULL
189425,219423,225532
189426,219424,NULL
189427,219425,NULL
189428,219427,NULL
189429,219428,NULL
189430,219429,243363
189431,219430,NULL
189432,219431,NULL
189433,219432,221741
189434,219433,NULL
189435,219435,NULL
189436,219436,228172
189437,219437,NULL
189438,219438,NULL
189439,219439,NULL
189440,219440,NULL
189441,219441,NULL
189442,219443,NULL
189443,219444,NULL
189444,219445,NULL
189445,219446,233720
189446,219447,NULL
189447,219448,NULL
189448,219449,NULL
189449,219450,NULL
189450,219451,NULL
189451,219452,NULL
189452,219454,NULL
189453,219455,NULL
189454,219456,NULL
189455,219457,NULL
189456,219458,226025
189457,219459,NULL
189458,219460,NULL
189459,219461,NULL
189460,219462,NULL
189461,219463,221731
189461,219463,238087
189461,219463,250516
189462,219464,228077
189463,219465,NULL
189464,219466,NULL
189465,219467,NULL
189466,219468,NULL
189467,219469,230426
189468,219470,NULL
189469,219471,NULL
189470,219472,NULL
189471,219473,NULL
189472,219475,NULL
189473,219478,NULL
189474,219479,NULL
189475,219480,NULL
189476,219481,NULL
189477,219482,NULL
189478,219483,NULL
189479,219484,NULL
189480,219485,NULL
189481,219486,NULL
189482,219487,NULL
189483,219488,NULL
189484,219491,NULL
189485,219493,248600
189486,219495,228590
189487,219497,NULL
189488,219498,NULL
189489,219499,NULL
189490,219500,NULL
189491,219502,NULL
189492,219503,NULL
189493,219505,231979
189493,219505,233263
189493,219505,247455
189494,219506,NULL
189495,219507,NULL
189496,219508,NULL
189497,219509,NULL
189498,219510,NULL
189499,219511,256869
189500,219512,NULL
189501,219513,NULL
189502,219514,NULL
189503,219515,245614
189504,219516,NULL
189505,219517,NULL
189506,219518,NULL
189507,219519,NULL
189508,219520,NULL
189509,219522,NULL
189510,219523,NULL
189511,219524,NULL
189512,219525,223159
189513,219526,NULL
189514,219527,NULL
189515,219528,237478
189516,219529,NULL
189517,219530,NULL
189518,219531,NULL
189519,219532,NULL
189520,219533,NULL
189521,219534,NULL
189522,219536,NULL
189523,219537,256823
189524,219539,221118
189524,219539,240824
189524,219539,241258
189525,219540,NULL
189526,219541,248801
189527,219542,NULL
189528,219543,NULL
189529,219544,NULL
189530,219546,NULL
189531,219547,NULL
189532,219548,NULL
189533,219550,NULL
189534,219552,NULL
189535,219553,NULL
189536,219554,NULL
189537,219555,NULL
189538,219557,NULL
189539,219558,NULL
189540,219560,242686
189540,219560,246352
189540,219560,251942
189541,219562,NULL
189542,219563,NULL
189543,219564,NULL
189544,219565,245627
189544,219565,250035
189544,219565,261164
189545,219566,247947
189545,219566,256116
189545,219566,263802
189546,219567,NULL
189547,219568,NULL
189548,219569,NULL
189549,219572,NULL
189550,219573,221737
189551,219574,NULL
189552,219575,247435
189553,219577,NULL
189554,219578,NULL
189555,219579,NULL
189556,219580,NULL
189557,219581,NULL
189558,219583,NULL
189559,219584,NULL
189560,219585,231549
189560,219585,252242
189560,219585,262471
189561,219587,NULL
189562,219588,NULL
189563,219589,NULL
189564,219591,NULL
189565,219593,NULL
189566,219594,NULL
189567,219595,NULL
189568,219596,NULL
189569,219597,NULL
189570,219598,NULL
189571,219599,NULL
189572,219601,NULL
189573,219602,241354
189574,219603,NULL
189575,219604,NULL
189576,219607,231033
189577,219608,NULL
189578,219609,251240
189579,219610,NULL
189580,219611,NULL
189581,219612,248043
189581,219612,254948
189581,219612,261559
189582,219614,NULL
189583,219615,NULL
189584,219616,NULL
189585,219617,NULL
189586,219618,NULL
189587,219619,NULL
189588,219620,NULL
189589,219621,NULL
189590,219622,NULL
189591,219623,NULL
189592,219624,228531
189592,219624,235469
189592,219624,248400
189593,219625,NULL
189594,219627,NULL
189595,219628,NULL
189596,219631,NULL
189597,219632,247598
189597,219632,253818
189597,219632,267823
189598,219633,NULL
189599,219634,NULL
189600,219637,NULL
189601,219638,NULL
189602,219640,NULL
189603,219641,242122
189604,219642,NULL
189605,219643,NULL
189606,219644,NULL
189607,219645,NULL
189608,219646,NULL
189609,219647,NULL
189610,219648,NULL
189611,219649,NULL
189612,219650,NULL
189613,219652,230904
189614,219653,255309
189615,219654,NULL
189616,219655,NULL
189617,219656,NULL
189618,219659,NULL
189619,219660,240356
189620,219661,NULL
189621,219662,NULL
189622,219663,NULL
189623,219664,NULL
189624,219665,NULL
189625,219666,240397
189626,219667,NULL
189627,219668,239702
189627,219668,241238
189627,219668,247783
189628,219669,NULL
189629,219670,NULL
189630,219671,NULL
189631,219672,222866
189632,219675,NULL
189633,219676,NULL
189634,219677,NULL
189635,219678,NULL
189636,219680,224511
189637,219681,NULL
189638,219682,NULL
189639,219683,NULL
189640,219684,NULL
189641,219685,NULL
189642,219686,NULL
189643,219687,241295
189643,219687,249600
189643,219687,261809
189644,219688,NULL
189645,219690,NULL
189646,219691,NULL
189647,219693,NULL
189648,219694,NULL
189649,219695,NULL
189650,219697,NULL
189651,219698,NULL
189652,219699,NULL
189653,219700,NULL
189654,219701,NULL
189655,219702,NULL
189656,219703,NULL
189657,219704,NULL
189658,219705,NULL
189659,219706,NULL
189660,219707,NULL
189661,219709,NULL
189662,219711,NULL
189663,219712,NULL
189664,219713,NULL
189665,219714,NULL
189666,219715,NULL
189667,219716,NULL
189668,219717,NULL
189669,219718,NULL
189670,219720,NULL
189671,219721,NULL
189672,219723,NULL
189673,219724,NULL
189674,219727,NULL
189675,219728,NULL
189676,219729,254213
189676,219729,257968
189676,219729,267076
189677,219730,NULL
189678,219731,NULL
189679,219732,242256
189679,219732,260730
189679,219732,262723
189680,219733,NULL
189681,219734,NULL
189682,219735,NULL
189683,219736,NULL
189684,219737,NULL
189685,219739,NULL
189686,219740,NULL
189687,219742,NULL
189688,219743,NULL
189689,219745,NULL
189690,219746,NULL
189691,219747,NULL
189692,219748,NULL
189693,219749,NULL
189694,219750,NULL
189695,219751,NULL
189696,219752,NULL
189697,219753,NULL
189698,219754,251070
189698,219754,270985
189698,219754,276515
189699,219755,NULL
189700,219756,NULL
189701,219757,NULL
189702,219759,NULL
189703,219760,NULL
189704,219762,240755
189705,219763,NULL
189706,219764,NULL
189707,219767,NULL
189708,219769,NULL
189709,219770,NULL
189710,219771,NULL
189711,219773,NULL
189712,219774,NULL
189713,219775,NULL
189714,219776,NULL
189715,219777,NULL
189716,219778,NULL
189717,219779,NULL
189718,219782,NULL
189719,219783,NULL
189720,219785,NULL
189721,219788,224668
189722,219789,NULL
189723,219790,232641
189724,219791,NULL
189725,219792,NULL
189726,219793,NULL
189727,219795,NULL
189728,219800,224298
189729,219801,NULL
189730,219802,NULL
189731,219804,NULL
189732,219805,NULL
189733,219806,NULL
189734,219807,NULL
189735,219809,NULL
189736,219810,NULL
189737,219812,NULL
189738,219814,NULL
189739,219815,NULL
189740,219816,NULL
189741,219817,NULL
189742,219818,NULL
189743,219819,NULL
189744,219820,NULL
189745,219821,NULL
189746,219822,NULL
189747,219824,NULL
189748,219825,NULL
189749,219827,NULL
189750,219828,NULL
189751,219832,NULL
189752,219833,NULL
189753,219834,NULL
189754,219835,NULL
189755,219837,NULL
189756,219838,NULL
189757,219839,NULL
189758,219840,NULL
189759,219841,NULL
189760,219843,NULL
189761,219844,NULL
189762,219845,NULL
189763,219846,NULL
189764,219847,NULL
189765,219848,NULL
189766,219849,NULL
189767,219850,NULL
189768,219851,NULL
189769,219852,NULL
189770,219853,NULL
189771,219854,NULL
189772,219855,NULL
189773,219856,NULL
189774,219858,NULL
189775,219859,NULL
189776,219860,NULL
189777,219861,NULL
189778,219862,NULL
189779,219863,NULL
189780,219864,NULL
189781,219865,NULL
189782,219866,NULL
189783,219867,NULL
189784,219868,NULL
189785,219869,246668
189786,219871,NULL
189787,219872,NULL
189788,219873,NULL
189789,219874,NULL
189790,219878,NULL
189791,219879,NULL
189792,219881,255413
189792,219881,269564
189792,219881,272514
189793,219883,NULL
189794,219884,NULL
189795,219886,NULL
189796,219888,NULL
189797,219890,NULL
189798,219891,NULL
189799,219892,NULL
189800,219893,NULL
189801,219895,250684
189801,219895,270021
189801,219895,276159
189802,219896,245698
189803,219897,NULL
189804,219898,NULL
189805,219899,NULL
189806,219900,NULL
189807,219902,242783
189808,219903,NULL
189809,219905,239752
189810,219906,NULL
189811,219907,NULL
189812,219908,NULL
189813,219912,NULL
189814,219913,NULL
189815,219914,NULL
189816,219915,NULL
189817,219916,NULL
189818,219918,NULL
189819,219919,NULL
189820,219920,NULL
189821,219921,235895
189821,219921,251747
189821,219921,259424
189822,219922,NULL
189823,219923,NULL
189824,219924,NULL
189825,219925,NULL
189826,219926,NULL
189827,219929,NULL
189828,219930,NULL
189829,219931,NULL
189830,219932,NULL
189831,219933,NULL
189832,219934,NULL
189833,219935,NULL
189834,219936,NULL
189835,219937,NULL
189836,219938,240543
189837,219940,NULL
189838,219941,NULL
189839,219942,226543
189840,219943,NULL
189841,219944,243865
189841,219944,258224
189841,219944,266396
189842,219946,240699
189843,219947,NULL
189844,219949,NULL
189845,219950,NULL
189846,219951,NULL
189847,219952,NULL
189848,219954,228529
189849,219955,NULL
189850,219957,NULL
189851,219958,NULL
189852,219959,NULL
189853,219960,NULL
189854,219961,NULL
189855,219962,NULL
189856,219963,NULL
189857,219965,NULL
189858,219966,NULL
189859,219967,NULL
189860,219968,NULL
189861,219969,NULL
189862,219970,226514
189863,219972,NULL
189864,219973,NULL
189865,219974,NULL
189866,219975,NULL
189867,219978,NULL
189868,219979,NULL
189869,219980,NULL
189870,219982,NULL
189871,219984,NULL
189872,219985,NULL
189873,219986,NULL
189874,219987,NULL
189875,219988,NULL
189876,219989,NULL
189877,219990,NULL
189878,219991,NULL
189879,219992,NULL
189880,219993,NULL
189881,219994,NULL
189882,219995,NULL
189883,219996,NULL
189884,219998,NULL
189885,219999,NULL
189886,220000,NULL
189887,220001,NULL
189888,220002,NULL
189889,220004,223128
189890,220005,NULL
189891,220007,NULL
189892,220009,NULL
189893,220010,NULL
189894,220011,NULL
189895,220012,251797
189896,220013,NULL
189897,220014,NULL
189898,220015,NULL
189899,220017,NULL
189900,220018,NULL
189901,220019,NULL
189902,220020,NULL
189903,220021,NULL
189904,220022,NULL
189905,220023,NULL
189906,220025,NULL
189907,220026,NULL
189908,220027,NULL
189909,220028,NULL
189910,220031,NULL
189911,220032,NULL
189912,220033,NULL
189913,220034,NULL
189914,220035,NULL
189915,220036,235148
189916,220038,NULL
189917,220039,NULL
189918,220040,NULL
189919,220041,NULL
189920,220042,NULL
189921,220043,NULL
189922,220045,NULL
189923,220047,NULL
189924,220048,NULL
189925,220049,NULL
189926,220050,NULL
189927,220051,230704
189928,220052,NULL
189929,220053,NULL
189930,220054,NULL
189931,220057,257099
189931,220057,267957
189931,220057,275990
189932,220059,NULL
189933,220061,NULL
189934,220062,NULL
189935,220063,NULL
189936,220064,NULL
189937,220065,NULL
189938,220066,254468
189938,220066,266330
189938,220066,272106
189939,220067,NULL
189940,220068,NULL
189941,220070,NULL
189942,220071,NULL
189943,220072,NULL
189944,220073,NULL
189945,220074,237320
189945,220074,252789
189945,220074,265046
189946,220075,NULL
189947,220076,NULL
189948,220077,232649
189949,220079,NULL
189950,220081,NULL
189951,220083,NULL
189952,220085,NULL
189953,220086,NULL
189954,220087,NULL
189955,220088,NULL
189956,220089,NULL
189957,220090,255613
189957,220090,270826
189957,220090,284825
189958,220091,NULL
189959,220094,NULL
189960,220096,NULL
189961,220099,NULL
189962,220100,NULL
189963,220101,246454
189963,220101,253807
189963,220101,265130
189964,220102,NULL
189965,220103,234818
189965,220103,240024
189965,220103,242673
189966,220104,NULL
189967,220105,NULL
189968,220106,NULL
189969,220107,NULL
189970,220108,NULL
189971,220109,256424
189972,220110,NULL
189973,220111,NULL
189974,220112,NULL
189975,220114,NULL
189976,220115,NULL
189977,220116,NULL
189978,220117,NULL
189979,220118,NULL
189980,220119,NULL
189981,220120,NULL
189982,220121,241817
189983,220122,NULL
189984,220125,NULL
189985,220126,NULL
189986,220127,NULL
189987,220128,NULL
189988,220129,NULL
189989,220131,NULL
189990,220132,NULL
189991,220134,228448
189992,220135,NULL
189993,220136,NULL
189994,220137,NULL
189995,220138,NULL
189996,220139,NULL
189997,220140,NULL
189998,220141,NULL
189999,220142,NULL
190000,220145,NULL
190001,220146,NULL
190002,220147,NULL
190003,220148,NULL
190004,220149,231822
190005,220150,NULL
190006,220152,249731
190007,220153,NULL
190008,220155,NULL
190009,220156,NULL
190010,220157,250574
190011,220158,NULL
190012,220160,243244
190013,220161,231692
190014,220163,NULL
190015,220164,254001
190016,220166,NULL
190017,220168,NULL
190018,220169,NULL
190019,220170,NULL
190020,220171,NULL
190021,220172,252746
190021,220172,266641
190021,220172,281128
190022,220173,NULL
190023,220174,NULL
190024,220176,NULL
190025,220177,NULL
190026,220179,NULL
190027,220180,NULL
190028,220181,NULL
190029,220182,NULL
190030,220183,NULL
190031,220186,NULL
190032,220187,NULL
190033,220188,NULL
190034,220189,NULL
190035,220190,226433
190036,220191,NULL
190037,220193,NULL
190038,220194,NULL
190039,220196,NULL
190040,220197,NULL
190041,220198,NULL
190042,220199,NULL
190043,220200,NULL
190044,220201,NULL
190045,220202,NULL
190046,220203,NULL
190047,220204,NULL
190048,220205,NULL
190049,220206,NULL
190050,220207,NULL
190051,220208,NULL
190052,220209,NULL
190053,220210,NULL
190054,220211,NULL
190055,220212,NULL
190056,220213,NULL
190057,220214,NULL
190058,220215,246535
190059,220216,NULL
190060,220217,NULL
190061,220218,NULL
190062,220219,NULL
190063,220220,NULL
190064,220221,NULL
190065,220223,NULL
190066,220224,NULL
190067,220226,NULL
190068,220227,NULL
190069,220228,NULL
190070,220231,NULL
190071,220233,253740
190071,220233,259074
190071,220233,273666
190072,220234,NULL
190073,220235,NULL
190074,220237,NULL
190075,220238,NULL
190076,220239,NULL
190077,220240,NULL
190078,220243,NULL
190079,220244,NULL
190080,220245,225701
190081,220247,NULL
190082,220248,NULL
190083,220249,NULL
190084,220251,NULL
190085,220252,NULL
190086,220253,NULL
190087,220254,NULL
190088,220255,NULL
190089,220258,231908
190090,220261,226472
190091,220262,NULL
190092,220263,NULL
190093,220264,NULL
190094,220265,NULL
190095,220266,NULL
190096,220267,NULL
190097,220269,NULL
190098,220270,NULL
190099,220271,NULL
190100,220272,NULL
190101,220273,NULL
190102,220275,NULL
190103,220277,239907
190104,220278,NULL
190105,220279,NULL
190106,220281,NULL
190107,220282,NULL
190108,220283,NULL
190109,220284,NULL
190110,220285,255544
190111,220286,243372
190112,220287,NULL
190113,220288,NULL
190114,220289,NULL
190115,220290,NULL
190116,220291,NULL
190117,220292,235502
190117,220292,252425
190117,220292,262346
190118,220294,NULL
190119,220295,239414
190120,220297,NULL
190121,220301,NULL
190122,220302,NULL
190123,220303,NULL
190124,220304,NULL
190125,220305,NULL
190126,220306,NULL
190127,220307,NULL
190128,220308,NULL
190129,220309,NULL
190130,220310,NULL
190131,220311,NULL
190132,220312,NULL
190133,220313,NULL
190134,220314,NULL
190135,220315,NULL
190136,220317,NULL
190137,220318,244936
190138,220319,NULL
190139,220320,NULL
190140,220321,NULL
190141,220322,NULL
190142,220323,223529
190143,220324,230737
190144,220326,NULL
190145,220327,NULL
190146,220328,NULL
190147,220329,NULL
190148,220330,NULL
190149,220331,NULL
190150,220332,NULL
190151,220333,NULL
190152,220334,244304
190153,220335,NULL
190154,220336,NULL
190155,220340,226774
190155,220340,238799
190155,220340,241892
190156,220341,NULL
190157,220343,NULL
190158,220344,222219
190158,220344,232472
190158,220344,240924
190159,220345,NULL
190160,220346,236484
190161,220347,NULL
190162,220349,NULL
190163,220352,NULL
190164,220354,NULL
190165,220355,NULL
190166,220356,NULL
190167,220357,NULL
190168,220358,247700
190168,220358,252639
190168,220358,253559
190169,220359,NULL
190170,220360,NULL
190171,220361,NULL
190172,220362,NULL
190173,220364,NULL
190174,220365,NULL
190175,220366,NULL
190176,220369,NULL
190177,220372,NULL
190178,220374,NULL
190179,220375,NULL
190180,220377,245744
190181,220379,NULL
190182,220380,NULL
190183,220381,NULL
190184,220382,NULL
190185,220383,NULL
190186,220384,NULL
190187,220386,255339
190188,220387,NULL
190189,220388,NULL
190190,220389,NULL
190191,220390,NULL
190192,220391,NULL
190193,220392,NULL
190194,220395,NULL
190195,220398,NULL
190196,220399,NULL
190197,220400,NULL
190198,220401,NULL
190199,220402,NULL
190200,220403,NULL
190201,220404,NULL
190202,220405,NULL
190203,220406,NULL
190204,220407,256673
190205,220408,NULL
190206,220409,NULL
190207,220411,NULL
190208,220412,NULL
190209,220413,NULL
190210,220414,NULL
190211,220415,NULL
190212,220417,NULL
190213,220418,NULL
190214,220420,NULL
190215,220421,239148
190215,220421,244696
190215,220421,248165
190216,220422,NULL
190217,220424,NULL
190218,220425,NULL
190219,220426,NULL
190220,220427,NULL
190221,220428,225304
190222,220429,NULL
190223,220430,NULL
190224,220431,NULL
190225,220432,257216
190226,220433,NULL
190227,220434,NULL
190228,220435,NULL
190229,220436,NULL
190230,220438,NULL
190231,220439,NULL
190232,220440,NULL
190233,220441,NULL
190234,220444,NULL
190235,220445,NULL
190236,220446,NULL
190237,220448,251943
190238,220449,NULL
190239,220450,NULL
190240,220451,NULL
190241,220452,NULL
190242,220453,NULL
190243,220454,NULL
190244,220455,NULL
190245,220456,221689
190246,220457,NULL
190247,220458,NULL
190248,220459,NULL
190249,220460,NULL
190250,220462,NULL
190251,220463,NULL
190252,220464,NULL
190253,220465,NULL
190254,220466,232367
190255,220467,NULL
190256,220468,NULL
190257,220470,244365
190258,220471,NULL
190259,220472,NULL
190260,220473,NULL
190261,220474,NULL
190262,220475,NULL
190263,220476,237781
190263,220476,253950
190263,220476,262819
190264,220477,232987
190264,220477,244017
190264,220477,256273
190265,220478,252356
190266,220479,NULL
190267,220480,NULL
190268,220481,NULL
190269,220482,NULL
190270,220483,NULL
190271,220485,NULL
190272,220487,234613
190273,220489,NULL
190274,220490,239094
190275,220491,NULL
190276,220492,NULL
190277,220493,NULL
190278,220495,NULL
190279,220496,227798
190280,220498,NULL
190281,220500,NULL
190282,220502,NULL
190283,220503,NULL
190284,220504,NULL
190285,220505,NULL
190286,220506,NULL
190287,220508,235466
190288,220509,NULL
190289,220510,NULL
190290,220511,NULL
190291,220512,246098
190292,220513,NULL
190293,220514,NULL
190294,220515,NULL
190295,220516,NULL
190296,220517,NULL
190297,220518,NULL
190298,220520,NULL
190299,220521,NULL
190300,220522,NULL
190301,220524,NULL
190302,220525,240006
190302,220525,254611
190302,220525,266579
190303,220526,226132
190304,220527,NULL
190305,220528,NULL
190306,220531,NULL
190307,220532,NULL
190308,220533,NULL
190309,220534,238800
190310,220536,NULL
190311,220537,NULL
190312,220538,NULL
190313,220540,NULL
190314,220541,232687
190315,220542,NULL
190316,220543,NULL
190317,220544,NULL
190318,220546,NULL
190319,220549,NULL
190320,220550,NULL
190321,220551,NULL
190322,220554,NULL
190323,220555,NULL
190324,220556,NULL
190325,220557,NULL
190326,220559,NULL
190327,220560,NULL
190328,220562,NULL
190329,220563,248876
190330,220564,NULL
190331,220565,NULL
190332,220566,NULL
190333,220567,NULL
190334,220568,NULL
190335,220569,NULL
190336,220570,NULL
190337,220571,240813
190337,220571,243009
190337,220571,246011
190338,220572,NULL
190339,220573,NULL
190340,220575,226392
190341,220576,NULL
190342,220577,NULL
190343,220578,NULL
190344,220579,NULL
190345,220580,NULL
190346,220581,250348
190346,220581,270895
190346,220581,285907
190347,220582,NULL
190348,220583,NULL
190349,220584,NULL
190350,220585,NULL
190351,220586,NULL
190352,220587,NULL
190353,220589,251204
190353,220589,261777
190353,220589,273133
190354,220591,NULL
190355,220592,NULL
190356,220595,NULL
190357,220596,NULL
190358,220597,NULL
190359,220599,NULL
190360,220600,NULL
190361,220601,NULL
190362,220602,NULL
190363,220603,NULL
190364,220604,NULL
190365,220605,NULL
190366,220606,NULL
190367,220607,NULL
190368,220608,NULL
190369,220609,NULL
190370,220612,NULL
190371,220613,NULL
190372,220616,NULL
190373,220617,NULL
190374,220618,NULL
190375,220619,NULL
190376,220620,NULL
190377,220622,NULL
190378,220623,222053
190379,220625,NULL
190380,220626,NULL
190381,220627,NULL
190382,220628,NULL
190383,220629,NULL
190384,220630,NULL
190385,220632,NULL
190386,220634,NULL
190387,220635,NULL
190388,220636,NULL
190389,220637,NULL
190390,220639,NULL
190391,220640,NULL
190392,220643,NULL
190393,220644,NULL
190394,220645,NULL
190395,220646,NULL
190396,220647,NULL
190397,220648,NULL
190398,220649,NULL
190399,220650,NULL
190400,220652,NULL
190401,220653,NULL
190402,220654,235324
190403,220655,NULL
190404,220657,NULL
190405,220658,NULL
190406,220659,NULL
190407,220660,NULL
190408,220662,NULL
190409,220663,NULL
190410,220666,NULL
190411,220668,NULL
190412,220669,NULL
190413,220670,NULL
190414,220671,NULL
190415,220672,NULL
190416,220673,NULL
190417,220675,NULL
190418,220676,NULL
190419,220677,NULL
190420,220679,NULL
190421,220680,NULL
190422,220681,NULL
190423,220682,242962
190423,220682,246300
190423,220682,254428
190424,220683,NULL
190425,220684,237785
190426,220685,234110
190427,220688,NULL
190428,220689,NULL
190429,220690,228357
190430,220691,NULL
190431,220693,NULL
190432,220694,NULL
190433,220695,232958
190434,220697,NULL
190435,220698,NULL
190436,220699,NULL
190437,220700,NULL
190438,220702,244090
190438,220702,247048
190438,220702,256800
190439,220703,NULL
190440,220704,NULL
190441,220705,239503
190442,220706,NULL
190443,220707,NULL
190444,220708,NULL
190445,220710,NULL
190446,220711,255752
190447,220712,NULL
190448,220713,NULL
190449,220716,NULL
190450,220717,NULL
190451,220718,NULL
190452,220719,255609
190453,220720,NULL
190454,220722,NULL
190455,220723,NULL
190456,220724,NULL
190457,220725,243400
190458,220727,NULL
190459,220728,NULL
190460,220729,237914
190461,220730,NULL
190462,220731,NULL
190463,220732,250885
190463,220732,268472
190463,220732,279722
190464,220733,NULL
190465,220735,NULL
190466,220736,241373
190467,220737,250540
190467,220737,254282
190467,220737,259695
190468,220738,NULL
190469,220740,NULL
190470,220745,248418
190471,220746,NULL
190472,220748,NULL
190473,220749,NULL
190474,220750,NULL
190475,220752,224095
190476,220753,NULL
190477,220754,NULL
190478,220755,251147
190479,220756,238333
190480,220757,NULL
190481,220758,NULL
190482,220761,NULL
190483,220762,228213
190484,220763,252397
190485,220764,NULL
190486,220765,NULL
190487,220767,NULL
190488,220768,254857
190489,220769,NULL
190490,220770,NULL
190491,220771,NULL
190492,220772,NULL
190493,220773,NULL
190494,220774,233854
190495,220775,NULL
190496,220777,NULL
190497,220778,NULL
190498,220779,237695
190499,220780,NULL
190500,220783,NULL
190501,220784,NULL
190502,220786,NULL
190503,220787,NULL
190504,220788,NULL
190505,220789,NULL
190506,220790,NULL
190507,220792,NULL
190508,220793,NULL
190509,220794,NULL
190510,220795,NULL
190511,220796,NULL
190512,220797,NULL
190513,220798,NULL
190514,220801,NULL
190515,220802,NULL
190516,220803,NULL
190517,220805,222660
190517,220805,237136
190517,220805,241299
190518,220806,NULL
190519,220807,NULL
190520,220808,NULL
190521,220810,NULL
190522,220811,NULL
190523,220812,NULL
190524,220813,NULL
190525,220814,NULL
190526,220815,249113
190527,220816,NULL
190528,220817,NULL
190529,220818,NULL
190530,220819,NULL
190531,220820,NULL
190532,220821,NULL
190533,220822,NULL
190534,220823,NULL
190535,220824,NULL
190536,220825,NULL
190537,220826,NULL
190538,220827,255287
190539,220828,NULL
190540,220829,255044
190541,220832,NULL
190542,220834,NULL
190543,220835,NULL
190544,220836,NULL
190545,220837,NULL
190546,220839,NULL
190547,220840,NULL
190548,220841,NULL
190549,220842,NULL
190550,220843,NULL
190551,220846,NULL
190552,220847,NULL
190553,220849,249795
190554,220850,NULL
190555,220851,NULL
190556,220852,NULL
190557,220854,NULL
190558,220855,NULL
190559,220856,NULL
190560,220857,NULL
190561,220858,NULL
190562,220859,NULL
190563,220860,229508
190563,220860,234088
190563,220860,239743
190564,220861,NULL
190565,220862,NULL
190566,220864,NULL
190567,220865,NULL
190568,220866,NULL
190569,220868,NULL
190570,220869,NULL
190571,220870,221649
190571,220870,226634
190571,220870,238989
190572,220871,229356
190572,220871,236853
190572,220871,246355
190573,220872,NULL
190574,220873,NULL
190575,220874,236568
190575,220874,250022
190575,220874,256357
190576,220875,NULL
190577,220877,NULL
190578,220878,NULL
190579,220879,NULL
190580,220880,NULL
190581,220881,NULL
190582,220882,NULL
190583,220883,NULL
190584,220884,NULL
190585,220887,NULL
190586,220888,NULL
190587,220889,NULL
190588,220892,NULL
190589,220893,NULL
190590,220894,NULL
190591,220895,NULL
190592,220896,221399
190592,220896,234170
190592,220896,246691
190593,220897,NULL
190594,220898,NULL
190595,220899,NULL
190596,220900,227265
190597,220901,NULL
190598,220902,235223
190599,220903,NULL
190600,220904,NULL
190601,220905,225684
190602,220906,NULL
190603,220907,NULL
190604,220908,NULL
190605,220909,NULL
190606,220910,222452
190607,220912,NULL
190608,220913,NULL
190609,220915,248841
190609,220915,255941
190609,220915,259858
190610,220917,NULL
190611,220919,NULL
190612,220920,NULL
190613,220921,NULL
190614,220922,255103
190615,220924,NULL
190616,220925,NULL
190617,220926,NULL
190618,220927,NULL
190619,220929,NULL
190620,220930,NULL
190621,220931,NULL
190622,220932,247288
190623,220933,NULL
190624,220935,NULL
190625,220936,NULL
190626,220939,NULL
190627,220940,NULL
190628,220941,NULL
190629,220942,NULL
190630,220943,NULL
190631,220944,NULL
190632,220945,NULL
190633,220946,NULL
190634,220948,NULL
190635,220949,NULL
190636,220950,223602
190636,220950,225722
190636,220950,236557
190637,220951,NULL
190638,220953,NULL
190639,220954,NULL
190640,220956,NULL
190641,220958,NULL
190642,220959,252143
190643,220960,NULL
190644,220961,NULL
190645,220962,NULL
190646,220963,NULL
190647,220964,NULL
190648,220965,NULL
190649,220968,NULL
190650,220971,NULL
190651,220972,NULL
190652,220973,NULL
190653,220974,NULL
190654,220976,NULL
190655,220977,240786
190656,220978,NULL
190657,220979,NULL
190658,220980,249023
190659,220981,NULL
190660,220982,NULL
190661,220983,251927
190662,220984,NULL
190663,220986,NULL
190664,220987,234811
190665,220989,NULL
190666,220990,254049
190667,220991,NULL
190668,220992,252621
190669,220993,NULL
190670,220994,NULL
190671,220995,NULL
190672,220997,NULL
190673,220999,NULL
190674,221000,NULL
190675,221001,NULL
190676,221002,NULL
190677,221003,NULL
190678,221004,NULL
190679,221005,NULL
190680,221007,NULL
190681,221008,NULL
190682,221009,228073
190683,221010,NULL
190684,221011,NULL
190685,221012,NULL
190686,221013,238176
190687,221014,NULL
190688,221015,NULL
190689,221017,NULL
190690,221018,241303
190691,221019,256854
190692,221021,NULL
190693,221022,NULL
190694,221023,NULL
190695,221024,NULL
190696,221025,NULL
190697,221027,NULL
190698,221030,NULL
190699,221031,NULL
190700,221032,NULL
190701,221033,NULL
190702,221035,251155
190703,221036,NULL
190704,221037,NULL
190705,221038,251477
190705,221038,266402
190705,221038,281190
190706,221039,NULL
190707,221040,233648
190708,221041,NULL
190709,221042,NULL
190710,221044,NULL
190711,221045,NULL
190712,221048,NULL
190713,221050,NULL
190714,221051,245728
190715,221052,NULL
190716,221053,NULL
190717,221054,231970
190718,221055,NULL
190719,221056,NULL
190720,221057,NULL
190721,221058,NULL
190722,221059,NULL
190723,221061,NULL
190724,221062,NULL
190725,221063,NULL
190726,221064,NULL
190727,221065,NULL
190728,221066,NULL
190729,221067,NULL
190730,221069,NULL
190731,221070,NULL
190732,221071,NULL
190733,221072,NULL
190734,221073,NULL
190735,221074,NULL
190736,221075,NULL
190737,221076,233507
190738,221077,NULL
190739,221078,NULL
190740,221079,NULL
190741,221080,NULL
190742,221081,NULL
190743,221082,NULL
190744,221083,NULL
190745,221084,NULL
190746,221085,NULL
190747,221086,NULL
190748,221087,NULL
190749,221089,NULL
190750,221091,NULL
190751,221092,NULL
190752,221093,NULL
190753,221095,NULL
190754,221096,257097
190754,221096,274230
190754,221096,287587
190755,221097,NULL
190756,221099,NULL
190757,221100,NULL
190758,221101,NULL
190759,221102,227228
190759,221102,237658
190759,221102,252185
190760,221103,NULL
190761,221104,NULL
190762,221105,NULL
190763,221106,NULL
190764,221107,NULL
190765,221109,NULL
190766,221111,248992
190767,221112,NULL
190768,221113,NULL
190769,221114,NULL
190770,221115,NULL
190771,221116,NULL
190772,221117,NULL
190773,221119,NULL
190774,221120,NULL
190775,221121,NULL
190776,221122,NULL
190777,221123,NULL
190778,221124,NULL
190779,221125,NULL
190780,221126,NULL
190781,221127,NULL
190782,221128,NULL
190783,221129,NULL
190784,221130,252664
190785,221131,NULL
190786,221133,NULL
190787,221134,NULL
190788,221135,NULL
190789,221136,NULL
190790,221137,NULL
190791,221138,NULL
190792,221139,236385
190792,221139,256485
190792,221139,259958
190793,221140,NULL
190794,221141,NULL
190795,221142,NULL
190796,221143,NULL
190797,221145,NULL
190798,221146,250361
190799,221147,231905
190799,221147,247724
190799,221147,256514
190800,221148,NULL
190801,221149,NULL
190802,221150,NULL
190803,221151,NULL
190804,221152,NULL
190805,221153,NULL
190806,221154,NULL
190807,221155,NULL
190808,221157,NULL
190809,221158,NULL
190810,221160,NULL
190811,221161,NULL
190812,221162,NULL
190813,221163,NULL
190814,221164,NULL
190815,221165,NULL
190816,221166,NULL
190817,221167,NULL
190818,221169,NULL
190819,221171,NULL
190820,221172,NULL
190821,221173,NULL
190822,221175,NULL
190823,221177,NULL
190824,221178,NULL
190825,221179,NULL
190826,221180,NULL
190827,221181,228523
190827,221181,236774
190827,221181,245181
190828,221182,NULL
190829,221184,NULL
190830,221185,NULL
190831,221186,260247
190832,221187,NULL
190833,221188,NULL
190834,221190,NULL
190835,221191,NULL
190836,221193,NULL
190837,221195,NULL
190838,221196,NULL
190839,221197,NULL
190840,221199,NULL
190841,221200,NULL
190842,221202,NULL
190843,221203,NULL
190844,221207,NULL
190845,221209,NULL
190846,221210,NULL
190847,221211,NULL
190848,221212,NULL
190849,221213,NULL
190850,221214,NULL
190851,221215,NULL
190852,221217,260877
190853,221218,NULL
190854,221219,NULL
190855,221220,NULL
190856,221221,NULL
190857,221222,NULL
190858,221223,NULL
190859,221224,NULL
190860,221225,229215
190860,221225,235786
190860,221225,238208
190861,221226,NULL
190862,221227,NULL
190863,221228,NULL
190864,221229,NULL
190865,221230,NULL
190866,221231,NULL
190867,221232,NULL
190868,221233,NULL
190869,221234,NULL
190870,221235,NULL
190871,221236,NULL
190872,221237,245306
190873,221238,227392
190874,221240,236570
190874,221240,247150
190874,221240,257525
190875,221241,NULL
190876,221242,NULL
190877,221243,NULL
190878,221244,NULL
190879,221245,NULL
190880,221246,NULL
190881,221247,229947
190881,221247,248412
190881,221247,255384
190882,221248,228947
190882,221248,246496
190882,221248,260652
190883,221249,NULL
190884,221250,NULL
190885,221251,NULL
190886,221252,229217
190887,221253,NULL
190888,221254,NULL
190889,221255,NULL
190890,221256,NULL
190891,221257,NULL
190892,221258,NULL
190893,221259,NULL
190894,221260,231839
190895,221261,NULL
190896,221262,NULL
190897,221263,242313
190898,221264,NULL
190899,221265,NULL
190900,221266,NULL
190901,221267,NULL
190902,221270,NULL
190903,221271,NULL
190904,221272,NULL
190905,221273,NULL
190906,221274,NULL
190907,221275,NULL
190908,221276,NULL
190909,221278,NULL
190910,221280,NULL
190911,221281,231887
190912,221282,NULL
190913,221283,NULL
190914,221284,NULL
190915,221285,NULL
190916,221286,NULL
190917,221287,NULL
190918,221288,236985
190918,221288,247837
190918,221288,256320
190919,221289,NULL
190920,221290,NULL
190921,221291,NULL
190922,221293,NULL
190923,221294,NULL
190924,221295,NULL
190925,221296,NULL
190926,221298,NULL
190927,221299,NULL
190928,221300,NULL
190929,221301,NULL
190930,221302,NULL
190931,221303,NULL
190932,221304,NULL
190933,221305,NULL
190934,221306,NULL
190935,221307,NULL
190936,221308,NULL
190937,221309,NULL
190938,221310,NULL
190939,221311,NULL
190940,221312,NULL
190941,221313,239257
190941,221313,247897
190941,221313,261094
190942,221314,NULL
190943,221315,NULL
190944,221316,NULL
190945,221319,NULL
190946,221320,NULL
190947,221321,226546
190948,221322,NULL
190949,221324,NULL
190950,221325,NULL
190951,221326,NULL
190952,221327,NULL
190953,221328,NULL
190954,221330,257837
190955,221331,NULL
190956,221334,NULL
190957,221335,NULL
190958,221336,NULL
190959,221337,NULL
190960,221338,239948
190961,221339,240997
190962,221340,NULL
190963,221342,NULL
190964,221343,NULL
190965,221344,NULL
190966,221345,NULL
190967,221346,NULL
190968,221347,NULL
190969,221348,NULL
190970,221349,NULL
190971,221350,NULL
190972,221351,NULL
190973,221352,NULL
190974,221353,NULL
190975,221354,NULL
190976,221355,250771
190977,221356,NULL
190978,221357,NULL
190979,221358,NULL
190980,221359,NULL
190981,221360,NULL
190982,221361,NULL
190983,221362,NULL
190984,221363,NULL
190985,221364,NULL
190986,221365,257489
190987,221366,NULL
190988,221368,NULL
190989,221369,NULL
190990,221370,NULL
190991,221371,NULL
190992,221373,NULL
190993,221374,NULL
190994,221375,NULL
190995,221376,NULL
190996,221377,NULL
190997,221378,NULL
190998,221379,NULL
190999,221380,NULL
191000,221381,NULL
191001,221383,247784
191002,221384,NULL
191003,221385,NULL
191004,221386,NULL
191005,221387,NULL
191006,221388,NULL
191007,221389,NULL
191008,221392,240891
191008,221392,246771
191008,221392,257693
191009,221393,NULL
191010,221394,NULL
191011,221395,247240
191012,221396,254786
191013,221397,NULL
191014,221398,NULL
191015,221400,NULL
191016,221401,NULL
191017,221402,NULL
191018,221403,235000
191019,221404,NULL
191020,221405,NULL
191021,221406,NULL
191022,221407,NULL
191023,221408,NULL
191024,221409,NULL
191025,221411,NULL
191026,221412,NULL
191027,221413,NULL
191028,221414,NULL
191029,221416,243296
191029,221416,258423
191029,221416,265866
191030,221417,NULL
191031,221419,NULL
191032,221420,NULL
191033,221421,NULL
191034,221422,NULL
191035,221423,NULL
191036,221424,NULL
191037,221425,NULL
191038,221426,NULL
191039,221427,NULL
191040,221428,NULL
191041,221429,239472
191041,221429,261202
191041,221429,261766
191042,221430,NULL
191043,221431,NULL
191044,221433,NULL
191045,221434,NULL
191046,221435,NULL
191047,221437,NULL
191048,221438,NULL
191049,221439,NULL
191050,221441,NULL
191051,221443,NULL
191052,221444,257126
191053,221445,NULL
191054,221446,NULL
191055,221447,NULL
191056,221448,NULL
191057,221449,251961
191058,221450,NULL
191059,221451,NULL
191060,221453,NULL
191061,221454,NULL
191062,221455,241058
191062,221455,255016
191062,221455,262257
191063,221456,258437
191063,221456,264104
191063,221456,267110
191064,221457,NULL
191065,221458,229398
191066,221459,NULL
191067,221460,NULL
191068,221462,NULL
191069,221463,NULL
191070,221464,NULL
191071,221465,NULL
191072,221466,NULL
191073,221468,NULL
191074,221470,NULL
191075,221471,NULL
191076,221472,NULL
191077,221474,NULL
191078,221476,NULL
191079,221477,NULL
191080,221478,NULL
191081,221479,242776
191082,221480,NULL
191083,221482,NULL
191084,221483,NULL
191085,221484,NULL
191086,221485,NULL
191087,221486,NULL
191088,221487,NULL
191089,221490,NULL
191090,221491,235207
191091,221492,NULL
191092,221494,NULL
191093,221495,NULL
191094,221496,234145
191095,221497,NULL
191096,221498,NULL
191097,221499,NULL
191098,221500,235891
191099,221501,231617
191100,221504,NULL
191101,221505,NULL
191102,221507,NULL
191103,221508,238798
191104,221509,NULL
191105,221512,NULL
191106,221513,NULL
191107,221514,NULL
191108,221515,233965
191109,221516,NULL
191110,221517,NULL
191111,221519,NULL
191112,221520,253456
191113,221521,NULL
191114,221522,NULL
191115,221524,NULL
191116,221525,NULL
191117,221526,NULL
191118,221527,NULL
191119,221528,NULL
191120,221529,NULL
191121,221530,NULL
191122,221532,NULL
191123,221533,NULL
191124,221534,231601
191125,221535,NULL
191126,221536,NULL
191127,221537,NULL
191128,221538,NULL
191129,221539,NULL
191130,221540,NULL
191131,221541,NULL
191132,221542,NULL
191133,221544,NULL
191134,221545,NULL
191135,221546,NULL
191136,221547,NULL
191137,221549,NULL
191138,221550,NULL
191139,221551,NULL
191140,221552,236759
191141,221554,NULL
191142,221555,251851
191143,221556,260177
191143,221556,273783
191143,221556,281270
191144,221557,NULL
191145,221558,NULL
191146,221559,250511
191146,221559,256402
191146,221559,260613
191147,221560,NULL
191148,221562,234036
191148,221562,246485
191148,221562,261343
191149,221565,NULL
191150,221567,NULL
191151,221568,236693
191151,221568,244455
191151,221568,246112
191152,221569,NULL
191153,221570,NULL
191154,221572,NULL
191155,221573,NULL
191156,221574,NULL
191157,221577,NULL
191158,221578,NULL
191159,221579,NULL
191160,221580,236680
191161,221581,NULL
191162,221584,NULL
191163,221585,NULL
191164,221586,NULL
191165,221587,NULL
191166,221588,NULL
191167,221589,NULL
191168,221591,NULL
191169,221592,NULL
191170,221594,NULL
191171,221595,NULL
191172,221597,NULL
191173,221598,NULL
191174,221599,NULL
191175,221601,NULL
191176,221602,NULL
191177,221603,NULL
191178,221604,NULL
191179,221605,NULL
191180,221606,257518
191181,221607,NULL
191182,221609,NULL
191183,221610,NULL
191184,221611,NULL
191185,221612,NULL
191186,221614,241016
191187,221615,NULL
191188,221616,NULL
191189,221617,NULL
191190,221618,NULL
191191,221619,NULL
191192,221620,NULL
191193,221621,NULL
191194,221622,NULL
191195,221623,236527
191196,221624,NULL
191197,221626,NULL
191198,221627,NULL
191199,221628,NULL
191200,221629,NULL
191201,221630,NULL
191202,221631,234417
191202,221631,254939
191202,221631,265818
191203,221632,NULL
191204,221633,242779
191205,221634,NULL
191206,221635,NULL
191207,221636,NULL
191208,221637,NULL
191209,221639,NULL
191210,221641,NULL
191211,221643,NULL
191212,221644,232173
191213,221645,NULL
191214,221646,NULL
191215,221647,NULL
191216,221648,NULL
191217,221651,NULL
191218,221652,NULL
191219,221653,251003
191220,221655,NULL
191221,221656,NULL
191222,221657,NULL
191223,221658,NULL
191224,221659,NULL
191225,221660,NULL
191226,221661,259234
191227,221662,NULL
191228,221663,NULL
191229,221664,NULL
191230,221665,227675
191230,221665,239917
191230,221665,248347
191231,221667,241257
191231,221667,250979
191231,221667,256601
191232,221668,NULL
191233,221669,NULL
191234,221670,NULL
191235,221671,259243
191236,221673,NULL
191237,221674,239808
191238,221675,NULL
191239,221676,NULL
191240,221677,NULL
191241,221678,NULL
191242,221680,NULL
191243,221681,NULL
191244,221682,NULL
191245,221683,NULL
191246,221687,NULL
191247,221688,NULL
191248,221690,243493
191249,221691,258409
191249,221691,265215
191249,221691,275446
191250,221693,NULL
191251,221695,NULL
191252,221696,NULL
191253,221697,NULL
191254,221701,NULL
191255,221702,NULL
191256,221703,NULL
191257,221704,NULL
191258,221705,NULL
191259,221706,NULL
191260,221707,NULL
191261,221708,NULL
191262,221709,NULL
191263,221710,NULL
191264,221711,NULL
191265,221712,252569
191266,221713,NULL
191267,221714,239788
191268,221715,NULL
191269,221716,NULL
191270,221717,NULL
191271,221718,NULL
191272,221719,NULL
191273,221720,NULL
191274,221722,NULL
191275,221723,NULL
191276,221724,NULL
191277,221725,NULL
191278,221726,NULL
191279,221727,NULL
191280,221729,NULL
191281,221730,NULL
191282,221732,NULL
191283,221733,NULL
191284,221734,253077
191285,221735,249434
191286,221738,NULL
191287,221739,NULL
191288,221740,NULL
191289,221742,NULL
191290,221743,260492
191290,221743,265406
191290,221743,277814
191291,221745,NULL
191292,221746,NULL
191293,221747,NULL
191294,221748,250564
191295,221749,NULL
191296,221751,NULL
191297,221752,NULL
191298,221755,NULL
191299,221756,NULL
191300,221757,NULL
191301,221758,NULL
191302,221761,NULL
191303,221762,NULL
191304,221763,229075
191305,221764,NULL
191306,221765,NULL
191307,221766,NULL
191308,221767,NULL
191309,221768,NULL
191310,221769,NULL
191311,221771,261385
191312,221772,NULL
191313,221774,NULL
191314,221775,NULL
191315,221776,NULL
191316,221777,NULL
191317,221778,241953
191318,221779,NULL
191319,221780,NULL
191320,221781,NULL
191321,221782,237557
191322,221784,244021
191323,221786,227405
191324,221787,NULL
191325,221789,NULL
191326,221790,NULL
191327,221791,251263
191327,221791,268243
191327,221791,274681
191328,221793,NULL
191329,221794,NULL
191330,221795,NULL
191331,221796,NULL
191332,221797,NULL
191333,221798,NULL
191334,221799,NULL
191335,221800,NULL
191336,221801,NULL
191337,221802,249241
191338,221803,242212
191338,221803,260982
191338,221803,261929
191339,221804,248351
191340,221805,NULL
191341,221806,NULL
191342,221807,NULL
191343,221809,NULL
191344,221810,NULL
191345,221811,NULL
191346,221812,NULL
191347,221813,NULL
191348,221814,NULL
191349,221815,NULL
191350,221816,235826
191351,221817,237199
191351,221817,252479
191351,221817,264274
191352,221818,227745
191353,221819,NULL
191354,221820,NULL
191355,221821,NULL
191356,221823,NULL
191357,221824,243325
191358,221825,NULL
191359,221826,228431
191359,221826,237108
191359,221826,250943
191360,221827,NULL
191361,221828,NULL
191362,221829,NULL
191363,221831,NULL
191364,221832,NULL
191365,221833,NULL
191366,221834,NULL
191367,221835,NULL
191368,221836,244266
191369,221837,NULL
191370,221838,234954
191371,221839,NULL
191372,221840,239742
191373,221841,NULL
191374,221842,NULL
191375,221843,NULL
191376,221844,253574
191376,221844,269730
191376,221844,285468
191377,221845,NULL
191378,221846,NULL
191379,221847,NULL
191380,221848,NULL
191381,221849,NULL
191382,221851,NULL
191383,221852,NULL
191384,221853,260222
191385,221854,NULL
191386,221855,NULL
191387,221856,NULL
191388,221857,NULL
191389,221858,NULL
191390,221859,NULL
191391,221861,NULL
191392,221862,NULL
191393,221863,NULL
191394,221864,NULL
191395,221866,NULL
191396,221868,NULL
191397,221869,NULL
191398,221871,225621
191399,221872,NULL
191400,221873,NULL
191401,221875,252707
191402,221876,NULL
191403,221879,225261
191403,221879,235748
191403,221879,239537
191404,221880,NULL
191405,221881,NULL
191406,221882,NULL
191407,221883,NULL
191408,221885,NULL
191409,221886,NULL
191410,221887,230104
191411,221888,NULL
191412,221889,NULL
191413,221890,NULL
191414,221891,NULL
191415,221892,NULL
191416,221893,NULL
191417,221894,NULL
191418,221895,NULL
191419,221896,252036
191420,221897,NULL
191421,221898,NULL
191422,221899,NULL
191423,221900,NULL
191424,221901,NULL
191425,221902,233729
191426,221903,NULL
191427,221904,NULL
191428,221906,NULL
191429,221908,NULL
191430,221909,NULL
191431,221910,NULL
191432,221911,NULL
191433,221912,NULL
191434,221913,NULL
191435,221915,NULL
191436,221916,NULL
191437,221917,NULL
191438,221919,NULL
191439,221921,NULL
191440,221922,233551
191441,221925,NULL
191442,221926,NULL
191443,221927,NULL
191444,221928,NULL
191445,221930,NULL
191446,221931,NULL
191447,221932,NULL
191448,221933,NULL
191449,221934,NULL
191450,221935,NULL
191451,221936,234638
191452,221937,NULL
191453,221938,NULL
191454,221939,NULL
191455,221941,NULL
191456,221942,231691
191457,221943,NULL
191458,221944,242337
191459,221945,NULL
191460,221947,NULL
191461,221949,NULL
191462,221951,NULL
191463,221952,NULL
191464,221953,NULL
191465,221954,NULL
191466,221955,NULL
191467,221956,NULL
191468,221957,NULL
191469,221958,NULL
191470,221959,NULL
191471,221960,NULL
191472,221961,NULL
191473,221962,NULL
191474,221964,NULL
191475,221965,NULL
191476,221966,NULL
191477,221967,NULL
191478,221968,NULL
191479,221969,NULL
191480,221970,NULL
191481,221971,NULL
191482,221972,244370
191483,221974,252738
191484,221975,NULL
191485,221977,NULL
191486,221978,NULL
191487,221981,NULL
191488,221983,237694
191489,221984,NULL
191490,221985,253853
191490,221985,275774
191490,221985,289791
191491,221986,NULL
191492,221987,NULL
191493,221988,225117
191494,221989,NULL
191495,221990,NULL
191496,221991,NULL
191497,221992,NULL
191498,221993,NULL
191499,221995,249967
191500,221996,231247
191501,221997,NULL
191502,221998,NULL
191503,221999,NULL
191504,222000,NULL
191505,222001,226241
191505,222001,242940
191505,222001,255476
191506,222002,NULL
191507,222004,NULL
191508,222005,NULL
191509,222006,NULL
191510,222007,NULL
191511,222008,NULL
191512,222009,NULL
191513,222010,NULL
191514,222011,231355
191515,222012,NULL
191516,222013,249592
191517,222015,NULL
191518,222016,NULL
191519,222017,NULL
191520,222019,233734
191520,222019,255119
191520,222019,261189
191521,222020,NULL
191522,222021,NULL
191523,222022,NULL
191524,222023,NULL
191525,222025,232045
191525,222025,240697
191525,222025,249234
191526,222026,NULL
191527,222028,NULL
191528,222029,NULL
191529,222030,NULL
191530,222032,NULL
191531,222033,NULL
191532,222034,NULL
191533,222035,NULL
191534,222036,NULL
191535,222039,NULL
191536,222040,NULL
191537,222041,NULL
191538,222042,NULL
191539,222044,NULL
191540,222045,NULL
191541,222046,NULL
191542,222047,NULL
191543,222048,255382
191544,222049,NULL
191545,222050,NULL
191546,222051,NULL
191547,222052,NULL
191548,222054,NULL
191549,222055,NULL
191550,222056,NULL
191551,222059,NULL
191552,222060,NULL
191553,222061,NULL
191554,222062,NULL
191555,222063,NULL
191556,222064,NULL
191557,222065,NULL
191558,222066,NULL
191559,222068,NULL
191560,222069,NULL
191561,222071,NULL
191562,222072,258419
191562,222072,265283
191562,222072,271853
191563,222073,NULL
191564,222076,NULL
191565,222077,NULL
191566,222078,NULL
191567,222079,NULL
191568,222080,NULL
191569,222081,NULL
191570,222082,NULL
191571,222083,NULL
191572,222084,NULL
191573,222086,NULL
191574,222088,NULL
191575,222089,NULL
191576,222090,NULL
191577,222091,259861
191578,222092,225425
191579,222093,NULL
191580,222094,NULL
191581,222095,NULL
191582,222096,NULL
191583,222098,NULL
191584,222099,NULL
191585,222101,NULL
191586,222102,NULL
191587,222103,NULL
191588,222105,240738
191589,222106,NULL
191590,222107,NULL
191591,222108,NULL
191592,222111,234597
191593,222112,NULL
191594,222113,NULL
191595,222114,NULL
191596,222115,NULL
191597,222117,NULL
191598,222119,NULL
191599,222120,NULL
191600,222121,NULL
191601,222122,NULL
191602,222123,NULL
191603,222124,NULL
191604,222125,NULL
191605,222126,NULL
191606,222127,NULL
191607,222128,NULL
191608,222129,NULL
191609,222130,NULL
191610,222131,NULL
191611,222132,254420
191611,222132,274696
191611,222132,290626
191612,222134,238143
191613,222135,NULL
191614,222136,NULL
191615,222137,227603
191616,222138,NULL
191617,222139,NULL
191618,222140,NULL
191619,222141,258007
191619,222141,273166
191619,222141,281524
191620,222142,NULL
191621,222144,NULL
191622,222145,NULL
191623,222146,225646
191624,222147,NULL
191625,222148,230938
191625,222148,242814
191625,222148,250678
191626,222149,NULL
191627,222150,NULL
191628,222151,230602
191629,222153,NULL
191630,222154,NULL
191631,222155,NULL
191632,222156,NULL
191633,222157,NULL
191634,222158,NULL
191635,222160,NULL
191636,222161,NULL
191637,222162,240503
191638,222164,234660
191639,222165,NULL
191640,222166,NULL
191641,222167,NULL
191642,222168,NULL
191643,222169,NULL
191644,222170,NULL
191645,222171,NULL
191646,222172,NULL
191647,222173,NULL
191648,222174,NULL
191649,222176,NULL
191650,222177,NULL
191651,222178,254341
191652,222179,238821
191653,222180,242590
191653,222180,258824
191653,222180,272805
191654,222181,NULL
191655,222182,NULL
191656,222183,NULL
191657,222186,NULL
191658,222187,NULL
191659,222188,NULL
191660,222189,NULL
191661,222190,231957
191662,222191,NULL
191663,222193,250362
191663,222193,260157
191663,222193,270337
191664,222195,NULL
191665,222196,NULL
191666,222197,242920
191667,222199,NULL
191668,222200,NULL
191669,222201,NULL
191670,222202,NULL
191671,222203,244221
191671,222203,260978
191671,222203,266875
191672,222204,NULL
191673,222205,NULL
191674,222206,NULL
191675,222207,NULL
191676,222208,NULL
191677,222209,NULL
191678,222210,NULL
191679,222211,NULL
191680,222212,NULL
191681,222213,NULL
191682,222214,NULL
191683,222215,NULL
191684,222216,NULL
191685,222217,NULL
191686,222218,NULL
191687,222220,NULL
191688,222221,NULL
191689,222222,NULL
191690,222223,NULL
191691,222224,NULL
191692,222225,NULL
191693,222226,NULL
191694,222227,246150
191694,222227,266886
191694,222227,270134
191695,222228,NULL
191696,222230,NULL
191697,222231,233093
191698,222232,253972
191699,222233,NULL
191700,222234,240098
191701,222235,NULL
191702,222237,NULL
191703,222238,NULL
191704,222239,NULL
191705,222240,NULL
191706,222241,248813
191706,222241,267800
191706,222241,282256
191707,222242,NULL
191708,222243,231353
191708,222243,243066
191708,222243,256461
191709,222244,234942
191709,222244,252598
191709,222244,255959
191710,222245,NULL
191711,222246,241077
191712,222247,NULL
191713,222248,255924
191714,222249,NULL
191715,222252,NULL
191716,222253,NULL
191717,222254,NULL
191718,222255,NULL
191719,222257,NULL
191720,222259,NULL
191721,222260,NULL
191722,222261,NULL
191723,222262,NULL
191724,222263,NULL
191725,222264,NULL
191726,222265,NULL
191727,222266,NULL
191728,222267,NULL
191729,222268,234698
191730,222270,NULL
191731,222272,NULL
191732,222273,NULL
191733,222274,244272
191734,222275,NULL
191735,222277,NULL
191736,222279,NULL
191737,222280,NULL
191738,222282,NULL
191739,222283,237468
191739,222283,253876
191739,222283,261545
191740,222285,NULL
191741,222286,256352
191742,222287,237687
191743,222288,NULL
191744,222289,NULL
191745,222290,NULL
191746,222291,NULL
191747,222292,NULL
191748,222293,NULL
191749,222294,NULL
191750,222295,NULL
191751,222296,NULL
191752,222298,NULL
191753,222299,NULL
191754,222300,NULL
191755,222301,NULL
191756,222302,NULL
191757,222303,NULL
191758,222304,NULL
191759,222305,NULL
191760,222306,NULL
191761,222307,NULL
191762,222308,NULL
191763,222309,235948
191763,222309,237984
191763,222309,246457
191764,222310,NULL
191765,222311,NULL
191766,222312,252554
191767,222313,NULL
191768,222314,NULL
191769,222315,NULL
191770,222316,NULL
191771,222318,244239
191772,222321,NULL
191773,222323,NULL
191774,222325,NULL
191775,222326,NULL
191776,222327,NULL
191777,222328,NULL
191778,222329,NULL
191779,222330,NULL
191780,222331,NULL
191781,222332,NULL
191782,222334,NULL
191783,222336,NULL
191784,222337,NULL
191785,222338,NULL
191786,222339,NULL
191787,222340,NULL
191788,222341,NULL
191789,222342,NULL
191790,222343,NULL
191791,222345,NULL
191792,222346,NULL
191793,222347,NULL
191794,222348,NULL
191795,222349,NULL
191796,222350,NULL
191797,222351,NULL
191798,222352,NULL
191799,222354,NULL
191800,222355,NULL
191801,222356,NULL
191802,222357,NULL
191803,222358,NULL
191804,222360,228945
191804,222360,239668
191804,222360,244357
191805,222361,NULL
191806,222363,NULL
191807,222364,NULL
191808,222365,NULL
191809,222366,NULL
191810,222367,259232
191811,222368,NULL
191812,222369,254392
191813,222371,233749
191814,222372,NULL
191815,222374,NULL
191816,222376,NULL
191817,222377,NULL
191818,222378,NULL
191819,222379,NULL
191820,222380,242561
191820,222380,260514
191820,222380,262838
191821,222381,232588
191822,222383,NULL
191823,222384,NULL
191824,222386,NULL
191825,222388,NULL
191826,222389,NULL
191827,222392,NULL
191828,222393,NULL
191829,222394,NULL
191830,222396,246844
191831,222397,NULL
191832,222398,NULL
191833,222399,NULL
191834,222400,NULL
191835,222401,NULL
191836,222403,NULL
191837,222404,NULL
191838,222405,NULL
191839,222406,236889
191840,222408,NULL
191841,222409,NULL
191842,222410,NULL
191843,222411,NULL
191844,222413,238058
191845,222416,NULL
191846,222417,NULL
191847,222418,NULL
191848,222419,NULL
191849,222420,NULL
191850,222421,NULL
191851,222422,NULL
191852,222424,NULL
191853,222425,249061
191854,222426,NULL
191855,222427,NULL
191856,222428,NULL
191857,222431,NULL
191858,222432,NULL
191859,222433,NULL
191860,222434,228841
191861,222435,NULL
191862,222438,NULL
191863,222439,NULL
191864,222440,NULL
191865,222441,NULL
191866,222442,236930
191867,222444,NULL
191868,222445,251837
191869,222446,235495
191869,222446,243131
191869,222446,253254
191870,222447,NULL
191871,222448,NULL
191872,222449,249649
191872,222449,260939
191872,222449,264740
191873,222450,NULL
191874,222451,NULL
191875,222453,NULL
191876,222454,NULL
191877,222455,NULL
191878,222456,252229
191879,222457,NULL
191880,222458,244651
191881,222459,NULL
191882,222461,NULL
191883,222462,NULL
191884,222463,NULL
191885,222464,NULL
191886,222465,259531
191887,222466,NULL
191888,222467,NULL
191889,222468,NULL
191890,222470,NULL
191891,222471,NULL
191892,222473,NULL
191893,222474,226522
191894,222475,NULL
191895,222476,NULL
191896,222477,NULL
191897,222479,233256
191898,222480,NULL
191899,222482,NULL
191900,222483,NULL
191901,222484,NULL
191902,222486,NULL
191903,222487,NULL
191904,222488,NULL
191905,222489,NULL
191906,222490,NULL
191907,222493,NULL
191908,222494,240016
191908,222494,242724
191908,222494,255234
191909,222495,NULL
191910,222496,NULL
191911,222497,NULL
191912,222498,NULL
191913,222500,NULL
191914,222501,NULL
191915,222502,NULL
191916,222503,NULL
191917,222504,NULL
191918,222506,NULL
191919,222508,NULL
191920,222509,NULL
191921,222510,225656
191921,222510,236834
191921,222510,240651
191922,222511,NULL
191923,222512,NULL
191924,222513,NULL
191925,222514,NULL
191926,222515,NULL
191927,222517,NULL
191928,222518,NULL
191929,222519,NULL
191930,222520,NULL
191931,222521,NULL
191932,222523,NULL
191933,222525,NULL
191934,222526,NULL
191935,222528,NULL
191936,222529,NULL
191937,222530,NULL
191938,222532,NULL
191939,222533,NULL
191940,222534,NULL
191941,222536,259263
191941,222536,271570
191941,222536,281919
191942,222537,NULL
191943,222538,227517
191944,222539,249170
191945,222540,NULL
191946,222541,NULL
191947,222542,236043
191948,222543,NULL
191949,222545,NULL
191950,222546,239833
191950,222546,252827
191950,222546,259305
191951,222547,NULL
191952,222548,NULL
191953,222549,NULL
191954,222550,NULL
191955,222551,NULL
191956,222553,NULL
191957,222554,NULL
191958,222555,NULL
191959,222557,NULL
191960,222558,NULL
191961,222560,NULL
191962,222561,NULL
191963,222562,NULL
191964,222563,253435
191965,222564,NULL
191966,222565,NULL
191967,222567,NULL
191968,222568,NULL
191969,222569,NULL
191970,222570,225118
191971,222571,NULL
191972,222573,NULL
191973,222575,NULL
191974,222576,NULL
191975,222577,NULL
191976,222579,NULL
191977,222580,253901
191978,222581,NULL
191979,222582,227705
191980,222584,228722
191981,222585,NULL
191982,222586,NULL
191983,222587,NULL
191984,222588,NULL
191985,222589,NULL
191986,222590,NULL
191987,222591,NULL
191988,222592,256998
191989,222594,NULL
191990,222595,NULL
191991,222596,247998
191992,222597,252879
191992,222597,268361
191992,222597,279005
191993,222598,NULL
191994,222600,NULL
191995,222601,237686
191995,222601,246631
191995,222601,254048
191996,222602,243075
191997,222603,NULL
191998,222604,236467
191999,222606,251364
192000,222607,NULL
192001,222608,233160
192002,222609,NULL
192003,222610,NULL
192004,222611,NULL
192005,222612,NULL
192006,222613,NULL
192007,222614,NULL
192008,222615,NULL
192009,222616,NULL
192010,222617,NULL
192011,222618,NULL
192012,222619,NULL
192013,222620,NULL
192014,222621,NULL
192015,222622,NULL
192016,222623,NULL
192017,222624,NULL
192018,222626,NULL
192019,222627,NULL
192020,222628,NULL
192021,222629,NULL
192022,222630,NULL
192023,222631,NULL
192024,222633,NULL
192025,222634,NULL
192026,222635,NULL
192027,222636,NULL
192028,222637,NULL
192029,222639,256240
192030,222640,247526
192031,222642,NULL
192032,222643,NULL
192033,222644,NULL
192034,222645,NULL
192035,222646,NULL
192036,222648,NULL
192037,222649,245394
192038,222651,NULL
192039,222652,NULL
192040,222653,NULL
192041,222654,NULL
192042,222655,NULL
192043,222656,NULL
192044,222658,NULL
192045,222659,NULL
192046,222661,NULL
192047,222662,NULL
192048,222663,NULL
192049,222664,NULL
192050,222665,NULL
192051,222666,NULL
192052,222668,NULL
192053,222669,NULL
192054,222670,NULL
192055,222671,NULL
192056,222672,NULL
192057,222674,NULL
192058,222675,NULL
192059,222676,NULL
192060,222678,NULL
192061,222679,NULL
192062,222680,NULL
192063,222681,NULL
192064,222682,NULL
192065,222683,NULL
192066,222684,259129
192067,222687,NULL
192068,222688,NULL
192069,222689,NULL
192070,222690,231167
192070,222690,252410
192070,222690,258121
192071,222691,NULL
192072,222693,236277
192073,222694,NULL
192074,222695,NULL
192075,222696,NULL
192076,222698,NULL
192077,222699,NULL
192078,222700,NULL
192079,222701,NULL
192080,222702,NULL
192081,222703,NULL
192082,222704,228836
192082,222704,235170
192082,222704,245442
192083,222705,NULL
192084,222708,NULL
192085,222709,NULL
192086,222712,NULL
192087,222713,NULL
192088,222714,NULL
192089,222715,NULL
192090,222716,NULL
192091,222718,NULL
192092,222719,NULL
192093,222720,NULL
192094,222722,NULL
192095,222723,NULL
192096,222725,NULL
192097,222726,NULL
192098,222727,234080
192099,222728,NULL
192100,222729,NULL
192101,222730,NULL
192102,222731,249629
192103,222733,230951
192104,222734,NULL
192105,222735,NULL
192106,222736,NULL
192107,222737,NULL
192108,222738,NULL
192109,222740,NULL
192110,222741,NULL
192111,222743,242833
192112,222744,NULL
192113,222745,NULL
192114,222746,NULL
192115,222747,NULL
192116,222748,NULL
192117,222751,NULL
192118,222752,NULL
192119,222753,NULL
192120,222754,NULL
192121,222755,NULL
192122,222756,249047
192123,222757,NULL
192124,222758,NULL
192125,222759,NULL
192126,222760,NULL
192127,222762,NULL
192128,222763,NULL
192129,222764,NULL
192130,222765,NULL
192131,222766,NULL
192132,222767,NULL
192133,222768,NULL
192134,222769,NULL
192135,222770,NULL
192136,222771,229221
192137,222772,NULL
192138,222773,NULL
192139,222774,NULL
192140,222776,NULL
192141,222777,NULL
192142,222778,NULL
192143,222779,NULL
192144,222780,NULL
192145,222781,NULL
192146,222782,247217
192147,222783,NULL
192148,222784,NULL
192149,222786,NULL
192150,222789,NULL
192151,222790,NULL
192152,222791,NULL
192153,222792,NULL
192154,222793,NULL
192155,222794,244122
192155,222794,261655
192155,222794,274826
192156,222796,NULL
192157,222797,NULL
192158,222799,NULL
192159,222800,NULL
192160,222801,NULL
192161,222802,NULL
192162,222803,250079
192163,222804,NULL
192164,222805,NULL
192165,222806,237310
192165,222806,247496
192165,222806,254876
192166,222807,NULL
192167,222809,NULL
192168,222810,NULL
192169,222811,NULL
192170,222812,NULL
192171,222813,NULL
192172,222814,NULL
192173,222816,NULL
192174,222818,NULL
192175,222819,NULL
192176,222820,NULL
192177,222821,NULL
192178,222822,NULL
192179,222823,NULL
192180,222824,NULL
192181,222825,NULL
192182,222826,NULL
192183,222827,NULL
192184,222828,232180
192185,222829,244352
192186,222830,NULL
192187,222831,NULL
192188,222832,NULL
192189,222833,NULL
192190,222834,NULL
192191,222835,NULL
192192,222837,NULL
192193,222838,NULL
192194,222839,NULL
192195,222840,NULL
192196,222841,NULL
192197,222842,NULL
192198,222843,NULL
192199,222845,NULL
192200,222846,NULL
192201,222848,NULL
192202,222849,NULL
192203,222850,239866
192204,222851,NULL
192205,222852,NULL
192206,222853,NULL
192207,222854,NULL
192208,222855,NULL
192209,222856,NULL
192210,222857,NULL
192211,222860,NULL
192212,222861,NULL
192213,222862,238451
192213,222862,256772
192213,222862,257939
192214,222863,NULL
192215,222864,NULL
192216,222865,NULL
192217,222867,NULL
192218,222868,NULL
192219,222869,NULL
192220,222870,NULL
192221,222871,NULL
192222,222872,NULL
192223,222874,NULL
192224,222876,NULL
192225,222877,NULL
192226,222878,NULL
192227,222879,NULL
192228,222880,NULL
192229,222881,NULL
192230,222882,NULL
192231,222884,NULL
192232,222885,241722
192232,222885,257158
192232,222885,258612
192233,222886,227834
192233,222886,248063
192233,222886,254146
192234,222887,243326
192234,222887,246861
192234,222887,250867
192235,222889,NULL
192236,222890,NULL
192237,222892,NULL
192238,222893,NULL
192239,222895,NULL
192240,222896,NULL
192241,222897,NULL
192242,222898,NULL
192243,222899,249713
192244,222900,NULL
192245,222902,NULL
192246,222903,NULL
192247,222904,NULL
192248,222905,NULL
192249,222906,NULL
192250,222907,NULL
192251,222908,NULL
192252,222909,NULL
192253,222910,NULL
192254,222911,NULL
192255,222913,NULL
192256,222915,NULL
192257,222916,NULL
192258,222917,NULL
192259,222918,NULL
192260,222919,NULL
192261,222920,NULL
192262,222921,NULL
192263,222922,NULL
192264,222923,NULL
192265,222924,NULL
192266,222926,231197
192267,222929,NULL
192268,222930,NULL
192269,222931,230052
192270,222932,NULL
192271,222933,247983
192272,222934,NULL
192273,222935,NULL
192274,222936,NULL
192275,222937,NULL
192276,222938,NULL
192277,222939,NULL
192278,222940,NULL
192279,222941,NULL
192280,222942,NULL
192281,222943,NULL
192282,222944,NULL
192283,222945,NULL
192284,222946,NULL
192285,222947,NULL
192286,222948,NULL
192287,222950,NULL
192288,222952,NULL
192289,222953,NULL
192290,222954,NULL
192291,222955,NULL
192292,222956,237680
192293,222957,NULL
192294,222958,NULL
192295,222959,NULL
192296,222961,NULL
192297,222962,NULL
192298,222963,NULL
192299,222964,NULL
192300,222965,NULL
192301,222966,242231
192302,222967,NULL
192303,222969,NULL
192304,222971,NULL
192305,222972,NULL
192306,222973,250832
192307,222974,NULL
192308,222975,NULL
192309,222977,NULL
192310,222978,NULL
192311,222979,NULL
192312,222980,NULL
192313,222981,NULL
192314,222982,NULL
192315,222984,252344
192315,222984,261632
192315,222984,273375
192316,222985,NULL
192317,222986,248850
192318,222987,NULL
192319,222988,NULL
192320,222989,NULL
192321,222990,NULL
192322,222991,NULL
192323,222992,NULL
192324,222993,NULL
192325,222994,NULL
192326,222995,NULL
192327,222996,NULL
192328,222997,NULL
192329,222998,244321
192329,222998,250157
192329,222998,261641
192330,223001,NULL
192331,223002,241937
192332,223003,257413
192333,223004,NULL
192334,223005,232234
192335,223006,NULL
192336,223007,NULL
192337,223009,NULL
192338,223010,NULL
192339,223011,248521
192340,223012,NULL
192341,223013,NULL
192342,223014,NULL
192343,223015,NULL
192344,223016,251001
192344,223016,271741
192344,223016,277446
192345,223017,NULL
192346,223018,NULL
192347,223019,NULL
192348,223020,NULL
192349,223021,NULL
192350,223022,NULL
192351,223023,NULL
192352,223024,NULL
192353,223025,NULL
192354,223026,NULL
192355,223027,NULL
192356,223028,NULL
192357,223030,NULL
192358,223031,NULL
192359,223032,NULL
192360,223034,NULL
192361,223035,NULL
192362,223036,NULL
192363,223038,236363
192364,223039,248458
192364,223039,259297
192364,223039,272201
192365,223040,NULL
192366,223041,NULL
192367,223042,NULL
192368,223043,NULL
192369,223044,NULL
192370,223045,NULL
192371,223046,NULL
192372,223047,NULL
192373,223048,NULL
192374,223049,NULL
192375,223050,NULL
192376,223051,NULL
192377,223052,NULL
192378,223053,NULL
192379,223054,227913
192380,223055,NULL
192381,223056,NULL
192382,223058,NULL
192383,223059,NULL
192384,223060,NULL
192385,223061,NULL
192386,223062,NULL
192387,223063,NULL
192388,223064,NULL
192389,223065,NULL
192390,223066,NULL
192391,223067,225289
192392,223068,NULL
192393,223069,244425
192394,223070,240746
192394,223070,246630
192394,223070,251150
192395,223071,NULL
192396,223072,NULL
192397,223074,NULL
192398,223075,NULL
192399,223076,NULL
192400,223078,NULL
192401,223079,NULL
192402,223080,NULL
192403,223081,NULL
192404,223082,NULL
192405,223084,NULL
192406,223085,NULL
192407,223086,NULL
192408,223088,NULL
192409,223089,NULL
192410,223090,NULL
192411,223091,NULL
192412,223092,249833
192413,223093,NULL
192414,223094,NULL
192415,223095,243188
192415,223095,258020
192415,223095,267909
192416,223096,NULL
192417,223097,228847
192418,223098,NULL
192419,223100,NULL
192420,223103,NULL
192421,223105,NULL
192422,223106,245564
192423,223107,NULL
192424,223108,NULL
192425,223109,258243
192426,223110,NULL
192427,223111,NULL
192428,223112,NULL
192429,223114,NULL
192430,223115,NULL
192431,223116,NULL
192432,223117,233101
192433,223118,NULL
192434,223119,233300
192435,223121,NULL
192436,223122,NULL
192437,223125,234866
192438,223126,259339
192439,223127,NULL
192440,223131,NULL
192441,223132,NULL
192442,223133,NULL
192443,223135,NULL
192444,223137,241434
192444,223137,252021
192444,223137,259291
192445,223138,NULL
192446,223139,NULL
192447,223140,NULL
192448,223141,NULL
192449,223142,NULL
192450,223143,NULL
192451,223144,239950
192452,223145,NULL
192453,223146,NULL
192454,223147,NULL
192455,223148,NULL
192456,223149,233358
192456,223149,245456
192456,223149,251387
192457,223150,NULL
192458,223151,NULL
192459,223152,NULL
192460,223153,NULL
192461,223154,NULL
192462,223155,NULL
192463,223157,NULL
192464,223160,NULL
192465,223161,NULL
192466,223163,NULL
192467,223164,NULL
192468,223165,NULL
192469,223166,NULL
192470,223168,247379
192471,223169,233298
192472,223170,232368
192473,223171,NULL
192474,223172,245154
192475,223174,229707
192475,223174,249296
192475,223174,253710
192476,223175,NULL
192477,223176,NULL
192478,223177,NULL
192479,223179,NULL
192480,223180,NULL
192481,223181,NULL
192482,223183,234751
192482,223183,254863
192482,223183,267234
192483,223184,NULL
192484,223185,260750
192485,223186,235095
192486,223187,NULL
192487,223188,NULL
192488,223189,NULL
192489,223190,NULL
192490,223191,NULL
192491,223192,NULL
192492,223193,NULL
192493,223194,NULL
192494,223195,NULL
192495,223196,NULL
192496,223197,NULL
192497,223199,NULL
192498,223200,NULL
192499,223202,232138
192500,223203,NULL
192501,223204,NULL
192502,223206,NULL
192503,223207,NULL
192504,223208,242916
192504,223208,249924
192504,223208,257204
192505,223209,NULL
192506,223210,NULL
192507,223211,NULL
192508,223212,NULL
192509,223214,NULL
192510,223216,NULL
192511,223218,NULL
192512,223219,NULL
192513,223220,NULL
192514,223221,NULL
192515,223222,NULL
192516,223223,255077
192517,223224,NULL
192518,223227,254237
192519,223228,NULL
192520,223230,NULL
192521,223233,NULL
192522,223235,259827
192522,223235,275328
192522,223235,288866
192523,223236,NULL
192524,223237,NULL
192525,223238,NULL
192526,223240,NULL
192527,223241,230752
192528,223243,NULL
192529,223245,NULL
192530,223246,NULL
192531,223247,224997
192532,223248,NULL
192533,223249,NULL
192534,223251,NULL
192535,223252,NULL
192536,223253,NULL
192537,223255,NULL
192538,223256,NULL
192539,223257,NULL
192540,223258,243186
192540,223258,261200
192540,223258,265126
192541,223259,231175
192542,223260,NULL
192543,223261,NULL
192544,223263,NULL
192545,223264,NULL
192546,223265,NULL
192547,223266,NULL
192548,223268,234677
192548,223268,246924
192548,223268,256945
192549,223269,NULL
192550,223270,NULL
192551,223271,NULL
192552,223272,NULL
192553,223274,255353
192554,223276,NULL
192555,223277,NULL
192556,223278,NULL
192557,223279,NULL
192558,223280,258249
192559,223282,249916
192560,223284,NULL
192561,223285,NULL
192562,223287,244900
192562,223287,249357
192562,223287,261252
192563,223289,NULL
192564,223290,NULL
192565,223292,NULL
192566,223293,NULL
192567,223295,NULL
192568,223296,259405
192569,223297,234051
192569,223297,247067
192569,223297,259908
192570,223298,NULL
192571,223300,NULL
192572,223301,NULL
192573,223302,NULL
192574,223303,NULL
192575,223304,257655
192576,223305,NULL
192577,223306,NULL
192578,223307,NULL
192579,223308,NULL
192580,223311,NULL
192581,223312,228839
192582,223313,NULL
192583,223314,NULL
192584,223316,NULL
192585,223317,233501
192586,223318,NULL
192587,223320,NULL
192588,223321,233422
192589,223322,NULL
192590,223323,NULL
192591,223324,242406
192592,223325,NULL
192593,223328,NULL
192594,223330,NULL
192595,223332,NULL
192596,223333,NULL
192597,223334,NULL
192598,223335,NULL
192599,223336,NULL
192600,223337,NULL
192601,223338,NULL
192602,223339,NULL
192603,223340,NULL
192604,223341,NULL
192605,223342,255482
192605,223342,270928
192605,223342,279937
192606,223343,245943
192607,223344,226926
192607,223344,233848
192607,223344,238388
192608,223345,NULL
192609,223346,NULL
192610,223347,NULL
192611,223349,NULL
192612,223350,NULL
192613,223351,NULL
192614,223352,NULL
192615,223353,NULL
192616,223354,NULL
192617,223355,232924
192618,223356,NULL
192619,223358,235802
192619,223358,255839
192619,223358,265178
192620,223359,NULL
192621,223360,NULL
192622,223362,230241
192623,223363,NULL
192624,223364,235520
192625,223365,NULL
192626,223368,NULL
192627,223369,NULL
192628,223370,NULL
192629,223372,NULL
192630,223373,NULL
192631,223374,NULL
192632,223375,NULL
192633,223376,244657
192634,223377,NULL
192635,223378,NULL
192636,223379,NULL
192637,223382,NULL
192638,223384,NULL
192639,223385,235555
192639,223385,248280
192639,223385,255689
192640,223387,NULL
192641,223388,NULL
192642,223389,NULL
192643,223390,NULL
192644,223392,258887
192645,223393,NULL
192646,223394,NULL
192647,223395,NULL
192648,223397,NULL
192649,223398,NULL
192650,223399,NULL
192651,223400,249547
192651,223400,262905
192651,223400,270836
192652,223401,NULL
192653,223402,NULL
192654,223403,NULL
192655,223404,NULL
192656,223405,NULL
192657,223406,NULL
192658,223407,NULL
192659,223408,NULL
192660,223409,NULL
192661,223410,NULL
192662,223411,NULL
192663,223413,NULL
192664,223414,NULL
192665,223415,NULL
192666,223417,NULL
192667,223418,255147
192667,223418,274844
192667,223418,279995
192668,223419,NULL
192669,223420,NULL
192670,223421,NULL
192671,223422,NULL
192672,223423,NULL
192673,223424,NULL
192674,223426,NULL
192675,223427,NULL
192676,223428,NULL
192677,223429,NULL
192678,223430,NULL
192679,223431,257628
192680,223432,225297
192680,223432,234255
192680,223432,247104
192681,223433,NULL
192682,223434,NULL
192683,223435,234704
192684,223436,NULL
192685,223438,NULL
192686,223439,NULL
192687,223440,NULL
192688,223441,NULL
192689,223442,NULL
192690,223443,NULL
192691,223444,NULL
192692,223445,NULL
192693,223446,NULL
192694,223447,NULL
192695,223449,252810
192695,223449,257014
192695,223449,259950
192696,223451,NULL
192697,223452,NULL
192698,223453,NULL
192699,223454,258478
192699,223454,275109
192699,223454,282905
192700,223455,NULL
192701,223457,NULL
192702,223459,NULL
192703,223460,NULL
192704,223461,245551
192704,223461,258592
192704,223461,269956
192705,223462,240832
192706,223464,NULL
192707,223469,250037
192707,223469,267186
192707,223469,278173
192708,223470,NULL
192709,223471,NULL
192710,223472,NULL
192711,223473,NULL
192712,223474,NULL
192713,223475,NULL
192714,223476,NULL
192715,223477,NULL
192716,223479,NULL
192717,223482,NULL
192718,223483,NULL
192719,223485,237404
192720,223487,NULL
192721,223488,NULL
192722,223489,NULL
192723,223491,260757
192724,223492,NULL
192725,223493,NULL
192726,223495,NULL
192727,223496,NULL
192728,223497,NULL
192729,223498,257274
192730,223500,NULL
192731,223501,NULL
192732,223502,NULL
192733,223503,NULL
192734,223504,241807
192734,223504,250277
192734,223504,255357
192735,223505,242600
192735,223505,251969
192735,223505,254919
192736,223506,NULL
192737,223508,NULL
192738,223509,NULL
192739,223510,235389
192739,223510,246560
192739,223510,254304
192740,223511,NULL
192741,223512,NULL
192742,223513,259603
192743,223514,NULL
192744,223515,NULL
192745,223516,NULL
192746,223517,NULL
192747,223518,NULL
192748,223519,NULL
192749,223520,NULL
192750,223521,NULL
192751,223522,NULL
192752,223523,241766
192752,223523,246179
192752,223523,258926
192753,223524,NULL
192754,223525,NULL
192755,223526,NULL
192756,223527,242734
192756,223527,248257
192756,223527,249656
192757,223533,232951
192757,223533,241185
192757,223533,250239
192758,223534,NULL
192759,223535,NULL
192760,223536,NULL
192761,223537,NULL
192762,223540,NULL
192763,223541,NULL
192764,223542,NULL
192765,223543,NULL
192766,223544,NULL
192767,223546,NULL
192768,223547,NULL
192769,223548,260955
192769,223548,267857
192769,223548,274590
192770,223550,NULL
192771,223551,NULL
192772,223552,NULL
192773,223553,NULL
192774,223554,NULL
192775,223555,NULL
192776,223556,NULL
192777,223557,NULL
192778,223558,NULL
192779,223559,NULL
192780,223560,NULL
192781,223561,NULL
192782,223562,NULL
192783,223563,NULL
192784,223564,NULL
192785,223565,NULL
192786,223566,NULL
192787,223567,NULL
192788,223568,NULL
192789,223569,231341
192789,223569,246333
192789,223569,253237
192790,223571,NULL
192791,223572,NULL
192792,223573,NULL
192793,223574,NULL
192794,223575,NULL
192795,223577,NULL
192796,223578,NULL
192797,223580,NULL
192798,223581,NULL
192799,223582,254683
192799,223582,275673
192799,223582,280204
192800,223583,NULL
192801,223584,NULL
192802,223585,NULL
192803,223586,NULL
192804,223587,NULL
192805,223588,NULL
192806,223589,253854
192807,223590,NULL
192808,223591,NULL
192809,223592,NULL
192810,223593,236714
192811,223594,241840
192812,223595,NULL
192813,223596,NULL
192814,223597,NULL
192815,223598,NULL
192816,223599,NULL
192817,223600,NULL
192818,223601,NULL
192819,223603,NULL
192820,223604,247140
192820,223604,263590
192820,223604,270375
192821,223605,NULL
192822,223606,NULL
192823,223607,NULL
192824,223608,257927
192825,223609,NULL
192826,223610,NULL
192827,223611,NULL
192828,223612,NULL
192829,223613,NULL
192830,223614,NULL
192831,223615,NULL
192832,223616,NULL
192833,223617,255583
192834,223619,NULL
192835,223620,NULL
192836,223621,NULL
192837,223622,NULL
192838,223625,NULL
192839,223628,NULL
192840,223629,NULL
192841,223630,226683
192842,223631,NULL
192843,223632,NULL
192844,223633,NULL
192845,223635,NULL
192846,223638,NULL
192847,223639,NULL
192848,223642,NULL
192849,223643,NULL
192850,223644,NULL
192851,223645,NULL
192852,223646,NULL
192853,223647,239256
192854,223648,NULL
192855,223650,248758
192855,223650,262106
192855,223650,277155
192856,223651,NULL
192857,223652,NULL
192858,223654,NULL
192859,223655,NULL
192860,223656,NULL
192861,223657,NULL
192862,223658,NULL
192863,223659,NULL
192864,223661,251696
192865,223662,NULL
192866,223663,NULL
192867,223666,NULL
192868,223667,NULL
192869,223669,NULL
192870,223670,NULL
192871,223671,NULL
192872,223672,NULL
192873,223673,NULL
192874,223674,243904
192875,223675,NULL
192876,223676,233034
192877,223677,236362
192878,223678,NULL
192879,223680,NULL
192880,223681,252062
192881,223683,230850
192882,223684,NULL
192883,223685,NULL
192884,223686,NULL
192885,223687,NULL
192886,223688,NULL
192887,223689,NULL
192888,223690,NULL
192889,223691,NULL
192890,223692,241734
192891,223693,NULL
192892,223694,NULL
192893,223696,NULL
192894,223697,233930
192895,223698,254424
192896,223699,NULL
192897,223700,NULL
192898,223701,249918
192899,223702,NULL
192900,223703,NULL
192901,223704,NULL
192902,223705,NULL
192903,223706,NULL
192904,223707,NULL
192905,223708,NULL
192906,223709,NULL
192907,223710,NULL
192908,223711,NULL
192909,223712,232422
192909,223712,252044
192909,223712,257165
192910,223713,NULL
192911,223714,NULL
192912,223715,NULL
192913,223716,NULL
192914,223717,NULL
192915,223718,NULL
192916,223719,231106
192916,223719,233476
192916,223719,244418
192917,223720,230001
192918,223721,NULL
192919,223722,227486
192920,223723,241509
192921,223724,NULL
192922,223725,NULL
192923,223726,NULL
192924,223727,NULL
192925,223728,NULL
192926,223729,NULL
192927,223730,NULL
192928,223731,NULL
192929,223732,NULL
192930,223733,NULL
192931,223734,NULL
192932,223735,NULL
192933,223736,NULL
192934,223737,NULL
192935,223738,NULL
192936,223739,NULL
192937,223741,NULL
192938,223742,NULL
192939,223743,NULL
192940,223744,NULL
192941,223745,255819
192942,223746,NULL
192943,223747,229623
192944,223748,NULL
192945,223749,237366
192945,223749,246219
192945,223749,259192
192946,223750,NULL
192947,223751,229435
192948,223752,NULL
192949,223753,NULL
192950,223754,NULL
192951,223755,NULL
192952,223756,NULL
192953,223757,NULL
192954,223758,NULL
192955,223759,NULL
192956,223760,NULL
192957,223761,NULL
192958,223762,247864
192959,223763,NULL
192960,223764,253635
192961,223765,NULL
192962,223766,245869
192963,223767,236398
192964,223768,NULL
192965,223769,NULL
192966,223771,237814
192967,223773,NULL
192968,223774,243015
192968,223774,256236
192968,223774,266222
192969,223776,NULL
192970,223777,NULL
192971,223778,NULL
192972,223779,NULL
192973,223780,242292
192974,223782,254783
192975,223783,NULL
192976,223784,NULL
192977,223785,249768
192978,223786,NULL
192979,223787,NULL
192980,223788,NULL
192981,223790,NULL
192982,223791,NULL
192983,223792,NULL
192984,223793,NULL
192985,223794,NULL
192986,223795,240700
192987,223797,NULL
192988,223798,NULL
192989,223799,NULL
192990,223800,NULL
192991,223801,252005
192992,223802,NULL
192993,223804,253489
192994,223805,NULL
192995,223806,226929
192996,223807,NULL
192997,223808,NULL
192998,223809,254173
192999,223811,NULL
193000,223812,NULL
193001,223813,NULL
193002,223814,NULL
193003,223815,NULL
193004,223816,NULL
193005,223817,NULL
193006,223818,NULL
193007,223820,233155
193008,223821,NULL
193009,223822,NULL
193010,223824,NULL
193011,223825,NULL
193012,223826,241860
193013,223828,NULL
193014,223829,NULL
193015,223830,NULL
193016,223831,NULL
193017,223833,NULL
193018,223834,NULL
193019,223835,NULL
193020,223836,NULL
193021,223838,NULL
193022,223839,NULL
193023,223840,NULL
193024,223842,NULL
193025,223843,NULL
193026,223844,NULL
193027,223845,NULL
193028,223846,230098
193028,223846,251604
193028,223846,260719
193029,223848,NULL
193030,223849,228396
193031,223850,237520
193032,223851,NULL
193033,223852,NULL
193034,223853,NULL
193035,223854,NULL
193036,223855,NULL
193037,223856,NULL
193038,223857,NULL
193039,223859,NULL
193040,223861,NULL
193041,223862,NULL
193042,223864,224917
193043,223865,NULL
193044,223866,251892
193045,223867,NULL
193046,223868,NULL
193047,223869,NULL
193048,223871,NULL
193049,223872,NULL
193050,223873,NULL
193051,223874,NULL
193052,223875,NULL
193053,223876,NULL
193054,223877,NULL
193055,223878,NULL
193056,223880,NULL
193057,223881,NULL
193058,223882,NULL
193059,223884,NULL
193060,223885,NULL
193061,223886,NULL
193062,223887,NULL
193063,223888,NULL
193064,223889,NULL
193065,223890,NULL
193066,223891,NULL
193067,223892,234948
193068,223894,NULL
193069,223895,259477
193070,223897,NULL
193071,223898,230182
193072,223899,NULL
193073,223900,NULL
193074,223901,NULL
193075,223902,NULL
193076,223903,NULL
193077,223905,NULL
193078,223907,NULL
193079,223909,230017
193080,223910,NULL
193081,223912,NULL
193082,223913,NULL
193083,223915,NULL
193084,223916,228313
193085,223917,NULL
193086,223918,227192
193087,223919,NULL
193088,223922,NULL
193089,223923,NULL
193090,223924,NULL
193091,223925,NULL
193092,223926,NULL
193093,223930,NULL
193094,223931,241419
193094,223931,254072
193094,223931,259947
193095,223932,NULL
193096,223933,253141
193096,223933,262231
193096,223933,273692
193097,223934,NULL
193098,223936,NULL
193099,223937,NULL
193100,223938,232081
193100,223938,234175
193100,223938,240968
193101,223939,NULL
193102,223941,234067
193103,223942,NULL
193104,223943,NULL
193105,223944,NULL
193106,223945,NULL
193107,223946,NULL
193108,223947,NULL
193109,223948,NULL
193110,223949,NULL
193111,223950,NULL
193112,223951,NULL
193113,223952,236083
193114,223953,NULL
193115,223954,NULL
193116,223955,NULL
193117,223956,NULL
193118,223957,NULL
193119,223960,NULL
193120,223961,NULL
193121,223962,NULL
193122,223963,NULL
193123,223964,NULL
193124,223965,NULL
193125,223966,NULL
193126,223967,NULL
193127,223968,NULL
193128,223969,NULL
193129,223970,NULL
193130,223971,NULL
193131,223972,NULL
193132,223973,NULL
193133,223975,NULL
193134,223976,NULL
193135,223977,NULL
193136,223978,NULL
193137,223979,NULL
193138,223981,NULL
193139,223982,NULL
193140,223983,NULL
193141,223984,NULL
193142,223985,NULL
193143,223986,NULL
193144,223987,NULL
193145,223989,NULL
193146,223990,NULL
193147,223992,229417
193148,223993,NULL
193149,223994,NULL
193150,223995,NULL
193151,223996,NULL
193152,223999,NULL
193153,224000,NULL
193154,224001,NULL
193155,224002,NULL
193156,224004,NULL
193157,224005,248723
193158,224006,NULL
193159,224007,NULL
193160,224008,NULL
193161,224009,NULL
193162,224010,NULL
193163,224011,233345
193163,224011,250429
193163,224011,263128
193164,224013,NULL
193165,224014,239532
193166,224016,NULL
193167,224017,225196
193168,224018,NULL
193169,224020,NULL
193170,224021,NULL
193171,224023,NULL
193172,224027,NULL
193173,224028,NULL
193174,224029,NULL
193175,224030,245778
193176,224031,NULL
193177,224033,NULL
193178,224035,NULL
193179,224036,NULL
193180,224037,NULL
193181,224038,NULL
193182,224039,NULL
193183,224040,NULL
193184,224042,239178
193184,224042,243181
193184,224042,245851
193185,224043,NULL
193186,224044,NULL
193187,224046,231924
193188,224047,NULL
193189,224048,232571
193190,224049,NULL
193191,224050,NULL
193192,224051,243846
193192,224051,256195
193192,224051,265068
193193,224052,NULL
193194,224053,NULL
193195,224054,NULL
193196,224056,NULL
193197,224057,NULL
193198,224059,232770
193199,224060,NULL
193200,224061,NULL
193201,224062,245910
193202,224063,NULL
193203,224064,NULL
193204,224065,NULL
193205,224067,NULL
193206,224068,253165
193207,224069,NULL
193208,224070,NULL
193209,224071,NULL
193210,224072,NULL
193211,224073,NULL
193212,224075,NULL
193213,224076,NULL
193214,224077,NULL
193215,224079,NULL
193216,224080,NULL
193217,224081,NULL
193218,224082,NULL
193219,224083,NULL
193220,224085,254230
193221,224086,NULL
193222,224087,NULL
193223,224089,NULL
193224,224090,NULL
193225,224091,226722
193226,224093,NULL
193227,224094,NULL
193228,224096,NULL
193229,224098,NULL
193230,224099,NULL
193231,224101,NULL
193232,224102,247293
193233,224104,NULL
193234,224105,NULL
193235,224106,NULL
193236,224107,NULL
193237,224108,NULL
193238,224109,NULL
193239,224110,NULL
193240,224111,NULL
193241,224112,NULL
193242,224113,NULL
193243,224115,NULL
193244,224116,NULL
193245,224117,NULL
193246,224118,NULL
193247,224119,251175
193248,224120,NULL
193249,224121,NULL
193250,224122,NULL
193251,224123,NULL
193252,224124,NULL
193253,224126,NULL
193254,224127,NULL
193255,224128,NULL
193256,224129,NULL
193257,224130,NULL
193258,224131,NULL
193259,224132,NULL
193260,224133,NULL
193261,224134,NULL
193262,224135,NULL
193263,224136,NULL
193264,224137,NULL
193265,224138,NULL
193266,224140,NULL
193267,224141,252290
193267,224141,254099
193267,224141,269144
193268,224142,NULL
193269,224143,NULL
193270,224144,NULL
193271,224145,260944
193272,224146,NULL
193273,224147,236489
193273,224147,245098
193273,224147,253515
193274,224149,NULL
193275,224151,NULL
193276,224152,NULL
193277,224155,NULL
193278,224156,NULL
193279,224157,NULL
193280,224159,NULL
193281,224162,NULL
193282,224163,256896
193283,224164,NULL
193284,224165,NULL
193285,224166,NULL
193286,224170,NULL
193287,224171,246204
193288,224173,244591
193288,224173,255260
193288,224173,261621
193289,224174,NULL
193290,224175,NULL
193291,224176,NULL
193292,224177,NULL
193293,224178,NULL
193294,224179,NULL
193295,224180,NULL
193296,224181,NULL
193297,224182,NULL
193298,224184,NULL
193299,224185,257782
193300,224186,NULL
193301,224187,NULL
193302,224188,NULL
193303,224189,NULL
193304,224190,NULL
193305,224191,NULL
193306,224193,NULL
193307,224195,229800
193308,224196,NULL
193309,224197,231568
193310,224198,NULL
193311,224200,NULL
193312,224201,NULL
193313,224203,NULL
193314,224204,NULL
193315,224205,NULL
193316,224206,NULL
193317,224207,NULL
193318,224208,NULL
193319,224209,NULL
193320,224211,NULL
193321,224212,NULL
193322,224213,NULL
193323,224214,NULL
193324,224216,NULL
193325,224219,NULL
193326,224220,NULL
193327,224221,NULL
193328,224222,NULL
193329,224223,NULL
193330,224224,235134
193330,224224,239697
193330,224224,247231
193331,224225,229659
193331,224225,252084
193331,224225,263866
193332,224226,NULL
193333,224229,227051
193334,224230,NULL
193335,224231,NULL
193336,224233,NULL
193337,224234,NULL
193338,224235,255685
193339,224236,NULL
193340,224237,NULL
193341,224238,NULL
193342,224239,NULL
193343,224240,NULL
193344,224241,NULL
193345,224242,NULL
193346,224243,NULL
193347,224244,NULL
193348,224245,NULL
193349,224246,NULL
193350,224247,NULL
193351,224248,NULL
193352,224249,NULL
193353,224250,NULL
193354,224251,258806
193354,224251,272520
193354,224251,274955
193355,224252,NULL
193356,224253,NULL
193357,224255,NULL
193358,224257,NULL
193359,224258,NULL
193360,224259,247859
193361,224260,NULL
193362,224262,NULL
193363,224263,NULL
193364,224265,NULL
193365,224266,NULL
193366,224267,230414
193366,224267,244703
193366,224267,256227
193367,224268,NULL
193368,224269,NULL
193369,224270,NULL
193370,224272,NULL
193371,224273,NULL
193372,224274,NULL
193373,224275,NULL
193374,224276,NULL
193375,224277,NULL
193376,224278,234499
193377,224279,NULL
193378,224281,NULL
193379,224282,NULL
193380,224283,NULL
193381,224284,253020
193382,224287,NULL
193383,224288,NULL
193384,224289,NULL
193385,224290,NULL
193386,224291,NULL
193387,224293,NULL
193388,224295,NULL
193389,224296,NULL
193390,224299,NULL
193391,224301,NULL
193392,224302,NULL
193393,224303,NULL
193394,224304,NULL
193395,224305,NULL
193396,224306,229515
193397,224307,NULL
193398,224308,241446
193399,224309,NULL
193400,224310,227327
193401,224312,NULL
193402,224313,254490
193402,224313,267871
193402,224313,279091
193403,224315,250440
193404,224318,232997
193404,224318,242084
193404,224318,246552
193405,224319,NULL
193406,224320,NULL
193407,224321,239706
193408,224323,NULL
193409,224325,NULL
193410,224326,NULL
193411,224327,NULL
193412,224328,NULL
193413,224329,NULL
193414,224330,233682
193414,224330,251957
193414,224330,254812
193415,224331,NULL
193416,224332,NULL
193417,224333,NULL
193418,224334,NULL
193419,224335,247425
193419,224335,263801
193419,224335,274378
193420,224336,NULL
193421,224337,NULL
193422,224338,255009
193422,224338,258885
193422,224338,265841
193423,224339,NULL
193424,224340,NULL
193425,224341,NULL
193426,224342,NULL
193427,224343,240860
193428,224344,NULL
193429,224345,NULL
193430,224348,NULL
193431,224349,NULL
193432,224350,NULL
193433,224351,NULL
193434,224352,NULL
193435,224353,NULL
193436,224354,NULL
193437,224355,NULL
193438,224356,NULL
193439,224358,NULL
193440,224359,NULL
193441,224360,NULL
193442,224361,NULL
193443,224363,NULL
193444,224364,255618
193445,224365,NULL
193446,224367,245104
193447,224368,NULL
193448,224369,NULL
193449,224370,226513
193449,224370,234600
193449,224370,237670
193450,224371,NULL
193451,224373,NULL
193452,224374,NULL
193453,224375,231486
193454,224376,NULL
193455,224377,NULL
193456,224378,NULL
193457,224379,NULL
193458,224380,NULL
193459,224382,238654
193460,224383,NULL
193461,224384,230319
193462,224385,NULL
193463,224387,NULL
193464,224389,253380
193465,224391,249402
193466,224392,NULL
193467,224393,NULL
193468,224394,239515
193469,224395,NULL
193470,224396,NULL
193471,224397,NULL
193472,224398,NULL
193473,224399,246477
193474,224400,NULL
193475,224401,NULL
193476,224402,NULL
193477,224403,NULL
193478,224404,NULL
193479,224405,257615
193480,224406,NULL
193481,224407,NULL
193482,224408,NULL
193483,224409,NULL
193484,224410,NULL
193485,224412,236408
193486,224413,NULL
193487,224414,NULL
193488,224415,NULL
193489,224416,NULL
193490,224418,NULL
193491,224419,NULL
193492,224420,NULL
193493,224421,259034
193493,224421,269755
193493,224421,278627
193494,224422,NULL
193495,224423,225367
193496,224425,NULL
193497,224428,NULL
193498,224431,NULL
193499,224433,NULL
193500,224434,NULL
193501,224435,NULL
193502,224436,NULL
193503,224437,NULL
193504,224438,NULL
193505,224439,254813
193506,224440,NULL
193507,224441,NULL
193508,224442,NULL
193509,224443,NULL
193510,224444,NULL
193511,224445,NULL
193512,224446,251870
193513,224447,261263
193514,224448,NULL
193515,224449,249169
193515,224449,254382
193515,224449,257557
193516,224450,238015
193516,224450,252718
193516,224450,256391
193517,224451,NULL
193518,224453,NULL
193519,224454,NULL
193520,224455,NULL
193521,224457,235366
193522,224458,NULL
193523,224459,NULL
193524,224460,NULL
193525,224461,NULL
193526,224462,NULL
193527,224463,239183
193528,224464,233185
193529,224465,NULL
193530,224466,NULL
193531,224467,NULL
193532,224468,NULL
193533,224469,NULL
193534,224470,NULL
193535,224471,NULL
193536,224472,NULL
193537,224473,NULL
193538,224474,NULL
193539,224475,NULL
193540,224476,NULL
193541,224477,NULL
193542,224478,NULL
193543,224479,NULL
193544,224480,NULL
193545,224481,NULL
193546,224482,255323
193547,224483,254349
193547,224483,266179
193547,224483,281056
193548,224484,235973
193549,224485,244161
193550,224486,NULL
193551,224487,NULL
193552,224488,NULL
193553,224489,NULL
193554,224491,NULL
193555,224492,NULL
193556,224493,NULL
193557,224495,NULL
193558,224498,NULL
193559,224499,NULL
193560,224500,NULL
193561,224501,NULL
193562,224502,NULL
193563,224504,NULL
193564,224505,235079
193565,224506,NULL
193566,224507,NULL
193567,224509,NULL
193568,224510,NULL
193569,224512,NULL
193570,224514,NULL
193571,224516,NULL
193572,224517,243204
193573,224518,NULL
193574,224519,NULL
193575,224521,NULL
193576,224522,NULL
193577,224523,NULL
193578,224524,NULL
193579,224525,254158
193579,224525,259308
193579,224525,271702
193580,224526,NULL
193581,224528,NULL
193582,224529,NULL
193583,224530,228775
193584,224531,NULL
193585,224532,NULL
193586,224533,NULL
193587,224534,NULL
193588,224535,NULL
193589,224536,NULL
193590,224537,NULL
193591,224538,NULL
193592,224539,NULL
193593,224541,NULL
193594,224542,NULL
193595,224543,NULL
193596,224544,NULL
193597,224545,249519
193598,224546,NULL
193599,224547,259621
193599,224547,265065
193599,224547,269909
193600,224549,NULL
193601,224550,NULL
193602,224551,NULL
193603,224552,NULL
193604,224553,NULL
193605,224554,255825
193605,224554,266633
193605,224554,273320
193606,224555,NULL
193607,224557,NULL
193608,224559,NULL
193609,224561,NULL
193610,224563,NULL
193611,224567,NULL
193612,224568,NULL
193613,224569,NULL
193614,224570,NULL
193615,224572,NULL
193616,224573,NULL
193617,224574,NULL
193618,224575,NULL
193619,224579,NULL
193620,224580,NULL
193621,224581,NULL
193622,224585,NULL
193623,224586,237911
193624,224587,225145
193625,224588,NULL
193626,224589,NULL
193627,224590,NULL
193628,224591,NULL
193629,224593,NULL
193630,224594,NULL
193631,224595,NULL
193632,224596,NULL
193633,224597,NULL
193634,224598,233431
193635,224599,NULL
193636,224600,NULL
193637,224601,NULL
193638,224602,NULL
193639,224603,NULL
193640,224604,NULL
193641,224605,NULL
193642,224606,NULL
193643,224607,NULL
193644,224608,NULL
193645,224609,NULL
193646,224610,NULL
193647,224611,231694
193648,224612,NULL
193649,224614,NULL
193650,224615,NULL
193651,224616,NULL
193652,224617,NULL
193653,224618,257512
193654,224620,NULL
193655,224621,NULL
193656,224622,NULL
193657,224624,NULL
193658,224625,NULL
193659,224626,NULL
193660,224629,NULL
193661,224630,NULL
193662,224631,NULL
193663,224632,NULL
193664,224633,NULL
193665,224634,NULL
193666,224635,NULL
193667,224637,NULL
193668,224638,NULL
193669,224639,NULL
193670,224640,NULL
193671,224641,NULL
193672,224645,NULL
193673,224646,NULL
193674,224647,NULL
193675,224649,NULL
193676,224650,NULL
193677,224651,NULL
193678,224653,NULL
193679,224654,NULL
193680,224656,246934
193680,224656,267287
193680,224656,270947
193681,224657,NULL
193682,224658,246556
193682,224658,257995
193682,224658,263477
193683,224659,NULL
193684,224660,233552
193685,224661,NULL
193686,224665,NULL
193687,224666,248587
193687,224666,255004
193687,224666,258978
193688,224667,NULL
193689,224669,NULL
193690,224670,233203
193690,224670,250565
193690,224670,253477
193691,224671,NULL
193692,224672,NULL
193693,224673,NULL
193694,224674,NULL
193695,224676,230659
193696,224677,NULL
193697,224678,NULL
193698,224679,NULL
193699,224680,NULL
193700,224681,243024
193701,224682,231150
193701,224682,251219
193701,224682,255816
193702,224683,NULL
193703,224684,NULL
193704,224685,NULL
193705,224686,NULL
193706,224687,NULL
193707,224688,228456
193708,224689,NULL
193709,224690,NULL
193710,224693,NULL
193711,224694,248360
193712,224695,NULL
193713,224696,242324
193714,224697,NULL
193715,224698,231434
193715,224698,236127
193715,224698,247865
193716,224699,NULL
193717,224701,250236
193718,224702,NULL
193719,224704,NULL
193720,224705,NULL
193721,224706,NULL
193722,224707,NULL
193723,224708,NULL
193724,224710,NULL
193725,224711,NULL
193726,224713,NULL
193727,224714,242598
193728,224715,NULL
193729,224717,NULL
193730,224718,NULL
193731,224719,254937
193732,224721,NULL
193733,224722,NULL
193734,224723,NULL
193735,224724,NULL
193736,224725,NULL
193737,224726,NULL
193738,224728,NULL
193739,224729,NULL
193740,224730,NULL
193741,224732,NULL
193742,224733,NULL
193743,224734,NULL
193744,224735,NULL
193745,224736,NULL
193746,224738,NULL
193747,224739,NULL
193748,224740,241364
193749,224741,NULL
193750,224742,NULL
193751,224744,NULL
193752,224745,NULL
193753,224746,NULL
193754,224747,NULL
193755,224748,NULL
193756,224749,NULL
193757,224751,256146
193758,224752,NULL
193759,224753,NULL
193760,224754,NULL
193761,224755,NULL
193762,224756,NULL
193763,224757,NULL
193764,224758,NULL
193765,224760,NULL
193766,224762,NULL
193767,224763,NULL
193768,224764,NULL
193769,224765,NULL
193770,224766,NULL
193771,224767,NULL
193772,224768,NULL
193773,224769,NULL
193774,224770,NULL
193775,224773,NULL
193776,224774,NULL
193777,224775,241982
193778,224776,NULL
193779,224778,NULL
193780,224779,NULL
193781,224780,NULL
193782,224781,NULL
193783,224782,246670
193783,224782,261581
193783,224782,268455
193784,224783,NULL
193785,224784,NULL
193786,224785,NULL
193787,224786,NULL
193788,224787,NULL
193789,224788,NULL
193790,224789,NULL
193791,224790,NULL
193792,224791,258877
193793,224792,NULL
193794,224794,NULL
193795,224795,NULL
193796,224796,NULL
193797,224798,NULL
193798,224799,NULL
193799,224800,250592
193800,224801,NULL
193801,224802,NULL
193802,224803,NULL
193803,224804,NULL
193804,224805,249635
193804,224805,265018
193804,224805,268503
193805,224806,NULL
193806,224807,NULL
193807,224808,NULL
193808,224809,NULL
193809,224810,NULL
193810,224811,NULL
193811,224813,NULL
193812,224814,NULL
193813,224817,NULL
193814,224818,NULL
193815,224819,NULL
193816,224821,NULL
193817,224822,NULL
193818,224823,NULL
193819,224824,245009
193820,224825,NULL
193821,224827,NULL
193822,224829,NULL
193823,224830,NULL
193824,224833,NULL
193825,224834,NULL
193826,224835,NULL
193827,224836,260022
193828,224837,NULL
193829,224838,243101
193829,224838,245585
193829,224838,257030
193830,224839,NULL
193831,224840,NULL
193832,224841,249634
193832,224841,259491
193832,224841,264106
193833,224842,NULL
193834,224843,NULL
193835,224844,NULL
193836,224845,NULL
193837,224847,NULL
193838,224848,NULL
193839,224849,NULL
193840,224850,NULL
193841,224852,225735
193841,224852,234201
193841,224852,238349
193842,224857,NULL
193843,224858,228173
193843,224858,233382
193843,224858,240522
193844,224859,NULL
193845,224860,NULL
193846,224861,225195
193847,224862,NULL
193848,224863,NULL
193849,224864,NULL
193850,224866,NULL
193851,224869,NULL
193852,224871,NULL
193853,224872,NULL
193854,224873,253561
193855,224874,NULL
193856,224875,NULL
193857,224876,NULL
193858,224877,NULL
193859,224879,NULL
193860,224881,NULL
193861,224882,NULL
193862,224883,NULL
193863,224884,NULL
193864,224885,NULL
193865,224886,NULL
193866,224888,NULL
193867,224889,NULL
193868,224890,NULL
193869,224891,NULL
193870,224892,236522
193870,224892,248046
193870,224892,258365
193871,224894,NULL
193872,224895,NULL
193873,224898,NULL
193874,224900,240281
193875,224902,NULL
193876,224903,232922
193877,224904,NULL
193878,224905,NULL
193879,224906,NULL
193880,224907,229149
193881,224909,NULL
193882,224911,NULL
193883,224912,NULL
193884,224915,NULL
193885,224916,NULL
193886,224919,NULL
193887,224920,NULL
193888,224922,NULL
193889,224923,NULL
193890,224924,254486
193891,224926,238732
193892,224927,NULL
193893,224928,NULL
193894,224929,249638
193894,224929,264633
193894,224929,273822
193895,224930,NULL
193896,224931,NULL
193897,224932,NULL
193898,224934,NULL
193899,224935,NULL
193900,224936,NULL
193901,224938,NULL
193902,224939,NULL
193903,224940,NULL
193904,224941,NULL
193905,224942,NULL
193906,224943,NULL
193907,224945,NULL
193908,224946,NULL
193909,224948,NULL
193910,224949,NULL
193911,224952,NULL
193912,224953,NULL
193913,224955,NULL
193914,224956,NULL
193915,224958,NULL
193916,224959,NULL
193917,224960,NULL
193918,224962,NULL
193919,224963,NULL
193920,224964,NULL
193921,224966,NULL
193922,224967,NULL
193923,224968,NULL
193924,224969,NULL
193925,224970,NULL
193926,224971,NULL
193927,224972,238704
193927,224972,256631
193927,224972,263163
193928,224973,240384
193929,224975,NULL
193930,224976,NULL
193931,224978,264152
193932,224979,NULL
193933,224980,NULL
193934,224981,NULL
193935,224982,NULL
193936,224983,NULL
193937,224984,NULL
193938,224985,NULL
193939,224986,NULL
193940,224988,NULL
193941,224989,258876
193942,224990,242029
193943,224992,241038
193944,224993,NULL
193945,224994,NULL
193946,224995,NULL
193947,224998,NULL
193948,225000,NULL
193949,225001,NULL
193950,225002,NULL
193951,225003,NULL
193952,225006,NULL
193953,225007,NULL
193954,225008,247055
193954,225008,267420
193954,225008,271284
193955,225010,259229
193955,225010,276700
193955,225010,283869
193956,225011,NULL
193957,225012,NULL
193958,225013,NULL
193959,225014,NULL
193960,225015,NULL
193961,225016,NULL
193962,225017,NULL
193963,225018,258163
193964,225019,259964
193965,225020,NULL
193966,225021,NULL
193967,225022,NULL
193968,225023,NULL
193969,225024,NULL
193970,225025,NULL
193971,225027,NULL
193972,225029,NULL
193973,225030,244615
193973,225030,252202
193973,225030,256196
193974,225031,NULL
193975,225032,247003
193976,225033,NULL
193977,225034,NULL
193978,225035,NULL
193979,225036,NULL
193980,225037,NULL
193981,225038,NULL
193982,225039,NULL
193983,225040,NULL
193984,225041,NULL
193985,225042,254127
193986,225044,229257
193987,225045,247433
193988,225046,NULL
193989,225047,254036
193990,225048,NULL
193991,225049,NULL
193992,225050,NULL
193993,225051,NULL
193994,225052,234850
193995,225054,NULL
193996,225055,NULL
193997,225057,NULL
193998,225058,262282
193999,225059,NULL
194000,225060,NULL
194001,225062,NULL
194002,225063,NULL
194003,225064,NULL
194004,225065,NULL
194005,225066,261122
194006,225067,NULL
194007,225068,NULL
194008,225069,NULL
194009,225070,233331
194009,225070,250300
194009,225070,265150
194010,225071,NULL
194011,225072,NULL
194012,225073,NULL
194013,225075,NULL
194014,225076,NULL
194015,225077,NULL
194016,225078,NULL
194017,225079,NULL
194018,225080,NULL
194019,225081,NULL
194020,225082,NULL
194021,225083,NULL
194022,225084,NULL
194023,225085,NULL
194024,225087,255392
194025,225088,NULL
194026,225089,NULL
194027,225090,NULL
194028,225091,NULL
194029,225092,NULL
194030,225093,NULL
194031,225095,NULL
194032,225096,NULL
194033,225097,NULL
194034,225098,NULL
194035,225099,NULL
194036,225100,NULL
194037,225101,NULL
194038,225102,NULL
194039,225103,NULL
194040,225104,NULL
194041,225105,NULL
194042,225106,NULL
194043,225107,NULL
194044,225109,NULL
194045,225110,NULL
194046,225111,NULL
194047,225112,NULL
194048,225113,NULL
194049,225114,NULL
194050,225116,NULL
194051,225121,NULL
194052,225122,NULL
194053,225123,NULL
194054,225124,NULL
194055,225125,NULL
194056,225126,253154
194057,225129,NULL
194058,225130,NULL
194059,225131,NULL
194060,225132,NULL
194061,225133,259132
194062,225134,NULL
194063,225135,NULL
194064,225137,NULL
194065,225138,NULL
194066,225139,NULL
194067,225140,NULL
194068,225141,NULL
194069,225142,NULL
194070,225143,NULL
194071,225144,NULL
194072,225146,NULL
194073,225148,252253
194074,225149,NULL
194075,225151,NULL
194076,225152,NULL
194077,225153,247451
194078,225154,NULL
194079,225155,247094
194080,225156,241533
194081,225157,234790
194082,225159,NULL
194083,225160,NULL
194084,225162,246849
194084,225162,250768
194084,225162,263288
194085,225163,NULL
194086,225164,NULL
194087,225165,NULL
194088,225166,NULL
194089,225167,NULL
194090,225169,NULL
194091,225170,NULL
194092,225172,NULL
194093,225174,NULL
194094,225175,NULL
194095,225176,252408
194096,225177,NULL
194097,225178,NULL
194098,225179,263698
194098,225179,272553
194098,225179,285138
194099,225181,264072
194100,225182,NULL
194101,225184,NULL
194102,225185,NULL
194103,225187,259851
194103,225187,268120
194103,225187,271528
194104,225188,NULL
194105,225190,NULL
194106,225191,NULL
194107,225192,NULL
194108,225193,NULL
194109,225194,NULL
194110,225198,259449
194111,225199,NULL
194112,225200,NULL
194113,225201,NULL
194114,225202,229644
194115,225203,NULL
194116,225204,NULL
194117,225205,NULL
194118,225206,NULL
194119,225207,NULL
194120,225208,252466
194121,225209,NULL
194122,225210,NULL
194123,225211,252585
194123,225211,257343
194123,225211,265048
194124,225212,NULL
194125,225213,NULL
194126,225214,NULL
194127,225215,256431
194128,225216,NULL
194129,225217,NULL
194130,225218,NULL
194131,225219,236765
194132,225220,NULL
194133,225222,NULL
194134,225223,NULL
194135,225224,NULL
194136,225225,NULL
194137,225226,NULL
194138,225227,NULL
194139,225228,NULL
194140,225229,NULL
194141,225230,NULL
194142,225231,NULL
194143,225232,NULL
194144,225233,NULL
194145,225234,244892
194145,225234,245810
194145,225234,254042
194146,225235,NULL
194147,225236,NULL
194148,225237,NULL
194149,225238,NULL
194150,225239,NULL
194151,225240,NULL
194152,225242,231884
194152,225242,242691
194152,225242,250435
194153,225244,NULL
194154,225245,NULL
194155,225246,NULL
194156,225247,NULL
194157,225248,NULL
194158,225249,NULL
194159,225250,NULL
194160,225251,NULL
194161,225252,NULL
194162,225253,NULL
194163,225254,NULL
194164,225256,NULL
194165,225257,NULL
194166,225258,NULL
194167,225259,NULL
194168,225260,NULL
194169,225262,234556
194169,225262,239801
194169,225262,245826
194170,225263,NULL
194171,225265,NULL
194172,225266,NULL
194173,225267,NULL
194174,225268,NULL
194175,225269,NULL
194176,225270,NULL
194177,225271,NULL
194178,225272,NULL
194179,225273,NULL
194180,225274,NULL
194181,225275,NULL
194182,225276,NULL
194183,225279,NULL
194184,225280,260734
194185,225281,NULL
194186,225282,NULL
194187,225283,NULL
194188,225284,NULL
194189,225285,236752
194190,225286,251987
194190,225286,271898
194190,225286,282828
194191,225287,NULL
194192,225288,NULL
194193,225290,NULL
194194,225291,NULL
194195,225292,NULL
194196,225293,NULL
194197,225294,NULL
194198,225295,NULL
194199,225296,NULL
194200,225298,NULL
194201,225299,NULL
194202,225300,NULL
194203,225301,NULL
194204,225302,NULL
194205,225303,NULL
194206,225305,NULL
194207,225306,230793
194208,225309,NULL
194209,225310,NULL
194210,225311,NULL
194211,225312,NULL
194212,225313,NULL
194213,225314,NULL
194214,225315,243509
194215,225318,NULL
194216,225319,NULL
194217,225320,NULL
194218,225321,NULL
194219,225322,NULL
194220,225323,NULL
194221,225324,NULL
194222,225325,NULL
194223,225326,235606
194224,225327,NULL
194225,225328,NULL
194226,225329,NULL
194227,225330,NULL
194228,225332,NULL
194229,225333,258404
194229,225333,273363
194229,225333,279794
194230,225334,NULL
194231,225335,NULL
194232,225336,252320
194233,225338,NULL
194234,225339,NULL
194235,225341,NULL
194236,225342,NULL
194237,225343,NULL
194238,225346,NULL
194239,225347,NULL
194240,225348,229132
194241,225350,NULL
194242,225352,NULL
194243,225353,NULL
194244,225354,NULL
194245,225355,NULL
194246,225357,NULL
194247,225358,NULL
194248,225360,NULL
194249,225361,NULL
194250,225363,NULL
194251,225364,NULL
194252,225365,NULL
194253,225366,NULL
194254,225368,NULL
194255,225369,NULL
194256,225370,NULL
194257,225372,NULL
194258,225373,NULL
194259,225374,NULL
194260,225375,NULL
194261,225376,NULL
194262,225377,NULL
194263,225378,NULL
194264,225379,NULL
194265,225380,NULL
194266,225381,241861
194267,225382,NULL
194268,225383,NULL
194269,225384,NULL
194270,225385,NULL
194271,225386,NULL
194272,225387,NULL
194273,225388,NULL
194274,225389,NULL
194275,225390,NULL
194276,225391,NULL
194277,225392,NULL
194278,225393,NULL
194279,225395,NULL
194280,225396,NULL
194281,225397,NULL
194282,225398,NULL
194283,225399,249225
194283,225399,266382
194283,225399,281597
194284,225400,NULL
194285,225402,NULL
194286,225403,NULL
194287,225404,NULL
194288,225406,NULL
194289,225407,NULL
194290,225408,256681
194290,225408,275985
194290,225408,282918
194291,225409,NULL
194292,225410,NULL
194293,225412,NULL
194294,225413,NULL
194295,225414,NULL
194296,225415,NULL
194297,225416,NULL
194298,225418,NULL
194299,225420,NULL
194300,225421,NULL
194301,225423,NULL
194302,225424,NULL
194303,225426,NULL
194304,225427,NULL
194305,225428,NULL
194306,225430,NULL
194307,225431,NULL
194308,225432,253701
194309,225433,NULL
194310,225434,NULL
194311,225435,239170
194312,225436,NULL
194313,225437,NULL
194314,225438,NULL
194315,225439,NULL
194316,225440,NULL
194317,225441,NULL
194318,225442,NULL
194319,225443,NULL
194320,225446,262565
194321,225447,NULL
194322,225448,NULL
194323,225449,NULL
194324,225450,NULL
194325,225451,NULL
194326,225452,NULL
194327,225453,253004
194328,225454,NULL
194329,225456,NULL
194330,225457,NULL
194331,225458,NULL
194332,225459,NULL
194333,225462,NULL
194334,225463,NULL
194335,225464,NULL
194336,225465,NULL
194337,225466,NULL
194338,225467,235714
194338,225467,237913
194338,225467,242056
194339,225468,NULL
194340,225469,258421
194341,225470,NULL
194342,225471,NULL
194343,225472,251144
194344,225474,229869
194345,225475,NULL
194346,225476,243043
194347,225477,NULL
194348,225478,NULL
194349,225480,NULL
194350,225482,233634
194350,225482,239321
194350,225482,244431
194351,225483,NULL
194352,225484,232996
194353,225485,NULL
194354,225486,NULL
194355,225487,NULL
194356,225488,NULL
194357,225490,251840
194358,225491,NULL
194359,225492,NULL
194360,225493,NULL
194361,225494,NULL
194362,225495,NULL
194363,225496,257252
194364,225497,NULL
194365,225498,NULL
194366,225499,NULL
194367,225500,NULL
194368,225501,NULL
194369,225502,NULL
194370,225503,NULL
194371,225504,NULL
194372,225505,NULL
194373,225506,NULL
194374,225507,NULL
194375,225508,NULL
194376,225509,244330
194377,225510,NULL
194378,225512,NULL
194379,225513,256564
194380,225514,NULL
194381,225515,NULL
194382,225516,NULL
194383,225517,NULL
194384,225518,NULL
194385,225519,NULL
194386,225520,232327
194386,225520,239698
194386,225520,250711
194387,225521,NULL
194388,225522,NULL
194389,225523,NULL
194390,225524,NULL
194391,225525,NULL
194392,225526,NULL
194393,225527,NULL
194394,225528,NULL
194395,225530,NULL
194396,225531,NULL
194397,225533,NULL
194398,225534,NULL
194399,225535,259483
194400,225536,NULL
194401,225537,NULL
194402,225538,262092
194403,225539,NULL
194404,225540,NULL
194405,225542,NULL
194406,225543,NULL
194407,225544,NULL
194408,225546,NULL
194409,225547,NULL
194410,225549,NULL
194411,225550,NULL
194412,225553,NULL
194413,225554,NULL
194414,225555,NULL
194415,225558,NULL
194416,225559,NULL
194417,225560,NULL
194418,225561,NULL
194419,225562,NULL
194420,225563,NULL
194421,225565,NULL
194422,225567,NULL
194423,225570,NULL
194424,225572,NULL
194425,225573,254601
194426,225575,244045
194426,225575,257013
194426,225575,268420
194427,225576,NULL
194428,225578,NULL
194429,225580,239513
194430,225581,NULL
194431,225582,NULL
194432,225583,NULL
194433,225584,NULL
194434,225585,NULL
194435,225586,NULL
194436,225587,NULL
194437,225588,NULL
194438,225589,NULL
194439,225590,NULL
194440,225592,NULL
194441,225593,229913
194442,225595,NULL
194443,225597,NULL
194444,225598,NULL
194445,225599,NULL
194446,225600,NULL
194447,225601,NULL
194448,225602,NULL
194449,225603,NULL
194450,225605,NULL
194451,225607,245605
194451,225607,263705
194451,225607,271762
194452,225608,NULL
194453,225609,NULL
194454,225610,NULL
194455,225614,NULL
194456,225615,NULL
194457,225616,NULL
194458,225618,NULL
194459,225619,NULL
194460,225620,NULL
194461,225624,238181
194462,225625,236840
194463,225626,247654
194464,225627,NULL
194465,225629,NULL
194466,225630,258716
194467,225631,NULL
194468,225632,NULL
194469,225633,NULL
194470,225634,NULL
194471,225635,NULL
194472,225636,NULL
194473,225637,NULL
194474,225638,NULL
194475,225640,253725
194476,225642,NULL
194477,225643,NULL
194478,225645,240283
194479,225647,NULL
194480,225648,NULL
194481,225649,NULL
194482,225651,NULL
194483,225652,NULL
194484,225655,NULL
194485,225658,NULL
194486,225659,NULL
194487,225660,NULL
194488,225661,NULL
194489,225662,NULL
194490,225663,NULL
194491,225664,NULL
194492,225665,NULL
194493,225666,NULL
194494,225667,NULL
194495,225668,NULL
194496,225669,245279
194497,225671,NULL
194498,225672,NULL
194499,225673,NULL
194500,225674,258368
194501,225675,NULL
194502,225676,NULL
194503,225677,245203
194503,225677,267560
194503,225677,278235
194504,225678,NULL
194505,225680,NULL
194506,225681,NULL
194507,225682,NULL
194508,225683,237338
194509,225686,NULL
194510,225687,NULL
194511,225688,NULL
194512,225689,NULL
194513,225690,NULL
194514,225692,NULL
194515,225693,241174
194515,225693,263914
194515,225693,268093
194516,225694,NULL
194517,225697,NULL
194518,225698,NULL
194519,225699,NULL
194520,225700,NULL
194521,225702,NULL
194522,225703,NULL
194523,225706,NULL
194524,225707,NULL
194525,225708,NULL
194526,225709,NULL
194527,225710,NULL
194528,225713,NULL
194529,225714,NULL
194530,225716,238753
194530,225716,243637
194530,225716,247160
194531,225717,NULL
194532,225718,247037
194533,225719,NULL
194534,225720,NULL
194535,225721,NULL
194536,225723,NULL
194537,225724,NULL
194538,225725,NULL
194539,225726,239608
194540,225727,NULL
194541,225728,NULL
194542,225729,NULL
194543,225730,NULL
194544,225731,NULL
194545,225732,NULL
194546,225733,NULL
194547,225736,NULL
194548,225737,NULL
194549,225738,NULL
194550,225739,NULL
194551,225740,NULL
194552,225741,251358
194553,225742,NULL
194554,225743,NULL
194555,225745,NULL
194556,225746,NULL
194557,225747,NULL
194558,225749,NULL
194559,225751,NULL
194560,225752,NULL
194561,225753,NULL
194562,225754,NULL
194563,225755,NULL
194564,225756,NULL
194565,225757,NULL
194566,225759,NULL
194567,225760,258305
194568,225761,NULL
194569,225762,262300
194569,225762,269077
194569,225762,280579
194570,225765,NULL
194571,225766,NULL
194572,225768,NULL
194573,225769,NULL
194574,225770,NULL
194575,225771,NULL
194576,225772,NULL
194577,225773,NULL
194578,225774,NULL
194579,225776,NULL
194580,225777,NULL
194581,225778,NULL
194582,225779,NULL
194583,225780,NULL
194584,225781,NULL
194585,225782,NULL
194586,225783,NULL
194587,225784,NULL
194588,225785,NULL
194589,225787,NULL
194590,225788,NULL
194591,225789,NULL
194592,225790,NULL
194593,225791,NULL
194594,225793,NULL
194595,225794,NULL
194596,225795,NULL
194597,225796,NULL
194598,225797,NULL
194599,225798,NULL
194600,225799,NULL
194601,225800,NULL
194602,225802,NULL
194603,225803,NULL
194604,225804,NULL
194605,225805,NULL
194606,225806,NULL
194607,225807,NULL
194608,225808,247168
194609,225809,NULL
194610,225810,253455
194610,225810,269927
194610,225810,275975
194611,225811,NULL
194612,225812,NULL
194613,225813,NULL
194614,225814,NULL
194615,225815,NULL
194616,225816,NULL
194617,225818,NULL
194618,225819,NULL
194619,225820,NULL
194620,225822,NULL
194621,225824,260946
194622,225825,NULL
194623,225827,NULL
194624,225829,NULL
194625,225830,NULL
194626,225831,NULL
194627,225833,NULL
194628,225834,NULL
194629,225835,NULL
194630,225836,NULL
194631,225838,NULL
194632,225840,NULL
194633,225841,NULL
194634,225842,NULL
194635,225843,247832
194636,225844,NULL
194637,225845,NULL
194638,225847,NULL
194639,225850,NULL
194640,225851,NULL
194641,225852,NULL
194642,225853,NULL
194643,225854,NULL
194644,225856,NULL
194645,225857,NULL
194646,225858,NULL
194647,225859,NULL
194648,225861,242017
194648,225861,260446
194648,225861,273716
194649,225862,246056
194650,225864,NULL
194651,225865,NULL
194652,225866,NULL
194653,225867,NULL
194654,225870,NULL
194655,225871,NULL
194656,225872,262479
194656,225872,283662
194656,225872,293525
194657,225873,NULL
194658,225874,NULL
194659,225875,NULL
194660,225876,NULL
194661,225877,NULL
194662,225878,NULL
194663,225881,NULL
194664,225882,NULL
194665,225883,NULL
194666,225884,NULL
194667,225885,NULL
194668,225887,NULL
194669,225888,NULL
194670,225889,NULL
194671,225890,NULL
194672,225891,NULL
194673,225892,NULL
194674,225893,NULL
194675,225894,NULL
194676,225896,250928
194677,225897,NULL
194678,225898,NULL
194679,225899,NULL
194680,225901,NULL
194681,225902,NULL
194682,225903,NULL
194683,225904,257247
194684,225905,NULL
194685,225906,NULL
194686,225907,NULL
194687,225908,NULL
194688,225911,NULL
194689,225912,NULL
194690,225913,NULL
194691,225914,NULL
194692,225915,NULL
194693,225916,NULL
194694,225917,NULL
194695,225918,NULL
194696,225919,241361
194697,225920,NULL
194698,225922,NULL
194699,225923,NULL
194700,225924,NULL
194701,225925,NULL
194702,225927,NULL
194703,225929,NULL
194704,225930,NULL
194705,225931,NULL
194706,225932,NULL
194707,225934,NULL
194708,225935,NULL
194709,225936,NULL
194710,225937,NULL
194711,225938,229436
194712,225939,NULL
194713,225940,235538
194714,225941,NULL
194715,225942,NULL
194716,225943,NULL
194717,225944,NULL
194718,225946,NULL
194719,225947,NULL
194720,225949,252235
194721,225951,237040
194722,225952,NULL
194723,225953,NULL
194724,225954,NULL
194725,225955,262171
194725,225955,272659
194725,225955,283054
194726,225956,NULL
194727,225957,NULL
194728,225958,NULL
194729,225959,NULL
194730,225960,NULL
194731,225962,NULL
194732,225963,NULL
194733,225964,NULL
194734,225965,NULL
194735,225966,NULL
194736,225967,NULL
194737,225968,NULL
194738,225971,NULL
194739,225972,NULL
194740,225973,NULL
194741,225974,NULL
194742,225975,NULL
194743,225977,NULL
194744,225978,NULL
194745,225979,NULL
194746,225981,NULL
194747,225982,NULL
194748,225983,257631
194748,225983,279810
194748,225983,292343
194749,225984,NULL
194750,225985,NULL
194751,225987,NULL
194752,225988,NULL
194753,225989,NULL
194754,225990,NULL
194755,225992,NULL
194756,225993,NULL
194757,225995,NULL
194758,225996,NULL
194759,225997,NULL
194760,225999,264351
194761,226000,NULL
194762,226001,245776
194763,226002,NULL
194764,226003,NULL
194765,226004,NULL
194766,226005,256342
194767,226006,NULL
194768,226007,NULL
194769,226008,NULL
194770,226009,NULL
194771,226010,NULL
194772,226011,NULL
194773,226014,253530
194774,226015,NULL
194775,226016,234819
194776,226017,NULL
194777,226018,240617
194778,226019,NULL
194779,226020,245522
194779,226020,256909
194779,226020,268724
194780,226021,NULL
194781,226022,NULL
194782,226023,NULL
194783,226024,261635
194784,226026,NULL
194785,226027,257308
194786,226029,NULL
194787,226030,NULL
194788,226031,NULL
194789,226032,NULL
194790,226033,NULL
194791,226034,NULL
194792,226035,232071
194793,226036,NULL
194794,226037,NULL
194795,226038,NULL
194796,226039,NULL
194797,226040,NULL
194798,226042,NULL
194799,226043,NULL
194800,226045,NULL
194801,226046,NULL
194802,226047,NULL
194803,226048,NULL
194804,226049,238537
194805,226050,NULL
194806,226051,242619
194807,226052,NULL
194808,226053,NULL
194809,226055,NULL
194810,226056,NULL
194811,226057,NULL
194812,226058,NULL
194813,226060,NULL
194814,226061,NULL
194815,226062,NULL
194816,226063,255228
194817,226064,242046
194817,226064,264691
194817,226064,271958
194818,226065,NULL
194819,226066,NULL
194820,226067,NULL
194821,226068,246525
194822,226069,NULL
194823,226070,NULL
194824,226071,NULL
194825,226072,NULL
194826,226075,248869
194826,226075,254125
194826,226075,269024
194827,226076,NULL
194828,226077,NULL
194829,226078,NULL
194830,226079,239405
194831,226080,NULL
194832,226081,NULL
194833,226082,NULL
194834,226083,NULL
194835,226084,NULL
194836,226085,NULL
194837,226086,NULL
194838,226087,NULL
194839,226088,NULL
194840,226089,253625
194840,226089,267185
194840,226089,278060
194841,226090,NULL
194842,226091,NULL
194843,226092,NULL
194844,226093,NULL
194845,226095,NULL
194846,226096,NULL
194847,226097,NULL
194848,226099,NULL
194849,226100,NULL
194850,226102,NULL
194851,226104,NULL
194852,226105,NULL
194853,226106,NULL
194854,226107,NULL
194855,226108,NULL
194856,226109,NULL
194857,226110,NULL
194858,226111,NULL
194859,226112,NULL
194860,226113,NULL
194861,226114,NULL
194862,226115,NULL
194863,226116,NULL
194864,226117,258728
194864,226117,277932
194864,226117,281280
194865,226118,NULL
194866,226119,NULL
194867,226120,NULL
194868,226121,NULL
194869,226123,NULL
194870,226124,NULL
194871,226125,239461
194872,226126,NULL
194873,226127,NULL
194874,226128,NULL
194875,226129,NULL
194876,226130,243543
194876,226130,265001
194876,226130,277855
194877,226131,261118
194878,226133,NULL
194879,226135,NULL
194880,226136,NULL
194881,226137,NULL
194882,226138,NULL
194883,226140,252035
194884,226141,NULL
194885,226144,NULL
194886,226145,259258
194886,226145,268499
194886,226145,277945
194887,226146,NULL
194888,226147,258988
194888,226147,279776
194888,226147,292927
194889,226148,NULL
194890,226149,NULL
194891,226151,NULL
194892,226154,NULL
194893,226155,NULL
194894,226156,NULL
194895,226157,NULL
194896,226158,251681
194897,226161,NULL
194898,226162,NULL
194899,226164,NULL
194900,226165,NULL
194901,226166,NULL
194902,226167,NULL
194903,226169,NULL
194904,226170,NULL
194905,226171,NULL
194906,226172,NULL
194907,226173,NULL
194908,226174,254277
194908,226174,257710
194908,226174,267232
194909,226175,NULL
194910,226177,NULL
194911,226178,NULL
194912,226180,NULL
194913,226181,NULL
194914,226182,NULL
194915,226183,NULL
194916,226185,NULL
194917,226186,NULL
194918,226187,NULL
194919,226188,NULL
194920,226189,NULL
194921,226190,NULL
194922,226191,NULL
194923,226192,NULL
194924,226193,NULL
194925,226194,NULL
194926,226195,NULL
194927,226196,NULL
194928,226197,259553
194928,226197,277936
194928,226197,287244
194929,226198,NULL
194930,226199,245339
194931,226202,NULL
194932,226203,NULL
194933,226204,NULL
194934,226205,NULL
194935,226206,NULL
194936,226207,NULL
194937,226208,NULL
194938,226209,NULL
194939,226210,236813
194940,226212,NULL
194941,226213,NULL
194942,226214,NULL
194943,226215,NULL
194944,226216,NULL
194945,226217,NULL
194946,226218,NULL
194947,226219,NULL
194948,226220,NULL
194949,226221,NULL
194950,226222,NULL
194951,226223,NULL
194952,226224,263132
194952,226224,276476
194952,226224,281374
194953,226225,NULL
194954,226226,NULL
194955,226227,NULL
194956,226230,238782
194957,226231,NULL
194958,226232,NULL
194959,226233,NULL
194960,226234,NULL
194961,226235,NULL
194962,226236,NULL
194963,226237,NULL
194964,226238,NULL
194965,226239,241292
194966,226240,242125
194967,226242,NULL
194968,226243,NULL
194969,226244,NULL
194970,226245,229720
194971,226246,NULL
194972,226247,262545
194972,226247,273876
194972,226247,279724
194973,226248,NULL
194974,226249,NULL
194975,226250,NULL
194976,226251,NULL
194977,226252,NULL
194978,226253,260820
194979,226254,NULL
194980,226255,232277
194980,226255,236964
194980,226255,242115
194981,226256,NULL
194982,226257,NULL
194983,226258,NULL
194984,226259,NULL
194985,226260,NULL
194986,226261,NULL
194987,226262,239365
194988,226264,NULL
194989,226265,NULL
194990,226267,NULL
194991,226268,NULL
194992,226270,NULL
194993,226271,NULL
194994,226272,NULL
194995,226273,NULL
194996,226274,NULL
194997,226275,NULL
194998,226276,NULL
194999,226277,NULL
195000,226278,NULL
195001,226279,NULL
195002,226280,NULL
195003,226281,NULL
195004,226282,NULL
195005,226283,229054
195005,226283,239546
195005,226283,249095
195006,226284,NULL
195007,226286,NULL
195008,226287,242625
195008,226287,245209
195008,226287,252276
195009,226289,NULL
195010,226291,251064
195011,226294,NULL
195012,226295,NULL
195013,226296,258345
195013,226296,279258
195013,226296,291778
195014,226297,NULL
195015,226298,NULL
195016,226299,NULL
195017,226301,NULL
195018,226302,NULL
195019,226305,NULL
195020,226306,NULL
195021,226308,NULL
195022,226309,246106
195023,226310,NULL
195024,226311,NULL
195025,226312,NULL
195026,226313,NULL
195027,226314,NULL
195028,226315,NULL
195029,226316,NULL
195030,226317,NULL
195031,226318,NULL
195032,226319,NULL
195033,226320,NULL
195034,226321,NULL
195035,226322,NULL
195036,226323,NULL
195037,226324,NULL
195038,226326,NULL
195039,226327,NULL
195040,226329,NULL
195041,226331,NULL
195042,226332,NULL
195043,226333,NULL
195044,226334,NULL
195045,226336,NULL
195046,226337,258838
195047,226338,NULL
195048,226339,NULL
195049,226340,NULL
195050,226342,NULL
195051,226343,NULL
195052,226344,NULL
195053,226345,NULL
195054,226347,NULL
195055,226348,NULL
195056,226350,NULL
195057,226351,NULL
195058,226353,NULL
195059,226354,NULL
195060,226355,NULL
195061,226357,NULL
195062,226358,NULL
195063,226359,NULL
195064,226360,NULL
195065,226361,NULL
195066,226363,NULL
195067,226364,NULL
195068,226365,NULL
195069,226366,NULL
195070,226367,NULL
195071,226368,NULL
195072,226369,NULL
195073,226370,NULL
195074,226371,NULL
195075,226373,NULL
195076,226374,NULL
195077,226375,NULL
195078,226377,NULL
195079,226378,NULL
195080,226379,NULL
195081,226380,NULL
195082,226381,NULL
195083,226382,NULL
195084,226385,NULL
195085,226386,NULL
195086,226387,NULL
195087,226388,NULL
195088,226389,NULL
195089,226390,NULL
195090,226393,NULL
195091,226394,NULL
195092,226395,NULL
195093,226396,NULL
195094,226397,NULL
195095,226398,NULL
195096,226399,NULL
195097,226400,NULL
195098,226401,NULL
195099,226402,NULL
195100,226403,NULL
195101,226404,NULL
195102,226405,NULL
195103,226406,NULL
195104,226408,NULL
195105,226409,NULL
195106,226410,241131
195106,226410,255950
195106,226410,259574
195107,226411,NULL
195108,226412,NULL
195109,226413,NULL
195110,226414,NULL
195111,226415,NULL
195112,226417,249232
195113,226418,NULL
195114,226419,NULL
195115,226420,NULL
195116,226421,NULL
195117,226422,NULL
195118,226423,NULL
195119,226424,258053
195119,226424,279832
195119,226424,284499
195120,226425,NULL
195121,226426,237197
195122,226427,NULL
195123,226428,NULL
195124,226429,NULL
195125,226430,NULL
195126,226431,NULL
195127,226432,NULL
195128,226434,NULL
195129,226435,NULL
195130,226436,NULL
195131,226437,NULL
195132,226438,NULL
195133,226439,NULL
195134,226440,NULL
195135,226441,238278
195136,226443,NULL
195137,226444,NULL
195138,226445,NULL
195139,226446,236918
195140,226447,NULL
195141,226448,NULL
195142,226449,NULL
195143,226451,NULL
195144,226452,NULL
195145,226453,NULL
195146,226454,NULL
195147,226455,NULL
195148,226456,NULL
195149,226457,NULL
195150,226458,NULL
195151,226459,NULL
195152,226460,NULL
195153,226461,NULL
195154,226462,NULL
195155,226463,NULL
195156,226464,NULL
195157,226468,NULL
195158,226469,NULL
195159,226470,NULL
195160,226471,NULL
195161,226475,NULL
195162,226476,NULL
195163,226477,NULL
195164,226478,NULL
195165,226480,NULL
195166,226481,243849
195167,226482,NULL
195168,226484,NULL
195169,226485,NULL
195170,226486,NULL
195171,226488,NULL
195172,226489,NULL
195173,226491,NULL
195174,226492,239277
195175,226493,NULL
195176,226494,265507
195177,226495,NULL
195178,226496,NULL
195179,226497,NULL
195180,226500,NULL
195181,226501,NULL
195182,226502,NULL
195183,226503,NULL
195184,226504,251931
195184,226504,260072
195184,226504,270130
195185,226506,NULL
195186,226508,NULL
195187,226509,NULL
195188,226510,250475
195189,226511,NULL
195190,226512,NULL
195191,226515,NULL
195192,226516,NULL
195193,226517,NULL
195194,226518,NULL
195195,226519,NULL
195196,226523,NULL
195197,226524,NULL
195198,226525,NULL
195199,226526,NULL
195200,226527,NULL
195201,226528,NULL
195202,226530,NULL
195203,226531,264603
195204,226533,NULL
195205,226534,NULL
195206,226535,NULL
195207,226536,NULL
195208,226537,241148
195209,226538,NULL
195210,226539,NULL
195211,226540,NULL
195212,226541,NULL
195213,226542,NULL
195214,226544,NULL
195215,226547,NULL
195216,226548,257715
195217,226549,NULL
195218,226550,NULL
195219,226551,NULL
195220,226554,NULL
195221,226555,NULL
195222,226557,NULL
195223,226558,NULL
195224,226559,NULL
195225,226560,NULL
195226,226561,NULL
195227,226564,232022
195227,226564,247218
195227,226564,259821
195228,226565,NULL
195229,226566,NULL
195230,226567,NULL
195231,226568,NULL
195232,226569,NULL
195233,226571,NULL
195234,226572,NULL
195235,226573,NULL
195236,226574,NULL
195237,226575,253483
195238,226576,246116
195238,226576,256023
195238,226576,264533
195239,226577,NULL
195240,226578,NULL
195241,226579,NULL
195242,226581,NULL
195243,226582,NULL
195244,226583,230894
195245,226584,NULL
195246,226585,245337
195247,226586,NULL
195248,226587,NULL
195249,226588,NULL
195250,226589,233872
195251,226590,NULL
195252,226591,264962
195252,226591,267660
195252,226591,275764
195253,226592,NULL
195254,226593,NULL
195255,226594,NULL
195256,226596,236274
195256,226596,251121
195256,226596,263519
195257,226597,NULL
195258,226598,NULL
195259,226599,NULL
195260,226600,NULL
195261,226601,NULL
195262,226602,NULL
195263,226603,NULL
195264,226604,NULL
195265,226605,NULL
195266,226606,NULL
195267,226607,NULL
195268,226608,NULL
195269,226609,NULL
195270,226610,NULL
195271,226611,NULL
195272,226612,NULL
195273,226613,NULL
195274,226615,NULL
195275,226616,NULL
195276,226618,NULL
195277,226619,NULL
195278,226620,NULL
195279,226621,NULL
195280,226622,251258
195281,226623,NULL
195282,226624,NULL
195283,226625,NULL
195284,226626,NULL
195285,226627,265245
195285,226627,268881
195285,226627,271906
195286,226628,NULL
195287,226629,NULL
195288,226630,NULL
195289,226631,NULL
195290,226633,NULL
195291,226635,230552
195292,226636,NULL
195293,226638,NULL
195294,226639,235155
195295,226640,NULL
195296,226641,NULL
195297,226642,NULL
195298,226643,258754
195299,226644,NULL
195300,226645,NULL
195301,226646,NULL
195302,226647,NULL
195303,226648,NULL
195304,226649,NULL
195305,226650,NULL
195306,226651,NULL
195307,226652,NULL
195308,226654,258474
195308,226654,266529
195308,226654,282468
195309,226655,NULL
195310,226656,NULL
195311,226657,NULL
195312,226658,NULL
195313,226659,NULL
195314,226660,NULL
195315,226661,NULL
195316,226662,256163
195317,226663,NULL
195318,226664,NULL
195319,226665,234522
195319,226665,237467
195319,226665,248632
195320,226666,NULL
195321,226668,NULL
195322,226669,NULL
195323,226670,NULL
195324,226671,260869
195325,226672,NULL
195326,226673,NULL
195327,226674,NULL
195328,226676,260474
195328,226676,270531
195328,226676,283935
195329,226678,NULL
195330,226679,NULL
195331,226680,NULL
195332,226681,NULL
195333,226682,NULL
195334,226684,NULL
195335,226685,NULL
195336,226686,NULL
195337,226687,NULL
195338,226688,NULL
195339,226689,NULL
195340,226690,246583
195341,226691,NULL
195342,226692,NULL
195343,226693,NULL
195344,226694,NULL
195345,226695,239141
195346,226696,NULL
195347,226697,NULL
195348,226698,NULL
195349,226699,NULL
195350,226701,NULL
195351,226702,NULL
195352,226703,NULL
195353,226704,242314
195353,226704,256318
195353,226704,258619
195354,226705,NULL
195355,226706,NULL
195356,226707,NULL
195357,226708,NULL
195358,226709,NULL
195359,226710,240078
195359,226710,246052
195359,226710,249446
195360,226711,NULL
195361,226712,NULL
195362,226713,NULL
195363,226714,NULL
195364,226715,NULL
195365,226717,250455
195366,226718,NULL
195367,226719,NULL
195368,226721,252667
195368,226721,268548
195368,226721,279095
195369,226723,NULL
195370,226724,NULL
195371,226726,NULL
195372,226727,240190
195373,226730,NULL
195374,226731,NULL
195375,226732,NULL
195376,226733,NULL
195377,226734,NULL
195378,226735,260010
195379,226736,NULL
195380,226737,NULL
195381,226738,NULL
195382,226739,NULL
195383,226740,NULL
195384,226741,NULL
195385,226742,NULL
195386,226745,239341
195387,226746,NULL
195388,226747,239643
195388,226747,245340
195388,226747,260340
195389,226748,NULL
195390,226749,NULL
195391,226751,NULL
195392,226753,NULL
195393,226754,NULL
195394,226755,NULL
195395,226756,NULL
195396,226757,NULL
195397,226758,NULL
195398,226759,NULL
195399,226760,244462
195400,226761,NULL
195401,226762,NULL
195402,226763,NULL
195403,226764,NULL
195404,226765,NULL
195405,226766,NULL
195406,226767,247524
195407,226768,NULL
195408,226769,NULL
195409,226770,231575
195409,226770,252162
195409,226770,264833
195410,226771,NULL
195411,226772,NULL
195412,226773,NULL
195413,226775,260087
195414,226776,NULL
195415,226778,NULL
195416,226779,235026
195417,226780,NULL
195418,226781,NULL
195419,226782,NULL
195420,226783,NULL
195421,226784,NULL
195422,226786,245253
195423,226787,NULL
195424,226788,NULL
195425,226789,NULL
195426,226792,NULL
195427,226794,254647
195427,226794,270624
195427,226794,285558
195428,226795,NULL
195429,226796,NULL
195430,226797,NULL
195431,226798,NULL
195432,226799,246280
195433,226801,NULL
195434,226802,NULL
195435,226803,NULL
195436,226804,NULL
195437,226805,NULL
195438,226806,NULL
195439,226807,NULL
195440,226808,NULL
195441,226809,NULL
195442,226810,NULL
195443,226811,NULL
195444,226812,NULL
195445,226813,NULL
195446,226814,NULL
195447,226815,NULL
195448,226816,NULL
195449,226817,252388
195450,226819,NULL
195451,226820,244452
195451,226820,265564
195451,226820,267717
195452,226822,NULL
195453,226823,NULL
195454,226824,NULL
195455,226825,NULL
195456,226826,NULL
195457,226827,NULL
195458,226829,NULL
195459,226830,NULL
195460,226832,NULL
195461,226833,NULL
195462,226834,NULL
195463,226835,NULL
195464,226836,NULL
195465,226838,NULL
195466,226839,NULL
195467,226840,NULL
195468,226841,NULL
195469,226842,NULL
195470,226843,264014
195471,226844,NULL
195472,226845,245184
195473,226846,NULL
195474,226848,NULL
195475,226849,242440
195476,226850,259054
195477,226852,241813
195478,226853,NULL
195479,226854,NULL
195480,226855,NULL
195481,226857,NULL
195482,226859,NULL
195483,226860,NULL
195484,226861,NULL
195485,226862,244301
195485,226862,252422
195485,226862,261863
195486,226863,NULL
195487,226864,NULL
195488,226865,NULL
195489,226867,NULL
195490,226868,NULL
195491,226869,254991
195492,226871,NULL
195493,226872,NULL
195494,226873,NULL
195495,226874,NULL
195496,226875,NULL
195497,226876,NULL
195498,226878,NULL
195499,226879,NULL
195500,226880,NULL
195501,226882,256825
195501,226882,277972
195501,226882,286019
195502,226883,NULL
195503,226884,NULL
195504,226885,NULL
195505,226887,NULL
195506,226888,NULL
195507,226889,NULL
195508,226890,NULL
195509,226891,252886
195510,226892,NULL
195511,226893,NULL
195512,226894,NULL
195513,226895,NULL
195514,226896,NULL
195515,226898,NULL
195516,226899,NULL
195517,226900,NULL
195518,226903,NULL
195519,226905,NULL
195520,226906,NULL
195521,226907,NULL
195522,226909,249524
195523,226911,NULL
195524,226912,NULL
195525,226913,NULL
195526,226914,NULL
195527,226917,NULL
195528,226918,NULL
195529,226919,NULL
195530,226920,NULL
195531,226921,NULL
195532,226923,NULL
195533,226928,NULL
195534,226930,NULL
195535,226932,NULL
195536,226933,229078
195537,226934,NULL
195538,226935,NULL
195539,226936,NULL
195540,226937,NULL
195541,226938,NULL
195542,226939,NULL
195543,226940,NULL
195544,226941,NULL
195545,226942,NULL
195546,226944,NULL
195547,226945,NULL
195548,226947,NULL
195549,226948,NULL
195550,226949,NULL
195551,226950,NULL
195552,226951,NULL
195553,226952,NULL
195554,226953,NULL
195555,226954,NULL
195556,226955,NULL
195557,226956,NULL
195558,226957,NULL
195559,226959,NULL
195560,226960,NULL
195561,226961,NULL
195562,226963,NULL
195563,226964,NULL
195564,226965,NULL
195565,226968,NULL
195566,226971,NULL
195567,226972,NULL
195568,226973,NULL
195569,226974,NULL
195570,226977,NULL
195571,226978,NULL
195572,226979,NULL
195573,226980,NULL
195574,226981,NULL
195575,226982,NULL
195576,226983,NULL
195577,226984,NULL
195578,226985,NULL
195579,226986,NULL
195580,226987,NULL
195581,226988,NULL
195582,226989,NULL
195583,226990,NULL
195584,226991,229299
195584,226991,247514
195584,226991,254827
195585,226992,NULL
195586,226993,263264
195587,226994,NULL
195588,226995,241576
195589,226998,NULL
195590,226999,NULL
195591,227000,NULL
195592,227002,NULL
195593,227003,NULL
195594,227004,NULL
195595,227005,NULL
195596,227007,NULL
195597,227008,247276
195597,227008,250550
195597,227008,260457
195598,227010,248662
195598,227010,258105
195598,227010,269316
195599,227012,NULL
195600,227013,NULL
195601,227014,NULL
195602,227017,NULL
195603,227018,NULL
195604,227019,NULL
195605,227020,NULL
195606,227021,243079
195607,227022,NULL
195608,227023,NULL
195609,227024,NULL
195610,227025,NULL
195611,227026,NULL
195612,227028,250953
195613,227029,NULL
195614,227031,NULL
195615,227032,NULL
195616,227034,NULL
195617,227035,NULL
195618,227036,NULL
195619,227037,NULL
195620,227038,NULL
195621,227039,NULL
195622,227040,NULL
195623,227041,NULL
195624,227042,NULL
195625,227043,NULL
195626,227044,NULL
195627,227045,NULL
195628,227046,NULL
195629,227047,257572
195630,227048,NULL
195631,227049,NULL
195632,227050,NULL
195633,227052,249769
195634,227053,NULL
195635,227054,NULL
195636,227055,NULL
195637,227056,258689
195638,227058,NULL
195639,227059,NULL
195640,227060,NULL
195641,227061,241707
195642,227062,NULL
195643,227063,NULL
195644,227064,230717
195645,227065,NULL
195646,227066,NULL
195647,227067,NULL
195648,227068,240412
195649,227069,NULL
195650,227070,NULL
195651,227072,NULL
195652,227074,NULL
195653,227077,NULL
195654,227078,258148
195655,227079,NULL
195656,227080,NULL
195657,227081,NULL
195658,227082,NULL
195659,227083,NULL
195660,227084,NULL
195661,227085,NULL
195662,227087,NULL
195663,227088,NULL
195664,227090,NULL
195665,227091,NULL
195666,227092,239987
195667,227093,NULL
195668,227094,NULL
195669,227095,NULL
195670,227096,NULL
195671,227097,NULL
195672,227098,NULL
195673,227099,NULL
195674,227100,NULL
195675,227101,NULL
195676,227102,NULL
195677,227103,NULL
195678,227104,NULL
195679,227105,NULL
195680,227106,NULL
195681,227107,NULL
195682,227108,NULL
195683,227109,NULL
195684,227110,NULL
195685,227111,NULL
195686,227113,NULL
195687,227115,NULL
195688,227116,NULL
195689,227117,NULL
195690,227118,NULL
195691,227119,NULL
195692,227120,NULL
195693,227121,NULL
195694,227122,NULL
195695,227123,NULL
195696,227124,NULL
195697,227125,NULL
195698,227126,NULL
195699,227129,NULL
195700,227130,NULL
195701,227132,240474
195701,227132,259701
195701,227132,266638
195702,227134,NULL
195703,227135,NULL
195704,227136,257284
195705,227137,NULL
195706,227138,258702
195707,227139,NULL
195708,227140,258152
195709,227141,242693
195710,227142,234627
195711,227143,NULL
195712,227145,NULL
195713,227147,NULL
195714,227148,NULL
195715,227149,232523
195716,227150,NULL
195717,227151,NULL
195718,227152,NULL
195719,227155,NULL
195720,227156,NULL
195721,227157,NULL
195722,227158,NULL
195723,227159,NULL
195724,227160,NULL
195725,227161,NULL
195726,227162,NULL
195727,227163,NULL
195728,227165,NULL
195729,227166,NULL
195730,227167,NULL
195731,227168,NULL
195732,227169,NULL
195733,227171,NULL
195734,227172,NULL
195735,227173,NULL
195736,227174,NULL
195737,227175,NULL
195738,227176,NULL
195739,227177,NULL
195740,227178,NULL
195741,227179,NULL
195742,227180,NULL
195743,227181,NULL
195744,227182,NULL
195745,227183,NULL
195746,227184,NULL
195747,227186,NULL
195748,227187,NULL
195749,227189,NULL
195750,227191,NULL
195751,227193,NULL
195752,227195,NULL
195753,227197,NULL
195754,227198,NULL
195755,227199,NULL
195756,227200,NULL
195757,227201,NULL
195758,227202,NULL
195759,227204,248268
195759,227204,255156
195759,227204,258335
195760,227205,NULL
195761,227206,NULL
195762,227207,NULL
195763,227208,NULL
195764,227209,NULL
195765,227210,NULL
195766,227211,NULL
195767,227212,NULL
195768,227213,NULL
195769,227214,NULL
195770,227215,NULL
195771,227216,NULL
195772,227217,NULL
195773,227219,253974
195773,227219,264702
195773,227219,268544
195774,227221,NULL
195775,227222,NULL
195776,227223,NULL
195777,227224,231898
195778,227225,NULL
195779,227226,NULL
195780,227229,NULL
195781,227230,NULL
195782,227231,NULL
195783,227232,NULL
195784,227233,NULL
195785,227234,NULL
195786,227235,NULL
195787,227236,NULL
195788,227237,NULL
195789,227239,NULL
195790,227240,NULL
195791,227241,NULL
195792,227242,NULL
195793,227244,258386
195794,227245,NULL
195795,227247,NULL
195796,227248,NULL
195797,227249,NULL
195798,227251,NULL
195799,227252,NULL
195800,227253,NULL
195801,227254,NULL
195802,227255,NULL
195803,227257,NULL
195804,227258,245428
195805,227259,NULL
195806,227260,NULL
195807,227261,NULL
195808,227262,254775
195809,227263,NULL
195810,227264,258753
195810,227264,275449
195810,227264,282740
195811,227266,NULL
195812,227267,NULL
195813,227268,NULL
195814,227269,NULL
195815,227270,NULL
195816,227272,NULL
195817,227273,NULL
195818,227274,NULL
195819,227276,NULL
195820,227279,NULL
195821,227280,NULL
195822,227281,241601
195823,227282,NULL
195824,227283,NULL
195825,227284,NULL
195826,227285,NULL
195827,227286,NULL
195828,227288,NULL
195829,227289,NULL
195830,227290,NULL
195831,227291,NULL
195832,227292,NULL
195833,227293,NULL
195834,227294,NULL
195835,227295,NULL
195836,227296,NULL
195837,227297,NULL
195838,227298,NULL
195839,227299,NULL
195840,227300,NULL
195841,227301,NULL
195842,227303,NULL
195843,227304,NULL
195844,227305,NULL
195845,227306,NULL
195846,227307,NULL
195847,227308,NULL
195848,227309,244489
195849,227310,NULL
195850,227312,NULL
195851,227313,256315
195852,227315,NULL
195853,227316,NULL
195854,227319,NULL
195855,227320,NULL
195856,227321,NULL
195857,227322,NULL
195858,227323,NULL
195859,227324,264315
195859,227324,275926
195859,227324,279340
195860,227325,NULL
195861,227328,NULL
195862,227329,NULL
195863,227331,NULL
195864,227332,NULL
195865,227335,NULL
195866,227337,NULL
195867,227338,NULL
195868,227340,NULL
195869,227341,249331
195869,227341,260034
195869,227341,271779
195870,227342,NULL
195871,227343,NULL
195872,227344,NULL
195873,227345,NULL
195874,227346,NULL
195875,227347,NULL
195876,227348,NULL
195877,227349,NULL
195878,227350,238194
195878,227350,256474
195878,227350,263521
195879,227351,248216
195880,227352,NULL
195881,227353,NULL
195882,227354,NULL
195883,227355,NULL
195884,227356,NULL
195885,227357,NULL
195886,227358,NULL
195887,227360,NULL
195888,227361,231986
195889,227362,NULL
195890,227364,NULL
195891,227366,NULL
195892,227367,NULL
195893,227368,258217
195894,227369,NULL
195895,227370,NULL
195896,227371,263570
195896,227371,276554
195896,227371,278905
195897,227372,NULL
195898,227373,NULL
195899,227374,NULL
195900,227375,NULL
195901,227376,NULL
195902,227377,NULL
195903,227378,NULL
195904,227379,NULL
195905,227380,NULL
195906,227382,NULL
195907,227383,NULL
195908,227384,NULL
195909,227385,NULL
195910,227386,NULL
195911,227387,NULL
195912,227388,NULL
195913,227389,NULL
195914,227390,NULL
195915,227393,NULL
195916,227394,NULL
195917,227395,NULL
195918,227396,NULL
195919,227397,NULL
195920,227398,238903
195921,227400,248285
195922,227401,NULL
195923,227402,NULL
195924,227404,NULL
195925,227406,NULL
195926,227407,NULL
195927,227408,245792
195927,227408,260590
195927,227408,269444
195928,227409,257324
195928,227409,262959
195928,227409,265605
195929,227410,240862
195929,227410,242531
195929,227410,253614
195930,227412,NULL
195931,227413,NULL
195932,227415,NULL
195933,227416,NULL
195934,227417,243202
195935,227418,NULL
195936,227419,NULL
195937,227420,NULL
195938,227421,NULL
195939,227422,NULL
195940,227423,NULL
195941,227424,NULL
195942,227425,NULL
195943,227426,NULL
195944,227427,NULL
195945,227428,NULL
195946,227429,NULL
195947,227430,NULL
195948,227431,NULL
195949,227433,NULL
195950,227434,NULL
195951,227435,NULL
195952,227436,NULL
195953,227437,NULL
195954,227438,NULL
195955,227439,NULL
195956,227440,NULL
195957,227441,NULL
195958,227442,NULL
195959,227445,NULL
195960,227446,NULL
195961,227447,NULL
195962,227448,NULL
195963,227450,NULL
195964,227451,NULL
195965,227452,NULL
195966,227454,NULL
195967,227455,238873
195968,227456,NULL
195969,227457,NULL
195970,227458,NULL
195971,227459,NULL
195972,227460,NULL
195973,227461,NULL
195974,227462,NULL
195975,227463,NULL
195976,227465,NULL
195977,227466,NULL
195978,227467,235081
195979,227468,NULL
195980,227470,NULL
195981,227471,NULL
195982,227472,NULL
195983,227473,NULL
195984,227474,NULL
195985,227475,NULL
195986,227476,233759
195987,227477,NULL
195988,227478,NULL
195989,227480,NULL
195990,227481,NULL
195991,227482,NULL
195992,227483,NULL
195993,227485,NULL
195994,227487,NULL
195995,227489,NULL
195996,227492,NULL
195997,227493,NULL
195998,227496,NULL
195999,227497,231539
195999,227497,236988
195999,227497,246172
196000,227498,NULL
196001,227499,NULL
196002,227500,NULL
196003,227502,NULL
196004,227503,NULL
196005,227504,NULL
196006,227505,NULL
196007,227506,NULL
196008,227507,255467
196009,227509,NULL
196010,227510,262931
196011,227511,255320
196011,227511,262600
196011,227511,272645
196012,227512,NULL
196013,227515,NULL
196014,227516,NULL
196015,227518,NULL
196016,227519,NULL
196017,227522,NULL
196018,227523,NULL
196019,227524,NULL
196020,227525,NULL
196021,227526,NULL
196022,227527,NULL
196023,227528,NULL
196024,227529,NULL
196025,227530,231975
196026,227531,NULL
196027,227532,NULL
196028,227533,NULL
196029,227534,NULL
196030,227535,NULL
196031,227536,NULL
196032,227537,NULL
196033,227538,NULL
196034,227540,NULL
196035,227541,NULL
196036,227542,NULL
196037,227544,NULL
196038,227545,NULL
196039,227546,NULL
196040,227547,NULL
196041,227548,NULL
196042,227549,235782
196043,227550,NULL
196044,227551,NULL
196045,227553,NULL
196046,227554,NULL
196047,227555,NULL
196048,227556,NULL
196049,227558,NULL
196050,227559,NULL
196051,227560,NULL
196052,227561,NULL
196053,227562,NULL
196054,227563,263985
196055,227564,NULL
196056,227565,NULL
196057,227568,NULL
196058,227569,NULL
196059,227570,NULL
196060,227571,NULL
196061,227572,NULL
196062,227573,NULL
196063,227574,NULL
196064,227575,NULL
196065,227577,NULL
196066,227578,NULL
196067,227579,NULL
196068,227580,NULL
196069,227584,NULL
196070,227585,NULL
196071,227586,NULL
196072,227587,NULL
196073,227588,259215
196074,227589,229127
196074,227589,247072
196074,227589,256422
196075,227590,NULL
196076,227591,246986
196077,227592,NULL
196078,227593,NULL
196079,227594,237275
196080,227595,NULL
196081,227596,NULL
196082,227598,NULL
196083,227599,NULL
196084,227600,NULL
196085,227601,259525
196086,227602,254907
196087,227604,NULL
196088,227605,NULL
196089,227606,NULL
196090,227607,NULL
196091,227608,NULL
196092,227609,NULL
196093,227611,NULL
196094,227612,NULL
196095,227615,243211
196096,227617,NULL
196097,227618,NULL
196098,227619,NULL
196099,227620,NULL
196100,227621,NULL
196101,227622,NULL
196102,227623,NULL
196103,227624,NULL
196104,227625,NULL
196105,227626,NULL
196106,227627,NULL
196107,227628,250668
196108,227629,NULL
196109,227630,NULL
196110,227632,NULL
196111,227633,NULL
196112,227634,NULL
196113,227635,NULL
196114,227636,NULL
196115,227637,NULL
196116,227640,233479
196117,227641,NULL
196118,227642,NULL
196119,227643,NULL
196120,227644,NULL
196121,227645,NULL
196122,227646,242500
196122,227646,258747
196122,227646,262627
196123,227647,NULL
196124,227648,NULL
196125,227649,NULL
196126,227650,NULL
196127,227652,NULL
196128,227653,NULL
196129,227654,NULL
196130,227655,NULL
196131,227656,NULL
196132,227658,NULL
196133,227659,NULL
196134,227660,NULL
196135,227662,NULL
196136,227663,NULL
196137,227664,NULL
196138,227666,NULL
196139,227667,NULL
196140,227668,263514
196141,227669,NULL
196142,227670,NULL
196143,227671,253722
196144,227672,NULL
196145,227674,NULL
196146,227676,NULL
196147,227677,244867
196148,227678,NULL
196149,227679,NULL
196150,227680,NULL
196151,227682,NULL
196152,227683,239092
196153,227684,NULL
196154,227685,NULL
196155,227686,NULL
196156,227688,NULL
196157,227689,NULL
196158,227691,NULL
196159,227692,233227
196160,227694,NULL
196161,227695,NULL
196162,227696,NULL
196163,227697,235679
196164,227698,NULL
196165,227699,NULL
196166,227700,NULL
196167,227701,NULL
196168,227702,NULL
196169,227703,NULL
196170,227704,238292
196170,227704,244659
196170,227704,254286
196171,227706,NULL
196172,227707,NULL
196173,227709,NULL
196174,227710,NULL
196175,227711,NULL
196176,227712,262340
196177,227713,NULL
196178,227714,NULL
196179,227715,NULL
196180,227716,252763
196181,227717,NULL
196182,227718,NULL
196183,227719,NULL
196184,227720,NULL
196185,227721,NULL
196186,227722,NULL
196187,227723,243987
196188,227724,240466
196189,227725,NULL
196190,227726,NULL
196191,227727,NULL
196192,227728,NULL
196193,227729,NULL
196194,227730,NULL
196195,227731,NULL
196196,227734,NULL
196197,227735,261465
196198,227737,NULL
196199,227738,252551
196199,227738,259495
196199,227738,269946
196200,227739,NULL
196201,227740,NULL
196202,227741,NULL
196203,227743,NULL
196204,227744,242157
196205,227746,NULL
196206,227747,NULL
196207,227749,NULL
196208,227750,NULL
196209,227751,NULL
196210,227752,NULL
196211,227754,NULL
196212,227755,264118
196213,227756,NULL
196214,227757,NULL
196215,227758,230117
196215,227758,250042
196215,227758,256552
196216,227759,233941
196217,227760,256671
196218,227762,262507
196219,227763,NULL
196220,227764,NULL
196221,227765,NULL
196222,227767,NULL
196223,227768,NULL
196224,227769,NULL
196225,227771,249736
196225,227771,263643
196225,227771,276375
196226,227772,NULL
196227,227773,NULL
196228,227774,NULL
196229,227775,237715
196230,227777,NULL
196231,227778,252331
196232,227780,NULL
196233,227781,NULL
196234,227782,NULL
196235,227783,241562
196236,227785,NULL
196237,227786,247713
196237,227786,256405
196237,227786,259589
196238,227787,NULL
196239,227788,NULL
196240,227789,NULL
196241,227790,NULL
196242,227792,NULL
196243,227793,NULL
196244,227794,NULL
196245,227795,NULL
196246,227796,NULL
196247,227797,NULL
196248,227799,NULL
196249,227801,NULL
196250,227802,NULL
196251,227804,NULL
196252,227805,NULL
196253,227806,NULL
196254,227807,NULL
196255,227809,NULL
196256,227810,NULL
196257,227811,NULL
196258,227812,249688
196259,227813,NULL
196260,227814,NULL
196261,227815,NULL
196262,227816,243872
196262,227816,252123
196262,227816,263737
196263,227817,258717
196264,227818,NULL
196265,227819,NULL
196266,227820,NULL
196267,227821,NULL
196268,227822,232265
196269,227823,NULL
196270,227825,NULL
196271,227826,NULL
196272,227827,NULL
196273,227828,NULL
196274,227829,NULL
196275,227830,NULL
196276,227831,NULL
196277,227833,NULL
196278,227836,NULL
196279,227838,NULL
196280,227839,NULL
196281,227840,NULL
196282,227841,NULL
196283,227843,NULL
196284,227845,NULL
196285,227847,244070
196285,227847,255920
196285,227847,263899
196286,227848,NULL
196287,227849,NULL
196288,227850,NULL
196289,227851,NULL
196290,227852,NULL
196291,227853,NULL
196292,227854,NULL
196293,227855,NULL
196294,227856,NULL
196295,227857,NULL
196296,227858,NULL
196297,227859,NULL
196298,227860,NULL
196299,227861,NULL
196300,227862,NULL
196301,227864,NULL
196302,227865,NULL
196303,227866,NULL
196304,227867,NULL
196305,227868,NULL
196306,227869,NULL
196307,227870,NULL
196308,227871,NULL
196309,227874,241752
196309,227874,251628
196309,227874,264974
196310,227875,NULL
196311,227877,NULL
196312,227878,NULL
196313,227879,253043
196314,227880,NULL
196315,227882,NULL
196316,227883,NULL
196317,227884,230779
196318,227885,NULL
196319,227886,NULL
196320,227887,NULL
196321,227888,NULL
196322,227889,NULL
196323,227890,NULL
196324,227891,NULL
196325,227892,NULL
196326,227893,NULL
196327,227894,NULL
196328,227896,NULL
196329,227897,NULL
196330,227898,NULL
196331,227899,NULL
196332,227900,NULL
196333,227904,NULL
196334,227905,251363
196335,227906,NULL
196336,227908,NULL
196337,227910,NULL
196338,227911,NULL
196339,227912,NULL
196340,227914,NULL
196341,227915,NULL
196342,227916,NULL
196343,227917,242421
196343,227917,245449
196343,227917,254541
196344,227918,NULL
196345,227919,NULL
196346,227921,NULL
196347,227924,245309
196348,227925,253610
196349,227926,NULL
196350,227927,NULL
196351,227928,NULL
196352,227930,NULL
196353,227931,NULL
196354,227932,NULL
196355,227933,257234
196355,227933,261434
196355,227933,266196
196356,227934,NULL
196357,227935,243985
196357,227935,255636
196357,227935,267120
196358,227936,NULL
196359,227939,257649
196360,227940,NULL
196361,227941,258902
196362,227942,229769
196362,227942,248370
196362,227942,255817
196363,227943,NULL
196364,227944,241811
196365,227945,NULL
196366,227946,NULL
196367,227947,NULL
196368,227948,238738
196369,227949,NULL
196370,227950,NULL
196371,227951,NULL
196372,227953,NULL
196373,227954,NULL
196374,227955,NULL
196375,227957,NULL
196376,227958,NULL
196377,227959,NULL
196378,227960,NULL
196379,227961,NULL
196380,227962,NULL
196381,227963,NULL
196382,227964,NULL
196383,227965,NULL
196384,227967,NULL
196385,227968,NULL
196386,227969,NULL
196387,227971,NULL
196388,227973,NULL
196389,227974,NULL
196390,227975,NULL
196391,227976,NULL
196392,227977,261155
196393,227979,229260
196394,227980,235306
196395,227981,NULL
196396,227982,NULL
196397,227983,NULL
196398,227984,258169
196398,227984,274848
196398,227984,285512
196399,227985,NULL
196400,227986,256138
196401,227987,NULL
196402,227988,234129
196403,227989,252604
196404,227992,NULL
196405,227993,NULL
196406,227994,NULL
196407,227995,233177
196408,227996,NULL
196409,227997,NULL
196410,227998,258691
196411,227999,NULL
196412,228000,259333
196413,228001,NULL
196414,228002,NULL
196415,228003,NULL
196416,228004,NULL
196417,228005,NULL
196418,228007,NULL
196419,228008,NULL
196420,228009,NULL
196421,228010,NULL
196422,228011,NULL
196423,228012,NULL
196424,228013,NULL
196425,228015,NULL
196426,228019,NULL
196427,228020,NULL
196428,228021,NULL
196429,228022,NULL
196430,228023,NULL
196431,228024,NULL
196432,228025,249385
196433,228026,NULL
196434,228027,NULL
196435,228031,NULL
196436,228032,NULL
196437,228033,NULL
196438,228034,NULL
196439,228035,262001
196440,228036,NULL
196441,228037,NULL
196442,228038,NULL
196443,228039,NULL
196444,228040,NULL
196445,228041,237257
196446,228042,239965
196447,228043,NULL
196448,228044,NULL
196449,228045,NULL
196450,228046,NULL
196451,228047,NULL
196452,228048,NULL
196453,228049,NULL
196454,228050,NULL
196455,228052,NULL
196456,228053,NULL
196457,228054,NULL
196458,228055,NULL
196459,228056,NULL
196460,228057,NULL
196461,228059,NULL
196462,228060,NULL
196463,228061,NULL
196464,228062,NULL
196465,228063,NULL
196466,228064,258155
196466,228064,269227
196466,228064,278334
196467,228065,NULL
196468,228067,NULL
196469,228068,NULL
196470,228069,NULL
196471,228070,NULL
196472,228071,NULL
196473,228072,NULL
196474,228074,NULL
196475,228075,NULL
196476,228076,NULL
196477,228078,NULL
196478,228079,NULL
196479,228080,NULL
196480,228082,NULL
196481,228083,NULL
196482,228084,NULL
196483,228085,NULL
196484,228087,NULL
196485,228088,NULL
196486,228089,NULL
196487,228090,245236
196487,228090,251885
196487,228090,257231
196488,228091,NULL
196489,228093,NULL
196490,228094,NULL
196491,228095,NULL
196492,228096,NULL
196493,228097,NULL
196494,228098,253755
196495,228099,NULL
196496,228100,230603
196496,228100,239958
196496,228100,243189
196497,228101,NULL
196498,228102,NULL
196499,228103,NULL
196500,228105,NULL
196501,228106,NULL
196502,228107,NULL
196503,228109,NULL
196504,228111,239065
196505,228113,NULL
196506,228115,260558
196506,228115,265736
196506,228115,270880
196507,228116,NULL
196508,228117,NULL
196509,228118,NULL
196510,228120,NULL
196511,228123,NULL
196512,228124,NULL
196513,228125,233446
196514,228126,NULL
196515,228127,NULL
196516,228128,259043
196517,228129,NULL
196518,228130,NULL
196519,228131,NULL
196520,228132,NULL
196521,228135,NULL
196522,228137,NULL
196523,228138,NULL
196524,228139,NULL
196525,228140,NULL
196526,228141,234272
196527,228142,254423
196527,228142,276378
196527,228142,285748
196528,228143,NULL
196529,228144,232181
196530,228145,NULL
196531,228147,259994
196531,228147,263460
196531,228147,265936
196532,228148,NULL
196533,228149,NULL
196534,228150,231909
196535,228152,NULL
196536,228153,NULL
196537,228154,NULL
196538,228155,NULL
196539,228156,NULL
196540,228157,NULL
196541,228158,NULL
196542,228159,240262
196543,228160,NULL
196544,228162,238775
196545,228163,NULL
196546,228164,NULL
196547,228165,NULL
196548,228167,235450
196549,228168,NULL
196550,228170,NULL
196551,228174,NULL
196552,228175,NULL
196553,228176,NULL
196554,228177,NULL
196555,228178,256710
196556,228179,252168
196556,228179,255390
196556,228179,269416
196557,228180,NULL
196558,228181,NULL
196559,228182,NULL
196560,228183,NULL
196561,228184,NULL
196562,228185,NULL
196563,228186,NULL
196564,228187,NULL
196565,228188,NULL
196566,228189,NULL
196567,228190,NULL
196568,228191,NULL
196569,228192,NULL
196570,228193,NULL
196571,228194,NULL
196572,228195,NULL
196573,228196,NULL
196574,228197,NULL
196575,228198,NULL
196576,228199,NULL
196577,228200,NULL
196578,228201,NULL
196579,228202,240499
196580,228203,NULL
196581,228204,NULL
196582,228205,NULL
196583,228206,NULL
196584,228209,NULL
196585,228210,NULL
196586,228211,NULL
196587,228214,NULL
196588,228215,NULL
196589,228216,NULL
196590,228217,NULL
196591,228220,NULL
196592,228221,NULL
196593,228222,NULL
196594,228223,NULL
196595,228224,NULL
196596,228225,237290
196597,228226,NULL
196598,228228,NULL
196599,228229,NULL
196600,228230,NULL
196601,228231,230979
196601,228231,240299
196601,228231,252010
196602,228233,NULL
196603,228234,238070
196603,228234,244694
196603,228234,248629
196604,228235,NULL
196605,228236,229638
196606,228237,NULL
196607,228238,NULL
196608,228239,NULL
196609,228240,NULL
196610,228241,NULL
196611,228242,NULL
196612,228243,NULL
196613,228244,239042
196613,228244,256985
196613,228244,260267
196614,228245,NULL
196615,228246,NULL
196616,228247,NULL
196617,228248,NULL
196618,228250,NULL
196619,228251,244151
196620,228252,240652
196621,228253,NULL
196622,228255,NULL
196623,228256,NULL
196624,228257,NULL
196625,228259,235481
196626,228260,NULL
196627,228261,NULL
196628,228262,NULL
196629,228263,NULL
196630,228264,NULL
196631,228265,NULL
196632,228266,NULL
196633,228267,NULL
196634,228269,NULL
196635,228270,NULL
196636,228272,234843
196637,228273,NULL
196638,228275,NULL
196639,228277,NULL
196640,228278,NULL
196641,228279,248066
196641,228279,249404
196641,228279,265118
196642,228280,NULL
196643,228281,NULL
196644,228282,NULL
196645,228283,NULL
196646,228284,NULL
196647,228285,238090
196647,228285,248885
196647,228285,251344
196648,228286,NULL
196649,228289,NULL
196650,228295,NULL
196651,228296,NULL
196652,228297,240750
196653,228298,NULL
196654,228299,NULL
196655,228300,230338
196656,228301,NULL
196657,228303,246029
196658,228304,NULL
196659,228305,NULL
196660,228306,NULL
196661,228307,NULL
196662,228308,NULL
196663,228309,NULL
196664,228310,246586
196664,228310,254148
196664,228310,262277
196665,228311,NULL
196666,228312,NULL
196667,228314,NULL
196668,228315,NULL
196669,228316,NULL
196670,228317,NULL
196671,228319,NULL
196672,228320,NULL
196673,228322,NULL
196674,228323,260926
196674,228323,272365
196674,228323,282031
196675,228324,247386
196676,228325,NULL
196677,228326,NULL
196678,228327,253793
196679,228329,NULL
196680,228330,260196
196681,228331,NULL
196682,228332,NULL
196683,228333,NULL
196684,228334,NULL
196685,228335,NULL
196686,228336,259805
196687,228338,240100
196688,228339,NULL
196689,228341,NULL
196690,228342,NULL
196691,228343,NULL
196692,228344,261439
196692,228344,277194
196692,228344,281532
196693,228345,NULL
196694,228346,NULL
196695,228347,NULL
196696,228348,NULL
196697,228349,NULL
196698,228350,NULL
196699,228351,NULL
196700,228354,NULL
196701,228355,NULL
196702,228356,NULL
196703,228358,NULL
196704,228359,238450
196704,228359,245679
196704,228359,252335
196705,228360,NULL
196706,228361,NULL
196707,228362,NULL
196708,228363,NULL
196709,228364,NULL
196710,228366,NULL
196711,228367,NULL
196712,228368,NULL
196713,228369,NULL
196714,228370,NULL
196715,228372,NULL
196716,228373,NULL
196717,228374,NULL
196718,228375,NULL
196719,228376,247503
196719,228376,249834
196719,228376,264001
196720,228377,230412
196721,228379,NULL
196722,228380,NULL
196723,228381,NULL
196724,228382,248832
196725,228383,NULL
196726,228384,250151
196726,228384,256387
196726,228384,263092
196727,228385,NULL
196728,228386,NULL
196729,228387,246704
196729,228387,256604
196729,228387,267256
196730,228388,NULL
196731,228390,NULL
196732,228392,245357
196733,228393,NULL
196734,228394,NULL
196735,228395,NULL
196736,228397,NULL
196737,228399,NULL
196738,228401,NULL
196739,228402,NULL
196740,228403,255857
196741,228404,NULL
196742,228405,235142
196743,228406,NULL
196744,228407,NULL
196745,228408,NULL
196746,228409,NULL
196747,228410,NULL
196748,228411,NULL
196749,228412,259188
196750,228413,NULL
196751,228414,253547
196751,228414,266238
196751,228414,281968
196752,228415,NULL
196753,228416,NULL
196754,228418,NULL
196755,228419,261126
196756,228420,259026
196756,228420,269696
196756,228420,272511
196757,228421,NULL
196758,228422,NULL
196759,228423,NULL
196760,228424,NULL
196761,228425,NULL
196762,228426,NULL
196763,228427,NULL
196764,228428,256974
196764,228428,262474
196764,228428,274172
196765,228430,NULL
196766,228432,NULL
196767,228433,NULL
196768,228434,NULL
196769,228435,NULL
196770,228436,NULL
196771,228437,NULL
196772,228438,NULL
196773,228439,NULL
196774,228441,NULL
196775,228442,NULL
196776,228443,NULL
196777,228444,NULL
196778,228445,NULL
196779,228446,NULL
196780,228447,NULL
196781,228450,NULL
196782,228451,NULL
196783,228452,NULL
196784,228453,229810
196784,228453,233329
196784,228453,246766
196785,228454,NULL
196786,228455,NULL
196787,228457,NULL
196788,228458,NULL
196789,228459,NULL
196790,228460,NULL
196791,228461,NULL
196792,228462,NULL
196793,228463,NULL
196794,228464,NULL
196795,228465,NULL
196796,228468,229337
196797,228469,236762
196797,228469,248011
196797,228469,252324
196798,228470,NULL
196799,228471,NULL
196800,228472,NULL
196801,228473,NULL
196802,228474,NULL
196803,228475,NULL
196804,228476,248915
196805,228477,NULL
196806,228478,NULL
196807,228479,NULL
196808,228480,NULL
196809,228481,NULL
196810,228482,NULL
196811,228484,NULL
196812,228485,259664
196813,228486,NULL
196814,228487,NULL
196815,228488,NULL
196816,228489,NULL
196817,228490,NULL
196818,228491,NULL
196819,228492,NULL
196820,228493,NULL
196821,228495,255132
196822,228496,230639
196823,228498,NULL
196824,228499,NULL
196825,228500,NULL
196826,228502,NULL
196827,228503,NULL
196828,228504,NULL
196829,228505,NULL
196830,228506,NULL
196831,228507,242399
196831,228507,249887
196831,228507,257827
196832,228508,NULL
196833,228509,NULL
196834,228510,NULL
196835,228511,NULL
196836,228512,NULL
196837,228513,NULL
196838,228514,246466
196839,228516,NULL
196840,228517,NULL
196841,228518,NULL
196842,228519,262469
196843,228520,NULL
196844,228521,NULL
196845,228522,NULL
196846,228524,NULL
196847,228525,NULL
196848,228526,NULL
196849,228527,NULL
196850,228528,NULL
196851,228532,243117
196852,228533,NULL
196853,228534,NULL
196854,228535,NULL
196855,228536,NULL
196856,228537,NULL
196857,228539,NULL
196858,228541,251949
196859,228542,NULL
196860,228543,NULL
196861,228544,232693
196862,228545,NULL
196863,228546,NULL
196864,228547,NULL
196865,228548,NULL
196866,228549,NULL
196867,228550,NULL
196868,228551,NULL
196869,228552,NULL
196870,228556,NULL
196871,228558,NULL
196872,228559,NULL
196873,228560,NULL
196874,228561,234805
196875,228562,NULL
196876,228564,NULL
196877,228565,NULL
196878,228566,NULL
196879,228567,NULL
196880,228569,NULL
196881,228570,NULL
196882,228571,NULL
196883,228572,NULL
196884,228573,NULL
196885,228574,245791
196886,228575,NULL
196887,228577,235797
196888,228579,NULL
196889,228581,NULL
196890,228583,NULL
196891,228584,NULL
196892,228585,NULL
196893,228586,NULL
196894,228587,NULL
196895,228589,230854
196896,228591,233706
196897,228593,NULL
196898,228594,NULL
196899,228595,NULL
196900,228596,NULL
196901,228597,NULL
196902,228598,NULL
196903,228599,NULL
196904,228600,258454
196904,228600,265806
196904,228600,277882
196905,228601,NULL
196906,228602,NULL
196907,228603,NULL
196908,228605,NULL
196909,228607,NULL
196910,228608,NULL
196911,228609,NULL
196912,228611,NULL
196913,228612,NULL
196914,228613,NULL
196915,228614,NULL
196916,228615,NULL
196917,228616,NULL
196918,228617,NULL
196919,228618,NULL
196920,228619,NULL
196921,228621,NULL
196922,228623,NULL
196923,228624,NULL
196924,228625,NULL
196925,228626,NULL
196926,228627,NULL
196927,228628,264850
196928,228629,NULL
196929,228630,NULL
196930,228631,257169
196931,228632,NULL
196932,228633,NULL
196933,228634,NULL
196934,228636,259917
196935,228637,NULL
196936,228638,NULL
196937,228639,NULL
196938,228640,NULL
196939,228642,NULL
196940,228643,NULL
196941,228644,257533
196941,228644,268154
196941,228644,281598
196942,228645,NULL
196943,228647,NULL
196944,228648,NULL
196945,228649,NULL
196946,228650,NULL
196947,228651,NULL
196948,228652,263707
196949,228653,NULL
196950,228654,246825
196951,228655,235928
196952,228657,234462
196953,228658,NULL
196954,228659,NULL
196955,228660,NULL
196956,228661,NULL
196957,228662,NULL
196958,228664,NULL
196959,228665,NULL
196960,228667,NULL
196961,228669,NULL
196962,228672,NULL
196963,228673,NULL
196964,228674,NULL
196965,228675,NULL
196966,228677,258208
196966,228677,281700
196966,228677,284510
196967,228678,NULL
196968,228680,NULL
196969,228681,NULL
196970,228682,NULL
196971,228683,NULL
196972,228684,NULL
196973,228686,NULL
196974,228687,243065
196975,228688,256780
196976,228689,245769
196977,228690,NULL
196978,228691,NULL
196979,228693,235567
196980,228694,262281
196981,228696,NULL
196982,228697,NULL
196983,228698,NULL
196984,228699,NULL
196985,228701,NULL
196986,228702,249938
196986,228702,268594
196986,228702,273941
196987,228703,240871
196988,228704,NULL
196989,228705,NULL
196990,228707,NULL
196991,228708,NULL
196992,228709,NULL
196993,228710,NULL
196994,228711,NULL
196995,228712,NULL
196996,228713,NULL
196997,228715,NULL
196998,228716,NULL
196999,228717,NULL
197000,228719,236695
197001,228721,NULL
197002,228723,NULL
197003,228724,NULL
197004,228725,NULL
197005,228726,NULL
197006,228727,NULL
197007,228728,NULL
197008,228729,NULL
197009,228730,NULL
197010,228731,NULL
197011,228732,NULL
197012,228734,NULL
197013,228736,NULL
197014,228737,NULL
197015,228738,NULL
197016,228739,NULL
197017,228740,NULL
197018,228741,231044
197019,228742,NULL
197020,228743,NULL
197021,228744,NULL
197022,228745,NULL
197023,228746,NULL
197024,228749,NULL
197025,228750,NULL
197026,228752,NULL
197027,228753,NULL
197028,228754,NULL
197029,228755,NULL
197030,228756,NULL
197031,228757,NULL
197032,228758,NULL
197033,228759,NULL
197034,228760,NULL
197035,228761,245997
197036,228762,NULL
197037,228763,NULL
197038,228764,NULL
197039,228765,NULL
197040,228766,238343
197041,228768,NULL
197042,228769,NULL
197043,228770,NULL
197044,228773,NULL
197045,228774,NULL
197046,228776,241177
197047,228777,NULL
197048,228778,NULL
197049,228779,NULL
197050,228780,NULL
197051,228781,NULL
197052,228782,NULL
197053,228783,NULL
197054,228784,250356
197054,228784,262000
197054,228784,277592
197055,228785,254981
197056,228787,254855
197057,228790,NULL
197058,228792,NULL
197059,228793,NULL
197060,228794,NULL
197061,228795,NULL
197062,228796,NULL
197063,228797,NULL
197064,228798,NULL
197065,228799,NULL
197066,228800,NULL
197067,228801,233159
197067,228801,252732
197067,228801,253601
197068,228802,NULL
197069,228804,NULL
197070,228806,NULL
197071,228807,NULL
197072,228808,NULL
197073,228810,NULL
197074,228811,NULL
197075,228812,NULL
197076,228813,NULL
197077,228814,NULL
197078,228815,231610
197079,228816,NULL
197080,228817,NULL
197081,228818,NULL
197082,228819,NULL
197083,228820,NULL
197084,228821,NULL
197085,228822,NULL
197086,228823,NULL
197087,228824,NULL
197088,228825,NULL
197089,228826,NULL
197090,228827,NULL
197091,228829,NULL
197092,228830,NULL
197093,228831,NULL
197094,228833,NULL
197095,228834,261359
197095,228834,268304
197095,228834,272182
197096,228835,NULL
197097,228837,234252
197098,228838,232985
197098,228838,238420
197098,228838,243134
197099,228840,NULL
197100,228844,NULL
197101,228846,NULL
197102,228848,NULL
197103,228850,237982
197104,228851,NULL
197105,228853,NULL
197106,228854,NULL
197107,228855,241302
197108,228856,NULL
197109,228858,NULL
197110,228860,NULL
197111,228862,NULL
197112,228863,NULL
197113,228864,NULL
197114,228865,240092
197115,228866,NULL
197116,228868,NULL
197117,228869,NULL
197118,228870,NULL
197119,228871,NULL
197120,228872,NULL
197121,228874,NULL
197122,228875,NULL
197123,228876,NULL
197124,228877,NULL
197125,228878,NULL
197126,228879,NULL
197127,228880,NULL
197128,228881,232991
197129,228882,NULL
197130,228883,NULL
197131,228884,NULL
197132,228885,NULL
197133,228886,NULL
197134,228887,239298
197135,228889,NULL
197136,228890,NULL
197137,228891,NULL
197138,228892,NULL
197139,228893,NULL
197140,228895,NULL
197141,228896,NULL
197142,228897,NULL
197143,228898,NULL
197144,228899,NULL
197145,228900,NULL
197146,228901,NULL
197147,228902,242417
197148,228903,NULL
197149,228906,NULL
197150,228907,NULL
197151,228908,262466
197151,228908,265733
197151,228908,281528
197152,228909,NULL
197153,228910,242233
197154,228911,NULL
197155,228912,NULL
197156,228913,NULL
197157,228916,NULL
197158,228917,NULL
197159,228918,NULL
197160,228919,NULL
197161,228920,NULL
197162,228922,NULL
197163,228923,NULL
197164,228924,NULL
197165,228925,244484
197166,228928,NULL
197167,228929,NULL
197168,228930,NULL
197169,228931,NULL
197170,228932,NULL
197171,228934,NULL
197172,228935,NULL
197173,228938,NULL
197174,228939,249973
197175,228941,260314
197176,228942,NULL
197177,228943,NULL
197178,228944,NULL
197179,228946,NULL
197180,228949,NULL
197181,228950,NULL
197182,228951,NULL
197183,228952,NULL
197184,228953,NULL
197185,228954,NULL
197186,228955,NULL
197187,228956,NULL
197188,228958,NULL
197189,228959,NULL
197190,228960,NULL
197191,228961,NULL
197192,228962,254522
197192,228962,258287
197192,228962,267213
197193,228963,NULL
197194,228964,229957
197195,228965,246888
197196,228966,NULL
197197,228967,NULL
197198,228968,NULL
197199,228970,NULL
197200,228971,NULL
197201,228972,NULL
197202,228973,NULL
197203,228974,260049
197203,228974,278842
197203,228974,283853
197204,228975,242106
197205,228976,230000
197206,228977,NULL
197207,228978,NULL
197208,228979,NULL
197209,228980,NULL
197210,228981,NULL
197211,228982,NULL
197212,228983,NULL
197213,228984,262840
197213,228984,283731
197213,228984,295973
197214,228985,NULL
197215,228987,244739
197216,228988,254722
197216,228988,276982
197216,228988,290460
197217,228989,NULL
197218,228990,NULL
197219,228991,NULL
197220,228992,NULL
197221,228993,NULL
197222,228995,NULL
197223,228996,NULL
197224,228997,NULL
197225,228998,NULL
197226,229000,266461
197227,229001,NULL
197228,229002,NULL
197229,229003,NULL
197230,229004,NULL
197231,229005,NULL
197232,229007,NULL
197233,229008,NULL
197234,229009,NULL
197235,229010,NULL
197236,229011,NULL
197237,229012,NULL
197238,229014,252446
197239,229015,NULL
197240,229016,267955
197241,229017,NULL
197242,229018,NULL
197243,229019,NULL
197244,229021,NULL
197245,229022,NULL
197246,229023,NULL
197247,229024,NULL
197248,229025,239807
197249,229027,258644
197249,229027,263829
197249,229027,268589
197250,229028,NULL
197251,229030,NULL
197252,229031,NULL
197253,229032,NULL
197254,229033,NULL
197255,229035,NULL
197256,229036,259902
197256,229036,262711
197256,229036,274840
197257,229037,NULL
197258,229038,NULL
197259,229039,NULL
197260,229040,252856
197261,229041,NULL
197262,229044,NULL
197263,229047,NULL
197264,229048,NULL
197265,229049,NULL
197266,229050,NULL
197267,229051,NULL
197268,229052,NULL
197269,229053,NULL
197270,229055,237925
197271,229056,NULL
197272,229057,NULL
197273,229058,NULL
197274,229061,NULL
197275,229062,NULL
197276,229063,NULL
197277,229065,NULL
197278,229066,NULL
197279,229067,NULL
197280,229068,NULL
197281,229070,NULL
197282,229072,NULL
197283,229073,235814
197284,229074,253937
197285,229076,265846
197286,229079,NULL
197287,229080,NULL
197288,229081,NULL
197289,229082,NULL
197290,229083,NULL
197291,229084,NULL
197292,229085,NULL
197293,229086,NULL
197294,229087,NULL
197295,229089,NULL
197296,229090,NULL
197297,229091,NULL
197298,229092,NULL
197299,229093,NULL
197300,229094,NULL
197301,229095,NULL
197302,229096,255873
197303,229097,246467
197304,229098,NULL
197305,229099,NULL
197306,229100,NULL
197307,229103,NULL
197308,229105,242286
197309,229106,NULL
197310,229107,NULL
197311,229108,243822
197312,229109,NULL
197313,229110,NULL
197314,229111,NULL
197315,229112,NULL
197316,229113,NULL
197317,229114,269493
197318,229115,241621
197319,229116,NULL
197320,229117,NULL
197321,229118,NULL
197322,229119,251999
197323,229120,NULL
197324,229121,NULL
197325,229123,NULL
197326,229124,NULL
197327,229125,NULL
197328,229126,NULL
197329,229128,NULL
197330,229129,NULL
197331,229130,256740
197331,229130,260852
197331,229130,273987
197332,229131,NULL
197333,229133,NULL
197334,229136,NULL
197335,229137,NULL
197336,229138,NULL
197337,229140,NULL
197338,229141,NULL
197339,229142,NULL
197340,229143,NULL
197341,229145,NULL
197342,229147,NULL
197343,229148,NULL
197344,229150,NULL
197345,229151,NULL
197346,229152,255304
197347,229155,NULL
197348,229156,NULL
197349,229157,NULL
197350,229158,NULL
197351,229159,NULL
197352,229160,NULL
197353,229161,NULL
197354,229162,NULL
197355,229163,NULL
197356,229164,NULL
197357,229166,NULL
197358,229167,NULL
197359,229169,NULL
197360,229171,NULL
197361,229172,NULL
197362,229173,NULL
197363,229174,255202
197363,229174,270753
197363,229174,275407
197364,229176,246094
197364,229176,267875
197364,229176,272957
197365,229177,NULL
197366,229178,NULL
197367,229179,NULL
197368,229180,237034
197368,229180,247286
197368,229180,251273
197369,229182,NULL
197370,229183,NULL
197371,229184,264425
197372,229186,244838
197372,229186,247092
197372,229186,253617
197373,229187,NULL
197374,229188,NULL
197375,229189,NULL
197376,229190,NULL
197377,229191,NULL
197378,229192,NULL
197379,229193,NULL
197380,229194,267106
197381,229195,NULL
197382,229196,NULL
197383,229197,NULL
197384,229198,NULL
197385,229199,NULL
197386,229200,235719
197387,229201,NULL
197388,229202,NULL
197389,229203,NULL
197390,229204,245353
197391,229205,NULL
197392,229206,NULL
197393,229208,NULL
197394,229209,NULL
197395,229210,NULL
197396,229211,NULL
197397,229213,NULL
197398,229214,NULL
197399,229216,NULL
197400,229218,NULL
197401,229219,NULL
197402,229220,NULL
197403,229222,NULL
197404,229223,NULL
197405,229224,268030
197406,229225,NULL
197407,229227,NULL
197408,229228,NULL
197409,229229,NULL
197410,229231,NULL
197411,229232,NULL
197412,229233,NULL
197413,229235,NULL
197414,229236,267754
197415,229237,NULL
197416,229238,NULL
197417,229239,248941
197418,229240,265568
197419,229241,NULL
197420,229243,NULL
197421,229244,NULL
197422,229245,NULL
197423,229246,234978
197424,229248,257761
197424,229248,272159
197424,229248,275888
197425,229249,NULL
197426,229250,NULL
197427,229252,260050
197427,229252,262218
197427,229252,268021
197428,229253,NULL
197429,229254,NULL
197430,229255,NULL
197431,229256,NULL
197432,229258,234003
197432,229258,253684
197432,229258,257724
197433,229259,NULL
197434,229263,NULL
197435,229264,NULL
197436,229265,NULL
197437,229266,233702
197437,229266,256680
197437,229266,265903
197438,229267,260511
197438,229267,278770
197438,229267,283698
197439,229268,NULL
197440,229269,236548
197441,229270,NULL
197442,229271,NULL
197443,229273,NULL
197444,229274,NULL
197445,229275,NULL
197446,229276,244174
197447,229277,NULL
197448,229278,NULL
197449,229279,NULL
197450,229280,240909
197451,229281,NULL
197452,229282,NULL
197453,229283,240812
197454,229284,NULL
197455,229286,NULL
197456,229287,260964
197457,229288,NULL
197458,229289,NULL
197459,229290,268245
197460,229291,NULL
197461,229292,NULL
197462,229293,NULL
197463,229296,243640
197463,229296,254110
197463,229296,266180
197464,229297,NULL
197465,229298,NULL
197466,229300,NULL
197467,229301,NULL
197468,229303,NULL
197469,229305,239172
197470,229306,NULL
197471,229307,NULL
197472,229308,NULL
197473,229309,NULL
197474,229311,NULL
197475,229312,NULL
197476,229313,NULL
197477,229314,NULL
197478,229316,245243
197479,229317,NULL
197480,229318,NULL
197481,229319,NULL
197482,229320,NULL
197483,229321,NULL
197484,229322,NULL
197485,229326,NULL
197486,229328,NULL
197487,229329,NULL
197488,229330,NULL
197489,229331,NULL
197490,229332,NULL
197491,229333,NULL
197492,229334,NULL
197493,229336,256811
197493,229336,260373
197493,229336,261770
197494,229338,NULL
197495,229339,NULL
197496,229340,NULL
197497,229341,NULL
197498,229342,NULL
197499,229343,NULL
197500,229344,NULL
197501,229345,NULL
197502,229347,NULL
197503,229348,NULL
197504,229349,NULL
197505,229350,NULL
197506,229351,NULL
197507,229352,NULL
197508,229354,NULL
197509,229355,NULL
197510,229358,NULL
197511,229360,NULL
197512,229361,NULL
197513,229362,NULL
197514,229363,NULL
197515,229365,244543
197515,229365,260969
197515,229365,269745
197516,229368,NULL
197517,229370,NULL
197518,229371,NULL
197519,229372,NULL
197520,229374,NULL
197521,229375,NULL
197522,229376,NULL
197523,229377,NULL
197524,229378,NULL
197525,229379,NULL
197526,229381,NULL
197527,229382,NULL
197528,229383,269393
197529,229384,NULL
197530,229385,NULL
197531,229386,NULL
197532,229387,NULL
197533,229388,259671
197534,229389,NULL
197535,229390,NULL
197536,229391,246599
197537,229392,NULL
197538,229394,NULL
197539,229395,NULL
197540,229396,NULL
197541,229397,NULL
197542,229399,NULL
197543,229400,NULL
197544,229401,NULL
197545,229402,NULL
197546,229403,263383
197547,229404,NULL
197548,229405,NULL
197549,229407,NULL
197550,229408,NULL
197551,229409,241018
197551,229409,258401
197551,229409,264075
197552,229410,NULL
197553,229411,NULL
197554,229412,NULL
197555,229413,243585
197555,229413,247934
197555,229413,251165
197556,229414,NULL
197557,229415,NULL
197558,229416,255886
197559,229418,NULL
197560,229419,NULL
197561,229420,NULL
197562,229421,NULL
197563,229422,243225
197564,229423,NULL
197565,229424,NULL
197566,229425,NULL
197567,229427,NULL
197568,229429,NULL
197569,229430,NULL
197570,229432,NULL
197571,229433,NULL
197572,229434,NULL
197573,229437,NULL
197574,229438,NULL
197575,229439,NULL
197576,229440,256575
197577,229441,NULL
197578,229442,NULL
197579,229443,NULL
197580,229444,NULL
197581,229445,NULL
197582,229446,NULL
197583,229447,NULL
197584,229448,NULL
197585,229449,240091
197586,229450,NULL
197587,229451,NULL
197588,229452,NULL
197589,229453,NULL
197590,229454,NULL
197591,229455,251318
197592,229457,NULL
197593,229458,NULL
197594,229459,NULL
197595,229460,NULL
197596,229462,NULL
197597,229463,NULL
197598,229464,246340
197598,229464,261326
197598,229464,267137
197599,229465,NULL
197600,229466,NULL
197601,229467,NULL
197602,229468,NULL
197603,229469,NULL
197604,229471,NULL
197605,229472,NULL
197606,229473,NULL
197607,229474,NULL
197608,229475,NULL
197609,229476,NULL
197610,229477,NULL
197611,229478,NULL
197612,229479,266199
197613,229480,NULL
197614,229481,NULL
197615,229482,238618
197616,229483,NULL
197617,229484,NULL
197618,229485,NULL
197619,229486,NULL
197620,229487,NULL
197621,229488,NULL
197622,229489,NULL
197623,229491,238966
197623,229491,241275
197623,229491,249094
197624,229492,NULL
197625,229493,241907
197625,229493,250404
197625,229493,254198
197626,229494,NULL
197627,229495,NULL
197628,229496,NULL
197629,229498,NULL
197630,229499,NULL
197631,229500,NULL
197632,229501,253373
197633,229503,NULL
197634,229504,NULL
197635,229506,NULL
197636,229507,NULL
197637,229509,235550
197638,229510,NULL
197639,229511,NULL
197640,229513,NULL
197641,229514,NULL
197642,229516,247898
197643,229517,237734
197643,229517,257012
197643,229517,265054
197644,229518,NULL
197645,229519,NULL
197646,229520,NULL
197647,229521,NULL
197648,229522,256168
197649,229523,NULL
197650,229524,NULL
197651,229525,NULL
197652,229526,246869
197653,229527,NULL
197654,229528,249996
197654,229528,264041
197654,229528,273788
197655,229530,NULL
197656,229531,NULL
197657,229533,255848
197658,229534,NULL
197659,229535,NULL
197660,229536,NULL
197661,229537,NULL
197662,229539,NULL
197663,229541,NULL
197664,229542,NULL
197665,229543,NULL
197666,229544,233238
197667,229545,NULL
197668,229546,NULL
197669,229547,NULL
197670,229548,NULL
197671,229549,268129
197672,229550,NULL
197673,229551,NULL
197674,229552,240972
197674,229552,261088
197674,229552,273861
197675,229553,NULL
197676,229554,NULL
197677,229555,NULL
197678,229556,NULL
197679,229557,NULL
197680,229558,248861
197681,229559,NULL
197682,229560,NULL
197683,229561,252558
197684,229562,NULL
197685,229564,NULL
197686,229565,NULL
197687,229566,NULL
197688,229567,259991
197689,229569,265125
197690,229571,248810
197691,229572,NULL
197692,229573,248062
197692,229573,255501
197692,229573,264339
197693,229574,NULL
197694,229575,NULL
197695,229576,NULL
197696,229577,NULL
197697,229579,NULL
197698,229580,NULL
197699,229582,NULL
197700,229583,NULL
197701,229584,255676
197702,229585,NULL
197703,229586,NULL
197704,229587,252930
197705,229588,254080
197706,229589,NULL
197707,229590,NULL
197708,229591,NULL
197709,229592,NULL
197710,229593,NULL
197711,229594,NULL
197712,229595,NULL
197713,229596,NULL
197714,229597,NULL
197715,229598,NULL
197716,229599,242080
197717,229600,NULL
197718,229601,NULL
197719,229602,NULL
197720,229603,NULL
197721,229604,NULL
197722,229605,NULL
197723,229606,NULL
197724,229607,NULL
197725,229608,NULL
197726,229609,237518
197727,229610,NULL
197728,229611,NULL
197729,229612,NULL
197730,229613,NULL
197731,229614,NULL
197732,229615,NULL
197733,229616,NULL
197734,229617,NULL
197735,229618,NULL
197736,229619,NULL
197737,229620,255498
197737,229620,257539
197737,229620,261538
197738,229621,261223
197739,229622,NULL
197740,229625,253136
197741,229627,NULL
197742,229628,NULL
197743,229629,NULL
197744,229630,NULL
197745,229631,258366
197746,229632,NULL
197747,229634,NULL
197748,229635,267091
197749,229636,NULL
197750,229637,NULL
197751,229639,251463
197751,229639,268270
197751,229639,270348
197752,229640,246932
197753,229641,NULL
197754,229642,NULL
197755,229643,NULL
197756,229645,NULL
197757,229646,NULL
197758,229647,NULL
197759,229648,NULL
197760,229649,NULL
197761,229650,NULL
197762,229651,234244
197763,229652,NULL
197764,229653,NULL
197765,229654,NULL
197766,229655,NULL
197767,229656,NULL
197768,229657,NULL
197769,229660,NULL
197770,229661,NULL
197771,229663,NULL
197772,229664,NULL
197773,229665,NULL
197774,229666,NULL
197775,229667,NULL
197776,229669,NULL
197777,229670,233064
197777,229670,256871
197777,229670,257712
197778,229671,234727
197779,229672,NULL
197780,229674,NULL
197781,229675,NULL
197782,229676,NULL
197783,229677,NULL
197784,229679,NULL
197785,229680,NULL
197786,229682,NULL
197787,229683,NULL
197788,229684,NULL
197789,229685,NULL
197790,229686,234357
197791,229688,255406
197792,229689,NULL
197793,229690,NULL
197794,229692,NULL
197795,229693,NULL
197796,229694,NULL
197797,229696,NULL
197798,229698,NULL
197799,229700,NULL
197800,229701,NULL
197801,229704,NULL
197802,229706,NULL
197803,229710,233100
197803,229710,255928
197803,229710,263136
197804,229711,NULL
197805,229712,NULL
197806,229713,NULL
197807,229714,NULL
197808,229715,NULL
197809,229716,NULL
197810,229717,252330
197811,229719,NULL
197812,229721,NULL
197813,229722,244153
197814,229723,235841
197815,229725,NULL
197816,229726,NULL
197817,229727,NULL
197818,229728,NULL
197819,229729,NULL
197820,229730,NULL
197821,229731,NULL
197822,229732,235728
197823,229733,NULL
197824,229734,NULL
197825,229735,242099
197825,229735,264860
197825,229735,271487
197826,229736,NULL
197827,229737,NULL
197828,229738,NULL
197829,229740,NULL
197830,229741,NULL
197831,229742,NULL
197832,229743,NULL
197833,229744,NULL
197834,229745,NULL
197835,229746,240307
197836,229747,NULL
197837,229748,NULL
197838,229749,NULL
197839,229750,NULL
197840,229751,NULL
197841,229752,NULL
197842,229754,NULL
197843,229755,NULL
197844,229756,NULL
197845,229757,NULL
197846,229758,NULL
197847,229759,NULL
197848,229760,NULL
197849,229761,NULL
197850,229763,NULL
197851,229764,NULL
197852,229765,NULL
197853,229766,NULL
197854,229767,NULL
197855,229768,NULL
197856,229770,NULL
197857,229772,NULL
197858,229773,NULL
197859,229774,NULL
197860,229775,NULL
197861,229776,262530
197861,229776,271197
197861,229776,282731
197862,229777,NULL
197863,229778,267798
197864,229780,NULL
197865,229781,NULL
197866,229782,NULL
197867,229783,NULL
197868,229784,255159
197869,229785,NULL
197870,229786,NULL
197871,229787,253630
197871,229787,263696
197871,229787,274211
197872,229788,NULL
197873,229789,NULL
197874,229790,NULL
197875,229791,NULL
197876,229793,NULL
197877,229796,NULL
197878,229797,NULL
197879,229798,NULL
197880,229799,NULL
197881,229801,NULL
197882,229802,NULL
197883,229803,NULL
197884,229804,NULL
197885,229805,NULL
197886,229806,NULL
197887,229807,NULL
197888,229808,NULL
197889,229811,NULL
197890,229812,NULL
197891,229814,NULL
197892,229815,NULL
197893,229816,NULL
197894,229817,260425
197894,229817,277637
197894,229817,279952
197895,229818,NULL
197896,229819,NULL
197897,229820,253236
197898,229821,NULL
197899,229823,NULL
197900,229824,NULL
197901,229825,NULL
197902,229826,NULL
197903,229827,NULL
197904,229828,NULL
197905,229829,NULL
197906,229831,NULL
197907,229832,NULL
197908,229833,NULL
197909,229834,NULL
197910,229835,NULL
197911,229836,NULL
197912,229839,NULL
197913,229840,233556
197914,229841,NULL
197915,229843,NULL
197916,229844,234903
197917,229845,NULL
197918,229846,259523
197919,229847,NULL
197920,229849,NULL
197921,229850,NULL
197922,229851,NULL
197923,229852,256221
197923,229852,262266
197923,229852,275046
197924,229853,246507
197925,229854,NULL
197926,229857,247124
197927,229858,NULL
197928,229859,NULL
197929,229860,NULL
197930,229861,NULL
197931,229862,NULL
197932,229863,NULL
197933,229865,NULL
197934,229867,NULL
197935,229868,268945
197936,229870,NULL
197937,229871,NULL
197938,229873,NULL
197939,229874,NULL
197940,229876,NULL
197941,229877,NULL
197942,229878,NULL
197943,229879,NULL
197944,229880,NULL
197945,229881,NULL
197946,229882,NULL
197947,229883,NULL
197948,229884,NULL
197949,229885,NULL
197950,229886,NULL
197951,229887,NULL
197952,229888,248273
197953,229889,NULL
197954,229890,NULL
197955,229891,258813
197956,229892,NULL
197957,229893,NULL
197958,229894,NULL
197959,229895,NULL
197960,229896,NULL
197961,229897,NULL
197962,229898,NULL
197963,229899,NULL
197964,229900,NULL
197965,229901,NULL
197966,229903,NULL
197967,229904,NULL
197968,229905,NULL
197969,229906,NULL
197970,229907,236219
197971,229908,NULL
197972,229910,236471
197973,229911,NULL
197974,229912,236262
197975,229915,245254
197976,229917,NULL
197977,229918,252571
197977,229918,264192
197977,229918,266019
197978,229919,243782
197979,229920,NULL
197980,229921,NULL
197981,229922,NULL
197982,229923,NULL
197983,229924,NULL
197984,229925,NULL
197985,229926,234307
197986,229928,NULL
197987,229929,NULL
197988,229930,NULL
197989,229931,NULL
197990,229932,NULL
197991,229933,NULL
197992,229934,252304
197992,229934,262239
197992,229934,277169
197993,229935,NULL
197994,229936,NULL
197995,229937,NULL
197996,229938,NULL
197997,229939,NULL
197998,229940,NULL
197999,229941,NULL
198000,229942,NULL
198001,229943,NULL
198002,229945,248233
198003,229946,262052
198004,229948,NULL
198005,229949,NULL
198006,229950,NULL
198007,229951,259596
198007,229951,273440
198007,229951,284414
198008,229952,NULL
198009,229953,NULL
198010,229954,NULL
198011,229955,257909
198012,229956,NULL
198013,229958,NULL
198014,229959,NULL
198015,229960,NULL
198016,229961,237541
198017,229962,NULL
198018,229963,NULL
198019,229964,NULL
198020,229965,NULL
198021,229966,NULL
198022,229967,NULL
198023,229969,NULL
198024,229972,NULL
198025,229974,NULL
198026,229975,NULL
198027,229976,NULL
198028,229977,246503
198029,229980,NULL
198030,229981,NULL
198031,229982,255053
198031,229982,260614
198031,229982,267167
198032,229983,NULL
198033,229984,NULL
198034,229985,NULL
198035,229986,NULL
198036,229987,NULL
198037,229988,NULL
198038,229989,NULL
198039,229990,NULL
198040,229992,NULL
198041,229993,NULL
198042,229994,NULL
198043,229995,NULL
198044,229996,NULL
198045,229997,NULL
198046,229998,259783
198046,229998,267946
198046,229998,269852
198047,229999,NULL
198048,230002,NULL
198049,230003,NULL
198050,230005,245612
198051,230006,NULL
198052,230007,NULL
198053,230008,NULL
198054,230009,NULL
198055,230011,NULL
198056,230012,NULL
198057,230013,NULL
198058,230014,NULL
198059,230015,NULL
198060,230016,NULL
198061,230018,NULL
198062,230019,NULL
198063,230021,NULL
198064,230023,NULL
198065,230024,NULL
198066,230025,NULL
198067,230026,NULL
198068,230027,NULL
198069,230028,NULL
198070,230029,NULL
198071,230030,NULL
198072,230031,NULL
198073,230032,NULL
198074,230033,NULL
198075,230034,NULL
198076,230036,NULL
198077,230037,NULL
198078,230038,NULL
198079,230039,NULL
198080,230040,NULL
198081,230042,NULL
198082,230043,NULL
198083,230045,NULL
198084,230046,243243
198085,230048,260307
198086,230050,NULL
198087,230051,NULL
198088,230053,NULL
198089,230054,NULL
198090,230055,NULL
198091,230057,NULL
198092,230059,NULL
198093,230060,NULL
198094,230062,NULL
198095,230063,NULL
198096,230065,NULL
198097,230066,NULL
198098,230067,NULL
198099,230068,NULL
198100,230069,NULL
198101,230071,NULL
198102,230073,NULL
198103,230074,NULL
198104,230076,246812
198105,230077,255802
198106,230078,NULL
198107,230079,NULL
198108,230080,NULL
198109,230081,NULL
198110,230082,NULL
198111,230084,NULL
198112,230085,NULL
198113,230086,NULL
198114,230087,NULL
198115,230088,NULL
198116,230089,NULL
198117,230090,NULL
198118,230094,NULL
198119,230095,NULL
198120,230096,NULL
198121,230097,NULL
198122,230099,NULL
198123,230100,NULL
198124,230101,NULL
198125,230102,250900
198126,230103,NULL
198127,230105,NULL
198128,230106,NULL
198129,230107,235288
198130,230108,NULL
198131,230109,NULL
198132,230110,NULL
198133,230111,NULL
198134,230113,253416
198135,230114,NULL
198136,230115,245688
198137,230116,234952
198138,230118,NULL
198139,230120,NULL
198140,230121,NULL
198141,230122,NULL
198142,230123,NULL
198143,230124,NULL
198144,230125,236009
198145,230126,265089
198146,230127,NULL
198147,230129,NULL
198148,230130,243712
198149,230131,NULL
198150,230133,256566
198151,230134,NULL
198152,230135,NULL
198153,230136,251480
198153,230136,267488
198153,230136,271558
198154,230137,NULL
198155,230138,NULL
198156,230140,NULL
198157,230141,NULL
198158,230142,NULL
198159,230143,NULL
198160,230144,NULL
198161,230145,NULL
198162,230146,NULL
198163,230148,NULL
198164,230149,NULL
198165,230151,NULL
198166,230153,NULL
198167,230154,NULL
198168,230155,NULL
198169,230156,NULL
198170,230157,NULL
198171,230159,NULL
198172,230163,NULL
198173,230164,NULL
198174,230165,NULL
198175,230166,NULL
198176,230167,NULL
198177,230170,NULL
198178,230171,NULL
198179,230172,NULL
198180,230173,NULL
198181,230174,NULL
198182,230175,NULL
198183,230176,247702
198184,230177,234652
198185,230178,NULL
198186,230179,250836
198186,230179,258256
198186,230179,268103
198187,230180,260466
198188,230183,NULL
198189,230185,NULL
198190,230186,NULL
198191,230187,260253
198192,230188,NULL
198193,230191,NULL
198194,230192,NULL
198195,230193,NULL
198196,230194,244534
198197,230195,NULL
198198,230196,NULL
198199,230197,NULL
198200,230198,NULL
198201,230199,NULL
198202,230200,NULL
198203,230201,NULL
198204,230202,255500
198205,230203,NULL
198206,230204,NULL
198207,230205,NULL
198208,230206,NULL
198209,230207,NULL
198210,230208,NULL
198211,230209,NULL
198212,230210,NULL
198213,230211,235023
198214,230212,NULL
198215,230213,NULL
198216,230214,NULL
198217,230215,NULL
198218,230217,NULL
198219,230218,NULL
198220,230219,239800
198220,230219,249499
198220,230219,254355
198221,230220,NULL
198222,230221,260158
198223,230222,NULL
198224,230223,NULL
198225,230224,NULL
198226,230225,NULL
198227,230226,NULL
198228,230227,NULL
198229,230228,NULL
198230,230229,NULL
198231,230230,251950
198232,230231,NULL
198233,230232,NULL
198234,230233,251826
198235,230234,NULL
198236,230235,NULL
198237,230236,258151
198237,230236,267880
198237,230236,272323
198238,230237,NULL
198239,230239,NULL
198240,230242,247294
198241,230243,NULL
198242,230244,247474
198242,230244,267283
198242,230244,277019
198243,230245,NULL
198244,230246,NULL
198245,230247,NULL
198246,230248,NULL
198247,230249,NULL
198248,230250,NULL
198249,230251,NULL
198250,230252,NULL
198251,230253,236645
198252,230254,NULL
198253,230255,NULL
198254,230256,NULL
198255,230257,256191
198256,230258,NULL
198257,230259,NULL
198258,230260,NULL
198259,230261,NULL
198260,230264,NULL
198261,230265,NULL
198262,230267,NULL
198263,230268,NULL
198264,230269,NULL
198265,230271,NULL
198266,230272,NULL
198267,230273,NULL
198268,230274,269591
198268,230274,282542
198268,230274,288094
198269,230275,NULL
198270,230276,NULL
198271,230278,NULL
198272,230280,NULL
198273,230281,NULL
198274,230282,NULL
198275,230283,NULL
198276,230284,269275
198277,230285,NULL
198278,230286,NULL
198279,230287,NULL
198280,230288,NULL
198281,230289,NULL
198282,230290,NULL
198283,230291,NULL
198284,230292,NULL
198285,230293,NULL
198286,230294,NULL
198287,230295,NULL
198288,230296,NULL
198289,230298,NULL
198290,230299,NULL
198291,230300,NULL
198292,230303,NULL
198293,230304,NULL
198294,230305,NULL
198295,230306,NULL
198296,230307,260532
198297,230308,NULL
198298,230309,NULL
198299,230310,NULL
198300,230311,NULL
198301,230312,NULL
198302,230313,NULL
198303,230314,NULL
198304,230315,NULL
198305,230316,262964
198306,230317,NULL
198307,230318,NULL
198308,230320,NULL
198309,230321,NULL
198310,230322,NULL
198311,230323,245556
198311,230323,249633
198311,230323,259042
198312,230324,242429
198313,230325,243111
198314,230327,NULL
198315,230328,NULL
198316,230329,NULL
198317,230330,NULL
198318,230331,NULL
198319,230332,NULL
198320,230334,257464
198320,230334,278263
198320,230334,290129
198321,230335,NULL
198322,230336,NULL
198323,230337,NULL
198324,230339,249831
198324,230339,263065
198324,230339,270981
198325,230340,NULL
198326,230341,NULL
198327,230343,NULL
198328,230344,NULL
198329,230345,NULL
198330,230346,NULL
198331,230347,NULL
198332,230348,NULL
198333,230349,NULL
198334,230350,NULL
198335,230351,257791
198336,230352,NULL
198337,230353,NULL
198338,230354,NULL
198339,230355,NULL
198340,230356,NULL
198341,230357,NULL
198342,230358,NULL
198343,230359,NULL
198344,230360,258958
198345,230361,NULL
198346,230362,236948
198347,230364,NULL
198348,230365,NULL
198349,230366,NULL
198350,230367,NULL
198351,230368,NULL
198352,230369,NULL
198353,230370,NULL
198354,230372,NULL
198355,230373,NULL
198356,230374,244479
198357,230375,NULL
198358,230376,NULL
198359,230377,NULL
198360,230379,245784
198360,230379,252215
198360,230379,258948
198361,230380,NULL
198362,230381,NULL
198363,230383,NULL
198364,230384,NULL
198365,230385,NULL
198366,230386,267937
198366,230386,285732
198366,230386,293451
198367,230387,NULL
198368,230388,NULL
198369,230389,NULL
198370,230390,NULL
198371,230391,NULL
198372,230392,NULL
198373,230393,255266
198373,230393,273579
198373,230393,279877
198374,230394,NULL
198375,230395,NULL
198376,230396,NULL
198377,230397,NULL
198378,230398,NULL
198379,230399,254894
198380,230400,NULL
198381,230401,238004
198381,230401,252190
198381,230401,263868
198382,230402,NULL
198383,230403,249432
198384,230405,NULL
198385,230406,NULL
198386,230407,256413
198387,230409,NULL
198388,230410,NULL
198389,230411,NULL
198390,230415,NULL
198391,230416,253297
198391,230416,270267
198391,230416,283302
198392,230417,NULL
198393,230418,NULL
198394,230419,NULL
198395,230420,NULL
198396,230422,NULL
198397,230428,NULL
198398,230430,NULL
198399,230431,NULL
198400,230432,NULL
198401,230433,260845
198401,230433,263395
198401,230433,276625
198402,230434,242922
198402,230434,254641
198402,230434,260772
198403,230435,NULL
198404,230437,NULL
198405,230438,NULL
198406,230439,NULL
198407,230440,NULL
198408,230441,NULL
198409,230442,NULL
198410,230443,NULL
198411,230444,NULL
198412,230446,NULL
198413,230447,NULL
198414,230448,NULL
198415,230449,NULL
198416,230450,NULL
198417,230451,NULL
198418,230454,NULL
198419,230455,NULL
198420,230456,NULL
198421,230457,NULL
198422,230458,NULL
198423,230459,NULL
198424,230460,NULL
198425,230461,NULL
198426,230462,NULL
198427,230464,NULL
198428,230465,NULL
198429,230466,267703
198430,230467,249459
198430,230467,269177
198430,230467,280239
198431,230468,NULL
198432,230469,NULL
198433,230470,NULL
198434,230471,NULL
198435,230472,NULL
198436,230473,NULL
198437,230474,NULL
198438,230475,266882
198439,230476,NULL
198440,230477,NULL
198441,230478,NULL
198442,230479,NULL
198443,230480,NULL
198444,230481,NULL
198445,230482,259274
198446,230483,NULL
198447,230484,NULL
198448,230486,NULL
198449,230487,NULL
198450,230488,NULL
198451,230489,233234
198452,230490,NULL
198453,230491,NULL
198454,230492,266204
198454,230492,290216
198454,230492,293537
198455,230493,NULL
198456,230494,NULL
198457,230496,NULL
198458,230497,NULL
198459,230498,NULL
198460,230499,NULL
198461,230500,NULL
198462,230501,NULL
198463,230503,NULL
198464,230505,NULL
198465,230506,NULL
198466,230507,NULL
198467,230509,NULL
198468,230510,NULL
198469,230511,NULL
198470,230512,NULL
198471,230513,246901
198472,230514,NULL
198473,230517,NULL
198474,230518,NULL
198475,230519,NULL
198476,230520,NULL
198477,230522,NULL
198478,230523,257337
198479,230524,NULL
198480,230526,NULL
198481,230527,NULL
198482,230528,NULL
198483,230529,NULL
198484,230531,NULL
198485,230532,NULL
198486,230533,NULL
198487,230534,NULL
198488,230535,NULL
198489,230536,NULL
198490,230538,NULL
198491,230539,NULL
198492,230540,NULL
198493,230541,NULL
198494,230542,256259
198495,230543,NULL
198496,230544,234785
198496,230544,241906
198496,230544,246009
198497,230545,240989
198498,230546,NULL
198499,230547,NULL
198500,230548,NULL
198501,230549,252643
198501,230549,271747
198501,230549,274794
198502,230550,NULL
198503,230551,NULL
198504,230553,NULL
198505,230555,NULL
198506,230556,265770
198506,230556,282625
198506,230556,288167
198507,230557,265448
198507,230557,280007
198507,230557,287195
198508,230559,NULL
198509,230560,236047
198510,230561,NULL
198511,230562,256130
198512,230564,243526
198513,230565,NULL
198514,230566,NULL
198515,230567,NULL
198516,230569,236191
198517,230571,NULL
198518,230572,NULL
198519,230573,266418
198519,230573,276897
198519,230573,281008
198520,230574,NULL
198521,230575,NULL
198522,230576,NULL
198523,230577,NULL
198524,230578,NULL
198525,230579,NULL
198526,230580,253946
198527,230581,NULL
198528,230582,NULL
198529,230583,NULL
198530,230584,NULL
198531,230585,NULL
198532,230586,NULL
198533,230587,NULL
198534,230588,246450
198535,230589,NULL
198536,230590,NULL
198537,230591,NULL
198538,230592,NULL
198539,230593,239686
198540,230595,NULL
198541,230597,NULL
198542,230598,NULL
198543,230599,251841
198544,230600,NULL
198545,230601,NULL
198546,230604,241019
198547,230605,NULL
198548,230606,NULL
198549,230607,NULL
198550,230609,NULL
198551,230610,NULL
198552,230611,NULL
198553,230613,NULL
198554,230614,NULL
198555,230615,NULL
198556,230616,257994
198557,230617,257039
198558,230618,NULL
198559,230619,NULL
198560,230620,NULL
198561,230621,NULL
198562,230622,259728
198562,230622,270089
198562,230622,283635
198563,230623,NULL
198564,230624,NULL
198565,230626,NULL
198566,230627,257554
198567,230628,NULL
198568,230629,NULL
198569,230630,NULL
198570,230631,261049
198571,230632,256693
198571,230632,265558
198571,230632,266397
198572,230633,NULL
198573,230635,NULL
198574,230636,NULL
198575,230637,NULL
198576,230640,NULL
198577,230641,NULL
198578,230642,238930
198579,230644,NULL
198580,230645,NULL
198581,230646,NULL
198582,230647,NULL
198583,230649,NULL
198584,230650,NULL
198585,230651,NULL
198586,230652,NULL
198587,230654,NULL
198588,230655,NULL
198589,230658,NULL
198590,230660,NULL
198591,230661,268022
198592,230664,NULL
198593,230665,NULL
198594,230666,NULL
198595,230667,NULL
198596,230668,NULL
198597,230669,NULL
198598,230670,NULL
198599,230674,NULL
198600,230675,NULL
198601,230676,NULL
198602,230678,257778
198603,230679,NULL
198604,230680,265771
198605,230681,234854
198606,230682,NULL
198607,230683,NULL
198608,230684,NULL
198609,230686,NULL
198610,230687,NULL
198611,230689,NULL
198612,230690,NULL
198613,230692,NULL
198614,230693,NULL
198615,230694,NULL
198616,230696,NULL
198617,230697,NULL
198618,230698,NULL
198619,230699,NULL
198620,230700,NULL
198621,230701,NULL
198622,230702,NULL
198623,230703,NULL
198624,230705,NULL
198625,230706,266938
198626,230707,NULL
198627,230708,NULL
198628,230710,NULL
198629,230711,NULL
198630,230712,NULL
198631,230713,NULL
198632,230714,NULL
198633,230716,241880
198633,230716,248171
198633,230716,257834
198634,230718,NULL
198635,230719,NULL
198636,230720,NULL
198637,230721,255312
198638,230722,NULL
198639,230723,258601
198639,230723,272103
198639,230723,285162
198640,230724,NULL
198641,230726,NULL
198642,230727,NULL
198643,230728,NULL
198644,230729,NULL
198645,230730,NULL
198646,230732,NULL
198647,230733,NULL
198648,230734,NULL
198649,230735,NULL
198650,230736,NULL
198651,230738,NULL
198652,230739,238387
198653,230740,NULL
198654,230741,NULL
198655,230742,NULL
198656,230743,NULL
198657,230744,NULL
198658,230745,NULL
198659,230746,NULL
198660,230747,NULL
198661,230748,NULL
198662,230749,NULL
198663,230750,NULL
198664,230751,NULL
198665,230753,NULL
198666,230754,NULL
198667,230755,NULL
198668,230756,261958
198669,230757,NULL
198670,230758,NULL
198671,230760,NULL
198672,230761,NULL
198673,230763,NULL
198674,230765,NULL
198675,230766,NULL
198676,230767,NULL
198677,230768,NULL
198678,230769,NULL
198679,230770,245128
198680,230771,252802
198680,230771,261592
198680,230771,269133
198681,230772,NULL
198682,230774,NULL
198683,230775,NULL
198684,230776,NULL
198685,230777,243819
198686,230778,NULL
198687,230780,NULL
198688,230781,NULL
198689,230782,NULL
198690,230783,NULL
198691,230784,NULL
198692,230787,NULL
198693,230788,267915
198694,230790,268360
198694,230790,276322
198694,230790,283539
198695,230791,NULL
198696,230794,NULL
198697,230795,NULL
198698,230796,269303
198699,230797,NULL
198700,230798,NULL
198701,230799,NULL
198702,230800,NULL
198703,230801,NULL
198704,230802,NULL
198705,230804,239810
198705,230804,247726
198705,230804,257974
198706,230805,244687
198707,230807,NULL
198708,230808,NULL
198709,230809,NULL
198710,230810,NULL
198711,230811,NULL
198712,230812,267993
198713,230813,242559
198714,230815,NULL
198715,230816,NULL
198716,230817,NULL
198717,230818,NULL
198718,230820,NULL
198719,230821,268496
198720,230823,NULL
198721,230824,NULL
198722,230826,NULL
198723,230827,NULL
198724,230828,NULL
198725,230829,NULL
198726,230830,NULL
198727,230831,NULL
198728,230832,NULL
198729,230833,NULL
198730,230835,NULL
198731,230836,NULL
198732,230837,NULL
198733,230838,NULL
198734,230840,NULL
198735,230841,NULL
198736,230842,NULL
198737,230843,NULL
198738,230844,264254
198738,230844,277122
198738,230844,285781
198739,230845,NULL
198740,230846,NULL
198741,230847,NULL
198742,230848,NULL
198743,230849,NULL
198744,230851,NULL
198745,230852,NULL
198746,230853,NULL
198747,230855,NULL
198748,230856,NULL
198749,230857,NULL
198750,230858,NULL
198751,230859,NULL
198752,230860,NULL
198753,230861,NULL
198754,230863,NULL
198755,230865,NULL
198756,230867,NULL
198757,230868,NULL
198758,230869,NULL
198759,230871,NULL
198760,230872,NULL
198761,230873,NULL
198762,230874,NULL
198763,230875,NULL
198764,230876,NULL
198765,230877,NULL
198766,230878,NULL
198767,230879,NULL
198768,230880,NULL
198769,230881,NULL
198770,230882,NULL
198771,230883,NULL
198772,230884,NULL
198773,230886,NULL
198774,230887,NULL
198775,230888,265668
198776,230889,239508
198777,230890,NULL
198778,230891,NULL
198779,230893,NULL
198780,230896,257571
198781,230897,NULL
198782,230898,NULL
198783,230899,NULL
198784,230900,NULL
198785,230902,NULL
198786,230903,NULL
198787,230905,NULL
198788,230906,NULL
198789,230907,NULL
198790,230908,NULL
198791,230909,NULL
198792,230910,NULL
198793,230911,NULL
198794,230912,237399
198795,230913,NULL
198796,230914,NULL
198797,230915,NULL
198798,230916,NULL
198799,230917,NULL
198800,230918,NULL
198801,230919,NULL
198802,230920,NULL
198803,230921,NULL
198804,230922,NULL
198805,230923,NULL
198806,230924,NULL
198807,230925,NULL
198808,230926,NULL
198809,230927,NULL
198810,230928,NULL
198811,230929,NULL
198812,230930,NULL
198813,230931,NULL
198814,230932,NULL
198815,230933,NULL
198816,230934,NULL
198817,230936,NULL
198818,230937,NULL
198819,230940,NULL
198820,230941,NULL
198821,230942,NULL
198822,230943,NULL
198823,230944,NULL
198824,230945,NULL
198825,230947,NULL
198826,230948,NULL
198827,230949,260375
198828,230953,NULL
198829,230954,NULL
198830,230955,NULL
198831,230956,NULL
198832,230957,NULL
198833,230958,NULL
198834,230960,NULL
198835,230961,NULL
198836,230962,NULL
198837,230963,NULL
198838,230964,NULL
198839,230965,NULL
198840,230966,NULL
198841,230968,NULL
198842,230970,NULL
198843,230971,NULL
198844,230972,NULL
198845,230974,NULL
198846,230976,NULL
198847,230977,NULL
198848,230978,NULL
198849,230980,NULL
198850,230981,NULL
198851,230982,NULL
198852,230983,NULL
198853,230984,NULL
198854,230986,NULL
198855,230987,244992
198855,230987,249647
198855,230987,263511
198856,230989,240155
198857,230990,NULL
198858,230991,NULL
198859,230992,NULL
198860,230993,NULL
198861,230994,263667
198862,230995,NULL
198863,230997,238268
198864,230998,NULL
198865,230999,NULL
198866,231000,NULL
198867,231001,NULL
198868,231002,NULL
198869,231003,NULL
198870,231004,NULL
198871,231005,NULL
198872,231006,NULL
198873,231007,264100
198873,231007,286605
198873,231007,298865
198874,231008,NULL
198875,231009,NULL
198876,231011,261743
198876,231011,281499
198876,231011,286737
198877,231012,NULL
198878,231013,251462
198879,231014,NULL
198880,231016,NULL
198881,231017,NULL
198882,231018,NULL
198883,231019,NULL
198884,231020,NULL
198885,231021,NULL
198886,231022,NULL
198887,231023,NULL
198888,231024,NULL
198889,231026,NULL
198890,231028,NULL
198891,231029,249651
198891,231029,257143
198891,231029,268147
198892,231030,NULL
198893,231031,NULL
198894,231032,NULL
198895,231034,NULL
198896,231035,NULL
198897,231036,NULL
198898,231037,267382
198899,231038,NULL
198900,231039,NULL
198901,231041,NULL
198902,231042,NULL
198903,231043,NULL
198904,231045,NULL
198905,231046,NULL
198906,231047,NULL
198907,231048,243553
198908,231049,NULL
198909,231050,NULL
198910,231051,NULL
198911,231052,NULL
198912,231053,NULL
198913,231054,NULL
198914,231056,NULL
198915,231058,NULL
