website_session_id,pageview_url,products_page,mrfuzzy_page,cart_page,shipping_page,billing_page,thankyou_page
18243,/lander-1,0,0,0,0,0,0
18244,/lander-1,0,0,0,0,0,0
18244,/products,1,0,0,0,0,0
18244,/the-original-mr-fuzzy,0,1,0,0,0,0
18244,/cart,0,0,1,0,0,0
18244,/shipping,0,0,0,1,0,0
18244,/billing,0,0,0,0,1,0
18245,/lander-1,0,0,0,0,0,0
18246,/lander-1,0,0,0,0,0,0
18246,/products,1,0,0,0,0,0
18247,/lander-1,0,0,0,0,0,0
18247,/products,1,0,0,0,0,0
18247,/the-original-mr-fuzzy,0,1,0,0,0,0
18249,/lander-1,0,0,0,0,0,0
18250,/lander-1,0,0,0,0,0,0
18251,/lander-1,0,0,0,0,0,0
18251,/products,1,0,0,0,0,0
18251,/the-original-mr-fuzzy,0,1,0,0,0,0
18252,/lander-1,0,0,0,0,0,0
18252,/products,1,0,0,0,0,0
18252,/the-original-mr-fuzzy,0,1,0,0,0,0
18252,/cart,0,0,1,0,0,0
18252,/shipping,0,0,0,1,0,0
18252,/billing,0,0,0,0,1,0
18254,/lander-1,0,0,0,0,0,0
18255,/lander-1,0,0,0,0,0,0
18255,/products,1,0,0,0,0,0
18255,/the-original-mr-fuzzy,0,1,0,0,0,0
18255,/cart,0,0,1,0,0,0
18255,/shipping,0,0,0,1,0,0
18255,/billing,0,0,0,0,1,0
18256,/lander-1,0,0,0,0,0,0
18256,/products,1,0,0,0,0,0
18256,/the-original-mr-fuzzy,0,1,0,0,0,0
18257,/lander-1,0,0,0,0,0,0
18257,/products,1,0,0,0,0,0
18257,/the-original-mr-fuzzy,0,1,0,0,0,0
18258,/lander-1,0,0,0,0,0,0
18258,/products,1,0,0,0,0,0
18259,/lander-1,0,0,0,0,0,0
18259,/products,1,0,0,0,0,0
18259,/the-original-mr-fuzzy,0,1,0,0,0,0
18260,/lander-1,0,0,0,0,0,0
18261,/lander-1,0,0,0,0,0,0
18262,/lander-1,0,0,0,0,0,0
18263,/lander-1,0,0,0,0,0,0
18264,/lander-1,0,0,0,0,0,0
18265,/lander-1,0,0,0,0,0,0
18265,/products,1,0,0,0,0,0
18265,/the-original-mr-fuzzy,0,1,0,0,0,0
18266,/lander-1,0,0,0,0,0,0
18267,/lander-1,0,0,0,0,0,0
18267,/products,1,0,0,0,0,0
18268,/lander-1,0,0,0,0,0,0
18269,/lander-1,0,0,0,0,0,0
18269,/products,1,0,0,0,0,0
18270,/lander-1,0,0,0,0,0,0
18271,/lander-1,0,0,0,0,0,0
18272,/lander-1,0,0,0,0,0,0
18273,/lander-1,0,0,0,0,0,0
18273,/products,1,0,0,0,0,0
18274,/lander-1,0,0,0,0,0,0
18275,/lander-1,0,0,0,0,0,0
18275,/products,1,0,0,0,0,0
18275,/the-original-mr-fuzzy,0,1,0,0,0,0
18275,/cart,0,0,1,0,0,0
18276,/lander-1,0,0,0,0,0,0
18277,/lander-1,0,0,0,0,0,0
18278,/lander-1,0,0,0,0,0,0
18279,/lander-1,0,0,0,0,0,0
18280,/lander-1,0,0,0,0,0,0
18280,/products,1,0,0,0,0,0
18280,/the-original-mr-fuzzy,0,1,0,0,0,0
18280,/cart,0,0,1,0,0,0
18280,/shipping,0,0,0,1,0,0
18280,/billing,0,0,0,0,1,0
18281,/lander-1,0,0,0,0,0,0
18282,/lander-1,0,0,0,0,0,0
18282,/products,1,0,0,0,0,0
18282,/the-original-mr-fuzzy,0,1,0,0,0,0
18283,/lander-1,0,0,0,0,0,0
18285,/lander-1,0,0,0,0,0,0
18286,/lander-1,0,0,0,0,0,0
18287,/lander-1,0,0,0,0,0,0
18288,/lander-1,0,0,0,0,0,0
18289,/lander-1,0,0,0,0,0,0
18290,/lander-1,0,0,0,0,0,0
18290,/products,1,0,0,0,0,0
18290,/the-original-mr-fuzzy,0,1,0,0,0,0
18290,/cart,0,0,1,0,0,0
18290,/shipping,0,0,0,1,0,0
18290,/billing,0,0,0,0,1,0
18290,/thank-you-for-your-order,0,0,0,0,0,1
18291,/lander-1,0,0,0,0,0,0
18291,/products,1,0,0,0,0,0
18292,/lander-1,0,0,0,0,0,0
18293,/lander-1,0,0,0,0,0,0
18294,/lander-1,0,0,0,0,0,0
18295,/lander-1,0,0,0,0,0,0
18295,/products,1,0,0,0,0,0
18295,/the-original-mr-fuzzy,0,1,0,0,0,0
18295,/cart,0,0,1,0,0,0
18295,/shipping,0,0,0,1,0,0
18295,/billing,0,0,0,0,1,0
18295,/thank-you-for-your-order,0,0,0,0,0,1
18296,/lander-1,0,0,0,0,0,0
18296,/products,1,0,0,0,0,0
18297,/lander-1,0,0,0,0,0,0
18297,/products,1,0,0,0,0,0
18297,/the-original-mr-fuzzy,0,1,0,0,0,0
18298,/lander-1,0,0,0,0,0,0
18298,/products,1,0,0,0,0,0
18298,/the-original-mr-fuzzy,0,1,0,0,0,0
18298,/cart,0,0,1,0,0,0
18298,/shipping,0,0,0,1,0,0
18298,/billing,0,0,0,0,1,0
18299,/lander-1,0,0,0,0,0,0
18300,/lander-1,0,0,0,0,0,0
18300,/products,1,0,0,0,0,0
18301,/lander-1,0,0,0,0,0,0
18302,/lander-1,0,0,0,0,0,0
18303,/lander-1,0,0,0,0,0,0
18305,/lander-1,0,0,0,0,0,0
18305,/products,1,0,0,0,0,0
18305,/the-original-mr-fuzzy,0,1,0,0,0,0
18305,/cart,0,0,1,0,0,0
18305,/shipping,0,0,0,1,0,0
18305,/billing,0,0,0,0,1,0
18305,/thank-you-for-your-order,0,0,0,0,0,1
18306,/lander-1,0,0,0,0,0,0
18306,/products,1,0,0,0,0,0
18306,/the-original-mr-fuzzy,0,1,0,0,0,0
18306,/cart,0,0,1,0,0,0
18306,/shipping,0,0,0,1,0,0
18307,/lander-1,0,0,0,0,0,0
18308,/lander-1,0,0,0,0,0,0
18309,/lander-1,0,0,0,0,0,0
18310,/lander-1,0,0,0,0,0,0
18312,/lander-1,0,0,0,0,0,0
18312,/products,1,0,0,0,0,0
18312,/the-original-mr-fuzzy,0,1,0,0,0,0
18312,/cart,0,0,1,0,0,0
18312,/shipping,0,0,0,1,0,0
18312,/billing,0,0,0,0,1,0
18313,/lander-1,0,0,0,0,0,0
18316,/lander-1,0,0,0,0,0,0
18317,/lander-1,0,0,0,0,0,0
18318,/lander-1,0,0,0,0,0,0
18319,/lander-1,0,0,0,0,0,0
18319,/products,1,0,0,0,0,0
18319,/the-original-mr-fuzzy,0,1,0,0,0,0
18321,/lander-1,0,0,0,0,0,0
18322,/lander-1,0,0,0,0,0,0
18322,/products,1,0,0,0,0,0
18322,/the-original-mr-fuzzy,0,1,0,0,0,0
18323,/lander-1,0,0,0,0,0,0
18323,/products,1,0,0,0,0,0
18324,/lander-1,0,0,0,0,0,0
18325,/lander-1,0,0,0,0,0,0
18327,/lander-1,0,0,0,0,0,0
18328,/lander-1,0,0,0,0,0,0
18329,/lander-1,0,0,0,0,0,0
18329,/products,1,0,0,0,0,0
18329,/the-original-mr-fuzzy,0,1,0,0,0,0
18330,/lander-1,0,0,0,0,0,0
18330,/products,1,0,0,0,0,0
18330,/the-original-mr-fuzzy,0,1,0,0,0,0
18331,/lander-1,0,0,0,0,0,0
18332,/lander-1,0,0,0,0,0,0
18332,/products,1,0,0,0,0,0
18332,/the-original-mr-fuzzy,0,1,0,0,0,0
18332,/cart,0,0,1,0,0,0
18332,/shipping,0,0,0,1,0,0
18332,/billing,0,0,0,0,1,0
18333,/lander-1,0,0,0,0,0,0
18333,/products,1,0,0,0,0,0
18333,/the-original-mr-fuzzy,0,1,0,0,0,0
18334,/lander-1,0,0,0,0,0,0
18335,/lander-1,0,0,0,0,0,0
18336,/lander-1,0,0,0,0,0,0
18337,/lander-1,0,0,0,0,0,0
18338,/lander-1,0,0,0,0,0,0
18338,/products,1,0,0,0,0,0
18338,/the-original-mr-fuzzy,0,1,0,0,0,0
18339,/lander-1,0,0,0,0,0,0
18340,/lander-1,0,0,0,0,0,0
18341,/lander-1,0,0,0,0,0,0
18341,/products,1,0,0,0,0,0
18341,/the-original-mr-fuzzy,0,1,0,0,0,0
18342,/lander-1,0,0,0,0,0,0
18343,/lander-1,0,0,0,0,0,0
18344,/lander-1,0,0,0,0,0,0
18345,/lander-1,0,0,0,0,0,0
18346,/lander-1,0,0,0,0,0,0
18347,/lander-1,0,0,0,0,0,0
18348,/lander-1,0,0,0,0,0,0
18348,/products,1,0,0,0,0,0
18349,/lander-1,0,0,0,0,0,0
18350,/lander-1,0,0,0,0,0,0
18351,/lander-1,0,0,0,0,0,0
18351,/products,1,0,0,0,0,0
18351,/the-original-mr-fuzzy,0,1,0,0,0,0
18351,/cart,0,0,1,0,0,0
18351,/shipping,0,0,0,1,0,0
18351,/billing,0,0,0,0,1,0
18351,/thank-you-for-your-order,0,0,0,0,0,1
18352,/lander-1,0,0,0,0,0,0
18352,/products,1,0,0,0,0,0
18352,/the-original-mr-fuzzy,0,1,0,0,0,0
18352,/cart,0,0,1,0,0,0
18352,/shipping,0,0,0,1,0,0
18353,/lander-1,0,0,0,0,0,0
18353,/products,1,0,0,0,0,0
18354,/lander-1,0,0,0,0,0,0
18355,/lander-1,0,0,0,0,0,0
18355,/products,1,0,0,0,0,0
18355,/the-original-mr-fuzzy,0,1,0,0,0,0
18356,/lander-1,0,0,0,0,0,0
18356,/products,1,0,0,0,0,0
18356,/the-original-mr-fuzzy,0,1,0,0,0,0
18357,/lander-1,0,0,0,0,0,0
18357,/products,1,0,0,0,0,0
18358,/lander-1,0,0,0,0,0,0
18359,/lander-1,0,0,0,0,0,0
18359,/products,1,0,0,0,0,0
18359,/the-original-mr-fuzzy,0,1,0,0,0,0
18360,/lander-1,0,0,0,0,0,0
18360,/products,1,0,0,0,0,0
18360,/the-original-mr-fuzzy,0,1,0,0,0,0
18361,/lander-1,0,0,0,0,0,0
18361,/products,1,0,0,0,0,0
18361,/the-original-mr-fuzzy,0,1,0,0,0,0
18361,/cart,0,0,1,0,0,0
18362,/lander-1,0,0,0,0,0,0
18363,/lander-1,0,0,0,0,0,0
18363,/products,1,0,0,0,0,0
18364,/lander-1,0,0,0,0,0,0
18365,/lander-1,0,0,0,0,0,0
18365,/products,1,0,0,0,0,0
18365,/the-original-mr-fuzzy,0,1,0,0,0,0
18365,/cart,0,0,1,0,0,0
18365,/shipping,0,0,0,1,0,0
18365,/billing,0,0,0,0,1,0
18365,/thank-you-for-your-order,0,0,0,0,0,1
18366,/lander-1,0,0,0,0,0,0
18367,/lander-1,0,0,0,0,0,0
18368,/lander-1,0,0,0,0,0,0
18369,/lander-1,0,0,0,0,0,0
18370,/lander-1,0,0,0,0,0,0
18371,/lander-1,0,0,0,0,0,0
18371,/products,1,0,0,0,0,0
18371,/the-original-mr-fuzzy,0,1,0,0,0,0
18372,/lander-1,0,0,0,0,0,0
18373,/lander-1,0,0,0,0,0,0
18375,/lander-1,0,0,0,0,0,0
18375,/products,1,0,0,0,0,0
18376,/lander-1,0,0,0,0,0,0
18376,/products,1,0,0,0,0,0
18376,/the-original-mr-fuzzy,0,1,0,0,0,0
18376,/cart,0,0,1,0,0,0
18376,/shipping,0,0,0,1,0,0
18376,/billing,0,0,0,0,1,0
18376,/thank-you-for-your-order,0,0,0,0,0,1
18379,/lander-1,0,0,0,0,0,0
18380,/lander-1,0,0,0,0,0,0
18380,/products,1,0,0,0,0,0
18380,/the-original-mr-fuzzy,0,1,0,0,0,0
18383,/lander-1,0,0,0,0,0,0
18384,/lander-1,0,0,0,0,0,0
18384,/products,1,0,0,0,0,0
18385,/lander-1,0,0,0,0,0,0
18385,/products,1,0,0,0,0,0
18386,/lander-1,0,0,0,0,0,0
18387,/lander-1,0,0,0,0,0,0
18387,/products,1,0,0,0,0,0
18387,/the-original-mr-fuzzy,0,1,0,0,0,0
18387,/cart,0,0,1,0,0,0
18387,/shipping,0,0,0,1,0,0
18388,/lander-1,0,0,0,0,0,0
18388,/products,1,0,0,0,0,0
18389,/lander-1,0,0,0,0,0,0
18391,/lander-1,0,0,0,0,0,0
18392,/lander-1,0,0,0,0,0,0
18394,/lander-1,0,0,0,0,0,0
18394,/products,1,0,0,0,0,0
18394,/the-original-mr-fuzzy,0,1,0,0,0,0
18394,/cart,0,0,1,0,0,0
18394,/shipping,0,0,0,1,0,0
18394,/billing,0,0,0,0,1,0
18395,/lander-1,0,0,0,0,0,0
18397,/lander-1,0,0,0,0,0,0
18398,/lander-1,0,0,0,0,0,0
18398,/products,1,0,0,0,0,0
18398,/the-original-mr-fuzzy,0,1,0,0,0,0
18398,/cart,0,0,1,0,0,0
18399,/lander-1,0,0,0,0,0,0
18399,/products,1,0,0,0,0,0
18400,/lander-1,0,0,0,0,0,0
18401,/lander-1,0,0,0,0,0,0
18401,/products,1,0,0,0,0,0
18401,/the-original-mr-fuzzy,0,1,0,0,0,0
18402,/lander-1,0,0,0,0,0,0
18403,/lander-1,0,0,0,0,0,0
18403,/products,1,0,0,0,0,0
18404,/lander-1,0,0,0,0,0,0
18404,/products,1,0,0,0,0,0
18404,/the-original-mr-fuzzy,0,1,0,0,0,0
18405,/lander-1,0,0,0,0,0,0
18405,/products,1,0,0,0,0,0
18405,/the-original-mr-fuzzy,0,1,0,0,0,0
18405,/cart,0,0,1,0,0,0
18405,/shipping,0,0,0,1,0,0
18405,/billing,0,0,0,0,1,0
18406,/lander-1,0,0,0,0,0,0
18407,/lander-1,0,0,0,0,0,0
18408,/lander-1,0,0,0,0,0,0
18408,/products,1,0,0,0,0,0
18408,/the-original-mr-fuzzy,0,1,0,0,0,0
18408,/cart,0,0,1,0,0,0
18409,/lander-1,0,0,0,0,0,0
18411,/lander-1,0,0,0,0,0,0
18412,/lander-1,0,0,0,0,0,0
18412,/products,1,0,0,0,0,0
18412,/the-original-mr-fuzzy,0,1,0,0,0,0
18413,/lander-1,0,0,0,0,0,0
18413,/products,1,0,0,0,0,0
18413,/the-original-mr-fuzzy,0,1,0,0,0,0
18413,/cart,0,0,1,0,0,0
18413,/shipping,0,0,0,1,0,0
18413,/billing,0,0,0,0,1,0
18413,/thank-you-for-your-order,0,0,0,0,0,1
18414,/lander-1,0,0,0,0,0,0
18415,/lander-1,0,0,0,0,0,0
18417,/lander-1,0,0,0,0,0,0
18417,/products,1,0,0,0,0,0
18418,/lander-1,0,0,0,0,0,0
18420,/lander-1,0,0,0,0,0,0
18420,/products,1,0,0,0,0,0
18420,/the-original-mr-fuzzy,0,1,0,0,0,0
18420,/cart,0,0,1,0,0,0
18420,/shipping,0,0,0,1,0,0
18420,/billing,0,0,0,0,1,0
18420,/thank-you-for-your-order,0,0,0,0,0,1
18421,/lander-1,0,0,0,0,0,0
18422,/lander-1,0,0,0,0,0,0
18422,/products,1,0,0,0,0,0
18422,/the-original-mr-fuzzy,0,1,0,0,0,0
18423,/lander-1,0,0,0,0,0,0
18423,/products,1,0,0,0,0,0
18424,/lander-1,0,0,0,0,0,0
18424,/products,1,0,0,0,0,0
18425,/lander-1,0,0,0,0,0,0
18425,/products,1,0,0,0,0,0
18425,/the-original-mr-fuzzy,0,1,0,0,0,0
18426,/lander-1,0,0,0,0,0,0
18427,/lander-1,0,0,0,0,0,0
18428,/lander-1,0,0,0,0,0,0
18429,/lander-1,0,0,0,0,0,0
18430,/lander-1,0,0,0,0,0,0
18430,/products,1,0,0,0,0,0
18430,/the-original-mr-fuzzy,0,1,0,0,0,0
18430,/cart,0,0,1,0,0,0
18431,/lander-1,0,0,0,0,0,0
18432,/lander-1,0,0,0,0,0,0
18433,/lander-1,0,0,0,0,0,0
18435,/lander-1,0,0,0,0,0,0
18436,/lander-1,0,0,0,0,0,0
18438,/lander-1,0,0,0,0,0,0
18439,/lander-1,0,0,0,0,0,0
18439,/products,1,0,0,0,0,0
18439,/the-original-mr-fuzzy,0,1,0,0,0,0
18439,/cart,0,0,1,0,0,0
18439,/shipping,0,0,0,1,0,0
18439,/billing,0,0,0,0,1,0
18439,/thank-you-for-your-order,0,0,0,0,0,1
18441,/lander-1,0,0,0,0,0,0
18441,/products,1,0,0,0,0,0
18442,/lander-1,0,0,0,0,0,0
18444,/lander-1,0,0,0,0,0,0
18444,/products,1,0,0,0,0,0
18444,/the-original-mr-fuzzy,0,1,0,0,0,0
18444,/cart,0,0,1,0,0,0
18444,/shipping,0,0,0,1,0,0
18444,/billing,0,0,0,0,1,0
18445,/lander-1,0,0,0,0,0,0
18446,/lander-1,0,0,0,0,0,0
18447,/lander-1,0,0,0,0,0,0
18447,/products,1,0,0,0,0,0
18447,/the-original-mr-fuzzy,0,1,0,0,0,0
18447,/cart,0,0,1,0,0,0
18448,/lander-1,0,0,0,0,0,0
18449,/lander-1,0,0,0,0,0,0
18450,/lander-1,0,0,0,0,0,0
18451,/lander-1,0,0,0,0,0,0
18451,/products,1,0,0,0,0,0
18451,/the-original-mr-fuzzy,0,1,0,0,0,0
18452,/lander-1,0,0,0,0,0,0
18452,/products,1,0,0,0,0,0
18452,/the-original-mr-fuzzy,0,1,0,0,0,0
18453,/lander-1,0,0,0,0,0,0
18453,/products,1,0,0,0,0,0
18453,/the-original-mr-fuzzy,0,1,0,0,0,0
18454,/lander-1,0,0,0,0,0,0
18455,/lander-1,0,0,0,0,0,0
18456,/lander-1,0,0,0,0,0,0
18456,/products,1,0,0,0,0,0
18456,/the-original-mr-fuzzy,0,1,0,0,0,0
18457,/lander-1,0,0,0,0,0,0
18457,/products,1,0,0,0,0,0
18458,/lander-1,0,0,0,0,0,0
18459,/lander-1,0,0,0,0,0,0
18460,/lander-1,0,0,0,0,0,0
18462,/lander-1,0,0,0,0,0,0
18462,/products,1,0,0,0,0,0
18463,/lander-1,0,0,0,0,0,0
18464,/lander-1,0,0,0,0,0,0
18465,/lander-1,0,0,0,0,0,0
18466,/lander-1,0,0,0,0,0,0
18467,/lander-1,0,0,0,0,0,0
18467,/products,1,0,0,0,0,0
18467,/the-original-mr-fuzzy,0,1,0,0,0,0
18467,/cart,0,0,1,0,0,0
18467,/shipping,0,0,0,1,0,0
18467,/billing,0,0,0,0,1,0
18467,/thank-you-for-your-order,0,0,0,0,0,1
18468,/lander-1,0,0,0,0,0,0
18469,/lander-1,0,0,0,0,0,0
18469,/products,1,0,0,0,0,0
18469,/the-original-mr-fuzzy,0,1,0,0,0,0
18470,/lander-1,0,0,0,0,0,0
18470,/products,1,0,0,0,0,0
18471,/lander-1,0,0,0,0,0,0
18472,/lander-1,0,0,0,0,0,0
18472,/products,1,0,0,0,0,0
18473,/lander-1,0,0,0,0,0,0
18474,/lander-1,0,0,0,0,0,0
18474,/products,1,0,0,0,0,0
18474,/the-original-mr-fuzzy,0,1,0,0,0,0
18475,/lander-1,0,0,0,0,0,0
18477,/lander-1,0,0,0,0,0,0
18478,/lander-1,0,0,0,0,0,0
18478,/products,1,0,0,0,0,0
18478,/the-original-mr-fuzzy,0,1,0,0,0,0
18478,/cart,0,0,1,0,0,0
18478,/shipping,0,0,0,1,0,0
18478,/billing,0,0,0,0,1,0
18478,/thank-you-for-your-order,0,0,0,0,0,1
18479,/lander-1,0,0,0,0,0,0
18481,/lander-1,0,0,0,0,0,0
18481,/products,1,0,0,0,0,0
18482,/lander-1,0,0,0,0,0,0
18484,/lander-1,0,0,0,0,0,0
18484,/products,1,0,0,0,0,0
18485,/lander-1,0,0,0,0,0,0
18485,/products,1,0,0,0,0,0
18485,/the-original-mr-fuzzy,0,1,0,0,0,0
18486,/lander-1,0,0,0,0,0,0
18486,/products,1,0,0,0,0,0
18486,/the-original-mr-fuzzy,0,1,0,0,0,0
18487,/lander-1,0,0,0,0,0,0
18488,/lander-1,0,0,0,0,0,0
18489,/lander-1,0,0,0,0,0,0
18490,/lander-1,0,0,0,0,0,0
18492,/lander-1,0,0,0,0,0,0
18493,/lander-1,0,0,0,0,0,0
18494,/lander-1,0,0,0,0,0,0
18495,/lander-1,0,0,0,0,0,0
18495,/products,1,0,0,0,0,0
18495,/the-original-mr-fuzzy,0,1,0,0,0,0
18496,/lander-1,0,0,0,0,0,0
18496,/products,1,0,0,0,0,0
18496,/the-original-mr-fuzzy,0,1,0,0,0,0
18496,/cart,0,0,1,0,0,0
18496,/shipping,0,0,0,1,0,0
18497,/lander-1,0,0,0,0,0,0
18498,/lander-1,0,0,0,0,0,0
18499,/lander-1,0,0,0,0,0,0
18499,/products,1,0,0,0,0,0
18499,/the-original-mr-fuzzy,0,1,0,0,0,0
18500,/lander-1,0,0,0,0,0,0
18500,/products,1,0,0,0,0,0
18500,/the-original-mr-fuzzy,0,1,0,0,0,0
18500,/cart,0,0,1,0,0,0
18500,/shipping,0,0,0,1,0,0
18500,/billing,0,0,0,0,1,0
18501,/lander-1,0,0,0,0,0,0
18502,/lander-1,0,0,0,0,0,0
18502,/products,1,0,0,0,0,0
18503,/lander-1,0,0,0,0,0,0
18504,/lander-1,0,0,0,0,0,0
18504,/products,1,0,0,0,0,0
18504,/the-original-mr-fuzzy,0,1,0,0,0,0
18504,/cart,0,0,1,0,0,0
18505,/lander-1,0,0,0,0,0,0
18506,/lander-1,0,0,0,0,0,0
18507,/lander-1,0,0,0,0,0,0
18508,/lander-1,0,0,0,0,0,0
18509,/lander-1,0,0,0,0,0,0
18511,/lander-1,0,0,0,0,0,0
18511,/products,1,0,0,0,0,0
18511,/the-original-mr-fuzzy,0,1,0,0,0,0
18512,/lander-1,0,0,0,0,0,0
18513,/lander-1,0,0,0,0,0,0
18513,/products,1,0,0,0,0,0
18513,/the-original-mr-fuzzy,0,1,0,0,0,0
18513,/cart,0,0,1,0,0,0
18514,/lander-1,0,0,0,0,0,0
18515,/lander-1,0,0,0,0,0,0
18516,/lander-1,0,0,0,0,0,0
18518,/lander-1,0,0,0,0,0,0
18518,/products,1,0,0,0,0,0
18518,/the-original-mr-fuzzy,0,1,0,0,0,0
18518,/cart,0,0,1,0,0,0
18518,/shipping,0,0,0,1,0,0
18520,/lander-1,0,0,0,0,0,0
18520,/products,1,0,0,0,0,0
18520,/the-original-mr-fuzzy,0,1,0,0,0,0
18521,/lander-1,0,0,0,0,0,0
18522,/lander-1,0,0,0,0,0,0
18522,/products,1,0,0,0,0,0
18522,/the-original-mr-fuzzy,0,1,0,0,0,0
18523,/lander-1,0,0,0,0,0,0
18523,/products,1,0,0,0,0,0
18523,/the-original-mr-fuzzy,0,1,0,0,0,0
18524,/lander-1,0,0,0,0,0,0
18524,/products,1,0,0,0,0,0
18524,/the-original-mr-fuzzy,0,1,0,0,0,0
18524,/cart,0,0,1,0,0,0
18524,/shipping,0,0,0,1,0,0
18524,/billing,0,0,0,0,1,0
18525,/lander-1,0,0,0,0,0,0
18525,/products,1,0,0,0,0,0
18525,/the-original-mr-fuzzy,0,1,0,0,0,0
18526,/lander-1,0,0,0,0,0,0
18527,/lander-1,0,0,0,0,0,0
18527,/products,1,0,0,0,0,0
18527,/the-original-mr-fuzzy,0,1,0,0,0,0
18527,/cart,0,0,1,0,0,0
18527,/shipping,0,0,0,1,0,0
18528,/lander-1,0,0,0,0,0,0
18529,/lander-1,0,0,0,0,0,0
18529,/products,1,0,0,0,0,0
18529,/the-original-mr-fuzzy,0,1,0,0,0,0
18529,/cart,0,0,1,0,0,0
18530,/lander-1,0,0,0,0,0,0
18531,/lander-1,0,0,0,0,0,0
18531,/products,1,0,0,0,0,0
18532,/lander-1,0,0,0,0,0,0
18534,/lander-1,0,0,0,0,0,0
18534,/products,1,0,0,0,0,0
18534,/the-original-mr-fuzzy,0,1,0,0,0,0
18536,/lander-1,0,0,0,0,0,0
18538,/lander-1,0,0,0,0,0,0
18538,/products,1,0,0,0,0,0
18539,/lander-1,0,0,0,0,0,0
18540,/lander-1,0,0,0,0,0,0
18540,/products,1,0,0,0,0,0
18540,/the-original-mr-fuzzy,0,1,0,0,0,0
18541,/lander-1,0,0,0,0,0,0
18541,/products,1,0,0,0,0,0
18541,/the-original-mr-fuzzy,0,1,0,0,0,0
18541,/cart,0,0,1,0,0,0
18541,/shipping,0,0,0,1,0,0
18541,/billing,0,0,0,0,1,0
18542,/lander-1,0,0,0,0,0,0
18543,/lander-1,0,0,0,0,0,0
18545,/lander-1,0,0,0,0,0,0
18545,/products,1,0,0,0,0,0
18545,/the-original-mr-fuzzy,0,1,0,0,0,0
18546,/lander-1,0,0,0,0,0,0
18547,/lander-1,0,0,0,0,0,0
18547,/products,1,0,0,0,0,0
18547,/the-original-mr-fuzzy,0,1,0,0,0,0
18548,/lander-1,0,0,0,0,0,0
18548,/products,1,0,0,0,0,0
18549,/lander-1,0,0,0,0,0,0
18550,/lander-1,0,0,0,0,0,0
18551,/lander-1,0,0,0,0,0,0
18551,/products,1,0,0,0,0,0
18551,/the-original-mr-fuzzy,0,1,0,0,0,0
18551,/cart,0,0,1,0,0,0
18552,/lander-1,0,0,0,0,0,0
18553,/lander-1,0,0,0,0,0,0
18554,/lander-1,0,0,0,0,0,0
18554,/products,1,0,0,0,0,0
18555,/lander-1,0,0,0,0,0,0
18555,/products,1,0,0,0,0,0
18556,/lander-1,0,0,0,0,0,0
18556,/products,1,0,0,0,0,0
18556,/the-original-mr-fuzzy,0,1,0,0,0,0
18556,/cart,0,0,1,0,0,0
18556,/shipping,0,0,0,1,0,0
18556,/billing,0,0,0,0,1,0
18559,/lander-1,0,0,0,0,0,0
18560,/lander-1,0,0,0,0,0,0
18561,/lander-1,0,0,0,0,0,0
18561,/products,1,0,0,0,0,0
18561,/the-original-mr-fuzzy,0,1,0,0,0,0
18561,/cart,0,0,1,0,0,0
18561,/shipping,0,0,0,1,0,0
18562,/lander-1,0,0,0,0,0,0
18562,/products,1,0,0,0,0,0
18562,/the-original-mr-fuzzy,0,1,0,0,0,0
18562,/cart,0,0,1,0,0,0
18562,/shipping,0,0,0,1,0,0
18562,/billing,0,0,0,0,1,0
18563,/lander-1,0,0,0,0,0,0
18564,/lander-1,0,0,0,0,0,0
18565,/lander-1,0,0,0,0,0,0
18566,/lander-1,0,0,0,0,0,0
18567,/lander-1,0,0,0,0,0,0
18567,/products,1,0,0,0,0,0
18567,/the-original-mr-fuzzy,0,1,0,0,0,0
18568,/lander-1,0,0,0,0,0,0
18569,/lander-1,0,0,0,0,0,0
18569,/products,1,0,0,0,0,0
18569,/the-original-mr-fuzzy,0,1,0,0,0,0
18570,/lander-1,0,0,0,0,0,0
18570,/products,1,0,0,0,0,0
18570,/the-original-mr-fuzzy,0,1,0,0,0,0
18570,/cart,0,0,1,0,0,0
18571,/lander-1,0,0,0,0,0,0
18572,/lander-1,0,0,0,0,0,0
18572,/products,1,0,0,0,0,0
18573,/lander-1,0,0,0,0,0,0
18573,/products,1,0,0,0,0,0
18573,/the-original-mr-fuzzy,0,1,0,0,0,0
18574,/lander-1,0,0,0,0,0,0
18574,/products,1,0,0,0,0,0
18574,/the-original-mr-fuzzy,0,1,0,0,0,0
18574,/cart,0,0,1,0,0,0
18574,/shipping,0,0,0,1,0,0
18574,/billing,0,0,0,0,1,0
18575,/lander-1,0,0,0,0,0,0
18575,/products,1,0,0,0,0,0
18575,/the-original-mr-fuzzy,0,1,0,0,0,0
18575,/cart,0,0,1,0,0,0
18575,/shipping,0,0,0,1,0,0
18576,/lander-1,0,0,0,0,0,0
18576,/products,1,0,0,0,0,0
18576,/the-original-mr-fuzzy,0,1,0,0,0,0
18577,/lander-1,0,0,0,0,0,0
18578,/lander-1,0,0,0,0,0,0
18579,/lander-1,0,0,0,0,0,0
18579,/products,1,0,0,0,0,0
18579,/the-original-mr-fuzzy,0,1,0,0,0,0
18580,/lander-1,0,0,0,0,0,0
18581,/lander-1,0,0,0,0,0,0
18582,/lander-1,0,0,0,0,0,0
18583,/lander-1,0,0,0,0,0,0
18583,/products,1,0,0,0,0,0
18583,/the-original-mr-fuzzy,0,1,0,0,0,0
18583,/cart,0,0,1,0,0,0
18583,/shipping,0,0,0,1,0,0
18583,/billing,0,0,0,0,1,0
18584,/lander-1,0,0,0,0,0,0
18584,/products,1,0,0,0,0,0
18584,/the-original-mr-fuzzy,0,1,0,0,0,0
18586,/lander-1,0,0,0,0,0,0
18586,/products,1,0,0,0,0,0
18586,/the-original-mr-fuzzy,0,1,0,0,0,0
18586,/cart,0,0,1,0,0,0
18587,/lander-1,0,0,0,0,0,0
18587,/products,1,0,0,0,0,0
18587,/the-original-mr-fuzzy,0,1,0,0,0,0
18589,/lander-1,0,0,0,0,0,0
18589,/products,1,0,0,0,0,0
18590,/lander-1,0,0,0,0,0,0
18591,/lander-1,0,0,0,0,0,0
18592,/lander-1,0,0,0,0,0,0
18592,/products,1,0,0,0,0,0
18594,/lander-1,0,0,0,0,0,0
18595,/lander-1,0,0,0,0,0,0
18595,/products,1,0,0,0,0,0
18596,/lander-1,0,0,0,0,0,0
18596,/products,1,0,0,0,0,0
18596,/the-original-mr-fuzzy,0,1,0,0,0,0
18597,/lander-1,0,0,0,0,0,0
18598,/lander-1,0,0,0,0,0,0
18599,/lander-1,0,0,0,0,0,0
18600,/lander-1,0,0,0,0,0,0
18600,/products,1,0,0,0,0,0
18601,/lander-1,0,0,0,0,0,0
18602,/lander-1,0,0,0,0,0,0
18604,/lander-1,0,0,0,0,0,0
18604,/products,1,0,0,0,0,0
18604,/the-original-mr-fuzzy,0,1,0,0,0,0
18605,/lander-1,0,0,0,0,0,0
18606,/lander-1,0,0,0,0,0,0
18607,/lander-1,0,0,0,0,0,0
18607,/products,1,0,0,0,0,0
18607,/the-original-mr-fuzzy,0,1,0,0,0,0
18607,/cart,0,0,1,0,0,0
18607,/shipping,0,0,0,1,0,0
18608,/lander-1,0,0,0,0,0,0
18609,/lander-1,0,0,0,0,0,0
18609,/products,1,0,0,0,0,0
18609,/the-original-mr-fuzzy,0,1,0,0,0,0
18609,/cart,0,0,1,0,0,0
18610,/lander-1,0,0,0,0,0,0
18611,/lander-1,0,0,0,0,0,0
18611,/products,1,0,0,0,0,0
18611,/the-original-mr-fuzzy,0,1,0,0,0,0
18611,/cart,0,0,1,0,0,0
18611,/shipping,0,0,0,1,0,0
18612,/lander-1,0,0,0,0,0,0
18613,/lander-1,0,0,0,0,0,0
18613,/products,1,0,0,0,0,0
18615,/lander-1,0,0,0,0,0,0
18616,/lander-1,0,0,0,0,0,0
18617,/lander-1,0,0,0,0,0,0
18617,/products,1,0,0,0,0,0
18618,/lander-1,0,0,0,0,0,0
18618,/products,1,0,0,0,0,0
18618,/the-original-mr-fuzzy,0,1,0,0,0,0
18619,/lander-1,0,0,0,0,0,0
18620,/lander-1,0,0,0,0,0,0
18621,/lander-1,0,0,0,0,0,0
18622,/lander-1,0,0,0,0,0,0
18622,/products,1,0,0,0,0,0
18622,/the-original-mr-fuzzy,0,1,0,0,0,0
18624,/lander-1,0,0,0,0,0,0
18624,/products,1,0,0,0,0,0
18624,/the-original-mr-fuzzy,0,1,0,0,0,0
18624,/cart,0,0,1,0,0,0
18625,/lander-1,0,0,0,0,0,0
18626,/lander-1,0,0,0,0,0,0
18627,/lander-1,0,0,0,0,0,0
18627,/products,1,0,0,0,0,0
18627,/the-original-mr-fuzzy,0,1,0,0,0,0
18627,/cart,0,0,1,0,0,0
18627,/shipping,0,0,0,1,0,0
18627,/billing,0,0,0,0,1,0
18627,/thank-you-for-your-order,0,0,0,0,0,1
18628,/lander-1,0,0,0,0,0,0
18628,/products,1,0,0,0,0,0
18628,/the-original-mr-fuzzy,0,1,0,0,0,0
18629,/lander-1,0,0,0,0,0,0
18630,/lander-1,0,0,0,0,0,0
18631,/lander-1,0,0,0,0,0,0
18632,/lander-1,0,0,0,0,0,0
18632,/products,1,0,0,0,0,0
18632,/the-original-mr-fuzzy,0,1,0,0,0,0
18632,/cart,0,0,1,0,0,0
18632,/shipping,0,0,0,1,0,0
18632,/billing,0,0,0,0,1,0
18633,/lander-1,0,0,0,0,0,0
18636,/lander-1,0,0,0,0,0,0
18637,/lander-1,0,0,0,0,0,0
18638,/lander-1,0,0,0,0,0,0
18639,/lander-1,0,0,0,0,0,0
18640,/lander-1,0,0,0,0,0,0
18640,/products,1,0,0,0,0,0
18640,/the-original-mr-fuzzy,0,1,0,0,0,0
18641,/lander-1,0,0,0,0,0,0
18642,/lander-1,0,0,0,0,0,0
18643,/lander-1,0,0,0,0,0,0
18643,/products,1,0,0,0,0,0
18643,/the-original-mr-fuzzy,0,1,0,0,0,0
18643,/cart,0,0,1,0,0,0
18643,/shipping,0,0,0,1,0,0
18643,/billing,0,0,0,0,1,0
18643,/thank-you-for-your-order,0,0,0,0,0,1
18644,/lander-1,0,0,0,0,0,0
18645,/lander-1,0,0,0,0,0,0
18646,/lander-1,0,0,0,0,0,0
18647,/lander-1,0,0,0,0,0,0
18647,/products,1,0,0,0,0,0
18647,/the-original-mr-fuzzy,0,1,0,0,0,0
18647,/cart,0,0,1,0,0,0
18649,/lander-1,0,0,0,0,0,0
18649,/products,1,0,0,0,0,0
18649,/the-original-mr-fuzzy,0,1,0,0,0,0
18651,/lander-1,0,0,0,0,0,0
18651,/products,1,0,0,0,0,0
18652,/lander-1,0,0,0,0,0,0
18652,/products,1,0,0,0,0,0
18652,/the-original-mr-fuzzy,0,1,0,0,0,0
18652,/cart,0,0,1,0,0,0
18652,/shipping,0,0,0,1,0,0
18653,/lander-1,0,0,0,0,0,0
18653,/products,1,0,0,0,0,0
18654,/lander-1,0,0,0,0,0,0
18654,/products,1,0,0,0,0,0
18655,/lander-1,0,0,0,0,0,0
18655,/products,1,0,0,0,0,0
18655,/the-original-mr-fuzzy,0,1,0,0,0,0
18655,/cart,0,0,1,0,0,0
18655,/shipping,0,0,0,1,0,0
18655,/billing,0,0,0,0,1,0
18655,/thank-you-for-your-order,0,0,0,0,0,1
18656,/lander-1,0,0,0,0,0,0
18657,/lander-1,0,0,0,0,0,0
18657,/products,1,0,0,0,0,0
18657,/the-original-mr-fuzzy,0,1,0,0,0,0
18658,/lander-1,0,0,0,0,0,0
18659,/lander-1,0,0,0,0,0,0
18660,/lander-1,0,0,0,0,0,0
18663,/lander-1,0,0,0,0,0,0
18663,/products,1,0,0,0,0,0
18663,/the-original-mr-fuzzy,0,1,0,0,0,0
18664,/lander-1,0,0,0,0,0,0
18665,/lander-1,0,0,0,0,0,0
18665,/products,1,0,0,0,0,0
18665,/the-original-mr-fuzzy,0,1,0,0,0,0
18666,/lander-1,0,0,0,0,0,0
18667,/lander-1,0,0,0,0,0,0
18668,/lander-1,0,0,0,0,0,0
18669,/lander-1,0,0,0,0,0,0
18670,/lander-1,0,0,0,0,0,0
18670,/products,1,0,0,0,0,0
18670,/the-original-mr-fuzzy,0,1,0,0,0,0
18670,/cart,0,0,1,0,0,0
18670,/shipping,0,0,0,1,0,0
18670,/billing,0,0,0,0,1,0
18671,/lander-1,0,0,0,0,0,0
18672,/lander-1,0,0,0,0,0,0
18673,/lander-1,0,0,0,0,0,0
18674,/lander-1,0,0,0,0,0,0
18674,/products,1,0,0,0,0,0
18674,/the-original-mr-fuzzy,0,1,0,0,0,0
18675,/lander-1,0,0,0,0,0,0
18676,/lander-1,0,0,0,0,0,0
18677,/lander-1,0,0,0,0,0,0
18678,/lander-1,0,0,0,0,0,0
18679,/lander-1,0,0,0,0,0,0
18679,/products,1,0,0,0,0,0
18680,/lander-1,0,0,0,0,0,0
18680,/products,1,0,0,0,0,0
18681,/lander-1,0,0,0,0,0,0
18681,/products,1,0,0,0,0,0
18681,/the-original-mr-fuzzy,0,1,0,0,0,0
18682,/lander-1,0,0,0,0,0,0
18685,/lander-1,0,0,0,0,0,0
18686,/lander-1,0,0,0,0,0,0
18687,/lander-1,0,0,0,0,0,0
18687,/products,1,0,0,0,0,0
18687,/the-original-mr-fuzzy,0,1,0,0,0,0
18687,/cart,0,0,1,0,0,0
18687,/shipping,0,0,0,1,0,0
18687,/billing,0,0,0,0,1,0
18687,/thank-you-for-your-order,0,0,0,0,0,1
18688,/lander-1,0,0,0,0,0,0
18689,/lander-1,0,0,0,0,0,0
18689,/products,1,0,0,0,0,0
18689,/the-original-mr-fuzzy,0,1,0,0,0,0
18689,/cart,0,0,1,0,0,0
18690,/lander-1,0,0,0,0,0,0
18690,/products,1,0,0,0,0,0
18690,/the-original-mr-fuzzy,0,1,0,0,0,0
18693,/lander-1,0,0,0,0,0,0
18694,/lander-1,0,0,0,0,0,0
18694,/products,1,0,0,0,0,0
18695,/lander-1,0,0,0,0,0,0
18696,/lander-1,0,0,0,0,0,0
18697,/lander-1,0,0,0,0,0,0
18698,/lander-1,0,0,0,0,0,0
18698,/products,1,0,0,0,0,0
18698,/the-original-mr-fuzzy,0,1,0,0,0,0
18699,/lander-1,0,0,0,0,0,0
18700,/lander-1,0,0,0,0,0,0
18701,/lander-1,0,0,0,0,0,0
18701,/products,1,0,0,0,0,0
18702,/lander-1,0,0,0,0,0,0
18703,/lander-1,0,0,0,0,0,0
18703,/products,1,0,0,0,0,0
18704,/lander-1,0,0,0,0,0,0
18704,/products,1,0,0,0,0,0
18704,/the-original-mr-fuzzy,0,1,0,0,0,0
18704,/cart,0,0,1,0,0,0
18704,/shipping,0,0,0,1,0,0
18704,/billing,0,0,0,0,1,0
18705,/lander-1,0,0,0,0,0,0
18705,/products,1,0,0,0,0,0
18706,/lander-1,0,0,0,0,0,0
18706,/products,1,0,0,0,0,0
18706,/the-original-mr-fuzzy,0,1,0,0,0,0
18707,/lander-1,0,0,0,0,0,0
18707,/products,1,0,0,0,0,0
18707,/the-original-mr-fuzzy,0,1,0,0,0,0
18707,/cart,0,0,1,0,0,0
18708,/lander-1,0,0,0,0,0,0
18709,/lander-1,0,0,0,0,0,0
18710,/lander-1,0,0,0,0,0,0
18711,/lander-1,0,0,0,0,0,0
18712,/lander-1,0,0,0,0,0,0
18712,/products,1,0,0,0,0,0
18713,/lander-1,0,0,0,0,0,0
18713,/products,1,0,0,0,0,0
18714,/lander-1,0,0,0,0,0,0
18715,/lander-1,0,0,0,0,0,0
18716,/lander-1,0,0,0,0,0,0
18717,/lander-1,0,0,0,0,0,0
18717,/products,1,0,0,0,0,0
18718,/lander-1,0,0,0,0,0,0
18719,/lander-1,0,0,0,0,0,0
18719,/products,1,0,0,0,0,0
18719,/the-original-mr-fuzzy,0,1,0,0,0,0
18720,/lander-1,0,0,0,0,0,0
18720,/products,1,0,0,0,0,0
18720,/the-original-mr-fuzzy,0,1,0,0,0,0
18722,/lander-1,0,0,0,0,0,0
18722,/products,1,0,0,0,0,0
18723,/lander-1,0,0,0,0,0,0
18724,/lander-1,0,0,0,0,0,0
18725,/lander-1,0,0,0,0,0,0
18726,/lander-1,0,0,0,0,0,0
18726,/products,1,0,0,0,0,0
18726,/the-original-mr-fuzzy,0,1,0,0,0,0
18727,/lander-1,0,0,0,0,0,0
18727,/products,1,0,0,0,0,0
18728,/lander-1,0,0,0,0,0,0
18729,/lander-1,0,0,0,0,0,0
18729,/products,1,0,0,0,0,0
18729,/the-original-mr-fuzzy,0,1,0,0,0,0
18729,/cart,0,0,1,0,0,0
18729,/shipping,0,0,0,1,0,0
18729,/billing,0,0,0,0,1,0
18729,/thank-you-for-your-order,0,0,0,0,0,1
18730,/lander-1,0,0,0,0,0,0
18732,/lander-1,0,0,0,0,0,0
18734,/lander-1,0,0,0,0,0,0
18734,/products,1,0,0,0,0,0
18734,/the-original-mr-fuzzy,0,1,0,0,0,0
18735,/lander-1,0,0,0,0,0,0
18735,/products,1,0,0,0,0,0
18735,/the-original-mr-fuzzy,0,1,0,0,0,0
18735,/cart,0,0,1,0,0,0
18735,/shipping,0,0,0,1,0,0
18735,/billing,0,0,0,0,1,0
18736,/lander-1,0,0,0,0,0,0
18736,/products,1,0,0,0,0,0
18736,/the-original-mr-fuzzy,0,1,0,0,0,0
18736,/cart,0,0,1,0,0,0
18737,/lander-1,0,0,0,0,0,0
18738,/lander-1,0,0,0,0,0,0
18738,/products,1,0,0,0,0,0
18738,/the-original-mr-fuzzy,0,1,0,0,0,0
18739,/lander-1,0,0,0,0,0,0
18740,/lander-1,0,0,0,0,0,0
18740,/products,1,0,0,0,0,0
18740,/the-original-mr-fuzzy,0,1,0,0,0,0
18741,/lander-1,0,0,0,0,0,0
18743,/lander-1,0,0,0,0,0,0
18743,/products,1,0,0,0,0,0
18743,/the-original-mr-fuzzy,0,1,0,0,0,0
18744,/lander-1,0,0,0,0,0,0
18745,/lander-1,0,0,0,0,0,0
18746,/lander-1,0,0,0,0,0,0
18747,/lander-1,0,0,0,0,0,0
18747,/products,1,0,0,0,0,0
18747,/the-original-mr-fuzzy,0,1,0,0,0,0
18747,/cart,0,0,1,0,0,0
18748,/lander-1,0,0,0,0,0,0
18749,/lander-1,0,0,0,0,0,0
18749,/products,1,0,0,0,0,0
18749,/the-original-mr-fuzzy,0,1,0,0,0,0
18751,/lander-1,0,0,0,0,0,0
18752,/lander-1,0,0,0,0,0,0
18753,/lander-1,0,0,0,0,0,0
18753,/products,1,0,0,0,0,0
18753,/the-original-mr-fuzzy,0,1,0,0,0,0
18754,/lander-1,0,0,0,0,0,0
18754,/products,1,0,0,0,0,0
18755,/lander-1,0,0,0,0,0,0
18756,/lander-1,0,0,0,0,0,0
18757,/lander-1,0,0,0,0,0,0
18757,/products,1,0,0,0,0,0
18757,/the-original-mr-fuzzy,0,1,0,0,0,0
18758,/lander-1,0,0,0,0,0,0
18759,/lander-1,0,0,0,0,0,0
18761,/lander-1,0,0,0,0,0,0
18763,/lander-1,0,0,0,0,0,0
18764,/lander-1,0,0,0,0,0,0
18765,/lander-1,0,0,0,0,0,0
18765,/products,1,0,0,0,0,0
18765,/the-original-mr-fuzzy,0,1,0,0,0,0
18766,/lander-1,0,0,0,0,0,0
18766,/products,1,0,0,0,0,0
18766,/the-original-mr-fuzzy,0,1,0,0,0,0
18768,/lander-1,0,0,0,0,0,0
18768,/products,1,0,0,0,0,0
18768,/the-original-mr-fuzzy,0,1,0,0,0,0
18769,/lander-1,0,0,0,0,0,0
18770,/lander-1,0,0,0,0,0,0
18770,/products,1,0,0,0,0,0
18770,/the-original-mr-fuzzy,0,1,0,0,0,0
18771,/lander-1,0,0,0,0,0,0
18772,/lander-1,0,0,0,0,0,0
18772,/products,1,0,0,0,0,0
18773,/lander-1,0,0,0,0,0,0
18773,/products,1,0,0,0,0,0
18774,/lander-1,0,0,0,0,0,0
18774,/products,1,0,0,0,0,0
18774,/the-original-mr-fuzzy,0,1,0,0,0,0
18777,/lander-1,0,0,0,0,0,0
18777,/products,1,0,0,0,0,0
18777,/the-original-mr-fuzzy,0,1,0,0,0,0
18778,/lander-1,0,0,0,0,0,0
18778,/products,1,0,0,0,0,0
18778,/the-original-mr-fuzzy,0,1,0,0,0,0
18779,/lander-1,0,0,0,0,0,0
18779,/products,1,0,0,0,0,0
18779,/the-original-mr-fuzzy,0,1,0,0,0,0
18780,/lander-1,0,0,0,0,0,0
18781,/lander-1,0,0,0,0,0,0
18782,/lander-1,0,0,0,0,0,0
18783,/lander-1,0,0,0,0,0,0
18784,/lander-1,0,0,0,0,0,0
18784,/products,1,0,0,0,0,0
18784,/the-original-mr-fuzzy,0,1,0,0,0,0
18784,/cart,0,0,1,0,0,0
18784,/shipping,0,0,0,1,0,0
18784,/billing,0,0,0,0,1,0
18785,/lander-1,0,0,0,0,0,0
18785,/products,1,0,0,0,0,0
18788,/lander-1,0,0,0,0,0,0
18788,/products,1,0,0,0,0,0
18788,/the-original-mr-fuzzy,0,1,0,0,0,0
18789,/lander-1,0,0,0,0,0,0
18789,/products,1,0,0,0,0,0
18790,/lander-1,0,0,0,0,0,0
18791,/lander-1,0,0,0,0,0,0
18792,/lander-1,0,0,0,0,0,0
18793,/lander-1,0,0,0,0,0,0
18793,/products,1,0,0,0,0,0
18793,/the-original-mr-fuzzy,0,1,0,0,0,0
18794,/lander-1,0,0,0,0,0,0
18795,/lander-1,0,0,0,0,0,0
18796,/lander-1,0,0,0,0,0,0
18796,/products,1,0,0,0,0,0
18796,/the-original-mr-fuzzy,0,1,0,0,0,0
18796,/cart,0,0,1,0,0,0
18798,/lander-1,0,0,0,0,0,0
18798,/products,1,0,0,0,0,0
18798,/the-original-mr-fuzzy,0,1,0,0,0,0
18799,/lander-1,0,0,0,0,0,0
18800,/lander-1,0,0,0,0,0,0
18800,/products,1,0,0,0,0,0
18800,/the-original-mr-fuzzy,0,1,0,0,0,0
18800,/cart,0,0,1,0,0,0
18800,/shipping,0,0,0,1,0,0
18800,/billing,0,0,0,0,1,0
18800,/thank-you-for-your-order,0,0,0,0,0,1
18801,/lander-1,0,0,0,0,0,0
18802,/lander-1,0,0,0,0,0,0
18803,/lander-1,0,0,0,0,0,0
18805,/lander-1,0,0,0,0,0,0
18806,/lander-1,0,0,0,0,0,0
18806,/products,1,0,0,0,0,0
18806,/the-original-mr-fuzzy,0,1,0,0,0,0
18806,/cart,0,0,1,0,0,0
18807,/lander-1,0,0,0,0,0,0
18808,/lander-1,0,0,0,0,0,0
18809,/lander-1,0,0,0,0,0,0
18809,/products,1,0,0,0,0,0
18810,/lander-1,0,0,0,0,0,0
18810,/products,1,0,0,0,0,0
18810,/the-original-mr-fuzzy,0,1,0,0,0,0
18811,/lander-1,0,0,0,0,0,0
18812,/lander-1,0,0,0,0,0,0
18812,/products,1,0,0,0,0,0
18812,/the-original-mr-fuzzy,0,1,0,0,0,0
18814,/lander-1,0,0,0,0,0,0
18815,/lander-1,0,0,0,0,0,0
18815,/products,1,0,0,0,0,0
18815,/the-original-mr-fuzzy,0,1,0,0,0,0
18816,/lander-1,0,0,0,0,0,0
18817,/lander-1,0,0,0,0,0,0
18817,/products,1,0,0,0,0,0
18818,/lander-1,0,0,0,0,0,0
18818,/products,1,0,0,0,0,0
18818,/the-original-mr-fuzzy,0,1,0,0,0,0
18819,/lander-1,0,0,0,0,0,0
18820,/lander-1,0,0,0,0,0,0
18821,/lander-1,0,0,0,0,0,0
18821,/products,1,0,0,0,0,0
18821,/the-original-mr-fuzzy,0,1,0,0,0,0
18825,/lander-1,0,0,0,0,0,0
18826,/lander-1,0,0,0,0,0,0
18827,/lander-1,0,0,0,0,0,0
18827,/products,1,0,0,0,0,0
18827,/the-original-mr-fuzzy,0,1,0,0,0,0
18828,/lander-1,0,0,0,0,0,0
18829,/lander-1,0,0,0,0,0,0
18830,/lander-1,0,0,0,0,0,0
18830,/products,1,0,0,0,0,0
18830,/the-original-mr-fuzzy,0,1,0,0,0,0
18831,/lander-1,0,0,0,0,0,0
18832,/lander-1,0,0,0,0,0,0
18833,/lander-1,0,0,0,0,0,0
18833,/products,1,0,0,0,0,0
18834,/lander-1,0,0,0,0,0,0
18834,/products,1,0,0,0,0,0
18834,/the-original-mr-fuzzy,0,1,0,0,0,0
18835,/lander-1,0,0,0,0,0,0
18835,/products,1,0,0,0,0,0
18835,/the-original-mr-fuzzy,0,1,0,0,0,0
18835,/cart,0,0,1,0,0,0
18836,/lander-1,0,0,0,0,0,0
18837,/lander-1,0,0,0,0,0,0
18838,/lander-1,0,0,0,0,0,0
18839,/lander-1,0,0,0,0,0,0
18839,/products,1,0,0,0,0,0
18839,/the-original-mr-fuzzy,0,1,0,0,0,0
18839,/cart,0,0,1,0,0,0
18839,/shipping,0,0,0,1,0,0
18839,/billing,0,0,0,0,1,0
18840,/lander-1,0,0,0,0,0,0
18840,/products,1,0,0,0,0,0
18840,/the-original-mr-fuzzy,0,1,0,0,0,0
18841,/lander-1,0,0,0,0,0,0
18843,/lander-1,0,0,0,0,0,0
18843,/products,1,0,0,0,0,0
18843,/the-original-mr-fuzzy,0,1,0,0,0,0
18843,/cart,0,0,1,0,0,0
18843,/shipping,0,0,0,1,0,0
18843,/billing,0,0,0,0,1,0
18843,/thank-you-for-your-order,0,0,0,0,0,1
18844,/lander-1,0,0,0,0,0,0
18845,/lander-1,0,0,0,0,0,0
18845,/products,1,0,0,0,0,0
18846,/lander-1,0,0,0,0,0,0
18847,/lander-1,0,0,0,0,0,0
18847,/products,1,0,0,0,0,0
18847,/the-original-mr-fuzzy,0,1,0,0,0,0
18847,/cart,0,0,1,0,0,0
18847,/shipping,0,0,0,1,0,0
18847,/billing,0,0,0,0,1,0
18848,/lander-1,0,0,0,0,0,0
18849,/lander-1,0,0,0,0,0,0
18850,/lander-1,0,0,0,0,0,0
18850,/products,1,0,0,0,0,0
18852,/lander-1,0,0,0,0,0,0
18852,/products,1,0,0,0,0,0
18852,/the-original-mr-fuzzy,0,1,0,0,0,0
18853,/lander-1,0,0,0,0,0,0
18854,/lander-1,0,0,0,0,0,0
18854,/products,1,0,0,0,0,0
18855,/lander-1,0,0,0,0,0,0
18855,/products,1,0,0,0,0,0
18855,/the-original-mr-fuzzy,0,1,0,0,0,0
18855,/cart,0,0,1,0,0,0
18855,/shipping,0,0,0,1,0,0
18855,/billing,0,0,0,0,1,0
18856,/lander-1,0,0,0,0,0,0
18857,/lander-1,0,0,0,0,0,0
18857,/products,1,0,0,0,0,0
18857,/the-original-mr-fuzzy,0,1,0,0,0,0
18857,/cart,0,0,1,0,0,0
18857,/shipping,0,0,0,1,0,0
18858,/lander-1,0,0,0,0,0,0
18858,/products,1,0,0,0,0,0
18858,/the-original-mr-fuzzy,0,1,0,0,0,0
18859,/lander-1,0,0,0,0,0,0
18860,/lander-1,0,0,0,0,0,0
18861,/lander-1,0,0,0,0,0,0
18862,/lander-1,0,0,0,0,0,0
18863,/lander-1,0,0,0,0,0,0
18864,/lander-1,0,0,0,0,0,0
18864,/products,1,0,0,0,0,0
18865,/lander-1,0,0,0,0,0,0
18866,/lander-1,0,0,0,0,0,0
18867,/lander-1,0,0,0,0,0,0
18867,/products,1,0,0,0,0,0
18867,/the-original-mr-fuzzy,0,1,0,0,0,0
18867,/cart,0,0,1,0,0,0
18867,/shipping,0,0,0,1,0,0
18867,/billing,0,0,0,0,1,0
18867,/thank-you-for-your-order,0,0,0,0,0,1
18868,/lander-1,0,0,0,0,0,0
18868,/products,1,0,0,0,0,0
18868,/the-original-mr-fuzzy,0,1,0,0,0,0
18869,/lander-1,0,0,0,0,0,0
18871,/lander-1,0,0,0,0,0,0
18872,/lander-1,0,0,0,0,0,0
18872,/products,1,0,0,0,0,0
18872,/the-original-mr-fuzzy,0,1,0,0,0,0
18872,/cart,0,0,1,0,0,0
18872,/shipping,0,0,0,1,0,0
18872,/billing,0,0,0,0,1,0
18872,/thank-you-for-your-order,0,0,0,0,0,1
18873,/lander-1,0,0,0,0,0,0
18873,/products,1,0,0,0,0,0
18874,/lander-1,0,0,0,0,0,0
18875,/lander-1,0,0,0,0,0,0
18877,/lander-1,0,0,0,0,0,0
18878,/lander-1,0,0,0,0,0,0
18878,/products,1,0,0,0,0,0
18879,/lander-1,0,0,0,0,0,0
18879,/products,1,0,0,0,0,0
18881,/lander-1,0,0,0,0,0,0
18881,/products,1,0,0,0,0,0
18882,/lander-1,0,0,0,0,0,0
18883,/lander-1,0,0,0,0,0,0
18883,/products,1,0,0,0,0,0
18883,/the-original-mr-fuzzy,0,1,0,0,0,0
18883,/cart,0,0,1,0,0,0
18884,/lander-1,0,0,0,0,0,0
18884,/products,1,0,0,0,0,0
18884,/the-original-mr-fuzzy,0,1,0,0,0,0
18884,/cart,0,0,1,0,0,0
18884,/shipping,0,0,0,1,0,0
18884,/billing,0,0,0,0,1,0
18884,/thank-you-for-your-order,0,0,0,0,0,1
18885,/lander-1,0,0,0,0,0,0
18886,/lander-1,0,0,0,0,0,0
18887,/lander-1,0,0,0,0,0,0
18887,/products,1,0,0,0,0,0
18887,/the-original-mr-fuzzy,0,1,0,0,0,0
18887,/cart,0,0,1,0,0,0
18887,/shipping,0,0,0,1,0,0
18887,/billing,0,0,0,0,1,0
18888,/lander-1,0,0,0,0,0,0
18888,/products,1,0,0,0,0,0
18888,/the-original-mr-fuzzy,0,1,0,0,0,0
18889,/lander-1,0,0,0,0,0,0
18889,/products,1,0,0,0,0,0
18889,/the-original-mr-fuzzy,0,1,0,0,0,0
18891,/lander-1,0,0,0,0,0,0
18891,/products,1,0,0,0,0,0
18891,/the-original-mr-fuzzy,0,1,0,0,0,0
18891,/cart,0,0,1,0,0,0
18891,/shipping,0,0,0,1,0,0
18891,/billing,0,0,0,0,1,0
18891,/thank-you-for-your-order,0,0,0,0,0,1
18892,/lander-1,0,0,0,0,0,0
18893,/lander-1,0,0,0,0,0,0
18894,/lander-1,0,0,0,0,0,0
18895,/lander-1,0,0,0,0,0,0
18895,/products,1,0,0,0,0,0
18895,/the-original-mr-fuzzy,0,1,0,0,0,0
18896,/lander-1,0,0,0,0,0,0
18896,/products,1,0,0,0,0,0
18896,/the-original-mr-fuzzy,0,1,0,0,0,0
18897,/lander-1,0,0,0,0,0,0
18898,/lander-1,0,0,0,0,0,0
18899,/lander-1,0,0,0,0,0,0
18900,/lander-1,0,0,0,0,0,0
18901,/lander-1,0,0,0,0,0,0
18902,/lander-1,0,0,0,0,0,0
18902,/products,1,0,0,0,0,0
18903,/lander-1,0,0,0,0,0,0
18904,/lander-1,0,0,0,0,0,0
18905,/lander-1,0,0,0,0,0,0
18905,/products,1,0,0,0,0,0
18905,/the-original-mr-fuzzy,0,1,0,0,0,0
18906,/lander-1,0,0,0,0,0,0
18906,/products,1,0,0,0,0,0
18907,/lander-1,0,0,0,0,0,0
18908,/lander-1,0,0,0,0,0,0
18909,/lander-1,0,0,0,0,0,0
18909,/products,1,0,0,0,0,0
18909,/the-original-mr-fuzzy,0,1,0,0,0,0
18909,/cart,0,0,1,0,0,0
18909,/shipping,0,0,0,1,0,0
18909,/billing,0,0,0,0,1,0
18909,/thank-you-for-your-order,0,0,0,0,0,1
18910,/lander-1,0,0,0,0,0,0
18910,/products,1,0,0,0,0,0
18910,/the-original-mr-fuzzy,0,1,0,0,0,0
18912,/lander-1,0,0,0,0,0,0
18912,/products,1,0,0,0,0,0
18912,/the-original-mr-fuzzy,0,1,0,0,0,0
18913,/lander-1,0,0,0,0,0,0
18914,/lander-1,0,0,0,0,0,0
18914,/products,1,0,0,0,0,0
18915,/lander-1,0,0,0,0,0,0
18915,/products,1,0,0,0,0,0
18916,/lander-1,0,0,0,0,0,0
18917,/lander-1,0,0,0,0,0,0
18918,/lander-1,0,0,0,0,0,0
18918,/products,1,0,0,0,0,0
18918,/the-original-mr-fuzzy,0,1,0,0,0,0
18918,/cart,0,0,1,0,0,0
18918,/shipping,0,0,0,1,0,0
18918,/billing,0,0,0,0,1,0
18921,/lander-1,0,0,0,0,0,0
18922,/lander-1,0,0,0,0,0,0
18925,/lander-1,0,0,0,0,0,0
18925,/products,1,0,0,0,0,0
18925,/the-original-mr-fuzzy,0,1,0,0,0,0
18925,/cart,0,0,1,0,0,0
18926,/lander-1,0,0,0,0,0,0
18927,/lander-1,0,0,0,0,0,0
18928,/lander-1,0,0,0,0,0,0
18928,/products,1,0,0,0,0,0
18928,/the-original-mr-fuzzy,0,1,0,0,0,0
18929,/lander-1,0,0,0,0,0,0
18930,/lander-1,0,0,0,0,0,0
18931,/lander-1,0,0,0,0,0,0
18931,/products,1,0,0,0,0,0
18932,/lander-1,0,0,0,0,0,0
18932,/products,1,0,0,0,0,0
18932,/the-original-mr-fuzzy,0,1,0,0,0,0
18933,/lander-1,0,0,0,0,0,0
18933,/products,1,0,0,0,0,0
18933,/the-original-mr-fuzzy,0,1,0,0,0,0
18934,/lander-1,0,0,0,0,0,0
18934,/products,1,0,0,0,0,0
18934,/the-original-mr-fuzzy,0,1,0,0,0,0
18934,/cart,0,0,1,0,0,0
18935,/lander-1,0,0,0,0,0,0
18936,/lander-1,0,0,0,0,0,0
18937,/lander-1,0,0,0,0,0,0
18937,/products,1,0,0,0,0,0
18937,/the-original-mr-fuzzy,0,1,0,0,0,0
18938,/lander-1,0,0,0,0,0,0
18938,/products,1,0,0,0,0,0
18939,/lander-1,0,0,0,0,0,0
18939,/products,1,0,0,0,0,0
18939,/the-original-mr-fuzzy,0,1,0,0,0,0
18939,/cart,0,0,1,0,0,0
18939,/shipping,0,0,0,1,0,0
18939,/billing,0,0,0,0,1,0
18941,/lander-1,0,0,0,0,0,0
18941,/products,1,0,0,0,0,0
18941,/the-original-mr-fuzzy,0,1,0,0,0,0
18941,/cart,0,0,1,0,0,0
18941,/shipping,0,0,0,1,0,0
18941,/billing,0,0,0,0,1,0
18941,/thank-you-for-your-order,0,0,0,0,0,1
18942,/lander-1,0,0,0,0,0,0
18943,/lander-1,0,0,0,0,0,0
18944,/lander-1,0,0,0,0,0,0
18945,/lander-1,0,0,0,0,0,0
18946,/lander-1,0,0,0,0,0,0
18947,/lander-1,0,0,0,0,0,0
18947,/products,1,0,0,0,0,0
18947,/the-original-mr-fuzzy,0,1,0,0,0,0
18947,/cart,0,0,1,0,0,0
18947,/shipping,0,0,0,1,0,0
18949,/lander-1,0,0,0,0,0,0
18949,/products,1,0,0,0,0,0
18949,/the-original-mr-fuzzy,0,1,0,0,0,0
18951,/lander-1,0,0,0,0,0,0
18951,/products,1,0,0,0,0,0
18951,/the-original-mr-fuzzy,0,1,0,0,0,0
18953,/lander-1,0,0,0,0,0,0
18954,/lander-1,0,0,0,0,0,0
18955,/lander-1,0,0,0,0,0,0
18955,/products,1,0,0,0,0,0
18956,/lander-1,0,0,0,0,0,0
18956,/products,1,0,0,0,0,0
18956,/the-original-mr-fuzzy,0,1,0,0,0,0
18956,/cart,0,0,1,0,0,0
18956,/shipping,0,0,0,1,0,0
18956,/billing,0,0,0,0,1,0
18956,/thank-you-for-your-order,0,0,0,0,0,1
18957,/lander-1,0,0,0,0,0,0
18958,/lander-1,0,0,0,0,0,0
18958,/products,1,0,0,0,0,0
18958,/the-original-mr-fuzzy,0,1,0,0,0,0
18959,/lander-1,0,0,0,0,0,0
18960,/lander-1,0,0,0,0,0,0
18961,/lander-1,0,0,0,0,0,0
18961,/products,1,0,0,0,0,0
18961,/the-original-mr-fuzzy,0,1,0,0,0,0
18961,/cart,0,0,1,0,0,0
18961,/shipping,0,0,0,1,0,0
18961,/billing,0,0,0,0,1,0
18961,/thank-you-for-your-order,0,0,0,0,0,1
18962,/lander-1,0,0,0,0,0,0
18962,/products,1,0,0,0,0,0
18962,/the-original-mr-fuzzy,0,1,0,0,0,0
18962,/cart,0,0,1,0,0,0
18962,/shipping,0,0,0,1,0,0
18962,/billing,0,0,0,0,1,0
18964,/lander-1,0,0,0,0,0,0
18964,/products,1,0,0,0,0,0
18964,/the-original-mr-fuzzy,0,1,0,0,0,0
18966,/lander-1,0,0,0,0,0,0
18966,/products,1,0,0,0,0,0
18966,/the-original-mr-fuzzy,0,1,0,0,0,0
18967,/lander-1,0,0,0,0,0,0
18967,/products,1,0,0,0,0,0
18967,/the-original-mr-fuzzy,0,1,0,0,0,0
18968,/lander-1,0,0,0,0,0,0
18969,/lander-1,0,0,0,0,0,0
18970,/lander-1,0,0,0,0,0,0
18970,/products,1,0,0,0,0,0
18970,/the-original-mr-fuzzy,0,1,0,0,0,0
18971,/lander-1,0,0,0,0,0,0
18972,/lander-1,0,0,0,0,0,0
18972,/products,1,0,0,0,0,0
18972,/the-original-mr-fuzzy,0,1,0,0,0,0
18973,/lander-1,0,0,0,0,0,0
18973,/products,1,0,0,0,0,0
18973,/the-original-mr-fuzzy,0,1,0,0,0,0
18974,/lander-1,0,0,0,0,0,0
18975,/lander-1,0,0,0,0,0,0
18975,/products,1,0,0,0,0,0
18975,/the-original-mr-fuzzy,0,1,0,0,0,0
18975,/cart,0,0,1,0,0,0
18975,/shipping,0,0,0,1,0,0
18975,/billing,0,0,0,0,1,0
18975,/thank-you-for-your-order,0,0,0,0,0,1
18976,/lander-1,0,0,0,0,0,0
18977,/lander-1,0,0,0,0,0,0
18977,/products,1,0,0,0,0,0
18977,/the-original-mr-fuzzy,0,1,0,0,0,0
18977,/cart,0,0,1,0,0,0
18977,/shipping,0,0,0,1,0,0
18977,/billing,0,0,0,0,1,0
18977,/thank-you-for-your-order,0,0,0,0,0,1
18978,/lander-1,0,0,0,0,0,0
18979,/lander-1,0,0,0,0,0,0
18979,/products,1,0,0,0,0,0
18979,/the-original-mr-fuzzy,0,1,0,0,0,0
18979,/cart,0,0,1,0,0,0
18980,/lander-1,0,0,0,0,0,0
18980,/products,1,0,0,0,0,0
18980,/the-original-mr-fuzzy,0,1,0,0,0,0
18981,/lander-1,0,0,0,0,0,0
18981,/products,1,0,0,0,0,0
18981,/the-original-mr-fuzzy,0,1,0,0,0,0
18982,/lander-1,0,0,0,0,0,0
18982,/products,1,0,0,0,0,0
18982,/the-original-mr-fuzzy,0,1,0,0,0,0
18983,/lander-1,0,0,0,0,0,0
18983,/products,1,0,0,0,0,0
18983,/the-original-mr-fuzzy,0,1,0,0,0,0
18983,/cart,0,0,1,0,0,0
18983,/shipping,0,0,0,1,0,0
18983,/billing,0,0,0,0,1,0
18983,/thank-you-for-your-order,0,0,0,0,0,1
18984,/lander-1,0,0,0,0,0,0
18984,/products,1,0,0,0,0,0
18984,/the-original-mr-fuzzy,0,1,0,0,0,0
18984,/cart,0,0,1,0,0,0
18984,/shipping,0,0,0,1,0,0
18984,/billing,0,0,0,0,1,0
18985,/lander-1,0,0,0,0,0,0
18985,/products,1,0,0,0,0,0
18985,/the-original-mr-fuzzy,0,1,0,0,0,0
18986,/lander-1,0,0,0,0,0,0
18987,/lander-1,0,0,0,0,0,0
18987,/products,1,0,0,0,0,0
18987,/the-original-mr-fuzzy,0,1,0,0,0,0
18988,/lander-1,0,0,0,0,0,0
18989,/lander-1,0,0,0,0,0,0
18989,/products,1,0,0,0,0,0
18989,/the-original-mr-fuzzy,0,1,0,0,0,0
18990,/lander-1,0,0,0,0,0,0
18991,/lander-1,0,0,0,0,0,0
18992,/lander-1,0,0,0,0,0,0
18992,/products,1,0,0,0,0,0
18992,/the-original-mr-fuzzy,0,1,0,0,0,0
18992,/cart,0,0,1,0,0,0
18993,/lander-1,0,0,0,0,0,0
18994,/lander-1,0,0,0,0,0,0
18994,/products,1,0,0,0,0,0
18994,/the-original-mr-fuzzy,0,1,0,0,0,0
18994,/cart,0,0,1,0,0,0
18994,/shipping,0,0,0,1,0,0
18994,/billing,0,0,0,0,1,0
18995,/lander-1,0,0,0,0,0,0
18995,/products,1,0,0,0,0,0
18996,/lander-1,0,0,0,0,0,0
18996,/products,1,0,0,0,0,0
18996,/the-original-mr-fuzzy,0,1,0,0,0,0
18996,/cart,0,0,1,0,0,0
18996,/shipping,0,0,0,1,0,0
18996,/billing,0,0,0,0,1,0
18997,/lander-1,0,0,0,0,0,0
18997,/products,1,0,0,0,0,0
18998,/lander-1,0,0,0,0,0,0
18999,/lander-1,0,0,0,0,0,0
19000,/lander-1,0,0,0,0,0,0
19000,/products,1,0,0,0,0,0
19000,/the-original-mr-fuzzy,0,1,0,0,0,0
19000,/cart,0,0,1,0,0,0
19000,/shipping,0,0,0,1,0,0
19000,/billing,0,0,0,0,1,0
19001,/lander-1,0,0,0,0,0,0
19001,/products,1,0,0,0,0,0
19001,/the-original-mr-fuzzy,0,1,0,0,0,0
19002,/lander-1,0,0,0,0,0,0
19003,/lander-1,0,0,0,0,0,0
19004,/lander-1,0,0,0,0,0,0
19005,/lander-1,0,0,0,0,0,0
19005,/products,1,0,0,0,0,0
19006,/lander-1,0,0,0,0,0,0
19007,/lander-1,0,0,0,0,0,0
19008,/lander-1,0,0,0,0,0,0
19008,/products,1,0,0,0,0,0
19008,/the-original-mr-fuzzy,0,1,0,0,0,0
19008,/cart,0,0,1,0,0,0
19008,/shipping,0,0,0,1,0,0
19008,/billing,0,0,0,0,1,0
19009,/lander-1,0,0,0,0,0,0
19010,/lander-1,0,0,0,0,0,0
19011,/lander-1,0,0,0,0,0,0
19012,/lander-1,0,0,0,0,0,0
19013,/lander-1,0,0,0,0,0,0
19013,/products,1,0,0,0,0,0
19015,/lander-1,0,0,0,0,0,0
19015,/products,1,0,0,0,0,0
19016,/lander-1,0,0,0,0,0,0
19019,/lander-1,0,0,0,0,0,0
19019,/products,1,0,0,0,0,0
19019,/the-original-mr-fuzzy,0,1,0,0,0,0
19019,/cart,0,0,1,0,0,0
19020,/lander-1,0,0,0,0,0,0
19021,/lander-1,0,0,0,0,0,0
19022,/lander-1,0,0,0,0,0,0
19022,/products,1,0,0,0,0,0
19022,/the-original-mr-fuzzy,0,1,0,0,0,0
19023,/lander-1,0,0,0,0,0,0
19023,/products,1,0,0,0,0,0
19023,/the-original-mr-fuzzy,0,1,0,0,0,0
19025,/lander-1,0,0,0,0,0,0
19026,/lander-1,0,0,0,0,0,0
19026,/products,1,0,0,0,0,0
19026,/the-original-mr-fuzzy,0,1,0,0,0,0
19028,/lander-1,0,0,0,0,0,0
19028,/products,1,0,0,0,0,0
19030,/lander-1,0,0,0,0,0,0
19030,/products,1,0,0,0,0,0
19031,/lander-1,0,0,0,0,0,0
19031,/products,1,0,0,0,0,0
19031,/the-original-mr-fuzzy,0,1,0,0,0,0
19031,/cart,0,0,1,0,0,0
19034,/lander-1,0,0,0,0,0,0
19034,/products,1,0,0,0,0,0
19034,/the-original-mr-fuzzy,0,1,0,0,0,0
19034,/cart,0,0,1,0,0,0
19034,/shipping,0,0,0,1,0,0
19034,/billing,0,0,0,0,1,0
19035,/lander-1,0,0,0,0,0,0
19035,/products,1,0,0,0,0,0
19035,/the-original-mr-fuzzy,0,1,0,0,0,0
19036,/lander-1,0,0,0,0,0,0
19037,/lander-1,0,0,0,0,0,0
19037,/products,1,0,0,0,0,0
19037,/the-original-mr-fuzzy,0,1,0,0,0,0
19037,/cart,0,0,1,0,0,0
19037,/shipping,0,0,0,1,0,0
19037,/billing,0,0,0,0,1,0
19037,/thank-you-for-your-order,0,0,0,0,0,1
19039,/lander-1,0,0,0,0,0,0
19039,/products,1,0,0,0,0,0
19039,/the-original-mr-fuzzy,0,1,0,0,0,0
19039,/cart,0,0,1,0,0,0
19039,/shipping,0,0,0,1,0,0
19039,/billing,0,0,0,0,1,0
19039,/thank-you-for-your-order,0,0,0,0,0,1
19040,/lander-1,0,0,0,0,0,0
19041,/lander-1,0,0,0,0,0,0
19041,/products,1,0,0,0,0,0
19041,/the-original-mr-fuzzy,0,1,0,0,0,0
19042,/lander-1,0,0,0,0,0,0
19043,/lander-1,0,0,0,0,0,0
19045,/lander-1,0,0,0,0,0,0
19045,/products,1,0,0,0,0,0
19045,/the-original-mr-fuzzy,0,1,0,0,0,0
19046,/lander-1,0,0,0,0,0,0
19046,/products,1,0,0,0,0,0
19046,/the-original-mr-fuzzy,0,1,0,0,0,0
19048,/lander-1,0,0,0,0,0,0
19050,/lander-1,0,0,0,0,0,0
19050,/products,1,0,0,0,0,0
19050,/the-original-mr-fuzzy,0,1,0,0,0,0
19051,/lander-1,0,0,0,0,0,0
19052,/lander-1,0,0,0,0,0,0
19053,/lander-1,0,0,0,0,0,0
19053,/products,1,0,0,0,0,0
19053,/the-original-mr-fuzzy,0,1,0,0,0,0
19053,/cart,0,0,1,0,0,0
19053,/shipping,0,0,0,1,0,0
19053,/billing,0,0,0,0,1,0
19053,/thank-you-for-your-order,0,0,0,0,0,1
19054,/lander-1,0,0,0,0,0,0
19055,/lander-1,0,0,0,0,0,0
19056,/lander-1,0,0,0,0,0,0
19057,/lander-1,0,0,0,0,0,0
19059,/lander-1,0,0,0,0,0,0
19060,/lander-1,0,0,0,0,0,0
19061,/lander-1,0,0,0,0,0,0
19061,/products,1,0,0,0,0,0
19062,/lander-1,0,0,0,0,0,0
19063,/lander-1,0,0,0,0,0,0
19064,/lander-1,0,0,0,0,0,0
19064,/products,1,0,0,0,0,0
19064,/the-original-mr-fuzzy,0,1,0,0,0,0
19065,/lander-1,0,0,0,0,0,0
19066,/lander-1,0,0,0,0,0,0
19068,/lander-1,0,0,0,0,0,0
19068,/products,1,0,0,0,0,0
19068,/the-original-mr-fuzzy,0,1,0,0,0,0
19068,/cart,0,0,1,0,0,0
19068,/shipping,0,0,0,1,0,0
19068,/billing,0,0,0,0,1,0
19068,/thank-you-for-your-order,0,0,0,0,0,1
19069,/lander-1,0,0,0,0,0,0
19069,/products,1,0,0,0,0,0
19069,/the-original-mr-fuzzy,0,1,0,0,0,0
19070,/lander-1,0,0,0,0,0,0
19071,/lander-1,0,0,0,0,0,0
19071,/products,1,0,0,0,0,0
19072,/lander-1,0,0,0,0,0,0
19073,/lander-1,0,0,0,0,0,0
19075,/lander-1,0,0,0,0,0,0
19075,/products,1,0,0,0,0,0
19076,/lander-1,0,0,0,0,0,0
19076,/products,1,0,0,0,0,0
19076,/the-original-mr-fuzzy,0,1,0,0,0,0
19077,/lander-1,0,0,0,0,0,0
19078,/lander-1,0,0,0,0,0,0
19079,/lander-1,0,0,0,0,0,0
19080,/lander-1,0,0,0,0,0,0
19081,/lander-1,0,0,0,0,0,0
19081,/products,1,0,0,0,0,0
19081,/the-original-mr-fuzzy,0,1,0,0,0,0
19082,/lander-1,0,0,0,0,0,0
19083,/lander-1,0,0,0,0,0,0
19083,/products,1,0,0,0,0,0
19083,/the-original-mr-fuzzy,0,1,0,0,0,0
19084,/lander-1,0,0,0,0,0,0
19085,/lander-1,0,0,0,0,0,0
19086,/lander-1,0,0,0,0,0,0
19086,/products,1,0,0,0,0,0
19086,/the-original-mr-fuzzy,0,1,0,0,0,0
19086,/cart,0,0,1,0,0,0
19086,/shipping,0,0,0,1,0,0
19086,/billing,0,0,0,0,1,0
19086,/thank-you-for-your-order,0,0,0,0,0,1
19087,/lander-1,0,0,0,0,0,0
19087,/products,1,0,0,0,0,0
19088,/lander-1,0,0,0,0,0,0
19089,/lander-1,0,0,0,0,0,0
19089,/products,1,0,0,0,0,0
19089,/the-original-mr-fuzzy,0,1,0,0,0,0
19089,/cart,0,0,1,0,0,0
19090,/lander-1,0,0,0,0,0,0
19091,/lander-1,0,0,0,0,0,0
19091,/products,1,0,0,0,0,0
19091,/the-original-mr-fuzzy,0,1,0,0,0,0
19091,/cart,0,0,1,0,0,0
19091,/shipping,0,0,0,1,0,0
19091,/billing,0,0,0,0,1,0
19091,/thank-you-for-your-order,0,0,0,0,0,1
19092,/lander-1,0,0,0,0,0,0
19092,/products,1,0,0,0,0,0
19092,/the-original-mr-fuzzy,0,1,0,0,0,0
19093,/lander-1,0,0,0,0,0,0
19096,/lander-1,0,0,0,0,0,0
19096,/products,1,0,0,0,0,0
19096,/the-original-mr-fuzzy,0,1,0,0,0,0
19096,/cart,0,0,1,0,0,0
19096,/shipping,0,0,0,1,0,0
19097,/lander-1,0,0,0,0,0,0
19097,/products,1,0,0,0,0,0
19097,/the-original-mr-fuzzy,0,1,0,0,0,0
19097,/cart,0,0,1,0,0,0
19098,/lander-1,0,0,0,0,0,0
19100,/lander-1,0,0,0,0,0,0
19101,/lander-1,0,0,0,0,0,0
19101,/products,1,0,0,0,0,0
19101,/the-original-mr-fuzzy,0,1,0,0,0,0
19101,/cart,0,0,1,0,0,0
19101,/shipping,0,0,0,1,0,0
19101,/billing,0,0,0,0,1,0
19101,/thank-you-for-your-order,0,0,0,0,0,1
19102,/lander-1,0,0,0,0,0,0
19102,/products,1,0,0,0,0,0
19103,/lander-1,0,0,0,0,0,0
19103,/products,1,0,0,0,0,0
19104,/lander-1,0,0,0,0,0,0
19104,/products,1,0,0,0,0,0
19104,/the-original-mr-fuzzy,0,1,0,0,0,0
19104,/cart,0,0,1,0,0,0
19104,/shipping,0,0,0,1,0,0
19104,/billing,0,0,0,0,1,0
19105,/lander-1,0,0,0,0,0,0
19107,/lander-1,0,0,0,0,0,0
19107,/products,1,0,0,0,0,0
19108,/lander-1,0,0,0,0,0,0
19109,/lander-1,0,0,0,0,0,0
19110,/lander-1,0,0,0,0,0,0
19111,/lander-1,0,0,0,0,0,0
19112,/lander-1,0,0,0,0,0,0
19112,/products,1,0,0,0,0,0
19113,/lander-1,0,0,0,0,0,0
19113,/products,1,0,0,0,0,0
19113,/the-original-mr-fuzzy,0,1,0,0,0,0
19113,/cart,0,0,1,0,0,0
19113,/shipping,0,0,0,1,0,0
19114,/lander-1,0,0,0,0,0,0
19115,/lander-1,0,0,0,0,0,0
19115,/products,1,0,0,0,0,0
19115,/the-original-mr-fuzzy,0,1,0,0,0,0
19116,/lander-1,0,0,0,0,0,0
19116,/products,1,0,0,0,0,0
19117,/lander-1,0,0,0,0,0,0
19118,/lander-1,0,0,0,0,0,0
19119,/lander-1,0,0,0,0,0,0
19120,/lander-1,0,0,0,0,0,0
19121,/lander-1,0,0,0,0,0,0
19122,/lander-1,0,0,0,0,0,0
19122,/products,1,0,0,0,0,0
19122,/the-original-mr-fuzzy,0,1,0,0,0,0
19123,/lander-1,0,0,0,0,0,0
19123,/products,1,0,0,0,0,0
19123,/the-original-mr-fuzzy,0,1,0,0,0,0
19124,/lander-1,0,0,0,0,0,0
19125,/lander-1,0,0,0,0,0,0
19126,/lander-1,0,0,0,0,0,0
19127,/lander-1,0,0,0,0,0,0
19128,/lander-1,0,0,0,0,0,0
19129,/lander-1,0,0,0,0,0,0
19129,/products,1,0,0,0,0,0
19129,/the-original-mr-fuzzy,0,1,0,0,0,0
19130,/lander-1,0,0,0,0,0,0
19130,/products,1,0,0,0,0,0
19130,/the-original-mr-fuzzy,0,1,0,0,0,0
19131,/lander-1,0,0,0,0,0,0
19132,/lander-1,0,0,0,0,0,0
19133,/lander-1,0,0,0,0,0,0
19134,/lander-1,0,0,0,0,0,0
19134,/products,1,0,0,0,0,0
19134,/the-original-mr-fuzzy,0,1,0,0,0,0
19134,/cart,0,0,1,0,0,0
19134,/shipping,0,0,0,1,0,0
19135,/lander-1,0,0,0,0,0,0
19136,/lander-1,0,0,0,0,0,0
19137,/lander-1,0,0,0,0,0,0
19138,/lander-1,0,0,0,0,0,0
19139,/lander-1,0,0,0,0,0,0
19139,/products,1,0,0,0,0,0
19139,/the-original-mr-fuzzy,0,1,0,0,0,0
19140,/lander-1,0,0,0,0,0,0
19140,/products,1,0,0,0,0,0
19140,/the-original-mr-fuzzy,0,1,0,0,0,0
19140,/cart,0,0,1,0,0,0
19141,/lander-1,0,0,0,0,0,0
19142,/lander-1,0,0,0,0,0,0
19143,/lander-1,0,0,0,0,0,0
19144,/lander-1,0,0,0,0,0,0
19144,/products,1,0,0,0,0,0
19145,/lander-1,0,0,0,0,0,0
19146,/lander-1,0,0,0,0,0,0
19147,/lander-1,0,0,0,0,0,0
19151,/lander-1,0,0,0,0,0,0
19152,/lander-1,0,0,0,0,0,0
19153,/lander-1,0,0,0,0,0,0
19153,/products,1,0,0,0,0,0
19154,/lander-1,0,0,0,0,0,0
19154,/products,1,0,0,0,0,0
19154,/the-original-mr-fuzzy,0,1,0,0,0,0
19155,/lander-1,0,0,0,0,0,0
19155,/products,1,0,0,0,0,0
19155,/the-original-mr-fuzzy,0,1,0,0,0,0
19157,/lander-1,0,0,0,0,0,0
19158,/lander-1,0,0,0,0,0,0
19158,/products,1,0,0,0,0,0
19158,/the-original-mr-fuzzy,0,1,0,0,0,0
19159,/lander-1,0,0,0,0,0,0
19159,/products,1,0,0,0,0,0
19159,/the-original-mr-fuzzy,0,1,0,0,0,0
19161,/lander-1,0,0,0,0,0,0
19162,/lander-1,0,0,0,0,0,0
19162,/products,1,0,0,0,0,0
19163,/lander-1,0,0,0,0,0,0
19163,/products,1,0,0,0,0,0
19164,/lander-1,0,0,0,0,0,0
19164,/products,1,0,0,0,0,0
19165,/lander-1,0,0,0,0,0,0
19166,/lander-1,0,0,0,0,0,0
19167,/lander-1,0,0,0,0,0,0
19167,/products,1,0,0,0,0,0
19167,/the-original-mr-fuzzy,0,1,0,0,0,0
19167,/cart,0,0,1,0,0,0
19168,/lander-1,0,0,0,0,0,0
19169,/lander-1,0,0,0,0,0,0
19171,/lander-1,0,0,0,0,0,0
19171,/products,1,0,0,0,0,0
19171,/the-original-mr-fuzzy,0,1,0,0,0,0
19172,/lander-1,0,0,0,0,0,0
19173,/lander-1,0,0,0,0,0,0
19174,/lander-1,0,0,0,0,0,0
19174,/products,1,0,0,0,0,0
19174,/the-original-mr-fuzzy,0,1,0,0,0,0
19175,/lander-1,0,0,0,0,0,0
19175,/products,1,0,0,0,0,0
19175,/the-original-mr-fuzzy,0,1,0,0,0,0
19175,/cart,0,0,1,0,0,0
19175,/shipping,0,0,0,1,0,0
19175,/billing,0,0,0,0,1,0
19175,/thank-you-for-your-order,0,0,0,0,0,1
19176,/lander-1,0,0,0,0,0,0
19177,/lander-1,0,0,0,0,0,0
19177,/products,1,0,0,0,0,0
19177,/the-original-mr-fuzzy,0,1,0,0,0,0
19178,/lander-1,0,0,0,0,0,0
19179,/lander-1,0,0,0,0,0,0
19180,/lander-1,0,0,0,0,0,0
19181,/lander-1,0,0,0,0,0,0
19182,/lander-1,0,0,0,0,0,0
19182,/products,1,0,0,0,0,0
19182,/the-original-mr-fuzzy,0,1,0,0,0,0
19182,/cart,0,0,1,0,0,0
19183,/lander-1,0,0,0,0,0,0
19184,/lander-1,0,0,0,0,0,0
19185,/lander-1,0,0,0,0,0,0
19186,/lander-1,0,0,0,0,0,0
19187,/lander-1,0,0,0,0,0,0
19188,/lander-1,0,0,0,0,0,0
19188,/products,1,0,0,0,0,0
19189,/lander-1,0,0,0,0,0,0
19190,/lander-1,0,0,0,0,0,0
19191,/lander-1,0,0,0,0,0,0
19192,/lander-1,0,0,0,0,0,0
19192,/products,1,0,0,0,0,0
19192,/the-original-mr-fuzzy,0,1,0,0,0,0
19192,/cart,0,0,1,0,0,0
19192,/shipping,0,0,0,1,0,0
19193,/lander-1,0,0,0,0,0,0
19193,/products,1,0,0,0,0,0
19193,/the-original-mr-fuzzy,0,1,0,0,0,0
19193,/cart,0,0,1,0,0,0
19194,/lander-1,0,0,0,0,0,0
19195,/lander-1,0,0,0,0,0,0
19195,/products,1,0,0,0,0,0
19195,/the-original-mr-fuzzy,0,1,0,0,0,0
19196,/lander-1,0,0,0,0,0,0
19196,/products,1,0,0,0,0,0
19196,/the-original-mr-fuzzy,0,1,0,0,0,0
19197,/lander-1,0,0,0,0,0,0
19197,/products,1,0,0,0,0,0
19197,/the-original-mr-fuzzy,0,1,0,0,0,0
19198,/lander-1,0,0,0,0,0,0
19199,/lander-1,0,0,0,0,0,0
19199,/products,1,0,0,0,0,0
19199,/the-original-mr-fuzzy,0,1,0,0,0,0
19200,/lander-1,0,0,0,0,0,0
19200,/products,1,0,0,0,0,0
19200,/the-original-mr-fuzzy,0,1,0,0,0,0
19200,/cart,0,0,1,0,0,0
19200,/shipping,0,0,0,1,0,0
19201,/lander-1,0,0,0,0,0,0
19201,/products,1,0,0,0,0,0
19201,/the-original-mr-fuzzy,0,1,0,0,0,0
19202,/lander-1,0,0,0,0,0,0
19203,/lander-1,0,0,0,0,0,0
19204,/lander-1,0,0,0,0,0,0
19205,/lander-1,0,0,0,0,0,0
19206,/lander-1,0,0,0,0,0,0
19206,/products,1,0,0,0,0,0
19206,/the-original-mr-fuzzy,0,1,0,0,0,0
19206,/cart,0,0,1,0,0,0
19207,/lander-1,0,0,0,0,0,0
19207,/products,1,0,0,0,0,0
19207,/the-original-mr-fuzzy,0,1,0,0,0,0
19207,/cart,0,0,1,0,0,0
19208,/lander-1,0,0,0,0,0,0
19209,/lander-1,0,0,0,0,0,0
19210,/lander-1,0,0,0,0,0,0
19211,/lander-1,0,0,0,0,0,0
19212,/lander-1,0,0,0,0,0,0
19212,/products,1,0,0,0,0,0
19212,/the-original-mr-fuzzy,0,1,0,0,0,0
19214,/lander-1,0,0,0,0,0,0
19214,/products,1,0,0,0,0,0
19214,/the-original-mr-fuzzy,0,1,0,0,0,0
19215,/lander-1,0,0,0,0,0,0
19216,/lander-1,0,0,0,0,0,0
19217,/lander-1,0,0,0,0,0,0
19217,/products,1,0,0,0,0,0
19217,/the-original-mr-fuzzy,0,1,0,0,0,0
19218,/lander-1,0,0,0,0,0,0
19219,/lander-1,0,0,0,0,0,0
19220,/lander-1,0,0,0,0,0,0
19221,/lander-1,0,0,0,0,0,0
19223,/lander-1,0,0,0,0,0,0
19223,/products,1,0,0,0,0,0
19223,/the-original-mr-fuzzy,0,1,0,0,0,0
19226,/lander-1,0,0,0,0,0,0
19226,/products,1,0,0,0,0,0
19226,/the-original-mr-fuzzy,0,1,0,0,0,0
19226,/cart,0,0,1,0,0,0
19227,/lander-1,0,0,0,0,0,0
19227,/products,1,0,0,0,0,0
19227,/the-original-mr-fuzzy,0,1,0,0,0,0
19227,/cart,0,0,1,0,0,0
19227,/shipping,0,0,0,1,0,0
19227,/billing,0,0,0,0,1,0
19228,/lander-1,0,0,0,0,0,0
19229,/lander-1,0,0,0,0,0,0
19230,/lander-1,0,0,0,0,0,0
19230,/products,1,0,0,0,0,0
19230,/the-original-mr-fuzzy,0,1,0,0,0,0
19231,/lander-1,0,0,0,0,0,0
19231,/products,1,0,0,0,0,0
19231,/the-original-mr-fuzzy,0,1,0,0,0,0
19231,/cart,0,0,1,0,0,0
19232,/lander-1,0,0,0,0,0,0
19233,/lander-1,0,0,0,0,0,0
19234,/lander-1,0,0,0,0,0,0
19235,/lander-1,0,0,0,0,0,0
19236,/lander-1,0,0,0,0,0,0
19236,/products,1,0,0,0,0,0
19236,/the-original-mr-fuzzy,0,1,0,0,0,0
19237,/lander-1,0,0,0,0,0,0
19238,/lander-1,0,0,0,0,0,0
19239,/lander-1,0,0,0,0,0,0
19240,/lander-1,0,0,0,0,0,0
19240,/products,1,0,0,0,0,0
19240,/the-original-mr-fuzzy,0,1,0,0,0,0
19240,/cart,0,0,1,0,0,0
19240,/shipping,0,0,0,1,0,0
19240,/billing,0,0,0,0,1,0
19241,/lander-1,0,0,0,0,0,0
19242,/lander-1,0,0,0,0,0,0
19245,/lander-1,0,0,0,0,0,0
19246,/lander-1,0,0,0,0,0,0
19246,/products,1,0,0,0,0,0
19246,/the-original-mr-fuzzy,0,1,0,0,0,0
19247,/lander-1,0,0,0,0,0,0
19248,/lander-1,0,0,0,0,0,0
19249,/lander-1,0,0,0,0,0,0
19250,/lander-1,0,0,0,0,0,0
19251,/lander-1,0,0,0,0,0,0
19252,/lander-1,0,0,0,0,0,0
19254,/lander-1,0,0,0,0,0,0
19254,/products,1,0,0,0,0,0
19254,/the-original-mr-fuzzy,0,1,0,0,0,0
19254,/cart,0,0,1,0,0,0
19255,/lander-1,0,0,0,0,0,0
19255,/products,1,0,0,0,0,0
19255,/the-original-mr-fuzzy,0,1,0,0,0,0
19255,/cart,0,0,1,0,0,0
19255,/shipping,0,0,0,1,0,0
19255,/billing,0,0,0,0,1,0
19256,/lander-1,0,0,0,0,0,0
19257,/lander-1,0,0,0,0,0,0
19257,/products,1,0,0,0,0,0
19257,/the-original-mr-fuzzy,0,1,0,0,0,0
19258,/lander-1,0,0,0,0,0,0
19259,/lander-1,0,0,0,0,0,0
19260,/lander-1,0,0,0,0,0,0
19260,/products,1,0,0,0,0,0
19260,/the-original-mr-fuzzy,0,1,0,0,0,0
19261,/lander-1,0,0,0,0,0,0
19261,/products,1,0,0,0,0,0
19261,/the-original-mr-fuzzy,0,1,0,0,0,0
19261,/cart,0,0,1,0,0,0
19261,/shipping,0,0,0,1,0,0
19261,/billing,0,0,0,0,1,0
19262,/lander-1,0,0,0,0,0,0
19263,/lander-1,0,0,0,0,0,0
19263,/products,1,0,0,0,0,0
19263,/the-original-mr-fuzzy,0,1,0,0,0,0
19263,/cart,0,0,1,0,0,0
19264,/lander-1,0,0,0,0,0,0
19265,/lander-1,0,0,0,0,0,0
19265,/products,1,0,0,0,0,0
19265,/the-original-mr-fuzzy,0,1,0,0,0,0
19266,/lander-1,0,0,0,0,0,0
19266,/products,1,0,0,0,0,0
19266,/the-original-mr-fuzzy,0,1,0,0,0,0
19267,/lander-1,0,0,0,0,0,0
19268,/lander-1,0,0,0,0,0,0
19268,/products,1,0,0,0,0,0
19269,/lander-1,0,0,0,0,0,0
19270,/lander-1,0,0,0,0,0,0
19272,/lander-1,0,0,0,0,0,0
19273,/lander-1,0,0,0,0,0,0
19274,/lander-1,0,0,0,0,0,0
19275,/lander-1,0,0,0,0,0,0
19276,/lander-1,0,0,0,0,0,0
19277,/lander-1,0,0,0,0,0,0
19278,/lander-1,0,0,0,0,0,0
19279,/lander-1,0,0,0,0,0,0
19279,/products,1,0,0,0,0,0
19279,/the-original-mr-fuzzy,0,1,0,0,0,0
19280,/lander-1,0,0,0,0,0,0
19280,/products,1,0,0,0,0,0
19280,/the-original-mr-fuzzy,0,1,0,0,0,0
19281,/lander-1,0,0,0,0,0,0
19282,/lander-1,0,0,0,0,0,0
19282,/products,1,0,0,0,0,0
19282,/the-original-mr-fuzzy,0,1,0,0,0,0
19283,/lander-1,0,0,0,0,0,0
19284,/lander-1,0,0,0,0,0,0
19284,/products,1,0,0,0,0,0
19284,/the-original-mr-fuzzy,0,1,0,0,0,0
19285,/lander-1,0,0,0,0,0,0
19285,/products,1,0,0,0,0,0
19285,/the-original-mr-fuzzy,0,1,0,0,0,0
19287,/lander-1,0,0,0,0,0,0
19288,/lander-1,0,0,0,0,0,0
19290,/lander-1,0,0,0,0,0,0
19291,/lander-1,0,0,0,0,0,0
19292,/lander-1,0,0,0,0,0,0
19293,/lander-1,0,0,0,0,0,0
19294,/lander-1,0,0,0,0,0,0
19294,/products,1,0,0,0,0,0
19294,/the-original-mr-fuzzy,0,1,0,0,0,0
19295,/lander-1,0,0,0,0,0,0
19295,/products,1,0,0,0,0,0
19295,/the-original-mr-fuzzy,0,1,0,0,0,0
19297,/lander-1,0,0,0,0,0,0
19298,/lander-1,0,0,0,0,0,0
19298,/products,1,0,0,0,0,0
19298,/the-original-mr-fuzzy,0,1,0,0,0,0
19299,/lander-1,0,0,0,0,0,0
19300,/lander-1,0,0,0,0,0,0
19300,/products,1,0,0,0,0,0
19300,/the-original-mr-fuzzy,0,1,0,0,0,0
19301,/lander-1,0,0,0,0,0,0
19303,/lander-1,0,0,0,0,0,0
19303,/products,1,0,0,0,0,0
19304,/lander-1,0,0,0,0,0,0
19304,/products,1,0,0,0,0,0
19304,/the-original-mr-fuzzy,0,1,0,0,0,0
19305,/lander-1,0,0,0,0,0,0
19306,/lander-1,0,0,0,0,0,0
19306,/products,1,0,0,0,0,0
19306,/the-original-mr-fuzzy,0,1,0,0,0,0
19306,/cart,0,0,1,0,0,0
19306,/shipping,0,0,0,1,0,0
19306,/billing,0,0,0,0,1,0
19306,/thank-you-for-your-order,0,0,0,0,0,1
19308,/lander-1,0,0,0,0,0,0
19310,/lander-1,0,0,0,0,0,0
19310,/products,1,0,0,0,0,0
19310,/the-original-mr-fuzzy,0,1,0,0,0,0
19311,/lander-1,0,0,0,0,0,0
19311,/products,1,0,0,0,0,0
19311,/the-original-mr-fuzzy,0,1,0,0,0,0
19312,/lander-1,0,0,0,0,0,0
19312,/products,1,0,0,0,0,0
19313,/lander-1,0,0,0,0,0,0
19313,/products,1,0,0,0,0,0
19313,/the-original-mr-fuzzy,0,1,0,0,0,0
19313,/cart,0,0,1,0,0,0
19313,/shipping,0,0,0,1,0,0
19314,/lander-1,0,0,0,0,0,0
19315,/lander-1,0,0,0,0,0,0
19315,/products,1,0,0,0,0,0
19315,/the-original-mr-fuzzy,0,1,0,0,0,0
19315,/cart,0,0,1,0,0,0
19315,/shipping,0,0,0,1,0,0
19315,/billing,0,0,0,0,1,0
19315,/thank-you-for-your-order,0,0,0,0,0,1
19316,/lander-1,0,0,0,0,0,0
19316,/products,1,0,0,0,0,0
19317,/lander-1,0,0,0,0,0,0
19317,/products,1,0,0,0,0,0
19317,/the-original-mr-fuzzy,0,1,0,0,0,0
19318,/lander-1,0,0,0,0,0,0
19318,/products,1,0,0,0,0,0
19318,/the-original-mr-fuzzy,0,1,0,0,0,0
19319,/lander-1,0,0,0,0,0,0
19320,/lander-1,0,0,0,0,0,0
19320,/products,1,0,0,0,0,0
19320,/the-original-mr-fuzzy,0,1,0,0,0,0
19320,/cart,0,0,1,0,0,0
19320,/shipping,0,0,0,1,0,0
19322,/lander-1,0,0,0,0,0,0
19323,/lander-1,0,0,0,0,0,0
19324,/lander-1,0,0,0,0,0,0
19326,/lander-1,0,0,0,0,0,0
19327,/lander-1,0,0,0,0,0,0
19328,/lander-1,0,0,0,0,0,0
19328,/products,1,0,0,0,0,0
19328,/the-original-mr-fuzzy,0,1,0,0,0,0
19328,/cart,0,0,1,0,0,0
19329,/lander-1,0,0,0,0,0,0
19329,/products,1,0,0,0,0,0
19329,/the-original-mr-fuzzy,0,1,0,0,0,0
19329,/cart,0,0,1,0,0,0
19330,/lander-1,0,0,0,0,0,0
19330,/products,1,0,0,0,0,0
19330,/the-original-mr-fuzzy,0,1,0,0,0,0
19330,/cart,0,0,1,0,0,0
19330,/shipping,0,0,0,1,0,0
19330,/billing,0,0,0,0,1,0
19330,/thank-you-for-your-order,0,0,0,0,0,1
19331,/lander-1,0,0,0,0,0,0
19332,/lander-1,0,0,0,0,0,0
19333,/lander-1,0,0,0,0,0,0
19333,/products,1,0,0,0,0,0
19333,/the-original-mr-fuzzy,0,1,0,0,0,0
19334,/lander-1,0,0,0,0,0,0
19335,/lander-1,0,0,0,0,0,0
19335,/products,1,0,0,0,0,0
19335,/the-original-mr-fuzzy,0,1,0,0,0,0
19336,/lander-1,0,0,0,0,0,0
19337,/lander-1,0,0,0,0,0,0
19337,/products,1,0,0,0,0,0
19337,/the-original-mr-fuzzy,0,1,0,0,0,0
19337,/cart,0,0,1,0,0,0
19338,/lander-1,0,0,0,0,0,0
19338,/products,1,0,0,0,0,0
19339,/lander-1,0,0,0,0,0,0
19339,/products,1,0,0,0,0,0
19339,/the-original-mr-fuzzy,0,1,0,0,0,0
19340,/lander-1,0,0,0,0,0,0
19340,/products,1,0,0,0,0,0
19340,/the-original-mr-fuzzy,0,1,0,0,0,0
19340,/cart,0,0,1,0,0,0
19341,/lander-1,0,0,0,0,0,0
19341,/products,1,0,0,0,0,0
19341,/the-original-mr-fuzzy,0,1,0,0,0,0
19341,/cart,0,0,1,0,0,0
19342,/lander-1,0,0,0,0,0,0
19343,/lander-1,0,0,0,0,0,0
19343,/products,1,0,0,0,0,0
19345,/lander-1,0,0,0,0,0,0
19345,/products,1,0,0,0,0,0
19345,/the-original-mr-fuzzy,0,1,0,0,0,0
19346,/lander-1,0,0,0,0,0,0
19347,/lander-1,0,0,0,0,0,0
19348,/lander-1,0,0,0,0,0,0
19349,/lander-1,0,0,0,0,0,0
19349,/products,1,0,0,0,0,0
19350,/lander-1,0,0,0,0,0,0
19350,/products,1,0,0,0,0,0
19350,/the-original-mr-fuzzy,0,1,0,0,0,0
19350,/cart,0,0,1,0,0,0
19351,/lander-1,0,0,0,0,0,0
19352,/lander-1,0,0,0,0,0,0
19352,/products,1,0,0,0,0,0
19352,/the-original-mr-fuzzy,0,1,0,0,0,0
19352,/cart,0,0,1,0,0,0
19352,/shipping,0,0,0,1,0,0
19352,/billing,0,0,0,0,1,0
19353,/lander-1,0,0,0,0,0,0
19355,/lander-1,0,0,0,0,0,0
19355,/products,1,0,0,0,0,0
19355,/the-original-mr-fuzzy,0,1,0,0,0,0
19355,/cart,0,0,1,0,0,0
19356,/lander-1,0,0,0,0,0,0
19357,/lander-1,0,0,0,0,0,0
19358,/lander-1,0,0,0,0,0,0
19359,/lander-1,0,0,0,0,0,0
19359,/products,1,0,0,0,0,0
19359,/the-original-mr-fuzzy,0,1,0,0,0,0
19359,/cart,0,0,1,0,0,0
19359,/shipping,0,0,0,1,0,0
19359,/billing,0,0,0,0,1,0
19359,/thank-you-for-your-order,0,0,0,0,0,1
19360,/lander-1,0,0,0,0,0,0
19361,/lander-1,0,0,0,0,0,0
19362,/lander-1,0,0,0,0,0,0
19362,/products,1,0,0,0,0,0
19362,/the-original-mr-fuzzy,0,1,0,0,0,0
19362,/cart,0,0,1,0,0,0
19362,/shipping,0,0,0,1,0,0
19362,/billing,0,0,0,0,1,0
19364,/lander-1,0,0,0,0,0,0
19364,/products,1,0,0,0,0,0
19364,/the-original-mr-fuzzy,0,1,0,0,0,0
19364,/cart,0,0,1,0,0,0
19365,/lander-1,0,0,0,0,0,0
19366,/lander-1,0,0,0,0,0,0
19366,/products,1,0,0,0,0,0
19366,/the-original-mr-fuzzy,0,1,0,0,0,0
19367,/lander-1,0,0,0,0,0,0
19367,/products,1,0,0,0,0,0
19367,/the-original-mr-fuzzy,0,1,0,0,0,0
19367,/cart,0,0,1,0,0,0
19368,/lander-1,0,0,0,0,0,0
19369,/lander-1,0,0,0,0,0,0
19370,/lander-1,0,0,0,0,0,0
19370,/products,1,0,0,0,0,0
19371,/lander-1,0,0,0,0,0,0
19372,/lander-1,0,0,0,0,0,0
19372,/products,1,0,0,0,0,0
19374,/lander-1,0,0,0,0,0,0
19375,/lander-1,0,0,0,0,0,0
19375,/products,1,0,0,0,0,0
19375,/the-original-mr-fuzzy,0,1,0,0,0,0
19375,/cart,0,0,1,0,0,0
19375,/shipping,0,0,0,1,0,0
19375,/billing,0,0,0,0,1,0
19375,/thank-you-for-your-order,0,0,0,0,0,1
19376,/lander-1,0,0,0,0,0,0
19377,/lander-1,0,0,0,0,0,0
19377,/products,1,0,0,0,0,0
19377,/the-original-mr-fuzzy,0,1,0,0,0,0
19377,/cart,0,0,1,0,0,0
19378,/lander-1,0,0,0,0,0,0
19379,/lander-1,0,0,0,0,0,0
19379,/products,1,0,0,0,0,0
19379,/the-original-mr-fuzzy,0,1,0,0,0,0
19380,/lander-1,0,0,0,0,0,0
19381,/lander-1,0,0,0,0,0,0
19382,/lander-1,0,0,0,0,0,0
19382,/products,1,0,0,0,0,0
19382,/the-original-mr-fuzzy,0,1,0,0,0,0
19383,/lander-1,0,0,0,0,0,0
19384,/lander-1,0,0,0,0,0,0
19384,/products,1,0,0,0,0,0
19384,/the-original-mr-fuzzy,0,1,0,0,0,0
19384,/cart,0,0,1,0,0,0
19384,/shipping,0,0,0,1,0,0
19384,/billing,0,0,0,0,1,0
19385,/lander-1,0,0,0,0,0,0
19385,/products,1,0,0,0,0,0
19386,/lander-1,0,0,0,0,0,0
19387,/lander-1,0,0,0,0,0,0
19387,/products,1,0,0,0,0,0
19387,/the-original-mr-fuzzy,0,1,0,0,0,0
19388,/lander-1,0,0,0,0,0,0
19389,/lander-1,0,0,0,0,0,0
19391,/lander-1,0,0,0,0,0,0
19391,/products,1,0,0,0,0,0
19391,/the-original-mr-fuzzy,0,1,0,0,0,0
19392,/lander-1,0,0,0,0,0,0
19395,/lander-1,0,0,0,0,0,0
19395,/products,1,0,0,0,0,0
19396,/lander-1,0,0,0,0,0,0
19397,/lander-1,0,0,0,0,0,0
19397,/products,1,0,0,0,0,0
19397,/the-original-mr-fuzzy,0,1,0,0,0,0
19398,/lander-1,0,0,0,0,0,0
19398,/products,1,0,0,0,0,0
19398,/the-original-mr-fuzzy,0,1,0,0,0,0
19399,/lander-1,0,0,0,0,0,0
19399,/products,1,0,0,0,0,0
19399,/the-original-mr-fuzzy,0,1,0,0,0,0
19400,/lander-1,0,0,0,0,0,0
19401,/lander-1,0,0,0,0,0,0
19403,/lander-1,0,0,0,0,0,0
19403,/products,1,0,0,0,0,0
19403,/the-original-mr-fuzzy,0,1,0,0,0,0
19404,/lander-1,0,0,0,0,0,0
19404,/products,1,0,0,0,0,0
19404,/the-original-mr-fuzzy,0,1,0,0,0,0
19404,/cart,0,0,1,0,0,0
19405,/lander-1,0,0,0,0,0,0
19405,/products,1,0,0,0,0,0
19405,/the-original-mr-fuzzy,0,1,0,0,0,0
19405,/cart,0,0,1,0,0,0
19405,/shipping,0,0,0,1,0,0
19405,/billing,0,0,0,0,1,0
19406,/lander-1,0,0,0,0,0,0
19406,/products,1,0,0,0,0,0
19406,/the-original-mr-fuzzy,0,1,0,0,0,0
19406,/cart,0,0,1,0,0,0
19406,/shipping,0,0,0,1,0,0
19406,/billing,0,0,0,0,1,0
19406,/thank-you-for-your-order,0,0,0,0,0,1
19407,/lander-1,0,0,0,0,0,0
19408,/lander-1,0,0,0,0,0,0
19410,/lander-1,0,0,0,0,0,0
19411,/lander-1,0,0,0,0,0,0
19411,/products,1,0,0,0,0,0
19411,/the-original-mr-fuzzy,0,1,0,0,0,0
19412,/lander-1,0,0,0,0,0,0
19413,/lander-1,0,0,0,0,0,0
19414,/lander-1,0,0,0,0,0,0
19415,/lander-1,0,0,0,0,0,0
19415,/products,1,0,0,0,0,0
19417,/lander-1,0,0,0,0,0,0
19418,/lander-1,0,0,0,0,0,0
19419,/lander-1,0,0,0,0,0,0
19419,/products,1,0,0,0,0,0
19420,/lander-1,0,0,0,0,0,0
19420,/products,1,0,0,0,0,0
19420,/the-original-mr-fuzzy,0,1,0,0,0,0
19421,/lander-1,0,0,0,0,0,0
19423,/lander-1,0,0,0,0,0,0
19423,/products,1,0,0,0,0,0
19424,/lander-1,0,0,0,0,0,0
19426,/lander-1,0,0,0,0,0,0
19427,/lander-1,0,0,0,0,0,0
19428,/lander-1,0,0,0,0,0,0
19428,/products,1,0,0,0,0,0
19428,/the-original-mr-fuzzy,0,1,0,0,0,0
19428,/cart,0,0,1,0,0,0
19428,/shipping,0,0,0,1,0,0
19428,/billing,0,0,0,0,1,0
19429,/lander-1,0,0,0,0,0,0
19430,/lander-1,0,0,0,0,0,0
19430,/products,1,0,0,0,0,0
19430,/the-original-mr-fuzzy,0,1,0,0,0,0
19431,/lander-1,0,0,0,0,0,0
19431,/products,1,0,0,0,0,0
19432,/lander-1,0,0,0,0,0,0
19432,/products,1,0,0,0,0,0
19432,/the-original-mr-fuzzy,0,1,0,0,0,0
19432,/cart,0,0,1,0,0,0
19432,/shipping,0,0,0,1,0,0
19432,/billing,0,0,0,0,1,0
19432,/thank-you-for-your-order,0,0,0,0,0,1
19433,/lander-1,0,0,0,0,0,0
19434,/lander-1,0,0,0,0,0,0
19434,/products,1,0,0,0,0,0
19435,/lander-1,0,0,0,0,0,0
19436,/lander-1,0,0,0,0,0,0
19436,/products,1,0,0,0,0,0
19437,/lander-1,0,0,0,0,0,0
19437,/products,1,0,0,0,0,0
19439,/lander-1,0,0,0,0,0,0
19440,/lander-1,0,0,0,0,0,0
19440,/products,1,0,0,0,0,0
19441,/lander-1,0,0,0,0,0,0
19441,/products,1,0,0,0,0,0
19442,/lander-1,0,0,0,0,0,0
19442,/products,1,0,0,0,0,0
19442,/the-original-mr-fuzzy,0,1,0,0,0,0
19442,/cart,0,0,1,0,0,0
19442,/shipping,0,0,0,1,0,0
19442,/billing,0,0,0,0,1,0
19442,/thank-you-for-your-order,0,0,0,0,0,1
19443,/lander-1,0,0,0,0,0,0
19443,/products,1,0,0,0,0,0
19443,/the-original-mr-fuzzy,0,1,0,0,0,0
19444,/lander-1,0,0,0,0,0,0
19444,/products,1,0,0,0,0,0
19444,/the-original-mr-fuzzy,0,1,0,0,0,0
19445,/lander-1,0,0,0,0,0,0
19445,/products,1,0,0,0,0,0
19446,/lander-1,0,0,0,0,0,0
19446,/products,1,0,0,0,0,0
19446,/the-original-mr-fuzzy,0,1,0,0,0,0
19447,/lander-1,0,0,0,0,0,0
19448,/lander-1,0,0,0,0,0,0
19449,/lander-1,0,0,0,0,0,0
19449,/products,1,0,0,0,0,0
19449,/the-original-mr-fuzzy,0,1,0,0,0,0
19450,/lander-1,0,0,0,0,0,0
19450,/products,1,0,0,0,0,0
19450,/the-original-mr-fuzzy,0,1,0,0,0,0
19452,/lander-1,0,0,0,0,0,0
19452,/products,1,0,0,0,0,0
19452,/the-original-mr-fuzzy,0,1,0,0,0,0
19453,/lander-1,0,0,0,0,0,0
19453,/products,1,0,0,0,0,0
19453,/the-original-mr-fuzzy,0,1,0,0,0,0
19453,/cart,0,0,1,0,0,0
19455,/lander-1,0,0,0,0,0,0
19456,/lander-1,0,0,0,0,0,0
19456,/products,1,0,0,0,0,0
19456,/the-original-mr-fuzzy,0,1,0,0,0,0
19457,/lander-1,0,0,0,0,0,0
19457,/products,1,0,0,0,0,0
19457,/the-original-mr-fuzzy,0,1,0,0,0,0
19457,/cart,0,0,1,0,0,0
19458,/lander-1,0,0,0,0,0,0
19459,/lander-1,0,0,0,0,0,0
19459,/products,1,0,0,0,0,0
19459,/the-original-mr-fuzzy,0,1,0,0,0,0
19459,/cart,0,0,1,0,0,0
19460,/lander-1,0,0,0,0,0,0
19461,/lander-1,0,0,0,0,0,0
19462,/lander-1,0,0,0,0,0,0
19464,/lander-1,0,0,0,0,0,0
19464,/products,1,0,0,0,0,0
19464,/the-original-mr-fuzzy,0,1,0,0,0,0
19465,/lander-1,0,0,0,0,0,0
19465,/products,1,0,0,0,0,0
19466,/lander-1,0,0,0,0,0,0
19466,/products,1,0,0,0,0,0
19466,/the-original-mr-fuzzy,0,1,0,0,0,0
19466,/cart,0,0,1,0,0,0
19466,/shipping,0,0,0,1,0,0
19466,/billing,0,0,0,0,1,0
19467,/lander-1,0,0,0,0,0,0
19469,/lander-1,0,0,0,0,0,0
19469,/products,1,0,0,0,0,0
19471,/lander-1,0,0,0,0,0,0
19472,/lander-1,0,0,0,0,0,0
19473,/lander-1,0,0,0,0,0,0
19473,/products,1,0,0,0,0,0
19473,/the-original-mr-fuzzy,0,1,0,0,0,0
19473,/cart,0,0,1,0,0,0
19474,/lander-1,0,0,0,0,0,0
19475,/lander-1,0,0,0,0,0,0
19475,/products,1,0,0,0,0,0
19475,/the-original-mr-fuzzy,0,1,0,0,0,0
19475,/cart,0,0,1,0,0,0
19475,/shipping,0,0,0,1,0,0
19475,/billing,0,0,0,0,1,0
19476,/lander-1,0,0,0,0,0,0
19476,/products,1,0,0,0,0,0
19476,/the-original-mr-fuzzy,0,1,0,0,0,0
19477,/lander-1,0,0,0,0,0,0
19477,/products,1,0,0,0,0,0
19477,/the-original-mr-fuzzy,0,1,0,0,0,0
19477,/cart,0,0,1,0,0,0
19478,/lander-1,0,0,0,0,0,0
19478,/products,1,0,0,0,0,0
19478,/the-original-mr-fuzzy,0,1,0,0,0,0
19478,/cart,0,0,1,0,0,0
19478,/shipping,0,0,0,1,0,0
19478,/billing,0,0,0,0,1,0
19478,/thank-you-for-your-order,0,0,0,0,0,1
19479,/lander-1,0,0,0,0,0,0
19479,/products,1,0,0,0,0,0
19482,/lander-1,0,0,0,0,0,0
19483,/lander-1,0,0,0,0,0,0
19483,/products,1,0,0,0,0,0
19483,/the-original-mr-fuzzy,0,1,0,0,0,0
19484,/lander-1,0,0,0,0,0,0
19484,/products,1,0,0,0,0,0
19484,/the-original-mr-fuzzy,0,1,0,0,0,0
19485,/lander-1,0,0,0,0,0,0
19487,/lander-1,0,0,0,0,0,0
19487,/products,1,0,0,0,0,0
19487,/the-original-mr-fuzzy,0,1,0,0,0,0
19488,/lander-1,0,0,0,0,0,0
19489,/lander-1,0,0,0,0,0,0
19489,/products,1,0,0,0,0,0
19492,/lander-1,0,0,0,0,0,0
19492,/products,1,0,0,0,0,0
19492,/the-original-mr-fuzzy,0,1,0,0,0,0
19492,/cart,0,0,1,0,0,0
19493,/lander-1,0,0,0,0,0,0
19494,/lander-1,0,0,0,0,0,0
19494,/products,1,0,0,0,0,0
19494,/the-original-mr-fuzzy,0,1,0,0,0,0
19495,/lander-1,0,0,0,0,0,0
19496,/lander-1,0,0,0,0,0,0
19497,/lander-1,0,0,0,0,0,0
19498,/lander-1,0,0,0,0,0,0
19499,/lander-1,0,0,0,0,0,0
19499,/products,1,0,0,0,0,0
19499,/the-original-mr-fuzzy,0,1,0,0,0,0
19499,/cart,0,0,1,0,0,0
19499,/shipping,0,0,0,1,0,0
19499,/billing,0,0,0,0,1,0
19500,/lander-1,0,0,0,0,0,0
19501,/lander-1,0,0,0,0,0,0
19502,/lander-1,0,0,0,0,0,0
19502,/products,1,0,0,0,0,0
19502,/the-original-mr-fuzzy,0,1,0,0,0,0
19504,/lander-1,0,0,0,0,0,0
19504,/products,1,0,0,0,0,0
19504,/the-original-mr-fuzzy,0,1,0,0,0,0
19504,/cart,0,0,1,0,0,0
19505,/lander-1,0,0,0,0,0,0
19506,/lander-1,0,0,0,0,0,0
19507,/lander-1,0,0,0,0,0,0
19508,/lander-1,0,0,0,0,0,0
19508,/products,1,0,0,0,0,0
19509,/lander-1,0,0,0,0,0,0
19509,/products,1,0,0,0,0,0
19510,/lander-1,0,0,0,0,0,0
19510,/products,1,0,0,0,0,0
19510,/the-original-mr-fuzzy,0,1,0,0,0,0
19510,/cart,0,0,1,0,0,0
19510,/shipping,0,0,0,1,0,0
19512,/lander-1,0,0,0,0,0,0
19513,/lander-1,0,0,0,0,0,0
19514,/lander-1,0,0,0,0,0,0
19514,/products,1,0,0,0,0,0
19514,/the-original-mr-fuzzy,0,1,0,0,0,0
19514,/cart,0,0,1,0,0,0
19515,/lander-1,0,0,0,0,0,0
19516,/lander-1,0,0,0,0,0,0
19517,/lander-1,0,0,0,0,0,0
19517,/products,1,0,0,0,0,0
19517,/the-original-mr-fuzzy,0,1,0,0,0,0
19518,/lander-1,0,0,0,0,0,0
19519,/lander-1,0,0,0,0,0,0
19519,/products,1,0,0,0,0,0
19519,/the-original-mr-fuzzy,0,1,0,0,0,0
19520,/lander-1,0,0,0,0,0,0
19521,/lander-1,0,0,0,0,0,0
19521,/products,1,0,0,0,0,0
19521,/the-original-mr-fuzzy,0,1,0,0,0,0
19521,/cart,0,0,1,0,0,0
19521,/shipping,0,0,0,1,0,0
19522,/lander-1,0,0,0,0,0,0
19523,/lander-1,0,0,0,0,0,0
19525,/lander-1,0,0,0,0,0,0
19526,/lander-1,0,0,0,0,0,0
19527,/lander-1,0,0,0,0,0,0
19527,/products,1,0,0,0,0,0
19527,/the-original-mr-fuzzy,0,1,0,0,0,0
19527,/cart,0,0,1,0,0,0
19528,/lander-1,0,0,0,0,0,0
19528,/products,1,0,0,0,0,0
19528,/the-original-mr-fuzzy,0,1,0,0,0,0
19529,/lander-1,0,0,0,0,0,0
19529,/products,1,0,0,0,0,0
19529,/the-original-mr-fuzzy,0,1,0,0,0,0
19529,/cart,0,0,1,0,0,0
19531,/lander-1,0,0,0,0,0,0
19531,/products,1,0,0,0,0,0
19531,/the-original-mr-fuzzy,0,1,0,0,0,0
19532,/lander-1,0,0,0,0,0,0
19534,/lander-1,0,0,0,0,0,0
19534,/products,1,0,0,0,0,0
19534,/the-original-mr-fuzzy,0,1,0,0,0,0
19535,/lander-1,0,0,0,0,0,0
19536,/lander-1,0,0,0,0,0,0
19536,/products,1,0,0,0,0,0
19536,/the-original-mr-fuzzy,0,1,0,0,0,0
19536,/cart,0,0,1,0,0,0
19536,/shipping,0,0,0,1,0,0
19536,/billing,0,0,0,0,1,0
19537,/lander-1,0,0,0,0,0,0
19538,/lander-1,0,0,0,0,0,0
19538,/products,1,0,0,0,0,0
19538,/the-original-mr-fuzzy,0,1,0,0,0,0
19540,/lander-1,0,0,0,0,0,0
19540,/products,1,0,0,0,0,0
19540,/the-original-mr-fuzzy,0,1,0,0,0,0
19540,/cart,0,0,1,0,0,0
19540,/shipping,0,0,0,1,0,0
19540,/billing,0,0,0,0,1,0
19541,/lander-1,0,0,0,0,0,0
19542,/lander-1,0,0,0,0,0,0
19543,/lander-1,0,0,0,0,0,0
19544,/lander-1,0,0,0,0,0,0
19544,/products,1,0,0,0,0,0
19546,/lander-1,0,0,0,0,0,0
19546,/products,1,0,0,0,0,0
19546,/the-original-mr-fuzzy,0,1,0,0,0,0
19547,/lander-1,0,0,0,0,0,0
19547,/products,1,0,0,0,0,0
19548,/lander-1,0,0,0,0,0,0
19548,/products,1,0,0,0,0,0
19548,/the-original-mr-fuzzy,0,1,0,0,0,0
19548,/cart,0,0,1,0,0,0
19548,/shipping,0,0,0,1,0,0
19549,/lander-1,0,0,0,0,0,0
19549,/products,1,0,0,0,0,0
19549,/the-original-mr-fuzzy,0,1,0,0,0,0
19549,/cart,0,0,1,0,0,0
19550,/lander-1,0,0,0,0,0,0
19551,/lander-1,0,0,0,0,0,0
19551,/products,1,0,0,0,0,0
19551,/the-original-mr-fuzzy,0,1,0,0,0,0
19551,/cart,0,0,1,0,0,0
19551,/shipping,0,0,0,1,0,0
19551,/billing,0,0,0,0,1,0
19551,/thank-you-for-your-order,0,0,0,0,0,1
19552,/lander-1,0,0,0,0,0,0
19553,/lander-1,0,0,0,0,0,0
19553,/products,1,0,0,0,0,0
19553,/the-original-mr-fuzzy,0,1,0,0,0,0
19554,/lander-1,0,0,0,0,0,0
19555,/lander-1,0,0,0,0,0,0
19555,/products,1,0,0,0,0,0
19556,/lander-1,0,0,0,0,0,0
19557,/lander-1,0,0,0,0,0,0
19557,/products,1,0,0,0,0,0
19558,/lander-1,0,0,0,0,0,0
19558,/products,1,0,0,0,0,0
19559,/lander-1,0,0,0,0,0,0
19559,/products,1,0,0,0,0,0
19559,/the-original-mr-fuzzy,0,1,0,0,0,0
19559,/cart,0,0,1,0,0,0
19560,/lander-1,0,0,0,0,0,0
19560,/products,1,0,0,0,0,0
19560,/the-original-mr-fuzzy,0,1,0,0,0,0
19560,/cart,0,0,1,0,0,0
19560,/shipping,0,0,0,1,0,0
19560,/billing,0,0,0,0,1,0
19560,/thank-you-for-your-order,0,0,0,0,0,1
19561,/lander-1,0,0,0,0,0,0
19561,/products,1,0,0,0,0,0
19561,/the-original-mr-fuzzy,0,1,0,0,0,0
19561,/cart,0,0,1,0,0,0
19561,/shipping,0,0,0,1,0,0
19561,/billing,0,0,0,0,1,0
19561,/thank-you-for-your-order,0,0,0,0,0,1
19562,/lander-1,0,0,0,0,0,0
19563,/lander-1,0,0,0,0,0,0
19563,/products,1,0,0,0,0,0
19564,/lander-1,0,0,0,0,0,0
19564,/products,1,0,0,0,0,0
19565,/lander-1,0,0,0,0,0,0
19565,/products,1,0,0,0,0,0
19566,/lander-1,0,0,0,0,0,0
19567,/lander-1,0,0,0,0,0,0
19567,/products,1,0,0,0,0,0
19567,/the-original-mr-fuzzy,0,1,0,0,0,0
19567,/cart,0,0,1,0,0,0
19567,/shipping,0,0,0,1,0,0
19567,/billing,0,0,0,0,1,0
19568,/lander-1,0,0,0,0,0,0
19569,/lander-1,0,0,0,0,0,0
19569,/products,1,0,0,0,0,0
19569,/the-original-mr-fuzzy,0,1,0,0,0,0
19569,/cart,0,0,1,0,0,0
19570,/lander-1,0,0,0,0,0,0
19570,/products,1,0,0,0,0,0
19570,/the-original-mr-fuzzy,0,1,0,0,0,0
19570,/cart,0,0,1,0,0,0
19570,/shipping,0,0,0,1,0,0
19570,/billing,0,0,0,0,1,0
19570,/thank-you-for-your-order,0,0,0,0,0,1
19571,/lander-1,0,0,0,0,0,0
19572,/lander-1,0,0,0,0,0,0
19573,/lander-1,0,0,0,0,0,0
19575,/lander-1,0,0,0,0,0,0
19575,/products,1,0,0,0,0,0
19575,/the-original-mr-fuzzy,0,1,0,0,0,0
19575,/cart,0,0,1,0,0,0
19575,/shipping,0,0,0,1,0,0
19575,/billing,0,0,0,0,1,0
19576,/lander-1,0,0,0,0,0,0
19577,/lander-1,0,0,0,0,0,0
19577,/products,1,0,0,0,0,0
19578,/lander-1,0,0,0,0,0,0
19578,/products,1,0,0,0,0,0
19578,/the-original-mr-fuzzy,0,1,0,0,0,0
19578,/cart,0,0,1,0,0,0
19578,/shipping,0,0,0,1,0,0
19578,/billing,0,0,0,0,1,0
19578,/thank-you-for-your-order,0,0,0,0,0,1
19579,/lander-1,0,0,0,0,0,0
19580,/lander-1,0,0,0,0,0,0
19580,/products,1,0,0,0,0,0
19580,/the-original-mr-fuzzy,0,1,0,0,0,0
19580,/cart,0,0,1,0,0,0
19582,/lander-1,0,0,0,0,0,0
19582,/products,1,0,0,0,0,0
19582,/the-original-mr-fuzzy,0,1,0,0,0,0
19584,/lander-1,0,0,0,0,0,0
19584,/products,1,0,0,0,0,0
19585,/lander-1,0,0,0,0,0,0
19586,/lander-1,0,0,0,0,0,0
19586,/products,1,0,0,0,0,0
19587,/lander-1,0,0,0,0,0,0
19587,/products,1,0,0,0,0,0
19587,/the-original-mr-fuzzy,0,1,0,0,0,0
19587,/cart,0,0,1,0,0,0
19587,/shipping,0,0,0,1,0,0
19589,/lander-1,0,0,0,0,0,0
19589,/products,1,0,0,0,0,0
19590,/lander-1,0,0,0,0,0,0
19590,/products,1,0,0,0,0,0
19590,/the-original-mr-fuzzy,0,1,0,0,0,0
19591,/lander-1,0,0,0,0,0,0
19592,/lander-1,0,0,0,0,0,0
19592,/products,1,0,0,0,0,0
19592,/the-original-mr-fuzzy,0,1,0,0,0,0
19592,/cart,0,0,1,0,0,0
19593,/lander-1,0,0,0,0,0,0
19593,/products,1,0,0,0,0,0
19593,/the-original-mr-fuzzy,0,1,0,0,0,0
19594,/lander-1,0,0,0,0,0,0
19594,/products,1,0,0,0,0,0
19595,/lander-1,0,0,0,0,0,0
19596,/lander-1,0,0,0,0,0,0
19596,/products,1,0,0,0,0,0
19596,/the-original-mr-fuzzy,0,1,0,0,0,0
19598,/lander-1,0,0,0,0,0,0
19598,/products,1,0,0,0,0,0
19598,/the-original-mr-fuzzy,0,1,0,0,0,0
19598,/cart,0,0,1,0,0,0
19598,/shipping,0,0,0,1,0,0
19598,/billing,0,0,0,0,1,0
19599,/lander-1,0,0,0,0,0,0
19600,/lander-1,0,0,0,0,0,0
19601,/lander-1,0,0,0,0,0,0
19602,/lander-1,0,0,0,0,0,0
19603,/lander-1,0,0,0,0,0,0
19604,/lander-1,0,0,0,0,0,0
19604,/products,1,0,0,0,0,0
19606,/lander-1,0,0,0,0,0,0
19607,/lander-1,0,0,0,0,0,0
19607,/products,1,0,0,0,0,0
19607,/the-original-mr-fuzzy,0,1,0,0,0,0
19607,/cart,0,0,1,0,0,0
19607,/shipping,0,0,0,1,0,0
19607,/billing,0,0,0,0,1,0
19607,/thank-you-for-your-order,0,0,0,0,0,1
19608,/lander-1,0,0,0,0,0,0
19608,/products,1,0,0,0,0,0
19608,/the-original-mr-fuzzy,0,1,0,0,0,0
19608,/cart,0,0,1,0,0,0
19608,/shipping,0,0,0,1,0,0
19608,/billing,0,0,0,0,1,0
19609,/lander-1,0,0,0,0,0,0
19609,/products,1,0,0,0,0,0
19609,/the-original-mr-fuzzy,0,1,0,0,0,0
19610,/lander-1,0,0,0,0,0,0
19611,/lander-1,0,0,0,0,0,0
19613,/lander-1,0,0,0,0,0,0
19614,/lander-1,0,0,0,0,0,0
19615,/lander-1,0,0,0,0,0,0
19616,/lander-1,0,0,0,0,0,0
19617,/lander-1,0,0,0,0,0,0
19618,/lander-1,0,0,0,0,0,0
19618,/products,1,0,0,0,0,0
19618,/the-original-mr-fuzzy,0,1,0,0,0,0
19618,/cart,0,0,1,0,0,0
19619,/lander-1,0,0,0,0,0,0
19619,/products,1,0,0,0,0,0
19619,/the-original-mr-fuzzy,0,1,0,0,0,0
19619,/cart,0,0,1,0,0,0
19620,/lander-1,0,0,0,0,0,0
19621,/lander-1,0,0,0,0,0,0
19621,/products,1,0,0,0,0,0
19621,/the-original-mr-fuzzy,0,1,0,0,0,0
19623,/lander-1,0,0,0,0,0,0
19624,/lander-1,0,0,0,0,0,0
19626,/lander-1,0,0,0,0,0,0
19627,/lander-1,0,0,0,0,0,0
19627,/products,1,0,0,0,0,0
19628,/lander-1,0,0,0,0,0,0
19628,/products,1,0,0,0,0,0
19628,/the-original-mr-fuzzy,0,1,0,0,0,0
19629,/lander-1,0,0,0,0,0,0
19630,/lander-1,0,0,0,0,0,0
19631,/lander-1,0,0,0,0,0,0
19631,/products,1,0,0,0,0,0
19632,/lander-1,0,0,0,0,0,0
19632,/products,1,0,0,0,0,0
19633,/lander-1,0,0,0,0,0,0
19634,/lander-1,0,0,0,0,0,0
19634,/products,1,0,0,0,0,0
19634,/the-original-mr-fuzzy,0,1,0,0,0,0
19634,/cart,0,0,1,0,0,0
19634,/shipping,0,0,0,1,0,0
19635,/lander-1,0,0,0,0,0,0
19636,/lander-1,0,0,0,0,0,0
19636,/products,1,0,0,0,0,0
19637,/lander-1,0,0,0,0,0,0
19637,/products,1,0,0,0,0,0
19637,/the-original-mr-fuzzy,0,1,0,0,0,0
19637,/cart,0,0,1,0,0,0
19637,/shipping,0,0,0,1,0,0
19637,/billing,0,0,0,0,1,0
19638,/lander-1,0,0,0,0,0,0
19639,/lander-1,0,0,0,0,0,0
19639,/products,1,0,0,0,0,0
19639,/the-original-mr-fuzzy,0,1,0,0,0,0
19640,/lander-1,0,0,0,0,0,0
19641,/lander-1,0,0,0,0,0,0
19642,/lander-1,0,0,0,0,0,0
19644,/lander-1,0,0,0,0,0,0
19644,/products,1,0,0,0,0,0
19645,/lander-1,0,0,0,0,0,0
19646,/lander-1,0,0,0,0,0,0
19646,/products,1,0,0,0,0,0
19646,/the-original-mr-fuzzy,0,1,0,0,0,0
19646,/cart,0,0,1,0,0,0
19647,/lander-1,0,0,0,0,0,0
19647,/products,1,0,0,0,0,0
19649,/lander-1,0,0,0,0,0,0
19650,/lander-1,0,0,0,0,0,0
19651,/lander-1,0,0,0,0,0,0
19652,/lander-1,0,0,0,0,0,0
19653,/lander-1,0,0,0,0,0,0
19654,/lander-1,0,0,0,0,0,0
19654,/products,1,0,0,0,0,0
19655,/lander-1,0,0,0,0,0,0
19655,/products,1,0,0,0,0,0
19656,/lander-1,0,0,0,0,0,0
19656,/products,1,0,0,0,0,0
19657,/lander-1,0,0,0,0,0,0
19658,/lander-1,0,0,0,0,0,0
19659,/lander-1,0,0,0,0,0,0
19660,/lander-1,0,0,0,0,0,0
19661,/lander-1,0,0,0,0,0,0
19661,/products,1,0,0,0,0,0
19662,/lander-1,0,0,0,0,0,0
19663,/lander-1,0,0,0,0,0,0
19664,/lander-1,0,0,0,0,0,0
19664,/products,1,0,0,0,0,0
19664,/the-original-mr-fuzzy,0,1,0,0,0,0
19664,/cart,0,0,1,0,0,0
19664,/shipping,0,0,0,1,0,0
19664,/billing,0,0,0,0,1,0
19667,/lander-1,0,0,0,0,0,0
19667,/products,1,0,0,0,0,0
19668,/lander-1,0,0,0,0,0,0
19670,/lander-1,0,0,0,0,0,0
19670,/products,1,0,0,0,0,0
19671,/lander-1,0,0,0,0,0,0
19671,/products,1,0,0,0,0,0
19671,/the-original-mr-fuzzy,0,1,0,0,0,0
19672,/lander-1,0,0,0,0,0,0
19672,/products,1,0,0,0,0,0
19673,/lander-1,0,0,0,0,0,0
19673,/products,1,0,0,0,0,0
19674,/lander-1,0,0,0,0,0,0
19674,/products,1,0,0,0,0,0
19674,/the-original-mr-fuzzy,0,1,0,0,0,0
19674,/cart,0,0,1,0,0,0
19675,/lander-1,0,0,0,0,0,0
19675,/products,1,0,0,0,0,0
19676,/lander-1,0,0,0,0,0,0
19676,/products,1,0,0,0,0,0
19676,/the-original-mr-fuzzy,0,1,0,0,0,0
19677,/lander-1,0,0,0,0,0,0
19679,/lander-1,0,0,0,0,0,0
19679,/products,1,0,0,0,0,0
19679,/the-original-mr-fuzzy,0,1,0,0,0,0
19680,/lander-1,0,0,0,0,0,0
19682,/lander-1,0,0,0,0,0,0
19682,/products,1,0,0,0,0,0
19682,/the-original-mr-fuzzy,0,1,0,0,0,0
19683,/lander-1,0,0,0,0,0,0
19684,/lander-1,0,0,0,0,0,0
19685,/lander-1,0,0,0,0,0,0
19685,/products,1,0,0,0,0,0
19687,/lander-1,0,0,0,0,0,0
19688,/lander-1,0,0,0,0,0,0
19688,/products,1,0,0,0,0,0
19688,/the-original-mr-fuzzy,0,1,0,0,0,0
19689,/lander-1,0,0,0,0,0,0
19689,/products,1,0,0,0,0,0
19691,/lander-1,0,0,0,0,0,0
19692,/lander-1,0,0,0,0,0,0
19693,/lander-1,0,0,0,0,0,0
19694,/lander-1,0,0,0,0,0,0
19694,/products,1,0,0,0,0,0
19694,/the-original-mr-fuzzy,0,1,0,0,0,0
19695,/lander-1,0,0,0,0,0,0
19695,/products,1,0,0,0,0,0
19695,/the-original-mr-fuzzy,0,1,0,0,0,0
19695,/cart,0,0,1,0,0,0
19695,/shipping,0,0,0,1,0,0
19695,/billing,0,0,0,0,1,0
19695,/thank-you-for-your-order,0,0,0,0,0,1
19696,/lander-1,0,0,0,0,0,0
19697,/lander-1,0,0,0,0,0,0
19697,/products,1,0,0,0,0,0
19698,/lander-1,0,0,0,0,0,0
19698,/products,1,0,0,0,0,0
19699,/lander-1,0,0,0,0,0,0
19700,/lander-1,0,0,0,0,0,0
19701,/lander-1,0,0,0,0,0,0
19701,/products,1,0,0,0,0,0
19702,/lander-1,0,0,0,0,0,0
19702,/products,1,0,0,0,0,0
19703,/lander-1,0,0,0,0,0,0
19703,/products,1,0,0,0,0,0
19703,/the-original-mr-fuzzy,0,1,0,0,0,0
19703,/cart,0,0,1,0,0,0
19704,/lander-1,0,0,0,0,0,0
19704,/products,1,0,0,0,0,0
19704,/the-original-mr-fuzzy,0,1,0,0,0,0
19704,/cart,0,0,1,0,0,0
19705,/lander-1,0,0,0,0,0,0
19707,/lander-1,0,0,0,0,0,0
19708,/lander-1,0,0,0,0,0,0
19708,/products,1,0,0,0,0,0
19708,/the-original-mr-fuzzy,0,1,0,0,0,0
19708,/cart,0,0,1,0,0,0
19708,/shipping,0,0,0,1,0,0
19708,/billing,0,0,0,0,1,0
19709,/lander-1,0,0,0,0,0,0
19711,/lander-1,0,0,0,0,0,0
19711,/products,1,0,0,0,0,0
19711,/the-original-mr-fuzzy,0,1,0,0,0,0
19712,/lander-1,0,0,0,0,0,0
19713,/lander-1,0,0,0,0,0,0
19714,/lander-1,0,0,0,0,0,0
19714,/products,1,0,0,0,0,0
19714,/the-original-mr-fuzzy,0,1,0,0,0,0
19715,/lander-1,0,0,0,0,0,0
19716,/lander-1,0,0,0,0,0,0
19717,/lander-1,0,0,0,0,0,0
19718,/lander-1,0,0,0,0,0,0
19719,/lander-1,0,0,0,0,0,0
19719,/products,1,0,0,0,0,0
19719,/the-original-mr-fuzzy,0,1,0,0,0,0
19722,/lander-1,0,0,0,0,0,0
19722,/products,1,0,0,0,0,0
19722,/the-original-mr-fuzzy,0,1,0,0,0,0
19722,/cart,0,0,1,0,0,0
19722,/shipping,0,0,0,1,0,0
19722,/billing,0,0,0,0,1,0
19722,/thank-you-for-your-order,0,0,0,0,0,1
19723,/lander-1,0,0,0,0,0,0
19723,/products,1,0,0,0,0,0
19723,/the-original-mr-fuzzy,0,1,0,0,0,0
19724,/lander-1,0,0,0,0,0,0
19724,/products,1,0,0,0,0,0
19724,/the-original-mr-fuzzy,0,1,0,0,0,0
19725,/lander-1,0,0,0,0,0,0
19726,/lander-1,0,0,0,0,0,0
19726,/products,1,0,0,0,0,0
19726,/the-original-mr-fuzzy,0,1,0,0,0,0
19727,/lander-1,0,0,0,0,0,0
19727,/products,1,0,0,0,0,0
19727,/the-original-mr-fuzzy,0,1,0,0,0,0
19728,/lander-1,0,0,0,0,0,0
19728,/products,1,0,0,0,0,0
19728,/the-original-mr-fuzzy,0,1,0,0,0,0
19729,/lander-1,0,0,0,0,0,0
19730,/lander-1,0,0,0,0,0,0
19730,/products,1,0,0,0,0,0
19730,/the-original-mr-fuzzy,0,1,0,0,0,0
19731,/lander-1,0,0,0,0,0,0
19732,/lander-1,0,0,0,0,0,0
19733,/lander-1,0,0,0,0,0,0
19733,/products,1,0,0,0,0,0
19735,/lander-1,0,0,0,0,0,0
19736,/lander-1,0,0,0,0,0,0
19736,/products,1,0,0,0,0,0
19736,/the-original-mr-fuzzy,0,1,0,0,0,0
19737,/lander-1,0,0,0,0,0,0
19737,/products,1,0,0,0,0,0
19737,/the-original-mr-fuzzy,0,1,0,0,0,0
19737,/cart,0,0,1,0,0,0
19737,/shipping,0,0,0,1,0,0
19737,/billing,0,0,0,0,1,0
19737,/thank-you-for-your-order,0,0,0,0,0,1
19738,/lander-1,0,0,0,0,0,0
19738,/products,1,0,0,0,0,0
19739,/lander-1,0,0,0,0,0,0
19739,/products,1,0,0,0,0,0
19739,/the-original-mr-fuzzy,0,1,0,0,0,0
19739,/cart,0,0,1,0,0,0
19740,/lander-1,0,0,0,0,0,0
19741,/lander-1,0,0,0,0,0,0
19742,/lander-1,0,0,0,0,0,0
19743,/lander-1,0,0,0,0,0,0
19743,/products,1,0,0,0,0,0
19743,/the-original-mr-fuzzy,0,1,0,0,0,0
19744,/lander-1,0,0,0,0,0,0
19745,/lander-1,0,0,0,0,0,0
19745,/products,1,0,0,0,0,0
19745,/the-original-mr-fuzzy,0,1,0,0,0,0
19745,/cart,0,0,1,0,0,0
19746,/lander-1,0,0,0,0,0,0
19746,/products,1,0,0,0,0,0
19746,/the-original-mr-fuzzy,0,1,0,0,0,0
19747,/lander-1,0,0,0,0,0,0
19748,/lander-1,0,0,0,0,0,0
19748,/products,1,0,0,0,0,0
19749,/lander-1,0,0,0,0,0,0
19749,/products,1,0,0,0,0,0
19749,/the-original-mr-fuzzy,0,1,0,0,0,0
19750,/lander-1,0,0,0,0,0,0
19750,/products,1,0,0,0,0,0
19751,/lander-1,0,0,0,0,0,0
19752,/lander-1,0,0,0,0,0,0
19753,/lander-1,0,0,0,0,0,0
19754,/lander-1,0,0,0,0,0,0
19755,/lander-1,0,0,0,0,0,0
19756,/lander-1,0,0,0,0,0,0
19757,/lander-1,0,0,0,0,0,0
19760,/lander-1,0,0,0,0,0,0
19760,/products,1,0,0,0,0,0
19761,/lander-1,0,0,0,0,0,0
19763,/lander-1,0,0,0,0,0,0
19763,/products,1,0,0,0,0,0
19763,/the-original-mr-fuzzy,0,1,0,0,0,0
19763,/cart,0,0,1,0,0,0
19763,/shipping,0,0,0,1,0,0
19763,/billing,0,0,0,0,1,0
19764,/lander-1,0,0,0,0,0,0
19764,/products,1,0,0,0,0,0
19764,/the-original-mr-fuzzy,0,1,0,0,0,0
19765,/lander-1,0,0,0,0,0,0
19766,/lander-1,0,0,0,0,0,0
19766,/products,1,0,0,0,0,0
19768,/lander-1,0,0,0,0,0,0
19768,/products,1,0,0,0,0,0
19769,/lander-1,0,0,0,0,0,0
19769,/products,1,0,0,0,0,0
19770,/lander-1,0,0,0,0,0,0
19771,/lander-1,0,0,0,0,0,0
19771,/products,1,0,0,0,0,0
19771,/the-original-mr-fuzzy,0,1,0,0,0,0
19772,/lander-1,0,0,0,0,0,0
19772,/products,1,0,0,0,0,0
19772,/the-original-mr-fuzzy,0,1,0,0,0,0
19774,/lander-1,0,0,0,0,0,0
19775,/lander-1,0,0,0,0,0,0
19775,/products,1,0,0,0,0,0
19776,/lander-1,0,0,0,0,0,0
19776,/products,1,0,0,0,0,0
19777,/lander-1,0,0,0,0,0,0
19778,/lander-1,0,0,0,0,0,0
19778,/products,1,0,0,0,0,0
19780,/lander-1,0,0,0,0,0,0
19782,/lander-1,0,0,0,0,0,0
19782,/products,1,0,0,0,0,0
19782,/the-original-mr-fuzzy,0,1,0,0,0,0
19783,/lander-1,0,0,0,0,0,0
19783,/products,1,0,0,0,0,0
19784,/lander-1,0,0,0,0,0,0
19784,/products,1,0,0,0,0,0
19784,/the-original-mr-fuzzy,0,1,0,0,0,0
19784,/cart,0,0,1,0,0,0
19784,/shipping,0,0,0,1,0,0
19784,/billing,0,0,0,0,1,0
19784,/thank-you-for-your-order,0,0,0,0,0,1
19785,/lander-1,0,0,0,0,0,0
19786,/lander-1,0,0,0,0,0,0
19786,/products,1,0,0,0,0,0
19786,/the-original-mr-fuzzy,0,1,0,0,0,0
19786,/cart,0,0,1,0,0,0
19787,/lander-1,0,0,0,0,0,0
19789,/lander-1,0,0,0,0,0,0
19789,/products,1,0,0,0,0,0
19790,/lander-1,0,0,0,0,0,0
19791,/lander-1,0,0,0,0,0,0
19792,/lander-1,0,0,0,0,0,0
19793,/lander-1,0,0,0,0,0,0
19793,/products,1,0,0,0,0,0
19793,/the-original-mr-fuzzy,0,1,0,0,0,0
19793,/cart,0,0,1,0,0,0
19793,/shipping,0,0,0,1,0,0
19793,/billing,0,0,0,0,1,0
19794,/lander-1,0,0,0,0,0,0
19796,/lander-1,0,0,0,0,0,0
19796,/products,1,0,0,0,0,0
19796,/the-original-mr-fuzzy,0,1,0,0,0,0
19797,/lander-1,0,0,0,0,0,0
19799,/lander-1,0,0,0,0,0,0
19799,/products,1,0,0,0,0,0
19799,/the-original-mr-fuzzy,0,1,0,0,0,0
19799,/cart,0,0,1,0,0,0
19799,/shipping,0,0,0,1,0,0
19800,/lander-1,0,0,0,0,0,0
19802,/lander-1,0,0,0,0,0,0
19803,/lander-1,0,0,0,0,0,0
19803,/products,1,0,0,0,0,0
19803,/the-original-mr-fuzzy,0,1,0,0,0,0
19804,/lander-1,0,0,0,0,0,0
19806,/lander-1,0,0,0,0,0,0
19807,/lander-1,0,0,0,0,0,0
19807,/products,1,0,0,0,0,0
19807,/the-original-mr-fuzzy,0,1,0,0,0,0
19808,/lander-1,0,0,0,0,0,0
19809,/lander-1,0,0,0,0,0,0
19810,/lander-1,0,0,0,0,0,0
19811,/lander-1,0,0,0,0,0,0
19812,/lander-1,0,0,0,0,0,0
19812,/products,1,0,0,0,0,0
19813,/lander-1,0,0,0,0,0,0
19813,/products,1,0,0,0,0,0
19813,/the-original-mr-fuzzy,0,1,0,0,0,0
19814,/lander-1,0,0,0,0,0,0
19814,/products,1,0,0,0,0,0
19814,/the-original-mr-fuzzy,0,1,0,0,0,0
19815,/lander-1,0,0,0,0,0,0
19816,/lander-1,0,0,0,0,0,0
19816,/products,1,0,0,0,0,0
19816,/the-original-mr-fuzzy,0,1,0,0,0,0
19817,/lander-1,0,0,0,0,0,0
19817,/products,1,0,0,0,0,0
19818,/lander-1,0,0,0,0,0,0
19819,/lander-1,0,0,0,0,0,0
19819,/products,1,0,0,0,0,0
19819,/the-original-mr-fuzzy,0,1,0,0,0,0
19820,/lander-1,0,0,0,0,0,0
19821,/lander-1,0,0,0,0,0,0
19821,/products,1,0,0,0,0,0
19821,/the-original-mr-fuzzy,0,1,0,0,0,0
19821,/cart,0,0,1,0,0,0
19821,/shipping,0,0,0,1,0,0
19821,/billing,0,0,0,0,1,0
19823,/lander-1,0,0,0,0,0,0
19824,/lander-1,0,0,0,0,0,0
19825,/lander-1,0,0,0,0,0,0
19825,/products,1,0,0,0,0,0
19826,/lander-1,0,0,0,0,0,0
19827,/lander-1,0,0,0,0,0,0
19827,/products,1,0,0,0,0,0
19827,/the-original-mr-fuzzy,0,1,0,0,0,0
19828,/lander-1,0,0,0,0,0,0
19828,/products,1,0,0,0,0,0
19828,/the-original-mr-fuzzy,0,1,0,0,0,0
19829,/lander-1,0,0,0,0,0,0
19830,/lander-1,0,0,0,0,0,0
19831,/lander-1,0,0,0,0,0,0
19831,/products,1,0,0,0,0,0
19831,/the-original-mr-fuzzy,0,1,0,0,0,0
19832,/lander-1,0,0,0,0,0,0
19834,/lander-1,0,0,0,0,0,0
19834,/products,1,0,0,0,0,0
19834,/the-original-mr-fuzzy,0,1,0,0,0,0
19834,/cart,0,0,1,0,0,0
19834,/shipping,0,0,0,1,0,0
19834,/billing,0,0,0,0,1,0
19835,/lander-1,0,0,0,0,0,0
19835,/products,1,0,0,0,0,0
19835,/the-original-mr-fuzzy,0,1,0,0,0,0
19836,/lander-1,0,0,0,0,0,0
19836,/products,1,0,0,0,0,0
19836,/the-original-mr-fuzzy,0,1,0,0,0,0
19836,/cart,0,0,1,0,0,0
19836,/shipping,0,0,0,1,0,0
19837,/lander-1,0,0,0,0,0,0
19837,/products,1,0,0,0,0,0
19837,/the-original-mr-fuzzy,0,1,0,0,0,0
19838,/lander-1,0,0,0,0,0,0
19839,/lander-1,0,0,0,0,0,0
19839,/products,1,0,0,0,0,0
19839,/the-original-mr-fuzzy,0,1,0,0,0,0
19840,/lander-1,0,0,0,0,0,0
19841,/lander-1,0,0,0,0,0,0
19841,/products,1,0,0,0,0,0
19841,/the-original-mr-fuzzy,0,1,0,0,0,0
19841,/cart,0,0,1,0,0,0
19841,/shipping,0,0,0,1,0,0
19841,/billing,0,0,0,0,1,0
19841,/thank-you-for-your-order,0,0,0,0,0,1
19842,/lander-1,0,0,0,0,0,0
19843,/lander-1,0,0,0,0,0,0
19843,/products,1,0,0,0,0,0
19844,/lander-1,0,0,0,0,0,0
19844,/products,1,0,0,0,0,0
19844,/the-original-mr-fuzzy,0,1,0,0,0,0
19845,/lander-1,0,0,0,0,0,0
19847,/lander-1,0,0,0,0,0,0
19848,/lander-1,0,0,0,0,0,0
19849,/lander-1,0,0,0,0,0,0
19850,/lander-1,0,0,0,0,0,0
19850,/products,1,0,0,0,0,0
19850,/the-original-mr-fuzzy,0,1,0,0,0,0
19850,/cart,0,0,1,0,0,0
19850,/shipping,0,0,0,1,0,0
19850,/billing,0,0,0,0,1,0
19850,/thank-you-for-your-order,0,0,0,0,0,1
19851,/lander-1,0,0,0,0,0,0
19853,/lander-1,0,0,0,0,0,0
19853,/products,1,0,0,0,0,0
19854,/lander-1,0,0,0,0,0,0
19854,/products,1,0,0,0,0,0
19855,/lander-1,0,0,0,0,0,0
19855,/products,1,0,0,0,0,0
19856,/lander-1,0,0,0,0,0,0
19856,/products,1,0,0,0,0,0
19856,/the-original-mr-fuzzy,0,1,0,0,0,0
19856,/cart,0,0,1,0,0,0
19856,/shipping,0,0,0,1,0,0
19856,/billing,0,0,0,0,1,0
19856,/thank-you-for-your-order,0,0,0,0,0,1
19857,/lander-1,0,0,0,0,0,0
19858,/lander-1,0,0,0,0,0,0
19858,/products,1,0,0,0,0,0
19859,/lander-1,0,0,0,0,0,0
19859,/products,1,0,0,0,0,0
19859,/the-original-mr-fuzzy,0,1,0,0,0,0
19860,/lander-1,0,0,0,0,0,0
19861,/lander-1,0,0,0,0,0,0
19861,/products,1,0,0,0,0,0
19861,/the-original-mr-fuzzy,0,1,0,0,0,0
19861,/cart,0,0,1,0,0,0
19862,/lander-1,0,0,0,0,0,0
19862,/products,1,0,0,0,0,0
19862,/the-original-mr-fuzzy,0,1,0,0,0,0
19862,/cart,0,0,1,0,0,0
19862,/shipping,0,0,0,1,0,0
19862,/billing,0,0,0,0,1,0
19862,/thank-you-for-your-order,0,0,0,0,0,1
19863,/lander-1,0,0,0,0,0,0
19863,/products,1,0,0,0,0,0
19863,/the-original-mr-fuzzy,0,1,0,0,0,0
19864,/lander-1,0,0,0,0,0,0
19865,/lander-1,0,0,0,0,0,0
19866,/lander-1,0,0,0,0,0,0
19867,/lander-1,0,0,0,0,0,0
19869,/lander-1,0,0,0,0,0,0
19870,/lander-1,0,0,0,0,0,0
19870,/products,1,0,0,0,0,0
19870,/the-original-mr-fuzzy,0,1,0,0,0,0
19872,/lander-1,0,0,0,0,0,0
19873,/lander-1,0,0,0,0,0,0
19873,/products,1,0,0,0,0,0
19873,/the-original-mr-fuzzy,0,1,0,0,0,0
19874,/lander-1,0,0,0,0,0,0
19875,/lander-1,0,0,0,0,0,0
19876,/lander-1,0,0,0,0,0,0
19876,/products,1,0,0,0,0,0
19876,/the-original-mr-fuzzy,0,1,0,0,0,0
19876,/cart,0,0,1,0,0,0
19876,/shipping,0,0,0,1,0,0
19876,/billing,0,0,0,0,1,0
19877,/lander-1,0,0,0,0,0,0
19878,/lander-1,0,0,0,0,0,0
19879,/lander-1,0,0,0,0,0,0
19879,/products,1,0,0,0,0,0
19880,/lander-1,0,0,0,0,0,0
19880,/products,1,0,0,0,0,0
19880,/the-original-mr-fuzzy,0,1,0,0,0,0
19882,/lander-1,0,0,0,0,0,0
19882,/products,1,0,0,0,0,0
19883,/lander-1,0,0,0,0,0,0
19884,/lander-1,0,0,0,0,0,0
19884,/products,1,0,0,0,0,0
19884,/the-original-mr-fuzzy,0,1,0,0,0,0
19885,/lander-1,0,0,0,0,0,0
19885,/products,1,0,0,0,0,0
19885,/the-original-mr-fuzzy,0,1,0,0,0,0
19886,/lander-1,0,0,0,0,0,0
19886,/products,1,0,0,0,0,0
19886,/the-original-mr-fuzzy,0,1,0,0,0,0
19887,/lander-1,0,0,0,0,0,0
19889,/lander-1,0,0,0,0,0,0
19889,/products,1,0,0,0,0,0
19889,/the-original-mr-fuzzy,0,1,0,0,0,0
19890,/lander-1,0,0,0,0,0,0
19891,/lander-1,0,0,0,0,0,0
19893,/lander-1,0,0,0,0,0,0
19894,/lander-1,0,0,0,0,0,0
19895,/lander-1,0,0,0,0,0,0
19895,/products,1,0,0,0,0,0
19895,/the-original-mr-fuzzy,0,1,0,0,0,0
19896,/lander-1,0,0,0,0,0,0
19896,/products,1,0,0,0,0,0
19896,/the-original-mr-fuzzy,0,1,0,0,0,0
19897,/lander-1,0,0,0,0,0,0
19897,/products,1,0,0,0,0,0
19897,/the-original-mr-fuzzy,0,1,0,0,0,0
19898,/lander-1,0,0,0,0,0,0
19899,/lander-1,0,0,0,0,0,0
19899,/products,1,0,0,0,0,0
19899,/the-original-mr-fuzzy,0,1,0,0,0,0
19899,/cart,0,0,1,0,0,0
19899,/shipping,0,0,0,1,0,0
19899,/billing,0,0,0,0,1,0
19901,/lander-1,0,0,0,0,0,0
19902,/lander-1,0,0,0,0,0,0
19902,/products,1,0,0,0,0,0
19903,/lander-1,0,0,0,0,0,0
19903,/products,1,0,0,0,0,0
19903,/the-original-mr-fuzzy,0,1,0,0,0,0
19904,/lander-1,0,0,0,0,0,0
19904,/products,1,0,0,0,0,0
19905,/lander-1,0,0,0,0,0,0
19905,/products,1,0,0,0,0,0
19906,/lander-1,0,0,0,0,0,0
19906,/products,1,0,0,0,0,0
19906,/the-original-mr-fuzzy,0,1,0,0,0,0
19907,/lander-1,0,0,0,0,0,0
19908,/lander-1,0,0,0,0,0,0
19908,/products,1,0,0,0,0,0
19910,/lander-1,0,0,0,0,0,0
19911,/lander-1,0,0,0,0,0,0
19911,/products,1,0,0,0,0,0
19911,/the-original-mr-fuzzy,0,1,0,0,0,0
19912,/lander-1,0,0,0,0,0,0
19913,/lander-1,0,0,0,0,0,0
19915,/lander-1,0,0,0,0,0,0
19916,/lander-1,0,0,0,0,0,0
19916,/products,1,0,0,0,0,0
19916,/the-original-mr-fuzzy,0,1,0,0,0,0
19916,/cart,0,0,1,0,0,0
19916,/shipping,0,0,0,1,0,0
19918,/lander-1,0,0,0,0,0,0
19918,/products,1,0,0,0,0,0
19918,/the-original-mr-fuzzy,0,1,0,0,0,0
19919,/lander-1,0,0,0,0,0,0
19920,/lander-1,0,0,0,0,0,0
19920,/products,1,0,0,0,0,0
19920,/the-original-mr-fuzzy,0,1,0,0,0,0
19920,/cart,0,0,1,0,0,0
19920,/shipping,0,0,0,1,0,0
19920,/billing,0,0,0,0,1,0
19920,/thank-you-for-your-order,0,0,0,0,0,1
19921,/lander-1,0,0,0,0,0,0
19921,/products,1,0,0,0,0,0
19921,/the-original-mr-fuzzy,0,1,0,0,0,0
19922,/lander-1,0,0,0,0,0,0
19922,/products,1,0,0,0,0,0
19922,/the-original-mr-fuzzy,0,1,0,0,0,0
19923,/lander-1,0,0,0,0,0,0
19923,/products,1,0,0,0,0,0
19925,/lander-1,0,0,0,0,0,0
19926,/lander-1,0,0,0,0,0,0
19926,/products,1,0,0,0,0,0
19926,/the-original-mr-fuzzy,0,1,0,0,0,0
19926,/cart,0,0,1,0,0,0
19926,/shipping,0,0,0,1,0,0
19926,/billing,0,0,0,0,1,0
19927,/lander-1,0,0,0,0,0,0
19928,/lander-1,0,0,0,0,0,0
19928,/products,1,0,0,0,0,0
19930,/lander-1,0,0,0,0,0,0
19930,/products,1,0,0,0,0,0
19930,/the-original-mr-fuzzy,0,1,0,0,0,0
19931,/lander-1,0,0,0,0,0,0
19931,/products,1,0,0,0,0,0
19931,/the-original-mr-fuzzy,0,1,0,0,0,0
19931,/cart,0,0,1,0,0,0
19932,/lander-1,0,0,0,0,0,0
19932,/products,1,0,0,0,0,0
19932,/the-original-mr-fuzzy,0,1,0,0,0,0
19932,/cart,0,0,1,0,0,0
19933,/lander-1,0,0,0,0,0,0
19934,/lander-1,0,0,0,0,0,0
19936,/lander-1,0,0,0,0,0,0
19938,/lander-1,0,0,0,0,0,0
19939,/lander-1,0,0,0,0,0,0
19940,/lander-1,0,0,0,0,0,0
19941,/lander-1,0,0,0,0,0,0
19942,/lander-1,0,0,0,0,0,0
19943,/lander-1,0,0,0,0,0,0
19944,/lander-1,0,0,0,0,0,0
19945,/lander-1,0,0,0,0,0,0
19945,/products,1,0,0,0,0,0
19945,/the-original-mr-fuzzy,0,1,0,0,0,0
19945,/cart,0,0,1,0,0,0
19945,/shipping,0,0,0,1,0,0
19945,/billing,0,0,0,0,1,0
19945,/thank-you-for-your-order,0,0,0,0,0,1
19946,/lander-1,0,0,0,0,0,0
19947,/lander-1,0,0,0,0,0,0
19947,/products,1,0,0,0,0,0
19947,/the-original-mr-fuzzy,0,1,0,0,0,0
19948,/lander-1,0,0,0,0,0,0
19948,/products,1,0,0,0,0,0
19948,/the-original-mr-fuzzy,0,1,0,0,0,0
19948,/cart,0,0,1,0,0,0
19949,/lander-1,0,0,0,0,0,0
19950,/lander-1,0,0,0,0,0,0
19951,/lander-1,0,0,0,0,0,0
19951,/products,1,0,0,0,0,0
19951,/the-original-mr-fuzzy,0,1,0,0,0,0
19953,/lander-1,0,0,0,0,0,0
19954,/lander-1,0,0,0,0,0,0
19954,/products,1,0,0,0,0,0
19954,/the-original-mr-fuzzy,0,1,0,0,0,0
19955,/lander-1,0,0,0,0,0,0
19956,/lander-1,0,0,0,0,0,0
19958,/lander-1,0,0,0,0,0,0
19959,/lander-1,0,0,0,0,0,0
19960,/lander-1,0,0,0,0,0,0
19961,/lander-1,0,0,0,0,0,0
19961,/products,1,0,0,0,0,0
19962,/lander-1,0,0,0,0,0,0
19963,/lander-1,0,0,0,0,0,0
19963,/products,1,0,0,0,0,0
19963,/the-original-mr-fuzzy,0,1,0,0,0,0
19964,/lander-1,0,0,0,0,0,0
19965,/lander-1,0,0,0,0,0,0
19968,/lander-1,0,0,0,0,0,0
19968,/products,1,0,0,0,0,0
19968,/the-original-mr-fuzzy,0,1,0,0,0,0
19969,/lander-1,0,0,0,0,0,0
19969,/products,1,0,0,0,0,0
19969,/the-original-mr-fuzzy,0,1,0,0,0,0
19970,/lander-1,0,0,0,0,0,0
19970,/products,1,0,0,0,0,0
19971,/lander-1,0,0,0,0,0,0
19971,/products,1,0,0,0,0,0
19972,/lander-1,0,0,0,0,0,0
19972,/products,1,0,0,0,0,0
19972,/the-original-mr-fuzzy,0,1,0,0,0,0
19973,/lander-1,0,0,0,0,0,0
19973,/products,1,0,0,0,0,0
19973,/the-original-mr-fuzzy,0,1,0,0,0,0
19974,/lander-1,0,0,0,0,0,0
19975,/lander-1,0,0,0,0,0,0
19975,/products,1,0,0,0,0,0
19975,/the-original-mr-fuzzy,0,1,0,0,0,0
19975,/cart,0,0,1,0,0,0
19975,/shipping,0,0,0,1,0,0
19975,/billing,0,0,0,0,1,0
19976,/lander-1,0,0,0,0,0,0
19976,/products,1,0,0,0,0,0
19976,/the-original-mr-fuzzy,0,1,0,0,0,0
19976,/cart,0,0,1,0,0,0
19978,/lander-1,0,0,0,0,0,0
19980,/lander-1,0,0,0,0,0,0
19980,/products,1,0,0,0,0,0
19982,/lander-1,0,0,0,0,0,0
19984,/lander-1,0,0,0,0,0,0
19984,/products,1,0,0,0,0,0
19984,/the-original-mr-fuzzy,0,1,0,0,0,0
19985,/lander-1,0,0,0,0,0,0
19985,/products,1,0,0,0,0,0
19985,/the-original-mr-fuzzy,0,1,0,0,0,0
19986,/lander-1,0,0,0,0,0,0
19986,/products,1,0,0,0,0,0
19987,/lander-1,0,0,0,0,0,0
19987,/products,1,0,0,0,0,0
19987,/the-original-mr-fuzzy,0,1,0,0,0,0
19987,/cart,0,0,1,0,0,0
19987,/shipping,0,0,0,1,0,0
19987,/billing,0,0,0,0,1,0
19987,/thank-you-for-your-order,0,0,0,0,0,1
19989,/lander-1,0,0,0,0,0,0
19989,/products,1,0,0,0,0,0
19991,/lander-1,0,0,0,0,0,0
19992,/lander-1,0,0,0,0,0,0
19994,/lander-1,0,0,0,0,0,0
19995,/lander-1,0,0,0,0,0,0
19998,/lander-1,0,0,0,0,0,0
20000,/lander-1,0,0,0,0,0,0
20000,/products,1,0,0,0,0,0
20000,/the-original-mr-fuzzy,0,1,0,0,0,0
20001,/lander-1,0,0,0,0,0,0
20002,/lander-1,0,0,0,0,0,0
20005,/lander-1,0,0,0,0,0,0
20005,/products,1,0,0,0,0,0
20005,/the-original-mr-fuzzy,0,1,0,0,0,0
20006,/lander-1,0,0,0,0,0,0
20007,/lander-1,0,0,0,0,0,0
20009,/lander-1,0,0,0,0,0,0
20009,/products,1,0,0,0,0,0
20009,/the-original-mr-fuzzy,0,1,0,0,0,0
20010,/lander-1,0,0,0,0,0,0
20011,/lander-1,0,0,0,0,0,0
20012,/lander-1,0,0,0,0,0,0
20012,/products,1,0,0,0,0,0
20012,/the-original-mr-fuzzy,0,1,0,0,0,0
20015,/lander-1,0,0,0,0,0,0
20015,/products,1,0,0,0,0,0
20015,/the-original-mr-fuzzy,0,1,0,0,0,0
20015,/cart,0,0,1,0,0,0
20015,/shipping,0,0,0,1,0,0
20016,/lander-1,0,0,0,0,0,0
20018,/lander-1,0,0,0,0,0,0
20019,/lander-1,0,0,0,0,0,0
20019,/products,1,0,0,0,0,0
20019,/the-original-mr-fuzzy,0,1,0,0,0,0
20019,/cart,0,0,1,0,0,0
20019,/shipping,0,0,0,1,0,0
20019,/billing,0,0,0,0,1,0
20019,/thank-you-for-your-order,0,0,0,0,0,1
20020,/lander-1,0,0,0,0,0,0
20020,/products,1,0,0,0,0,0
20020,/the-original-mr-fuzzy,0,1,0,0,0,0
20021,/lander-1,0,0,0,0,0,0
20021,/products,1,0,0,0,0,0
20021,/the-original-mr-fuzzy,0,1,0,0,0,0
20022,/lander-1,0,0,0,0,0,0
20022,/products,1,0,0,0,0,0
20023,/lander-1,0,0,0,0,0,0
20023,/products,1,0,0,0,0,0
20023,/the-original-mr-fuzzy,0,1,0,0,0,0
20024,/lander-1,0,0,0,0,0,0
20025,/lander-1,0,0,0,0,0,0
20025,/products,1,0,0,0,0,0
20027,/lander-1,0,0,0,0,0,0
20027,/products,1,0,0,0,0,0
20027,/the-original-mr-fuzzy,0,1,0,0,0,0
20028,/lander-1,0,0,0,0,0,0
20028,/products,1,0,0,0,0,0
20029,/lander-1,0,0,0,0,0,0
20029,/products,1,0,0,0,0,0
20029,/the-original-mr-fuzzy,0,1,0,0,0,0
20031,/lander-1,0,0,0,0,0,0
20032,/lander-1,0,0,0,0,0,0
20034,/lander-1,0,0,0,0,0,0
20034,/products,1,0,0,0,0,0
20034,/the-original-mr-fuzzy,0,1,0,0,0,0
20035,/lander-1,0,0,0,0,0,0
20036,/lander-1,0,0,0,0,0,0
20037,/lander-1,0,0,0,0,0,0
20037,/products,1,0,0,0,0,0
20037,/the-original-mr-fuzzy,0,1,0,0,0,0
20038,/lander-1,0,0,0,0,0,0
20039,/lander-1,0,0,0,0,0,0
20039,/products,1,0,0,0,0,0
20039,/the-original-mr-fuzzy,0,1,0,0,0,0
20040,/lander-1,0,0,0,0,0,0
20041,/lander-1,0,0,0,0,0,0
20042,/lander-1,0,0,0,0,0,0
20044,/lander-1,0,0,0,0,0,0
20045,/lander-1,0,0,0,0,0,0
20046,/lander-1,0,0,0,0,0,0
20048,/lander-1,0,0,0,0,0,0
20048,/products,1,0,0,0,0,0
20048,/the-original-mr-fuzzy,0,1,0,0,0,0
20049,/lander-1,0,0,0,0,0,0
20050,/lander-1,0,0,0,0,0,0
20050,/products,1,0,0,0,0,0
20051,/lander-1,0,0,0,0,0,0
20052,/lander-1,0,0,0,0,0,0
20053,/lander-1,0,0,0,0,0,0
20053,/products,1,0,0,0,0,0
20054,/lander-1,0,0,0,0,0,0
20055,/lander-1,0,0,0,0,0,0
20056,/lander-1,0,0,0,0,0,0
20057,/lander-1,0,0,0,0,0,0
20057,/products,1,0,0,0,0,0
20058,/lander-1,0,0,0,0,0,0
20058,/products,1,0,0,0,0,0
20058,/the-original-mr-fuzzy,0,1,0,0,0,0
20058,/cart,0,0,1,0,0,0
20059,/lander-1,0,0,0,0,0,0
20060,/lander-1,0,0,0,0,0,0
20060,/products,1,0,0,0,0,0
20061,/lander-1,0,0,0,0,0,0
20061,/products,1,0,0,0,0,0
20061,/the-original-mr-fuzzy,0,1,0,0,0,0
20062,/lander-1,0,0,0,0,0,0
20062,/products,1,0,0,0,0,0
20064,/lander-1,0,0,0,0,0,0
20064,/products,1,0,0,0,0,0
20064,/the-original-mr-fuzzy,0,1,0,0,0,0
20065,/lander-1,0,0,0,0,0,0
20066,/lander-1,0,0,0,0,0,0
20066,/products,1,0,0,0,0,0
20067,/lander-1,0,0,0,0,0,0
20069,/lander-1,0,0,0,0,0,0
20069,/products,1,0,0,0,0,0
20069,/the-original-mr-fuzzy,0,1,0,0,0,0
20070,/lander-1,0,0,0,0,0,0
20070,/products,1,0,0,0,0,0
20070,/the-original-mr-fuzzy,0,1,0,0,0,0
20071,/lander-1,0,0,0,0,0,0
20071,/products,1,0,0,0,0,0
20071,/the-original-mr-fuzzy,0,1,0,0,0,0
20071,/cart,0,0,1,0,0,0
20071,/shipping,0,0,0,1,0,0
20072,/lander-1,0,0,0,0,0,0
20073,/lander-1,0,0,0,0,0,0
20074,/lander-1,0,0,0,0,0,0
20076,/lander-1,0,0,0,0,0,0
20077,/lander-1,0,0,0,0,0,0
20078,/lander-1,0,0,0,0,0,0
20079,/lander-1,0,0,0,0,0,0
20079,/products,1,0,0,0,0,0
20079,/the-original-mr-fuzzy,0,1,0,0,0,0
20080,/lander-1,0,0,0,0,0,0
20080,/products,1,0,0,0,0,0
20081,/lander-1,0,0,0,0,0,0
20082,/lander-1,0,0,0,0,0,0
20083,/lander-1,0,0,0,0,0,0
20085,/lander-1,0,0,0,0,0,0
20088,/lander-1,0,0,0,0,0,0
20089,/lander-1,0,0,0,0,0,0
20090,/lander-1,0,0,0,0,0,0
20091,/lander-1,0,0,0,0,0,0
20092,/lander-1,0,0,0,0,0,0
20092,/products,1,0,0,0,0,0
20092,/the-original-mr-fuzzy,0,1,0,0,0,0
20093,/lander-1,0,0,0,0,0,0
20094,/lander-1,0,0,0,0,0,0
20094,/products,1,0,0,0,0,0
20094,/the-original-mr-fuzzy,0,1,0,0,0,0
20095,/lander-1,0,0,0,0,0,0
20096,/lander-1,0,0,0,0,0,0
20097,/lander-1,0,0,0,0,0,0
20099,/lander-1,0,0,0,0,0,0
20100,/lander-1,0,0,0,0,0,0
20102,/lander-1,0,0,0,0,0,0
20102,/products,1,0,0,0,0,0
20103,/lander-1,0,0,0,0,0,0
20104,/lander-1,0,0,0,0,0,0
20106,/lander-1,0,0,0,0,0,0
20106,/products,1,0,0,0,0,0
20106,/the-original-mr-fuzzy,0,1,0,0,0,0
20108,/lander-1,0,0,0,0,0,0
20108,/products,1,0,0,0,0,0
20109,/lander-1,0,0,0,0,0,0
20109,/products,1,0,0,0,0,0
20109,/the-original-mr-fuzzy,0,1,0,0,0,0
20110,/lander-1,0,0,0,0,0,0
20111,/lander-1,0,0,0,0,0,0
20111,/products,1,0,0,0,0,0
20111,/the-original-mr-fuzzy,0,1,0,0,0,0
20111,/cart,0,0,1,0,0,0
20111,/shipping,0,0,0,1,0,0
20111,/billing,0,0,0,0,1,0
20112,/lander-1,0,0,0,0,0,0
20112,/products,1,0,0,0,0,0
20112,/the-original-mr-fuzzy,0,1,0,0,0,0
20113,/lander-1,0,0,0,0,0,0
20115,/lander-1,0,0,0,0,0,0
20116,/lander-1,0,0,0,0,0,0
20117,/lander-1,0,0,0,0,0,0
20118,/lander-1,0,0,0,0,0,0
20118,/products,1,0,0,0,0,0
20118,/the-original-mr-fuzzy,0,1,0,0,0,0
20118,/cart,0,0,1,0,0,0
20119,/lander-1,0,0,0,0,0,0
20119,/products,1,0,0,0,0,0
20119,/the-original-mr-fuzzy,0,1,0,0,0,0
20119,/cart,0,0,1,0,0,0
20119,/shipping,0,0,0,1,0,0
20119,/billing,0,0,0,0,1,0
20120,/lander-1,0,0,0,0,0,0
20121,/lander-1,0,0,0,0,0,0
20121,/products,1,0,0,0,0,0
20121,/the-original-mr-fuzzy,0,1,0,0,0,0
20124,/lander-1,0,0,0,0,0,0
20124,/products,1,0,0,0,0,0
20125,/lander-1,0,0,0,0,0,0
20127,/lander-1,0,0,0,0,0,0
20128,/lander-1,0,0,0,0,0,0
20129,/lander-1,0,0,0,0,0,0
20129,/products,1,0,0,0,0,0
20129,/the-original-mr-fuzzy,0,1,0,0,0,0
20129,/cart,0,0,1,0,0,0
20129,/shipping,0,0,0,1,0,0
20129,/billing,0,0,0,0,1,0
20129,/thank-you-for-your-order,0,0,0,0,0,1
20131,/lander-1,0,0,0,0,0,0
20132,/lander-1,0,0,0,0,0,0
20132,/products,1,0,0,0,0,0
20132,/the-original-mr-fuzzy,0,1,0,0,0,0
20133,/lander-1,0,0,0,0,0,0
20133,/products,1,0,0,0,0,0
20133,/the-original-mr-fuzzy,0,1,0,0,0,0
20134,/lander-1,0,0,0,0,0,0
20136,/lander-1,0,0,0,0,0,0
20137,/lander-1,0,0,0,0,0,0
20137,/products,1,0,0,0,0,0
20137,/the-original-mr-fuzzy,0,1,0,0,0,0
20138,/lander-1,0,0,0,0,0,0
20139,/lander-1,0,0,0,0,0,0
20140,/lander-1,0,0,0,0,0,0
20140,/products,1,0,0,0,0,0
20140,/the-original-mr-fuzzy,0,1,0,0,0,0
20142,/lander-1,0,0,0,0,0,0
20142,/products,1,0,0,0,0,0
20142,/the-original-mr-fuzzy,0,1,0,0,0,0
20142,/cart,0,0,1,0,0,0
20142,/shipping,0,0,0,1,0,0
20142,/billing,0,0,0,0,1,0
20142,/thank-you-for-your-order,0,0,0,0,0,1
20144,/lander-1,0,0,0,0,0,0
20145,/lander-1,0,0,0,0,0,0
20145,/products,1,0,0,0,0,0
20145,/the-original-mr-fuzzy,0,1,0,0,0,0
20146,/lander-1,0,0,0,0,0,0
20147,/lander-1,0,0,0,0,0,0
20148,/lander-1,0,0,0,0,0,0
20148,/products,1,0,0,0,0,0
20149,/lander-1,0,0,0,0,0,0
20150,/lander-1,0,0,0,0,0,0
20151,/lander-1,0,0,0,0,0,0
20151,/products,1,0,0,0,0,0
20151,/the-original-mr-fuzzy,0,1,0,0,0,0
20152,/lander-1,0,0,0,0,0,0
20153,/lander-1,0,0,0,0,0,0
20153,/products,1,0,0,0,0,0
20153,/the-original-mr-fuzzy,0,1,0,0,0,0
20154,/lander-1,0,0,0,0,0,0
20154,/products,1,0,0,0,0,0
20154,/the-original-mr-fuzzy,0,1,0,0,0,0
20155,/lander-1,0,0,0,0,0,0
20156,/lander-1,0,0,0,0,0,0
20156,/products,1,0,0,0,0,0
20156,/the-original-mr-fuzzy,0,1,0,0,0,0
20157,/lander-1,0,0,0,0,0,0
20158,/lander-1,0,0,0,0,0,0
20159,/lander-1,0,0,0,0,0,0
20160,/lander-1,0,0,0,0,0,0
20160,/products,1,0,0,0,0,0
20161,/lander-1,0,0,0,0,0,0
20161,/products,1,0,0,0,0,0
20161,/the-original-mr-fuzzy,0,1,0,0,0,0
20162,/lander-1,0,0,0,0,0,0
20162,/products,1,0,0,0,0,0
20162,/the-original-mr-fuzzy,0,1,0,0,0,0
20163,/lander-1,0,0,0,0,0,0
20164,/lander-1,0,0,0,0,0,0
20164,/products,1,0,0,0,0,0
20164,/the-original-mr-fuzzy,0,1,0,0,0,0
20164,/cart,0,0,1,0,0,0
20164,/shipping,0,0,0,1,0,0
20164,/billing,0,0,0,0,1,0
20165,/lander-1,0,0,0,0,0,0
20165,/products,1,0,0,0,0,0
20167,/lander-1,0,0,0,0,0,0
20168,/lander-1,0,0,0,0,0,0
20168,/products,1,0,0,0,0,0
20168,/the-original-mr-fuzzy,0,1,0,0,0,0
20169,/lander-1,0,0,0,0,0,0
20170,/lander-1,0,0,0,0,0,0
20171,/lander-1,0,0,0,0,0,0
20172,/lander-1,0,0,0,0,0,0
20173,/lander-1,0,0,0,0,0,0
20173,/products,1,0,0,0,0,0
20174,/lander-1,0,0,0,0,0,0
20174,/products,1,0,0,0,0,0
20175,/lander-1,0,0,0,0,0,0
20175,/products,1,0,0,0,0,0
20175,/the-original-mr-fuzzy,0,1,0,0,0,0
20176,/lander-1,0,0,0,0,0,0
20176,/products,1,0,0,0,0,0
20176,/the-original-mr-fuzzy,0,1,0,0,0,0
20178,/lander-1,0,0,0,0,0,0
20180,/lander-1,0,0,0,0,0,0
20180,/products,1,0,0,0,0,0
20180,/the-original-mr-fuzzy,0,1,0,0,0,0
20180,/cart,0,0,1,0,0,0
20180,/shipping,0,0,0,1,0,0
20180,/billing,0,0,0,0,1,0
20180,/thank-you-for-your-order,0,0,0,0,0,1
20181,/lander-1,0,0,0,0,0,0
20181,/products,1,0,0,0,0,0
20181,/the-original-mr-fuzzy,0,1,0,0,0,0
20181,/cart,0,0,1,0,0,0
20181,/shipping,0,0,0,1,0,0
20182,/lander-1,0,0,0,0,0,0
20183,/lander-1,0,0,0,0,0,0
20183,/products,1,0,0,0,0,0
20184,/lander-1,0,0,0,0,0,0
20185,/lander-1,0,0,0,0,0,0
20185,/products,1,0,0,0,0,0
20185,/the-original-mr-fuzzy,0,1,0,0,0,0
20185,/cart,0,0,1,0,0,0
20186,/lander-1,0,0,0,0,0,0
20186,/products,1,0,0,0,0,0
20186,/the-original-mr-fuzzy,0,1,0,0,0,0
20187,/lander-1,0,0,0,0,0,0
20188,/lander-1,0,0,0,0,0,0
20188,/products,1,0,0,0,0,0
20188,/the-original-mr-fuzzy,0,1,0,0,0,0
20189,/lander-1,0,0,0,0,0,0
20189,/products,1,0,0,0,0,0
20191,/lander-1,0,0,0,0,0,0
20192,/lander-1,0,0,0,0,0,0
20194,/lander-1,0,0,0,0,0,0
20195,/lander-1,0,0,0,0,0,0
20195,/products,1,0,0,0,0,0
20195,/the-original-mr-fuzzy,0,1,0,0,0,0
20195,/cart,0,0,1,0,0,0
20195,/shipping,0,0,0,1,0,0
20195,/billing,0,0,0,0,1,0
20196,/lander-1,0,0,0,0,0,0
20197,/lander-1,0,0,0,0,0,0
20199,/lander-1,0,0,0,0,0,0
20199,/products,1,0,0,0,0,0
20199,/the-original-mr-fuzzy,0,1,0,0,0,0
20200,/lander-1,0,0,0,0,0,0
20202,/lander-1,0,0,0,0,0,0
20203,/lander-1,0,0,0,0,0,0
20204,/lander-1,0,0,0,0,0,0
20205,/lander-1,0,0,0,0,0,0
20206,/lander-1,0,0,0,0,0,0
20207,/lander-1,0,0,0,0,0,0
20208,/lander-1,0,0,0,0,0,0
20209,/lander-1,0,0,0,0,0,0
20209,/products,1,0,0,0,0,0
20209,/the-original-mr-fuzzy,0,1,0,0,0,0
20209,/cart,0,0,1,0,0,0
20210,/lander-1,0,0,0,0,0,0
20211,/lander-1,0,0,0,0,0,0
20212,/lander-1,0,0,0,0,0,0
20212,/products,1,0,0,0,0,0
20212,/the-original-mr-fuzzy,0,1,0,0,0,0
20212,/cart,0,0,1,0,0,0
20212,/shipping,0,0,0,1,0,0
20212,/billing,0,0,0,0,1,0
20213,/lander-1,0,0,0,0,0,0
20214,/lander-1,0,0,0,0,0,0
20215,/lander-1,0,0,0,0,0,0
20217,/lander-1,0,0,0,0,0,0
20217,/products,1,0,0,0,0,0
20217,/the-original-mr-fuzzy,0,1,0,0,0,0
20218,/lander-1,0,0,0,0,0,0
20219,/lander-1,0,0,0,0,0,0
20220,/lander-1,0,0,0,0,0,0
20220,/products,1,0,0,0,0,0
20220,/the-original-mr-fuzzy,0,1,0,0,0,0
20221,/lander-1,0,0,0,0,0,0
20223,/lander-1,0,0,0,0,0,0
20223,/products,1,0,0,0,0,0
20223,/the-original-mr-fuzzy,0,1,0,0,0,0
20224,/lander-1,0,0,0,0,0,0
20224,/products,1,0,0,0,0,0
20224,/the-original-mr-fuzzy,0,1,0,0,0,0
20225,/lander-1,0,0,0,0,0,0
20226,/lander-1,0,0,0,0,0,0
20227,/lander-1,0,0,0,0,0,0
20227,/products,1,0,0,0,0,0
20227,/the-original-mr-fuzzy,0,1,0,0,0,0
20228,/lander-1,0,0,0,0,0,0
20229,/lander-1,0,0,0,0,0,0
20229,/products,1,0,0,0,0,0
20229,/the-original-mr-fuzzy,0,1,0,0,0,0
20231,/lander-1,0,0,0,0,0,0
20231,/products,1,0,0,0,0,0
20231,/the-original-mr-fuzzy,0,1,0,0,0,0
20232,/lander-1,0,0,0,0,0,0
20232,/products,1,0,0,0,0,0
20232,/the-original-mr-fuzzy,0,1,0,0,0,0
20232,/cart,0,0,1,0,0,0
20232,/shipping,0,0,0,1,0,0
20232,/billing,0,0,0,0,1,0
20233,/lander-1,0,0,0,0,0,0
20233,/products,1,0,0,0,0,0
20234,/lander-1,0,0,0,0,0,0
20234,/products,1,0,0,0,0,0
20234,/the-original-mr-fuzzy,0,1,0,0,0,0
20236,/lander-1,0,0,0,0,0,0
20237,/lander-1,0,0,0,0,0,0
20238,/lander-1,0,0,0,0,0,0
20239,/lander-1,0,0,0,0,0,0
20239,/products,1,0,0,0,0,0
20239,/the-original-mr-fuzzy,0,1,0,0,0,0
20239,/cart,0,0,1,0,0,0
20239,/shipping,0,0,0,1,0,0
20239,/billing,0,0,0,0,1,0
20240,/lander-1,0,0,0,0,0,0
20240,/products,1,0,0,0,0,0
20241,/lander-1,0,0,0,0,0,0
20241,/products,1,0,0,0,0,0
20241,/the-original-mr-fuzzy,0,1,0,0,0,0
20242,/lander-1,0,0,0,0,0,0
20242,/products,1,0,0,0,0,0
20242,/the-original-mr-fuzzy,0,1,0,0,0,0
20243,/lander-1,0,0,0,0,0,0
20243,/products,1,0,0,0,0,0
20243,/the-original-mr-fuzzy,0,1,0,0,0,0
20243,/cart,0,0,1,0,0,0
20243,/shipping,0,0,0,1,0,0
20244,/lander-1,0,0,0,0,0,0
20245,/lander-1,0,0,0,0,0,0
20246,/lander-1,0,0,0,0,0,0
20246,/products,1,0,0,0,0,0
20247,/lander-1,0,0,0,0,0,0
20247,/products,1,0,0,0,0,0
20247,/the-original-mr-fuzzy,0,1,0,0,0,0
20247,/cart,0,0,1,0,0,0
20247,/shipping,0,0,0,1,0,0
20248,/lander-1,0,0,0,0,0,0
20250,/lander-1,0,0,0,0,0,0
20251,/lander-1,0,0,0,0,0,0
20252,/lander-1,0,0,0,0,0,0
20253,/lander-1,0,0,0,0,0,0
20253,/products,1,0,0,0,0,0
20253,/the-original-mr-fuzzy,0,1,0,0,0,0
20253,/cart,0,0,1,0,0,0
20253,/shipping,0,0,0,1,0,0
20253,/billing,0,0,0,0,1,0
20255,/lander-1,0,0,0,0,0,0
20256,/lander-1,0,0,0,0,0,0
20256,/products,1,0,0,0,0,0
20256,/the-original-mr-fuzzy,0,1,0,0,0,0
20256,/cart,0,0,1,0,0,0
20256,/shipping,0,0,0,1,0,0
20257,/lander-1,0,0,0,0,0,0
20258,/lander-1,0,0,0,0,0,0
20259,/lander-1,0,0,0,0,0,0
20259,/products,1,0,0,0,0,0
20259,/the-original-mr-fuzzy,0,1,0,0,0,0
20259,/cart,0,0,1,0,0,0
20259,/shipping,0,0,0,1,0,0
20260,/lander-1,0,0,0,0,0,0
20261,/lander-1,0,0,0,0,0,0
20261,/products,1,0,0,0,0,0
20261,/the-original-mr-fuzzy,0,1,0,0,0,0
20263,/lander-1,0,0,0,0,0,0
20264,/lander-1,0,0,0,0,0,0
20264,/products,1,0,0,0,0,0
20264,/the-original-mr-fuzzy,0,1,0,0,0,0
20266,/lander-1,0,0,0,0,0,0
20267,/lander-1,0,0,0,0,0,0
20267,/products,1,0,0,0,0,0
20267,/the-original-mr-fuzzy,0,1,0,0,0,0
20269,/lander-1,0,0,0,0,0,0
20271,/lander-1,0,0,0,0,0,0
20272,/lander-1,0,0,0,0,0,0
20272,/products,1,0,0,0,0,0
20272,/the-original-mr-fuzzy,0,1,0,0,0,0
20273,/lander-1,0,0,0,0,0,0
20273,/products,1,0,0,0,0,0
20274,/lander-1,0,0,0,0,0,0
20274,/products,1,0,0,0,0,0
20274,/the-original-mr-fuzzy,0,1,0,0,0,0
20276,/lander-1,0,0,0,0,0,0
20277,/lander-1,0,0,0,0,0,0
20277,/products,1,0,0,0,0,0
20277,/the-original-mr-fuzzy,0,1,0,0,0,0
20278,/lander-1,0,0,0,0,0,0
20279,/lander-1,0,0,0,0,0,0
20281,/lander-1,0,0,0,0,0,0
20282,/lander-1,0,0,0,0,0,0
20283,/lander-1,0,0,0,0,0,0
20283,/products,1,0,0,0,0,0
20283,/the-original-mr-fuzzy,0,1,0,0,0,0
20285,/lander-1,0,0,0,0,0,0
20287,/lander-1,0,0,0,0,0,0
20288,/lander-1,0,0,0,0,0,0
20288,/products,1,0,0,0,0,0
20288,/the-original-mr-fuzzy,0,1,0,0,0,0
20289,/lander-1,0,0,0,0,0,0
20289,/products,1,0,0,0,0,0
20289,/the-original-mr-fuzzy,0,1,0,0,0,0
20289,/cart,0,0,1,0,0,0
20289,/shipping,0,0,0,1,0,0
20289,/billing,0,0,0,0,1,0
20289,/thank-you-for-your-order,0,0,0,0,0,1
20290,/lander-1,0,0,0,0,0,0
20291,/lander-1,0,0,0,0,0,0
20291,/products,1,0,0,0,0,0
20291,/the-original-mr-fuzzy,0,1,0,0,0,0
20293,/lander-1,0,0,0,0,0,0
20293,/products,1,0,0,0,0,0
20293,/the-original-mr-fuzzy,0,1,0,0,0,0
20294,/lander-1,0,0,0,0,0,0
20294,/products,1,0,0,0,0,0
20295,/lander-1,0,0,0,0,0,0
20296,/lander-1,0,0,0,0,0,0
20297,/lander-1,0,0,0,0,0,0
20297,/products,1,0,0,0,0,0
20297,/the-original-mr-fuzzy,0,1,0,0,0,0
20298,/lander-1,0,0,0,0,0,0
20299,/lander-1,0,0,0,0,0,0
20299,/products,1,0,0,0,0,0
20300,/lander-1,0,0,0,0,0,0
20302,/lander-1,0,0,0,0,0,0
20302,/products,1,0,0,0,0,0
20302,/the-original-mr-fuzzy,0,1,0,0,0,0
20303,/lander-1,0,0,0,0,0,0
20304,/lander-1,0,0,0,0,0,0
20305,/lander-1,0,0,0,0,0,0
20306,/lander-1,0,0,0,0,0,0
20307,/lander-1,0,0,0,0,0,0
20308,/lander-1,0,0,0,0,0,0
20308,/products,1,0,0,0,0,0
20308,/the-original-mr-fuzzy,0,1,0,0,0,0
20309,/lander-1,0,0,0,0,0,0
20309,/products,1,0,0,0,0,0
20310,/lander-1,0,0,0,0,0,0
20311,/lander-1,0,0,0,0,0,0
20312,/lander-1,0,0,0,0,0,0
20314,/lander-1,0,0,0,0,0,0
20315,/lander-1,0,0,0,0,0,0
20315,/products,1,0,0,0,0,0
20316,/lander-1,0,0,0,0,0,0
20317,/lander-1,0,0,0,0,0,0
20317,/products,1,0,0,0,0,0
20317,/the-original-mr-fuzzy,0,1,0,0,0,0
20317,/cart,0,0,1,0,0,0
20319,/lander-1,0,0,0,0,0,0
20320,/lander-1,0,0,0,0,0,0
20320,/products,1,0,0,0,0,0
20320,/the-original-mr-fuzzy,0,1,0,0,0,0
20321,/lander-1,0,0,0,0,0,0
20322,/lander-1,0,0,0,0,0,0
20324,/lander-1,0,0,0,0,0,0
20325,/lander-1,0,0,0,0,0,0
20326,/lander-1,0,0,0,0,0,0
20326,/products,1,0,0,0,0,0
20326,/the-original-mr-fuzzy,0,1,0,0,0,0
20327,/lander-1,0,0,0,0,0,0
20329,/lander-1,0,0,0,0,0,0
20330,/lander-1,0,0,0,0,0,0
20330,/products,1,0,0,0,0,0
20330,/the-original-mr-fuzzy,0,1,0,0,0,0
20330,/cart,0,0,1,0,0,0
20331,/lander-1,0,0,0,0,0,0
20332,/lander-1,0,0,0,0,0,0
20333,/lander-1,0,0,0,0,0,0
20334,/lander-1,0,0,0,0,0,0
20335,/lander-1,0,0,0,0,0,0
20335,/products,1,0,0,0,0,0
20336,/lander-1,0,0,0,0,0,0
20337,/lander-1,0,0,0,0,0,0
20339,/lander-1,0,0,0,0,0,0
20340,/lander-1,0,0,0,0,0,0
20342,/lander-1,0,0,0,0,0,0
20342,/products,1,0,0,0,0,0
20342,/the-original-mr-fuzzy,0,1,0,0,0,0
20342,/cart,0,0,1,0,0,0
20342,/shipping,0,0,0,1,0,0
20343,/lander-1,0,0,0,0,0,0
20344,/lander-1,0,0,0,0,0,0
20344,/products,1,0,0,0,0,0
20345,/lander-1,0,0,0,0,0,0
20346,/lander-1,0,0,0,0,0,0
20348,/lander-1,0,0,0,0,0,0
20348,/products,1,0,0,0,0,0
20348,/the-original-mr-fuzzy,0,1,0,0,0,0
20349,/lander-1,0,0,0,0,0,0
20351,/lander-1,0,0,0,0,0,0
20352,/lander-1,0,0,0,0,0,0
20354,/lander-1,0,0,0,0,0,0
20354,/products,1,0,0,0,0,0
20354,/the-original-mr-fuzzy,0,1,0,0,0,0
20354,/cart,0,0,1,0,0,0
20354,/shipping,0,0,0,1,0,0
20354,/billing,0,0,0,0,1,0
20354,/thank-you-for-your-order,0,0,0,0,0,1
20355,/lander-1,0,0,0,0,0,0
20356,/lander-1,0,0,0,0,0,0
20357,/lander-1,0,0,0,0,0,0
20358,/lander-1,0,0,0,0,0,0
20358,/products,1,0,0,0,0,0
20358,/the-original-mr-fuzzy,0,1,0,0,0,0
20358,/cart,0,0,1,0,0,0
20358,/shipping,0,0,0,1,0,0
20358,/billing,0,0,0,0,1,0
20359,/lander-1,0,0,0,0,0,0
20359,/products,1,0,0,0,0,0
20359,/the-original-mr-fuzzy,0,1,0,0,0,0
20360,/lander-1,0,0,0,0,0,0
20360,/products,1,0,0,0,0,0
20360,/the-original-mr-fuzzy,0,1,0,0,0,0
20361,/lander-1,0,0,0,0,0,0
20364,/lander-1,0,0,0,0,0,0
20364,/products,1,0,0,0,0,0
20364,/the-original-mr-fuzzy,0,1,0,0,0,0
20364,/cart,0,0,1,0,0,0
20364,/shipping,0,0,0,1,0,0
20364,/billing,0,0,0,0,1,0
20364,/thank-you-for-your-order,0,0,0,0,0,1
20365,/lander-1,0,0,0,0,0,0
20366,/lander-1,0,0,0,0,0,0
20368,/lander-1,0,0,0,0,0,0
20368,/products,1,0,0,0,0,0
20368,/the-original-mr-fuzzy,0,1,0,0,0,0
20368,/cart,0,0,1,0,0,0
20369,/lander-1,0,0,0,0,0,0
20369,/products,1,0,0,0,0,0
20369,/the-original-mr-fuzzy,0,1,0,0,0,0
20369,/cart,0,0,1,0,0,0
20370,/lander-1,0,0,0,0,0,0
20370,/products,1,0,0,0,0,0
20370,/the-original-mr-fuzzy,0,1,0,0,0,0
20370,/cart,0,0,1,0,0,0
20370,/shipping,0,0,0,1,0,0
20372,/lander-1,0,0,0,0,0,0
20373,/lander-1,0,0,0,0,0,0
20375,/lander-1,0,0,0,0,0,0
20376,/lander-1,0,0,0,0,0,0
20376,/products,1,0,0,0,0,0
20376,/the-original-mr-fuzzy,0,1,0,0,0,0
20376,/cart,0,0,1,0,0,0
20376,/shipping,0,0,0,1,0,0
20376,/billing,0,0,0,0,1,0
20377,/lander-1,0,0,0,0,0,0
20378,/lander-1,0,0,0,0,0,0
20378,/products,1,0,0,0,0,0
20378,/the-original-mr-fuzzy,0,1,0,0,0,0
20379,/lander-1,0,0,0,0,0,0
20381,/lander-1,0,0,0,0,0,0
20382,/lander-1,0,0,0,0,0,0
20383,/lander-1,0,0,0,0,0,0
20383,/products,1,0,0,0,0,0
20383,/the-original-mr-fuzzy,0,1,0,0,0,0
20383,/cart,0,0,1,0,0,0
20384,/lander-1,0,0,0,0,0,0
20384,/products,1,0,0,0,0,0
20385,/lander-1,0,0,0,0,0,0
20386,/lander-1,0,0,0,0,0,0
20386,/products,1,0,0,0,0,0
20386,/the-original-mr-fuzzy,0,1,0,0,0,0
20387,/lander-1,0,0,0,0,0,0
20387,/products,1,0,0,0,0,0
20387,/the-original-mr-fuzzy,0,1,0,0,0,0
20388,/lander-1,0,0,0,0,0,0
20388,/products,1,0,0,0,0,0
20389,/lander-1,0,0,0,0,0,0
20389,/products,1,0,0,0,0,0
20391,/lander-1,0,0,0,0,0,0
20391,/products,1,0,0,0,0,0
20391,/the-original-mr-fuzzy,0,1,0,0,0,0
20392,/lander-1,0,0,0,0,0,0
20392,/products,1,0,0,0,0,0
20393,/lander-1,0,0,0,0,0,0
20395,/lander-1,0,0,0,0,0,0
20395,/products,1,0,0,0,0,0
20395,/the-original-mr-fuzzy,0,1,0,0,0,0
20396,/lander-1,0,0,0,0,0,0
20397,/lander-1,0,0,0,0,0,0
20398,/lander-1,0,0,0,0,0,0
20399,/lander-1,0,0,0,0,0,0
20400,/lander-1,0,0,0,0,0,0
20400,/products,1,0,0,0,0,0
20400,/the-original-mr-fuzzy,0,1,0,0,0,0
20401,/lander-1,0,0,0,0,0,0
20403,/lander-1,0,0,0,0,0,0
20404,/lander-1,0,0,0,0,0,0
20405,/lander-1,0,0,0,0,0,0
20406,/lander-1,0,0,0,0,0,0
20407,/lander-1,0,0,0,0,0,0
20408,/lander-1,0,0,0,0,0,0
20408,/products,1,0,0,0,0,0
20409,/lander-1,0,0,0,0,0,0
20409,/products,1,0,0,0,0,0
20409,/the-original-mr-fuzzy,0,1,0,0,0,0
20411,/lander-1,0,0,0,0,0,0
20411,/products,1,0,0,0,0,0
20411,/the-original-mr-fuzzy,0,1,0,0,0,0
20412,/lander-1,0,0,0,0,0,0
20412,/products,1,0,0,0,0,0
20412,/the-original-mr-fuzzy,0,1,0,0,0,0
20412,/cart,0,0,1,0,0,0
20414,/lander-1,0,0,0,0,0,0
20415,/lander-1,0,0,0,0,0,0
20415,/products,1,0,0,0,0,0
20415,/the-original-mr-fuzzy,0,1,0,0,0,0
20415,/cart,0,0,1,0,0,0
20415,/shipping,0,0,0,1,0,0
20415,/billing,0,0,0,0,1,0
20416,/lander-1,0,0,0,0,0,0
20416,/products,1,0,0,0,0,0
20416,/the-original-mr-fuzzy,0,1,0,0,0,0
20417,/lander-1,0,0,0,0,0,0
20417,/products,1,0,0,0,0,0
20417,/the-original-mr-fuzzy,0,1,0,0,0,0
20418,/lander-1,0,0,0,0,0,0
20418,/products,1,0,0,0,0,0
20418,/the-original-mr-fuzzy,0,1,0,0,0,0
20419,/lander-1,0,0,0,0,0,0
20420,/lander-1,0,0,0,0,0,0
20422,/lander-1,0,0,0,0,0,0
20422,/products,1,0,0,0,0,0
20422,/the-original-mr-fuzzy,0,1,0,0,0,0
20423,/lander-1,0,0,0,0,0,0
20425,/lander-1,0,0,0,0,0,0
20425,/products,1,0,0,0,0,0
20425,/the-original-mr-fuzzy,0,1,0,0,0,0
20426,/lander-1,0,0,0,0,0,0
20426,/products,1,0,0,0,0,0
20427,/lander-1,0,0,0,0,0,0
20428,/lander-1,0,0,0,0,0,0
20428,/products,1,0,0,0,0,0
20428,/the-original-mr-fuzzy,0,1,0,0,0,0
20429,/lander-1,0,0,0,0,0,0
20430,/lander-1,0,0,0,0,0,0
20431,/lander-1,0,0,0,0,0,0
20432,/lander-1,0,0,0,0,0,0
20433,/lander-1,0,0,0,0,0,0
20433,/products,1,0,0,0,0,0
20433,/the-original-mr-fuzzy,0,1,0,0,0,0
20433,/cart,0,0,1,0,0,0
20433,/shipping,0,0,0,1,0,0
20434,/lander-1,0,0,0,0,0,0
20434,/products,1,0,0,0,0,0
20434,/the-original-mr-fuzzy,0,1,0,0,0,0
20436,/lander-1,0,0,0,0,0,0
20436,/products,1,0,0,0,0,0
20437,/lander-1,0,0,0,0,0,0
20438,/lander-1,0,0,0,0,0,0
20438,/products,1,0,0,0,0,0
20438,/the-original-mr-fuzzy,0,1,0,0,0,0
20439,/lander-1,0,0,0,0,0,0
20440,/lander-1,0,0,0,0,0,0
20441,/lander-1,0,0,0,0,0,0
20441,/products,1,0,0,0,0,0
20441,/the-original-mr-fuzzy,0,1,0,0,0,0
20443,/lander-1,0,0,0,0,0,0
20444,/lander-1,0,0,0,0,0,0
20445,/lander-1,0,0,0,0,0,0
20446,/lander-1,0,0,0,0,0,0
20446,/products,1,0,0,0,0,0
20446,/the-original-mr-fuzzy,0,1,0,0,0,0
20446,/cart,0,0,1,0,0,0
20446,/shipping,0,0,0,1,0,0
20447,/lander-1,0,0,0,0,0,0
20447,/products,1,0,0,0,0,0
20448,/lander-1,0,0,0,0,0,0
20449,/lander-1,0,0,0,0,0,0
20449,/products,1,0,0,0,0,0
20449,/the-original-mr-fuzzy,0,1,0,0,0,0
20450,/lander-1,0,0,0,0,0,0
20450,/products,1,0,0,0,0,0
20450,/the-original-mr-fuzzy,0,1,0,0,0,0
20451,/lander-1,0,0,0,0,0,0
20452,/lander-1,0,0,0,0,0,0
20453,/lander-1,0,0,0,0,0,0
20453,/products,1,0,0,0,0,0
20453,/the-original-mr-fuzzy,0,1,0,0,0,0
20454,/lander-1,0,0,0,0,0,0
20454,/products,1,0,0,0,0,0
20455,/lander-1,0,0,0,0,0,0
20456,/lander-1,0,0,0,0,0,0
20457,/lander-1,0,0,0,0,0,0
20458,/lander-1,0,0,0,0,0,0
20458,/products,1,0,0,0,0,0
20458,/the-original-mr-fuzzy,0,1,0,0,0,0
20459,/lander-1,0,0,0,0,0,0
20459,/products,1,0,0,0,0,0
20459,/the-original-mr-fuzzy,0,1,0,0,0,0
20459,/cart,0,0,1,0,0,0
20460,/lander-1,0,0,0,0,0,0
20461,/lander-1,0,0,0,0,0,0
20461,/products,1,0,0,0,0,0
20461,/the-original-mr-fuzzy,0,1,0,0,0,0
20462,/lander-1,0,0,0,0,0,0
20463,/lander-1,0,0,0,0,0,0
20463,/products,1,0,0,0,0,0
20463,/the-original-mr-fuzzy,0,1,0,0,0,0
20463,/cart,0,0,1,0,0,0
20463,/shipping,0,0,0,1,0,0
20463,/billing,0,0,0,0,1,0
20464,/lander-1,0,0,0,0,0,0
20464,/products,1,0,0,0,0,0
20464,/the-original-mr-fuzzy,0,1,0,0,0,0
20465,/lander-1,0,0,0,0,0,0
20465,/products,1,0,0,0,0,0
20465,/the-original-mr-fuzzy,0,1,0,0,0,0
20466,/lander-1,0,0,0,0,0,0
20467,/lander-1,0,0,0,0,0,0
20468,/lander-1,0,0,0,0,0,0
20469,/lander-1,0,0,0,0,0,0
20470,/lander-1,0,0,0,0,0,0
20470,/products,1,0,0,0,0,0
20470,/the-original-mr-fuzzy,0,1,0,0,0,0
20471,/lander-1,0,0,0,0,0,0
20472,/lander-1,0,0,0,0,0,0
20472,/products,1,0,0,0,0,0
20474,/lander-1,0,0,0,0,0,0
20474,/products,1,0,0,0,0,0
20475,/lander-1,0,0,0,0,0,0
20475,/products,1,0,0,0,0,0
20475,/the-original-mr-fuzzy,0,1,0,0,0,0
20475,/cart,0,0,1,0,0,0
20477,/lander-1,0,0,0,0,0,0
20478,/lander-1,0,0,0,0,0,0
20478,/products,1,0,0,0,0,0
20478,/the-original-mr-fuzzy,0,1,0,0,0,0
20478,/cart,0,0,1,0,0,0
20478,/shipping,0,0,0,1,0,0
20478,/billing,0,0,0,0,1,0
20479,/lander-1,0,0,0,0,0,0
20479,/products,1,0,0,0,0,0
20479,/the-original-mr-fuzzy,0,1,0,0,0,0
20481,/lander-1,0,0,0,0,0,0
20481,/products,1,0,0,0,0,0
20481,/the-original-mr-fuzzy,0,1,0,0,0,0
20482,/lander-1,0,0,0,0,0,0
20483,/lander-1,0,0,0,0,0,0
20483,/products,1,0,0,0,0,0
20483,/the-original-mr-fuzzy,0,1,0,0,0,0
20484,/lander-1,0,0,0,0,0,0
20484,/products,1,0,0,0,0,0
20484,/the-original-mr-fuzzy,0,1,0,0,0,0
20485,/lander-1,0,0,0,0,0,0
20486,/lander-1,0,0,0,0,0,0
20486,/products,1,0,0,0,0,0
20486,/the-original-mr-fuzzy,0,1,0,0,0,0
20487,/lander-1,0,0,0,0,0,0
20487,/products,1,0,0,0,0,0
20487,/the-original-mr-fuzzy,0,1,0,0,0,0
20487,/cart,0,0,1,0,0,0
20488,/lander-1,0,0,0,0,0,0
20490,/lander-1,0,0,0,0,0,0
20491,/lander-1,0,0,0,0,0,0
20491,/products,1,0,0,0,0,0
20492,/lander-1,0,0,0,0,0,0
20492,/products,1,0,0,0,0,0
20492,/the-original-mr-fuzzy,0,1,0,0,0,0
20492,/cart,0,0,1,0,0,0
20492,/shipping,0,0,0,1,0,0
20492,/billing,0,0,0,0,1,0
20492,/thank-you-for-your-order,0,0,0,0,0,1
20493,/lander-1,0,0,0,0,0,0
20493,/products,1,0,0,0,0,0
20493,/the-original-mr-fuzzy,0,1,0,0,0,0
20494,/lander-1,0,0,0,0,0,0
20494,/products,1,0,0,0,0,0
20494,/the-original-mr-fuzzy,0,1,0,0,0,0
20494,/cart,0,0,1,0,0,0
20494,/shipping,0,0,0,1,0,0
20494,/billing,0,0,0,0,1,0
20495,/lander-1,0,0,0,0,0,0
20495,/products,1,0,0,0,0,0
20496,/lander-1,0,0,0,0,0,0
20497,/lander-1,0,0,0,0,0,0
20497,/products,1,0,0,0,0,0
20497,/the-original-mr-fuzzy,0,1,0,0,0,0
20498,/lander-1,0,0,0,0,0,0
20498,/products,1,0,0,0,0,0
20498,/the-original-mr-fuzzy,0,1,0,0,0,0
20499,/lander-1,0,0,0,0,0,0
20499,/products,1,0,0,0,0,0
20499,/the-original-mr-fuzzy,0,1,0,0,0,0
20500,/lander-1,0,0,0,0,0,0
20500,/products,1,0,0,0,0,0
20500,/the-original-mr-fuzzy,0,1,0,0,0,0
20502,/lander-1,0,0,0,0,0,0
20502,/products,1,0,0,0,0,0
20503,/lander-1,0,0,0,0,0,0
20503,/products,1,0,0,0,0,0
20503,/the-original-mr-fuzzy,0,1,0,0,0,0
20504,/lander-1,0,0,0,0,0,0
20504,/products,1,0,0,0,0,0
20504,/the-original-mr-fuzzy,0,1,0,0,0,0
20505,/lander-1,0,0,0,0,0,0
20507,/lander-1,0,0,0,0,0,0
20508,/lander-1,0,0,0,0,0,0
20509,/lander-1,0,0,0,0,0,0
20509,/products,1,0,0,0,0,0
20509,/the-original-mr-fuzzy,0,1,0,0,0,0
20509,/cart,0,0,1,0,0,0
20509,/shipping,0,0,0,1,0,0
20509,/billing,0,0,0,0,1,0
20510,/lander-1,0,0,0,0,0,0
20510,/products,1,0,0,0,0,0
20512,/lander-1,0,0,0,0,0,0
20513,/lander-1,0,0,0,0,0,0
20514,/lander-1,0,0,0,0,0,0
20515,/lander-1,0,0,0,0,0,0
20515,/products,1,0,0,0,0,0
20516,/lander-1,0,0,0,0,0,0
20517,/lander-1,0,0,0,0,0,0
20518,/lander-1,0,0,0,0,0,0
20518,/products,1,0,0,0,0,0
20519,/lander-1,0,0,0,0,0,0
20519,/products,1,0,0,0,0,0
20520,/lander-1,0,0,0,0,0,0
20520,/products,1,0,0,0,0,0
20520,/the-original-mr-fuzzy,0,1,0,0,0,0
20520,/cart,0,0,1,0,0,0
20521,/lander-1,0,0,0,0,0,0
20522,/lander-1,0,0,0,0,0,0
20524,/lander-1,0,0,0,0,0,0
20524,/products,1,0,0,0,0,0
20524,/the-original-mr-fuzzy,0,1,0,0,0,0
20524,/cart,0,0,1,0,0,0
20525,/lander-1,0,0,0,0,0,0
20526,/lander-1,0,0,0,0,0,0
20526,/products,1,0,0,0,0,0
20527,/lander-1,0,0,0,0,0,0
20529,/lander-1,0,0,0,0,0,0
20529,/products,1,0,0,0,0,0
20529,/the-original-mr-fuzzy,0,1,0,0,0,0
20530,/lander-1,0,0,0,0,0,0
20530,/products,1,0,0,0,0,0
20531,/lander-1,0,0,0,0,0,0
20531,/products,1,0,0,0,0,0
20532,/lander-1,0,0,0,0,0,0
20533,/lander-1,0,0,0,0,0,0
20536,/lander-1,0,0,0,0,0,0
20536,/products,1,0,0,0,0,0
20536,/the-original-mr-fuzzy,0,1,0,0,0,0
20538,/lander-1,0,0,0,0,0,0
20539,/lander-1,0,0,0,0,0,0
20540,/lander-1,0,0,0,0,0,0
20540,/products,1,0,0,0,0,0
20540,/the-original-mr-fuzzy,0,1,0,0,0,0
20541,/lander-1,0,0,0,0,0,0
20542,/lander-1,0,0,0,0,0,0
20543,/lander-1,0,0,0,0,0,0
20544,/lander-1,0,0,0,0,0,0
20545,/lander-1,0,0,0,0,0,0
20545,/products,1,0,0,0,0,0
20545,/the-original-mr-fuzzy,0,1,0,0,0,0
20546,/lander-1,0,0,0,0,0,0
20547,/lander-1,0,0,0,0,0,0
20547,/products,1,0,0,0,0,0
20547,/the-original-mr-fuzzy,0,1,0,0,0,0
20548,/lander-1,0,0,0,0,0,0
20548,/products,1,0,0,0,0,0
20549,/lander-1,0,0,0,0,0,0
20552,/lander-1,0,0,0,0,0,0
20552,/products,1,0,0,0,0,0
20552,/the-original-mr-fuzzy,0,1,0,0,0,0
20552,/cart,0,0,1,0,0,0
20554,/lander-1,0,0,0,0,0,0
20555,/lander-1,0,0,0,0,0,0
20556,/lander-1,0,0,0,0,0,0
20557,/lander-1,0,0,0,0,0,0
20558,/lander-1,0,0,0,0,0,0
20558,/products,1,0,0,0,0,0
20558,/the-original-mr-fuzzy,0,1,0,0,0,0
20558,/cart,0,0,1,0,0,0
20559,/lander-1,0,0,0,0,0,0
20559,/products,1,0,0,0,0,0
20559,/the-original-mr-fuzzy,0,1,0,0,0,0
20560,/lander-1,0,0,0,0,0,0
20560,/products,1,0,0,0,0,0
20560,/the-original-mr-fuzzy,0,1,0,0,0,0
20562,/lander-1,0,0,0,0,0,0
20562,/products,1,0,0,0,0,0
20562,/the-original-mr-fuzzy,0,1,0,0,0,0
20562,/cart,0,0,1,0,0,0
20562,/shipping,0,0,0,1,0,0
20562,/billing,0,0,0,0,1,0
20563,/lander-1,0,0,0,0,0,0
20563,/products,1,0,0,0,0,0
20563,/the-original-mr-fuzzy,0,1,0,0,0,0
20563,/cart,0,0,1,0,0,0
20563,/shipping,0,0,0,1,0,0
20563,/billing,0,0,0,0,1,0
20564,/lander-1,0,0,0,0,0,0
20564,/products,1,0,0,0,0,0
20564,/the-original-mr-fuzzy,0,1,0,0,0,0
20564,/cart,0,0,1,0,0,0
20564,/shipping,0,0,0,1,0,0
20564,/billing,0,0,0,0,1,0
20567,/lander-1,0,0,0,0,0,0
20569,/lander-1,0,0,0,0,0,0
20570,/lander-1,0,0,0,0,0,0
20570,/products,1,0,0,0,0,0
20570,/the-original-mr-fuzzy,0,1,0,0,0,0
20570,/cart,0,0,1,0,0,0
20570,/shipping,0,0,0,1,0,0
20570,/billing,0,0,0,0,1,0
20571,/lander-1,0,0,0,0,0,0
20571,/products,1,0,0,0,0,0
20571,/the-original-mr-fuzzy,0,1,0,0,0,0
20572,/lander-1,0,0,0,0,0,0
20572,/products,1,0,0,0,0,0
20572,/the-original-mr-fuzzy,0,1,0,0,0,0
20574,/lander-1,0,0,0,0,0,0
20577,/lander-1,0,0,0,0,0,0
20578,/lander-1,0,0,0,0,0,0
20578,/products,1,0,0,0,0,0
20579,/lander-1,0,0,0,0,0,0
20580,/lander-1,0,0,0,0,0,0
20580,/products,1,0,0,0,0,0
20580,/the-original-mr-fuzzy,0,1,0,0,0,0
20580,/cart,0,0,1,0,0,0
20581,/lander-1,0,0,0,0,0,0
20582,/lander-1,0,0,0,0,0,0
20583,/lander-1,0,0,0,0,0,0
20583,/products,1,0,0,0,0,0
20583,/the-original-mr-fuzzy,0,1,0,0,0,0
20583,/cart,0,0,1,0,0,0
20583,/shipping,0,0,0,1,0,0
20583,/billing,0,0,0,0,1,0
20583,/thank-you-for-your-order,0,0,0,0,0,1
20584,/lander-1,0,0,0,0,0,0
20586,/lander-1,0,0,0,0,0,0
20587,/lander-1,0,0,0,0,0,0
20588,/lander-1,0,0,0,0,0,0
20589,/lander-1,0,0,0,0,0,0
20590,/lander-1,0,0,0,0,0,0
20593,/lander-1,0,0,0,0,0,0
20593,/products,1,0,0,0,0,0
20593,/the-original-mr-fuzzy,0,1,0,0,0,0
20593,/cart,0,0,1,0,0,0
20593,/shipping,0,0,0,1,0,0
20593,/billing,0,0,0,0,1,0
20594,/lander-1,0,0,0,0,0,0
20594,/products,1,0,0,0,0,0
20594,/the-original-mr-fuzzy,0,1,0,0,0,0
20595,/lander-1,0,0,0,0,0,0
20595,/products,1,0,0,0,0,0
20595,/the-original-mr-fuzzy,0,1,0,0,0,0
20595,/cart,0,0,1,0,0,0
20595,/shipping,0,0,0,1,0,0
20595,/billing,0,0,0,0,1,0
20595,/thank-you-for-your-order,0,0,0,0,0,1
20596,/lander-1,0,0,0,0,0,0
20596,/products,1,0,0,0,0,0
20596,/the-original-mr-fuzzy,0,1,0,0,0,0
20597,/lander-1,0,0,0,0,0,0
20597,/products,1,0,0,0,0,0
20597,/the-original-mr-fuzzy,0,1,0,0,0,0
20597,/cart,0,0,1,0,0,0
20597,/shipping,0,0,0,1,0,0
20597,/billing,0,0,0,0,1,0
20598,/lander-1,0,0,0,0,0,0
20599,/lander-1,0,0,0,0,0,0
20600,/lander-1,0,0,0,0,0,0
20600,/products,1,0,0,0,0,0
20600,/the-original-mr-fuzzy,0,1,0,0,0,0
20601,/lander-1,0,0,0,0,0,0
20602,/lander-1,0,0,0,0,0,0
20602,/products,1,0,0,0,0,0
20602,/the-original-mr-fuzzy,0,1,0,0,0,0
20604,/lander-1,0,0,0,0,0,0
20605,/lander-1,0,0,0,0,0,0
20605,/products,1,0,0,0,0,0
20605,/the-original-mr-fuzzy,0,1,0,0,0,0
20606,/lander-1,0,0,0,0,0,0
20606,/products,1,0,0,0,0,0
20607,/lander-1,0,0,0,0,0,0
20608,/lander-1,0,0,0,0,0,0
20609,/lander-1,0,0,0,0,0,0
20609,/products,1,0,0,0,0,0
20609,/the-original-mr-fuzzy,0,1,0,0,0,0
20610,/lander-1,0,0,0,0,0,0
20610,/products,1,0,0,0,0,0
20610,/the-original-mr-fuzzy,0,1,0,0,0,0
20610,/cart,0,0,1,0,0,0
20610,/shipping,0,0,0,1,0,0
20610,/billing,0,0,0,0,1,0
20611,/lander-1,0,0,0,0,0,0
20612,/lander-1,0,0,0,0,0,0
20612,/products,1,0,0,0,0,0
20613,/lander-1,0,0,0,0,0,0
20613,/products,1,0,0,0,0,0
20613,/the-original-mr-fuzzy,0,1,0,0,0,0
20613,/cart,0,0,1,0,0,0
20613,/shipping,0,0,0,1,0,0
20613,/billing,0,0,0,0,1,0
20614,/lander-1,0,0,0,0,0,0
20615,/lander-1,0,0,0,0,0,0
20615,/products,1,0,0,0,0,0
20616,/lander-1,0,0,0,0,0,0
20616,/products,1,0,0,0,0,0
20616,/the-original-mr-fuzzy,0,1,0,0,0,0
20616,/cart,0,0,1,0,0,0
20617,/lander-1,0,0,0,0,0,0
20618,/lander-1,0,0,0,0,0,0
20618,/products,1,0,0,0,0,0
20619,/lander-1,0,0,0,0,0,0
20619,/products,1,0,0,0,0,0
20620,/lander-1,0,0,0,0,0,0
20621,/lander-1,0,0,0,0,0,0
20621,/products,1,0,0,0,0,0
20621,/the-original-mr-fuzzy,0,1,0,0,0,0
20621,/cart,0,0,1,0,0,0
20623,/lander-1,0,0,0,0,0,0
20623,/products,1,0,0,0,0,0
20623,/the-original-mr-fuzzy,0,1,0,0,0,0
20623,/cart,0,0,1,0,0,0
20623,/shipping,0,0,0,1,0,0
20623,/billing,0,0,0,0,1,0
20624,/lander-1,0,0,0,0,0,0
20624,/products,1,0,0,0,0,0
20624,/the-original-mr-fuzzy,0,1,0,0,0,0
20625,/lander-1,0,0,0,0,0,0
20626,/lander-1,0,0,0,0,0,0
20627,/lander-1,0,0,0,0,0,0
20628,/lander-1,0,0,0,0,0,0
20629,/lander-1,0,0,0,0,0,0
20629,/products,1,0,0,0,0,0
20630,/lander-1,0,0,0,0,0,0
20631,/lander-1,0,0,0,0,0,0
20632,/lander-1,0,0,0,0,0,0
20633,/lander-1,0,0,0,0,0,0
20634,/lander-1,0,0,0,0,0,0
20634,/products,1,0,0,0,0,0
20634,/the-original-mr-fuzzy,0,1,0,0,0,0
20635,/lander-1,0,0,0,0,0,0
20636,/lander-1,0,0,0,0,0,0
20637,/lander-1,0,0,0,0,0,0
20638,/lander-1,0,0,0,0,0,0
20638,/products,1,0,0,0,0,0
20638,/the-original-mr-fuzzy,0,1,0,0,0,0
20638,/cart,0,0,1,0,0,0
20638,/shipping,0,0,0,1,0,0
20638,/billing,0,0,0,0,1,0
20639,/lander-1,0,0,0,0,0,0
20640,/lander-1,0,0,0,0,0,0
20641,/lander-1,0,0,0,0,0,0
20641,/products,1,0,0,0,0,0
20643,/lander-1,0,0,0,0,0,0
20643,/products,1,0,0,0,0,0
20643,/the-original-mr-fuzzy,0,1,0,0,0,0
20643,/cart,0,0,1,0,0,0
20643,/shipping,0,0,0,1,0,0
20643,/billing,0,0,0,0,1,0
20644,/lander-1,0,0,0,0,0,0
20645,/lander-1,0,0,0,0,0,0
20646,/lander-1,0,0,0,0,0,0
20646,/products,1,0,0,0,0,0
20646,/the-original-mr-fuzzy,0,1,0,0,0,0
20646,/cart,0,0,1,0,0,0
20646,/shipping,0,0,0,1,0,0
20646,/billing,0,0,0,0,1,0
20647,/lander-1,0,0,0,0,0,0
20647,/products,1,0,0,0,0,0
20648,/lander-1,0,0,0,0,0,0
20650,/lander-1,0,0,0,0,0,0
20651,/lander-1,0,0,0,0,0,0
20651,/products,1,0,0,0,0,0
20651,/the-original-mr-fuzzy,0,1,0,0,0,0
20651,/cart,0,0,1,0,0,0
20651,/shipping,0,0,0,1,0,0
20651,/billing,0,0,0,0,1,0
20652,/lander-1,0,0,0,0,0,0
20652,/products,1,0,0,0,0,0
20652,/the-original-mr-fuzzy,0,1,0,0,0,0
20652,/cart,0,0,1,0,0,0
20652,/shipping,0,0,0,1,0,0
20652,/billing,0,0,0,0,1,0
20652,/thank-you-for-your-order,0,0,0,0,0,1
20653,/lander-1,0,0,0,0,0,0
20653,/products,1,0,0,0,0,0
20653,/the-original-mr-fuzzy,0,1,0,0,0,0
20653,/cart,0,0,1,0,0,0
20653,/shipping,0,0,0,1,0,0
20653,/billing,0,0,0,0,1,0
20654,/lander-1,0,0,0,0,0,0
20655,/lander-1,0,0,0,0,0,0
20656,/lander-1,0,0,0,0,0,0
20657,/lander-1,0,0,0,0,0,0
20658,/lander-1,0,0,0,0,0,0
20658,/products,1,0,0,0,0,0
20658,/the-original-mr-fuzzy,0,1,0,0,0,0
20659,/lander-1,0,0,0,0,0,0
20659,/products,1,0,0,0,0,0
20661,/lander-1,0,0,0,0,0,0
20662,/lander-1,0,0,0,0,0,0
20663,/lander-1,0,0,0,0,0,0
20663,/products,1,0,0,0,0,0
20663,/the-original-mr-fuzzy,0,1,0,0,0,0
20663,/cart,0,0,1,0,0,0
20663,/shipping,0,0,0,1,0,0
20665,/lander-1,0,0,0,0,0,0
20666,/lander-1,0,0,0,0,0,0
20667,/lander-1,0,0,0,0,0,0
20668,/lander-1,0,0,0,0,0,0
20669,/lander-1,0,0,0,0,0,0
20669,/products,1,0,0,0,0,0
20669,/the-original-mr-fuzzy,0,1,0,0,0,0
20672,/lander-1,0,0,0,0,0,0
20672,/products,1,0,0,0,0,0
20672,/the-original-mr-fuzzy,0,1,0,0,0,0
20672,/cart,0,0,1,0,0,0
20674,/lander-1,0,0,0,0,0,0
20675,/lander-1,0,0,0,0,0,0
20675,/products,1,0,0,0,0,0
20675,/the-original-mr-fuzzy,0,1,0,0,0,0
20675,/cart,0,0,1,0,0,0
20676,/lander-1,0,0,0,0,0,0
20677,/lander-1,0,0,0,0,0,0
20679,/lander-1,0,0,0,0,0,0
20679,/products,1,0,0,0,0,0
20679,/the-original-mr-fuzzy,0,1,0,0,0,0
20679,/cart,0,0,1,0,0,0
20680,/lander-1,0,0,0,0,0,0
20680,/products,1,0,0,0,0,0
20680,/the-original-mr-fuzzy,0,1,0,0,0,0
20680,/cart,0,0,1,0,0,0
20680,/shipping,0,0,0,1,0,0
20680,/billing,0,0,0,0,1,0
20682,/lander-1,0,0,0,0,0,0
20682,/products,1,0,0,0,0,0
20682,/the-original-mr-fuzzy,0,1,0,0,0,0
20683,/lander-1,0,0,0,0,0,0
20683,/products,1,0,0,0,0,0
20683,/the-original-mr-fuzzy,0,1,0,0,0,0
20687,/lander-1,0,0,0,0,0,0
20687,/products,1,0,0,0,0,0
20687,/the-original-mr-fuzzy,0,1,0,0,0,0
20687,/cart,0,0,1,0,0,0
20687,/shipping,0,0,0,1,0,0
20687,/billing,0,0,0,0,1,0
20689,/lander-1,0,0,0,0,0,0
20691,/lander-1,0,0,0,0,0,0
20692,/lander-1,0,0,0,0,0,0
20692,/products,1,0,0,0,0,0
20693,/lander-1,0,0,0,0,0,0
20695,/lander-1,0,0,0,0,0,0
20696,/lander-1,0,0,0,0,0,0
20696,/products,1,0,0,0,0,0
20696,/the-original-mr-fuzzy,0,1,0,0,0,0
20700,/lander-1,0,0,0,0,0,0
20700,/products,1,0,0,0,0,0
20700,/the-original-mr-fuzzy,0,1,0,0,0,0
20700,/cart,0,0,1,0,0,0
20700,/shipping,0,0,0,1,0,0
20700,/billing,0,0,0,0,1,0
20702,/lander-1,0,0,0,0,0,0
20702,/products,1,0,0,0,0,0
20702,/the-original-mr-fuzzy,0,1,0,0,0,0
20704,/lander-1,0,0,0,0,0,0
20705,/lander-1,0,0,0,0,0,0
20706,/lander-1,0,0,0,0,0,0
20706,/products,1,0,0,0,0,0
20706,/the-original-mr-fuzzy,0,1,0,0,0,0
20707,/lander-1,0,0,0,0,0,0
20707,/products,1,0,0,0,0,0
20707,/the-original-mr-fuzzy,0,1,0,0,0,0
20707,/cart,0,0,1,0,0,0
20707,/shipping,0,0,0,1,0,0
20707,/billing,0,0,0,0,1,0
20708,/lander-1,0,0,0,0,0,0
20708,/products,1,0,0,0,0,0
20708,/the-original-mr-fuzzy,0,1,0,0,0,0
20708,/cart,0,0,1,0,0,0
20708,/shipping,0,0,0,1,0,0
20708,/billing,0,0,0,0,1,0
20708,/thank-you-for-your-order,0,0,0,0,0,1
20710,/lander-1,0,0,0,0,0,0
20711,/lander-1,0,0,0,0,0,0
20711,/products,1,0,0,0,0,0
20711,/the-original-mr-fuzzy,0,1,0,0,0,0
20714,/lander-1,0,0,0,0,0,0
20716,/lander-1,0,0,0,0,0,0
20716,/products,1,0,0,0,0,0
20717,/lander-1,0,0,0,0,0,0
20717,/products,1,0,0,0,0,0
20717,/the-original-mr-fuzzy,0,1,0,0,0,0
20719,/lander-1,0,0,0,0,0,0
20720,/lander-1,0,0,0,0,0,0
20720,/products,1,0,0,0,0,0
20721,/lander-1,0,0,0,0,0,0
20725,/lander-1,0,0,0,0,0,0
20725,/products,1,0,0,0,0,0
20725,/the-original-mr-fuzzy,0,1,0,0,0,0
20726,/lander-1,0,0,0,0,0,0
20728,/lander-1,0,0,0,0,0,0
20728,/products,1,0,0,0,0,0
20728,/the-original-mr-fuzzy,0,1,0,0,0,0
20731,/lander-1,0,0,0,0,0,0
20732,/lander-1,0,0,0,0,0,0
20732,/products,1,0,0,0,0,0
20732,/the-original-mr-fuzzy,0,1,0,0,0,0
20733,/lander-1,0,0,0,0,0,0
20733,/products,1,0,0,0,0,0
20733,/the-original-mr-fuzzy,0,1,0,0,0,0
20733,/cart,0,0,1,0,0,0
20733,/shipping,0,0,0,1,0,0
20733,/billing,0,0,0,0,1,0
20734,/lander-1,0,0,0,0,0,0
20734,/products,1,0,0,0,0,0
20736,/lander-1,0,0,0,0,0,0
20737,/lander-1,0,0,0,0,0,0
20738,/lander-1,0,0,0,0,0,0
20739,/lander-1,0,0,0,0,0,0
20739,/products,1,0,0,0,0,0
20739,/the-original-mr-fuzzy,0,1,0,0,0,0
20740,/lander-1,0,0,0,0,0,0
20740,/products,1,0,0,0,0,0
20740,/the-original-mr-fuzzy,0,1,0,0,0,0
20740,/cart,0,0,1,0,0,0
20740,/shipping,0,0,0,1,0,0
20740,/billing,0,0,0,0,1,0
20740,/thank-you-for-your-order,0,0,0,0,0,1
20741,/lander-1,0,0,0,0,0,0
20741,/products,1,0,0,0,0,0
20741,/the-original-mr-fuzzy,0,1,0,0,0,0
20742,/lander-1,0,0,0,0,0,0
20742,/products,1,0,0,0,0,0
20742,/the-original-mr-fuzzy,0,1,0,0,0,0
20744,/lander-1,0,0,0,0,0,0
20744,/products,1,0,0,0,0,0
20745,/lander-1,0,0,0,0,0,0
20745,/products,1,0,0,0,0,0
20748,/lander-1,0,0,0,0,0,0
20748,/products,1,0,0,0,0,0
20748,/the-original-mr-fuzzy,0,1,0,0,0,0
20749,/lander-1,0,0,0,0,0,0
20749,/products,1,0,0,0,0,0
20751,/lander-1,0,0,0,0,0,0
20752,/lander-1,0,0,0,0,0,0
20752,/products,1,0,0,0,0,0
20752,/the-original-mr-fuzzy,0,1,0,0,0,0
20754,/lander-1,0,0,0,0,0,0
20754,/products,1,0,0,0,0,0
20756,/lander-1,0,0,0,0,0,0
20758,/lander-1,0,0,0,0,0,0
20758,/products,1,0,0,0,0,0
20758,/the-original-mr-fuzzy,0,1,0,0,0,0
20758,/cart,0,0,1,0,0,0
20759,/lander-1,0,0,0,0,0,0
20760,/lander-1,0,0,0,0,0,0
20762,/lander-1,0,0,0,0,0,0
20762,/products,1,0,0,0,0,0
20762,/the-original-mr-fuzzy,0,1,0,0,0,0
20763,/lander-1,0,0,0,0,0,0
20764,/lander-1,0,0,0,0,0,0
20766,/lander-1,0,0,0,0,0,0
20768,/lander-1,0,0,0,0,0,0
20768,/products,1,0,0,0,0,0
20768,/the-original-mr-fuzzy,0,1,0,0,0,0
20769,/lander-1,0,0,0,0,0,0
20771,/lander-1,0,0,0,0,0,0
20771,/products,1,0,0,0,0,0
20771,/the-original-mr-fuzzy,0,1,0,0,0,0
20774,/lander-1,0,0,0,0,0,0
20775,/lander-1,0,0,0,0,0,0
20778,/lander-1,0,0,0,0,0,0
20779,/lander-1,0,0,0,0,0,0
20780,/lander-1,0,0,0,0,0,0
20780,/products,1,0,0,0,0,0
20780,/the-original-mr-fuzzy,0,1,0,0,0,0
20781,/lander-1,0,0,0,0,0,0
20782,/lander-1,0,0,0,0,0,0
20784,/lander-1,0,0,0,0,0,0
20785,/lander-1,0,0,0,0,0,0
20786,/lander-1,0,0,0,0,0,0
20786,/products,1,0,0,0,0,0
20787,/lander-1,0,0,0,0,0,0
20788,/lander-1,0,0,0,0,0,0
20788,/products,1,0,0,0,0,0
20788,/the-original-mr-fuzzy,0,1,0,0,0,0
20788,/cart,0,0,1,0,0,0
20788,/shipping,0,0,0,1,0,0
20788,/billing,0,0,0,0,1,0
20789,/lander-1,0,0,0,0,0,0
20791,/lander-1,0,0,0,0,0,0
20791,/products,1,0,0,0,0,0
20792,/lander-1,0,0,0,0,0,0
20792,/products,1,0,0,0,0,0
20792,/the-original-mr-fuzzy,0,1,0,0,0,0
20792,/cart,0,0,1,0,0,0
20794,/lander-1,0,0,0,0,0,0
20795,/lander-1,0,0,0,0,0,0
20798,/lander-1,0,0,0,0,0,0
20798,/products,1,0,0,0,0,0
20798,/the-original-mr-fuzzy,0,1,0,0,0,0
20798,/cart,0,0,1,0,0,0
20799,/lander-1,0,0,0,0,0,0
20799,/products,1,0,0,0,0,0
20799,/the-original-mr-fuzzy,0,1,0,0,0,0
20800,/lander-1,0,0,0,0,0,0
20802,/lander-1,0,0,0,0,0,0
20803,/lander-1,0,0,0,0,0,0
20804,/lander-1,0,0,0,0,0,0
20804,/products,1,0,0,0,0,0
20804,/the-original-mr-fuzzy,0,1,0,0,0,0
20805,/lander-1,0,0,0,0,0,0
20807,/lander-1,0,0,0,0,0,0
20808,/lander-1,0,0,0,0,0,0
20808,/products,1,0,0,0,0,0
20808,/the-original-mr-fuzzy,0,1,0,0,0,0
20810,/lander-1,0,0,0,0,0,0
20811,/lander-1,0,0,0,0,0,0
20812,/lander-1,0,0,0,0,0,0
20814,/lander-1,0,0,0,0,0,0
20815,/lander-1,0,0,0,0,0,0
20815,/products,1,0,0,0,0,0
20815,/the-original-mr-fuzzy,0,1,0,0,0,0
20815,/cart,0,0,1,0,0,0
20816,/lander-1,0,0,0,0,0,0
20817,/lander-1,0,0,0,0,0,0
20818,/lander-1,0,0,0,0,0,0
20818,/products,1,0,0,0,0,0
20818,/the-original-mr-fuzzy,0,1,0,0,0,0
20820,/lander-1,0,0,0,0,0,0
20821,/lander-1,0,0,0,0,0,0
20821,/products,1,0,0,0,0,0
20822,/lander-1,0,0,0,0,0,0
20822,/products,1,0,0,0,0,0
20822,/the-original-mr-fuzzy,0,1,0,0,0,0
20822,/cart,0,0,1,0,0,0
20823,/lander-1,0,0,0,0,0,0
20823,/products,1,0,0,0,0,0
20823,/the-original-mr-fuzzy,0,1,0,0,0,0
20824,/lander-1,0,0,0,0,0,0
20824,/products,1,0,0,0,0,0
20824,/the-original-mr-fuzzy,0,1,0,0,0,0
20826,/lander-1,0,0,0,0,0,0
20826,/products,1,0,0,0,0,0
20826,/the-original-mr-fuzzy,0,1,0,0,0,0
20826,/cart,0,0,1,0,0,0
20827,/lander-1,0,0,0,0,0,0
20827,/products,1,0,0,0,0,0
20827,/the-original-mr-fuzzy,0,1,0,0,0,0
20828,/lander-1,0,0,0,0,0,0
20829,/lander-1,0,0,0,0,0,0
20829,/products,1,0,0,0,0,0
20829,/the-original-mr-fuzzy,0,1,0,0,0,0
20831,/lander-1,0,0,0,0,0,0
20832,/lander-1,0,0,0,0,0,0
20832,/products,1,0,0,0,0,0
20832,/the-original-mr-fuzzy,0,1,0,0,0,0
20833,/lander-1,0,0,0,0,0,0
20833,/products,1,0,0,0,0,0
20833,/the-original-mr-fuzzy,0,1,0,0,0,0
20834,/lander-1,0,0,0,0,0,0
20834,/products,1,0,0,0,0,0
20834,/the-original-mr-fuzzy,0,1,0,0,0,0
20835,/lander-1,0,0,0,0,0,0
20836,/lander-1,0,0,0,0,0,0
20838,/lander-1,0,0,0,0,0,0
20839,/lander-1,0,0,0,0,0,0
20841,/lander-1,0,0,0,0,0,0
20841,/products,1,0,0,0,0,0
20841,/the-original-mr-fuzzy,0,1,0,0,0,0
20842,/lander-1,0,0,0,0,0,0
20843,/lander-1,0,0,0,0,0,0
20843,/products,1,0,0,0,0,0
20846,/lander-1,0,0,0,0,0,0
20846,/products,1,0,0,0,0,0
20846,/the-original-mr-fuzzy,0,1,0,0,0,0
20847,/lander-1,0,0,0,0,0,0
20849,/lander-1,0,0,0,0,0,0
20849,/products,1,0,0,0,0,0
20850,/lander-1,0,0,0,0,0,0
20851,/lander-1,0,0,0,0,0,0
20851,/products,1,0,0,0,0,0
20852,/lander-1,0,0,0,0,0,0
20853,/lander-1,0,0,0,0,0,0
20854,/lander-1,0,0,0,0,0,0
20854,/products,1,0,0,0,0,0
20855,/lander-1,0,0,0,0,0,0
20855,/products,1,0,0,0,0,0
20855,/the-original-mr-fuzzy,0,1,0,0,0,0
20855,/cart,0,0,1,0,0,0
20856,/lander-1,0,0,0,0,0,0
20857,/lander-1,0,0,0,0,0,0
20857,/products,1,0,0,0,0,0
20857,/the-original-mr-fuzzy,0,1,0,0,0,0
20857,/cart,0,0,1,0,0,0
20857,/shipping,0,0,0,1,0,0
20857,/billing,0,0,0,0,1,0
20857,/thank-you-for-your-order,0,0,0,0,0,1
20858,/lander-1,0,0,0,0,0,0
20858,/products,1,0,0,0,0,0
20859,/lander-1,0,0,0,0,0,0
20861,/lander-1,0,0,0,0,0,0
20863,/lander-1,0,0,0,0,0,0
20863,/products,1,0,0,0,0,0
20863,/the-original-mr-fuzzy,0,1,0,0,0,0
20864,/lander-1,0,0,0,0,0,0
20865,/lander-1,0,0,0,0,0,0
20865,/products,1,0,0,0,0,0
20865,/the-original-mr-fuzzy,0,1,0,0,0,0
20865,/cart,0,0,1,0,0,0
20865,/shipping,0,0,0,1,0,0
20865,/billing,0,0,0,0,1,0
20866,/lander-1,0,0,0,0,0,0
20868,/lander-1,0,0,0,0,0,0
20868,/products,1,0,0,0,0,0
20869,/lander-1,0,0,0,0,0,0
20870,/lander-1,0,0,0,0,0,0
20874,/lander-1,0,0,0,0,0,0
20874,/products,1,0,0,0,0,0
20874,/the-original-mr-fuzzy,0,1,0,0,0,0
20875,/lander-1,0,0,0,0,0,0
20877,/lander-1,0,0,0,0,0,0
20878,/lander-1,0,0,0,0,0,0
20880,/lander-1,0,0,0,0,0,0
20882,/lander-1,0,0,0,0,0,0
20882,/products,1,0,0,0,0,0
20882,/the-original-mr-fuzzy,0,1,0,0,0,0
20882,/cart,0,0,1,0,0,0
20882,/shipping,0,0,0,1,0,0
20882,/billing,0,0,0,0,1,0
20882,/thank-you-for-your-order,0,0,0,0,0,1
20883,/lander-1,0,0,0,0,0,0
20884,/lander-1,0,0,0,0,0,0
20884,/products,1,0,0,0,0,0
20885,/lander-1,0,0,0,0,0,0
20886,/lander-1,0,0,0,0,0,0
20886,/products,1,0,0,0,0,0
20886,/the-original-mr-fuzzy,0,1,0,0,0,0
20890,/lander-1,0,0,0,0,0,0
20891,/lander-1,0,0,0,0,0,0
20894,/lander-1,0,0,0,0,0,0
20896,/lander-1,0,0,0,0,0,0
20896,/products,1,0,0,0,0,0
20896,/the-original-mr-fuzzy,0,1,0,0,0,0
20897,/lander-1,0,0,0,0,0,0
20897,/products,1,0,0,0,0,0
20899,/lander-1,0,0,0,0,0,0
20899,/products,1,0,0,0,0,0
20899,/the-original-mr-fuzzy,0,1,0,0,0,0
20900,/lander-1,0,0,0,0,0,0
20901,/lander-1,0,0,0,0,0,0
20902,/lander-1,0,0,0,0,0,0
20902,/products,1,0,0,0,0,0
20902,/the-original-mr-fuzzy,0,1,0,0,0,0
20904,/lander-1,0,0,0,0,0,0
20905,/lander-1,0,0,0,0,0,0
20906,/lander-1,0,0,0,0,0,0
20907,/lander-1,0,0,0,0,0,0
20907,/products,1,0,0,0,0,0
20907,/the-original-mr-fuzzy,0,1,0,0,0,0
20910,/lander-1,0,0,0,0,0,0
20910,/products,1,0,0,0,0,0
20910,/the-original-mr-fuzzy,0,1,0,0,0,0
20911,/lander-1,0,0,0,0,0,0
20911,/products,1,0,0,0,0,0
20911,/the-original-mr-fuzzy,0,1,0,0,0,0
20912,/lander-1,0,0,0,0,0,0
20912,/products,1,0,0,0,0,0
20912,/the-original-mr-fuzzy,0,1,0,0,0,0
20913,/lander-1,0,0,0,0,0,0
20913,/products,1,0,0,0,0,0
20914,/lander-1,0,0,0,0,0,0
20914,/products,1,0,0,0,0,0
20914,/the-original-mr-fuzzy,0,1,0,0,0,0
20915,/lander-1,0,0,0,0,0,0
20915,/products,1,0,0,0,0,0
20915,/the-original-mr-fuzzy,0,1,0,0,0,0
20915,/cart,0,0,1,0,0,0
20915,/shipping,0,0,0,1,0,0
20915,/billing,0,0,0,0,1,0
20917,/lander-1,0,0,0,0,0,0
20917,/products,1,0,0,0,0,0
20917,/the-original-mr-fuzzy,0,1,0,0,0,0
20917,/cart,0,0,1,0,0,0
20917,/shipping,0,0,0,1,0,0
20918,/lander-1,0,0,0,0,0,0
20918,/products,1,0,0,0,0,0
20921,/lander-1,0,0,0,0,0,0
20921,/products,1,0,0,0,0,0
20923,/lander-1,0,0,0,0,0,0
20923,/products,1,0,0,0,0,0
20923,/the-original-mr-fuzzy,0,1,0,0,0,0
20924,/lander-1,0,0,0,0,0,0
20925,/lander-1,0,0,0,0,0,0
20928,/lander-1,0,0,0,0,0,0
20929,/lander-1,0,0,0,0,0,0
20930,/lander-1,0,0,0,0,0,0
20932,/lander-1,0,0,0,0,0,0
20932,/products,1,0,0,0,0,0
20932,/the-original-mr-fuzzy,0,1,0,0,0,0
20932,/cart,0,0,1,0,0,0
20932,/shipping,0,0,0,1,0,0
20932,/billing,0,0,0,0,1,0
20932,/thank-you-for-your-order,0,0,0,0,0,1
20934,/lander-1,0,0,0,0,0,0
20935,/lander-1,0,0,0,0,0,0
20935,/products,1,0,0,0,0,0
20935,/the-original-mr-fuzzy,0,1,0,0,0,0
20936,/lander-1,0,0,0,0,0,0
20936,/products,1,0,0,0,0,0
20936,/the-original-mr-fuzzy,0,1,0,0,0,0
20936,/cart,0,0,1,0,0,0
20936,/shipping,0,0,0,1,0,0
20936,/billing,0,0,0,0,1,0
20936,/thank-you-for-your-order,0,0,0,0,0,1
20937,/lander-1,0,0,0,0,0,0
20937,/products,1,0,0,0,0,0
20937,/the-original-mr-fuzzy,0,1,0,0,0,0
20946,/lander-1,0,0,0,0,0,0
20947,/lander-1,0,0,0,0,0,0
20948,/lander-1,0,0,0,0,0,0
20948,/products,1,0,0,0,0,0
20948,/the-original-mr-fuzzy,0,1,0,0,0,0
20949,/lander-1,0,0,0,0,0,0
20949,/products,1,0,0,0,0,0
20949,/the-original-mr-fuzzy,0,1,0,0,0,0
20950,/lander-1,0,0,0,0,0,0
20950,/products,1,0,0,0,0,0
20950,/the-original-mr-fuzzy,0,1,0,0,0,0
20951,/lander-1,0,0,0,0,0,0
20951,/products,1,0,0,0,0,0
20953,/lander-1,0,0,0,0,0,0
20953,/products,1,0,0,0,0,0
20953,/the-original-mr-fuzzy,0,1,0,0,0,0
20954,/lander-1,0,0,0,0,0,0
20962,/lander-1,0,0,0,0,0,0
20963,/lander-1,0,0,0,0,0,0
20963,/products,1,0,0,0,0,0
20963,/the-original-mr-fuzzy,0,1,0,0,0,0
20963,/cart,0,0,1,0,0,0
20963,/shipping,0,0,0,1,0,0
20966,/lander-1,0,0,0,0,0,0
20967,/lander-1,0,0,0,0,0,0
20967,/products,1,0,0,0,0,0
20967,/the-original-mr-fuzzy,0,1,0,0,0,0
20969,/lander-1,0,0,0,0,0,0
20969,/products,1,0,0,0,0,0
20969,/the-original-mr-fuzzy,0,1,0,0,0,0
20970,/lander-1,0,0,0,0,0,0
20970,/products,1,0,0,0,0,0
20970,/the-original-mr-fuzzy,0,1,0,0,0,0
20971,/lander-1,0,0,0,0,0,0
20972,/lander-1,0,0,0,0,0,0
20972,/products,1,0,0,0,0,0
20973,/lander-1,0,0,0,0,0,0
20976,/lander-1,0,0,0,0,0,0
20978,/lander-1,0,0,0,0,0,0
20978,/products,1,0,0,0,0,0
20978,/the-original-mr-fuzzy,0,1,0,0,0,0
20979,/lander-1,0,0,0,0,0,0
20979,/products,1,0,0,0,0,0
20979,/the-original-mr-fuzzy,0,1,0,0,0,0
20979,/cart,0,0,1,0,0,0
20979,/shipping,0,0,0,1,0,0
20979,/billing,0,0,0,0,1,0
20980,/lander-1,0,0,0,0,0,0
20980,/products,1,0,0,0,0,0
20980,/the-original-mr-fuzzy,0,1,0,0,0,0
20980,/cart,0,0,1,0,0,0
20981,/lander-1,0,0,0,0,0,0
20982,/lander-1,0,0,0,0,0,0
20982,/products,1,0,0,0,0,0
20982,/the-original-mr-fuzzy,0,1,0,0,0,0
20982,/cart,0,0,1,0,0,0
20982,/shipping,0,0,0,1,0,0
20982,/billing,0,0,0,0,1,0
20982,/thank-you-for-your-order,0,0,0,0,0,1
20984,/lander-1,0,0,0,0,0,0
20985,/lander-1,0,0,0,0,0,0
20985,/products,1,0,0,0,0,0
20985,/the-original-mr-fuzzy,0,1,0,0,0,0
20985,/cart,0,0,1,0,0,0
20986,/lander-1,0,0,0,0,0,0
20986,/products,1,0,0,0,0,0
20986,/the-original-mr-fuzzy,0,1,0,0,0,0
20986,/cart,0,0,1,0,0,0
20987,/lander-1,0,0,0,0,0,0
20990,/lander-1,0,0,0,0,0,0
20991,/lander-1,0,0,0,0,0,0
20991,/products,1,0,0,0,0,0
20991,/the-original-mr-fuzzy,0,1,0,0,0,0
20991,/cart,0,0,1,0,0,0
20991,/shipping,0,0,0,1,0,0
20991,/billing,0,0,0,0,1,0
20991,/thank-you-for-your-order,0,0,0,0,0,1
20993,/lander-1,0,0,0,0,0,0
20994,/lander-1,0,0,0,0,0,0
20995,/lander-1,0,0,0,0,0,0
20996,/lander-1,0,0,0,0,0,0
20996,/products,1,0,0,0,0,0
20998,/lander-1,0,0,0,0,0,0
21001,/lander-1,0,0,0,0,0,0
21002,/lander-1,0,0,0,0,0,0
21005,/lander-1,0,0,0,0,0,0
21005,/products,1,0,0,0,0,0
21006,/lander-1,0,0,0,0,0,0
21006,/products,1,0,0,0,0,0
21007,/lander-1,0,0,0,0,0,0
21008,/lander-1,0,0,0,0,0,0
21010,/lander-1,0,0,0,0,0,0
21010,/products,1,0,0,0,0,0
21010,/the-original-mr-fuzzy,0,1,0,0,0,0
21011,/lander-1,0,0,0,0,0,0
21013,/lander-1,0,0,0,0,0,0
21013,/products,1,0,0,0,0,0
21013,/the-original-mr-fuzzy,0,1,0,0,0,0
21015,/lander-1,0,0,0,0,0,0
21016,/lander-1,0,0,0,0,0,0
21020,/lander-1,0,0,0,0,0,0
21021,/lander-1,0,0,0,0,0,0
21021,/products,1,0,0,0,0,0
21022,/lander-1,0,0,0,0,0,0
21023,/lander-1,0,0,0,0,0,0
21024,/lander-1,0,0,0,0,0,0
21024,/products,1,0,0,0,0,0
21028,/lander-1,0,0,0,0,0,0
21029,/lander-1,0,0,0,0,0,0
21029,/products,1,0,0,0,0,0
21029,/the-original-mr-fuzzy,0,1,0,0,0,0
21030,/lander-1,0,0,0,0,0,0
21030,/products,1,0,0,0,0,0
21030,/the-original-mr-fuzzy,0,1,0,0,0,0
21031,/lander-1,0,0,0,0,0,0
21031,/products,1,0,0,0,0,0
21033,/lander-1,0,0,0,0,0,0
21033,/products,1,0,0,0,0,0
21033,/the-original-mr-fuzzy,0,1,0,0,0,0
21034,/lander-1,0,0,0,0,0,0
21034,/products,1,0,0,0,0,0
21036,/lander-1,0,0,0,0,0,0
21036,/products,1,0,0,0,0,0
21036,/the-original-mr-fuzzy,0,1,0,0,0,0
21036,/cart,0,0,1,0,0,0
21037,/lander-1,0,0,0,0,0,0
21038,/lander-1,0,0,0,0,0,0
21038,/products,1,0,0,0,0,0
21041,/lander-1,0,0,0,0,0,0
21043,/lander-1,0,0,0,0,0,0
21046,/lander-1,0,0,0,0,0,0
21047,/lander-1,0,0,0,0,0,0
21048,/lander-1,0,0,0,0,0,0
21048,/products,1,0,0,0,0,0
21048,/the-original-mr-fuzzy,0,1,0,0,0,0
21049,/lander-1,0,0,0,0,0,0
21049,/products,1,0,0,0,0,0
21049,/the-original-mr-fuzzy,0,1,0,0,0,0
21049,/cart,0,0,1,0,0,0
21050,/lander-1,0,0,0,0,0,0
21052,/lander-1,0,0,0,0,0,0
21052,/products,1,0,0,0,0,0
21054,/lander-1,0,0,0,0,0,0
21055,/lander-1,0,0,0,0,0,0
21055,/products,1,0,0,0,0,0
21055,/the-original-mr-fuzzy,0,1,0,0,0,0
21056,/lander-1,0,0,0,0,0,0
21057,/lander-1,0,0,0,0,0,0
21057,/products,1,0,0,0,0,0
21057,/the-original-mr-fuzzy,0,1,0,0,0,0
21059,/lander-1,0,0,0,0,0,0
21059,/products,1,0,0,0,0,0
21059,/the-original-mr-fuzzy,0,1,0,0,0,0
21059,/cart,0,0,1,0,0,0
21059,/shipping,0,0,0,1,0,0
21060,/lander-1,0,0,0,0,0,0
21061,/lander-1,0,0,0,0,0,0
21061,/products,1,0,0,0,0,0
21061,/the-original-mr-fuzzy,0,1,0,0,0,0
21064,/lander-1,0,0,0,0,0,0
21064,/products,1,0,0,0,0,0
21064,/the-original-mr-fuzzy,0,1,0,0,0,0
21064,/cart,0,0,1,0,0,0
21067,/lander-1,0,0,0,0,0,0
21067,/products,1,0,0,0,0,0
21067,/the-original-mr-fuzzy,0,1,0,0,0,0
21070,/lander-1,0,0,0,0,0,0
21070,/products,1,0,0,0,0,0
21070,/the-original-mr-fuzzy,0,1,0,0,0,0
21071,/lander-1,0,0,0,0,0,0
21072,/lander-1,0,0,0,0,0,0
21072,/products,1,0,0,0,0,0
21072,/the-original-mr-fuzzy,0,1,0,0,0,0
21073,/lander-1,0,0,0,0,0,0
21073,/products,1,0,0,0,0,0
21075,/lander-1,0,0,0,0,0,0
21077,/lander-1,0,0,0,0,0,0
21078,/lander-1,0,0,0,0,0,0
21079,/lander-1,0,0,0,0,0,0
21080,/lander-1,0,0,0,0,0,0
21082,/lander-1,0,0,0,0,0,0
21082,/products,1,0,0,0,0,0
21084,/lander-1,0,0,0,0,0,0
21084,/products,1,0,0,0,0,0
21084,/the-original-mr-fuzzy,0,1,0,0,0,0
21084,/cart,0,0,1,0,0,0
21085,/lander-1,0,0,0,0,0,0
21085,/products,1,0,0,0,0,0
21086,/lander-1,0,0,0,0,0,0
21086,/products,1,0,0,0,0,0
21092,/lander-1,0,0,0,0,0,0
21092,/products,1,0,0,0,0,0
21092,/the-original-mr-fuzzy,0,1,0,0,0,0
21092,/cart,0,0,1,0,0,0
21093,/lander-1,0,0,0,0,0,0
21093,/products,1,0,0,0,0,0
21095,/lander-1,0,0,0,0,0,0
21100,/lander-1,0,0,0,0,0,0
21101,/lander-1,0,0,0,0,0,0
21101,/products,1,0,0,0,0,0
21101,/the-original-mr-fuzzy,0,1,0,0,0,0
21101,/cart,0,0,1,0,0,0
21104,/lander-1,0,0,0,0,0,0
21105,/lander-1,0,0,0,0,0,0
21107,/lander-1,0,0,0,0,0,0
21108,/lander-1,0,0,0,0,0,0
21108,/products,1,0,0,0,0,0
21108,/the-original-mr-fuzzy,0,1,0,0,0,0
21108,/cart,0,0,1,0,0,0
21109,/lander-1,0,0,0,0,0,0
21109,/products,1,0,0,0,0,0
21110,/lander-1,0,0,0,0,0,0
21110,/products,1,0,0,0,0,0
21111,/lander-1,0,0,0,0,0,0
21111,/products,1,0,0,0,0,0
21111,/the-original-mr-fuzzy,0,1,0,0,0,0
21111,/cart,0,0,1,0,0,0
21111,/shipping,0,0,0,1,0,0
21111,/billing,0,0,0,0,1,0
21113,/lander-1,0,0,0,0,0,0
21114,/lander-1,0,0,0,0,0,0
21115,/lander-1,0,0,0,0,0,0
21116,/lander-1,0,0,0,0,0,0
21117,/lander-1,0,0,0,0,0,0
21118,/lander-1,0,0,0,0,0,0
21118,/products,1,0,0,0,0,0
21119,/lander-1,0,0,0,0,0,0
21120,/lander-1,0,0,0,0,0,0
21120,/products,1,0,0,0,0,0
21120,/the-original-mr-fuzzy,0,1,0,0,0,0
21121,/lander-1,0,0,0,0,0,0
21121,/products,1,0,0,0,0,0
21121,/the-original-mr-fuzzy,0,1,0,0,0,0
21122,/lander-1,0,0,0,0,0,0
21122,/products,1,0,0,0,0,0
21123,/lander-1,0,0,0,0,0,0
21124,/lander-1,0,0,0,0,0,0
21124,/products,1,0,0,0,0,0
21124,/the-original-mr-fuzzy,0,1,0,0,0,0
21124,/cart,0,0,1,0,0,0
21124,/shipping,0,0,0,1,0,0
21125,/lander-1,0,0,0,0,0,0
21125,/products,1,0,0,0,0,0
21125,/the-original-mr-fuzzy,0,1,0,0,0,0
21126,/lander-1,0,0,0,0,0,0
21127,/lander-1,0,0,0,0,0,0
21127,/products,1,0,0,0,0,0
21127,/the-original-mr-fuzzy,0,1,0,0,0,0
21127,/cart,0,0,1,0,0,0
21127,/shipping,0,0,0,1,0,0
21127,/billing,0,0,0,0,1,0
21128,/lander-1,0,0,0,0,0,0
21128,/products,1,0,0,0,0,0
21129,/lander-1,0,0,0,0,0,0
21129,/products,1,0,0,0,0,0
21129,/the-original-mr-fuzzy,0,1,0,0,0,0
21135,/lander-1,0,0,0,0,0,0
21138,/lander-1,0,0,0,0,0,0
21141,/lander-1,0,0,0,0,0,0
21141,/products,1,0,0,0,0,0
21141,/the-original-mr-fuzzy,0,1,0,0,0,0
21142,/lander-1,0,0,0,0,0,0
21142,/products,1,0,0,0,0,0
21143,/lander-1,0,0,0,0,0,0
21144,/lander-1,0,0,0,0,0,0
21146,/lander-1,0,0,0,0,0,0
21146,/products,1,0,0,0,0,0
21146,/the-original-mr-fuzzy,0,1,0,0,0,0
21146,/cart,0,0,1,0,0,0
21146,/shipping,0,0,0,1,0,0
21146,/billing,0,0,0,0,1,0
21146,/thank-you-for-your-order,0,0,0,0,0,1
21147,/lander-1,0,0,0,0,0,0
21149,/lander-1,0,0,0,0,0,0
21151,/lander-1,0,0,0,0,0,0
21151,/products,1,0,0,0,0,0
21151,/the-original-mr-fuzzy,0,1,0,0,0,0
21151,/cart,0,0,1,0,0,0
21151,/shipping,0,0,0,1,0,0
21151,/billing,0,0,0,0,1,0
21151,/thank-you-for-your-order,0,0,0,0,0,1
21152,/lander-1,0,0,0,0,0,0
21152,/products,1,0,0,0,0,0
21152,/the-original-mr-fuzzy,0,1,0,0,0,0
21152,/cart,0,0,1,0,0,0
21152,/shipping,0,0,0,1,0,0
21152,/billing,0,0,0,0,1,0
21152,/thank-you-for-your-order,0,0,0,0,0,1
21153,/lander-1,0,0,0,0,0,0
21155,/lander-1,0,0,0,0,0,0
21157,/lander-1,0,0,0,0,0,0
21157,/products,1,0,0,0,0,0
21157,/the-original-mr-fuzzy,0,1,0,0,0,0
21158,/lander-1,0,0,0,0,0,0
21159,/lander-1,0,0,0,0,0,0
21159,/products,1,0,0,0,0,0
21159,/the-original-mr-fuzzy,0,1,0,0,0,0
21159,/cart,0,0,1,0,0,0
21159,/shipping,0,0,0,1,0,0
21159,/billing,0,0,0,0,1,0
21159,/thank-you-for-your-order,0,0,0,0,0,1
21162,/lander-1,0,0,0,0,0,0
21162,/products,1,0,0,0,0,0
21162,/the-original-mr-fuzzy,0,1,0,0,0,0
21162,/cart,0,0,1,0,0,0
21164,/lander-1,0,0,0,0,0,0
21165,/lander-1,0,0,0,0,0,0
21165,/products,1,0,0,0,0,0
21165,/the-original-mr-fuzzy,0,1,0,0,0,0
21166,/lander-1,0,0,0,0,0,0
21167,/lander-1,0,0,0,0,0,0
21168,/lander-1,0,0,0,0,0,0
21170,/lander-1,0,0,0,0,0,0
21171,/lander-1,0,0,0,0,0,0
21173,/lander-1,0,0,0,0,0,0
21174,/lander-1,0,0,0,0,0,0
21174,/products,1,0,0,0,0,0
21175,/lander-1,0,0,0,0,0,0
21176,/lander-1,0,0,0,0,0,0
21176,/products,1,0,0,0,0,0
21176,/the-original-mr-fuzzy,0,1,0,0,0,0
21176,/cart,0,0,1,0,0,0
21176,/shipping,0,0,0,1,0,0
21176,/billing,0,0,0,0,1,0
21177,/lander-1,0,0,0,0,0,0
21177,/products,1,0,0,0,0,0
21177,/the-original-mr-fuzzy,0,1,0,0,0,0
21177,/cart,0,0,1,0,0,0
21179,/lander-1,0,0,0,0,0,0
21180,/lander-1,0,0,0,0,0,0
21180,/products,1,0,0,0,0,0
21180,/the-original-mr-fuzzy,0,1,0,0,0,0
21181,/lander-1,0,0,0,0,0,0
21181,/products,1,0,0,0,0,0
21181,/the-original-mr-fuzzy,0,1,0,0,0,0
21181,/cart,0,0,1,0,0,0
21181,/shipping,0,0,0,1,0,0
21181,/billing,0,0,0,0,1,0
21181,/thank-you-for-your-order,0,0,0,0,0,1
21182,/lander-1,0,0,0,0,0,0
21182,/products,1,0,0,0,0,0
21182,/the-original-mr-fuzzy,0,1,0,0,0,0
21183,/lander-1,0,0,0,0,0,0
21183,/products,1,0,0,0,0,0
21183,/the-original-mr-fuzzy,0,1,0,0,0,0
21184,/lander-1,0,0,0,0,0,0
21184,/products,1,0,0,0,0,0
21184,/the-original-mr-fuzzy,0,1,0,0,0,0
21184,/cart,0,0,1,0,0,0
21187,/lander-1,0,0,0,0,0,0
21187,/products,1,0,0,0,0,0
21187,/the-original-mr-fuzzy,0,1,0,0,0,0
21187,/cart,0,0,1,0,0,0
21187,/shipping,0,0,0,1,0,0
21187,/billing,0,0,0,0,1,0
21188,/lander-1,0,0,0,0,0,0
21191,/lander-1,0,0,0,0,0,0
21191,/products,1,0,0,0,0,0
21191,/the-original-mr-fuzzy,0,1,0,0,0,0
21191,/cart,0,0,1,0,0,0
21192,/lander-1,0,0,0,0,0,0
21193,/lander-1,0,0,0,0,0,0
21193,/products,1,0,0,0,0,0
21194,/lander-1,0,0,0,0,0,0
21194,/products,1,0,0,0,0,0
21196,/lander-1,0,0,0,0,0,0
21196,/products,1,0,0,0,0,0
21198,/lander-1,0,0,0,0,0,0
21198,/products,1,0,0,0,0,0
21199,/lander-1,0,0,0,0,0,0
21199,/products,1,0,0,0,0,0
21199,/the-original-mr-fuzzy,0,1,0,0,0,0
21200,/lander-1,0,0,0,0,0,0
21201,/lander-1,0,0,0,0,0,0
21201,/products,1,0,0,0,0,0
21203,/lander-1,0,0,0,0,0,0
21206,/lander-1,0,0,0,0,0,0
21206,/products,1,0,0,0,0,0
21206,/the-original-mr-fuzzy,0,1,0,0,0,0
21206,/cart,0,0,1,0,0,0
21206,/shipping,0,0,0,1,0,0
21206,/billing,0,0,0,0,1,0
21207,/lander-1,0,0,0,0,0,0
21208,/lander-1,0,0,0,0,0,0
21208,/products,1,0,0,0,0,0
21208,/the-original-mr-fuzzy,0,1,0,0,0,0
21209,/lander-1,0,0,0,0,0,0
21210,/lander-1,0,0,0,0,0,0
21211,/lander-1,0,0,0,0,0,0
21212,/lander-1,0,0,0,0,0,0
21212,/products,1,0,0,0,0,0
21212,/the-original-mr-fuzzy,0,1,0,0,0,0
21212,/cart,0,0,1,0,0,0
21212,/shipping,0,0,0,1,0,0
21213,/lander-1,0,0,0,0,0,0
21215,/lander-1,0,0,0,0,0,0
21215,/products,1,0,0,0,0,0
21215,/the-original-mr-fuzzy,0,1,0,0,0,0
21217,/lander-1,0,0,0,0,0,0
21218,/lander-1,0,0,0,0,0,0
21218,/products,1,0,0,0,0,0
21218,/the-original-mr-fuzzy,0,1,0,0,0,0
21219,/lander-1,0,0,0,0,0,0
21220,/lander-1,0,0,0,0,0,0
21222,/lander-1,0,0,0,0,0,0
21223,/lander-1,0,0,0,0,0,0
21224,/lander-1,0,0,0,0,0,0
21225,/lander-1,0,0,0,0,0,0
21225,/products,1,0,0,0,0,0
21226,/lander-1,0,0,0,0,0,0
21227,/lander-1,0,0,0,0,0,0
21228,/lander-1,0,0,0,0,0,0
21228,/products,1,0,0,0,0,0
21228,/the-original-mr-fuzzy,0,1,0,0,0,0
21229,/lander-1,0,0,0,0,0,0
21229,/products,1,0,0,0,0,0
21229,/the-original-mr-fuzzy,0,1,0,0,0,0
21229,/cart,0,0,1,0,0,0
21230,/lander-1,0,0,0,0,0,0
21231,/lander-1,0,0,0,0,0,0
21231,/products,1,0,0,0,0,0
21231,/the-original-mr-fuzzy,0,1,0,0,0,0
21231,/cart,0,0,1,0,0,0
21231,/shipping,0,0,0,1,0,0
21231,/billing,0,0,0,0,1,0
21232,/lander-1,0,0,0,0,0,0
21232,/products,1,0,0,0,0,0
21232,/the-original-mr-fuzzy,0,1,0,0,0,0
21233,/lander-1,0,0,0,0,0,0
21233,/products,1,0,0,0,0,0
21233,/the-original-mr-fuzzy,0,1,0,0,0,0
21237,/lander-1,0,0,0,0,0,0
21237,/products,1,0,0,0,0,0
21237,/the-original-mr-fuzzy,0,1,0,0,0,0
21237,/cart,0,0,1,0,0,0
21237,/shipping,0,0,0,1,0,0
21237,/billing,0,0,0,0,1,0
21238,/lander-1,0,0,0,0,0,0
21238,/products,1,0,0,0,0,0
21239,/lander-1,0,0,0,0,0,0
21247,/lander-1,0,0,0,0,0,0
21248,/lander-1,0,0,0,0,0,0
21248,/products,1,0,0,0,0,0
21248,/the-original-mr-fuzzy,0,1,0,0,0,0
21248,/cart,0,0,1,0,0,0
21248,/shipping,0,0,0,1,0,0
21248,/billing,0,0,0,0,1,0
21248,/thank-you-for-your-order,0,0,0,0,0,1
21250,/lander-1,0,0,0,0,0,0
21250,/products,1,0,0,0,0,0
21251,/lander-1,0,0,0,0,0,0
21251,/products,1,0,0,0,0,0
21251,/the-original-mr-fuzzy,0,1,0,0,0,0
21251,/cart,0,0,1,0,0,0
21251,/shipping,0,0,0,1,0,0
21252,/lander-1,0,0,0,0,0,0
21254,/lander-1,0,0,0,0,0,0
21254,/products,1,0,0,0,0,0
21254,/the-original-mr-fuzzy,0,1,0,0,0,0
21255,/lander-1,0,0,0,0,0,0
21256,/lander-1,0,0,0,0,0,0
21256,/products,1,0,0,0,0,0
21256,/the-original-mr-fuzzy,0,1,0,0,0,0
21258,/lander-1,0,0,0,0,0,0
21259,/lander-1,0,0,0,0,0,0
21259,/products,1,0,0,0,0,0
21259,/the-original-mr-fuzzy,0,1,0,0,0,0
21259,/cart,0,0,1,0,0,0
21259,/shipping,0,0,0,1,0,0
21259,/billing,0,0,0,0,1,0
21259,/thank-you-for-your-order,0,0,0,0,0,1
21260,/lander-1,0,0,0,0,0,0
21262,/lander-1,0,0,0,0,0,0
21264,/lander-1,0,0,0,0,0,0
21265,/lander-1,0,0,0,0,0,0
21266,/lander-1,0,0,0,0,0,0
21267,/lander-1,0,0,0,0,0,0
21268,/lander-1,0,0,0,0,0,0
21271,/lander-1,0,0,0,0,0,0
21271,/products,1,0,0,0,0,0
21271,/the-original-mr-fuzzy,0,1,0,0,0,0
21272,/lander-1,0,0,0,0,0,0
21273,/lander-1,0,0,0,0,0,0
21274,/lander-1,0,0,0,0,0,0
21274,/products,1,0,0,0,0,0
21274,/the-original-mr-fuzzy,0,1,0,0,0,0
21274,/cart,0,0,1,0,0,0
21274,/shipping,0,0,0,1,0,0
21275,/lander-1,0,0,0,0,0,0
21276,/lander-1,0,0,0,0,0,0
21277,/lander-1,0,0,0,0,0,0
21278,/lander-1,0,0,0,0,0,0
21279,/lander-1,0,0,0,0,0,0
21279,/products,1,0,0,0,0,0
21279,/the-original-mr-fuzzy,0,1,0,0,0,0
21279,/cart,0,0,1,0,0,0
21279,/shipping,0,0,0,1,0,0
21279,/billing,0,0,0,0,1,0
21279,/thank-you-for-your-order,0,0,0,0,0,1
21281,/lander-1,0,0,0,0,0,0
21281,/products,1,0,0,0,0,0
21281,/the-original-mr-fuzzy,0,1,0,0,0,0
21283,/lander-1,0,0,0,0,0,0
21284,/lander-1,0,0,0,0,0,0
21286,/lander-1,0,0,0,0,0,0
21286,/products,1,0,0,0,0,0
21286,/the-original-mr-fuzzy,0,1,0,0,0,0
21287,/lander-1,0,0,0,0,0,0
21287,/products,1,0,0,0,0,0
21287,/the-original-mr-fuzzy,0,1,0,0,0,0
21287,/cart,0,0,1,0,0,0
21287,/shipping,0,0,0,1,0,0
21290,/lander-1,0,0,0,0,0,0
21291,/lander-1,0,0,0,0,0,0
21291,/products,1,0,0,0,0,0
21291,/the-original-mr-fuzzy,0,1,0,0,0,0
21292,/lander-1,0,0,0,0,0,0
21292,/products,1,0,0,0,0,0
21292,/the-original-mr-fuzzy,0,1,0,0,0,0
21293,/lander-1,0,0,0,0,0,0
21294,/lander-1,0,0,0,0,0,0
21295,/lander-1,0,0,0,0,0,0
21295,/products,1,0,0,0,0,0
21295,/the-original-mr-fuzzy,0,1,0,0,0,0
21295,/cart,0,0,1,0,0,0
21295,/shipping,0,0,0,1,0,0
21295,/billing,0,0,0,0,1,0
21296,/lander-1,0,0,0,0,0,0
21296,/products,1,0,0,0,0,0
21296,/the-original-mr-fuzzy,0,1,0,0,0,0
21297,/lander-1,0,0,0,0,0,0
21297,/products,1,0,0,0,0,0
21297,/the-original-mr-fuzzy,0,1,0,0,0,0
21298,/lander-1,0,0,0,0,0,0
21298,/products,1,0,0,0,0,0
21298,/the-original-mr-fuzzy,0,1,0,0,0,0
21299,/lander-1,0,0,0,0,0,0
21300,/lander-1,0,0,0,0,0,0
21300,/products,1,0,0,0,0,0
21300,/the-original-mr-fuzzy,0,1,0,0,0,0
21300,/cart,0,0,1,0,0,0
21301,/lander-1,0,0,0,0,0,0
21302,/lander-1,0,0,0,0,0,0
21303,/lander-1,0,0,0,0,0,0
21304,/lander-1,0,0,0,0,0,0
21305,/lander-1,0,0,0,0,0,0
21306,/lander-1,0,0,0,0,0,0
21306,/products,1,0,0,0,0,0
21306,/the-original-mr-fuzzy,0,1,0,0,0,0
21307,/lander-1,0,0,0,0,0,0
21308,/lander-1,0,0,0,0,0,0
21310,/lander-1,0,0,0,0,0,0
21310,/products,1,0,0,0,0,0
21310,/the-original-mr-fuzzy,0,1,0,0,0,0
21310,/cart,0,0,1,0,0,0
21311,/lander-1,0,0,0,0,0,0
21314,/lander-1,0,0,0,0,0,0
21314,/products,1,0,0,0,0,0
21314,/the-original-mr-fuzzy,0,1,0,0,0,0
21314,/cart,0,0,1,0,0,0
21314,/shipping,0,0,0,1,0,0
21315,/lander-1,0,0,0,0,0,0
21315,/products,1,0,0,0,0,0
21315,/the-original-mr-fuzzy,0,1,0,0,0,0
21318,/lander-1,0,0,0,0,0,0
21319,/lander-1,0,0,0,0,0,0
21319,/products,1,0,0,0,0,0
21319,/the-original-mr-fuzzy,0,1,0,0,0,0
21321,/lander-1,0,0,0,0,0,0
21321,/products,1,0,0,0,0,0
21321,/the-original-mr-fuzzy,0,1,0,0,0,0
21321,/cart,0,0,1,0,0,0
21322,/lander-1,0,0,0,0,0,0
21323,/lander-1,0,0,0,0,0,0
21324,/lander-1,0,0,0,0,0,0
21325,/lander-1,0,0,0,0,0,0
21325,/products,1,0,0,0,0,0
21325,/the-original-mr-fuzzy,0,1,0,0,0,0
21325,/cart,0,0,1,0,0,0
21326,/lander-1,0,0,0,0,0,0
21326,/products,1,0,0,0,0,0
21326,/the-original-mr-fuzzy,0,1,0,0,0,0
21326,/cart,0,0,1,0,0,0
21326,/shipping,0,0,0,1,0,0
21326,/billing,0,0,0,0,1,0
21327,/lander-1,0,0,0,0,0,0
21328,/lander-1,0,0,0,0,0,0
21328,/products,1,0,0,0,0,0
21329,/lander-1,0,0,0,0,0,0
21331,/lander-1,0,0,0,0,0,0
21331,/products,1,0,0,0,0,0
21331,/the-original-mr-fuzzy,0,1,0,0,0,0
21331,/cart,0,0,1,0,0,0
21331,/shipping,0,0,0,1,0,0
21331,/billing,0,0,0,0,1,0
21331,/thank-you-for-your-order,0,0,0,0,0,1
21332,/lander-1,0,0,0,0,0,0
21332,/products,1,0,0,0,0,0
21332,/the-original-mr-fuzzy,0,1,0,0,0,0
21332,/cart,0,0,1,0,0,0
21332,/shipping,0,0,0,1,0,0
21332,/billing,0,0,0,0,1,0
21333,/lander-1,0,0,0,0,0,0
21335,/lander-1,0,0,0,0,0,0
21336,/lander-1,0,0,0,0,0,0
21337,/lander-1,0,0,0,0,0,0
21337,/products,1,0,0,0,0,0
21337,/the-original-mr-fuzzy,0,1,0,0,0,0
21338,/lander-1,0,0,0,0,0,0
21338,/products,1,0,0,0,0,0
21339,/lander-1,0,0,0,0,0,0
21340,/lander-1,0,0,0,0,0,0
21340,/products,1,0,0,0,0,0
21340,/the-original-mr-fuzzy,0,1,0,0,0,0
21341,/lander-1,0,0,0,0,0,0
21342,/lander-1,0,0,0,0,0,0
21342,/products,1,0,0,0,0,0
21342,/the-original-mr-fuzzy,0,1,0,0,0,0
21342,/cart,0,0,1,0,0,0
21342,/shipping,0,0,0,1,0,0
21342,/billing,0,0,0,0,1,0
21343,/lander-1,0,0,0,0,0,0
21344,/lander-1,0,0,0,0,0,0
21344,/products,1,0,0,0,0,0
21344,/the-original-mr-fuzzy,0,1,0,0,0,0
21345,/lander-1,0,0,0,0,0,0
21345,/products,1,0,0,0,0,0
21345,/the-original-mr-fuzzy,0,1,0,0,0,0
21346,/lander-1,0,0,0,0,0,0
21347,/lander-1,0,0,0,0,0,0
21347,/products,1,0,0,0,0,0
21347,/the-original-mr-fuzzy,0,1,0,0,0,0
21348,/lander-1,0,0,0,0,0,0
21348,/products,1,0,0,0,0,0
21348,/the-original-mr-fuzzy,0,1,0,0,0,0
21348,/cart,0,0,1,0,0,0
21348,/shipping,0,0,0,1,0,0
21348,/billing,0,0,0,0,1,0
21349,/lander-1,0,0,0,0,0,0
21350,/lander-1,0,0,0,0,0,0
21351,/lander-1,0,0,0,0,0,0
21353,/lander-1,0,0,0,0,0,0
21353,/products,1,0,0,0,0,0
21353,/the-original-mr-fuzzy,0,1,0,0,0,0
21354,/lander-1,0,0,0,0,0,0
21355,/lander-1,0,0,0,0,0,0
21355,/products,1,0,0,0,0,0
21355,/the-original-mr-fuzzy,0,1,0,0,0,0
21356,/lander-1,0,0,0,0,0,0
21357,/lander-1,0,0,0,0,0,0
21357,/products,1,0,0,0,0,0
21357,/the-original-mr-fuzzy,0,1,0,0,0,0
21357,/cart,0,0,1,0,0,0
21357,/shipping,0,0,0,1,0,0
21357,/billing,0,0,0,0,1,0
21358,/lander-1,0,0,0,0,0,0
21358,/products,1,0,0,0,0,0
21359,/lander-1,0,0,0,0,0,0
21359,/products,1,0,0,0,0,0
21362,/lander-1,0,0,0,0,0,0
21362,/products,1,0,0,0,0,0
21362,/the-original-mr-fuzzy,0,1,0,0,0,0
21362,/cart,0,0,1,0,0,0
21363,/lander-1,0,0,0,0,0,0
21363,/products,1,0,0,0,0,0
21363,/the-original-mr-fuzzy,0,1,0,0,0,0
21368,/lander-1,0,0,0,0,0,0
21368,/products,1,0,0,0,0,0
21368,/the-original-mr-fuzzy,0,1,0,0,0,0
21368,/cart,0,0,1,0,0,0
21369,/lander-1,0,0,0,0,0,0
21370,/lander-1,0,0,0,0,0,0
21370,/products,1,0,0,0,0,0
21372,/lander-1,0,0,0,0,0,0
21374,/lander-1,0,0,0,0,0,0
21375,/lander-1,0,0,0,0,0,0
21375,/products,1,0,0,0,0,0
21376,/lander-1,0,0,0,0,0,0
21376,/products,1,0,0,0,0,0
21376,/the-original-mr-fuzzy,0,1,0,0,0,0
21376,/cart,0,0,1,0,0,0
21378,/lander-1,0,0,0,0,0,0
21378,/products,1,0,0,0,0,0
21378,/the-original-mr-fuzzy,0,1,0,0,0,0
21381,/lander-1,0,0,0,0,0,0
21382,/lander-1,0,0,0,0,0,0
21382,/products,1,0,0,0,0,0
21382,/the-original-mr-fuzzy,0,1,0,0,0,0
21383,/lander-1,0,0,0,0,0,0
21384,/lander-1,0,0,0,0,0,0
21385,/lander-1,0,0,0,0,0,0
21385,/products,1,0,0,0,0,0
21386,/lander-1,0,0,0,0,0,0
21386,/products,1,0,0,0,0,0
21386,/the-original-mr-fuzzy,0,1,0,0,0,0
21387,/lander-1,0,0,0,0,0,0
21388,/lander-1,0,0,0,0,0,0
21388,/products,1,0,0,0,0,0
21388,/the-original-mr-fuzzy,0,1,0,0,0,0
21389,/lander-1,0,0,0,0,0,0
21390,/lander-1,0,0,0,0,0,0
21391,/lander-1,0,0,0,0,0,0
21391,/products,1,0,0,0,0,0
21391,/the-original-mr-fuzzy,0,1,0,0,0,0
21393,/lander-1,0,0,0,0,0,0
21393,/products,1,0,0,0,0,0
21393,/the-original-mr-fuzzy,0,1,0,0,0,0
21395,/lander-1,0,0,0,0,0,0
21395,/products,1,0,0,0,0,0
21395,/the-original-mr-fuzzy,0,1,0,0,0,0
21395,/cart,0,0,1,0,0,0
21395,/shipping,0,0,0,1,0,0
21396,/lander-1,0,0,0,0,0,0
21397,/lander-1,0,0,0,0,0,0
21397,/products,1,0,0,0,0,0
21397,/the-original-mr-fuzzy,0,1,0,0,0,0
21397,/cart,0,0,1,0,0,0
21398,/lander-1,0,0,0,0,0,0
21399,/lander-1,0,0,0,0,0,0
21399,/products,1,0,0,0,0,0
21401,/lander-1,0,0,0,0,0,0
21401,/products,1,0,0,0,0,0
21401,/the-original-mr-fuzzy,0,1,0,0,0,0
21403,/lander-1,0,0,0,0,0,0
21404,/lander-1,0,0,0,0,0,0
21405,/lander-1,0,0,0,0,0,0
21405,/products,1,0,0,0,0,0
21406,/lander-1,0,0,0,0,0,0
21408,/lander-1,0,0,0,0,0,0
21409,/lander-1,0,0,0,0,0,0
21410,/lander-1,0,0,0,0,0,0
21412,/lander-1,0,0,0,0,0,0
21412,/products,1,0,0,0,0,0
21412,/the-original-mr-fuzzy,0,1,0,0,0,0
21413,/lander-1,0,0,0,0,0,0
21414,/lander-1,0,0,0,0,0,0
21414,/products,1,0,0,0,0,0
21414,/the-original-mr-fuzzy,0,1,0,0,0,0
21414,/cart,0,0,1,0,0,0
21414,/shipping,0,0,0,1,0,0
21414,/billing,0,0,0,0,1,0
21414,/thank-you-for-your-order,0,0,0,0,0,1
21416,/lander-1,0,0,0,0,0,0
21417,/lander-1,0,0,0,0,0,0
21417,/products,1,0,0,0,0,0
21417,/the-original-mr-fuzzy,0,1,0,0,0,0
21418,/lander-1,0,0,0,0,0,0
21419,/lander-1,0,0,0,0,0,0
21419,/products,1,0,0,0,0,0
21419,/the-original-mr-fuzzy,0,1,0,0,0,0
21419,/cart,0,0,1,0,0,0
21419,/shipping,0,0,0,1,0,0
21419,/billing,0,0,0,0,1,0
21420,/lander-1,0,0,0,0,0,0
21422,/lander-1,0,0,0,0,0,0
21423,/lander-1,0,0,0,0,0,0
21423,/products,1,0,0,0,0,0
21423,/the-original-mr-fuzzy,0,1,0,0,0,0
21423,/cart,0,0,1,0,0,0
21423,/shipping,0,0,0,1,0,0
21424,/lander-1,0,0,0,0,0,0
21424,/products,1,0,0,0,0,0
21424,/the-original-mr-fuzzy,0,1,0,0,0,0
21424,/cart,0,0,1,0,0,0
21424,/shipping,0,0,0,1,0,0
21424,/billing,0,0,0,0,1,0
21429,/lander-1,0,0,0,0,0,0
21430,/lander-1,0,0,0,0,0,0
21432,/lander-1,0,0,0,0,0,0
21434,/lander-1,0,0,0,0,0,0
21434,/products,1,0,0,0,0,0
21434,/the-original-mr-fuzzy,0,1,0,0,0,0
21434,/cart,0,0,1,0,0,0
21434,/shipping,0,0,0,1,0,0
21434,/billing,0,0,0,0,1,0
21434,/thank-you-for-your-order,0,0,0,0,0,1
21435,/lander-1,0,0,0,0,0,0
21436,/lander-1,0,0,0,0,0,0
21437,/lander-1,0,0,0,0,0,0
21438,/lander-1,0,0,0,0,0,0
21439,/lander-1,0,0,0,0,0,0
21441,/lander-1,0,0,0,0,0,0
21442,/lander-1,0,0,0,0,0,0
21444,/lander-1,0,0,0,0,0,0
21444,/products,1,0,0,0,0,0
21444,/the-original-mr-fuzzy,0,1,0,0,0,0
21446,/lander-1,0,0,0,0,0,0
21446,/products,1,0,0,0,0,0
21446,/the-original-mr-fuzzy,0,1,0,0,0,0
21446,/cart,0,0,1,0,0,0
21446,/shipping,0,0,0,1,0,0
21446,/billing,0,0,0,0,1,0
21447,/lander-1,0,0,0,0,0,0
21447,/products,1,0,0,0,0,0
21448,/lander-1,0,0,0,0,0,0
21448,/products,1,0,0,0,0,0
21448,/the-original-mr-fuzzy,0,1,0,0,0,0
21450,/lander-1,0,0,0,0,0,0
21450,/products,1,0,0,0,0,0
21450,/the-original-mr-fuzzy,0,1,0,0,0,0
21453,/lander-1,0,0,0,0,0,0
21454,/lander-1,0,0,0,0,0,0
21455,/lander-1,0,0,0,0,0,0
21455,/products,1,0,0,0,0,0
21457,/lander-1,0,0,0,0,0,0
21457,/products,1,0,0,0,0,0
21457,/the-original-mr-fuzzy,0,1,0,0,0,0
21458,/lander-1,0,0,0,0,0,0
21458,/products,1,0,0,0,0,0
21458,/the-original-mr-fuzzy,0,1,0,0,0,0
21461,/lander-1,0,0,0,0,0,0
21461,/products,1,0,0,0,0,0
21463,/lander-1,0,0,0,0,0,0
21464,/lander-1,0,0,0,0,0,0
21464,/products,1,0,0,0,0,0
21464,/the-original-mr-fuzzy,0,1,0,0,0,0
21464,/cart,0,0,1,0,0,0
21464,/shipping,0,0,0,1,0,0
21464,/billing,0,0,0,0,1,0
21465,/lander-1,0,0,0,0,0,0
21465,/products,1,0,0,0,0,0
21466,/lander-1,0,0,0,0,0,0
21467,/lander-1,0,0,0,0,0,0
21467,/products,1,0,0,0,0,0
21467,/the-original-mr-fuzzy,0,1,0,0,0,0
21467,/cart,0,0,1,0,0,0
21467,/shipping,0,0,0,1,0,0
21467,/billing,0,0,0,0,1,0
21468,/lander-1,0,0,0,0,0,0
21469,/lander-1,0,0,0,0,0,0
21469,/products,1,0,0,0,0,0
21469,/the-original-mr-fuzzy,0,1,0,0,0,0
21469,/cart,0,0,1,0,0,0
21470,/lander-1,0,0,0,0,0,0
21470,/products,1,0,0,0,0,0
21470,/the-original-mr-fuzzy,0,1,0,0,0,0
21474,/lander-1,0,0,0,0,0,0
21475,/lander-1,0,0,0,0,0,0
21475,/products,1,0,0,0,0,0
21475,/the-original-mr-fuzzy,0,1,0,0,0,0
21475,/cart,0,0,1,0,0,0
21475,/shipping,0,0,0,1,0,0
21475,/billing,0,0,0,0,1,0
21475,/thank-you-for-your-order,0,0,0,0,0,1
21476,/lander-1,0,0,0,0,0,0
21478,/lander-1,0,0,0,0,0,0
21479,/lander-1,0,0,0,0,0,0
21479,/products,1,0,0,0,0,0
21479,/the-original-mr-fuzzy,0,1,0,0,0,0
21482,/lander-1,0,0,0,0,0,0
21484,/lander-1,0,0,0,0,0,0
21484,/products,1,0,0,0,0,0
21486,/lander-1,0,0,0,0,0,0
21487,/lander-1,0,0,0,0,0,0
21488,/lander-1,0,0,0,0,0,0
21488,/products,1,0,0,0,0,0
21489,/lander-1,0,0,0,0,0,0
21490,/lander-1,0,0,0,0,0,0
21491,/lander-1,0,0,0,0,0,0
21493,/lander-1,0,0,0,0,0,0
21494,/lander-1,0,0,0,0,0,0
21497,/lander-1,0,0,0,0,0,0
21498,/lander-1,0,0,0,0,0,0
21499,/lander-1,0,0,0,0,0,0
21500,/lander-1,0,0,0,0,0,0
21501,/lander-1,0,0,0,0,0,0
21501,/products,1,0,0,0,0,0
21501,/the-original-mr-fuzzy,0,1,0,0,0,0
21502,/lander-1,0,0,0,0,0,0
21504,/lander-1,0,0,0,0,0,0
21505,/lander-1,0,0,0,0,0,0
21505,/products,1,0,0,0,0,0
21505,/the-original-mr-fuzzy,0,1,0,0,0,0
21506,/lander-1,0,0,0,0,0,0
21506,/products,1,0,0,0,0,0
21506,/the-original-mr-fuzzy,0,1,0,0,0,0
21506,/cart,0,0,1,0,0,0
21506,/shipping,0,0,0,1,0,0
21506,/billing,0,0,0,0,1,0
21506,/thank-you-for-your-order,0,0,0,0,0,1
21507,/lander-1,0,0,0,0,0,0
21508,/lander-1,0,0,0,0,0,0
21510,/lander-1,0,0,0,0,0,0
21510,/products,1,0,0,0,0,0
21510,/the-original-mr-fuzzy,0,1,0,0,0,0
21511,/lander-1,0,0,0,0,0,0
21511,/products,1,0,0,0,0,0
21511,/the-original-mr-fuzzy,0,1,0,0,0,0
21511,/cart,0,0,1,0,0,0
21512,/lander-1,0,0,0,0,0,0
21512,/products,1,0,0,0,0,0
21513,/lander-1,0,0,0,0,0,0
21514,/lander-1,0,0,0,0,0,0
21514,/products,1,0,0,0,0,0
21514,/the-original-mr-fuzzy,0,1,0,0,0,0
21514,/cart,0,0,1,0,0,0
21514,/shipping,0,0,0,1,0,0
21514,/billing,0,0,0,0,1,0
21514,/thank-you-for-your-order,0,0,0,0,0,1
21515,/lander-1,0,0,0,0,0,0
21516,/lander-1,0,0,0,0,0,0
21516,/products,1,0,0,0,0,0
21516,/the-original-mr-fuzzy,0,1,0,0,0,0
21519,/lander-1,0,0,0,0,0,0
21521,/lander-1,0,0,0,0,0,0
21522,/lander-1,0,0,0,0,0,0
21522,/products,1,0,0,0,0,0
21523,/lander-1,0,0,0,0,0,0
21523,/products,1,0,0,0,0,0
21523,/the-original-mr-fuzzy,0,1,0,0,0,0
21523,/cart,0,0,1,0,0,0
21523,/shipping,0,0,0,1,0,0
21523,/billing,0,0,0,0,1,0
21526,/lander-1,0,0,0,0,0,0
21526,/products,1,0,0,0,0,0
21526,/the-original-mr-fuzzy,0,1,0,0,0,0
21526,/cart,0,0,1,0,0,0
21526,/shipping,0,0,0,1,0,0
21526,/billing,0,0,0,0,1,0
21527,/lander-1,0,0,0,0,0,0
21527,/products,1,0,0,0,0,0
21527,/the-original-mr-fuzzy,0,1,0,0,0,0
21528,/lander-1,0,0,0,0,0,0
21528,/products,1,0,0,0,0,0
21528,/the-original-mr-fuzzy,0,1,0,0,0,0
21528,/cart,0,0,1,0,0,0
21529,/lander-1,0,0,0,0,0,0
21529,/products,1,0,0,0,0,0
21530,/lander-1,0,0,0,0,0,0
21530,/products,1,0,0,0,0,0
21531,/lander-1,0,0,0,0,0,0
21532,/lander-1,0,0,0,0,0,0
21533,/lander-1,0,0,0,0,0,0
21534,/lander-1,0,0,0,0,0,0
21536,/lander-1,0,0,0,0,0,0
21537,/lander-1,0,0,0,0,0,0
21537,/products,1,0,0,0,0,0
21537,/the-original-mr-fuzzy,0,1,0,0,0,0
21539,/lander-1,0,0,0,0,0,0
21540,/lander-1,0,0,0,0,0,0
21540,/products,1,0,0,0,0,0
21540,/the-original-mr-fuzzy,0,1,0,0,0,0
21541,/lander-1,0,0,0,0,0,0
21542,/lander-1,0,0,0,0,0,0
21542,/products,1,0,0,0,0,0
21543,/lander-1,0,0,0,0,0,0
21545,/lander-1,0,0,0,0,0,0
21546,/lander-1,0,0,0,0,0,0
21546,/products,1,0,0,0,0,0
21546,/the-original-mr-fuzzy,0,1,0,0,0,0
21547,/lander-1,0,0,0,0,0,0
21547,/products,1,0,0,0,0,0
21548,/lander-1,0,0,0,0,0,0
21548,/products,1,0,0,0,0,0
21549,/lander-1,0,0,0,0,0,0
21549,/products,1,0,0,0,0,0
21549,/the-original-mr-fuzzy,0,1,0,0,0,0
21549,/cart,0,0,1,0,0,0
21551,/lander-1,0,0,0,0,0,0
21551,/products,1,0,0,0,0,0
21551,/the-original-mr-fuzzy,0,1,0,0,0,0
21554,/lander-1,0,0,0,0,0,0
21555,/lander-1,0,0,0,0,0,0
21556,/lander-1,0,0,0,0,0,0
21556,/products,1,0,0,0,0,0
21556,/the-original-mr-fuzzy,0,1,0,0,0,0
21556,/cart,0,0,1,0,0,0
21557,/lander-1,0,0,0,0,0,0
21558,/lander-1,0,0,0,0,0,0
21559,/lander-1,0,0,0,0,0,0
21561,/lander-1,0,0,0,0,0,0
21562,/lander-1,0,0,0,0,0,0
21562,/products,1,0,0,0,0,0
21562,/the-original-mr-fuzzy,0,1,0,0,0,0
21564,/lander-1,0,0,0,0,0,0
21566,/lander-1,0,0,0,0,0,0
21566,/products,1,0,0,0,0,0
21566,/the-original-mr-fuzzy,0,1,0,0,0,0
21566,/cart,0,0,1,0,0,0
21568,/lander-1,0,0,0,0,0,0
21569,/lander-1,0,0,0,0,0,0
21569,/products,1,0,0,0,0,0
21569,/the-original-mr-fuzzy,0,1,0,0,0,0
21569,/cart,0,0,1,0,0,0
21569,/shipping,0,0,0,1,0,0
21569,/billing,0,0,0,0,1,0
21569,/thank-you-for-your-order,0,0,0,0,0,1
21570,/lander-1,0,0,0,0,0,0
21571,/lander-1,0,0,0,0,0,0
21571,/products,1,0,0,0,0,0
21571,/the-original-mr-fuzzy,0,1,0,0,0,0
21572,/lander-1,0,0,0,0,0,0
21572,/products,1,0,0,0,0,0
21572,/the-original-mr-fuzzy,0,1,0,0,0,0
21572,/cart,0,0,1,0,0,0
21572,/shipping,0,0,0,1,0,0
21572,/billing,0,0,0,0,1,0
21574,/lander-1,0,0,0,0,0,0
21574,/products,1,0,0,0,0,0
21574,/the-original-mr-fuzzy,0,1,0,0,0,0
21574,/cart,0,0,1,0,0,0
21575,/lander-1,0,0,0,0,0,0
21575,/products,1,0,0,0,0,0
21575,/the-original-mr-fuzzy,0,1,0,0,0,0
21575,/cart,0,0,1,0,0,0
21575,/shipping,0,0,0,1,0,0
21575,/billing,0,0,0,0,1,0
21576,/lander-1,0,0,0,0,0,0
21576,/products,1,0,0,0,0,0
21576,/the-original-mr-fuzzy,0,1,0,0,0,0
21576,/cart,0,0,1,0,0,0
21577,/lander-1,0,0,0,0,0,0
21578,/lander-1,0,0,0,0,0,0
21579,/lander-1,0,0,0,0,0,0
21580,/lander-1,0,0,0,0,0,0
21580,/products,1,0,0,0,0,0
21580,/the-original-mr-fuzzy,0,1,0,0,0,0
21581,/lander-1,0,0,0,0,0,0
21581,/products,1,0,0,0,0,0
21581,/the-original-mr-fuzzy,0,1,0,0,0,0
21581,/cart,0,0,1,0,0,0
21583,/lander-1,0,0,0,0,0,0
21583,/products,1,0,0,0,0,0
21583,/the-original-mr-fuzzy,0,1,0,0,0,0
21587,/lander-1,0,0,0,0,0,0
21587,/products,1,0,0,0,0,0
21587,/the-original-mr-fuzzy,0,1,0,0,0,0
21589,/lander-1,0,0,0,0,0,0
21592,/lander-1,0,0,0,0,0,0
21593,/lander-1,0,0,0,0,0,0
21594,/lander-1,0,0,0,0,0,0
21597,/lander-1,0,0,0,0,0,0
21597,/products,1,0,0,0,0,0
21597,/the-original-mr-fuzzy,0,1,0,0,0,0
21597,/cart,0,0,1,0,0,0
21597,/shipping,0,0,0,1,0,0
21597,/billing,0,0,0,0,1,0
21597,/thank-you-for-your-order,0,0,0,0,0,1
21598,/lander-1,0,0,0,0,0,0
21599,/lander-1,0,0,0,0,0,0
21599,/products,1,0,0,0,0,0
21600,/lander-1,0,0,0,0,0,0
21600,/products,1,0,0,0,0,0
21602,/lander-1,0,0,0,0,0,0
21602,/products,1,0,0,0,0,0
21602,/the-original-mr-fuzzy,0,1,0,0,0,0
21602,/cart,0,0,1,0,0,0
21602,/shipping,0,0,0,1,0,0
21602,/billing,0,0,0,0,1,0
21604,/lander-1,0,0,0,0,0,0
21604,/products,1,0,0,0,0,0
21604,/the-original-mr-fuzzy,0,1,0,0,0,0
21605,/lander-1,0,0,0,0,0,0
21606,/lander-1,0,0,0,0,0,0
21606,/products,1,0,0,0,0,0
21606,/the-original-mr-fuzzy,0,1,0,0,0,0
21606,/cart,0,0,1,0,0,0
21607,/lander-1,0,0,0,0,0,0
21609,/lander-1,0,0,0,0,0,0
21609,/products,1,0,0,0,0,0
21609,/the-original-mr-fuzzy,0,1,0,0,0,0
21610,/lander-1,0,0,0,0,0,0
21610,/products,1,0,0,0,0,0
21610,/the-original-mr-fuzzy,0,1,0,0,0,0
21610,/cart,0,0,1,0,0,0
21610,/shipping,0,0,0,1,0,0
21610,/billing,0,0,0,0,1,0
21612,/lander-1,0,0,0,0,0,0
21612,/products,1,0,0,0,0,0
21612,/the-original-mr-fuzzy,0,1,0,0,0,0
21613,/lander-1,0,0,0,0,0,0
21613,/products,1,0,0,0,0,0
21613,/the-original-mr-fuzzy,0,1,0,0,0,0
21615,/lander-1,0,0,0,0,0,0
21615,/products,1,0,0,0,0,0
21616,/lander-1,0,0,0,0,0,0
21616,/products,1,0,0,0,0,0
21616,/the-original-mr-fuzzy,0,1,0,0,0,0
21617,/lander-1,0,0,0,0,0,0
21618,/lander-1,0,0,0,0,0,0
21621,/lander-1,0,0,0,0,0,0
21623,/lander-1,0,0,0,0,0,0
21623,/products,1,0,0,0,0,0
21626,/lander-1,0,0,0,0,0,0
21628,/lander-1,0,0,0,0,0,0
21628,/products,1,0,0,0,0,0
21628,/the-original-mr-fuzzy,0,1,0,0,0,0
21630,/lander-1,0,0,0,0,0,0
21630,/products,1,0,0,0,0,0
21630,/the-original-mr-fuzzy,0,1,0,0,0,0
21630,/cart,0,0,1,0,0,0
21631,/lander-1,0,0,0,0,0,0
21633,/lander-1,0,0,0,0,0,0
21634,/lander-1,0,0,0,0,0,0
21634,/products,1,0,0,0,0,0
21634,/the-original-mr-fuzzy,0,1,0,0,0,0
21635,/lander-1,0,0,0,0,0,0
21636,/lander-1,0,0,0,0,0,0
21637,/lander-1,0,0,0,0,0,0
21637,/products,1,0,0,0,0,0
21638,/lander-1,0,0,0,0,0,0
21640,/lander-1,0,0,0,0,0,0
21641,/lander-1,0,0,0,0,0,0
21641,/products,1,0,0,0,0,0
21642,/lander-1,0,0,0,0,0,0
21642,/products,1,0,0,0,0,0
21643,/lander-1,0,0,0,0,0,0
21643,/products,1,0,0,0,0,0
21643,/the-original-mr-fuzzy,0,1,0,0,0,0
21643,/cart,0,0,1,0,0,0
21643,/shipping,0,0,0,1,0,0
21643,/billing,0,0,0,0,1,0
21644,/lander-1,0,0,0,0,0,0
21644,/products,1,0,0,0,0,0
21644,/the-original-mr-fuzzy,0,1,0,0,0,0
21645,/lander-1,0,0,0,0,0,0
21645,/products,1,0,0,0,0,0
21647,/lander-1,0,0,0,0,0,0
21648,/lander-1,0,0,0,0,0,0
21648,/products,1,0,0,0,0,0
21648,/the-original-mr-fuzzy,0,1,0,0,0,0
21649,/lander-1,0,0,0,0,0,0
21651,/lander-1,0,0,0,0,0,0
21651,/products,1,0,0,0,0,0
21651,/the-original-mr-fuzzy,0,1,0,0,0,0
21651,/cart,0,0,1,0,0,0
21654,/lander-1,0,0,0,0,0,0
21655,/lander-1,0,0,0,0,0,0
21655,/products,1,0,0,0,0,0
21655,/the-original-mr-fuzzy,0,1,0,0,0,0
21656,/lander-1,0,0,0,0,0,0
21656,/products,1,0,0,0,0,0
21656,/the-original-mr-fuzzy,0,1,0,0,0,0
21660,/lander-1,0,0,0,0,0,0
21662,/lander-1,0,0,0,0,0,0
21662,/products,1,0,0,0,0,0
21662,/the-original-mr-fuzzy,0,1,0,0,0,0
21662,/cart,0,0,1,0,0,0
21663,/lander-1,0,0,0,0,0,0
21663,/products,1,0,0,0,0,0
21663,/the-original-mr-fuzzy,0,1,0,0,0,0
21663,/cart,0,0,1,0,0,0
21663,/shipping,0,0,0,1,0,0
21663,/billing,0,0,0,0,1,0
21665,/lander-1,0,0,0,0,0,0
21666,/lander-1,0,0,0,0,0,0
21666,/products,1,0,0,0,0,0
21666,/the-original-mr-fuzzy,0,1,0,0,0,0
21666,/cart,0,0,1,0,0,0
21666,/shipping,0,0,0,1,0,0
21667,/lander-1,0,0,0,0,0,0
21667,/products,1,0,0,0,0,0
21667,/the-original-mr-fuzzy,0,1,0,0,0,0
21667,/cart,0,0,1,0,0,0
21668,/lander-1,0,0,0,0,0,0
21668,/products,1,0,0,0,0,0
21668,/the-original-mr-fuzzy,0,1,0,0,0,0
21672,/lander-1,0,0,0,0,0,0
21673,/lander-1,0,0,0,0,0,0
21673,/products,1,0,0,0,0,0
21673,/the-original-mr-fuzzy,0,1,0,0,0,0
21676,/lander-1,0,0,0,0,0,0
21679,/lander-1,0,0,0,0,0,0
21679,/products,1,0,0,0,0,0
21679,/the-original-mr-fuzzy,0,1,0,0,0,0
21680,/lander-1,0,0,0,0,0,0
21680,/products,1,0,0,0,0,0
21680,/the-original-mr-fuzzy,0,1,0,0,0,0
21681,/lander-1,0,0,0,0,0,0
21682,/lander-1,0,0,0,0,0,0
21683,/lander-1,0,0,0,0,0,0
21683,/products,1,0,0,0,0,0
21683,/the-original-mr-fuzzy,0,1,0,0,0,0
21683,/cart,0,0,1,0,0,0
21684,/lander-1,0,0,0,0,0,0
21684,/products,1,0,0,0,0,0
21684,/the-original-mr-fuzzy,0,1,0,0,0,0
21686,/lander-1,0,0,0,0,0,0
21686,/products,1,0,0,0,0,0
21687,/lander-1,0,0,0,0,0,0
21689,/lander-1,0,0,0,0,0,0
21689,/products,1,0,0,0,0,0
21689,/the-original-mr-fuzzy,0,1,0,0,0,0
21689,/cart,0,0,1,0,0,0
21692,/lander-1,0,0,0,0,0,0
21692,/products,1,0,0,0,0,0
21692,/the-original-mr-fuzzy,0,1,0,0,0,0
21694,/lander-1,0,0,0,0,0,0
21695,/lander-1,0,0,0,0,0,0
21695,/products,1,0,0,0,0,0
21695,/the-original-mr-fuzzy,0,1,0,0,0,0
21695,/cart,0,0,1,0,0,0
21695,/shipping,0,0,0,1,0,0
21695,/billing,0,0,0,0,1,0
21697,/lander-1,0,0,0,0,0,0
21697,/products,1,0,0,0,0,0
21697,/the-original-mr-fuzzy,0,1,0,0,0,0
21698,/lander-1,0,0,0,0,0,0
21698,/products,1,0,0,0,0,0
21698,/the-original-mr-fuzzy,0,1,0,0,0,0
21699,/lander-1,0,0,0,0,0,0
21700,/lander-1,0,0,0,0,0,0
21701,/lander-1,0,0,0,0,0,0
21701,/products,1,0,0,0,0,0
21701,/the-original-mr-fuzzy,0,1,0,0,0,0
21702,/lander-1,0,0,0,0,0,0
21702,/products,1,0,0,0,0,0
21702,/the-original-mr-fuzzy,0,1,0,0,0,0
21703,/lander-1,0,0,0,0,0,0
21703,/products,1,0,0,0,0,0
21704,/lander-1,0,0,0,0,0,0
21704,/products,1,0,0,0,0,0
21704,/the-original-mr-fuzzy,0,1,0,0,0,0
21704,/cart,0,0,1,0,0,0
21704,/shipping,0,0,0,1,0,0
21704,/billing,0,0,0,0,1,0
21704,/thank-you-for-your-order,0,0,0,0,0,1
21706,/lander-1,0,0,0,0,0,0
21710,/lander-1,0,0,0,0,0,0
21711,/lander-1,0,0,0,0,0,0
21713,/lander-1,0,0,0,0,0,0
21713,/products,1,0,0,0,0,0
21713,/the-original-mr-fuzzy,0,1,0,0,0,0
21716,/lander-1,0,0,0,0,0,0
21717,/lander-1,0,0,0,0,0,0
21717,/products,1,0,0,0,0,0
21717,/the-original-mr-fuzzy,0,1,0,0,0,0
21717,/cart,0,0,1,0,0,0
21717,/shipping,0,0,0,1,0,0
21717,/billing,0,0,0,0,1,0
21717,/thank-you-for-your-order,0,0,0,0,0,1
21718,/lander-1,0,0,0,0,0,0
21719,/lander-1,0,0,0,0,0,0
21719,/products,1,0,0,0,0,0
21721,/lander-1,0,0,0,0,0,0
21721,/products,1,0,0,0,0,0
21723,/lander-1,0,0,0,0,0,0
21723,/products,1,0,0,0,0,0
21724,/lander-1,0,0,0,0,0,0
21724,/products,1,0,0,0,0,0
21725,/lander-1,0,0,0,0,0,0
21726,/lander-1,0,0,0,0,0,0
21727,/lander-1,0,0,0,0,0,0
21727,/products,1,0,0,0,0,0
21727,/the-original-mr-fuzzy,0,1,0,0,0,0
21727,/cart,0,0,1,0,0,0
21728,/lander-1,0,0,0,0,0,0
21728,/products,1,0,0,0,0,0
21728,/the-original-mr-fuzzy,0,1,0,0,0,0
21729,/lander-1,0,0,0,0,0,0
21731,/lander-1,0,0,0,0,0,0
21732,/lander-1,0,0,0,0,0,0
21733,/lander-1,0,0,0,0,0,0
21735,/lander-1,0,0,0,0,0,0
21738,/lander-1,0,0,0,0,0,0
21740,/lander-1,0,0,0,0,0,0
21740,/products,1,0,0,0,0,0
21742,/lander-1,0,0,0,0,0,0
21743,/lander-1,0,0,0,0,0,0
21745,/lander-1,0,0,0,0,0,0
21747,/lander-1,0,0,0,0,0,0
21747,/products,1,0,0,0,0,0
21747,/the-original-mr-fuzzy,0,1,0,0,0,0
21747,/cart,0,0,1,0,0,0
21747,/shipping,0,0,0,1,0,0
21747,/billing,0,0,0,0,1,0
21748,/lander-1,0,0,0,0,0,0
21748,/products,1,0,0,0,0,0
21749,/lander-1,0,0,0,0,0,0
21749,/products,1,0,0,0,0,0
21754,/lander-1,0,0,0,0,0,0
21754,/products,1,0,0,0,0,0
21754,/the-original-mr-fuzzy,0,1,0,0,0,0
21754,/cart,0,0,1,0,0,0
21754,/shipping,0,0,0,1,0,0
21754,/billing,0,0,0,0,1,0
21755,/lander-1,0,0,0,0,0,0
21755,/products,1,0,0,0,0,0
21755,/the-original-mr-fuzzy,0,1,0,0,0,0
21756,/lander-1,0,0,0,0,0,0
21756,/products,1,0,0,0,0,0
21756,/the-original-mr-fuzzy,0,1,0,0,0,0
21756,/cart,0,0,1,0,0,0
21756,/shipping,0,0,0,1,0,0
21756,/billing,0,0,0,0,1,0
21756,/thank-you-for-your-order,0,0,0,0,0,1
21757,/lander-1,0,0,0,0,0,0
21757,/products,1,0,0,0,0,0
21757,/the-original-mr-fuzzy,0,1,0,0,0,0
21757,/cart,0,0,1,0,0,0
21757,/shipping,0,0,0,1,0,0
21757,/billing,0,0,0,0,1,0
21757,/thank-you-for-your-order,0,0,0,0,0,1
21759,/lander-1,0,0,0,0,0,0
21760,/lander-1,0,0,0,0,0,0
21762,/lander-1,0,0,0,0,0,0
21764,/lander-1,0,0,0,0,0,0
21766,/lander-1,0,0,0,0,0,0
21767,/lander-1,0,0,0,0,0,0
21767,/products,1,0,0,0,0,0
21767,/the-original-mr-fuzzy,0,1,0,0,0,0
21767,/cart,0,0,1,0,0,0
21767,/shipping,0,0,0,1,0,0
21767,/billing,0,0,0,0,1,0
21767,/thank-you-for-your-order,0,0,0,0,0,1
21768,/lander-1,0,0,0,0,0,0
21768,/products,1,0,0,0,0,0
21770,/lander-1,0,0,0,0,0,0
21771,/lander-1,0,0,0,0,0,0
21772,/lander-1,0,0,0,0,0,0
21772,/products,1,0,0,0,0,0
21772,/the-original-mr-fuzzy,0,1,0,0,0,0
21772,/cart,0,0,1,0,0,0
21774,/lander-1,0,0,0,0,0,0
21775,/lander-1,0,0,0,0,0,0
21776,/lander-1,0,0,0,0,0,0
21776,/products,1,0,0,0,0,0
21778,/lander-1,0,0,0,0,0,0
21778,/products,1,0,0,0,0,0
21778,/the-original-mr-fuzzy,0,1,0,0,0,0
21778,/cart,0,0,1,0,0,0
21779,/lander-1,0,0,0,0,0,0
21781,/lander-1,0,0,0,0,0,0
21782,/lander-1,0,0,0,0,0,0
21783,/lander-1,0,0,0,0,0,0
21783,/products,1,0,0,0,0,0
21784,/lander-1,0,0,0,0,0,0
21784,/products,1,0,0,0,0,0
21784,/the-original-mr-fuzzy,0,1,0,0,0,0
21786,/lander-1,0,0,0,0,0,0
21792,/lander-1,0,0,0,0,0,0
21792,/products,1,0,0,0,0,0
21792,/the-original-mr-fuzzy,0,1,0,0,0,0
21797,/lander-1,0,0,0,0,0,0
21797,/products,1,0,0,0,0,0
21802,/lander-1,0,0,0,0,0,0
21803,/lander-1,0,0,0,0,0,0
21804,/lander-1,0,0,0,0,0,0
21804,/products,1,0,0,0,0,0
21805,/lander-1,0,0,0,0,0,0
21805,/products,1,0,0,0,0,0
21806,/lander-1,0,0,0,0,0,0
21806,/products,1,0,0,0,0,0
21808,/lander-1,0,0,0,0,0,0
21808,/products,1,0,0,0,0,0
21808,/the-original-mr-fuzzy,0,1,0,0,0,0
21808,/cart,0,0,1,0,0,0
21808,/shipping,0,0,0,1,0,0
21808,/billing,0,0,0,0,1,0
21811,/lander-1,0,0,0,0,0,0
21814,/lander-1,0,0,0,0,0,0
21815,/lander-1,0,0,0,0,0,0
21816,/lander-1,0,0,0,0,0,0
21816,/products,1,0,0,0,0,0
21816,/the-original-mr-fuzzy,0,1,0,0,0,0
21817,/lander-1,0,0,0,0,0,0
21817,/products,1,0,0,0,0,0
21817,/the-original-mr-fuzzy,0,1,0,0,0,0
21817,/cart,0,0,1,0,0,0
21817,/shipping,0,0,0,1,0,0
21817,/billing,0,0,0,0,1,0
21818,/lander-1,0,0,0,0,0,0
21820,/lander-1,0,0,0,0,0,0
21820,/products,1,0,0,0,0,0
21820,/the-original-mr-fuzzy,0,1,0,0,0,0
21821,/lander-1,0,0,0,0,0,0
21821,/products,1,0,0,0,0,0
21821,/the-original-mr-fuzzy,0,1,0,0,0,0
21821,/cart,0,0,1,0,0,0
21822,/lander-1,0,0,0,0,0,0
21824,/lander-1,0,0,0,0,0,0
21824,/products,1,0,0,0,0,0
21824,/the-original-mr-fuzzy,0,1,0,0,0,0
21825,/lander-1,0,0,0,0,0,0
21826,/lander-1,0,0,0,0,0,0
21827,/lander-1,0,0,0,0,0,0
21827,/products,1,0,0,0,0,0
21827,/the-original-mr-fuzzy,0,1,0,0,0,0
21828,/lander-1,0,0,0,0,0,0
21828,/products,1,0,0,0,0,0
21828,/the-original-mr-fuzzy,0,1,0,0,0,0
21828,/cart,0,0,1,0,0,0
21829,/lander-1,0,0,0,0,0,0
21830,/lander-1,0,0,0,0,0,0
21831,/lander-1,0,0,0,0,0,0
21832,/lander-1,0,0,0,0,0,0
21833,/lander-1,0,0,0,0,0,0
21833,/products,1,0,0,0,0,0
21833,/the-original-mr-fuzzy,0,1,0,0,0,0
21833,/cart,0,0,1,0,0,0
21833,/shipping,0,0,0,1,0,0
21835,/lander-1,0,0,0,0,0,0
21835,/products,1,0,0,0,0,0
21835,/the-original-mr-fuzzy,0,1,0,0,0,0
21835,/cart,0,0,1,0,0,0
21835,/shipping,0,0,0,1,0,0
21838,/lander-1,0,0,0,0,0,0
21841,/lander-1,0,0,0,0,0,0
21843,/lander-1,0,0,0,0,0,0
21845,/lander-1,0,0,0,0,0,0
21847,/lander-1,0,0,0,0,0,0
21847,/products,1,0,0,0,0,0
21850,/lander-1,0,0,0,0,0,0
21854,/lander-1,0,0,0,0,0,0
21854,/products,1,0,0,0,0,0
21854,/the-original-mr-fuzzy,0,1,0,0,0,0
21854,/cart,0,0,1,0,0,0
21854,/shipping,0,0,0,1,0,0
21854,/billing,0,0,0,0,1,0
21858,/lander-1,0,0,0,0,0,0
21858,/products,1,0,0,0,0,0
21858,/the-original-mr-fuzzy,0,1,0,0,0,0
21859,/lander-1,0,0,0,0,0,0
21860,/lander-1,0,0,0,0,0,0
21860,/products,1,0,0,0,0,0
21861,/lander-1,0,0,0,0,0,0
21861,/products,1,0,0,0,0,0
21861,/the-original-mr-fuzzy,0,1,0,0,0,0
21862,/lander-1,0,0,0,0,0,0
21863,/lander-1,0,0,0,0,0,0
21864,/lander-1,0,0,0,0,0,0
21865,/lander-1,0,0,0,0,0,0
21865,/products,1,0,0,0,0,0
21865,/the-original-mr-fuzzy,0,1,0,0,0,0
21869,/lander-1,0,0,0,0,0,0
21869,/products,1,0,0,0,0,0
21869,/the-original-mr-fuzzy,0,1,0,0,0,0
21871,/lander-1,0,0,0,0,0,0
21872,/lander-1,0,0,0,0,0,0
21872,/products,1,0,0,0,0,0
21872,/the-original-mr-fuzzy,0,1,0,0,0,0
21872,/cart,0,0,1,0,0,0
21873,/lander-1,0,0,0,0,0,0
21875,/lander-1,0,0,0,0,0,0
21876,/lander-1,0,0,0,0,0,0
21876,/products,1,0,0,0,0,0
21876,/the-original-mr-fuzzy,0,1,0,0,0,0
21882,/lander-1,0,0,0,0,0,0
21884,/lander-1,0,0,0,0,0,0
21884,/products,1,0,0,0,0,0
21884,/the-original-mr-fuzzy,0,1,0,0,0,0
21885,/lander-1,0,0,0,0,0,0
21885,/products,1,0,0,0,0,0
21885,/the-original-mr-fuzzy,0,1,0,0,0,0
21886,/lander-1,0,0,0,0,0,0
21887,/lander-1,0,0,0,0,0,0
21887,/products,1,0,0,0,0,0
21887,/the-original-mr-fuzzy,0,1,0,0,0,0
21888,/lander-1,0,0,0,0,0,0
21889,/lander-1,0,0,0,0,0,0
21890,/lander-1,0,0,0,0,0,0
21892,/lander-1,0,0,0,0,0,0
21892,/products,1,0,0,0,0,0
21892,/the-original-mr-fuzzy,0,1,0,0,0,0
21892,/cart,0,0,1,0,0,0
21894,/lander-1,0,0,0,0,0,0
21896,/lander-1,0,0,0,0,0,0
21897,/lander-1,0,0,0,0,0,0
21899,/lander-1,0,0,0,0,0,0
21900,/lander-1,0,0,0,0,0,0
21901,/lander-1,0,0,0,0,0,0
21901,/products,1,0,0,0,0,0
21901,/the-original-mr-fuzzy,0,1,0,0,0,0
21901,/cart,0,0,1,0,0,0
21904,/lander-1,0,0,0,0,0,0
21905,/lander-1,0,0,0,0,0,0
21905,/products,1,0,0,0,0,0
21905,/the-original-mr-fuzzy,0,1,0,0,0,0
21905,/cart,0,0,1,0,0,0
21905,/shipping,0,0,0,1,0,0
21905,/billing,0,0,0,0,1,0
21907,/lander-1,0,0,0,0,0,0
21908,/lander-1,0,0,0,0,0,0
21908,/products,1,0,0,0,0,0
21908,/the-original-mr-fuzzy,0,1,0,0,0,0
21908,/cart,0,0,1,0,0,0
21908,/shipping,0,0,0,1,0,0
21908,/billing,0,0,0,0,1,0
21908,/thank-you-for-your-order,0,0,0,0,0,1
21910,/lander-1,0,0,0,0,0,0
21910,/products,1,0,0,0,0,0
21910,/the-original-mr-fuzzy,0,1,0,0,0,0
21910,/cart,0,0,1,0,0,0
21910,/shipping,0,0,0,1,0,0
21910,/billing,0,0,0,0,1,0
21910,/thank-you-for-your-order,0,0,0,0,0,1
21911,/lander-1,0,0,0,0,0,0
21912,/lander-1,0,0,0,0,0,0
21914,/lander-1,0,0,0,0,0,0
21914,/products,1,0,0,0,0,0
21917,/lander-1,0,0,0,0,0,0
21917,/products,1,0,0,0,0,0
21917,/the-original-mr-fuzzy,0,1,0,0,0,0
21917,/cart,0,0,1,0,0,0
21921,/lander-1,0,0,0,0,0,0
21921,/products,1,0,0,0,0,0
21921,/the-original-mr-fuzzy,0,1,0,0,0,0
21922,/lander-1,0,0,0,0,0,0
21922,/products,1,0,0,0,0,0
21922,/the-original-mr-fuzzy,0,1,0,0,0,0
21922,/cart,0,0,1,0,0,0
21922,/shipping,0,0,0,1,0,0
21922,/billing,0,0,0,0,1,0
21922,/thank-you-for-your-order,0,0,0,0,0,1
21923,/lander-1,0,0,0,0,0,0
21924,/lander-1,0,0,0,0,0,0
21925,/lander-1,0,0,0,0,0,0
21926,/lander-1,0,0,0,0,0,0
21927,/lander-1,0,0,0,0,0,0
21928,/lander-1,0,0,0,0,0,0
21928,/products,1,0,0,0,0,0
21928,/the-original-mr-fuzzy,0,1,0,0,0,0
21928,/cart,0,0,1,0,0,0
21928,/shipping,0,0,0,1,0,0
21928,/billing,0,0,0,0,1,0
21931,/lander-1,0,0,0,0,0,0
21931,/products,1,0,0,0,0,0
21931,/the-original-mr-fuzzy,0,1,0,0,0,0
21933,/lander-1,0,0,0,0,0,0
21933,/products,1,0,0,0,0,0
21933,/the-original-mr-fuzzy,0,1,0,0,0,0
21933,/cart,0,0,1,0,0,0
21933,/shipping,0,0,0,1,0,0
21933,/billing,0,0,0,0,1,0
21934,/lander-1,0,0,0,0,0,0
21934,/products,1,0,0,0,0,0
21935,/lander-1,0,0,0,0,0,0
21936,/lander-1,0,0,0,0,0,0
21937,/lander-1,0,0,0,0,0,0
21937,/products,1,0,0,0,0,0
21937,/the-original-mr-fuzzy,0,1,0,0,0,0
21939,/lander-1,0,0,0,0,0,0
21941,/lander-1,0,0,0,0,0,0
21942,/lander-1,0,0,0,0,0,0
21942,/products,1,0,0,0,0,0
21942,/the-original-mr-fuzzy,0,1,0,0,0,0
21943,/lander-1,0,0,0,0,0,0
21946,/lander-1,0,0,0,0,0,0
21947,/lander-1,0,0,0,0,0,0
21947,/products,1,0,0,0,0,0
21947,/the-original-mr-fuzzy,0,1,0,0,0,0
21947,/cart,0,0,1,0,0,0
21947,/shipping,0,0,0,1,0,0
21947,/billing,0,0,0,0,1,0
21949,/lander-1,0,0,0,0,0,0
21950,/lander-1,0,0,0,0,0,0
21951,/lander-1,0,0,0,0,0,0
21951,/products,1,0,0,0,0,0
21951,/the-original-mr-fuzzy,0,1,0,0,0,0
21951,/cart,0,0,1,0,0,0
21952,/lander-1,0,0,0,0,0,0
21952,/products,1,0,0,0,0,0
21952,/the-original-mr-fuzzy,0,1,0,0,0,0
21953,/lander-1,0,0,0,0,0,0
21954,/lander-1,0,0,0,0,0,0
21954,/products,1,0,0,0,0,0
21954,/the-original-mr-fuzzy,0,1,0,0,0,0
21954,/cart,0,0,1,0,0,0
21954,/shipping,0,0,0,1,0,0
21954,/billing,0,0,0,0,1,0
21954,/thank-you-for-your-order,0,0,0,0,0,1
21955,/lander-1,0,0,0,0,0,0
21956,/lander-1,0,0,0,0,0,0
21957,/lander-1,0,0,0,0,0,0
21957,/products,1,0,0,0,0,0
21957,/the-original-mr-fuzzy,0,1,0,0,0,0
21957,/cart,0,0,1,0,0,0
21957,/shipping,0,0,0,1,0,0
21957,/billing,0,0,0,0,1,0
21958,/lander-1,0,0,0,0,0,0
21958,/products,1,0,0,0,0,0
21959,/lander-1,0,0,0,0,0,0
21964,/lander-1,0,0,0,0,0,0
21966,/lander-1,0,0,0,0,0,0
21967,/lander-1,0,0,0,0,0,0
21971,/lander-1,0,0,0,0,0,0
21972,/lander-1,0,0,0,0,0,0
21973,/lander-1,0,0,0,0,0,0
21974,/lander-1,0,0,0,0,0,0
21975,/lander-1,0,0,0,0,0,0
21975,/products,1,0,0,0,0,0
21975,/the-original-mr-fuzzy,0,1,0,0,0,0
21975,/cart,0,0,1,0,0,0
21975,/shipping,0,0,0,1,0,0
21976,/lander-1,0,0,0,0,0,0
21976,/products,1,0,0,0,0,0
21976,/the-original-mr-fuzzy,0,1,0,0,0,0
21976,/cart,0,0,1,0,0,0
21976,/shipping,0,0,0,1,0,0
21976,/billing,0,0,0,0,1,0
21978,/lander-1,0,0,0,0,0,0
21982,/lander-1,0,0,0,0,0,0
21982,/products,1,0,0,0,0,0
21982,/the-original-mr-fuzzy,0,1,0,0,0,0
21983,/lander-1,0,0,0,0,0,0
21983,/products,1,0,0,0,0,0
21983,/the-original-mr-fuzzy,0,1,0,0,0,0
21988,/lander-1,0,0,0,0,0,0
21988,/products,1,0,0,0,0,0
21988,/the-original-mr-fuzzy,0,1,0,0,0,0
21990,/lander-1,0,0,0,0,0,0
21990,/products,1,0,0,0,0,0
21990,/the-original-mr-fuzzy,0,1,0,0,0,0
21991,/lander-1,0,0,0,0,0,0
21992,/lander-1,0,0,0,0,0,0
21994,/lander-1,0,0,0,0,0,0
21994,/products,1,0,0,0,0,0
21994,/the-original-mr-fuzzy,0,1,0,0,0,0
21995,/lander-1,0,0,0,0,0,0
21997,/lander-1,0,0,0,0,0,0
21998,/lander-1,0,0,0,0,0,0
21999,/lander-1,0,0,0,0,0,0
21999,/products,1,0,0,0,0,0
21999,/the-original-mr-fuzzy,0,1,0,0,0,0
22002,/lander-1,0,0,0,0,0,0
22002,/products,1,0,0,0,0,0
22002,/the-original-mr-fuzzy,0,1,0,0,0,0
22002,/cart,0,0,1,0,0,0
22002,/shipping,0,0,0,1,0,0
22002,/billing,0,0,0,0,1,0
22003,/lander-1,0,0,0,0,0,0
22003,/products,1,0,0,0,0,0
22003,/the-original-mr-fuzzy,0,1,0,0,0,0
22003,/cart,0,0,1,0,0,0
22003,/shipping,0,0,0,1,0,0
22003,/billing,0,0,0,0,1,0
22003,/thank-you-for-your-order,0,0,0,0,0,1
22004,/lander-1,0,0,0,0,0,0
22006,/lander-1,0,0,0,0,0,0
22006,/products,1,0,0,0,0,0
22006,/the-original-mr-fuzzy,0,1,0,0,0,0
22007,/lander-1,0,0,0,0,0,0
22008,/lander-1,0,0,0,0,0,0
22009,/lander-1,0,0,0,0,0,0
22010,/lander-1,0,0,0,0,0,0
22012,/lander-1,0,0,0,0,0,0
22012,/products,1,0,0,0,0,0
22012,/the-original-mr-fuzzy,0,1,0,0,0,0
22012,/cart,0,0,1,0,0,0
22013,/lander-1,0,0,0,0,0,0
22013,/products,1,0,0,0,0,0
22014,/lander-1,0,0,0,0,0,0
22016,/lander-1,0,0,0,0,0,0
22018,/lander-1,0,0,0,0,0,0
22020,/lander-1,0,0,0,0,0,0
22021,/lander-1,0,0,0,0,0,0
22021,/products,1,0,0,0,0,0
22021,/the-original-mr-fuzzy,0,1,0,0,0,0
22022,/lander-1,0,0,0,0,0,0
22025,/lander-1,0,0,0,0,0,0
22025,/products,1,0,0,0,0,0
22025,/the-original-mr-fuzzy,0,1,0,0,0,0
22025,/cart,0,0,1,0,0,0
22025,/shipping,0,0,0,1,0,0
22025,/billing,0,0,0,0,1,0
22025,/thank-you-for-your-order,0,0,0,0,0,1
22026,/lander-1,0,0,0,0,0,0
22028,/lander-1,0,0,0,0,0,0
22028,/products,1,0,0,0,0,0
22028,/the-original-mr-fuzzy,0,1,0,0,0,0
22028,/cart,0,0,1,0,0,0
22028,/shipping,0,0,0,1,0,0
22028,/billing,0,0,0,0,1,0
22028,/thank-you-for-your-order,0,0,0,0,0,1
22030,/lander-1,0,0,0,0,0,0
22032,/lander-1,0,0,0,0,0,0
22034,/lander-1,0,0,0,0,0,0
22035,/lander-1,0,0,0,0,0,0
22036,/lander-1,0,0,0,0,0,0
22036,/products,1,0,0,0,0,0
22036,/the-original-mr-fuzzy,0,1,0,0,0,0
22036,/cart,0,0,1,0,0,0
22036,/shipping,0,0,0,1,0,0
22036,/billing,0,0,0,0,1,0
22041,/lander-1,0,0,0,0,0,0
22041,/products,1,0,0,0,0,0
22041,/the-original-mr-fuzzy,0,1,0,0,0,0
22041,/cart,0,0,1,0,0,0
22043,/lander-1,0,0,0,0,0,0
22043,/products,1,0,0,0,0,0
22043,/the-original-mr-fuzzy,0,1,0,0,0,0
22044,/lander-1,0,0,0,0,0,0
22044,/products,1,0,0,0,0,0
22044,/the-original-mr-fuzzy,0,1,0,0,0,0
22044,/cart,0,0,1,0,0,0
22045,/lander-1,0,0,0,0,0,0
22046,/lander-1,0,0,0,0,0,0
22047,/lander-1,0,0,0,0,0,0
22048,/lander-1,0,0,0,0,0,0
22049,/lander-1,0,0,0,0,0,0
22049,/products,1,0,0,0,0,0
22049,/the-original-mr-fuzzy,0,1,0,0,0,0
22050,/lander-1,0,0,0,0,0,0
22052,/lander-1,0,0,0,0,0,0
22053,/lander-1,0,0,0,0,0,0
22054,/lander-1,0,0,0,0,0,0
22054,/products,1,0,0,0,0,0
22054,/the-original-mr-fuzzy,0,1,0,0,0,0
22055,/lander-1,0,0,0,0,0,0
22057,/lander-1,0,0,0,0,0,0
22057,/products,1,0,0,0,0,0
22057,/the-original-mr-fuzzy,0,1,0,0,0,0
22058,/lander-1,0,0,0,0,0,0
22059,/lander-1,0,0,0,0,0,0
22059,/products,1,0,0,0,0,0
22059,/the-original-mr-fuzzy,0,1,0,0,0,0
22059,/cart,0,0,1,0,0,0
22060,/lander-1,0,0,0,0,0,0
22061,/lander-1,0,0,0,0,0,0
22061,/products,1,0,0,0,0,0
22062,/lander-1,0,0,0,0,0,0
22063,/lander-1,0,0,0,0,0,0
22065,/lander-1,0,0,0,0,0,0
22067,/lander-1,0,0,0,0,0,0
22067,/products,1,0,0,0,0,0
22067,/the-original-mr-fuzzy,0,1,0,0,0,0
22068,/lander-1,0,0,0,0,0,0
22068,/products,1,0,0,0,0,0
22068,/the-original-mr-fuzzy,0,1,0,0,0,0
22069,/lander-1,0,0,0,0,0,0
22069,/products,1,0,0,0,0,0
22071,/lander-1,0,0,0,0,0,0
22071,/products,1,0,0,0,0,0
22071,/the-original-mr-fuzzy,0,1,0,0,0,0
22073,/lander-1,0,0,0,0,0,0
22074,/lander-1,0,0,0,0,0,0
22074,/products,1,0,0,0,0,0
22074,/the-original-mr-fuzzy,0,1,0,0,0,0
22074,/cart,0,0,1,0,0,0
22074,/shipping,0,0,0,1,0,0
22076,/lander-1,0,0,0,0,0,0
22077,/lander-1,0,0,0,0,0,0
22077,/products,1,0,0,0,0,0
22077,/the-original-mr-fuzzy,0,1,0,0,0,0
22077,/cart,0,0,1,0,0,0
22077,/shipping,0,0,0,1,0,0
22078,/lander-1,0,0,0,0,0,0
22078,/products,1,0,0,0,0,0
22078,/the-original-mr-fuzzy,0,1,0,0,0,0
22081,/lander-1,0,0,0,0,0,0
22081,/products,1,0,0,0,0,0
22081,/the-original-mr-fuzzy,0,1,0,0,0,0
22082,/lander-1,0,0,0,0,0,0
22082,/products,1,0,0,0,0,0
22082,/the-original-mr-fuzzy,0,1,0,0,0,0
22082,/cart,0,0,1,0,0,0
22082,/shipping,0,0,0,1,0,0
22082,/billing,0,0,0,0,1,0
22083,/lander-1,0,0,0,0,0,0
22084,/lander-1,0,0,0,0,0,0
22085,/lander-1,0,0,0,0,0,0
22087,/lander-1,0,0,0,0,0,0
22090,/lander-1,0,0,0,0,0,0
22091,/lander-1,0,0,0,0,0,0
22091,/products,1,0,0,0,0,0
22091,/the-original-mr-fuzzy,0,1,0,0,0,0
22092,/lander-1,0,0,0,0,0,0
22092,/products,1,0,0,0,0,0
22092,/the-original-mr-fuzzy,0,1,0,0,0,0
22093,/lander-1,0,0,0,0,0,0
22093,/products,1,0,0,0,0,0
22095,/lander-1,0,0,0,0,0,0
22096,/lander-1,0,0,0,0,0,0
22096,/products,1,0,0,0,0,0
22096,/the-original-mr-fuzzy,0,1,0,0,0,0
22098,/lander-1,0,0,0,0,0,0
22100,/lander-1,0,0,0,0,0,0
22100,/products,1,0,0,0,0,0
22100,/the-original-mr-fuzzy,0,1,0,0,0,0
22103,/lander-1,0,0,0,0,0,0
22104,/lander-1,0,0,0,0,0,0
22104,/products,1,0,0,0,0,0
22105,/lander-1,0,0,0,0,0,0
22105,/products,1,0,0,0,0,0
22105,/the-original-mr-fuzzy,0,1,0,0,0,0
22106,/lander-1,0,0,0,0,0,0
22106,/products,1,0,0,0,0,0
22106,/the-original-mr-fuzzy,0,1,0,0,0,0
22106,/cart,0,0,1,0,0,0
22106,/shipping,0,0,0,1,0,0
22107,/lander-1,0,0,0,0,0,0
22108,/lander-1,0,0,0,0,0,0
22108,/products,1,0,0,0,0,0
22108,/the-original-mr-fuzzy,0,1,0,0,0,0
22108,/cart,0,0,1,0,0,0
22108,/shipping,0,0,0,1,0,0
22109,/lander-1,0,0,0,0,0,0
22110,/lander-1,0,0,0,0,0,0
22110,/products,1,0,0,0,0,0
22110,/the-original-mr-fuzzy,0,1,0,0,0,0
22110,/cart,0,0,1,0,0,0
22112,/lander-1,0,0,0,0,0,0
22114,/lander-1,0,0,0,0,0,0
22115,/lander-1,0,0,0,0,0,0
22116,/lander-1,0,0,0,0,0,0
22116,/products,1,0,0,0,0,0
22116,/the-original-mr-fuzzy,0,1,0,0,0,0
22116,/cart,0,0,1,0,0,0
22116,/shipping,0,0,0,1,0,0
22117,/lander-1,0,0,0,0,0,0
22117,/products,1,0,0,0,0,0
22117,/the-original-mr-fuzzy,0,1,0,0,0,0
22118,/lander-1,0,0,0,0,0,0
22118,/products,1,0,0,0,0,0
22119,/lander-1,0,0,0,0,0,0
22119,/products,1,0,0,0,0,0
22122,/lander-1,0,0,0,0,0,0
22124,/lander-1,0,0,0,0,0,0
22124,/products,1,0,0,0,0,0
22124,/the-original-mr-fuzzy,0,1,0,0,0,0
22125,/lander-1,0,0,0,0,0,0
22126,/lander-1,0,0,0,0,0,0
22126,/products,1,0,0,0,0,0
22126,/the-original-mr-fuzzy,0,1,0,0,0,0
22126,/cart,0,0,1,0,0,0
22128,/lander-1,0,0,0,0,0,0
22129,/lander-1,0,0,0,0,0,0
22130,/lander-1,0,0,0,0,0,0
22130,/products,1,0,0,0,0,0
22131,/lander-1,0,0,0,0,0,0
22133,/lander-1,0,0,0,0,0,0
22133,/products,1,0,0,0,0,0
22133,/the-original-mr-fuzzy,0,1,0,0,0,0
22133,/cart,0,0,1,0,0,0
22133,/shipping,0,0,0,1,0,0
22134,/lander-1,0,0,0,0,0,0
22135,/lander-1,0,0,0,0,0,0
22136,/lander-1,0,0,0,0,0,0
22137,/lander-1,0,0,0,0,0,0
22139,/lander-1,0,0,0,0,0,0
22140,/lander-1,0,0,0,0,0,0
22140,/products,1,0,0,0,0,0
22140,/the-original-mr-fuzzy,0,1,0,0,0,0
22140,/cart,0,0,1,0,0,0
22142,/lander-1,0,0,0,0,0,0
22142,/products,1,0,0,0,0,0
22143,/lander-1,0,0,0,0,0,0
22143,/products,1,0,0,0,0,0
22143,/the-original-mr-fuzzy,0,1,0,0,0,0
22146,/lander-1,0,0,0,0,0,0
22147,/lander-1,0,0,0,0,0,0
22148,/lander-1,0,0,0,0,0,0
22148,/products,1,0,0,0,0,0
22148,/the-original-mr-fuzzy,0,1,0,0,0,0
22148,/cart,0,0,1,0,0,0
22148,/shipping,0,0,0,1,0,0
22148,/billing,0,0,0,0,1,0
22149,/lander-1,0,0,0,0,0,0
22150,/lander-1,0,0,0,0,0,0
22153,/lander-1,0,0,0,0,0,0
22153,/products,1,0,0,0,0,0
22153,/the-original-mr-fuzzy,0,1,0,0,0,0
22154,/lander-1,0,0,0,0,0,0
22155,/lander-1,0,0,0,0,0,0
22155,/products,1,0,0,0,0,0
22155,/the-original-mr-fuzzy,0,1,0,0,0,0
22155,/cart,0,0,1,0,0,0
22155,/shipping,0,0,0,1,0,0
22155,/billing,0,0,0,0,1,0
22156,/lander-1,0,0,0,0,0,0
22157,/lander-1,0,0,0,0,0,0
22157,/products,1,0,0,0,0,0
22158,/lander-1,0,0,0,0,0,0
22158,/products,1,0,0,0,0,0
22159,/lander-1,0,0,0,0,0,0
22160,/lander-1,0,0,0,0,0,0
22160,/products,1,0,0,0,0,0
22160,/the-original-mr-fuzzy,0,1,0,0,0,0
22160,/cart,0,0,1,0,0,0
22160,/shipping,0,0,0,1,0,0
22160,/billing,0,0,0,0,1,0
22161,/lander-1,0,0,0,0,0,0
22164,/lander-1,0,0,0,0,0,0
22164,/products,1,0,0,0,0,0
22164,/the-original-mr-fuzzy,0,1,0,0,0,0
22165,/lander-1,0,0,0,0,0,0
22165,/products,1,0,0,0,0,0
22165,/the-original-mr-fuzzy,0,1,0,0,0,0
22165,/cart,0,0,1,0,0,0
22168,/lander-1,0,0,0,0,0,0
22168,/products,1,0,0,0,0,0
22168,/the-original-mr-fuzzy,0,1,0,0,0,0
22170,/lander-1,0,0,0,0,0,0
22170,/products,1,0,0,0,0,0
22170,/the-original-mr-fuzzy,0,1,0,0,0,0
22170,/cart,0,0,1,0,0,0
22170,/shipping,0,0,0,1,0,0
22170,/billing,0,0,0,0,1,0
22171,/lander-1,0,0,0,0,0,0
22171,/products,1,0,0,0,0,0
22172,/lander-1,0,0,0,0,0,0
22172,/products,1,0,0,0,0,0
22172,/the-original-mr-fuzzy,0,1,0,0,0,0
22172,/cart,0,0,1,0,0,0
22172,/shipping,0,0,0,1,0,0
22172,/billing,0,0,0,0,1,0
22172,/thank-you-for-your-order,0,0,0,0,0,1
22174,/lander-1,0,0,0,0,0,0
22174,/products,1,0,0,0,0,0
22177,/lander-1,0,0,0,0,0,0
22178,/lander-1,0,0,0,0,0,0
22179,/lander-1,0,0,0,0,0,0
22179,/products,1,0,0,0,0,0
22179,/the-original-mr-fuzzy,0,1,0,0,0,0
22182,/lander-1,0,0,0,0,0,0
22183,/lander-1,0,0,0,0,0,0
22184,/lander-1,0,0,0,0,0,0
22184,/products,1,0,0,0,0,0
22186,/lander-1,0,0,0,0,0,0
22188,/lander-1,0,0,0,0,0,0
22188,/products,1,0,0,0,0,0
22188,/the-original-mr-fuzzy,0,1,0,0,0,0
22189,/lander-1,0,0,0,0,0,0
22190,/lander-1,0,0,0,0,0,0
22194,/lander-1,0,0,0,0,0,0
22194,/products,1,0,0,0,0,0
22194,/the-original-mr-fuzzy,0,1,0,0,0,0
22194,/cart,0,0,1,0,0,0
22194,/shipping,0,0,0,1,0,0
22195,/lander-1,0,0,0,0,0,0
22196,/lander-1,0,0,0,0,0,0
22197,/lander-1,0,0,0,0,0,0
22198,/lander-1,0,0,0,0,0,0
22199,/lander-1,0,0,0,0,0,0
22199,/products,1,0,0,0,0,0
22201,/lander-1,0,0,0,0,0,0
22201,/products,1,0,0,0,0,0
22201,/the-original-mr-fuzzy,0,1,0,0,0,0
22203,/lander-1,0,0,0,0,0,0
22203,/products,1,0,0,0,0,0
22203,/the-original-mr-fuzzy,0,1,0,0,0,0
22205,/lander-1,0,0,0,0,0,0
22205,/products,1,0,0,0,0,0
22205,/the-original-mr-fuzzy,0,1,0,0,0,0
22207,/lander-1,0,0,0,0,0,0
22207,/products,1,0,0,0,0,0
22209,/lander-1,0,0,0,0,0,0
22209,/products,1,0,0,0,0,0
22209,/the-original-mr-fuzzy,0,1,0,0,0,0
22210,/lander-1,0,0,0,0,0,0
22210,/products,1,0,0,0,0,0
22214,/lander-1,0,0,0,0,0,0
22216,/lander-1,0,0,0,0,0,0
22219,/lander-1,0,0,0,0,0,0
22220,/lander-1,0,0,0,0,0,0
22220,/products,1,0,0,0,0,0
22220,/the-original-mr-fuzzy,0,1,0,0,0,0
22222,/lander-1,0,0,0,0,0,0
22223,/lander-1,0,0,0,0,0,0
22223,/products,1,0,0,0,0,0
22223,/the-original-mr-fuzzy,0,1,0,0,0,0
22226,/lander-1,0,0,0,0,0,0
22227,/lander-1,0,0,0,0,0,0
22227,/products,1,0,0,0,0,0
22228,/lander-1,0,0,0,0,0,0
22229,/lander-1,0,0,0,0,0,0
22230,/lander-1,0,0,0,0,0,0
22230,/products,1,0,0,0,0,0
22230,/the-original-mr-fuzzy,0,1,0,0,0,0
22231,/lander-1,0,0,0,0,0,0
22232,/lander-1,0,0,0,0,0,0
22233,/lander-1,0,0,0,0,0,0
22233,/products,1,0,0,0,0,0
22234,/lander-1,0,0,0,0,0,0
22235,/lander-1,0,0,0,0,0,0
22235,/products,1,0,0,0,0,0
22235,/the-original-mr-fuzzy,0,1,0,0,0,0
22237,/lander-1,0,0,0,0,0,0
22237,/products,1,0,0,0,0,0
22237,/the-original-mr-fuzzy,0,1,0,0,0,0
22237,/cart,0,0,1,0,0,0
22238,/lander-1,0,0,0,0,0,0
22239,/lander-1,0,0,0,0,0,0
22239,/products,1,0,0,0,0,0
22239,/the-original-mr-fuzzy,0,1,0,0,0,0
22239,/cart,0,0,1,0,0,0
22241,/lander-1,0,0,0,0,0,0
22241,/products,1,0,0,0,0,0
22241,/the-original-mr-fuzzy,0,1,0,0,0,0
22241,/cart,0,0,1,0,0,0
22242,/lander-1,0,0,0,0,0,0
22242,/products,1,0,0,0,0,0
22242,/the-original-mr-fuzzy,0,1,0,0,0,0
22242,/cart,0,0,1,0,0,0
22242,/shipping,0,0,0,1,0,0
22242,/billing,0,0,0,0,1,0
22242,/thank-you-for-your-order,0,0,0,0,0,1
22243,/lander-1,0,0,0,0,0,0
22244,/lander-1,0,0,0,0,0,0
22244,/products,1,0,0,0,0,0
22244,/the-original-mr-fuzzy,0,1,0,0,0,0
22245,/lander-1,0,0,0,0,0,0
22245,/products,1,0,0,0,0,0
22247,/lander-1,0,0,0,0,0,0
22247,/products,1,0,0,0,0,0
22247,/the-original-mr-fuzzy,0,1,0,0,0,0
22247,/cart,0,0,1,0,0,0
22247,/shipping,0,0,0,1,0,0
22247,/billing,0,0,0,0,1,0
22247,/thank-you-for-your-order,0,0,0,0,0,1
22248,/lander-1,0,0,0,0,0,0
22249,/lander-1,0,0,0,0,0,0
22249,/products,1,0,0,0,0,0
22249,/the-original-mr-fuzzy,0,1,0,0,0,0
22249,/cart,0,0,1,0,0,0
22249,/shipping,0,0,0,1,0,0
22249,/billing,0,0,0,0,1,0
22249,/thank-you-for-your-order,0,0,0,0,0,1
22250,/lander-1,0,0,0,0,0,0
22251,/lander-1,0,0,0,0,0,0
22252,/lander-1,0,0,0,0,0,0
22252,/products,1,0,0,0,0,0
22252,/the-original-mr-fuzzy,0,1,0,0,0,0
22253,/lander-1,0,0,0,0,0,0
22253,/products,1,0,0,0,0,0
22253,/the-original-mr-fuzzy,0,1,0,0,0,0
22254,/lander-1,0,0,0,0,0,0
22255,/lander-1,0,0,0,0,0,0
22255,/products,1,0,0,0,0,0
22255,/the-original-mr-fuzzy,0,1,0,0,0,0
22257,/lander-1,0,0,0,0,0,0
22258,/lander-1,0,0,0,0,0,0
22258,/products,1,0,0,0,0,0
22259,/lander-1,0,0,0,0,0,0
22260,/lander-1,0,0,0,0,0,0
22260,/products,1,0,0,0,0,0
22261,/lander-1,0,0,0,0,0,0
22261,/products,1,0,0,0,0,0
22261,/the-original-mr-fuzzy,0,1,0,0,0,0
22261,/cart,0,0,1,0,0,0
22261,/shipping,0,0,0,1,0,0
22261,/billing,0,0,0,0,1,0
22264,/lander-1,0,0,0,0,0,0
22265,/lander-1,0,0,0,0,0,0
22266,/lander-1,0,0,0,0,0,0
22267,/lander-1,0,0,0,0,0,0
22268,/lander-1,0,0,0,0,0,0
22268,/products,1,0,0,0,0,0
22268,/the-original-mr-fuzzy,0,1,0,0,0,0
22268,/cart,0,0,1,0,0,0
22268,/shipping,0,0,0,1,0,0
22268,/billing,0,0,0,0,1,0
22270,/lander-1,0,0,0,0,0,0
22270,/products,1,0,0,0,0,0
22270,/the-original-mr-fuzzy,0,1,0,0,0,0
22271,/lander-1,0,0,0,0,0,0
22272,/lander-1,0,0,0,0,0,0
22272,/products,1,0,0,0,0,0
22272,/the-original-mr-fuzzy,0,1,0,0,0,0
22272,/cart,0,0,1,0,0,0
22272,/shipping,0,0,0,1,0,0
22272,/billing,0,0,0,0,1,0
22272,/thank-you-for-your-order,0,0,0,0,0,1
22274,/lander-1,0,0,0,0,0,0
22274,/products,1,0,0,0,0,0
22274,/the-original-mr-fuzzy,0,1,0,0,0,0
22274,/cart,0,0,1,0,0,0
22274,/shipping,0,0,0,1,0,0
22274,/billing,0,0,0,0,1,0
22274,/thank-you-for-your-order,0,0,0,0,0,1
22276,/lander-1,0,0,0,0,0,0
22276,/products,1,0,0,0,0,0
22276,/the-original-mr-fuzzy,0,1,0,0,0,0
22276,/cart,0,0,1,0,0,0
22276,/shipping,0,0,0,1,0,0
22276,/billing,0,0,0,0,1,0
22277,/lander-1,0,0,0,0,0,0
22278,/lander-1,0,0,0,0,0,0
22278,/products,1,0,0,0,0,0
22278,/the-original-mr-fuzzy,0,1,0,0,0,0
22278,/cart,0,0,1,0,0,0
22278,/shipping,0,0,0,1,0,0
22279,/lander-1,0,0,0,0,0,0
22281,/lander-1,0,0,0,0,0,0
22282,/lander-1,0,0,0,0,0,0
22282,/products,1,0,0,0,0,0
22283,/lander-1,0,0,0,0,0,0
22285,/lander-1,0,0,0,0,0,0
22285,/products,1,0,0,0,0,0
22285,/the-original-mr-fuzzy,0,1,0,0,0,0
22286,/lander-1,0,0,0,0,0,0
22287,/lander-1,0,0,0,0,0,0
22287,/products,1,0,0,0,0,0
22287,/the-original-mr-fuzzy,0,1,0,0,0,0
22288,/lander-1,0,0,0,0,0,0
22288,/products,1,0,0,0,0,0
22288,/the-original-mr-fuzzy,0,1,0,0,0,0
22289,/lander-1,0,0,0,0,0,0
22289,/products,1,0,0,0,0,0
22289,/the-original-mr-fuzzy,0,1,0,0,0,0
22291,/lander-1,0,0,0,0,0,0
22291,/products,1,0,0,0,0,0
22293,/lander-1,0,0,0,0,0,0
22293,/products,1,0,0,0,0,0
22293,/the-original-mr-fuzzy,0,1,0,0,0,0
22297,/lander-1,0,0,0,0,0,0
22302,/lander-1,0,0,0,0,0,0
22303,/lander-1,0,0,0,0,0,0
22304,/lander-1,0,0,0,0,0,0
22305,/lander-1,0,0,0,0,0,0
22306,/lander-1,0,0,0,0,0,0
22307,/lander-1,0,0,0,0,0,0
22307,/products,1,0,0,0,0,0
22307,/the-original-mr-fuzzy,0,1,0,0,0,0
22307,/cart,0,0,1,0,0,0
22307,/shipping,0,0,0,1,0,0
22309,/lander-1,0,0,0,0,0,0
22311,/lander-1,0,0,0,0,0,0
22312,/lander-1,0,0,0,0,0,0
22312,/products,1,0,0,0,0,0
22313,/lander-1,0,0,0,0,0,0
22315,/lander-1,0,0,0,0,0,0
22317,/lander-1,0,0,0,0,0,0
22318,/lander-1,0,0,0,0,0,0
22318,/products,1,0,0,0,0,0
22318,/the-original-mr-fuzzy,0,1,0,0,0,0
22318,/cart,0,0,1,0,0,0
22318,/shipping,0,0,0,1,0,0
22318,/billing,0,0,0,0,1,0
22318,/thank-you-for-your-order,0,0,0,0,0,1
22319,/lander-1,0,0,0,0,0,0
22319,/products,1,0,0,0,0,0
22319,/the-original-mr-fuzzy,0,1,0,0,0,0
22319,/cart,0,0,1,0,0,0
22319,/shipping,0,0,0,1,0,0
22319,/billing,0,0,0,0,1,0
22319,/thank-you-for-your-order,0,0,0,0,0,1
22320,/lander-1,0,0,0,0,0,0
22320,/products,1,0,0,0,0,0
22320,/the-original-mr-fuzzy,0,1,0,0,0,0
22321,/lander-1,0,0,0,0,0,0
22323,/lander-1,0,0,0,0,0,0
22324,/lander-1,0,0,0,0,0,0
22326,/lander-1,0,0,0,0,0,0
22327,/lander-1,0,0,0,0,0,0
22331,/lander-1,0,0,0,0,0,0
22332,/lander-1,0,0,0,0,0,0
22333,/lander-1,0,0,0,0,0,0
22334,/lander-1,0,0,0,0,0,0
22334,/products,1,0,0,0,0,0
22334,/the-original-mr-fuzzy,0,1,0,0,0,0
22335,/lander-1,0,0,0,0,0,0
22338,/lander-1,0,0,0,0,0,0
22339,/lander-1,0,0,0,0,0,0
22340,/lander-1,0,0,0,0,0,0
22340,/products,1,0,0,0,0,0
22340,/the-original-mr-fuzzy,0,1,0,0,0,0
22340,/cart,0,0,1,0,0,0
22341,/lander-1,0,0,0,0,0,0
22343,/lander-1,0,0,0,0,0,0
22343,/products,1,0,0,0,0,0
22343,/the-original-mr-fuzzy,0,1,0,0,0,0
22344,/lander-1,0,0,0,0,0,0
22345,/lander-1,0,0,0,0,0,0
22345,/products,1,0,0,0,0,0
22345,/the-original-mr-fuzzy,0,1,0,0,0,0
22346,/lander-1,0,0,0,0,0,0
22350,/lander-1,0,0,0,0,0,0
22350,/products,1,0,0,0,0,0
22351,/lander-1,0,0,0,0,0,0
22352,/lander-1,0,0,0,0,0,0
22355,/lander-1,0,0,0,0,0,0
22355,/products,1,0,0,0,0,0
22355,/the-original-mr-fuzzy,0,1,0,0,0,0
22355,/cart,0,0,1,0,0,0
22356,/lander-1,0,0,0,0,0,0
22356,/products,1,0,0,0,0,0
22356,/the-original-mr-fuzzy,0,1,0,0,0,0
22357,/lander-1,0,0,0,0,0,0
22357,/products,1,0,0,0,0,0
22357,/the-original-mr-fuzzy,0,1,0,0,0,0
22359,/lander-1,0,0,0,0,0,0
22360,/lander-1,0,0,0,0,0,0
22361,/lander-1,0,0,0,0,0,0
22362,/lander-1,0,0,0,0,0,0
22364,/lander-1,0,0,0,0,0,0
22365,/lander-1,0,0,0,0,0,0
22366,/lander-1,0,0,0,0,0,0
22367,/lander-1,0,0,0,0,0,0
22369,/lander-1,0,0,0,0,0,0
22372,/lander-1,0,0,0,0,0,0
22374,/lander-1,0,0,0,0,0,0
22376,/lander-1,0,0,0,0,0,0
22377,/lander-1,0,0,0,0,0,0
22378,/lander-1,0,0,0,0,0,0
22380,/lander-1,0,0,0,0,0,0
22380,/products,1,0,0,0,0,0
22380,/the-original-mr-fuzzy,0,1,0,0,0,0
22382,/lander-1,0,0,0,0,0,0
22382,/products,1,0,0,0,0,0
22384,/lander-1,0,0,0,0,0,0
22384,/products,1,0,0,0,0,0
22384,/the-original-mr-fuzzy,0,1,0,0,0,0
22385,/lander-1,0,0,0,0,0,0
22388,/lander-1,0,0,0,0,0,0
22388,/products,1,0,0,0,0,0
22388,/the-original-mr-fuzzy,0,1,0,0,0,0
22392,/lander-1,0,0,0,0,0,0
22393,/lander-1,0,0,0,0,0,0
22393,/products,1,0,0,0,0,0
22393,/the-original-mr-fuzzy,0,1,0,0,0,0
22394,/lander-1,0,0,0,0,0,0
22394,/products,1,0,0,0,0,0
22394,/the-original-mr-fuzzy,0,1,0,0,0,0
22397,/lander-1,0,0,0,0,0,0
22397,/products,1,0,0,0,0,0
22397,/the-original-mr-fuzzy,0,1,0,0,0,0
22397,/cart,0,0,1,0,0,0
22397,/shipping,0,0,0,1,0,0
22397,/billing,0,0,0,0,1,0
22397,/thank-you-for-your-order,0,0,0,0,0,1
22400,/lander-1,0,0,0,0,0,0
22402,/lander-1,0,0,0,0,0,0
22404,/lander-1,0,0,0,0,0,0
22404,/products,1,0,0,0,0,0
22404,/the-original-mr-fuzzy,0,1,0,0,0,0
22405,/lander-1,0,0,0,0,0,0
22405,/products,1,0,0,0,0,0
22406,/lander-1,0,0,0,0,0,0
22407,/lander-1,0,0,0,0,0,0
22407,/products,1,0,0,0,0,0
22407,/the-original-mr-fuzzy,0,1,0,0,0,0
22408,/lander-1,0,0,0,0,0,0
22408,/products,1,0,0,0,0,0
22408,/the-original-mr-fuzzy,0,1,0,0,0,0
22408,/cart,0,0,1,0,0,0
22408,/shipping,0,0,0,1,0,0
22408,/billing,0,0,0,0,1,0
22409,/lander-1,0,0,0,0,0,0
22409,/products,1,0,0,0,0,0
22409,/the-original-mr-fuzzy,0,1,0,0,0,0
22411,/lander-1,0,0,0,0,0,0
22414,/lander-1,0,0,0,0,0,0
22414,/products,1,0,0,0,0,0
22414,/the-original-mr-fuzzy,0,1,0,0,0,0
22414,/cart,0,0,1,0,0,0
22414,/shipping,0,0,0,1,0,0
22415,/lander-1,0,0,0,0,0,0
22415,/products,1,0,0,0,0,0
22415,/the-original-mr-fuzzy,0,1,0,0,0,0
22415,/cart,0,0,1,0,0,0
22415,/shipping,0,0,0,1,0,0
22415,/billing,0,0,0,0,1,0
22416,/lander-1,0,0,0,0,0,0
22416,/products,1,0,0,0,0,0
22416,/the-original-mr-fuzzy,0,1,0,0,0,0
22416,/cart,0,0,1,0,0,0
22416,/shipping,0,0,0,1,0,0
22416,/billing,0,0,0,0,1,0
22416,/thank-you-for-your-order,0,0,0,0,0,1
22418,/lander-1,0,0,0,0,0,0
22418,/products,1,0,0,0,0,0
22418,/the-original-mr-fuzzy,0,1,0,0,0,0
22420,/lander-1,0,0,0,0,0,0
22421,/lander-1,0,0,0,0,0,0
22423,/lander-1,0,0,0,0,0,0
22423,/products,1,0,0,0,0,0
22423,/the-original-mr-fuzzy,0,1,0,0,0,0
22423,/cart,0,0,1,0,0,0
22423,/shipping,0,0,0,1,0,0
22423,/billing,0,0,0,0,1,0
22423,/thank-you-for-your-order,0,0,0,0,0,1
22424,/lander-1,0,0,0,0,0,0
22424,/products,1,0,0,0,0,0
22425,/lander-1,0,0,0,0,0,0
22427,/lander-1,0,0,0,0,0,0
22428,/lander-1,0,0,0,0,0,0
22430,/lander-1,0,0,0,0,0,0
22432,/lander-1,0,0,0,0,0,0
22434,/lander-1,0,0,0,0,0,0
22434,/products,1,0,0,0,0,0
22434,/the-original-mr-fuzzy,0,1,0,0,0,0
22435,/lander-1,0,0,0,0,0,0
22435,/products,1,0,0,0,0,0
22435,/the-original-mr-fuzzy,0,1,0,0,0,0
22435,/cart,0,0,1,0,0,0
22436,/lander-1,0,0,0,0,0,0
22440,/lander-1,0,0,0,0,0,0
22441,/lander-1,0,0,0,0,0,0
22441,/products,1,0,0,0,0,0
22441,/the-original-mr-fuzzy,0,1,0,0,0,0
22441,/cart,0,0,1,0,0,0
22443,/lander-1,0,0,0,0,0,0
22444,/lander-1,0,0,0,0,0,0
22446,/lander-1,0,0,0,0,0,0
22446,/products,1,0,0,0,0,0
22448,/lander-1,0,0,0,0,0,0
22449,/lander-1,0,0,0,0,0,0
22449,/products,1,0,0,0,0,0
22449,/the-original-mr-fuzzy,0,1,0,0,0,0
22450,/lander-1,0,0,0,0,0,0
22451,/lander-1,0,0,0,0,0,0
22451,/products,1,0,0,0,0,0
22451,/the-original-mr-fuzzy,0,1,0,0,0,0
22451,/cart,0,0,1,0,0,0
22452,/lander-1,0,0,0,0,0,0
22453,/lander-1,0,0,0,0,0,0
22454,/lander-1,0,0,0,0,0,0
22454,/products,1,0,0,0,0,0
22454,/the-original-mr-fuzzy,0,1,0,0,0,0
22457,/lander-1,0,0,0,0,0,0
22457,/products,1,0,0,0,0,0
22457,/the-original-mr-fuzzy,0,1,0,0,0,0
22457,/cart,0,0,1,0,0,0
22457,/shipping,0,0,0,1,0,0
22458,/lander-1,0,0,0,0,0,0
22458,/products,1,0,0,0,0,0
22458,/the-original-mr-fuzzy,0,1,0,0,0,0
22459,/lander-1,0,0,0,0,0,0
22459,/products,1,0,0,0,0,0
22460,/lander-1,0,0,0,0,0,0
22462,/lander-1,0,0,0,0,0,0
22463,/lander-1,0,0,0,0,0,0
22464,/lander-1,0,0,0,0,0,0
22464,/products,1,0,0,0,0,0
22464,/the-original-mr-fuzzy,0,1,0,0,0,0
22467,/lander-1,0,0,0,0,0,0
22467,/products,1,0,0,0,0,0
22467,/the-original-mr-fuzzy,0,1,0,0,0,0
22467,/cart,0,0,1,0,0,0
22467,/shipping,0,0,0,1,0,0
22467,/billing,0,0,0,0,1,0
22468,/lander-1,0,0,0,0,0,0
22468,/products,1,0,0,0,0,0
22468,/the-original-mr-fuzzy,0,1,0,0,0,0
22468,/cart,0,0,1,0,0,0
22468,/shipping,0,0,0,1,0,0
22468,/billing,0,0,0,0,1,0
22469,/lander-1,0,0,0,0,0,0
22470,/lander-1,0,0,0,0,0,0
22470,/products,1,0,0,0,0,0
22470,/the-original-mr-fuzzy,0,1,0,0,0,0
22472,/lander-1,0,0,0,0,0,0
22472,/products,1,0,0,0,0,0
22472,/the-original-mr-fuzzy,0,1,0,0,0,0
22472,/cart,0,0,1,0,0,0
22473,/lander-1,0,0,0,0,0,0
22474,/lander-1,0,0,0,0,0,0
22475,/lander-1,0,0,0,0,0,0
22475,/products,1,0,0,0,0,0
22475,/the-original-mr-fuzzy,0,1,0,0,0,0
22475,/cart,0,0,1,0,0,0
22475,/shipping,0,0,0,1,0,0
22475,/billing,0,0,0,0,1,0
22475,/thank-you-for-your-order,0,0,0,0,0,1
22476,/lander-1,0,0,0,0,0,0
22477,/lander-1,0,0,0,0,0,0
22478,/lander-1,0,0,0,0,0,0
22479,/lander-1,0,0,0,0,0,0
22479,/products,1,0,0,0,0,0
22479,/the-original-mr-fuzzy,0,1,0,0,0,0
22480,/lander-1,0,0,0,0,0,0
22480,/products,1,0,0,0,0,0
22482,/lander-1,0,0,0,0,0,0
22482,/products,1,0,0,0,0,0
22482,/the-original-mr-fuzzy,0,1,0,0,0,0
22482,/cart,0,0,1,0,0,0
22482,/shipping,0,0,0,1,0,0
22482,/billing,0,0,0,0,1,0
22483,/lander-1,0,0,0,0,0,0
22484,/lander-1,0,0,0,0,0,0
22487,/lander-1,0,0,0,0,0,0
22487,/products,1,0,0,0,0,0
22487,/the-original-mr-fuzzy,0,1,0,0,0,0
22488,/lander-1,0,0,0,0,0,0
22488,/products,1,0,0,0,0,0
22488,/the-original-mr-fuzzy,0,1,0,0,0,0
22490,/lander-1,0,0,0,0,0,0
22491,/lander-1,0,0,0,0,0,0
22492,/lander-1,0,0,0,0,0,0
22494,/lander-1,0,0,0,0,0,0
22495,/lander-1,0,0,0,0,0,0
22495,/products,1,0,0,0,0,0
22495,/the-original-mr-fuzzy,0,1,0,0,0,0
22495,/cart,0,0,1,0,0,0
22495,/shipping,0,0,0,1,0,0
22495,/billing,0,0,0,0,1,0
22496,/lander-1,0,0,0,0,0,0
22497,/lander-1,0,0,0,0,0,0
22499,/lander-1,0,0,0,0,0,0
22499,/products,1,0,0,0,0,0
22499,/the-original-mr-fuzzy,0,1,0,0,0,0
22501,/lander-1,0,0,0,0,0,0
22502,/lander-1,0,0,0,0,0,0
22503,/lander-1,0,0,0,0,0,0
22506,/lander-1,0,0,0,0,0,0
22506,/products,1,0,0,0,0,0
22507,/lander-1,0,0,0,0,0,0
22507,/products,1,0,0,0,0,0
22511,/lander-1,0,0,0,0,0,0
22512,/lander-1,0,0,0,0,0,0
22512,/products,1,0,0,0,0,0
22514,/lander-1,0,0,0,0,0,0
22514,/products,1,0,0,0,0,0
22514,/the-original-mr-fuzzy,0,1,0,0,0,0
22514,/cart,0,0,1,0,0,0
22514,/shipping,0,0,0,1,0,0
22514,/billing,0,0,0,0,1,0
22514,/thank-you-for-your-order,0,0,0,0,0,1
22515,/lander-1,0,0,0,0,0,0
22515,/products,1,0,0,0,0,0
22515,/the-original-mr-fuzzy,0,1,0,0,0,0
22515,/cart,0,0,1,0,0,0
22518,/lander-1,0,0,0,0,0,0
22520,/lander-1,0,0,0,0,0,0
22520,/products,1,0,0,0,0,0
22521,/lander-1,0,0,0,0,0,0
22521,/products,1,0,0,0,0,0
22521,/the-original-mr-fuzzy,0,1,0,0,0,0
22521,/cart,0,0,1,0,0,0
22522,/lander-1,0,0,0,0,0,0
22523,/lander-1,0,0,0,0,0,0
22524,/lander-1,0,0,0,0,0,0
22525,/lander-1,0,0,0,0,0,0
22525,/products,1,0,0,0,0,0
22526,/lander-1,0,0,0,0,0,0
22526,/products,1,0,0,0,0,0
22526,/the-original-mr-fuzzy,0,1,0,0,0,0
22527,/lander-1,0,0,0,0,0,0
22528,/lander-1,0,0,0,0,0,0
22528,/products,1,0,0,0,0,0
22530,/lander-1,0,0,0,0,0,0
22530,/products,1,0,0,0,0,0
22531,/lander-1,0,0,0,0,0,0
22531,/products,1,0,0,0,0,0
22531,/the-original-mr-fuzzy,0,1,0,0,0,0
22532,/lander-1,0,0,0,0,0,0
22532,/products,1,0,0,0,0,0
22534,/lander-1,0,0,0,0,0,0
22534,/products,1,0,0,0,0,0
22534,/the-original-mr-fuzzy,0,1,0,0,0,0
22535,/lander-1,0,0,0,0,0,0
22536,/lander-1,0,0,0,0,0,0
22539,/lander-1,0,0,0,0,0,0
22539,/products,1,0,0,0,0,0
22539,/the-original-mr-fuzzy,0,1,0,0,0,0
22540,/lander-1,0,0,0,0,0,0
22541,/lander-1,0,0,0,0,0,0
22541,/products,1,0,0,0,0,0
22541,/the-original-mr-fuzzy,0,1,0,0,0,0
22541,/cart,0,0,1,0,0,0
22541,/shipping,0,0,0,1,0,0
22541,/billing,0,0,0,0,1,0
22542,/lander-1,0,0,0,0,0,0
22543,/lander-1,0,0,0,0,0,0
22545,/lander-1,0,0,0,0,0,0
22545,/products,1,0,0,0,0,0
22547,/lander-1,0,0,0,0,0,0
22548,/lander-1,0,0,0,0,0,0
22550,/lander-1,0,0,0,0,0,0
22550,/products,1,0,0,0,0,0
22550,/the-original-mr-fuzzy,0,1,0,0,0,0
22550,/cart,0,0,1,0,0,0
22550,/shipping,0,0,0,1,0,0
22551,/lander-1,0,0,0,0,0,0
22551,/products,1,0,0,0,0,0
22552,/lander-1,0,0,0,0,0,0
22552,/products,1,0,0,0,0,0
22553,/lander-1,0,0,0,0,0,0
22555,/lander-1,0,0,0,0,0,0
22556,/lander-1,0,0,0,0,0,0
22556,/products,1,0,0,0,0,0
22558,/lander-1,0,0,0,0,0,0
22559,/lander-1,0,0,0,0,0,0
22559,/products,1,0,0,0,0,0
22559,/the-original-mr-fuzzy,0,1,0,0,0,0
22560,/lander-1,0,0,0,0,0,0
22560,/products,1,0,0,0,0,0
22560,/the-original-mr-fuzzy,0,1,0,0,0,0
22562,/lander-1,0,0,0,0,0,0
22563,/lander-1,0,0,0,0,0,0
22565,/lander-1,0,0,0,0,0,0
22566,/lander-1,0,0,0,0,0,0
22567,/lander-1,0,0,0,0,0,0
22569,/lander-1,0,0,0,0,0,0
22571,/lander-1,0,0,0,0,0,0
22574,/lander-1,0,0,0,0,0,0
22574,/products,1,0,0,0,0,0
22574,/the-original-mr-fuzzy,0,1,0,0,0,0
22575,/lander-1,0,0,0,0,0,0
22575,/products,1,0,0,0,0,0
22575,/the-original-mr-fuzzy,0,1,0,0,0,0
22575,/cart,0,0,1,0,0,0
22576,/lander-1,0,0,0,0,0,0
22576,/products,1,0,0,0,0,0
22576,/the-original-mr-fuzzy,0,1,0,0,0,0
22580,/lander-1,0,0,0,0,0,0
22583,/lander-1,0,0,0,0,0,0
22583,/products,1,0,0,0,0,0
22583,/the-original-mr-fuzzy,0,1,0,0,0,0
22585,/lander-1,0,0,0,0,0,0
22585,/products,1,0,0,0,0,0
22588,/lander-1,0,0,0,0,0,0
22590,/lander-1,0,0,0,0,0,0
22591,/lander-1,0,0,0,0,0,0
22591,/products,1,0,0,0,0,0
22591,/the-original-mr-fuzzy,0,1,0,0,0,0
22591,/cart,0,0,1,0,0,0
22591,/shipping,0,0,0,1,0,0
22591,/billing,0,0,0,0,1,0
22593,/lander-1,0,0,0,0,0,0
22593,/products,1,0,0,0,0,0
22593,/the-original-mr-fuzzy,0,1,0,0,0,0
22595,/lander-1,0,0,0,0,0,0
22596,/lander-1,0,0,0,0,0,0
22597,/lander-1,0,0,0,0,0,0
22600,/lander-1,0,0,0,0,0,0
22604,/lander-1,0,0,0,0,0,0
22604,/products,1,0,0,0,0,0
22604,/the-original-mr-fuzzy,0,1,0,0,0,0
22606,/lander-1,0,0,0,0,0,0
22607,/lander-1,0,0,0,0,0,0
22607,/products,1,0,0,0,0,0
22608,/lander-1,0,0,0,0,0,0
22608,/products,1,0,0,0,0,0
22608,/the-original-mr-fuzzy,0,1,0,0,0,0
22608,/cart,0,0,1,0,0,0
22610,/lander-1,0,0,0,0,0,0
22612,/lander-1,0,0,0,0,0,0
22615,/lander-1,0,0,0,0,0,0
22616,/lander-1,0,0,0,0,0,0
22619,/lander-1,0,0,0,0,0,0
22622,/lander-1,0,0,0,0,0,0
22622,/products,1,0,0,0,0,0
22622,/the-original-mr-fuzzy,0,1,0,0,0,0
22623,/lander-1,0,0,0,0,0,0
22623,/products,1,0,0,0,0,0
22625,/lander-1,0,0,0,0,0,0
22625,/products,1,0,0,0,0,0
22627,/lander-1,0,0,0,0,0,0
22627,/products,1,0,0,0,0,0
22627,/the-original-mr-fuzzy,0,1,0,0,0,0
22628,/lander-1,0,0,0,0,0,0
22629,/lander-1,0,0,0,0,0,0
22629,/products,1,0,0,0,0,0
22630,/lander-1,0,0,0,0,0,0
22631,/lander-1,0,0,0,0,0,0
22632,/lander-1,0,0,0,0,0,0
22632,/products,1,0,0,0,0,0
22632,/the-original-mr-fuzzy,0,1,0,0,0,0
22632,/cart,0,0,1,0,0,0
22632,/shipping,0,0,0,1,0,0
22634,/lander-1,0,0,0,0,0,0
22635,/lander-1,0,0,0,0,0,0
22637,/lander-1,0,0,0,0,0,0
22639,/lander-1,0,0,0,0,0,0
22639,/products,1,0,0,0,0,0
22642,/lander-1,0,0,0,0,0,0
22642,/products,1,0,0,0,0,0
22642,/the-original-mr-fuzzy,0,1,0,0,0,0
22642,/cart,0,0,1,0,0,0
22644,/lander-1,0,0,0,0,0,0
22644,/products,1,0,0,0,0,0
22645,/lander-1,0,0,0,0,0,0
22645,/products,1,0,0,0,0,0
22645,/the-original-mr-fuzzy,0,1,0,0,0,0
22645,/cart,0,0,1,0,0,0
22645,/shipping,0,0,0,1,0,0
22646,/lander-1,0,0,0,0,0,0
22647,/lander-1,0,0,0,0,0,0
22647,/products,1,0,0,0,0,0
22647,/the-original-mr-fuzzy,0,1,0,0,0,0
22647,/cart,0,0,1,0,0,0
22649,/lander-1,0,0,0,0,0,0
22650,/lander-1,0,0,0,0,0,0
22651,/lander-1,0,0,0,0,0,0
22651,/products,1,0,0,0,0,0
22651,/the-original-mr-fuzzy,0,1,0,0,0,0
22652,/lander-1,0,0,0,0,0,0
22652,/products,1,0,0,0,0,0
22654,/lander-1,0,0,0,0,0,0
22654,/products,1,0,0,0,0,0
22656,/lander-1,0,0,0,0,0,0
22656,/products,1,0,0,0,0,0
22657,/lander-1,0,0,0,0,0,0
22658,/lander-1,0,0,0,0,0,0
22660,/lander-1,0,0,0,0,0,0
22662,/lander-1,0,0,0,0,0,0
22663,/lander-1,0,0,0,0,0,0
22663,/products,1,0,0,0,0,0
22663,/the-original-mr-fuzzy,0,1,0,0,0,0
22663,/cart,0,0,1,0,0,0
22663,/shipping,0,0,0,1,0,0
22663,/billing,0,0,0,0,1,0
22664,/lander-1,0,0,0,0,0,0
22664,/products,1,0,0,0,0,0
22664,/the-original-mr-fuzzy,0,1,0,0,0,0
22666,/lander-1,0,0,0,0,0,0
22666,/products,1,0,0,0,0,0
22666,/the-original-mr-fuzzy,0,1,0,0,0,0
22667,/lander-1,0,0,0,0,0,0
22668,/lander-1,0,0,0,0,0,0
22668,/products,1,0,0,0,0,0
22672,/lander-1,0,0,0,0,0,0
22673,/lander-1,0,0,0,0,0,0
22673,/products,1,0,0,0,0,0
22675,/lander-1,0,0,0,0,0,0
22676,/lander-1,0,0,0,0,0,0
22676,/products,1,0,0,0,0,0
22676,/the-original-mr-fuzzy,0,1,0,0,0,0
22677,/lander-1,0,0,0,0,0,0
22679,/lander-1,0,0,0,0,0,0
22679,/products,1,0,0,0,0,0
22679,/the-original-mr-fuzzy,0,1,0,0,0,0
22681,/lander-1,0,0,0,0,0,0
22683,/lander-1,0,0,0,0,0,0
22685,/lander-1,0,0,0,0,0,0
22685,/products,1,0,0,0,0,0
22686,/lander-1,0,0,0,0,0,0
22686,/products,1,0,0,0,0,0
22686,/the-original-mr-fuzzy,0,1,0,0,0,0
22687,/lander-1,0,0,0,0,0,0
22689,/lander-1,0,0,0,0,0,0
22690,/lander-1,0,0,0,0,0,0
22690,/products,1,0,0,0,0,0
22691,/lander-1,0,0,0,0,0,0
22691,/products,1,0,0,0,0,0
22693,/lander-1,0,0,0,0,0,0
22695,/lander-1,0,0,0,0,0,0
22696,/lander-1,0,0,0,0,0,0
22698,/lander-1,0,0,0,0,0,0
22700,/lander-1,0,0,0,0,0,0
22701,/lander-1,0,0,0,0,0,0
22702,/lander-1,0,0,0,0,0,0
22702,/products,1,0,0,0,0,0
22702,/the-original-mr-fuzzy,0,1,0,0,0,0
22703,/lander-1,0,0,0,0,0,0
22703,/products,1,0,0,0,0,0
22703,/the-original-mr-fuzzy,0,1,0,0,0,0
22703,/cart,0,0,1,0,0,0
22703,/shipping,0,0,0,1,0,0
22703,/billing,0,0,0,0,1,0
22703,/thank-you-for-your-order,0,0,0,0,0,1
22704,/lander-1,0,0,0,0,0,0
22706,/lander-1,0,0,0,0,0,0
22706,/products,1,0,0,0,0,0
22706,/the-original-mr-fuzzy,0,1,0,0,0,0
22707,/lander-1,0,0,0,0,0,0
22707,/products,1,0,0,0,0,0
22708,/lander-1,0,0,0,0,0,0
22708,/products,1,0,0,0,0,0
22709,/lander-1,0,0,0,0,0,0
22709,/products,1,0,0,0,0,0
22709,/the-original-mr-fuzzy,0,1,0,0,0,0
22710,/lander-1,0,0,0,0,0,0
22711,/lander-1,0,0,0,0,0,0
22712,/lander-1,0,0,0,0,0,0
22712,/products,1,0,0,0,0,0
22712,/the-original-mr-fuzzy,0,1,0,0,0,0
22715,/lander-1,0,0,0,0,0,0
22715,/products,1,0,0,0,0,0
22715,/the-original-mr-fuzzy,0,1,0,0,0,0
22715,/cart,0,0,1,0,0,0
22718,/lander-1,0,0,0,0,0,0
22718,/products,1,0,0,0,0,0
22718,/the-original-mr-fuzzy,0,1,0,0,0,0
22718,/cart,0,0,1,0,0,0
22719,/lander-1,0,0,0,0,0,0
22723,/lander-1,0,0,0,0,0,0
22725,/lander-1,0,0,0,0,0,0
22726,/lander-1,0,0,0,0,0,0
22727,/lander-1,0,0,0,0,0,0
22727,/products,1,0,0,0,0,0
22727,/the-original-mr-fuzzy,0,1,0,0,0,0
22727,/cart,0,0,1,0,0,0
22727,/shipping,0,0,0,1,0,0
22727,/billing,0,0,0,0,1,0
22727,/thank-you-for-your-order,0,0,0,0,0,1
22728,/lander-1,0,0,0,0,0,0
22730,/lander-1,0,0,0,0,0,0
22731,/lander-1,0,0,0,0,0,0
22731,/products,1,0,0,0,0,0
22731,/the-original-mr-fuzzy,0,1,0,0,0,0
22731,/cart,0,0,1,0,0,0
22731,/shipping,0,0,0,1,0,0
22731,/billing,0,0,0,0,1,0
22732,/lander-1,0,0,0,0,0,0
22732,/products,1,0,0,0,0,0
22732,/the-original-mr-fuzzy,0,1,0,0,0,0
22733,/lander-1,0,0,0,0,0,0
22735,/lander-1,0,0,0,0,0,0
22736,/lander-1,0,0,0,0,0,0
22737,/lander-1,0,0,0,0,0,0
22739,/lander-1,0,0,0,0,0,0
22739,/products,1,0,0,0,0,0
22740,/lander-1,0,0,0,0,0,0
22741,/lander-1,0,0,0,0,0,0
22741,/products,1,0,0,0,0,0
22743,/lander-1,0,0,0,0,0,0
22743,/products,1,0,0,0,0,0
22743,/the-original-mr-fuzzy,0,1,0,0,0,0
22744,/lander-1,0,0,0,0,0,0
22747,/lander-1,0,0,0,0,0,0
22749,/lander-1,0,0,0,0,0,0
22753,/lander-1,0,0,0,0,0,0
22753,/products,1,0,0,0,0,0
22754,/lander-1,0,0,0,0,0,0
22754,/products,1,0,0,0,0,0
22754,/the-original-mr-fuzzy,0,1,0,0,0,0
22755,/lander-1,0,0,0,0,0,0
22757,/lander-1,0,0,0,0,0,0
22758,/lander-1,0,0,0,0,0,0
22759,/lander-1,0,0,0,0,0,0
22761,/lander-1,0,0,0,0,0,0
22761,/products,1,0,0,0,0,0
22761,/the-original-mr-fuzzy,0,1,0,0,0,0
22761,/cart,0,0,1,0,0,0
22762,/lander-1,0,0,0,0,0,0
22762,/products,1,0,0,0,0,0
22762,/the-original-mr-fuzzy,0,1,0,0,0,0
22762,/cart,0,0,1,0,0,0
22763,/lander-1,0,0,0,0,0,0
22763,/products,1,0,0,0,0,0
22763,/the-original-mr-fuzzy,0,1,0,0,0,0
22763,/cart,0,0,1,0,0,0
22763,/shipping,0,0,0,1,0,0
22763,/billing,0,0,0,0,1,0
22764,/lander-1,0,0,0,0,0,0
22765,/lander-1,0,0,0,0,0,0
22765,/products,1,0,0,0,0,0
22765,/the-original-mr-fuzzy,0,1,0,0,0,0
22767,/lander-1,0,0,0,0,0,0
22767,/products,1,0,0,0,0,0
22767,/the-original-mr-fuzzy,0,1,0,0,0,0
22768,/lander-1,0,0,0,0,0,0
22768,/products,1,0,0,0,0,0
22768,/the-original-mr-fuzzy,0,1,0,0,0,0
22768,/cart,0,0,1,0,0,0
22768,/shipping,0,0,0,1,0,0
22770,/lander-1,0,0,0,0,0,0
22771,/lander-1,0,0,0,0,0,0
22771,/products,1,0,0,0,0,0
22771,/the-original-mr-fuzzy,0,1,0,0,0,0
22772,/lander-1,0,0,0,0,0,0
22772,/products,1,0,0,0,0,0
22772,/the-original-mr-fuzzy,0,1,0,0,0,0
22774,/lander-1,0,0,0,0,0,0
22777,/lander-1,0,0,0,0,0,0
22777,/products,1,0,0,0,0,0
22777,/the-original-mr-fuzzy,0,1,0,0,0,0
22778,/lander-1,0,0,0,0,0,0
22779,/lander-1,0,0,0,0,0,0
22780,/lander-1,0,0,0,0,0,0
22780,/products,1,0,0,0,0,0
22780,/the-original-mr-fuzzy,0,1,0,0,0,0
22781,/lander-1,0,0,0,0,0,0
22782,/lander-1,0,0,0,0,0,0
22783,/lander-1,0,0,0,0,0,0
22785,/lander-1,0,0,0,0,0,0
22786,/lander-1,0,0,0,0,0,0
22787,/lander-1,0,0,0,0,0,0
22789,/lander-1,0,0,0,0,0,0
22791,/lander-1,0,0,0,0,0,0
22791,/products,1,0,0,0,0,0
22791,/the-original-mr-fuzzy,0,1,0,0,0,0
22791,/cart,0,0,1,0,0,0
22791,/shipping,0,0,0,1,0,0
22791,/billing,0,0,0,0,1,0
22791,/thank-you-for-your-order,0,0,0,0,0,1
22793,/lander-1,0,0,0,0,0,0
22793,/products,1,0,0,0,0,0
22794,/lander-1,0,0,0,0,0,0
22794,/products,1,0,0,0,0,0
22794,/the-original-mr-fuzzy,0,1,0,0,0,0
22796,/lander-1,0,0,0,0,0,0
22796,/products,1,0,0,0,0,0
22797,/lander-1,0,0,0,0,0,0
22797,/products,1,0,0,0,0,0
22797,/the-original-mr-fuzzy,0,1,0,0,0,0
22798,/lander-1,0,0,0,0,0,0
22798,/products,1,0,0,0,0,0
22798,/the-original-mr-fuzzy,0,1,0,0,0,0
22798,/cart,0,0,1,0,0,0
22798,/shipping,0,0,0,1,0,0
22798,/billing,0,0,0,0,1,0
22798,/thank-you-for-your-order,0,0,0,0,0,1
22799,/lander-1,0,0,0,0,0,0
22799,/products,1,0,0,0,0,0
22800,/lander-1,0,0,0,0,0,0
22802,/lander-1,0,0,0,0,0,0
22803,/lander-1,0,0,0,0,0,0
22803,/products,1,0,0,0,0,0
22803,/the-original-mr-fuzzy,0,1,0,0,0,0
22804,/lander-1,0,0,0,0,0,0
22805,/lander-1,0,0,0,0,0,0
22805,/products,1,0,0,0,0,0
22805,/the-original-mr-fuzzy,0,1,0,0,0,0
22806,/lander-1,0,0,0,0,0,0
22807,/lander-1,0,0,0,0,0,0
22808,/lander-1,0,0,0,0,0,0
22809,/lander-1,0,0,0,0,0,0
22809,/products,1,0,0,0,0,0
22809,/the-original-mr-fuzzy,0,1,0,0,0,0
22810,/lander-1,0,0,0,0,0,0
22811,/lander-1,0,0,0,0,0,0
22812,/lander-1,0,0,0,0,0,0
22813,/lander-1,0,0,0,0,0,0
22814,/lander-1,0,0,0,0,0,0
22814,/products,1,0,0,0,0,0
22814,/the-original-mr-fuzzy,0,1,0,0,0,0
22814,/cart,0,0,1,0,0,0
22814,/shipping,0,0,0,1,0,0
22816,/lander-1,0,0,0,0,0,0
22819,/lander-1,0,0,0,0,0,0
22821,/lander-1,0,0,0,0,0,0
22822,/lander-1,0,0,0,0,0,0
22824,/lander-1,0,0,0,0,0,0
22824,/products,1,0,0,0,0,0
22824,/the-original-mr-fuzzy,0,1,0,0,0,0
22826,/lander-1,0,0,0,0,0,0
22828,/lander-1,0,0,0,0,0,0
22828,/products,1,0,0,0,0,0
22828,/the-original-mr-fuzzy,0,1,0,0,0,0
22828,/cart,0,0,1,0,0,0
22829,/lander-1,0,0,0,0,0,0
22832,/lander-1,0,0,0,0,0,0
22832,/products,1,0,0,0,0,0
22832,/the-original-mr-fuzzy,0,1,0,0,0,0
22832,/cart,0,0,1,0,0,0
22834,/lander-1,0,0,0,0,0,0
22834,/products,1,0,0,0,0,0
22834,/the-original-mr-fuzzy,0,1,0,0,0,0
22834,/cart,0,0,1,0,0,0
22834,/shipping,0,0,0,1,0,0
22834,/billing,0,0,0,0,1,0
22834,/thank-you-for-your-order,0,0,0,0,0,1
22835,/lander-1,0,0,0,0,0,0
22836,/lander-1,0,0,0,0,0,0
22837,/lander-1,0,0,0,0,0,0
22838,/lander-1,0,0,0,0,0,0
22840,/lander-1,0,0,0,0,0,0
22840,/products,1,0,0,0,0,0
22840,/the-original-mr-fuzzy,0,1,0,0,0,0
22840,/cart,0,0,1,0,0,0
22840,/shipping,0,0,0,1,0,0
22845,/lander-1,0,0,0,0,0,0
22845,/products,1,0,0,0,0,0
22846,/lander-1,0,0,0,0,0,0
22847,/lander-1,0,0,0,0,0,0
22847,/products,1,0,0,0,0,0
22848,/lander-1,0,0,0,0,0,0
22848,/products,1,0,0,0,0,0
22848,/the-original-mr-fuzzy,0,1,0,0,0,0
22850,/lander-1,0,0,0,0,0,0
22850,/products,1,0,0,0,0,0
22850,/the-original-mr-fuzzy,0,1,0,0,0,0
22851,/lander-1,0,0,0,0,0,0
22851,/products,1,0,0,0,0,0
22851,/the-original-mr-fuzzy,0,1,0,0,0,0
22853,/lander-1,0,0,0,0,0,0
22853,/products,1,0,0,0,0,0
22853,/the-original-mr-fuzzy,0,1,0,0,0,0
22853,/cart,0,0,1,0,0,0
22853,/shipping,0,0,0,1,0,0
22854,/lander-1,0,0,0,0,0,0
22856,/lander-1,0,0,0,0,0,0
22857,/lander-1,0,0,0,0,0,0
22858,/lander-1,0,0,0,0,0,0
22859,/lander-1,0,0,0,0,0,0
22859,/products,1,0,0,0,0,0
22859,/the-original-mr-fuzzy,0,1,0,0,0,0
22861,/lander-1,0,0,0,0,0,0
22861,/products,1,0,0,0,0,0
22861,/the-original-mr-fuzzy,0,1,0,0,0,0
22862,/lander-1,0,0,0,0,0,0
22862,/products,1,0,0,0,0,0
22862,/the-original-mr-fuzzy,0,1,0,0,0,0
22864,/lander-1,0,0,0,0,0,0
22865,/lander-1,0,0,0,0,0,0
22865,/products,1,0,0,0,0,0
22865,/the-original-mr-fuzzy,0,1,0,0,0,0
22868,/lander-1,0,0,0,0,0,0
22868,/products,1,0,0,0,0,0
22868,/the-original-mr-fuzzy,0,1,0,0,0,0
22868,/cart,0,0,1,0,0,0
22868,/shipping,0,0,0,1,0,0
22868,/billing,0,0,0,0,1,0
22869,/lander-1,0,0,0,0,0,0
22870,/lander-1,0,0,0,0,0,0
22870,/products,1,0,0,0,0,0
22871,/lander-1,0,0,0,0,0,0
22872,/lander-1,0,0,0,0,0,0
22873,/lander-1,0,0,0,0,0,0
22873,/products,1,0,0,0,0,0
22873,/the-original-mr-fuzzy,0,1,0,0,0,0
22875,/lander-1,0,0,0,0,0,0
22875,/products,1,0,0,0,0,0
22875,/the-original-mr-fuzzy,0,1,0,0,0,0
22875,/cart,0,0,1,0,0,0
22875,/shipping,0,0,0,1,0,0
22875,/billing,0,0,0,0,1,0
22875,/thank-you-for-your-order,0,0,0,0,0,1
22876,/lander-1,0,0,0,0,0,0
22876,/products,1,0,0,0,0,0
22876,/the-original-mr-fuzzy,0,1,0,0,0,0
22876,/cart,0,0,1,0,0,0
22877,/lander-1,0,0,0,0,0,0
22877,/products,1,0,0,0,0,0
22879,/lander-1,0,0,0,0,0,0
22879,/products,1,0,0,0,0,0
22879,/the-original-mr-fuzzy,0,1,0,0,0,0
22880,/lander-1,0,0,0,0,0,0
22881,/lander-1,0,0,0,0,0,0
22882,/lander-1,0,0,0,0,0,0
22882,/products,1,0,0,0,0,0
22882,/the-original-mr-fuzzy,0,1,0,0,0,0
22882,/cart,0,0,1,0,0,0
22883,/lander-1,0,0,0,0,0,0
22884,/lander-1,0,0,0,0,0,0
22885,/lander-1,0,0,0,0,0,0
22885,/products,1,0,0,0,0,0
22885,/the-original-mr-fuzzy,0,1,0,0,0,0
22886,/lander-1,0,0,0,0,0,0
22886,/products,1,0,0,0,0,0
22886,/the-original-mr-fuzzy,0,1,0,0,0,0
22890,/lander-1,0,0,0,0,0,0
22890,/products,1,0,0,0,0,0
22890,/the-original-mr-fuzzy,0,1,0,0,0,0
22890,/cart,0,0,1,0,0,0
22890,/shipping,0,0,0,1,0,0
22891,/lander-1,0,0,0,0,0,0
22892,/lander-1,0,0,0,0,0,0
22892,/products,1,0,0,0,0,0
22892,/the-original-mr-fuzzy,0,1,0,0,0,0
22894,/lander-1,0,0,0,0,0,0
22895,/lander-1,0,0,0,0,0,0
22896,/lander-1,0,0,0,0,0,0
22897,/lander-1,0,0,0,0,0,0
22898,/lander-1,0,0,0,0,0,0
22899,/lander-1,0,0,0,0,0,0
22899,/products,1,0,0,0,0,0
22899,/the-original-mr-fuzzy,0,1,0,0,0,0
22899,/cart,0,0,1,0,0,0
22899,/shipping,0,0,0,1,0,0
22899,/billing,0,0,0,0,1,0
22900,/lander-1,0,0,0,0,0,0
22900,/products,1,0,0,0,0,0
22900,/the-original-mr-fuzzy,0,1,0,0,0,0
22901,/lander-1,0,0,0,0,0,0
22901,/products,1,0,0,0,0,0
22901,/the-original-mr-fuzzy,0,1,0,0,0,0
22901,/cart,0,0,1,0,0,0
22901,/shipping,0,0,0,1,0,0
22901,/billing,0,0,0,0,1,0
22902,/lander-1,0,0,0,0,0,0
22906,/lander-1,0,0,0,0,0,0
22908,/lander-1,0,0,0,0,0,0
22908,/products,1,0,0,0,0,0
22908,/the-original-mr-fuzzy,0,1,0,0,0,0
22910,/lander-1,0,0,0,0,0,0
22913,/lander-1,0,0,0,0,0,0
22914,/lander-1,0,0,0,0,0,0
22919,/lander-1,0,0,0,0,0,0
22920,/lander-1,0,0,0,0,0,0
22920,/products,1,0,0,0,0,0
22920,/the-original-mr-fuzzy,0,1,0,0,0,0
22920,/cart,0,0,1,0,0,0
22920,/shipping,0,0,0,1,0,0
22921,/lander-1,0,0,0,0,0,0
22921,/products,1,0,0,0,0,0
22921,/the-original-mr-fuzzy,0,1,0,0,0,0
22921,/cart,0,0,1,0,0,0
22921,/shipping,0,0,0,1,0,0
22921,/billing,0,0,0,0,1,0
22922,/lander-1,0,0,0,0,0,0
22923,/lander-1,0,0,0,0,0,0
22924,/lander-1,0,0,0,0,0,0
22925,/lander-1,0,0,0,0,0,0
22926,/lander-1,0,0,0,0,0,0
22926,/products,1,0,0,0,0,0
22926,/the-original-mr-fuzzy,0,1,0,0,0,0
22926,/cart,0,0,1,0,0,0
22926,/shipping,0,0,0,1,0,0
22926,/billing,0,0,0,0,1,0
22926,/thank-you-for-your-order,0,0,0,0,0,1
22927,/lander-1,0,0,0,0,0,0
22929,/lander-1,0,0,0,0,0,0
22929,/products,1,0,0,0,0,0
22930,/lander-1,0,0,0,0,0,0
22933,/lander-1,0,0,0,0,0,0
22934,/lander-1,0,0,0,0,0,0
22934,/products,1,0,0,0,0,0
22935,/lander-1,0,0,0,0,0,0
22937,/lander-1,0,0,0,0,0,0
22937,/products,1,0,0,0,0,0
22937,/the-original-mr-fuzzy,0,1,0,0,0,0
22938,/lander-1,0,0,0,0,0,0
22938,/products,1,0,0,0,0,0
22939,/lander-1,0,0,0,0,0,0
22940,/lander-1,0,0,0,0,0,0
22941,/lander-1,0,0,0,0,0,0
22942,/lander-1,0,0,0,0,0,0
22942,/products,1,0,0,0,0,0
22942,/the-original-mr-fuzzy,0,1,0,0,0,0
22942,/cart,0,0,1,0,0,0
22942,/shipping,0,0,0,1,0,0
22942,/billing,0,0,0,0,1,0
22942,/thank-you-for-your-order,0,0,0,0,0,1
22943,/lander-1,0,0,0,0,0,0
22946,/lander-1,0,0,0,0,0,0
22947,/lander-1,0,0,0,0,0,0
22948,/lander-1,0,0,0,0,0,0
22949,/lander-1,0,0,0,0,0,0
22949,/products,1,0,0,0,0,0
22949,/the-original-mr-fuzzy,0,1,0,0,0,0
22951,/lander-1,0,0,0,0,0,0
22952,/lander-1,0,0,0,0,0,0
22952,/products,1,0,0,0,0,0
22952,/the-original-mr-fuzzy,0,1,0,0,0,0
22954,/lander-1,0,0,0,0,0,0
22955,/lander-1,0,0,0,0,0,0
22958,/lander-1,0,0,0,0,0,0
22958,/products,1,0,0,0,0,0
22958,/the-original-mr-fuzzy,0,1,0,0,0,0
22960,/lander-1,0,0,0,0,0,0
22961,/lander-1,0,0,0,0,0,0
22963,/lander-1,0,0,0,0,0,0
22963,/products,1,0,0,0,0,0
22963,/the-original-mr-fuzzy,0,1,0,0,0,0
22964,/lander-1,0,0,0,0,0,0
22965,/lander-1,0,0,0,0,0,0
22967,/lander-1,0,0,0,0,0,0
22970,/lander-1,0,0,0,0,0,0
22971,/lander-1,0,0,0,0,0,0
22971,/products,1,0,0,0,0,0
22971,/the-original-mr-fuzzy,0,1,0,0,0,0
22971,/cart,0,0,1,0,0,0
22971,/shipping,0,0,0,1,0,0
22971,/billing,0,0,0,0,1,0
22972,/lander-1,0,0,0,0,0,0
22972,/products,1,0,0,0,0,0
22972,/the-original-mr-fuzzy,0,1,0,0,0,0
22973,/lander-1,0,0,0,0,0,0
22973,/products,1,0,0,0,0,0
22973,/the-original-mr-fuzzy,0,1,0,0,0,0
22974,/lander-1,0,0,0,0,0,0
22974,/products,1,0,0,0,0,0
22974,/the-original-mr-fuzzy,0,1,0,0,0,0
22975,/lander-1,0,0,0,0,0,0
22975,/products,1,0,0,0,0,0
22975,/the-original-mr-fuzzy,0,1,0,0,0,0
22977,/lander-1,0,0,0,0,0,0
22977,/products,1,0,0,0,0,0
22978,/lander-1,0,0,0,0,0,0
22979,/lander-1,0,0,0,0,0,0
22979,/products,1,0,0,0,0,0
22979,/the-original-mr-fuzzy,0,1,0,0,0,0
22980,/lander-1,0,0,0,0,0,0
22983,/lander-1,0,0,0,0,0,0
22983,/products,1,0,0,0,0,0
22983,/the-original-mr-fuzzy,0,1,0,0,0,0
22983,/cart,0,0,1,0,0,0
22983,/shipping,0,0,0,1,0,0
22983,/billing,0,0,0,0,1,0
22984,/lander-1,0,0,0,0,0,0
22984,/products,1,0,0,0,0,0
22985,/lander-1,0,0,0,0,0,0
22986,/lander-1,0,0,0,0,0,0
22986,/products,1,0,0,0,0,0
22989,/lander-1,0,0,0,0,0,0
22990,/lander-1,0,0,0,0,0,0
22990,/products,1,0,0,0,0,0
22991,/lander-1,0,0,0,0,0,0
22993,/lander-1,0,0,0,0,0,0
22993,/products,1,0,0,0,0,0
22994,/lander-1,0,0,0,0,0,0
22995,/lander-1,0,0,0,0,0,0
22996,/lander-1,0,0,0,0,0,0
22998,/lander-1,0,0,0,0,0,0
22999,/lander-1,0,0,0,0,0,0
23000,/lander-1,0,0,0,0,0,0
23000,/products,1,0,0,0,0,0
23000,/the-original-mr-fuzzy,0,1,0,0,0,0
23002,/lander-1,0,0,0,0,0,0
23002,/products,1,0,0,0,0,0
23002,/the-original-mr-fuzzy,0,1,0,0,0,0
23002,/cart,0,0,1,0,0,0
23002,/shipping,0,0,0,1,0,0
23002,/billing,0,0,0,0,1,0
23005,/lander-1,0,0,0,0,0,0
23005,/products,1,0,0,0,0,0
23007,/lander-1,0,0,0,0,0,0
23007,/products,1,0,0,0,0,0
23008,/lander-1,0,0,0,0,0,0
23009,/lander-1,0,0,0,0,0,0
23010,/lander-1,0,0,0,0,0,0
23010,/products,1,0,0,0,0,0
23011,/lander-1,0,0,0,0,0,0
23012,/lander-1,0,0,0,0,0,0
23013,/lander-1,0,0,0,0,0,0
23015,/lander-1,0,0,0,0,0,0
23017,/lander-1,0,0,0,0,0,0
23017,/products,1,0,0,0,0,0
23017,/the-original-mr-fuzzy,0,1,0,0,0,0
23018,/lander-1,0,0,0,0,0,0
23019,/lander-1,0,0,0,0,0,0
23022,/lander-1,0,0,0,0,0,0
23022,/products,1,0,0,0,0,0
23022,/the-original-mr-fuzzy,0,1,0,0,0,0
23022,/cart,0,0,1,0,0,0
23026,/lander-1,0,0,0,0,0,0
23026,/products,1,0,0,0,0,0
23026,/the-original-mr-fuzzy,0,1,0,0,0,0
23026,/cart,0,0,1,0,0,0
23026,/shipping,0,0,0,1,0,0
23026,/billing,0,0,0,0,1,0
23027,/lander-1,0,0,0,0,0,0
23028,/lander-1,0,0,0,0,0,0
23028,/products,1,0,0,0,0,0
23028,/the-original-mr-fuzzy,0,1,0,0,0,0
23029,/lander-1,0,0,0,0,0,0
23029,/products,1,0,0,0,0,0
23029,/the-original-mr-fuzzy,0,1,0,0,0,0
23029,/cart,0,0,1,0,0,0
23029,/shipping,0,0,0,1,0,0
23030,/lander-1,0,0,0,0,0,0
23030,/products,1,0,0,0,0,0
23030,/the-original-mr-fuzzy,0,1,0,0,0,0
23031,/lander-1,0,0,0,0,0,0
23031,/products,1,0,0,0,0,0
23034,/lander-1,0,0,0,0,0,0
23035,/lander-1,0,0,0,0,0,0
23036,/lander-1,0,0,0,0,0,0
23036,/products,1,0,0,0,0,0
23037,/lander-1,0,0,0,0,0,0
23038,/lander-1,0,0,0,0,0,0
23041,/lander-1,0,0,0,0,0,0
23042,/lander-1,0,0,0,0,0,0
23044,/lander-1,0,0,0,0,0,0
23045,/lander-1,0,0,0,0,0,0
23046,/lander-1,0,0,0,0,0,0
23046,/products,1,0,0,0,0,0
23046,/the-original-mr-fuzzy,0,1,0,0,0,0
23048,/lander-1,0,0,0,0,0,0
23048,/products,1,0,0,0,0,0
23048,/the-original-mr-fuzzy,0,1,0,0,0,0
23048,/cart,0,0,1,0,0,0
23049,/lander-1,0,0,0,0,0,0
23051,/lander-1,0,0,0,0,0,0
23051,/products,1,0,0,0,0,0
23051,/the-original-mr-fuzzy,0,1,0,0,0,0
23051,/cart,0,0,1,0,0,0
23051,/shipping,0,0,0,1,0,0
23052,/lander-1,0,0,0,0,0,0
23052,/products,1,0,0,0,0,0
23053,/lander-1,0,0,0,0,0,0
23053,/products,1,0,0,0,0,0
23053,/the-original-mr-fuzzy,0,1,0,0,0,0
23055,/lander-1,0,0,0,0,0,0
23055,/products,1,0,0,0,0,0
23055,/the-original-mr-fuzzy,0,1,0,0,0,0
23055,/cart,0,0,1,0,0,0
23055,/shipping,0,0,0,1,0,0
23055,/billing,0,0,0,0,1,0
23056,/lander-1,0,0,0,0,0,0
23056,/products,1,0,0,0,0,0
23056,/the-original-mr-fuzzy,0,1,0,0,0,0
23058,/lander-1,0,0,0,0,0,0
23058,/products,1,0,0,0,0,0
23058,/the-original-mr-fuzzy,0,1,0,0,0,0
23059,/lander-1,0,0,0,0,0,0
23061,/lander-1,0,0,0,0,0,0
23062,/lander-1,0,0,0,0,0,0
23063,/lander-1,0,0,0,0,0,0
23064,/lander-1,0,0,0,0,0,0
23064,/products,1,0,0,0,0,0
23065,/lander-1,0,0,0,0,0,0
23065,/products,1,0,0,0,0,0
23066,/lander-1,0,0,0,0,0,0
23066,/products,1,0,0,0,0,0
23066,/the-original-mr-fuzzy,0,1,0,0,0,0
23066,/cart,0,0,1,0,0,0
23066,/shipping,0,0,0,1,0,0
23066,/billing,0,0,0,0,1,0
23066,/thank-you-for-your-order,0,0,0,0,0,1
23067,/lander-1,0,0,0,0,0,0
23067,/products,1,0,0,0,0,0
23068,/lander-1,0,0,0,0,0,0
23071,/lander-1,0,0,0,0,0,0
23073,/lander-1,0,0,0,0,0,0
23073,/products,1,0,0,0,0,0
23073,/the-original-mr-fuzzy,0,1,0,0,0,0
23075,/lander-1,0,0,0,0,0,0
23078,/lander-1,0,0,0,0,0,0
23078,/products,1,0,0,0,0,0
23078,/the-original-mr-fuzzy,0,1,0,0,0,0
23079,/lander-1,0,0,0,0,0,0
23081,/lander-1,0,0,0,0,0,0
23082,/lander-1,0,0,0,0,0,0
23083,/lander-1,0,0,0,0,0,0
23084,/lander-1,0,0,0,0,0,0
23085,/lander-1,0,0,0,0,0,0
23085,/products,1,0,0,0,0,0
23086,/lander-1,0,0,0,0,0,0
23087,/lander-1,0,0,0,0,0,0
23089,/lander-1,0,0,0,0,0,0
23091,/lander-1,0,0,0,0,0,0
23091,/products,1,0,0,0,0,0
23091,/the-original-mr-fuzzy,0,1,0,0,0,0
23092,/lander-1,0,0,0,0,0,0
23092,/products,1,0,0,0,0,0
23093,/lander-1,0,0,0,0,0,0
23094,/lander-1,0,0,0,0,0,0
23094,/products,1,0,0,0,0,0
23094,/the-original-mr-fuzzy,0,1,0,0,0,0
23094,/cart,0,0,1,0,0,0
23094,/shipping,0,0,0,1,0,0
23094,/billing,0,0,0,0,1,0
23095,/lander-1,0,0,0,0,0,0
23097,/lander-1,0,0,0,0,0,0
23098,/lander-1,0,0,0,0,0,0
23099,/lander-1,0,0,0,0,0,0
23102,/lander-1,0,0,0,0,0,0
23102,/products,1,0,0,0,0,0
23102,/the-original-mr-fuzzy,0,1,0,0,0,0
23103,/lander-1,0,0,0,0,0,0
23103,/products,1,0,0,0,0,0
23103,/the-original-mr-fuzzy,0,1,0,0,0,0
23103,/cart,0,0,1,0,0,0
23104,/lander-1,0,0,0,0,0,0
23104,/products,1,0,0,0,0,0
23104,/the-original-mr-fuzzy,0,1,0,0,0,0
23104,/cart,0,0,1,0,0,0
23104,/shipping,0,0,0,1,0,0
23104,/billing,0,0,0,0,1,0
23106,/lander-1,0,0,0,0,0,0
23107,/lander-1,0,0,0,0,0,0
23110,/lander-1,0,0,0,0,0,0
23110,/products,1,0,0,0,0,0
23110,/the-original-mr-fuzzy,0,1,0,0,0,0
23113,/lander-1,0,0,0,0,0,0
23114,/lander-1,0,0,0,0,0,0
23115,/lander-1,0,0,0,0,0,0
23116,/lander-1,0,0,0,0,0,0
23117,/lander-1,0,0,0,0,0,0
23119,/lander-1,0,0,0,0,0,0
23120,/lander-1,0,0,0,0,0,0
23121,/lander-1,0,0,0,0,0,0
23122,/lander-1,0,0,0,0,0,0
23123,/lander-1,0,0,0,0,0,0
23125,/lander-1,0,0,0,0,0,0
23125,/products,1,0,0,0,0,0
23128,/lander-1,0,0,0,0,0,0
23128,/products,1,0,0,0,0,0
23129,/lander-1,0,0,0,0,0,0
23130,/lander-1,0,0,0,0,0,0
23130,/products,1,0,0,0,0,0
23130,/the-original-mr-fuzzy,0,1,0,0,0,0
23131,/lander-1,0,0,0,0,0,0
23132,/lander-1,0,0,0,0,0,0
23132,/products,1,0,0,0,0,0
23133,/lander-1,0,0,0,0,0,0
23133,/products,1,0,0,0,0,0
23135,/lander-1,0,0,0,0,0,0
23135,/products,1,0,0,0,0,0
23135,/the-original-mr-fuzzy,0,1,0,0,0,0
23135,/cart,0,0,1,0,0,0
23135,/shipping,0,0,0,1,0,0
23135,/billing,0,0,0,0,1,0
23135,/thank-you-for-your-order,0,0,0,0,0,1
23136,/lander-1,0,0,0,0,0,0
23136,/products,1,0,0,0,0,0
23137,/lander-1,0,0,0,0,0,0
23139,/lander-1,0,0,0,0,0,0
23139,/products,1,0,0,0,0,0
23140,/lander-1,0,0,0,0,0,0
23140,/products,1,0,0,0,0,0
23140,/the-original-mr-fuzzy,0,1,0,0,0,0
23143,/lander-1,0,0,0,0,0,0
23143,/products,1,0,0,0,0,0
23144,/lander-1,0,0,0,0,0,0
23145,/lander-1,0,0,0,0,0,0
23146,/lander-1,0,0,0,0,0,0
23146,/products,1,0,0,0,0,0
23146,/the-original-mr-fuzzy,0,1,0,0,0,0
23146,/cart,0,0,1,0,0,0
23146,/shipping,0,0,0,1,0,0
23146,/billing,0,0,0,0,1,0
23147,/lander-1,0,0,0,0,0,0
23152,/lander-1,0,0,0,0,0,0
23153,/lander-1,0,0,0,0,0,0
23154,/lander-1,0,0,0,0,0,0
23155,/lander-1,0,0,0,0,0,0
23155,/products,1,0,0,0,0,0
23155,/the-original-mr-fuzzy,0,1,0,0,0,0
23156,/lander-1,0,0,0,0,0,0
23157,/lander-1,0,0,0,0,0,0
23157,/products,1,0,0,0,0,0
23157,/the-original-mr-fuzzy,0,1,0,0,0,0
23157,/cart,0,0,1,0,0,0
23159,/lander-1,0,0,0,0,0,0
23160,/lander-1,0,0,0,0,0,0
23160,/products,1,0,0,0,0,0
23160,/the-original-mr-fuzzy,0,1,0,0,0,0
23161,/lander-1,0,0,0,0,0,0
23162,/lander-1,0,0,0,0,0,0
23163,/lander-1,0,0,0,0,0,0
23163,/products,1,0,0,0,0,0
23163,/the-original-mr-fuzzy,0,1,0,0,0,0
23163,/cart,0,0,1,0,0,0
23164,/lander-1,0,0,0,0,0,0
23165,/lander-1,0,0,0,0,0,0
23165,/products,1,0,0,0,0,0
23166,/lander-1,0,0,0,0,0,0
23168,/lander-1,0,0,0,0,0,0
23168,/products,1,0,0,0,0,0
23168,/the-original-mr-fuzzy,0,1,0,0,0,0
23170,/lander-1,0,0,0,0,0,0
23170,/products,1,0,0,0,0,0
23172,/lander-1,0,0,0,0,0,0
23172,/products,1,0,0,0,0,0
23172,/the-original-mr-fuzzy,0,1,0,0,0,0
23172,/cart,0,0,1,0,0,0
23174,/lander-1,0,0,0,0,0,0
23174,/products,1,0,0,0,0,0
23174,/the-original-mr-fuzzy,0,1,0,0,0,0
23176,/lander-1,0,0,0,0,0,0
23179,/lander-1,0,0,0,0,0,0
23179,/products,1,0,0,0,0,0
23179,/the-original-mr-fuzzy,0,1,0,0,0,0
23180,/lander-1,0,0,0,0,0,0
23180,/products,1,0,0,0,0,0
23183,/lander-1,0,0,0,0,0,0
23184,/lander-1,0,0,0,0,0,0
23185,/lander-1,0,0,0,0,0,0
23186,/lander-1,0,0,0,0,0,0
23186,/products,1,0,0,0,0,0
23186,/the-original-mr-fuzzy,0,1,0,0,0,0
23186,/cart,0,0,1,0,0,0
23186,/shipping,0,0,0,1,0,0
23186,/billing,0,0,0,0,1,0
23186,/thank-you-for-your-order,0,0,0,0,0,1
23187,/lander-1,0,0,0,0,0,0
23188,/lander-1,0,0,0,0,0,0
23189,/lander-1,0,0,0,0,0,0
23191,/lander-1,0,0,0,0,0,0
23195,/lander-1,0,0,0,0,0,0
23196,/lander-1,0,0,0,0,0,0
23196,/products,1,0,0,0,0,0
23198,/lander-1,0,0,0,0,0,0
23199,/lander-1,0,0,0,0,0,0
23200,/lander-1,0,0,0,0,0,0
23201,/lander-1,0,0,0,0,0,0
23202,/lander-1,0,0,0,0,0,0
23203,/lander-1,0,0,0,0,0,0
23205,/lander-1,0,0,0,0,0,0
23206,/lander-1,0,0,0,0,0,0
23207,/lander-1,0,0,0,0,0,0
23207,/products,1,0,0,0,0,0
23207,/the-original-mr-fuzzy,0,1,0,0,0,0
23207,/cart,0,0,1,0,0,0
23207,/shipping,0,0,0,1,0,0
23208,/lander-1,0,0,0,0,0,0
23208,/products,1,0,0,0,0,0
23209,/lander-1,0,0,0,0,0,0
23209,/products,1,0,0,0,0,0
23209,/the-original-mr-fuzzy,0,1,0,0,0,0
23210,/lander-1,0,0,0,0,0,0
23211,/lander-1,0,0,0,0,0,0
23211,/products,1,0,0,0,0,0
23211,/the-original-mr-fuzzy,0,1,0,0,0,0
23212,/lander-1,0,0,0,0,0,0
23213,/lander-1,0,0,0,0,0,0
23213,/products,1,0,0,0,0,0
23213,/the-original-mr-fuzzy,0,1,0,0,0,0
23213,/cart,0,0,1,0,0,0
23214,/lander-1,0,0,0,0,0,0
23217,/lander-1,0,0,0,0,0,0
23217,/products,1,0,0,0,0,0
23217,/the-original-mr-fuzzy,0,1,0,0,0,0
23218,/lander-1,0,0,0,0,0,0
23221,/lander-1,0,0,0,0,0,0
23221,/products,1,0,0,0,0,0
23221,/the-original-mr-fuzzy,0,1,0,0,0,0
23224,/lander-1,0,0,0,0,0,0
23226,/lander-1,0,0,0,0,0,0
23227,/lander-1,0,0,0,0,0,0
23227,/products,1,0,0,0,0,0
23227,/the-original-mr-fuzzy,0,1,0,0,0,0
23229,/lander-1,0,0,0,0,0,0
23230,/lander-1,0,0,0,0,0,0
23231,/lander-1,0,0,0,0,0,0
23234,/lander-1,0,0,0,0,0,0
23235,/lander-1,0,0,0,0,0,0
23236,/lander-1,0,0,0,0,0,0
23236,/products,1,0,0,0,0,0
23236,/the-original-mr-fuzzy,0,1,0,0,0,0
23238,/lander-1,0,0,0,0,0,0
23238,/products,1,0,0,0,0,0
23238,/the-original-mr-fuzzy,0,1,0,0,0,0
23238,/cart,0,0,1,0,0,0
23240,/lander-1,0,0,0,0,0,0
23241,/lander-1,0,0,0,0,0,0
23243,/lander-1,0,0,0,0,0,0
23244,/lander-1,0,0,0,0,0,0
23244,/products,1,0,0,0,0,0
23244,/the-original-mr-fuzzy,0,1,0,0,0,0
23245,/lander-1,0,0,0,0,0,0
23247,/lander-1,0,0,0,0,0,0
23250,/lander-1,0,0,0,0,0,0
23256,/lander-1,0,0,0,0,0,0
23256,/products,1,0,0,0,0,0
23256,/the-original-mr-fuzzy,0,1,0,0,0,0
23256,/cart,0,0,1,0,0,0
23256,/shipping,0,0,0,1,0,0
23256,/billing,0,0,0,0,1,0
23256,/thank-you-for-your-order,0,0,0,0,0,1
23257,/lander-1,0,0,0,0,0,0
23257,/products,1,0,0,0,0,0
23257,/the-original-mr-fuzzy,0,1,0,0,0,0
23258,/lander-1,0,0,0,0,0,0
23260,/lander-1,0,0,0,0,0,0
23261,/lander-1,0,0,0,0,0,0
23263,/lander-1,0,0,0,0,0,0
23264,/lander-1,0,0,0,0,0,0
23264,/products,1,0,0,0,0,0
23264,/the-original-mr-fuzzy,0,1,0,0,0,0
23265,/lander-1,0,0,0,0,0,0
23266,/lander-1,0,0,0,0,0,0
23266,/products,1,0,0,0,0,0
23266,/the-original-mr-fuzzy,0,1,0,0,0,0
23269,/lander-1,0,0,0,0,0,0
23269,/products,1,0,0,0,0,0
23269,/the-original-mr-fuzzy,0,1,0,0,0,0
23270,/lander-1,0,0,0,0,0,0
23270,/products,1,0,0,0,0,0
23270,/the-original-mr-fuzzy,0,1,0,0,0,0
23272,/lander-1,0,0,0,0,0,0
23272,/products,1,0,0,0,0,0
23272,/the-original-mr-fuzzy,0,1,0,0,0,0
23276,/lander-1,0,0,0,0,0,0
23276,/products,1,0,0,0,0,0
23276,/the-original-mr-fuzzy,0,1,0,0,0,0
23278,/lander-1,0,0,0,0,0,0
23280,/lander-1,0,0,0,0,0,0
23280,/products,1,0,0,0,0,0
23281,/lander-1,0,0,0,0,0,0
23281,/products,1,0,0,0,0,0
23281,/the-original-mr-fuzzy,0,1,0,0,0,0
23282,/lander-1,0,0,0,0,0,0
23283,/lander-1,0,0,0,0,0,0
23284,/lander-1,0,0,0,0,0,0
23286,/lander-1,0,0,0,0,0,0
23287,/lander-1,0,0,0,0,0,0
23288,/lander-1,0,0,0,0,0,0
23289,/lander-1,0,0,0,0,0,0
23290,/lander-1,0,0,0,0,0,0
23293,/lander-1,0,0,0,0,0,0
23293,/products,1,0,0,0,0,0
23293,/the-original-mr-fuzzy,0,1,0,0,0,0
23294,/lander-1,0,0,0,0,0,0
23295,/lander-1,0,0,0,0,0,0
23297,/lander-1,0,0,0,0,0,0
23300,/lander-1,0,0,0,0,0,0
23301,/lander-1,0,0,0,0,0,0
23301,/products,1,0,0,0,0,0
23301,/the-original-mr-fuzzy,0,1,0,0,0,0
23301,/cart,0,0,1,0,0,0
23302,/lander-1,0,0,0,0,0,0
23302,/products,1,0,0,0,0,0
23302,/the-original-mr-fuzzy,0,1,0,0,0,0
23304,/lander-1,0,0,0,0,0,0
23306,/lander-1,0,0,0,0,0,0
23306,/products,1,0,0,0,0,0
23306,/the-original-mr-fuzzy,0,1,0,0,0,0
23307,/lander-1,0,0,0,0,0,0
23307,/products,1,0,0,0,0,0
23308,/lander-1,0,0,0,0,0,0
23309,/lander-1,0,0,0,0,0,0
23309,/products,1,0,0,0,0,0
23309,/the-original-mr-fuzzy,0,1,0,0,0,0
23309,/cart,0,0,1,0,0,0
23309,/shipping,0,0,0,1,0,0
23309,/billing,0,0,0,0,1,0
23309,/thank-you-for-your-order,0,0,0,0,0,1
23310,/lander-1,0,0,0,0,0,0
23310,/products,1,0,0,0,0,0
23310,/the-original-mr-fuzzy,0,1,0,0,0,0
23311,/lander-1,0,0,0,0,0,0
23311,/products,1,0,0,0,0,0
23314,/lander-1,0,0,0,0,0,0
23314,/products,1,0,0,0,0,0
23315,/lander-1,0,0,0,0,0,0
23315,/products,1,0,0,0,0,0
23315,/the-original-mr-fuzzy,0,1,0,0,0,0
23315,/cart,0,0,1,0,0,0
23316,/lander-1,0,0,0,0,0,0
23316,/products,1,0,0,0,0,0
23316,/the-original-mr-fuzzy,0,1,0,0,0,0
23317,/lander-1,0,0,0,0,0,0
23317,/products,1,0,0,0,0,0
23317,/the-original-mr-fuzzy,0,1,0,0,0,0
23319,/lander-1,0,0,0,0,0,0
23320,/lander-1,0,0,0,0,0,0
23320,/products,1,0,0,0,0,0
23320,/the-original-mr-fuzzy,0,1,0,0,0,0
23320,/cart,0,0,1,0,0,0
23320,/shipping,0,0,0,1,0,0
23320,/billing,0,0,0,0,1,0
23321,/lander-1,0,0,0,0,0,0
23321,/products,1,0,0,0,0,0
23321,/the-original-mr-fuzzy,0,1,0,0,0,0
23322,/lander-1,0,0,0,0,0,0
23322,/products,1,0,0,0,0,0
23323,/lander-1,0,0,0,0,0,0
23323,/products,1,0,0,0,0,0
23323,/the-original-mr-fuzzy,0,1,0,0,0,0
23323,/cart,0,0,1,0,0,0
23323,/shipping,0,0,0,1,0,0
23323,/billing,0,0,0,0,1,0
23323,/thank-you-for-your-order,0,0,0,0,0,1
23328,/lander-1,0,0,0,0,0,0
23329,/lander-1,0,0,0,0,0,0
23330,/lander-1,0,0,0,0,0,0
23331,/lander-1,0,0,0,0,0,0
23332,/lander-1,0,0,0,0,0,0
23332,/products,1,0,0,0,0,0
23332,/the-original-mr-fuzzy,0,1,0,0,0,0
23332,/cart,0,0,1,0,0,0
23332,/shipping,0,0,0,1,0,0
23333,/lander-1,0,0,0,0,0,0
23333,/products,1,0,0,0,0,0
23333,/the-original-mr-fuzzy,0,1,0,0,0,0
23337,/lander-1,0,0,0,0,0,0
23338,/lander-1,0,0,0,0,0,0
23338,/products,1,0,0,0,0,0
23338,/the-original-mr-fuzzy,0,1,0,0,0,0
23339,/lander-1,0,0,0,0,0,0
23339,/products,1,0,0,0,0,0
23339,/the-original-mr-fuzzy,0,1,0,0,0,0
23340,/lander-1,0,0,0,0,0,0
23340,/products,1,0,0,0,0,0
23340,/the-original-mr-fuzzy,0,1,0,0,0,0
23341,/lander-1,0,0,0,0,0,0
23342,/lander-1,0,0,0,0,0,0
23343,/lander-1,0,0,0,0,0,0
23344,/lander-1,0,0,0,0,0,0
23344,/products,1,0,0,0,0,0
23345,/lander-1,0,0,0,0,0,0
23345,/products,1,0,0,0,0,0
23346,/lander-1,0,0,0,0,0,0
23347,/lander-1,0,0,0,0,0,0
23347,/products,1,0,0,0,0,0
23347,/the-original-mr-fuzzy,0,1,0,0,0,0
23347,/cart,0,0,1,0,0,0
23347,/shipping,0,0,0,1,0,0
23347,/billing,0,0,0,0,1,0
23348,/lander-1,0,0,0,0,0,0
23348,/products,1,0,0,0,0,0
23348,/the-original-mr-fuzzy,0,1,0,0,0,0
23348,/cart,0,0,1,0,0,0
23348,/shipping,0,0,0,1,0,0
23348,/billing,0,0,0,0,1,0
23349,/lander-1,0,0,0,0,0,0
23351,/lander-1,0,0,0,0,0,0
23351,/products,1,0,0,0,0,0
23351,/the-original-mr-fuzzy,0,1,0,0,0,0
23351,/cart,0,0,1,0,0,0
23351,/shipping,0,0,0,1,0,0
23351,/billing,0,0,0,0,1,0
23353,/lander-1,0,0,0,0,0,0
23353,/products,1,0,0,0,0,0
23353,/the-original-mr-fuzzy,0,1,0,0,0,0
23353,/cart,0,0,1,0,0,0
23353,/shipping,0,0,0,1,0,0
23353,/billing,0,0,0,0,1,0
23353,/thank-you-for-your-order,0,0,0,0,0,1
23354,/lander-1,0,0,0,0,0,0
23355,/lander-1,0,0,0,0,0,0
23356,/lander-1,0,0,0,0,0,0
23357,/lander-1,0,0,0,0,0,0
23357,/products,1,0,0,0,0,0
23357,/the-original-mr-fuzzy,0,1,0,0,0,0
23357,/cart,0,0,1,0,0,0
23357,/shipping,0,0,0,1,0,0
23357,/billing,0,0,0,0,1,0
23357,/thank-you-for-your-order,0,0,0,0,0,1
23358,/lander-1,0,0,0,0,0,0
23358,/products,1,0,0,0,0,0
23358,/the-original-mr-fuzzy,0,1,0,0,0,0
23358,/cart,0,0,1,0,0,0
23358,/shipping,0,0,0,1,0,0
23358,/billing,0,0,0,0,1,0
23358,/thank-you-for-your-order,0,0,0,0,0,1
23359,/lander-1,0,0,0,0,0,0
23359,/products,1,0,0,0,0,0
23359,/the-original-mr-fuzzy,0,1,0,0,0,0
23359,/cart,0,0,1,0,0,0
23360,/lander-1,0,0,0,0,0,0
23360,/products,1,0,0,0,0,0
23360,/the-original-mr-fuzzy,0,1,0,0,0,0
23360,/cart,0,0,1,0,0,0
23363,/lander-1,0,0,0,0,0,0
23367,/lander-1,0,0,0,0,0,0
23367,/products,1,0,0,0,0,0
23367,/the-original-mr-fuzzy,0,1,0,0,0,0
23368,/lander-1,0,0,0,0,0,0
23368,/products,1,0,0,0,0,0
23368,/the-original-mr-fuzzy,0,1,0,0,0,0
23368,/cart,0,0,1,0,0,0
23368,/shipping,0,0,0,1,0,0
23368,/billing,0,0,0,0,1,0
23368,/thank-you-for-your-order,0,0,0,0,0,1
23369,/lander-1,0,0,0,0,0,0
23370,/lander-1,0,0,0,0,0,0
23372,/lander-1,0,0,0,0,0,0
23373,/lander-1,0,0,0,0,0,0
23373,/products,1,0,0,0,0,0
23373,/the-original-mr-fuzzy,0,1,0,0,0,0
23374,/lander-1,0,0,0,0,0,0
23375,/lander-1,0,0,0,0,0,0
23375,/products,1,0,0,0,0,0
23375,/the-original-mr-fuzzy,0,1,0,0,0,0
23377,/lander-1,0,0,0,0,0,0
23378,/lander-1,0,0,0,0,0,0
23379,/lander-1,0,0,0,0,0,0
23382,/lander-1,0,0,0,0,0,0
23383,/lander-1,0,0,0,0,0,0
23385,/lander-1,0,0,0,0,0,0
23385,/products,1,0,0,0,0,0
23387,/lander-1,0,0,0,0,0,0
23387,/products,1,0,0,0,0,0
23389,/lander-1,0,0,0,0,0,0
23389,/products,1,0,0,0,0,0
23389,/the-original-mr-fuzzy,0,1,0,0,0,0
23392,/lander-1,0,0,0,0,0,0
23392,/products,1,0,0,0,0,0
23393,/lander-1,0,0,0,0,0,0
23394,/lander-1,0,0,0,0,0,0
23394,/products,1,0,0,0,0,0
23394,/the-original-mr-fuzzy,0,1,0,0,0,0
23395,/lander-1,0,0,0,0,0,0
23396,/lander-1,0,0,0,0,0,0
23396,/products,1,0,0,0,0,0
23396,/the-original-mr-fuzzy,0,1,0,0,0,0
23397,/lander-1,0,0,0,0,0,0
23397,/products,1,0,0,0,0,0
23397,/the-original-mr-fuzzy,0,1,0,0,0,0
23397,/cart,0,0,1,0,0,0
23397,/shipping,0,0,0,1,0,0
23397,/billing,0,0,0,0,1,0
23398,/lander-1,0,0,0,0,0,0
23399,/lander-1,0,0,0,0,0,0
23399,/products,1,0,0,0,0,0
23399,/the-original-mr-fuzzy,0,1,0,0,0,0
23399,/cart,0,0,1,0,0,0
23399,/shipping,0,0,0,1,0,0
23399,/billing,0,0,0,0,1,0
23399,/thank-you-for-your-order,0,0,0,0,0,1
23401,/lander-1,0,0,0,0,0,0
23402,/lander-1,0,0,0,0,0,0
23402,/products,1,0,0,0,0,0
23402,/the-original-mr-fuzzy,0,1,0,0,0,0
23403,/lander-1,0,0,0,0,0,0
23405,/lander-1,0,0,0,0,0,0
23410,/lander-1,0,0,0,0,0,0
23410,/products,1,0,0,0,0,0
23410,/the-original-mr-fuzzy,0,1,0,0,0,0
23411,/lander-1,0,0,0,0,0,0
23412,/lander-1,0,0,0,0,0,0
23412,/products,1,0,0,0,0,0
23413,/lander-1,0,0,0,0,0,0
23413,/products,1,0,0,0,0,0
23413,/the-original-mr-fuzzy,0,1,0,0,0,0
23413,/cart,0,0,1,0,0,0
23414,/lander-1,0,0,0,0,0,0
23415,/lander-1,0,0,0,0,0,0
23415,/products,1,0,0,0,0,0
23416,/lander-1,0,0,0,0,0,0
23416,/products,1,0,0,0,0,0
23416,/the-original-mr-fuzzy,0,1,0,0,0,0
23417,/lander-1,0,0,0,0,0,0
23418,/lander-1,0,0,0,0,0,0
23418,/products,1,0,0,0,0,0
23418,/the-original-mr-fuzzy,0,1,0,0,0,0
23419,/lander-1,0,0,0,0,0,0
23419,/products,1,0,0,0,0,0
23419,/the-original-mr-fuzzy,0,1,0,0,0,0
23419,/cart,0,0,1,0,0,0
23419,/shipping,0,0,0,1,0,0
23419,/billing,0,0,0,0,1,0
23420,/lander-1,0,0,0,0,0,0
23420,/products,1,0,0,0,0,0
23420,/the-original-mr-fuzzy,0,1,0,0,0,0
23420,/cart,0,0,1,0,0,0
23422,/lander-1,0,0,0,0,0,0
23422,/products,1,0,0,0,0,0
23422,/the-original-mr-fuzzy,0,1,0,0,0,0
23422,/cart,0,0,1,0,0,0
23424,/lander-1,0,0,0,0,0,0
23425,/lander-1,0,0,0,0,0,0
23425,/products,1,0,0,0,0,0
23426,/lander-1,0,0,0,0,0,0
23426,/products,1,0,0,0,0,0
23427,/lander-1,0,0,0,0,0,0
23429,/lander-1,0,0,0,0,0,0
23429,/products,1,0,0,0,0,0
23429,/the-original-mr-fuzzy,0,1,0,0,0,0
23429,/cart,0,0,1,0,0,0
23430,/lander-1,0,0,0,0,0,0
23431,/lander-1,0,0,0,0,0,0
23431,/products,1,0,0,0,0,0
23431,/the-original-mr-fuzzy,0,1,0,0,0,0
23431,/cart,0,0,1,0,0,0
23434,/lander-1,0,0,0,0,0,0
23435,/lander-1,0,0,0,0,0,0
23436,/lander-1,0,0,0,0,0,0
23438,/lander-1,0,0,0,0,0,0
23438,/products,1,0,0,0,0,0
23438,/the-original-mr-fuzzy,0,1,0,0,0,0
23441,/lander-1,0,0,0,0,0,0
23443,/lander-1,0,0,0,0,0,0
23444,/lander-1,0,0,0,0,0,0
23444,/products,1,0,0,0,0,0
23445,/lander-1,0,0,0,0,0,0
23445,/products,1,0,0,0,0,0
23446,/lander-1,0,0,0,0,0,0
23448,/lander-1,0,0,0,0,0,0
23448,/products,1,0,0,0,0,0
23448,/the-original-mr-fuzzy,0,1,0,0,0,0
23449,/lander-1,0,0,0,0,0,0
23449,/products,1,0,0,0,0,0
23449,/the-original-mr-fuzzy,0,1,0,0,0,0
23450,/lander-1,0,0,0,0,0,0
23452,/lander-1,0,0,0,0,0,0
23453,/lander-1,0,0,0,0,0,0
23456,/lander-1,0,0,0,0,0,0
23457,/lander-1,0,0,0,0,0,0
23457,/products,1,0,0,0,0,0
23457,/the-original-mr-fuzzy,0,1,0,0,0,0
23457,/cart,0,0,1,0,0,0
23457,/shipping,0,0,0,1,0,0
23457,/billing,0,0,0,0,1,0
23461,/lander-1,0,0,0,0,0,0
23462,/lander-1,0,0,0,0,0,0
23462,/products,1,0,0,0,0,0
23462,/the-original-mr-fuzzy,0,1,0,0,0,0
23463,/lander-1,0,0,0,0,0,0
23463,/products,1,0,0,0,0,0
23463,/the-original-mr-fuzzy,0,1,0,0,0,0
23463,/cart,0,0,1,0,0,0
23465,/lander-1,0,0,0,0,0,0
23466,/lander-1,0,0,0,0,0,0
23468,/lander-1,0,0,0,0,0,0
23469,/lander-1,0,0,0,0,0,0
23469,/products,1,0,0,0,0,0
23469,/the-original-mr-fuzzy,0,1,0,0,0,0
23470,/lander-1,0,0,0,0,0,0
23470,/products,1,0,0,0,0,0
23470,/the-original-mr-fuzzy,0,1,0,0,0,0
23471,/lander-1,0,0,0,0,0,0
23473,/lander-1,0,0,0,0,0,0
23474,/lander-1,0,0,0,0,0,0
23475,/lander-1,0,0,0,0,0,0
23475,/products,1,0,0,0,0,0
23475,/the-original-mr-fuzzy,0,1,0,0,0,0
23475,/cart,0,0,1,0,0,0
23475,/shipping,0,0,0,1,0,0
23475,/billing,0,0,0,0,1,0
23479,/lander-1,0,0,0,0,0,0
23479,/products,1,0,0,0,0,0
23479,/the-original-mr-fuzzy,0,1,0,0,0,0
23480,/lander-1,0,0,0,0,0,0
23480,/products,1,0,0,0,0,0
23482,/lander-1,0,0,0,0,0,0
23482,/products,1,0,0,0,0,0
23482,/the-original-mr-fuzzy,0,1,0,0,0,0
23482,/cart,0,0,1,0,0,0
23486,/lander-1,0,0,0,0,0,0
23486,/products,1,0,0,0,0,0
23486,/the-original-mr-fuzzy,0,1,0,0,0,0
23487,/lander-1,0,0,0,0,0,0
23488,/lander-1,0,0,0,0,0,0
23488,/products,1,0,0,0,0,0
23488,/the-original-mr-fuzzy,0,1,0,0,0,0
23489,/lander-1,0,0,0,0,0,0
23492,/lander-1,0,0,0,0,0,0
23494,/lander-1,0,0,0,0,0,0
23495,/lander-1,0,0,0,0,0,0
23496,/lander-1,0,0,0,0,0,0
23498,/lander-1,0,0,0,0,0,0
23498,/products,1,0,0,0,0,0
23498,/the-original-mr-fuzzy,0,1,0,0,0,0
23499,/lander-1,0,0,0,0,0,0
23500,/lander-1,0,0,0,0,0,0
23501,/lander-1,0,0,0,0,0,0
23502,/lander-1,0,0,0,0,0,0
23502,/products,1,0,0,0,0,0
23502,/the-original-mr-fuzzy,0,1,0,0,0,0
23503,/lander-1,0,0,0,0,0,0
23506,/lander-1,0,0,0,0,0,0
23506,/products,1,0,0,0,0,0
23506,/the-original-mr-fuzzy,0,1,0,0,0,0
23507,/lander-1,0,0,0,0,0,0
23508,/lander-1,0,0,0,0,0,0
23509,/lander-1,0,0,0,0,0,0
23509,/products,1,0,0,0,0,0
23509,/the-original-mr-fuzzy,0,1,0,0,0,0
23509,/cart,0,0,1,0,0,0
23509,/shipping,0,0,0,1,0,0
23513,/lander-1,0,0,0,0,0,0
23516,/lander-1,0,0,0,0,0,0
23517,/lander-1,0,0,0,0,0,0
23518,/lander-1,0,0,0,0,0,0
23519,/lander-1,0,0,0,0,0,0
23520,/lander-1,0,0,0,0,0,0
23521,/lander-1,0,0,0,0,0,0
23522,/lander-1,0,0,0,0,0,0
23522,/products,1,0,0,0,0,0
23523,/lander-1,0,0,0,0,0,0
23524,/lander-1,0,0,0,0,0,0
23525,/lander-1,0,0,0,0,0,0
23527,/lander-1,0,0,0,0,0,0
23528,/lander-1,0,0,0,0,0,0
23530,/lander-1,0,0,0,0,0,0
23531,/lander-1,0,0,0,0,0,0
23531,/products,1,0,0,0,0,0
23531,/the-original-mr-fuzzy,0,1,0,0,0,0
23532,/lander-1,0,0,0,0,0,0
23532,/products,1,0,0,0,0,0
23532,/the-original-mr-fuzzy,0,1,0,0,0,0
23533,/lander-1,0,0,0,0,0,0
23533,/products,1,0,0,0,0,0
23533,/the-original-mr-fuzzy,0,1,0,0,0,0
23535,/lander-1,0,0,0,0,0,0
23536,/lander-1,0,0,0,0,0,0
23537,/lander-1,0,0,0,0,0,0
23537,/products,1,0,0,0,0,0
23537,/the-original-mr-fuzzy,0,1,0,0,0,0
23537,/cart,0,0,1,0,0,0
23537,/shipping,0,0,0,1,0,0
23537,/billing,0,0,0,0,1,0
23538,/lander-1,0,0,0,0,0,0
23539,/lander-1,0,0,0,0,0,0
23542,/lander-1,0,0,0,0,0,0
23542,/products,1,0,0,0,0,0
23543,/lander-1,0,0,0,0,0,0
23543,/products,1,0,0,0,0,0
23543,/the-original-mr-fuzzy,0,1,0,0,0,0
23544,/lander-1,0,0,0,0,0,0
23544,/products,1,0,0,0,0,0
23544,/the-original-mr-fuzzy,0,1,0,0,0,0
23545,/lander-1,0,0,0,0,0,0
23546,/lander-1,0,0,0,0,0,0
23547,/lander-1,0,0,0,0,0,0
23547,/products,1,0,0,0,0,0
23547,/the-original-mr-fuzzy,0,1,0,0,0,0
23548,/lander-1,0,0,0,0,0,0
23549,/lander-1,0,0,0,0,0,0
23551,/lander-1,0,0,0,0,0,0
23551,/products,1,0,0,0,0,0
23551,/the-original-mr-fuzzy,0,1,0,0,0,0
23552,/lander-1,0,0,0,0,0,0
23556,/lander-1,0,0,0,0,0,0
23557,/lander-1,0,0,0,0,0,0
23557,/products,1,0,0,0,0,0
23557,/the-original-mr-fuzzy,0,1,0,0,0,0
23557,/cart,0,0,1,0,0,0
23557,/shipping,0,0,0,1,0,0
23557,/billing,0,0,0,0,1,0
23559,/lander-1,0,0,0,0,0,0
23559,/products,1,0,0,0,0,0
23561,/lander-1,0,0,0,0,0,0
23561,/products,1,0,0,0,0,0
23561,/the-original-mr-fuzzy,0,1,0,0,0,0
23564,/lander-1,0,0,0,0,0,0
23564,/products,1,0,0,0,0,0
23566,/lander-1,0,0,0,0,0,0
23567,/lander-1,0,0,0,0,0,0
23567,/products,1,0,0,0,0,0
23567,/the-original-mr-fuzzy,0,1,0,0,0,0
23567,/cart,0,0,1,0,0,0
23567,/shipping,0,0,0,1,0,0
23568,/lander-1,0,0,0,0,0,0
23568,/products,1,0,0,0,0,0
23569,/lander-1,0,0,0,0,0,0
23571,/lander-1,0,0,0,0,0,0
23573,/lander-1,0,0,0,0,0,0
23574,/lander-1,0,0,0,0,0,0
23574,/products,1,0,0,0,0,0
23575,/lander-1,0,0,0,0,0,0
23575,/products,1,0,0,0,0,0
23575,/the-original-mr-fuzzy,0,1,0,0,0,0
23576,/lander-1,0,0,0,0,0,0
23577,/lander-1,0,0,0,0,0,0
23577,/products,1,0,0,0,0,0
23578,/lander-1,0,0,0,0,0,0
23578,/products,1,0,0,0,0,0
23579,/lander-1,0,0,0,0,0,0
23579,/products,1,0,0,0,0,0
23579,/the-original-mr-fuzzy,0,1,0,0,0,0
23580,/lander-1,0,0,0,0,0,0
23582,/lander-1,0,0,0,0,0,0
23582,/products,1,0,0,0,0,0
23583,/lander-1,0,0,0,0,0,0
23583,/products,1,0,0,0,0,0
23583,/the-original-mr-fuzzy,0,1,0,0,0,0
23584,/lander-1,0,0,0,0,0,0
23584,/products,1,0,0,0,0,0
23584,/the-original-mr-fuzzy,0,1,0,0,0,0
23585,/lander-1,0,0,0,0,0,0
23588,/lander-1,0,0,0,0,0,0
23589,/lander-1,0,0,0,0,0,0
23590,/lander-1,0,0,0,0,0,0
23590,/products,1,0,0,0,0,0
23590,/the-original-mr-fuzzy,0,1,0,0,0,0
23590,/cart,0,0,1,0,0,0
23590,/shipping,0,0,0,1,0,0
23591,/lander-1,0,0,0,0,0,0
23592,/lander-1,0,0,0,0,0,0
23593,/lander-1,0,0,0,0,0,0
23595,/lander-1,0,0,0,0,0,0
23595,/products,1,0,0,0,0,0
23595,/the-original-mr-fuzzy,0,1,0,0,0,0
23597,/lander-1,0,0,0,0,0,0
23598,/lander-1,0,0,0,0,0,0
23599,/lander-1,0,0,0,0,0,0
23599,/products,1,0,0,0,0,0
23599,/the-original-mr-fuzzy,0,1,0,0,0,0
23602,/lander-1,0,0,0,0,0,0
23606,/lander-1,0,0,0,0,0,0
23608,/lander-1,0,0,0,0,0,0
23609,/lander-1,0,0,0,0,0,0
23609,/products,1,0,0,0,0,0
23610,/lander-1,0,0,0,0,0,0
23611,/lander-1,0,0,0,0,0,0
23612,/lander-1,0,0,0,0,0,0
23616,/lander-1,0,0,0,0,0,0
23616,/products,1,0,0,0,0,0
23616,/the-original-mr-fuzzy,0,1,0,0,0,0
23616,/cart,0,0,1,0,0,0
23616,/shipping,0,0,0,1,0,0
23616,/billing,0,0,0,0,1,0
23617,/lander-1,0,0,0,0,0,0
23618,/lander-1,0,0,0,0,0,0
23618,/products,1,0,0,0,0,0
23621,/lander-1,0,0,0,0,0,0
23622,/lander-1,0,0,0,0,0,0
23623,/lander-1,0,0,0,0,0,0
23625,/lander-1,0,0,0,0,0,0
23625,/products,1,0,0,0,0,0
23625,/the-original-mr-fuzzy,0,1,0,0,0,0
23625,/cart,0,0,1,0,0,0
23626,/lander-1,0,0,0,0,0,0
23628,/lander-1,0,0,0,0,0,0
23628,/products,1,0,0,0,0,0
23628,/the-original-mr-fuzzy,0,1,0,0,0,0
23631,/lander-1,0,0,0,0,0,0
23635,/lander-1,0,0,0,0,0,0
23635,/products,1,0,0,0,0,0
23635,/the-original-mr-fuzzy,0,1,0,0,0,0
23635,/cart,0,0,1,0,0,0
23635,/shipping,0,0,0,1,0,0
23637,/lander-1,0,0,0,0,0,0
23637,/products,1,0,0,0,0,0
23639,/lander-1,0,0,0,0,0,0
23639,/products,1,0,0,0,0,0
23639,/the-original-mr-fuzzy,0,1,0,0,0,0
23640,/lander-1,0,0,0,0,0,0
23642,/lander-1,0,0,0,0,0,0
23642,/products,1,0,0,0,0,0
23642,/the-original-mr-fuzzy,0,1,0,0,0,0
23643,/lander-1,0,0,0,0,0,0
23644,/lander-1,0,0,0,0,0,0
23644,/products,1,0,0,0,0,0
23645,/lander-1,0,0,0,0,0,0
23646,/lander-1,0,0,0,0,0,0
23646,/products,1,0,0,0,0,0
23646,/the-original-mr-fuzzy,0,1,0,0,0,0
23646,/cart,0,0,1,0,0,0
23646,/shipping,0,0,0,1,0,0
23648,/lander-1,0,0,0,0,0,0
23648,/products,1,0,0,0,0,0
23648,/the-original-mr-fuzzy,0,1,0,0,0,0
23648,/cart,0,0,1,0,0,0
23648,/shipping,0,0,0,1,0,0
23648,/billing,0,0,0,0,1,0
23648,/thank-you-for-your-order,0,0,0,0,0,1
23650,/lander-1,0,0,0,0,0,0
23650,/products,1,0,0,0,0,0
23650,/the-original-mr-fuzzy,0,1,0,0,0,0
23651,/lander-1,0,0,0,0,0,0
23651,/products,1,0,0,0,0,0
23651,/the-original-mr-fuzzy,0,1,0,0,0,0
23652,/lander-1,0,0,0,0,0,0
23652,/products,1,0,0,0,0,0
23652,/the-original-mr-fuzzy,0,1,0,0,0,0
23652,/cart,0,0,1,0,0,0
23652,/shipping,0,0,0,1,0,0
23652,/billing,0,0,0,0,1,0
23654,/lander-1,0,0,0,0,0,0
23655,/lander-1,0,0,0,0,0,0
23656,/lander-1,0,0,0,0,0,0
23659,/lander-1,0,0,0,0,0,0
23660,/lander-1,0,0,0,0,0,0
23661,/lander-1,0,0,0,0,0,0
23661,/products,1,0,0,0,0,0
23663,/lander-1,0,0,0,0,0,0
23666,/lander-1,0,0,0,0,0,0
23669,/lander-1,0,0,0,0,0,0
23670,/lander-1,0,0,0,0,0,0
23670,/products,1,0,0,0,0,0
23671,/lander-1,0,0,0,0,0,0
23672,/lander-1,0,0,0,0,0,0
23672,/products,1,0,0,0,0,0
23672,/the-original-mr-fuzzy,0,1,0,0,0,0
23674,/lander-1,0,0,0,0,0,0
23674,/products,1,0,0,0,0,0
23674,/the-original-mr-fuzzy,0,1,0,0,0,0
23675,/lander-1,0,0,0,0,0,0
23676,/lander-1,0,0,0,0,0,0
23676,/products,1,0,0,0,0,0
23676,/the-original-mr-fuzzy,0,1,0,0,0,0
23678,/lander-1,0,0,0,0,0,0
23679,/lander-1,0,0,0,0,0,0
23680,/lander-1,0,0,0,0,0,0
23681,/lander-1,0,0,0,0,0,0
23683,/lander-1,0,0,0,0,0,0
23684,/lander-1,0,0,0,0,0,0
23684,/products,1,0,0,0,0,0
23690,/lander-1,0,0,0,0,0,0
23690,/products,1,0,0,0,0,0
23691,/lander-1,0,0,0,0,0,0
23692,/lander-1,0,0,0,0,0,0
23694,/lander-1,0,0,0,0,0,0
23695,/lander-1,0,0,0,0,0,0
23696,/lander-1,0,0,0,0,0,0
23697,/lander-1,0,0,0,0,0,0
23697,/products,1,0,0,0,0,0
23699,/lander-1,0,0,0,0,0,0
23699,/products,1,0,0,0,0,0
23700,/lander-1,0,0,0,0,0,0
23703,/lander-1,0,0,0,0,0,0
23704,/lander-1,0,0,0,0,0,0
23708,/lander-1,0,0,0,0,0,0
23709,/lander-1,0,0,0,0,0,0
23711,/lander-1,0,0,0,0,0,0
23712,/lander-1,0,0,0,0,0,0
23712,/products,1,0,0,0,0,0
23712,/the-original-mr-fuzzy,0,1,0,0,0,0
23712,/cart,0,0,1,0,0,0
23712,/shipping,0,0,0,1,0,0
23712,/billing,0,0,0,0,1,0
23712,/thank-you-for-your-order,0,0,0,0,0,1
23714,/lander-1,0,0,0,0,0,0
23717,/lander-1,0,0,0,0,0,0
23717,/products,1,0,0,0,0,0
23717,/the-original-mr-fuzzy,0,1,0,0,0,0
23718,/lander-1,0,0,0,0,0,0
23720,/lander-1,0,0,0,0,0,0
23720,/products,1,0,0,0,0,0
23722,/lander-1,0,0,0,0,0,0
23724,/lander-1,0,0,0,0,0,0
23725,/lander-1,0,0,0,0,0,0
23727,/lander-1,0,0,0,0,0,0
23729,/lander-1,0,0,0,0,0,0
23730,/lander-1,0,0,0,0,0,0
23730,/products,1,0,0,0,0,0
23730,/the-original-mr-fuzzy,0,1,0,0,0,0
23731,/lander-1,0,0,0,0,0,0
23734,/lander-1,0,0,0,0,0,0
23735,/lander-1,0,0,0,0,0,0
23735,/products,1,0,0,0,0,0
23740,/lander-1,0,0,0,0,0,0
23740,/products,1,0,0,0,0,0
23740,/the-original-mr-fuzzy,0,1,0,0,0,0
23741,/lander-1,0,0,0,0,0,0
23741,/products,1,0,0,0,0,0
23742,/lander-1,0,0,0,0,0,0
23742,/products,1,0,0,0,0,0
23742,/the-original-mr-fuzzy,0,1,0,0,0,0
23742,/cart,0,0,1,0,0,0
23742,/shipping,0,0,0,1,0,0
23742,/billing,0,0,0,0,1,0
23743,/lander-1,0,0,0,0,0,0
23743,/products,1,0,0,0,0,0
23743,/the-original-mr-fuzzy,0,1,0,0,0,0
23743,/cart,0,0,1,0,0,0
23744,/lander-1,0,0,0,0,0,0
23745,/lander-1,0,0,0,0,0,0
23747,/lander-1,0,0,0,0,0,0
23748,/lander-1,0,0,0,0,0,0
23748,/products,1,0,0,0,0,0
23748,/the-original-mr-fuzzy,0,1,0,0,0,0
23748,/cart,0,0,1,0,0,0
23749,/lander-1,0,0,0,0,0,0
23750,/lander-1,0,0,0,0,0,0
23751,/lander-1,0,0,0,0,0,0
23751,/products,1,0,0,0,0,0
23752,/lander-1,0,0,0,0,0,0
23752,/products,1,0,0,0,0,0
23753,/lander-1,0,0,0,0,0,0
23753,/products,1,0,0,0,0,0
23753,/the-original-mr-fuzzy,0,1,0,0,0,0
23755,/lander-1,0,0,0,0,0,0
23755,/products,1,0,0,0,0,0
23755,/the-original-mr-fuzzy,0,1,0,0,0,0
23755,/cart,0,0,1,0,0,0
23755,/shipping,0,0,0,1,0,0
23756,/lander-1,0,0,0,0,0,0
23757,/lander-1,0,0,0,0,0,0
23758,/lander-1,0,0,0,0,0,0
23758,/products,1,0,0,0,0,0
23759,/lander-1,0,0,0,0,0,0
23760,/lander-1,0,0,0,0,0,0
23760,/products,1,0,0,0,0,0
23760,/the-original-mr-fuzzy,0,1,0,0,0,0
23761,/lander-1,0,0,0,0,0,0
23763,/lander-1,0,0,0,0,0,0
23763,/products,1,0,0,0,0,0
23763,/the-original-mr-fuzzy,0,1,0,0,0,0
23763,/cart,0,0,1,0,0,0
23763,/shipping,0,0,0,1,0,0
23763,/billing,0,0,0,0,1,0
23763,/thank-you-for-your-order,0,0,0,0,0,1
23764,/lander-1,0,0,0,0,0,0
23765,/lander-1,0,0,0,0,0,0
23766,/lander-1,0,0,0,0,0,0
23768,/lander-1,0,0,0,0,0,0
23768,/products,1,0,0,0,0,0
23768,/the-original-mr-fuzzy,0,1,0,0,0,0
23768,/cart,0,0,1,0,0,0
23768,/shipping,0,0,0,1,0,0
23768,/billing,0,0,0,0,1,0
23769,/lander-1,0,0,0,0,0,0
23770,/lander-1,0,0,0,0,0,0
23770,/products,1,0,0,0,0,0
23770,/the-original-mr-fuzzy,0,1,0,0,0,0
23771,/lander-1,0,0,0,0,0,0
23772,/lander-1,0,0,0,0,0,0
23772,/products,1,0,0,0,0,0
23772,/the-original-mr-fuzzy,0,1,0,0,0,0
23772,/cart,0,0,1,0,0,0
23772,/shipping,0,0,0,1,0,0
23774,/lander-1,0,0,0,0,0,0
23775,/lander-1,0,0,0,0,0,0
23777,/lander-1,0,0,0,0,0,0
23777,/products,1,0,0,0,0,0
23777,/the-original-mr-fuzzy,0,1,0,0,0,0
23777,/cart,0,0,1,0,0,0
23777,/shipping,0,0,0,1,0,0
23777,/billing,0,0,0,0,1,0
23778,/lander-1,0,0,0,0,0,0
23778,/products,1,0,0,0,0,0
23778,/the-original-mr-fuzzy,0,1,0,0,0,0
23778,/cart,0,0,1,0,0,0
23779,/lander-1,0,0,0,0,0,0
23779,/products,1,0,0,0,0,0
23779,/the-original-mr-fuzzy,0,1,0,0,0,0
23780,/lander-1,0,0,0,0,0,0
23782,/lander-1,0,0,0,0,0,0
23784,/lander-1,0,0,0,0,0,0
23784,/products,1,0,0,0,0,0
23784,/the-original-mr-fuzzy,0,1,0,0,0,0
23784,/cart,0,0,1,0,0,0
23785,/lander-1,0,0,0,0,0,0
23786,/lander-1,0,0,0,0,0,0
23788,/lander-1,0,0,0,0,0,0
23789,/lander-1,0,0,0,0,0,0
23789,/products,1,0,0,0,0,0
23789,/the-original-mr-fuzzy,0,1,0,0,0,0
23790,/lander-1,0,0,0,0,0,0
23792,/lander-1,0,0,0,0,0,0
23793,/lander-1,0,0,0,0,0,0
23795,/lander-1,0,0,0,0,0,0
23795,/products,1,0,0,0,0,0
23795,/the-original-mr-fuzzy,0,1,0,0,0,0
23796,/lander-1,0,0,0,0,0,0
23796,/products,1,0,0,0,0,0
23797,/lander-1,0,0,0,0,0,0
23797,/products,1,0,0,0,0,0
23799,/lander-1,0,0,0,0,0,0
23800,/lander-1,0,0,0,0,0,0
23801,/lander-1,0,0,0,0,0,0
23803,/lander-1,0,0,0,0,0,0
23803,/products,1,0,0,0,0,0
23803,/the-original-mr-fuzzy,0,1,0,0,0,0
23804,/lander-1,0,0,0,0,0,0
23805,/lander-1,0,0,0,0,0,0
23807,/lander-1,0,0,0,0,0,0
23807,/products,1,0,0,0,0,0
23808,/lander-1,0,0,0,0,0,0
23809,/lander-1,0,0,0,0,0,0
23811,/lander-1,0,0,0,0,0,0
23812,/lander-1,0,0,0,0,0,0
23816,/lander-1,0,0,0,0,0,0
23816,/products,1,0,0,0,0,0
23816,/the-original-mr-fuzzy,0,1,0,0,0,0
23816,/cart,0,0,1,0,0,0
23817,/lander-1,0,0,0,0,0,0
23817,/products,1,0,0,0,0,0
23817,/the-original-mr-fuzzy,0,1,0,0,0,0
23819,/lander-1,0,0,0,0,0,0
23819,/products,1,0,0,0,0,0
23820,/lander-1,0,0,0,0,0,0
23820,/products,1,0,0,0,0,0
23820,/the-original-mr-fuzzy,0,1,0,0,0,0
23821,/lander-1,0,0,0,0,0,0
23821,/products,1,0,0,0,0,0
23821,/the-original-mr-fuzzy,0,1,0,0,0,0
23821,/cart,0,0,1,0,0,0
23821,/shipping,0,0,0,1,0,0
23821,/billing,0,0,0,0,1,0
23822,/lander-1,0,0,0,0,0,0
23823,/lander-1,0,0,0,0,0,0
23824,/lander-1,0,0,0,0,0,0
23828,/lander-1,0,0,0,0,0,0
23829,/lander-1,0,0,0,0,0,0
23831,/lander-1,0,0,0,0,0,0
23831,/products,1,0,0,0,0,0
23832,/lander-1,0,0,0,0,0,0
23832,/products,1,0,0,0,0,0
23832,/the-original-mr-fuzzy,0,1,0,0,0,0
23832,/cart,0,0,1,0,0,0
23833,/lander-1,0,0,0,0,0,0
23834,/lander-1,0,0,0,0,0,0
23836,/lander-1,0,0,0,0,0,0
23837,/lander-1,0,0,0,0,0,0
23839,/lander-1,0,0,0,0,0,0
23840,/lander-1,0,0,0,0,0,0
23841,/lander-1,0,0,0,0,0,0
23841,/products,1,0,0,0,0,0
23841,/the-original-mr-fuzzy,0,1,0,0,0,0
23841,/cart,0,0,1,0,0,0
23842,/lander-1,0,0,0,0,0,0
23842,/products,1,0,0,0,0,0
23846,/lander-1,0,0,0,0,0,0
23846,/products,1,0,0,0,0,0
23846,/the-original-mr-fuzzy,0,1,0,0,0,0
23846,/cart,0,0,1,0,0,0
23846,/shipping,0,0,0,1,0,0
23846,/billing,0,0,0,0,1,0
23847,/lander-1,0,0,0,0,0,0
23849,/lander-1,0,0,0,0,0,0
23850,/lander-1,0,0,0,0,0,0
23850,/products,1,0,0,0,0,0
23850,/the-original-mr-fuzzy,0,1,0,0,0,0
23850,/cart,0,0,1,0,0,0
23851,/lander-1,0,0,0,0,0,0
23851,/products,1,0,0,0,0,0
23851,/the-original-mr-fuzzy,0,1,0,0,0,0
23852,/lander-1,0,0,0,0,0,0
23853,/lander-1,0,0,0,0,0,0
23854,/lander-1,0,0,0,0,0,0
23854,/products,1,0,0,0,0,0
23854,/the-original-mr-fuzzy,0,1,0,0,0,0
23855,/lander-1,0,0,0,0,0,0
23856,/lander-1,0,0,0,0,0,0
23856,/products,1,0,0,0,0,0
23857,/lander-1,0,0,0,0,0,0
23857,/products,1,0,0,0,0,0
23857,/the-original-mr-fuzzy,0,1,0,0,0,0
23857,/cart,0,0,1,0,0,0
23857,/shipping,0,0,0,1,0,0
23858,/lander-1,0,0,0,0,0,0
23860,/lander-1,0,0,0,0,0,0
23861,/lander-1,0,0,0,0,0,0
23861,/products,1,0,0,0,0,0
23861,/the-original-mr-fuzzy,0,1,0,0,0,0
23862,/lander-1,0,0,0,0,0,0
23863,/lander-1,0,0,0,0,0,0
23863,/products,1,0,0,0,0,0
23864,/lander-1,0,0,0,0,0,0
23865,/lander-1,0,0,0,0,0,0
23866,/lander-1,0,0,0,0,0,0
23867,/lander-1,0,0,0,0,0,0
23868,/lander-1,0,0,0,0,0,0
23869,/lander-1,0,0,0,0,0,0
23869,/products,1,0,0,0,0,0
23869,/the-original-mr-fuzzy,0,1,0,0,0,0
23869,/cart,0,0,1,0,0,0
23869,/shipping,0,0,0,1,0,0
23869,/billing,0,0,0,0,1,0
23871,/lander-1,0,0,0,0,0,0
23874,/lander-1,0,0,0,0,0,0
23876,/lander-1,0,0,0,0,0,0
23876,/products,1,0,0,0,0,0
23876,/the-original-mr-fuzzy,0,1,0,0,0,0
23876,/cart,0,0,1,0,0,0
23876,/shipping,0,0,0,1,0,0
23876,/billing,0,0,0,0,1,0
23876,/thank-you-for-your-order,0,0,0,0,0,1
23877,/lander-1,0,0,0,0,0,0
23877,/products,1,0,0,0,0,0
23877,/the-original-mr-fuzzy,0,1,0,0,0,0
23877,/cart,0,0,1,0,0,0
23879,/lander-1,0,0,0,0,0,0
23880,/lander-1,0,0,0,0,0,0
23881,/lander-1,0,0,0,0,0,0
23882,/lander-1,0,0,0,0,0,0
23884,/lander-1,0,0,0,0,0,0
23884,/products,1,0,0,0,0,0
23884,/the-original-mr-fuzzy,0,1,0,0,0,0
23886,/lander-1,0,0,0,0,0,0
23886,/products,1,0,0,0,0,0
23886,/the-original-mr-fuzzy,0,1,0,0,0,0
23886,/cart,0,0,1,0,0,0
23887,/lander-1,0,0,0,0,0,0
23889,/lander-1,0,0,0,0,0,0
23890,/lander-1,0,0,0,0,0,0
23890,/products,1,0,0,0,0,0
23890,/the-original-mr-fuzzy,0,1,0,0,0,0
23890,/cart,0,0,1,0,0,0
23890,/shipping,0,0,0,1,0,0
23890,/billing,0,0,0,0,1,0
23891,/lander-1,0,0,0,0,0,0
23893,/lander-1,0,0,0,0,0,0
23896,/lander-1,0,0,0,0,0,0
23897,/lander-1,0,0,0,0,0,0
23902,/lander-1,0,0,0,0,0,0
23903,/lander-1,0,0,0,0,0,0
23903,/products,1,0,0,0,0,0
23904,/lander-1,0,0,0,0,0,0
23905,/lander-1,0,0,0,0,0,0
23906,/lander-1,0,0,0,0,0,0
23908,/lander-1,0,0,0,0,0,0
23908,/products,1,0,0,0,0,0
23908,/the-original-mr-fuzzy,0,1,0,0,0,0
23910,/lander-1,0,0,0,0,0,0
23911,/lander-1,0,0,0,0,0,0
23912,/lander-1,0,0,0,0,0,0
23912,/products,1,0,0,0,0,0
23912,/the-original-mr-fuzzy,0,1,0,0,0,0
23913,/lander-1,0,0,0,0,0,0
23916,/lander-1,0,0,0,0,0,0
23917,/lander-1,0,0,0,0,0,0
23919,/lander-1,0,0,0,0,0,0
23920,/lander-1,0,0,0,0,0,0
23920,/products,1,0,0,0,0,0
23920,/the-original-mr-fuzzy,0,1,0,0,0,0
23920,/cart,0,0,1,0,0,0
23920,/shipping,0,0,0,1,0,0
23920,/billing,0,0,0,0,1,0
23924,/lander-1,0,0,0,0,0,0
23926,/lander-1,0,0,0,0,0,0
23926,/products,1,0,0,0,0,0
23926,/the-original-mr-fuzzy,0,1,0,0,0,0
23926,/cart,0,0,1,0,0,0
23926,/shipping,0,0,0,1,0,0
23928,/lander-1,0,0,0,0,0,0
23928,/products,1,0,0,0,0,0
23928,/the-original-mr-fuzzy,0,1,0,0,0,0
23929,/lander-1,0,0,0,0,0,0
23930,/lander-1,0,0,0,0,0,0
23934,/lander-1,0,0,0,0,0,0
23936,/lander-1,0,0,0,0,0,0
23937,/lander-1,0,0,0,0,0,0
23938,/lander-1,0,0,0,0,0,0
23941,/lander-1,0,0,0,0,0,0
23941,/products,1,0,0,0,0,0
23941,/the-original-mr-fuzzy,0,1,0,0,0,0
23944,/lander-1,0,0,0,0,0,0
23945,/lander-1,0,0,0,0,0,0
23945,/products,1,0,0,0,0,0
23945,/the-original-mr-fuzzy,0,1,0,0,0,0
23946,/lander-1,0,0,0,0,0,0
23946,/products,1,0,0,0,0,0
23946,/the-original-mr-fuzzy,0,1,0,0,0,0
23948,/lander-1,0,0,0,0,0,0
23948,/products,1,0,0,0,0,0
23948,/the-original-mr-fuzzy,0,1,0,0,0,0
23949,/lander-1,0,0,0,0,0,0
23951,/lander-1,0,0,0,0,0,0
23951,/products,1,0,0,0,0,0
23952,/lander-1,0,0,0,0,0,0
23954,/lander-1,0,0,0,0,0,0
23954,/products,1,0,0,0,0,0
23956,/lander-1,0,0,0,0,0,0
23956,/products,1,0,0,0,0,0
23959,/lander-1,0,0,0,0,0,0
23960,/lander-1,0,0,0,0,0,0
23962,/lander-1,0,0,0,0,0,0
23962,/products,1,0,0,0,0,0
23962,/the-original-mr-fuzzy,0,1,0,0,0,0
23962,/cart,0,0,1,0,0,0
23962,/shipping,0,0,0,1,0,0
23962,/billing,0,0,0,0,1,0
23963,/lander-1,0,0,0,0,0,0
23967,/lander-1,0,0,0,0,0,0
23967,/products,1,0,0,0,0,0
23968,/lander-1,0,0,0,0,0,0
23971,/lander-1,0,0,0,0,0,0
23971,/products,1,0,0,0,0,0
23971,/the-original-mr-fuzzy,0,1,0,0,0,0
23971,/cart,0,0,1,0,0,0
23971,/shipping,0,0,0,1,0,0
23971,/billing,0,0,0,0,1,0
23971,/thank-you-for-your-order,0,0,0,0,0,1
23973,/lander-1,0,0,0,0,0,0
23975,/lander-1,0,0,0,0,0,0
23976,/lander-1,0,0,0,0,0,0
23977,/lander-1,0,0,0,0,0,0
23979,/lander-1,0,0,0,0,0,0
23980,/lander-1,0,0,0,0,0,0
23981,/lander-1,0,0,0,0,0,0
23981,/products,1,0,0,0,0,0
23981,/the-original-mr-fuzzy,0,1,0,0,0,0
23981,/cart,0,0,1,0,0,0
23981,/shipping,0,0,0,1,0,0
23981,/billing,0,0,0,0,1,0
23981,/thank-you-for-your-order,0,0,0,0,0,1
23982,/lander-1,0,0,0,0,0,0
23984,/lander-1,0,0,0,0,0,0
23984,/products,1,0,0,0,0,0
23985,/lander-1,0,0,0,0,0,0
23986,/lander-1,0,0,0,0,0,0
23986,/products,1,0,0,0,0,0
23986,/the-original-mr-fuzzy,0,1,0,0,0,0
23987,/lander-1,0,0,0,0,0,0
23988,/lander-1,0,0,0,0,0,0
23989,/lander-1,0,0,0,0,0,0
23990,/lander-1,0,0,0,0,0,0
23990,/products,1,0,0,0,0,0
23990,/the-original-mr-fuzzy,0,1,0,0,0,0
23991,/lander-1,0,0,0,0,0,0
23991,/products,1,0,0,0,0,0
23991,/the-original-mr-fuzzy,0,1,0,0,0,0
23992,/lander-1,0,0,0,0,0,0
23992,/products,1,0,0,0,0,0
23992,/the-original-mr-fuzzy,0,1,0,0,0,0
23994,/lander-1,0,0,0,0,0,0
23997,/lander-1,0,0,0,0,0,0
23997,/products,1,0,0,0,0,0
23997,/the-original-mr-fuzzy,0,1,0,0,0,0
23997,/cart,0,0,1,0,0,0
23997,/shipping,0,0,0,1,0,0
23997,/billing,0,0,0,0,1,0
23997,/thank-you-for-your-order,0,0,0,0,0,1
23998,/lander-1,0,0,0,0,0,0
23999,/lander-1,0,0,0,0,0,0
23999,/products,1,0,0,0,0,0
23999,/the-original-mr-fuzzy,0,1,0,0,0,0
24001,/lander-1,0,0,0,0,0,0
24001,/products,1,0,0,0,0,0
24001,/the-original-mr-fuzzy,0,1,0,0,0,0
24001,/cart,0,0,1,0,0,0
24002,/lander-1,0,0,0,0,0,0
24005,/lander-1,0,0,0,0,0,0
24005,/products,1,0,0,0,0,0
24007,/lander-1,0,0,0,0,0,0
24008,/lander-1,0,0,0,0,0,0
24010,/lander-1,0,0,0,0,0,0
24011,/lander-1,0,0,0,0,0,0
24011,/products,1,0,0,0,0,0
24011,/the-original-mr-fuzzy,0,1,0,0,0,0
24011,/cart,0,0,1,0,0,0
24011,/shipping,0,0,0,1,0,0
24011,/billing,0,0,0,0,1,0
24011,/thank-you-for-your-order,0,0,0,0,0,1
24014,/lander-1,0,0,0,0,0,0
24015,/lander-1,0,0,0,0,0,0
24015,/products,1,0,0,0,0,0
24015,/the-original-mr-fuzzy,0,1,0,0,0,0
24016,/lander-1,0,0,0,0,0,0
24016,/products,1,0,0,0,0,0
24016,/the-original-mr-fuzzy,0,1,0,0,0,0
24017,/lander-1,0,0,0,0,0,0
24017,/products,1,0,0,0,0,0
24017,/the-original-mr-fuzzy,0,1,0,0,0,0
24019,/lander-1,0,0,0,0,0,0
24019,/products,1,0,0,0,0,0
24019,/the-original-mr-fuzzy,0,1,0,0,0,0
24019,/cart,0,0,1,0,0,0
24019,/shipping,0,0,0,1,0,0
24019,/billing,0,0,0,0,1,0
24019,/thank-you-for-your-order,0,0,0,0,0,1
24020,/lander-1,0,0,0,0,0,0
24020,/products,1,0,0,0,0,0
24020,/the-original-mr-fuzzy,0,1,0,0,0,0
24022,/lander-1,0,0,0,0,0,0
24022,/products,1,0,0,0,0,0
24022,/the-original-mr-fuzzy,0,1,0,0,0,0
24023,/lander-1,0,0,0,0,0,0
24023,/products,1,0,0,0,0,0
24023,/the-original-mr-fuzzy,0,1,0,0,0,0
24024,/lander-1,0,0,0,0,0,0
24027,/lander-1,0,0,0,0,0,0
24027,/products,1,0,0,0,0,0
24028,/lander-1,0,0,0,0,0,0
24029,/lander-1,0,0,0,0,0,0
24029,/products,1,0,0,0,0,0
24030,/lander-1,0,0,0,0,0,0
24030,/products,1,0,0,0,0,0
24031,/lander-1,0,0,0,0,0,0
24031,/products,1,0,0,0,0,0
24031,/the-original-mr-fuzzy,0,1,0,0,0,0
24035,/lander-1,0,0,0,0,0,0
24035,/products,1,0,0,0,0,0
24035,/the-original-mr-fuzzy,0,1,0,0,0,0
24035,/cart,0,0,1,0,0,0
24035,/shipping,0,0,0,1,0,0
24035,/billing,0,0,0,0,1,0
24036,/lander-1,0,0,0,0,0,0
24038,/lander-1,0,0,0,0,0,0
24038,/products,1,0,0,0,0,0
24040,/lander-1,0,0,0,0,0,0
24040,/products,1,0,0,0,0,0
24041,/lander-1,0,0,0,0,0,0
24043,/lander-1,0,0,0,0,0,0
24045,/lander-1,0,0,0,0,0,0
24045,/products,1,0,0,0,0,0
24046,/lander-1,0,0,0,0,0,0
24055,/lander-1,0,0,0,0,0,0
24056,/lander-1,0,0,0,0,0,0
24056,/products,1,0,0,0,0,0
24056,/the-original-mr-fuzzy,0,1,0,0,0,0
24056,/cart,0,0,1,0,0,0
24056,/shipping,0,0,0,1,0,0
24057,/lander-1,0,0,0,0,0,0
24058,/lander-1,0,0,0,0,0,0
24058,/products,1,0,0,0,0,0
24058,/the-original-mr-fuzzy,0,1,0,0,0,0
24059,/lander-1,0,0,0,0,0,0
24061,/lander-1,0,0,0,0,0,0
24062,/lander-1,0,0,0,0,0,0
24062,/products,1,0,0,0,0,0
24062,/the-original-mr-fuzzy,0,1,0,0,0,0
24065,/lander-1,0,0,0,0,0,0
24069,/lander-1,0,0,0,0,0,0
24071,/lander-1,0,0,0,0,0,0
24073,/lander-1,0,0,0,0,0,0
24074,/lander-1,0,0,0,0,0,0
24076,/lander-1,0,0,0,0,0,0
24076,/products,1,0,0,0,0,0
24076,/the-original-mr-fuzzy,0,1,0,0,0,0
24076,/cart,0,0,1,0,0,0
24076,/shipping,0,0,0,1,0,0
24077,/lander-1,0,0,0,0,0,0
24078,/lander-1,0,0,0,0,0,0
24078,/products,1,0,0,0,0,0
24078,/the-original-mr-fuzzy,0,1,0,0,0,0
24080,/lander-1,0,0,0,0,0,0
24081,/lander-1,0,0,0,0,0,0
24081,/products,1,0,0,0,0,0
24081,/the-original-mr-fuzzy,0,1,0,0,0,0
24082,/lander-1,0,0,0,0,0,0
24083,/lander-1,0,0,0,0,0,0
24083,/products,1,0,0,0,0,0
24083,/the-original-mr-fuzzy,0,1,0,0,0,0
24083,/cart,0,0,1,0,0,0
24083,/shipping,0,0,0,1,0,0
24083,/billing,0,0,0,0,1,0
24084,/lander-1,0,0,0,0,0,0
24085,/lander-1,0,0,0,0,0,0
24085,/products,1,0,0,0,0,0
24085,/the-original-mr-fuzzy,0,1,0,0,0,0
24088,/lander-1,0,0,0,0,0,0
24088,/products,1,0,0,0,0,0
24088,/the-original-mr-fuzzy,0,1,0,0,0,0
24088,/cart,0,0,1,0,0,0
24088,/shipping,0,0,0,1,0,0
24089,/lander-1,0,0,0,0,0,0
24091,/lander-1,0,0,0,0,0,0
24092,/lander-1,0,0,0,0,0,0
24092,/products,1,0,0,0,0,0
24092,/the-original-mr-fuzzy,0,1,0,0,0,0
24092,/cart,0,0,1,0,0,0
24092,/shipping,0,0,0,1,0,0
24092,/billing,0,0,0,0,1,0
24094,/lander-1,0,0,0,0,0,0
24094,/products,1,0,0,0,0,0
24095,/lander-1,0,0,0,0,0,0
24096,/lander-1,0,0,0,0,0,0
24098,/lander-1,0,0,0,0,0,0
24099,/lander-1,0,0,0,0,0,0
24100,/lander-1,0,0,0,0,0,0
24100,/products,1,0,0,0,0,0
24102,/lander-1,0,0,0,0,0,0
24102,/products,1,0,0,0,0,0
24102,/the-original-mr-fuzzy,0,1,0,0,0,0
24102,/cart,0,0,1,0,0,0
24102,/shipping,0,0,0,1,0,0
24102,/billing,0,0,0,0,1,0
24102,/thank-you-for-your-order,0,0,0,0,0,1
24104,/lander-1,0,0,0,0,0,0
24104,/products,1,0,0,0,0,0
24107,/lander-1,0,0,0,0,0,0
24107,/products,1,0,0,0,0,0
24107,/the-original-mr-fuzzy,0,1,0,0,0,0
24107,/cart,0,0,1,0,0,0
24110,/lander-1,0,0,0,0,0,0
24111,/lander-1,0,0,0,0,0,0
24112,/lander-1,0,0,0,0,0,0
24113,/lander-1,0,0,0,0,0,0
24114,/lander-1,0,0,0,0,0,0
24114,/products,1,0,0,0,0,0
24114,/the-original-mr-fuzzy,0,1,0,0,0,0
24114,/cart,0,0,1,0,0,0
24115,/lander-1,0,0,0,0,0,0
24115,/products,1,0,0,0,0,0
24115,/the-original-mr-fuzzy,0,1,0,0,0,0
24116,/lander-1,0,0,0,0,0,0
24117,/lander-1,0,0,0,0,0,0
24117,/products,1,0,0,0,0,0
24117,/the-original-mr-fuzzy,0,1,0,0,0,0
24118,/lander-1,0,0,0,0,0,0
24119,/lander-1,0,0,0,0,0,0
24119,/products,1,0,0,0,0,0
24119,/the-original-mr-fuzzy,0,1,0,0,0,0
24121,/lander-1,0,0,0,0,0,0
24121,/products,1,0,0,0,0,0
24121,/the-original-mr-fuzzy,0,1,0,0,0,0
24121,/cart,0,0,1,0,0,0
24121,/shipping,0,0,0,1,0,0
24121,/billing,0,0,0,0,1,0
24121,/thank-you-for-your-order,0,0,0,0,0,1
24122,/lander-1,0,0,0,0,0,0
24122,/products,1,0,0,0,0,0
24122,/the-original-mr-fuzzy,0,1,0,0,0,0
24123,/lander-1,0,0,0,0,0,0
24123,/products,1,0,0,0,0,0
24124,/lander-1,0,0,0,0,0,0
24124,/products,1,0,0,0,0,0
24125,/lander-1,0,0,0,0,0,0
24125,/products,1,0,0,0,0,0
24125,/the-original-mr-fuzzy,0,1,0,0,0,0
24125,/cart,0,0,1,0,0,0
24125,/shipping,0,0,0,1,0,0
24125,/billing,0,0,0,0,1,0
24128,/lander-1,0,0,0,0,0,0
24129,/lander-1,0,0,0,0,0,0
24131,/lander-1,0,0,0,0,0,0
24132,/lander-1,0,0,0,0,0,0
24132,/products,1,0,0,0,0,0
24132,/the-original-mr-fuzzy,0,1,0,0,0,0
24133,/lander-1,0,0,0,0,0,0
24136,/lander-1,0,0,0,0,0,0
24137,/lander-1,0,0,0,0,0,0
24139,/lander-1,0,0,0,0,0,0
24140,/lander-1,0,0,0,0,0,0
24140,/products,1,0,0,0,0,0
24140,/the-original-mr-fuzzy,0,1,0,0,0,0
24141,/lander-1,0,0,0,0,0,0
24142,/lander-1,0,0,0,0,0,0
24142,/products,1,0,0,0,0,0
24142,/the-original-mr-fuzzy,0,1,0,0,0,0
24143,/lander-1,0,0,0,0,0,0
24144,/lander-1,0,0,0,0,0,0
24146,/lander-1,0,0,0,0,0,0
24146,/products,1,0,0,0,0,0
24146,/the-original-mr-fuzzy,0,1,0,0,0,0
24147,/lander-1,0,0,0,0,0,0
24147,/products,1,0,0,0,0,0
24147,/the-original-mr-fuzzy,0,1,0,0,0,0
24147,/cart,0,0,1,0,0,0
24150,/lander-1,0,0,0,0,0,0
24151,/lander-1,0,0,0,0,0,0
24151,/products,1,0,0,0,0,0
24151,/the-original-mr-fuzzy,0,1,0,0,0,0
24151,/cart,0,0,1,0,0,0
24151,/shipping,0,0,0,1,0,0
24151,/billing,0,0,0,0,1,0
24151,/thank-you-for-your-order,0,0,0,0,0,1
24152,/lander-1,0,0,0,0,0,0
24155,/lander-1,0,0,0,0,0,0
24158,/lander-1,0,0,0,0,0,0
24158,/products,1,0,0,0,0,0
24159,/lander-1,0,0,0,0,0,0
24160,/lander-1,0,0,0,0,0,0
24160,/products,1,0,0,0,0,0
24160,/the-original-mr-fuzzy,0,1,0,0,0,0
24160,/cart,0,0,1,0,0,0
24160,/shipping,0,0,0,1,0,0
24161,/lander-1,0,0,0,0,0,0
24162,/lander-1,0,0,0,0,0,0
24163,/lander-1,0,0,0,0,0,0
24164,/lander-1,0,0,0,0,0,0
24167,/lander-1,0,0,0,0,0,0
24167,/products,1,0,0,0,0,0
24167,/the-original-mr-fuzzy,0,1,0,0,0,0
24168,/lander-1,0,0,0,0,0,0
24168,/products,1,0,0,0,0,0
24168,/the-original-mr-fuzzy,0,1,0,0,0,0
24172,/lander-1,0,0,0,0,0,0
24173,/lander-1,0,0,0,0,0,0
24174,/lander-1,0,0,0,0,0,0
24175,/lander-1,0,0,0,0,0,0
24177,/lander-1,0,0,0,0,0,0
24177,/products,1,0,0,0,0,0
24177,/the-original-mr-fuzzy,0,1,0,0,0,0
24177,/cart,0,0,1,0,0,0
24177,/shipping,0,0,0,1,0,0
24177,/billing,0,0,0,0,1,0
24177,/thank-you-for-your-order,0,0,0,0,0,1
24180,/lander-1,0,0,0,0,0,0
24180,/products,1,0,0,0,0,0
24180,/the-original-mr-fuzzy,0,1,0,0,0,0
24180,/cart,0,0,1,0,0,0
24180,/shipping,0,0,0,1,0,0
24180,/billing,0,0,0,0,1,0
24180,/thank-you-for-your-order,0,0,0,0,0,1
24181,/lander-1,0,0,0,0,0,0
24181,/products,1,0,0,0,0,0
24183,/lander-1,0,0,0,0,0,0
24183,/products,1,0,0,0,0,0
24185,/lander-1,0,0,0,0,0,0
24186,/lander-1,0,0,0,0,0,0
24187,/lander-1,0,0,0,0,0,0
24187,/products,1,0,0,0,0,0
24187,/the-original-mr-fuzzy,0,1,0,0,0,0
24188,/lander-1,0,0,0,0,0,0
24188,/products,1,0,0,0,0,0
24190,/lander-1,0,0,0,0,0,0
24190,/products,1,0,0,0,0,0
24191,/lander-1,0,0,0,0,0,0
24191,/products,1,0,0,0,0,0
24191,/the-original-mr-fuzzy,0,1,0,0,0,0
24192,/lander-1,0,0,0,0,0,0
24193,/lander-1,0,0,0,0,0,0
24193,/products,1,0,0,0,0,0
24193,/the-original-mr-fuzzy,0,1,0,0,0,0
24193,/cart,0,0,1,0,0,0
24193,/shipping,0,0,0,1,0,0
24194,/lander-1,0,0,0,0,0,0
24195,/lander-1,0,0,0,0,0,0
24196,/lander-1,0,0,0,0,0,0
24196,/products,1,0,0,0,0,0
24197,/lander-1,0,0,0,0,0,0
24198,/lander-1,0,0,0,0,0,0
24198,/products,1,0,0,0,0,0
24199,/lander-1,0,0,0,0,0,0
24200,/lander-1,0,0,0,0,0,0
24201,/lander-1,0,0,0,0,0,0
24202,/lander-1,0,0,0,0,0,0
24203,/lander-1,0,0,0,0,0,0
24203,/products,1,0,0,0,0,0
24203,/the-original-mr-fuzzy,0,1,0,0,0,0
24204,/lander-1,0,0,0,0,0,0
24204,/products,1,0,0,0,0,0
24204,/the-original-mr-fuzzy,0,1,0,0,0,0
24204,/cart,0,0,1,0,0,0
24204,/shipping,0,0,0,1,0,0
24206,/lander-1,0,0,0,0,0,0
24207,/lander-1,0,0,0,0,0,0
24207,/products,1,0,0,0,0,0
24207,/the-original-mr-fuzzy,0,1,0,0,0,0
24207,/cart,0,0,1,0,0,0
24207,/shipping,0,0,0,1,0,0
24207,/billing,0,0,0,0,1,0
24208,/lander-1,0,0,0,0,0,0
24208,/products,1,0,0,0,0,0
24208,/the-original-mr-fuzzy,0,1,0,0,0,0
24208,/cart,0,0,1,0,0,0
24209,/lander-1,0,0,0,0,0,0
24215,/lander-1,0,0,0,0,0,0
24216,/lander-1,0,0,0,0,0,0
24220,/lander-1,0,0,0,0,0,0
24221,/lander-1,0,0,0,0,0,0
24221,/products,1,0,0,0,0,0
24221,/the-original-mr-fuzzy,0,1,0,0,0,0
24223,/lander-1,0,0,0,0,0,0
24223,/products,1,0,0,0,0,0
24223,/the-original-mr-fuzzy,0,1,0,0,0,0
24225,/lander-1,0,0,0,0,0,0
24226,/lander-1,0,0,0,0,0,0
24227,/lander-1,0,0,0,0,0,0
24228,/lander-1,0,0,0,0,0,0
24230,/lander-1,0,0,0,0,0,0
24231,/lander-1,0,0,0,0,0,0
24232,/lander-1,0,0,0,0,0,0
24234,/lander-1,0,0,0,0,0,0
24235,/lander-1,0,0,0,0,0,0
24236,/lander-1,0,0,0,0,0,0
24238,/lander-1,0,0,0,0,0,0
24240,/lander-1,0,0,0,0,0,0
24242,/lander-1,0,0,0,0,0,0
24242,/products,1,0,0,0,0,0
24242,/the-original-mr-fuzzy,0,1,0,0,0,0
24245,/lander-1,0,0,0,0,0,0
24246,/lander-1,0,0,0,0,0,0
24246,/products,1,0,0,0,0,0
24247,/lander-1,0,0,0,0,0,0
24248,/lander-1,0,0,0,0,0,0
24248,/products,1,0,0,0,0,0
24248,/the-original-mr-fuzzy,0,1,0,0,0,0
24248,/cart,0,0,1,0,0,0
24248,/shipping,0,0,0,1,0,0
24248,/billing,0,0,0,0,1,0
24252,/lander-1,0,0,0,0,0,0
24252,/products,1,0,0,0,0,0
24252,/the-original-mr-fuzzy,0,1,0,0,0,0
24253,/lander-1,0,0,0,0,0,0
24255,/lander-1,0,0,0,0,0,0
24255,/products,1,0,0,0,0,0
24256,/lander-1,0,0,0,0,0,0
24256,/products,1,0,0,0,0,0
24257,/lander-1,0,0,0,0,0,0
24258,/lander-1,0,0,0,0,0,0
24260,/lander-1,0,0,0,0,0,0
24260,/products,1,0,0,0,0,0
24260,/the-original-mr-fuzzy,0,1,0,0,0,0
24260,/cart,0,0,1,0,0,0
24260,/shipping,0,0,0,1,0,0
24260,/billing,0,0,0,0,1,0
24263,/lander-1,0,0,0,0,0,0
24264,/lander-1,0,0,0,0,0,0
24264,/products,1,0,0,0,0,0
24264,/the-original-mr-fuzzy,0,1,0,0,0,0
24265,/lander-1,0,0,0,0,0,0
24265,/products,1,0,0,0,0,0
24266,/lander-1,0,0,0,0,0,0
24266,/products,1,0,0,0,0,0
24267,/lander-1,0,0,0,0,0,0
24270,/lander-1,0,0,0,0,0,0
24271,/lander-1,0,0,0,0,0,0
24271,/products,1,0,0,0,0,0
24271,/the-original-mr-fuzzy,0,1,0,0,0,0
24271,/cart,0,0,1,0,0,0
24272,/lander-1,0,0,0,0,0,0
24273,/lander-1,0,0,0,0,0,0
24274,/lander-1,0,0,0,0,0,0
24274,/products,1,0,0,0,0,0
24274,/the-original-mr-fuzzy,0,1,0,0,0,0
24275,/lander-1,0,0,0,0,0,0
24276,/lander-1,0,0,0,0,0,0
24276,/products,1,0,0,0,0,0
24276,/the-original-mr-fuzzy,0,1,0,0,0,0
24276,/cart,0,0,1,0,0,0
24276,/shipping,0,0,0,1,0,0
24276,/billing,0,0,0,0,1,0
24276,/thank-you-for-your-order,0,0,0,0,0,1
24277,/lander-1,0,0,0,0,0,0
24277,/products,1,0,0,0,0,0
24277,/the-original-mr-fuzzy,0,1,0,0,0,0
24277,/cart,0,0,1,0,0,0
24277,/shipping,0,0,0,1,0,0
24277,/billing,0,0,0,0,1,0
24278,/lander-1,0,0,0,0,0,0
24279,/lander-1,0,0,0,0,0,0
24279,/products,1,0,0,0,0,0
24279,/the-original-mr-fuzzy,0,1,0,0,0,0
24280,/lander-1,0,0,0,0,0,0
24280,/products,1,0,0,0,0,0
24280,/the-original-mr-fuzzy,0,1,0,0,0,0
24281,/lander-1,0,0,0,0,0,0
24282,/lander-1,0,0,0,0,0,0
24282,/products,1,0,0,0,0,0
24283,/lander-1,0,0,0,0,0,0
24283,/products,1,0,0,0,0,0
24283,/the-original-mr-fuzzy,0,1,0,0,0,0
24283,/cart,0,0,1,0,0,0
24285,/lander-1,0,0,0,0,0,0
24286,/lander-1,0,0,0,0,0,0
24287,/lander-1,0,0,0,0,0,0
24287,/products,1,0,0,0,0,0
24288,/lander-1,0,0,0,0,0,0
24290,/lander-1,0,0,0,0,0,0
24291,/lander-1,0,0,0,0,0,0
24291,/products,1,0,0,0,0,0
24291,/the-original-mr-fuzzy,0,1,0,0,0,0
24291,/cart,0,0,1,0,0,0
24291,/shipping,0,0,0,1,0,0
24291,/billing,0,0,0,0,1,0
24291,/thank-you-for-your-order,0,0,0,0,0,1
