website_session_id,first_pageview_id,count_pageviews
9350,18598,3
9351,18600,3
9352,18601,4
9354,18611,1
9356,18616,6
9357,18622,1
9358,18623,3
9359,18626,1
9360,18627,1
9361,18628,1
9363,18631,7
9364,18632,3
9365,18641,1
9366,18642,3
9367,18645,1
9368,18646,1
9369,18647,5
9371,18657,1
9372,18658,3
9373,18661,2
9374,18663,3
9375,18664,2
9376,18668,1
9377,18669,5
9378,18672,1
9379,18674,1
9380,18676,1
9381,18677,1
9383,18680,1
9384,18681,2
9386,18684,3
9388,18688,1
9389,18689,1
9391,18692,3
9392,18699,6
9393,18705,4
9394,18708,1
9395,18710,1
9396,18711,1
9397,18712,1
9398,18713,6
9400,18720,2
9401,18721,3
9402,18722,1
9403,18725,3
9404,18728,1
9405,18730,1
9406,18731,6
9407,18732,1
9408,18733,1
9409,18738,1
9410,18740,3
9412,18746,7
9413,18749,7
9414,18751,2
9415,18756,1
9416,18762,1
9417,18764,1
9418,18765,1
9421,18768,1
9422,18770,1
9423,18773,1
9424,18774,1
9426,18778,1
9427,18779,1
9428,18780,7
9430,18789,1
9431,18791,2
9432,18793,3
9433,18796,1
9434,18797,1
9435,18798,1
9436,18799,1
9437,18800,6
9438,18801,1
9439,18804,1
9440,18808,1
9441,18809,3
9442,18810,3
9443,18814,1
9444,18816,1
9445,18817,2
9446,18819,1
9447,18820,3
9448,18823,1
9449,18824,1
9450,18825,1
9451,18826,6
9453,18833,1
9454,18834,1
9456,18836,1
9457,18837,1
9458,18838,4
9459,18842,1
9460,18843,7
9461,18845,1
9462,18849,4
9463,18855,1
9464,18856,1
9465,18857,2
9466,18859,1
9467,18860,7
9468,18867,1
9469,18868,3
9470,18871,5
9471,18876,1
9472,18877,1
9473,18878,1
9474,18879,4
9475,18883,1
9476,18884,1
9477,18885,1
9478,18886,6
9479,18892,1
9480,18893,3
9481,18896,3
9482,18898,1
9483,18900,1
9484,18901,1
9485,18902,6
9486,18907,1
9487,18909,1
9488,18910,1
9489,18911,2
9490,18913,1
9491,18914,3
9493,18918,6
9494,18926,1
9495,18927,1
9496,18928,1
9497,18929,2
9498,18931,1
9499,18932,1
9500,18933,2
9501,18935,1
9502,18936,1
9503,18937,1
9504,18938,1
9505,18939,3
9507,18945,1
9510,18948,1
9511,18953,1
9512,18954,1
9513,18955,1
9514,18956,7
9515,18958,1
9516,18962,1
9517,18965,1
9518,18966,1
9520,18968,6
9521,18970,2
9522,18977,1
9523,18978,2
9524,18980,3
9525,18983,1
9526,18984,3
9527,18987,1
9529,18989,5
9532,19000,1
9533,19001,3
9534,19004,3
9535,19007,1
9536,19008,1
9537,19009,1
9538,19010,1
9539,19011,3
9540,19014,1
9541,19015,1
9542,19016,1
9543,19017,1
9544,19018,2
9545,19019,6
9546,19024,6
9547,19032,7
9549,19039,1
9550,19042,1
9552,19044,3
9554,19050,1
9556,19057,1
9557,19058,2
9558,19059,1
9559,19061,1
9560,19062,1
9561,19063,1
9563,19071,1
9564,19072,3
9565,19075,1
9566,19076,1
9568,19078,7
9569,19081,1
9570,19086,1
9571,19087,1
9572,19088,1
9574,19091,6
9575,19097,1
9576,19098,1
9577,19099,2
9578,19101,1
9579,19102,1
9581,19107,3
9582,19108,3
9583,19111,1
9584,19114,1
9585,19115,3
9586,19117,1
9588,19120,2
9592,19135,7
9593,19137,4
9594,19146,2
9595,19148,1
9596,19149,1
9597,19150,1
9598,19151,3
9599,19154,3
9600,19157,2
9601,19158,2
9602,19161,6
9603,19167,1
9604,19168,1
9606,19170,1
9607,19172,1
9608,19173,1
9609,19174,4
9610,19178,1
9611,19179,4
9613,19186,1
9614,19187,1
9615,19188,1
9616,19189,1
9617,19190,7
9619,19198,2
9620,19200,1
9621,19201,2
9623,19204,1
9624,19205,2
9625,19207,1
9626,19208,1
9627,19209,3
9628,19210,5
9629,19211,1
9630,19214,4
9631,19222,1
9632,19223,6
9634,19230,1
9635,19231,2
9636,19232,1
9637,19234,1
9638,19235,1
9639,19236,4
9641,19242,1
9642,19243,1
9643,19244,6
9644,19245,1
9645,19249,1
9646,19250,1
9647,19253,6
9648,19254,6
9649,19257,6
9650,19270,3
9651,19274,1
9652,19275,1
9654,19279,1
9655,19280,1
9656,19281,1
9657,19282,1
9658,19283,1
9661,19288,2
9662,19290,4
9663,19294,1
9664,19295,5
9665,19297,6
9666,19299,1
9669,19311,6
9670,19312,6
9672,19317,1
9673,19319,1
9674,19324,3
9675,19327,1
9677,19332,3
9678,19334,4
9679,19338,1
9680,19340,1
9681,19342,1
9682,19343,1
9683,19344,3
9684,19347,1
9686,19349,1
9687,19350,3
9688,19353,3
9690,19357,1
9691,19359,1
9692,19360,4
9693,19365,1
9694,19366,1
9696,19368,1
9697,19371,1
9699,19373,1
9700,19374,1
9701,19375,1
9702,19376,1
9703,19377,3
9704,19378,1
9705,19379,1
9706,19382,1
9707,19383,1
9708,19384,1
9709,19385,2
9710,19387,4
9711,19388,1
9712,19389,6
9713,19390,1
9714,19396,3
9715,19402,1
9716,19403,1
9717,19404,1
9718,19405,1
9719,19406,6
9721,19414,2
9722,19418,1
9723,19419,1
9724,19420,3
9725,19421,1
9726,19423,1
9727,19425,2
9728,19427,1
9730,19432,1
9731,19433,6
9732,19434,3
9733,19442,1
9735,19444,7
9736,19448,4
9737,19450,1
9738,19456,1
9739,19457,1
9740,19458,4
9741,19461,1
9742,19463,1
9743,19464,2
9744,19465,1
9746,19468,1
9747,19469,1
9748,19470,3
9749,19472,3
9750,19476,1
9751,19477,1
9753,19479,1
9754,19480,1
9755,19481,1
9756,19482,1
9757,19483,1
9758,19484,3
9759,19487,1
9760,19488,3
9761,19490,6
9762,19492,1
9763,19494,1
9765,19501,7
9766,19508,3
9767,19511,6
9768,19515,2
9769,19518,7
9771,19529,1
9772,19530,4
9773,19534,1
9774,19535,1
9775,19536,2
9776,19538,1
9777,19539,1
9779,19541,7
9780,19547,1
9781,19549,1
9782,19550,1
9783,19551,1
9784,19552,2
9785,19554,2
9786,19556,1
9787,19557,1
9788,19558,3
9789,19561,1
9790,19562,1
9791,19563,1
9792,19564,1
9793,19565,2
9794,19567,4
9796,19572,1
9797,19573,1
9798,19574,1
9799,19575,1
9800,19576,1
9801,19577,1
9802,19578,2
9803,19580,1
9804,19581,3
9805,19582,1
9806,19583,3
9807,19584,3
9808,19586,1
9809,19588,1
9810,19593,3
9812,19602,1
9813,19603,3
9814,19605,1
9816,19608,1
9818,19611,1
9819,19612,7
9820,19615,3
9821,19622,4
9822,19623,1
9823,19624,3
9826,19634,1
9827,19635,1
9828,19636,1
9829,19637,6
9830,19638,6
9831,19639,2
9833,19652,3
9834,19653,3
9835,19654,1
9836,19659,1
9837,19660,2
9839,19663,4
9841,19667,3
9842,19673,1
9845,19676,3
9846,19678,1
9847,19681,1
9848,19682,1
9849,19683,7
9850,19684,1
9851,19687,1
9852,19692,3
9853,19693,3
9854,19698,1
9855,19699,1
9857,19703,6
9858,19704,3
9859,19712,1
9860,19713,1
9861,19714,1
9862,19715,1
9863,19716,2
9864,19717,1
9865,19719,6
9866,19724,1
9867,19726,1
9868,19727,2
9869,19729,1
9870,19730,1
9871,19731,1
9873,19734,1
9874,19735,3
9875,19738,2
9877,19742,1
9879,19744,3
9880,19746,1
9881,19748,6
9882,19754,1
9883,19757,2
9884,19760,4
9885,19765,1
9886,19766,1
9887,19767,1
9888,19768,6
9889,19770,1
9890,19775,2
9891,19776,1
9893,19779,1
9894,19783,1
9895,19784,2
9897,19788,6
9898,19794,2
9900,19798,3
9901,19801,2
9903,19804,6
9904,19810,1
9905,19811,2
9906,19813,1
9907,19814,3
9908,19817,1
9909,19818,1
9910,19819,3
9911,19822,1
9913,19827,1
9914,19828,3
9915,19831,7
9916,19838,6
9917,19844,3
9918,19845,1
9919,19848,4
9921,19853,1
9922,19854,3
9923,19857,1
9924,19858,2
9925,19860,1
9926,19861,1
9928,19865,1
9929,19866,1
9930,19867,3
9931,19870,1
9932,19871,7
9933,19876,3
9934,19881,1
9935,19882,1
9936,19883,1
9937,19884,1
9941,19889,1
9942,19890,7
9943,19897,1
9944,19898,1
9945,19900,4
9946,19904,1
9947,19905,1
9948,19906,6
9951,19917,2
9952,19921,1
9953,19922,3
9954,19925,7
9955,19926,3
9956,19930,1
9957,19935,2
9958,19936,1
9959,19939,6
9960,19940,1
9961,19945,6
9962,19952,1
9963,19953,2
9964,19955,1
9967,19960,1
9968,19961,3
9969,19962,1
9971,19964,3
9972,19965,1
9973,19966,4
9974,19969,1
9975,19970,2
9977,19974,1
9978,19981,1
9979,19983,2
9980,19984,1
9981,19986,1
9982,19987,1
9983,19988,1
9984,19989,1
9985,19990,1
9986,19991,3
9987,19992,1
9988,19995,1
9989,19996,7
9990,19998,1
9992,20004,6
9993,20011,3
9994,20012,3
9995,20013,1
9996,20018,1
9997,20019,1
9998,20020,1
9999,20021,1
10000,20022,1
10001,20023,2
10002,20024,1
10003,20026,5
10004,20028,1
10005,20029,1
10007,20032,6
10008,20041,1
10009,20042,1
10010,20043,1
10011,20044,2
10014,20052,1
10015,20053,1
10016,20054,3
10017,20057,3
10018,20058,1
10019,20061,1
10020,20062,7
10021,20068,6
10022,20069,1
10023,20070,4
10024,20073,1
10025,20075,1
10026,20082,1
10027,20083,1
10028,20084,1
10029,20085,3
10030,20086,1
10031,20088,1
10032,20090,3
10033,20092,7
10034,20097,1
10035,20098,1
10036,20100,2
10037,20102,1
10038,20105,1
10039,20106,1
10040,20107,2
10041,20109,7
10042,20112,1
10043,20114,2
10044,20119,5
10045,20124,6
10046,20125,1
10047,20129,1
10048,20130,1
10049,20133,1
10050,20134,3
10052,20139,1
10054,20141,1
10055,20142,1
10056,20145,2
10059,20149,3
10060,20152,1
10061,20153,1
10062,20154,1
10063,20155,1
10064,20156,1
10065,20157,1
10066,20158,1
10067,20159,3
10068,20160,1
10069,20163,2
10070,20164,1
10071,20166,3
10073,20172,1
10074,20173,2
10076,20176,1
10077,20177,1
10078,20178,3
10079,20181,3
10080,20182,1
10081,20184,1
10082,20186,1
10083,20187,3
10084,20190,1
10085,20191,1
10086,20192,1
10087,20193,4
10088,20194,4
10091,20204,1
10092,20205,1
10095,20213,2
10096,20215,1
10097,20216,1
10098,20217,1
10099,20218,1
10100,20219,1
10101,20220,3
10102,20221,6
10103,20223,1
10104,20226,3
10105,20231,7
10106,20234,2
10107,20242,1
10108,20243,1
10109,20244,1
10110,20245,1
10111,20246,1
10112,20247,1
10113,20248,2
10114,20250,1
10115,20251,2
10116,20252,6
10117,20255,2
10118,20261,1
10119,20262,2
10120,20264,1
10122,20266,7
10123,20268,1
10124,20269,1
10125,20270,2
10127,20280,4
10128,20282,3
10129,20285,3
10130,20290,1
10131,20291,1
10132,20292,1
10133,20293,1
10134,20294,1
10135,20295,1
10136,20296,3
10137,20299,3
10138,20301,3
10139,20305,1
10140,20306,3
10141,20307,1
10142,20309,1
10143,20311,1
10144,20312,1
10145,20313,6
10146,20314,1
10147,20315,1
10148,20317,1
10149,20318,3
10150,20319,4
10151,20321,7
10152,20332,3
10153,20335,2
10154,20341,1
10155,20342,1
10157,20345,3
10159,20349,1
10160,20350,1
10162,20352,1
10163,20353,1
10164,20355,1
10165,20357,3
10166,20358,1
10167,20359,7
10168,20362,1
10169,20364,1
10170,20365,1
10172,20371,3
10173,20376,1
10174,20378,1
10175,20379,2
10176,20381,1
10177,20382,7
10178,20383,3
10179,20392,1
10181,20395,3
10182,20398,3
10183,20401,6
10184,20404,1
10185,20406,6
10186,20412,2
10187,20414,1
10188,20415,1
10189,20417,1
10190,20419,1
10191,20420,1
10192,20421,2
10193,20422,1
10194,20424,4
10195,20428,2
10196,20429,1
10197,20431,1
10198,20432,1
10199,20433,1
10200,20434,1
10201,20435,1
10202,20436,1
10203,20437,6
10204,20440,1
10207,20449,1
10208,20450,1
10209,20451,3
10210,20454,1
10211,20455,2
10212,20457,1
10214,20459,4
10215,20464,2
10216,20466,1
10217,20467,1
10218,20468,1
10219,20469,1
10220,20470,1
10221,20471,3
10222,20472,6
10223,20475,1
10225,20482,1
10226,20483,2
10227,20485,4
10228,20486,1
10229,20487,1
10230,20489,6
10231,20493,2
10232,20497,1
10233,20498,1
10234,20500,1
10235,20501,2
10236,20504,1
10237,20505,3
10238,20508,1
10239,20509,2
10240,20511,1
10241,20512,1
10242,20513,2
10244,20519,7
10245,20521,1
10246,20527,1
10247,20528,3
10248,20531,3
10249,20532,1
10251,20538,1
10252,20539,1
10254,20542,1
10255,20543,1
10256,20544,1
10257,20545,1
10258,20546,3
10260,20550,1
10261,20551,1
10262,20552,1
10263,20553,1
10264,20554,1
10265,20555,7
10266,20562,1
10267,20563,1
10268,20564,4
10270,20571,6
10271,20581,6
10272,20586,1
10273,20588,1
10274,20589,3
10275,20592,3
10276,20595,1
10279,20602,3
10280,20607,1
10281,20608,1
10282,20609,1
10283,20610,2
10285,20615,1
10286,20616,3
10287,20619,1
10288,20620,3
10289,20621,1
10290,20622,1
10291,20624,7
10292,20626,1
10293,20627,2
10295,20636,1
10296,20639,1
10297,20640,2
10298,20642,1
10299,20643,6
10300,20644,7
10301,20647,3
10302,20658,2
10303,20661,2
10304,20663,1
10305,20664,1
10306,20665,1
10307,20666,3
10308,20667,1
10309,20668,2
10310,20669,1
10311,20673,1
10312,20674,1
10313,20675,1
10314,20676,1
10315,20677,1
10316,20678,1
10317,20679,1
10318,20680,1
10320,20682,6
10321,20685,2
10322,20687,3
10323,20691,4
10326,20705,2
10327,20710,1
10328,20711,1
10329,20712,1
10330,20713,1
10331,20714,1
10332,20715,1
10333,20716,1
10334,20717,3
10335,20720,7
10336,20721,1
10337,20728,1
10338,20729,1
10339,20730,2
10340,20732,1
10341,20733,2
10342,20735,1
10343,20736,1
10344,20737,1
10346,20744,2
10347,20745,1
10348,20747,2
10349,20749,2
10350,20750,1
10351,20752,1
10352,20753,1
10353,20754,3
10354,20757,3
10355,20758,1
10356,20760,3
10357,20764,3
10360,20772,3
10361,20777,1
10362,20778,3
10364,20782,1
10365,20784,1
10366,20786,3
10367,20787,1
10368,20789,3
10369,20790,1
10370,20792,2
10371,20796,1
10372,20797,6
10373,20799,1
10374,20803,5
10377,20818,4
10378,20822,2
10379,20824,3
10380,20826,3
10381,20828,2
10382,20832,3
10383,20833,3
10384,20838,1
10386,20840,2
10388,20845,1
10389,20848,1
10390,20849,5
10391,20851,3
10392,20857,1
10393,20858,2
10394,20860,1
10395,20861,1
10397,20865,1
10399,20869,1
10400,20870,1
10401,20871,1
10403,20874,1
10405,20878,1
10406,20879,3
10407,20881,4
10408,20884,1
10409,20887,3
10410,20889,3
10411,20893,7
10412,20896,4
10413,20904,1
10414,20905,1
10415,20906,1
10416,20907,1
10418,20911,3
10419,20914,4
10420,20918,4
10421,20922,3
10422,20924,1
10423,20926,3
10426,20931,2
10427,20934,1
10428,20936,5
10429,20941,1
10430,20942,1
10431,20943,3
10432,20946,3
10433,20949,1
10434,20950,2
10435,20952,3
10436,20954,3
10437,20958,1
10438,20959,1
10439,20960,1
10440,20961,1
10442,20963,7
10443,20970,1
10444,20971,3
10445,20974,1
10446,20975,3
10447,20977,3
10448,20981,1
10452,20989,3
10453,20990,2
10456,20998,2
10457,21003,1
10458,21004,1
10459,21005,1
10460,21006,1
10462,21009,3
10463,21012,1
10466,21017,1
10467,21019,1
10468,21020,7
10469,21023,1
10470,21028,2
10471,21030,3
10472,21031,1
10473,21034,1
10474,21035,1
10475,21036,3
10477,21040,1
10478,21041,1
10479,21042,1
10480,21043,1
10481,21044,1
10483,21046,3
10484,21049,1
10485,21050,1
10486,21051,2
10487,21053,1
10489,21058,1
10490,21059,1
10491,21060,1
10492,21061,1
10493,21062,1
10494,21063,1
10495,21064,4
10496,21068,1
10497,21069,4
10498,21073,3
10499,21076,4
10500,21079,1
10501,21081,3
10502,21084,2
10504,21089,1
10505,21090,1
10506,21091,1
10507,21092,1
10508,21093,1
10509,21094,2
10510,21096,1
10511,21097,3
10512,21100,3
10513,21103,1
10514,21104,3
10515,21107,1
10516,21108,2
10517,21110,7
10518,21117,7
10519,21124,1
10520,21125,1
10522,21127,1
10523,21128,1
10524,21129,5
10525,21134,1
10527,21140,1
10528,21143,1
10529,21144,1
10530,21145,1
10531,21146,4
10532,21147,1
10533,21151,2
10534,21153,1
10535,21154,6
10536,21160,1
10537,21161,1
10538,21162,1
10540,21165,1
10541,21166,1
10542,21167,1
10544,21169,3
10545,21172,3
10547,21176,1
10548,21179,1
10550,21181,1
10551,21182,1
10552,21183,3
10553,21186,1
10554,21187,2
10555,21189,1
10556,21190,1
10557,21191,1
10558,21192,3
10559,21193,1
10560,21194,3
10562,21200,1
10563,21201,1
10564,21202,1
10565,21203,1
10566,21204,3
10567,21207,1
10568,21208,3
10569,21210,3
10571,21212,1
10572,21219,1
10573,21220,1
10574,21221,1
10575,21222,7
10576,21224,1
10577,21226,6
10579,21234,1
10580,21235,1
10581,21239,3
10582,21242,1
10583,21243,3
10584,21246,1
10585,21247,1
10586,21248,1
10587,21249,1
10588,21250,1
10589,21251,3
10590,21254,1
10592,21256,2
10593,21257,2
10594,21258,1
10595,21260,2
10597,21267,1
10598,21268,1
10600,21270,7
10601,21281,1
10602,21282,3
10604,21285,1
10606,21292,1
10607,21295,1
10608,21297,2
10609,21300,1
10610,21301,1
10611,21302,1
10612,21304,1
10613,21305,1
10614,21306,1
10615,21307,1
10616,21308,2
10617,21309,3
10618,21313,1
10619,21314,1
10620,21315,1
10621,21316,2
10622,21318,1
10623,21319,1
10624,21320,1
10625,21321,3
10626,21322,1
10627,21325,3
10629,21329,2
10630,21330,5
10631,21336,1
10632,21337,1
10633,21338,1
10634,21339,1
10635,21340,1
10636,21341,1
10638,21344,1
10639,21346,1
10640,21347,1
10641,21348,3
10642,21350,1
10643,21352,1
10644,21353,2
10645,21355,2
10646,21356,2
10647,21358,3
10648,21361,3
10650,21366,2
10651,21369,6
10652,21374,3
10653,21379,2
10654,21381,1
10655,21382,1
10656,21383,2
10657,21385,1
10658,21386,1
10659,21387,3
10661,21391,3
10662,21394,1
10663,21395,1
10664,21396,1
10665,21397,1
10666,21398,1
10667,21399,1
10668,21400,1
10669,21401,5
10670,21405,1
10671,21406,4
10672,21410,1
10673,21412,1
10675,21414,1
10676,21418,1
10677,21422,1
10678,21423,1
10679,21424,3
10680,21425,1
10681,21428,6
10682,21429,3
10683,21430,1
10684,21431,1
10685,21439,1
10686,21440,2
10687,21442,1
10689,21444,1
10690,21446,1
10691,21447,4
10692,21448,6
10693,21456,1
10694,21458,1
10695,21459,3
10696,21460,1
10697,21463,1
10698,21464,1
10699,21465,1
10700,21466,1
10701,21467,1
10702,21468,1
10703,21469,1
10704,21470,1
10705,21471,3
10706,21473,1
10707,21475,1
10708,21476,1
10709,21477,3
10710,21480,1
10711,21481,1
10712,21482,3
10713,21485,1
10715,21488,3
10717,21493,1
10718,21494,6
10719,21495,7
10720,21496,1
10721,21508,7
10723,21516,1
10724,21517,1
10725,21518,1
10726,21519,1
10727,21520,4
10728,21524,1
10729,21525,1
10730,21526,6
10731,21529,1
10732,21530,1
10733,21534,1
10735,21536,1
10736,21537,3
10737,21540,3
10738,21542,1
10739,21544,1
10740,21545,1
10741,21546,4
10743,21551,1
10744,21552,2
10746,21555,1
10748,21561,1
10749,21563,1
10750,21564,2
10751,21566,6
10752,21568,7
10753,21570,1
10754,21577,1
10755,21578,1
10756,21579,3
10758,21586,1
10759,21587,1
10760,21588,1
10761,21590,3
10762,21591,1
10763,21594,1
10764,21595,1
10765,21596,3
10766,21597,1
10767,21600,3
10768,21603,1
10769,21604,1
10771,21607,1
10772,21608,5
10773,21612,1
10774,21614,4
10775,21616,3
10776,21618,1
10777,21621,1
10778,21622,3
10779,21624,1
10781,21629,1
10784,21638,1
10785,21639,1
10787,21642,7
10789,21645,2
10790,21648,2
10791,21654,1
10792,21656,3
10793,21658,3
10794,21659,1
10795,21663,1
10797,21668,1
10798,21670,2
10799,21672,3
10801,21676,1
10802,21677,2
10803,21678,1
10804,21680,1
10805,21681,2
10806,21682,1
10807,21684,1
10809,21686,2
10810,21687,3
10811,21691,1
10812,21692,1
10813,21693,2
10814,21695,1
10815,21696,3
10816,21698,1
10817,21700,1
10818,21701,1
10819,21702,1
10820,21703,1
10821,21704,1
10822,21705,1
10823,21706,1
10824,21707,3
10825,21709,2
10826,21711,1
10827,21713,1
10828,21714,6
10829,21718,2
10830,21722,3
10831,21724,1
10833,21727,1
10834,21728,1
10835,21729,1
10836,21730,1
10837,21731,7
10838,21734,1
10840,21740,1
10841,21741,2
10842,21742,1
10843,21744,6
10844,21750,1
10845,21751,3
10846,21754,1
10847,21755,1
10848,21756,1
10849,21757,6
10850,21761,1
10851,21762,1
10852,21765,1
10853,21766,3
10854,21769,3
10855,21772,6
10857,21774,1
10858,21779,1
10859,21782,6
10861,21791,1
10862,21792,1
10863,21793,1
10865,21800,3
10867,21805,1
10868,21808,1
10869,21809,1
10870,21810,2
10871,21812,4
10872,21813,4
10873,21820,1
10874,21821,1
10875,21822,1
10876,21823,1
10877,21824,1
10878,21825,3
10879,21826,2
10880,21830,4
10881,21834,1
10882,21835,6
10883,21837,1
10884,21839,1
10885,21843,3
10886,21846,7
10887,21852,4
10888,21857,2
10889,21859,2
10890,21860,1
10891,21861,1
10892,21863,2
10893,21865,1
10894,21866,4
10895,21867,2
10896,21872,2
10897,21874,1
10898,21875,1
10899,21876,5
10900,21879,2
10901,21883,1
10902,21884,1
10904,21886,1
10905,21887,1
10906,21888,3
10907,21891,1
10908,21892,2
10909,21894,1
10910,21895,1
10911,21896,3
10912,21897,2
10914,21904,3
10915,21905,3
10916,21906,2
10917,21909,1
10918,21913,7
10919,21915,2
10920,21919,3
10921,21923,1
10922,21926,7
10923,21927,3
10925,21935,2
10926,21939,7
10927,21940,7
10928,21947,1
10929,21948,3
10930,21951,1
10931,21953,5
10932,21954,1
10933,21957,2
10934,21966,2
10935,21967,1
10936,21969,1
10938,21972,1
10940,21978,1
10941,21979,3
10942,21981,1
10943,21985,3
10944,21986,1
10945,21988,4
10946,21992,7
10947,21994,1
10948,21996,6
10949,22005,2
10950,22008,1
10951,22010,3
10952,22011,1
10953,22013,1
10954,22015,1
10956,22018,1
10957,22019,1
10958,22020,1
10959,22021,1
10960,22022,1
10961,22023,2
10962,22024,1
10963,22026,5
10964,22027,1
10965,22031,3
10966,22033,1
10967,22036,1
10968,22037,4
10969,22038,1
10970,22039,1
10972,22050,1
10973,22051,2
10975,22054,4
10977,22062,1
10978,22063,1
10979,22064,1
10980,22065,1
10982,22067,2
10983,22073,1
10984,22075,1
10985,22076,7
10986,22077,1
10987,22080,2
10988,22083,1
10989,22084,1
10990,22088,3
10991,22089,1
10992,22090,1
10993,22092,2
10994,22095,1
10995,22096,3
10996,22099,1
10997,22100,1
10999,22102,3
11000,22103,1
11001,22106,1
11002,22107,1
11003,22108,1
11005,22110,6
11006,22114,1
11008,22120,1
11009,22127,1
11010,22128,1
11011,22129,1
11012,22130,1
11013,22131,1
11014,22132,1
11015,22133,2
11017,22138,1
11018,22139,6
11019,22143,1
11020,22146,1
11021,22147,1
11022,22148,1
11023,22149,1
11024,22150,4
11025,22153,1
11026,22155,3
11027,22158,1
11028,22159,3
11029,22160,3
11030,22165,1
11031,22166,1
11032,22167,1
11033,22168,2
11035,22173,1
11036,22176,1
11037,22177,3
11038,22178,4
11039,22181,1
11040,22185,6
11041,22191,1
11042,22192,4
11043,22195,2
11044,22198,1
11045,22199,6
11046,22202,1
11047,22206,1
11048,22207,3
11049,22210,1
11051,22212,1
11053,22217,3
11054,22220,2
11055,22221,2
11056,22224,2
11057,22225,6
11058,22229,6
11060,22239,1
11062,22242,1
11063,22243,1
11064,22244,6
11065,22250,1
11066,22251,1
11067,22252,1
11068,22253,1
11070,22255,3
11071,22257,1
11073,22262,3
11074,22264,4
11077,22275,1
11078,22276,1
11079,22277,1
11080,22278,1
11081,22279,2
11082,22281,1
11083,22282,1
11084,22283,3
11086,22287,3
11088,22291,1
11089,22292,1
11090,22293,1
11092,22295,1
11093,22297,2
11094,22300,1
11095,22301,3
11096,22304,1
11097,22305,2
11098,22307,2
11099,22308,5
11100,22312,1
11102,22316,1
11103,22317,1
11104,22318,1
11105,22319,1
11106,22320,1
11107,22321,1
11108,22322,1
11109,22323,1
11110,22324,4
11111,22325,5
11112,22333,1
11113,22334,1
11114,22335,2
11116,22338,1
11117,22339,1
11118,22340,1
11119,22341,1
11120,22342,2
11121,22344,1
11122,22345,4
11123,22346,3
11124,22347,1
11126,22354,5
11127,22357,2
11128,22361,1
11129,22362,2
11130,22363,3
11131,22365,1
11132,22367,3
11133,22368,1
11134,22370,2
11135,22372,3
11136,22376,1
11137,22378,6
11138,22384,2
11139,22386,1
11141,22388,1
11142,22389,5
11143,22390,1
11144,22392,1
11145,22394,1
11146,22397,1
11147,22398,1
11148,22399,3
11149,22402,2
11150,22404,1
11152,22406,1
11153,22408,1
11154,22413,7
11155,22415,1
11156,22416,1
11157,22417,2
11158,22419,1
11159,22424,1
11160,22426,3
11161,22427,3
11162,22430,1
11163,22432,1
11164,22434,1
11167,22441,6
11168,22444,1
11169,22446,1
11170,22451,3
11171,22455,2
11172,22456,2
11174,22461,2
11175,22462,1
11176,22464,1
11177,22465,3
11178,22467,1
11179,22469,1
11180,22470,2
11181,22471,1
11182,22473,2
11183,22474,1
11185,22477,1
11186,22478,1
11187,22479,2
11188,22481,1
11189,22482,1
11190,22483,3
11196,22499,2
11198,22502,3
11199,22505,1
11200,22506,3
11201,22507,1
11204,22513,1
11206,22515,1
11207,22516,2
11208,22518,1
11209,22519,1
11210,22520,1
11211,22521,1
11212,22522,1
11213,22523,3
11214,22524,1
11215,22527,1
11216,22528,1
11217,22529,1
11218,22530,1
11220,22533,1
11221,22535,2
11222,22536,1
11223,22537,3
11224,22539,3
11225,22547,1
11226,22548,1
11227,22549,2
11228,22550,3
11229,22554,3
11230,22557,1
11231,22558,2
11232,22560,3
11233,22563,3
11234,22566,1
11235,22567,2
11236,22569,1
11237,22570,1
11238,22571,3
11239,22574,1
11241,22576,4
11242,22580,4
11243,22584,3
11244,22585,1
11245,22588,1
11246,22589,1
11247,22590,1
11249,22592,1
11250,22593,2
11251,22595,3
11252,22598,1
11253,22599,1
11254,22600,2
11256,22604,1
11257,22605,1
11259,22607,1
11260,22608,3
11261,22611,2
11263,22615,1
11264,22616,4
11265,22620,1
11266,22621,6
11267,22623,1
11271,22632,2
11272,22634,1
11273,22635,1
11274,22636,1
11275,22637,1
11276,22638,1
11277,22639,1
11278,22640,1
11279,22641,4
11280,22645,3
11281,22648,3
11282,22651,4
11283,22655,1
11285,22658,2
11286,22661,1
11287,22662,1
11289,22664,1
11290,22668,1
11291,22671,6
11292,22672,1
11293,22673,1
11294,22676,4
11295,22678,3
11296,22681,2
11297,22686,5
11298,22692,3
11299,22696,1
11300,22697,1
11301,22698,1
11302,22699,1
11303,22700,1
11304,22701,1
11306,22703,1
11308,22708,1
11309,22709,1
11311,22712,3
11312,22713,1
11313,22714,1
11314,22717,2
11315,22718,1
11317,22724,1
11318,22725,3
11319,22726,3
11320,22728,3
11321,22733,3
11323,22738,4
11324,22741,1
11325,22746,6
11326,22747,1
11327,22752,1
11328,22754,1
11329,22757,1
11330,22759,1
11331,22760,6
11332,22764,1
11333,22766,1
11334,22768,1
11335,22769,1
11337,22771,1
11338,22772,1
11339,22773,1
11340,22774,2
11341,22776,1
11342,22777,2
11343,22778,2
11344,22781,1
11345,22782,6
11346,22783,1
11347,22788,1
11348,22789,6
11349,22792,1
11350,22797,1
11351,22798,1
11352,22799,1
11353,22800,1
11354,22801,1
11355,22802,1
11356,22803,1
11357,22804,1
11358,22805,1
11359,22806,2
11360,22808,3
11361,22811,1
11362,22812,2
11363,22813,2
11364,22816,1
11365,22817,1
11366,22818,3
11367,22821,3
11368,22822,1
11369,22825,2
11370,22826,1
11371,22828,1
11372,22829,1
11374,22831,1
11375,22832,3
11376,22835,1
11377,22836,1
11378,22837,1
11379,22838,1
11381,22841,3
11382,22844,1
11383,22845,1
11384,22846,1
11385,22847,5
11386,22852,7
11387,22856,3
11388,22858,2
11389,22864,7
11390,22865,1
11391,22871,1
11392,22873,4
11394,22880,1
11395,22881,1
11396,22882,1
11397,22883,7
11398,22890,1
11399,22891,3
11400,22894,1
11401,22895,1
11403,22902,1
11404,22903,1
11405,22904,1
11406,22905,1
11407,22906,1
11408,22907,1
11409,22908,1
11410,22909,2
11411,22911,2
11412,22912,2
11413,22914,1
11415,22919,1
11416,22920,2
11417,22922,1
11418,22923,7
11419,22926,1
11420,22929,3
11421,22931,1
11422,22933,2
11423,22935,2
11424,22939,4
11425,22941,1
11426,22944,4
11427,22948,3
11428,22951,1
11429,22952,3
11430,22955,3
11431,22958,1
11432,22959,2
11433,22961,1
11435,22965,1
11436,22966,1
11437,22967,3
11439,22972,3
11440,22975,1
11442,22979,2
11443,22980,1
11445,22983,1
11447,22986,1
11449,22988,1
11450,22989,4
11451,22991,1
11452,22994,1
11453,22995,1
11454,22996,1
11455,22997,1
11456,22998,1
11457,22999,1
11458,23000,1
11459,23001,3
11460,23004,2
11461,23006,1
11462,23007,4
11463,23010,2
11464,23013,1
11465,23014,1
11466,23015,3
11467,23018,2
11468,23020,1
11471,23025,2
11472,23027,1
11473,23028,1
11474,23029,1
11475,23030,2
11477,23036,6
11478,23042,4
11479,23046,3
11480,23049,1
11481,23050,1
11482,23051,2
11483,23053,2
11486,23060,1
11487,23061,1
11489,23063,3
11490,23065,3
11491,23069,1
11492,23070,6
11493,23075,1
11494,23077,2
11496,23082,1
11497,23083,2
11498,23085,1
11499,23086,6
11500,23092,6
11501,23093,1
11502,23099,7
11503,23106,2
11504,23108,3
11505,23111,1
11506,23112,1
11508,23115,3
11509,23116,1
11510,23119,5
11511,23120,1
11512,23125,1
11513,23126,1
11515,23128,1
11516,23129,1
11517,23130,1
11520,23135,7
11521,23139,2
11522,23144,1
11524,23146,1
11525,23147,1
11526,23148,4
11527,23149,1
11529,23154,1
11530,23155,7
11531,23162,7
11532,23163,1
11533,23170,1
11534,23171,6
11535,23173,1
11536,23178,1
11537,23179,1
11538,23180,1
11539,23181,1
11540,23182,1
11543,23189,7
11546,23197,3
11547,23204,1
11548,23205,2
11549,23207,1
11550,23208,6
11551,23214,1
11552,23215,2
11553,23217,3
11554,23218,1
11555,23221,4
11557,23228,1
11558,23229,1
11559,23230,5
11560,23235,1
11563,23239,1
11565,23241,1
11566,23242,1
11567,23243,1
11570,23248,3
11571,23249,1
11572,23252,2
11573,23254,1
11575,23257,1
11576,23258,1
11577,23259,3
11578,23262,3
11579,23264,1
11581,23269,3
11582,23272,1
11583,23273,3
11584,23274,1
11585,23275,3
11586,23280,3
11588,23284,2
11590,23287,1
11591,23288,1
11592,23289,1
11593,23290,3
11594,23291,3
11595,23292,1
11596,23297,1
11597,23298,2
11598,23299,1
11599,23300,1
11600,23302,1
11601,23303,3
11602,23305,1
11603,23307,1
11604,23308,1
11605,23309,1
11606,23310,4
11608,23315,1
11609,23316,1
11610,23317,1
11612,23319,1
11613,23320,1
11614,23321,1
11615,23322,1
11616,23323,7
11617,23324,1
11618,23331,7
11619,23332,1
11620,23333,5
11621,23334,2
11622,23337,1
11623,23340,4
11624,23345,3
11625,23347,1
11626,23355,1
11627,23356,1
11628,23357,1
11629,23358,7
11630,23364,1
11631,23366,3
11632,23369,3
11635,23376,6
11636,23384,1
11637,23385,1
11638,23386,1
11639,23387,4
11640,23390,3
11641,23391,3
11642,23392,2
11643,23399,6
11645,23401,2
11646,23405,1
11647,23409,1
11648,23410,3
11649,23413,2
11650,23414,3
11653,23422,1
11654,23423,2
11655,23425,4
11656,23427,1
11659,23437,3
11660,23443,3
11661,23444,2
11662,23448,3
11663,23451,3
11664,23454,6
11665,23457,1
11666,23461,1
11668,23464,1
11670,23466,7
11671,23469,2
11672,23473,3
11673,23474,1
11674,23478,4
11675,23481,2
11677,23486,7
11678,23489,1
11679,23492,2
11680,23495,3
11681,23499,1
11683,23504,1
11684,23505,1
11685,23506,1
11686,23507,2
11687,23509,1
11688,23510,1
11689,23511,3
11690,23514,1
11691,23515,2
11692,23517,1
11693,23518,3
11694,23521,2
11696,23526,1
11697,23527,1
11698,23528,1
11699,23529,2
11700,23531,2
11701,23532,1
11702,23534,1
11704,23536,1
11705,23537,1
11706,23538,1
11707,23539,1
11708,23540,2
11710,23543,2
11711,23545,2
11713,23548,1
11714,23549,1
11715,23550,6
11716,23551,5
11717,23554,1
11718,23555,1
11720,23564,3
11723,23570,1
11724,23572,1
11725,23573,3
11727,23577,1
11728,23578,2
11729,23580,7
11730,23583,1
11731,23584,6
11732,23587,1
11733,23588,3
11734,23596,4
11735,23601,3
11736,23605,3
11737,23606,1
11739,23610,7
11740,23611,1
11741,23612,1
11742,23613,1
11743,23618,3
11744,23622,2
11745,23625,3
11746,23628,2
11747,23629,1
11748,23630,3
11752,23640,1
11753,23641,1
11754,23643,1
11755,23644,3
11756,23647,7
11757,23655,2
11758,23657,1
11759,23658,3
11760,23660,2
11762,23666,7
11763,23673,1
11764,23675,4
11765,23676,1
11766,23677,3
11767,23678,2
11768,23681,3
11770,23689,3
11771,23692,1
11773,23694,2
11774,23695,4
11775,23702,3
11776,23705,3
11777,23706,3
11778,23707,1
11779,23710,1
11780,23713,1
11781,23714,1
11782,23715,2
11784,23720,4
11785,23721,1
11787,23727,3
11788,23729,1
11789,23731,3
11791,23735,6
11792,23740,1
11793,23742,1
11794,23744,3
11795,23745,1
11797,23748,3
11798,23752,1
11800,23755,2
11803,23768,1
11804,23769,1
11805,23770,1
11806,23771,1
11807,23772,2
11808,23773,1
11809,23775,1
11810,23776,3
11811,23777,1
11812,23780,2
11813,23782,1
11814,23783,1
11815,23784,1
11816,23785,1
11817,23786,5
11818,23790,1
11819,23792,4
11820,23793,3
11821,23795,1
11822,23800,3
11823,23803,1
11824,23804,1
11825,23805,2
11826,23807,3
11827,23808,1
11828,23811,3
11829,23812,1
11830,23815,2
11831,23817,3
11832,23818,2
11833,23819,3
11834,23821,1
11835,23823,7
11836,23826,1
11837,23829,4
11838,23831,3
11839,23832,1
11840,23837,1
11841,23843,1
11842,23844,1
11844,23847,2
11845,23849,1
11846,23850,1
11847,23851,2
11848,23853,1
11849,23854,1
11850,23855,4
11851,23859,1
11852,23860,3
11853,23863,1
11854,23864,1
11855,23865,1
11856,23866,1
11857,23867,1
11858,23868,1
11859,23869,3
11860,23872,1
11861,23873,1
11862,23874,2
11864,23878,1
11865,23880,1
11866,23881,1
11868,23885,4
11869,23886,3
11870,23892,2
11871,23894,4
11872,23898,1
11873,23899,2
11874,23901,3
11875,23904,1
11876,23905,2
11877,23907,3
11878,23910,1
11879,23911,1
11880,23912,3
11881,23915,1
11882,23916,3
11883,23917,3
11884,23918,3
11885,23925,2
11886,23926,1
11887,23928,1
11888,23929,1
11889,23930,1
11890,23931,1
11892,23936,4
11893,23939,2
11894,23940,5
11895,23941,3
11896,23943,1
11897,23951,1
11898,23952,3
11899,23954,1
11900,23956,3
11901,23958,1
11902,23960,1
11903,23961,1
11904,23962,3
11905,23964,1
11906,23966,3
11908,23970,1
11909,23972,2
11910,23976,3
11911,23977,1
11913,23981,1
11914,23982,1
11915,23983,3
11916,23986,1
11917,23987,7
11918,23989,1
11919,23990,2
11920,23993,3
11921,23994,1
11922,23997,3
11923,24004,1
11924,24005,1
11925,24006,1
11926,24007,1
11927,24008,3
11928,24010,3
11929,24013,1
11930,24015,1
11931,24016,1
11932,24017,1
11933,24018,3
11934,24019,1
11935,24021,1
11936,24023,3
11937,24024,1
11938,24027,3
11939,24028,3
11940,24033,1
11941,24034,3
11942,24035,1
11943,24037,1
11944,24039,1
11946,24041,7
11947,24044,1
11948,24046,1
11949,24048,1
11950,24051,1
11951,24052,3
11952,24055,6
11953,24056,3
11954,24060,1
11955,24065,1
11956,24066,1
11957,24067,7
11958,24068,6
11959,24071,1
11960,24073,1
11962,24081,1
11963,24083,1
11964,24084,1
11967,24088,1
11968,24091,1
11969,24092,2
11970,24093,3
11971,24097,7
11973,24105,1
11974,24107,6
11975,24108,1
11976,24114,1
11977,24115,1
11978,24116,1
11979,24117,1
11980,24118,1
11982,24120,1
11983,24121,3
11985,24125,7
11986,24130,3
11987,24132,1
11988,24133,3
11989,24139,2
11990,24143,3
11991,24146,3
11992,24147,2
11994,24152,3
11995,24155,5
11996,24156,1
11997,24161,6
11998,24163,1
11999,24164,1
12000,24168,1
12001,24170,1
12002,24171,1
12003,24172,1
12004,24173,1
12005,24174,1
12006,24175,4
12007,24179,1
12008,24180,3
12009,24183,2
12010,24184,1
12011,24185,1
12012,24186,6
12013,24191,1
12015,24193,6
12017,24204,3
12019,24208,6
12020,24209,3
12021,24214,1
12022,24218,1
12024,24220,3
12025,24221,1
12026,24224,1
12027,24225,1
12028,24226,7
12029,24233,1
12030,24234,6
12031,24236,1
12032,24237,3
12033,24244,1
12034,24245,3
12035,24248,1
12036,24249,1
12037,24250,2
12038,24252,1
12039,24253,1
12040,24254,1
12041,24255,1
12042,24256,1
12043,24257,1
12044,24258,1
12045,24259,2
12046,24261,3
12047,24264,7
12048,24266,2
12049,24268,1
12050,24272,1
12051,24275,1
12052,24276,1
12053,24277,3
12054,24278,3
12056,24284,1
12057,24289,1
12058,24290,3
12059,24293,1
12060,24294,3
12061,24297,1
12062,24298,1
12063,24299,3
12065,24303,7
12066,24306,1
12067,24311,3
12069,24315,4
12070,24316,1
12071,24318,2
12072,24322,2
12074,24325,1
12076,24327,1
12077,24328,5
12078,24329,2
12079,24331,3
12080,24335,1
12081,24337,3
12082,24342,1
12083,24343,1
12084,24344,2
12085,24346,1
12086,24347,7
12087,24349,3
12088,24357,2
12089,24359,1
12091,24363,1
12092,24364,1
12094,24366,1
12095,24368,2
12096,24369,1
12097,24371,1
12098,24372,1
12099,24373,1
12100,24374,1
12101,24375,6
12102,24376,1
12103,24378,1
12104,24379,2
12105,24385,3
12106,24388,3
12107,24391,1
12108,24392,1
12109,24393,2
12110,24394,1
12111,24396,1
12112,24397,1
12114,24399,1
12115,24400,1
12116,24401,2
12118,24406,1
12119,24408,1
12120,24409,2
12121,24411,3
12122,24412,3
12123,24415,6
12124,24418,3
12125,24426,1
12126,24427,3
12127,24428,6
12129,24436,1
12130,24440,3
12131,24443,1
12133,24445,1
12134,24446,1
12136,24454,1
12137,24456,1
12138,24457,1
12139,24458,1
12140,24459,3
12141,24460,7
12143,24475,6
12144,24476,1
12146,24484,1
12147,24485,6
12149,24488,1
12150,24493,6
12151,24495,3
12152,24500,1
12153,24503,2
12154,24505,1
12155,24506,1
12156,24507,3
12157,24508,1
12158,24511,6
12159,24512,1
12160,24517,4
12161,24520,2
12162,24523,1
12164,24526,6
12165,24528,1
12166,24529,1
12167,24531,1
12168,24535,7
12169,24540,1
12170,24542,1
12171,24543,1
12172,24545,1
12173,24546,1
12175,24549,3
12176,24553,1
12177,24554,5
12178,24557,1
12180,24562,2
12181,24564,1
12182,24565,2
12183,24567,1
12184,24568,1
12185,24569,1
12186,24570,1
12187,24571,1
12189,24573,1
12190,24574,4
12191,24575,3
12192,24581,2
12193,24583,2
12194,24585,1
12195,24586,1
12196,24587,2
12197,24589,1
12198,24590,3
12200,24596,1
12201,24597,1
12202,24598,1
12204,24601,5
12205,24606,1
12206,24607,1
12207,24608,2
12208,24609,1
12209,24611,1
12210,24612,2
12211,24614,1
12212,24615,3
12213,24618,2
12214,24620,2
12215,24621,1
12217,24624,1
12218,24625,1
12219,24629,1
12220,24632,1
12221,24634,1
12222,24635,1
12223,24636,1
12224,24637,1
12225,24638,1
12226,24639,2
12227,24640,1
12228,24641,1
12229,24643,1
12230,24644,6
12231,24646,3
12232,24651,1
12233,24654,2
12234,24656,1
12235,24657,3
12236,24658,1
12237,24659,1
12238,24662,6
12240,24666,2
12242,24673,2
12243,24676,7
12244,24677,1
12245,24679,1
12246,24684,3
12247,24688,1
12248,24689,3
12249,24692,6
12250,24695,1
12251,24699,1
12252,24700,1
12253,24701,1
12254,24702,6
12255,24703,1
12256,24706,2
12257,24708,3
12258,24712,3
12259,24714,1
12260,24715,1
12261,24717,1
12262,24718,3
12263,24722,3
12264,24725,6
12265,24726,1
12266,24728,1
12268,24735,3
12269,24738,1
12270,24740,3
12271,24741,1
12272,24744,1
12274,24746,1
12275,24747,1
12276,24749,1
12277,24750,1
12278,24751,1
12279,24752,6
12280,24753,1
12282,24756,1
12283,24759,2
12284,24763,7
12285,24765,2
12286,24772,3
12287,24775,3
12288,24778,1
12289,24779,3
12290,24780,3
12292,24786,1
12293,24787,1
12294,24790,4
12296,24795,1
12297,24797,1
12298,24798,1
12299,24799,1
12300,24800,1
12301,24801,1
12302,24802,1
12303,24803,1
12304,24804,1
12305,24805,1
12306,24806,1
12307,24807,5
12308,24809,1
12310,24814,3
12311,24815,1
12312,24817,1
12313,24819,1
12314,24820,3
12315,24823,1
12316,24824,6
12317,24826,6
12318,24832,2
12319,24834,1
12322,24844,1
12323,24848,1
12324,24850,1
12326,24853,2
12327,24855,3
12328,24858,1
12329,24859,7
12330,24865,3
12331,24869,2
12332,24871,1
12333,24872,1
12334,24873,3
12335,24875,1
12337,24880,1
12338,24881,1
12339,24882,5
12340,24887,1
12341,24888,3
12342,24891,1
12343,24892,1
12344,24893,5
12345,24895,1
12346,24899,3
12347,24901,1
12348,24903,1
12350,24907,3
12351,24908,1
12352,24911,6
12353,24917,1
12354,24918,1
12355,24919,1
12356,24920,1
12357,24921,3
12359,24925,4
12360,24929,6
12361,24935,1
12362,24936,6
12363,24942,1
12364,24943,1
12365,24944,1
12366,24945,1
12367,24946,1
12368,24947,3
12369,24950,1
12370,24951,4
12371,24955,1
12372,24956,1
12373,24957,3
12374,24958,1
12375,24961,1
12376,24962,4
12377,24966,1
12378,24967,4
12379,24971,1
12380,24972,2
12381,24974,3
12382,24977,3
12383,24979,1
12384,24981,1
12385,24982,4
12386,24986,1
12391,25002,1
12392,25003,1
12393,25004,1
12394,25005,7
12395,25011,3
12396,25015,1
12397,25016,2
12398,25017,6
12399,25024,1
12400,25025,1
12401,25026,1
12402,25027,1
12403,25028,1
12404,25029,3
12405,25032,4
12406,25033,2
12407,25034,1
12408,25039,7
12409,25043,4
12410,25050,3
12412,25054,1
12413,25055,1
12414,25056,2
12415,25058,3
12416,25061,1
12417,25062,2
12418,25064,1
12419,25065,1
12422,25072,1
12423,25073,1
12424,25074,7
12425,25075,3
12426,25084,2
12428,25086,1
12429,25088,4
12430,25092,1
12431,25093,5
12432,25098,1
12433,25099,3
12434,25101,1
12435,25103,1
12436,25104,1
12437,25105,4
12438,25107,1
12441,25112,2
12442,25114,2
12443,25116,1
12444,25117,4
12445,25121,1
12446,25122,1
12447,25123,1
12448,25124,1
12449,25125,1
12450,25126,1
12451,25127,1
12452,25128,1
12453,25129,2
12454,25131,1
12455,25132,1
12456,25133,1
12457,25134,4
12459,25140,3
12460,25143,1
12461,25144,4
12463,25153,1
12464,25154,1
12465,25155,1
12466,25156,1
12467,25157,1
12468,25158,1
12470,25162,1
12471,25163,3
12472,25166,1
12473,25167,1
12474,25168,1
12475,25169,1
12476,25170,1
12478,25172,7
12480,25179,1
12481,25183,3
12483,25192,1
12484,25193,1
12485,25194,3
12486,25196,1
12488,25199,3
12489,25202,1
12490,25203,3
12491,25206,1
12492,25207,1
12493,25208,3
12494,25211,1
12495,25212,2
12496,25214,6
12497,25220,1
12498,25221,1
12500,25223,1
12501,25224,1
12502,25225,1
12503,25226,1
12507,25237,6
12508,25241,3
12509,25246,7
12510,25253,2
12511,25255,3
12512,25258,3
12513,25261,2
12514,25263,1
12515,25264,1
12516,25265,1
12517,25266,3
12518,25269,1
12519,25270,3
12520,25272,3
12521,25276,1
12522,25277,1
12523,25278,1
12524,25279,1
12525,25280,1
12526,25281,1
12527,25282,1
12529,25286,1
12530,25288,6
12532,25295,1
12533,25296,1
12534,25297,1
12535,25298,1
12536,25299,1
12537,25300,3
12538,25301,1
12539,25302,1
12540,25305,1
12541,25306,1
12542,25307,1
12544,25309,3
12545,25317,1
12546,25318,1
12547,25319,3
12548,25321,1
12549,25323,1
12550,25324,3
12551,25325,5
12552,25326,3
12553,25327,1
12554,25336,1
12555,25337,2
12556,25338,2
12557,25341,1
12558,25342,1
12559,25343,2
12561,25347,1
12562,25349,1
12563,25350,2
12564,25352,3
12565,25354,1
12567,25357,1
12568,25358,7
12569,25360,2
12570,25370,1
12571,25372,1
12572,25373,1
12573,25374,1
12574,25375,1
12575,25376,4
12576,25377,1
12577,25378,1
12578,25379,2
12579,25384,7
12580,25391,2
12581,25393,5
12582,25397,1
12583,25398,2
12584,25400,3
12585,25401,1
12586,25405,4
12587,25409,1
12588,25410,1
12589,25411,2
12590,25413,1
12591,25414,1
12592,25415,1
12593,25416,2
12594,25418,1
12596,25420,1
12597,25421,1
12598,25422,1
12599,25423,1
12601,25426,1
12602,25428,1
12603,25429,1
12605,25437,7
12606,25438,1
12607,25444,2
12608,25447,2
12609,25449,3
12610,25452,1
12611,25453,1
12612,25454,1
12613,25455,2
12614,25457,1
12615,25458,1
12616,25459,3
12617,25461,2
12618,25464,1
12619,25465,1
12620,25466,3
12621,25469,1
12622,25470,3
12624,25476,1
12625,25477,1
12626,25478,1
12627,25479,2
12630,25486,2
12631,25488,1
12632,25489,1
12633,25490,3
12634,25493,1
12635,25494,1
12636,25495,4
12637,25499,6
12638,25504,1
12639,25506,3
12640,25509,1
12641,25510,1
12642,25511,1
12643,25512,2
12644,25514,1
12645,25515,3
12646,25518,1
12647,25519,1
12648,25520,1
12649,25521,3
12650,25523,1
12651,25525,4
12652,25528,1
12654,25532,3
12656,25536,1
12657,25537,3
12658,25540,1
12659,25541,3
12660,25542,1
12662,25546,1
12664,25548,1
12665,25549,2
12666,25553,1
12667,25554,1
12668,25555,1
12669,25556,1
12670,25557,1
12673,25561,1
12674,25564,1
12675,25565,2
12676,25568,1
12678,25573,1
12680,25580,6
12681,25582,3
12682,25583,4
12683,25588,1
12685,25597,1
12686,25598,1
12687,25599,3
12688,25602,1
12689,25603,1
12690,25604,1
12692,25607,4
12693,25608,1
12695,25614,1
12696,25615,1
12697,25616,3
12698,25619,1
12699,25620,7
12700,25623,1
12701,25627,1
12702,25628,1
12703,25629,3
12704,25632,1
12705,25634,3
12706,25637,2
12707,25638,1
12708,25639,7
12709,25642,1
12710,25645,1
12711,25648,1
12712,25650,3
12713,25653,1
12714,25654,3
12715,25656,1
12716,25658,1
12717,25659,1
12718,25660,1
12719,25661,1
12720,25662,1
12721,25663,1
12722,25664,1
12723,25665,1
12724,25666,3
12725,25667,2
12726,25671,1
12727,25672,2
12729,25675,1
12730,25676,1
12731,25677,1
12732,25678,1
12733,25679,3
12734,25680,3
12735,25685,5
12736,25689,1
12737,25690,1
12738,25692,7
12739,25693,1
12740,25694,2
12741,25697,1
12742,25698,4
12743,25701,1
12744,25702,1
12745,25705,1
12746,25709,1
12747,25710,1
12748,25712,1
12749,25713,1
12750,25714,5
12751,25718,1
12752,25720,3
12753,25721,2
12754,25724,2
12755,25727,3
12756,25729,1
12757,25730,3
12758,25734,5
12761,25743,1
12762,25749,3
12763,25752,1
12764,25756,1
12765,25758,1
12766,25759,1
12767,25760,3
12768,25763,3
12769,25765,3
12770,25767,2
12771,25769,1
12772,25772,3
12774,25776,3
12775,25777,1
12776,25779,1
12777,25781,3
12779,25787,6
12780,25788,1
12782,25796,1
12783,25799,1
12784,25800,1
12785,25801,1
12786,25802,1
12787,25803,6
12788,25809,6
12789,25815,1
12791,25818,1
12792,25819,1
12794,25821,6
12795,25827,3
12796,25830,1
12798,25833,1
12800,25836,1
12801,25837,1
12802,25838,1
12803,25839,1
12804,25840,6
12805,25846,6
12806,25852,3
12807,25855,7
12808,25858,4
12810,25860,1
12811,25873,1
12812,25874,1
12813,25876,1
12814,25877,2
12815,25879,3
12816,25882,3
12817,25885,1
12818,25886,2
12819,25888,1
12820,25889,1
12821,25890,3
12822,25891,1
12824,25895,2
12825,25896,1
12826,25898,4
12827,25902,1
12828,25903,4
12829,25907,2
12830,25908,2
12832,25913,2
12833,25919,1
12834,25921,1
12835,25922,2
12836,25924,1
12837,25925,7
12838,25927,3
12839,25929,1
12840,25931,1
12841,25932,1
12843,25939,6
12844,25942,1
12846,25945,1
12847,25946,1
12848,25947,1
12849,25955,2
12850,25957,3
12851,25960,2
12852,25962,1
12853,25963,1
12854,25964,6
12855,25965,1
12857,25967,3
12858,25968,1
12860,25970,1
12862,25973,1
12863,25975,2
12864,25980,3
12865,25984,2
12866,25985,1
12867,25989,1
12868,25990,1
12869,25991,3
12870,25992,1
12871,25993,1
12872,25994,1
12873,25997,1
12874,25998,3
12877,26003,6
12878,26004,2
12879,26008,1
12881,26016,1
12882,26018,1
12884,26020,1
12885,26024,2
12886,26026,1
12887,26027,2
12888,26029,1
12892,26036,1
12893,26037,1
12894,26038,2
12895,26039,1
12896,26040,3
12898,26045,1
12899,26048,6
12900,26053,1
12902,26056,1
12903,26057,1
12904,26058,1
12905,26059,1
12906,26060,1
12907,26061,1
12908,26062,3
12909,26063,1
12910,26064,2
12911,26068,2
12912,26070,7
12914,26075,1
12915,26076,1
12916,26080,5
12917,26083,3
12918,26084,3
12920,26091,1
12921,26094,1
12922,26095,6
12923,26097,1
12924,26102,2
12925,26104,1
12926,26105,2
12927,26107,7
12929,26116,1
12930,26120,1
12931,26122,3
12932,26124,4
12933,26127,3
12934,26131,1
12935,26133,1
12936,26134,1
12937,26135,1
12939,26138,1
12940,26139,1
12941,26140,3
12942,26143,1
12943,26144,1
12944,26145,1
12945,26146,4
12946,26147,1
12947,26148,4
12948,26150,1
12949,26151,3
12950,26159,3
12951,26160,1
12952,26162,1
12954,26165,1
12955,26166,1
12956,26167,1
12957,26168,1
12958,26169,2
12959,26171,1
12960,26172,3
12961,26175,1
12963,26182,3
12964,26185,4
12965,26189,1
12966,26190,1
12968,26195,1
12971,26202,1
12972,26203,1
12973,26204,2
12974,26206,1
12976,26208,1
12977,26210,1
12978,26211,1
12979,26212,1
12980,26213,3
12982,26217,3
12983,26220,1
12985,26225,2
12986,26228,2
12987,26230,6
12988,26235,7
12989,26236,1
12991,26246,6
12992,26251,1
12993,26254,3
12994,26256,3
12995,26260,1
12996,26261,1
12997,26262,4
12998,26265,1
12999,26266,1
13000,26268,1
13001,26269,3
13002,26270,3
13004,26276,1
13005,26277,1
13006,26278,3
13007,26281,1
13008,26282,1
13010,26285,1
13011,26286,1
13012,26287,1
13013,26288,2
13014,26290,1
13015,26291,3
13016,26292,7
13017,26294,1
13019,26304,1
13020,26306,3
13021,26307,1
13022,26308,1
13023,26309,1
13025,26314,3
13027,26321,1
13028,26322,2
13029,26324,1
13030,26325,1
13032,26328,1
13033,26329,3
13034,26330,2
13035,26334,1
13036,26335,3
13038,26340,1
13039,26341,3
13040,26343,1
13041,26344,1
13042,26345,3
13043,26346,1
13044,26350,2
13045,26352,1
13046,26353,7
13047,26354,2
13048,26362,2
13049,26364,2
13051,26367,5
13052,26369,1
13053,26374,6
13054,26377,2
13055,26382,5
13056,26384,1
13057,26388,1
13058,26389,1
13059,26390,1
13060,26391,1
13062,26393,2
13064,26396,1
13065,26397,1
13066,26398,4
13067,26402,1
13068,26403,4
13069,26404,2
13070,26409,1
13071,26410,1
13073,26412,7
13074,26419,1
13075,26420,1
13076,26421,1
13077,26422,1
13078,26423,3
13080,26427,1
13082,26429,1
13083,26431,7
13084,26436,1
13085,26444,1
13086,26445,1
13087,26446,3
13088,26449,2
13089,26451,7
13090,26452,3
13091,26457,6
13092,26463,3
13093,26466,7
13096,26486,3
13098,26490,3
13099,26493,1
13100,26494,1
13101,26495,1
13102,26496,1
13103,26497,2
13104,26499,1
13106,26504,1
13107,26505,3
13108,26508,3
13110,26514,2
13111,26516,4
13112,26520,1
13113,26521,3
13115,26525,1
13116,26526,2
13117,26528,1
13118,26529,1
13119,26530,1
13120,26531,1
13121,26532,1
13122,26533,3
13123,26535,6
13125,26545,3
13126,26549,1
13128,26551,1
13129,26553,1
13130,26554,1
13131,26555,1
13132,26556,3
13133,26559,1
13134,26560,1
13135,26561,6
13136,26562,1
13137,26564,3
13138,26568,3
13140,26575,3
13142,26581,1
13144,26583,1
13145,26584,1
13146,26585,2
13147,26587,2
13148,26589,1
13149,26590,1
13150,26591,1
13151,26592,1
13152,26593,2
13155,26599,1
13156,26604,4
13157,26608,1
13158,26609,2
13159,26611,3
13162,26616,1
13163,26617,3
13164,26619,3
13166,26626,1
13168,26628,6
13169,26634,2
13171,26637,1
13172,26640,5
13173,26644,1
13174,26646,1
13175,26647,3
13177,26650,4
13178,26652,3
13179,26656,1
13180,26659,1
13181,26660,6
13183,26667,1
13184,26668,1
13185,26669,2
13186,26671,1
13187,26672,1
13188,26673,4
13190,26679,2
13191,26680,4
13192,26682,1
13193,26686,1
13194,26687,7
13195,26689,1
13196,26690,1
13197,26691,4
13198,26697,1
13199,26701,2
13200,26703,3
13201,26705,1
13203,26708,5
13204,26711,1
13205,26713,2
13206,26716,2
13207,26718,1
13208,26719,4
13209,26720,1
13210,26723,2
13211,26726,3
13212,26728,2
13213,26730,1
13214,26732,1
13215,26733,1
13216,26734,3
13217,26737,4
13218,26741,1
13219,26742,1
13220,26743,1
13221,26744,7
13222,26750,5
13223,26755,2
13224,26756,6
13228,26767,3
13229,26770,1
13230,26771,2
13231,26773,1
13232,26774,1
13233,26775,3
13234,26776,1
13235,26779,1
13238,26784,6
13239,26790,2
13240,26792,6
13242,26800,1
13243,26801,4
13244,26805,2
13245,26807,2
13246,26809,2
13247,26811,1
13248,26812,1
13249,26813,1
13250,26814,1
13251,26815,3
13253,26819,1
13254,26820,1
13255,26821,1
13256,26822,3
13257,26825,1
13258,26826,3
13260,26831,1
13261,26832,1
13262,26833,1
13263,26834,3
13264,26837,2
13266,26842,1
13268,26844,1
13269,26845,1
13271,26849,1
13272,26850,3
13273,26851,2
13274,26855,2
13275,26856,2
13277,26861,3
13278,26863,3
13279,26866,1
13280,26867,1
13281,26869,3
13282,26872,3
13285,26879,7
13286,26886,6
13287,26888,7
13288,26894,1
13289,26900,3
13290,26903,3
13291,26904,1
13292,26907,1
13294,26910,5
13295,26915,1
13296,26916,1
13298,26919,1
13299,26925,1
13300,26926,4
13302,26933,1
13303,26934,4
13304,26937,1
13305,26939,1
13306,26940,1
13307,26941,1
13308,26942,3
13310,26946,3
13311,26949,6
13312,26955,4
13313,26959,1
13314,26960,3
13315,26963,2
13316,26965,2
13318,26973,1
13319,26974,7
13321,26982,1
13322,26983,2
13324,26987,3
13325,26991,1
13326,26992,3
13327,26995,3
13328,26998,2
13329,27000,3
13331,27004,3
13332,27007,1
13333,27008,1
13334,27009,6
13335,27015,1
13336,27016,1
13337,27017,1
13338,27018,1
13339,27019,3
13340,27022,2
13341,27024,2
13342,27026,1
13344,27029,1
13346,27033,1
13347,27034,1
13348,27035,1
13349,27036,1
13350,27037,3
13351,27038,1
13352,27041,3
13353,27044,2
13354,27046,6
13355,27047,1
13357,27054,1
13358,27055,1
13359,27056,3
13360,27057,1
13361,27060,4
13362,27063,3
13364,27069,3
13365,27072,1
13366,27073,1
13367,27074,1
13368,27075,1
13369,27076,3
13370,27079,1
13371,27080,1
13372,27081,3
13373,27084,3
13375,27090,1
13377,27092,1
13378,27093,1
13379,27094,2
13380,27096,6
13381,27102,2
13383,27106,1
13384,27107,1
13385,27108,1
13386,27109,3
13387,27112,3
13388,27115,1
13389,27116,1
13390,27117,1
13392,27121,1
13393,27122,1
13394,27123,6
13395,27124,1
13396,27130,1
13398,27133,1
13399,27134,3
13400,27137,3
13401,27138,1
13402,27141,1
13403,27142,2
13404,27144,1
13405,27145,1
13406,27146,3
13407,27149,1
13408,27150,2
13409,27152,2
13410,27153,3
13416,27169,1
13417,27170,2
13418,27172,1
13419,27173,2
13420,27175,4
13421,27179,1
13422,27180,2
13423,27182,1
13424,27183,3
13425,27185,1
13426,27187,2
13427,27189,1
13428,27190,1
13429,27191,1
13430,27192,2
13431,27194,2
13432,27195,4
13433,27200,1
13434,27201,4
13435,27203,2
13436,27207,5
13437,27208,1
13438,27213,1
13439,27214,3
13440,27217,3
13441,27218,1
13442,27219,1
13443,27221,1
13444,27223,4
13445,27225,2
13446,27226,1
13447,27229,1
13448,27231,1
13449,27232,1
13451,27234,1
13452,27235,1
13453,27237,5
13454,27243,1
13455,27244,1
13456,27245,1
13457,27246,6
13458,27248,1
13459,27252,6
13460,27254,7
13461,27259,3
13462,27261,1
13463,27269,1
13464,27271,1
13465,27272,3
13466,27273,1
13467,27276,1
13468,27277,1
13470,27280,2
13471,27281,2
13472,27284,1
13473,27285,1
13474,27286,1
13475,27287,3
13476,27288,1
13477,27291,1
13478,27292,4
13479,27294,1
13480,27297,1
13481,27298,1
13482,27299,1
13483,27300,1
13484,27301,1
13486,27303,1
13487,27304,3
13488,27307,1
13489,27308,1
13491,27310,2
13492,27312,1
13493,27313,1
13494,27314,7
13496,27319,1
13497,27320,4
13498,27322,1
13499,27327,1
13500,27330,5
13501,27335,6
13503,27337,2
13504,27340,4
13505,27341,1
13506,27345,1
13507,27348,1
13508,27350,6
13509,27352,4
13510,27354,7
13511,27357,2
13512,27358,5
13513,27371,1
13515,27376,1
13516,27378,1
13517,27379,2
13518,27381,1
13519,27382,1
13520,27383,1
13521,27384,3
13522,27387,1
13523,27388,1
13525,27390,1
13526,27392,1
13527,27393,1
13528,27394,1
13529,27395,1
13530,27396,3
13531,27399,1
13533,27401,1
13534,27402,2
13535,27405,1
13536,27406,1
13537,27407,3
13538,27410,1
13539,27411,2
13540,27413,1
13541,27414,1
13542,27415,2
13543,27417,1
13544,27418,2
13545,27420,1
13546,27421,1
13547,27422,2
13549,27427,1
13550,27428,3
13551,27431,1
13552,27432,1
13553,27433,3
13555,27437,2
13556,27439,3
13557,27442,1
13559,27445,3
13561,27449,1
13563,27453,2
13564,27455,1
13565,27456,2
13566,27458,1
13567,27459,1
13568,27460,2
13569,27462,1
13570,27463,1
13571,27464,7
13572,27466,1
13573,27467,3
13574,27475,1
13575,27476,3
13576,27479,1
13577,27480,1
13579,27482,1
13580,27483,1
13581,27484,1
13583,27487,1
13584,27488,1
13586,27491,1
13587,27492,1
13588,27493,1
13589,27494,1
13590,27495,6
13591,27496,7
13593,27509,3
13595,27512,1
13597,27516,1
13598,27517,3
13599,27519,1
13600,27520,1
13601,27521,1
13602,27522,1
13603,27524,1
13604,27525,1
13605,27526,4
13606,27527,1
13607,27528,1
13608,27532,1
13609,27533,3
13610,27536,3
13611,27538,1
13615,27545,1
13616,27547,1
13617,27550,1
13619,27553,3
13620,27555,3
13622,27560,1
13623,27561,1
13624,27562,3
13625,27564,1
13626,27565,5
13627,27566,1
13628,27570,1
13629,27573,6
13630,27574,1
13631,27575,3
13632,27576,3
13633,27584,3
13634,27589,1
13635,27590,3
13636,27591,1
13638,27595,3
13639,27597,1
13640,27601,3
13641,27605,1
13643,27607,6
13644,27608,1
13645,27611,3
13646,27613,3
13647,27621,1
13648,27626,1
13649,27627,2
13650,27628,6
13651,27629,1
13652,27636,1
13653,27637,1
13654,27638,3
13656,27644,1
13657,27645,1
13658,27646,1
13659,27647,1
13660,27648,1
13661,27649,3
13662,27650,1
13663,27653,7
13664,27654,2
13665,27656,1
13666,27661,1
13667,27664,3
13669,27669,1
13670,27670,2
13671,27672,1
13672,27673,2
13673,27674,1
13674,27676,3
13675,27677,1
13676,27679,6
13677,27684,1
13678,27687,1
13679,27688,1
13680,27689,5
13681,27690,1
13682,27692,1
13683,27693,1
13685,27699,1
13686,27701,3
13687,27704,4
13688,27705,6
13689,27706,3
13690,27710,1
13693,27721,1
13695,27726,1
13696,27732,1
13697,27733,5
13699,27743,1
13700,27744,1
13701,27745,1
13702,27746,1
13703,27747,3
13704,27750,1
13705,27751,6
13706,27753,2
13707,27756,3
13708,27758,6
13712,27777,1
13713,27778,1
13714,27779,1
13715,27780,3
13716,27783,1
13718,27785,3
13719,27788,1
13720,27789,3
13724,27800,1
13725,27801,1
13726,27802,7
13727,27809,5
13728,27814,1
13729,27815,2
13730,27817,1
13731,27818,3
13732,27821,1
13733,27822,1
13734,27823,1
13735,27824,1
13736,27825,3
13737,27826,1
13738,27829,2
13739,27831,1
13740,27832,6
13741,27834,5
13742,27838,1
13743,27844,1
13744,27845,1
13745,27846,7
13746,27850,1
13747,27853,1
13748,27855,1
13749,27856,1
13750,27857,2
13752,27862,7
13753,27869,3
13755,27879,1
13756,27880,4
13757,27884,1
13758,27885,1
13759,27886,1
13761,27890,1
13762,27891,1
13763,27892,1
13765,27894,3
13766,27895,1
13767,27898,6
13768,27904,1
13769,27905,3
13771,27911,1
13773,27916,1
13774,27917,2
13775,27919,1
13776,27920,1
13777,27921,3
13778,27922,1
13779,27923,1
13780,27925,1
13781,27927,1
13782,27928,7
13783,27934,1
13784,27936,1
13785,27937,1
13786,27938,3
13787,27941,2
13788,27943,1
13789,27944,1
13790,27945,1
13791,27946,4
13792,27948,3
13793,27953,1
13794,27954,2
13795,27956,3
13797,27960,1
13798,27961,1
13799,27962,2
13800,27964,1
13801,27965,3
13802,27968,1
13803,27969,3
13805,27971,1
13806,27975,1
13807,27976,1
13808,27977,6
13809,27981,2
13810,27985,3
13811,27986,1
13812,27989,7
13813,27993,5
13814,27999,1
13815,28002,1
13816,28003,1
13817,28004,3
13818,28007,3
13819,28008,3
13821,28014,1
13822,28015,1
13823,28016,2
13824,28017,1
13825,28019,4
13826,28023,6
13827,28029,5
13828,28031,1
13830,28036,3
13831,28039,4
13832,28043,1
13833,28044,2
13835,28049,1
13836,28050,1
13838,28052,1
13839,28054,3
13840,28057,4
13841,28061,1
13843,28063,7
13844,28075,1
13846,28077,2
13847,28079,1
13848,28080,1
13849,28081,1
13851,28083,1
13852,28084,3
13853,28087,2
13854,28089,1
13855,28090,1
13856,28091,1
13857,28092,7
13858,28099,1
13859,28100,1
13860,28101,1
13862,28103,2
13863,28105,1
13864,28106,1
13865,28107,1
13866,28108,1
13867,28109,1
13868,28110,2
13869,28112,3
13870,28115,3
13871,28118,3
13873,28123,1
13874,28124,1
13876,28127,1
13877,28128,1
13878,28129,1
13879,28130,1
13881,28136,3
13882,28137,3
13883,28139,1
13884,28142,4
13885,28149,1
13886,28150,1
13887,28151,3
13888,28153,1
13889,28155,1
13890,28156,3
13892,28160,1
13893,28161,1
13894,28162,1
13895,28165,1
13896,28167,3
13897,28173,4
13898,28174,1
13899,28175,1
13900,28178,1
13901,28180,1
13902,28181,3
13903,28183,3
13904,28185,3
13905,28187,4
13907,28197,3
13908,28199,6
13909,28206,2
13910,28208,1
13911,28209,2
13912,28211,1
13913,28212,2
13914,28213,1
13915,28215,4
13916,28218,1
13917,28220,1
13918,28221,3
13919,28224,1
13920,28225,1
13921,28226,3
13922,28229,6
13923,28230,3
13924,28234,1
13925,28236,1
13926,28240,3
13927,28241,1
13928,28244,4
13929,28245,4
13931,28253,1
13932,28254,3
13933,28255,1
13934,28258,1
13935,28259,1
13937,28262,3
13938,28265,1
13939,28266,4
13940,28267,1
13941,28268,2
13942,28270,3
13943,28273,1
13944,28276,2
13945,28279,1
13946,28280,2
13947,28282,2
13948,28283,1
13949,28285,7
13950,28292,1
13951,28293,1
13952,28294,2
13953,28295,2
13954,28297,1
13955,28299,1
13956,28300,1
13957,28301,5
13958,28306,1
13959,28307,1
13960,28308,1
13961,28309,3
13962,28312,1
13963,28313,3
13964,28314,1
13965,28316,1
13966,28317,3
13967,28321,1
13968,28322,1
13969,28323,3
13971,28327,2
13973,28330,1
13974,28331,2
13975,28332,7
13976,28335,1
13977,28341,2
13978,28343,1
13979,28344,1
13981,28346,7
13982,28347,1
13984,28355,3
13986,28360,3
13987,28361,1
13988,28364,1
13989,28365,1
13990,28366,1
13991,28367,5
13992,28372,1
13994,28375,3
13995,28376,1
13996,28379,4
13997,28382,2
13998,28385,1
13999,28386,1
14000,28387,3
14001,28388,1
14003,28392,3
14004,28394,2
14005,28399,3
14006,28402,4
14007,28405,1
14008,28407,1
14009,28408,1
14010,28409,3
14011,28412,6
14012,28418,4
14013,28422,2
14014,28423,6
14015,28426,1
14017,28432,1
14018,28438,1
14020,28441,1
14021,28442,1
14022,28443,2
14023,28445,1
14025,28447,1
14026,28448,1
14027,28449,1
14028,28450,1
14029,28451,3
14030,28454,5
14031,28457,1
14032,28460,1
14033,28461,1
14034,28462,1
14035,28463,1
14036,28464,1
14037,28465,6
14039,28472,1
14040,28473,3
14042,28476,1
14043,28477,1
14044,28480,1
14046,28482,1
14047,28483,1
14048,28484,1
14050,28486,1
14051,28488,1
14052,28489,1
14053,28490,1
14054,28492,1
14055,28493,1
14057,28497,1
14058,28498,1
14059,28499,1
14060,28500,2
14061,28502,3
14062,28505,7
14063,28508,4
14064,28516,1
14065,28517,1
14066,28518,3
14067,28521,1
14068,28522,1
14069,28523,1
14070,28524,1
14071,28525,2
14072,28527,1
14073,28528,1
14075,28532,1
14076,28533,1
14077,28534,1
14078,28535,4
14079,28536,2
14080,28541,4
14081,28542,1
14082,28543,1
14083,28547,3
14084,28548,1
14085,28549,1
14086,28551,2
14087,28553,1
14088,28555,2
14089,28557,1
14090,28558,4
14091,28561,6
14092,28564,4
14093,28565,1
14094,28566,1
14095,28574,1
14097,28576,6
14099,28592,6
14100,28594,1
14101,28596,1
14102,28600,1
14103,28601,6
14105,28608,1
14106,28611,3
14107,28614,4
14108,28618,1
14109,28619,1
14110,28620,1
14111,28621,1
14112,28622,1
14114,28624,1
14115,28625,3
14117,28631,1
14118,28632,3
14119,28635,4
14120,28637,1
14121,28640,1
14122,28641,3
14123,28643,1
14124,28645,7
14126,28653,1
14127,28654,2
14128,28656,1
14129,28657,7
14130,28661,1
14131,28665,1
14132,28666,2
14133,28667,4
14134,28672,1
14135,28673,1
14136,28674,4
14137,28678,1
14138,28679,3
14139,28680,4
14140,28684,1
14141,28687,1
14142,28688,1
14143,28689,1
14144,28690,2
14146,28693,2
14147,28695,7
14149,28704,2
14150,28707,1
14151,28708,1
14152,28709,1
14153,28710,2
14154,28712,5
14156,28720,1
14157,28721,7
14158,28728,3
14159,28731,4
14160,28735,1
14161,28736,2
14162,28738,2
14164,28741,1
14165,28742,1
14166,28743,1
14168,28746,3
14169,28750,1
14170,28751,7
14171,28754,3
14172,28760,2
14173,28763,1
14174,28764,5
14175,28769,1
14176,28770,1
14177,28771,6
14178,28773,1
14179,28778,4
14180,28782,2
14182,28785,1
14184,28788,3
14185,28791,1
14186,28792,7
14187,28794,1
14188,28795,1
14189,28801,2
14190,28803,1
14191,28804,4
14192,28808,3
14193,28809,4
14194,28814,1
14195,28816,7
14196,28819,1
14197,28824,6
14198,28830,1
14200,28832,1
14201,28833,1
14202,28834,1
14203,28835,2
14204,28837,3
14205,28840,7
14206,28842,2
14207,28849,1
14208,28850,2
14209,28852,3
14210,28855,1
14211,28856,6
14212,28862,1
14214,28864,1
14215,28865,1
14216,28866,1
14217,28867,1
14218,28868,1
14219,28869,7
14220,28876,2
14221,28877,1
14223,28880,1
14224,28884,1
14225,28885,1
14226,28886,2
14227,28888,1
14228,28889,1
14229,28890,1
14230,28891,2
14231,28893,5
14232,28898,1
14233,28899,1
14234,28900,2
14235,28902,1
14236,28903,1
14237,28904,3
14238,28907,3
14239,28908,2
14240,28912,1
14241,28913,1
14242,28914,1
14243,28915,1
14245,28917,2
14246,28919,1
14247,28920,1
14248,28921,1
14250,28925,3
14251,28928,1
14252,28929,1
14253,28930,1
14254,28931,1
14255,28932,3
14256,28935,1
14257,28936,3
14259,28940,1
14261,28944,3
14262,28945,3
14263,28946,3
14264,28953,1
14266,28955,3
14267,28958,6
14268,28964,6
14269,28970,6
14270,28976,1
14271,28977,4
14272,28981,2
14273,28983,1
14274,28984,1
14276,28987,1
14277,28988,3
14278,28991,3
14279,28994,1
14281,28996,1
14282,28997,1
14283,28998,3
14284,29001,1
14285,29002,3
14286,29005,1
14287,29006,2
14289,29014,7
14290,29019,3
14293,29030,2
14294,29032,5
14295,29035,1
14296,29036,2
14297,29040,6
14298,29045,1
14299,29047,1
14300,29048,3
14301,29051,4
14302,29055,1
14303,29056,1
14304,29057,1
14305,29058,1
14306,29059,4
14307,29063,7
14309,29071,4
14311,29077,2
14313,29080,3
14314,29083,1
14316,29086,6
14317,29088,2
14319,29095,1
14320,29097,1
14321,29099,2
14322,29100,6
14323,29101,1
14324,29105,3
14325,29110,1
14327,29115,5
14328,29116,3
14329,29117,1
14330,29119,1
14331,29120,1
14333,29126,1
14334,29131,3
14336,29135,1
14337,29137,6
14338,29138,1
14339,29139,1
14340,29142,1
14341,29146,1
14342,29147,2
14343,29148,1
14344,29150,1
14345,29151,1
14346,29152,7
14347,29156,1
14348,29158,4
14349,29162,1
14350,29165,1
14352,29169,1
14353,29170,1
14354,29171,7
14355,29172,1
14356,29173,1
14357,29174,7
14358,29182,3
14359,29187,3
14360,29190,1
14362,29197,1
14363,29199,1
14364,29200,6
14365,29201,1
14366,29203,2
14367,29204,1
14368,29206,1
14369,29211,1
14370,29212,1
14371,29213,6
14372,29214,3
14373,29215,1
14374,29217,1
14375,29224,1
14376,29225,3
14377,29226,7
14379,29237,1
14380,29238,1
14381,29239,1
14382,29240,4
14383,29241,7
14384,29248,1
14385,29250,3
14386,29253,1
14387,29256,5
14388,29261,3
14389,29264,1
14390,29265,3
14391,29268,4
14392,29269,1
14393,29271,1
14394,29272,1
14395,29275,4
14396,29276,6
14397,29283,1
14398,29286,6
14400,29295,1
14401,29296,6
14402,29299,1
14403,29303,2
14404,29305,1
14405,29306,2
14406,29308,3
14408,29313,1
14409,29314,1
14410,29315,3
14411,29318,1
14413,29320,1
14414,29321,6
14415,29327,1
14416,29328,1
14417,29329,1
14418,29330,1
14419,29331,3
14420,29334,2
14421,29336,1
14422,29337,1
14423,29338,1
14424,29339,1
14425,29340,1
14426,29341,1
14427,29342,1
14428,29343,1
14429,29344,3
14430,29347,1
14432,29349,1
14433,29350,3
14434,29352,3
14435,29356,4
14436,29360,2
14437,29362,2
14439,29365,3
14440,29368,3
14441,29371,1
14442,29372,6
14443,29378,3
14444,29381,1
14445,29382,1
14447,29385,1
14448,29387,3
14450,29393,4
14451,29397,1
14452,29398,1
14453,29399,4
14454,29401,3
14455,29403,1
14456,29407,1
14457,29408,1
14458,29409,2
14459,29411,1
14460,29412,7
14461,29418,1
14462,29420,7
14463,29424,3
14464,29430,1
14466,29433,3
14467,29436,1
14468,29438,1
14469,29439,1
14470,29440,3
14471,29441,1
14472,29442,2
14473,29446,1
14474,29447,1
14476,29449,7
14479,29456,1
14480,29459,1
14481,29460,6
14482,29466,1
14484,29470,3
14485,29471,1
14486,29474,1
14487,29475,1
14488,29476,1
14489,29477,1
14490,29478,4
14491,29482,2
14492,29483,1
14494,29486,2
14495,29488,3
14496,29491,1
14497,29492,1
14498,29493,3
14500,29497,1
14501,29498,1
14502,29499,1
14503,29500,3
14504,29503,2
14505,29504,2
14506,29507,2
14507,29508,1
14508,29510,3
14509,29512,1
14510,29514,1
14511,29515,1
14512,29516,1
14513,29517,2
14514,29519,2
14515,29521,1
14516,29522,1
14518,29524,1
14519,29525,6
14520,29526,3
14521,29534,2
14522,29536,3
14523,29537,5
14525,29542,1
14526,29548,1
14527,29549,3
14528,29550,1
14529,29553,1
14530,29554,1
14531,29555,2
14532,29557,3
14533,29558,1
14534,29561,6
14536,29570,1
14537,29571,1
14538,29572,3
14539,29575,1
14540,29576,3
14542,29581,3
14544,29586,3
14545,29588,3
14546,29589,1
14547,29591,1
14548,29595,1
14549,29596,6
14550,29599,7
14551,29600,3
14552,29606,1
14553,29609,1
14554,29610,1
14555,29612,1
14556,29614,1
14557,29616,1
14558,29617,1
14559,29619,1
14560,29620,2
14561,29622,1
14562,29623,1
14563,29624,2
14564,29626,7
14566,29636,1
14568,29644,1
14569,29645,1
14571,29647,2
14572,29650,1
14573,29651,2
14574,29653,1
14575,29654,4
14576,29655,1
14577,29659,1
14578,29660,1
14579,29661,1
14581,29665,1
14583,29667,1
14584,29668,1
14585,29669,1
14586,29670,1
14587,29671,1
14588,29672,1
14589,29673,1
14590,29674,1
14591,29675,2
14592,29677,2
14594,29682,6
14595,29688,1
14596,29689,1
14597,29690,1
14598,29691,1
14599,29692,1
14600,29693,1
14602,29695,1
14603,29696,1
14605,29703,1
14606,29705,1
14607,29706,3
14608,29709,2
14609,29711,1
14610,29712,1
14612,29714,1
14613,29715,1
14614,29716,1
14615,29717,1
14616,29718,3
14617,29719,1
14618,29722,2
14619,29724,1
14620,29725,2
14621,29727,2
14622,29728,1
14623,29729,7
14625,29738,4
14626,29739,3
14627,29740,2
14628,29742,1
14629,29748,1
14630,29749,2
14631,29750,1
14632,29752,5
14633,29753,4
14635,29762,1
14636,29765,1
14637,29766,1
14638,29767,3
14639,29770,3
14640,29773,6
14641,29774,1
14642,29777,3
14644,29784,4
14645,29788,1
14647,29790,3
14648,29793,1
14649,29794,2
14651,29797,1
14652,29799,3
14653,29800,3
14654,29804,3
14655,29807,1
14656,29810,1
14658,29813,1
14659,29814,1
14660,29816,1
14662,29824,1
14663,29825,7
14664,29826,2
14665,29831,2
14666,29835,1
14667,29836,1
14668,29838,3
14669,29841,3
14670,29844,1
14671,29845,7
14672,29848,1
14674,29851,2
14675,29854,3
14676,29855,2
14678,29862,7
14679,29867,7
14680,29869,1
14682,29883,1
14683,29884,1
14684,29885,1
14686,29888,4
14687,29889,3
14688,29895,7
14689,29901,4
14690,29904,4
14691,29909,1
14693,29913,1
14694,29914,2
14695,29916,6
14696,29919,1
14698,29924,7
14700,29931,1
14701,29932,2
14702,29935,1
14703,29936,1
14704,29937,1
14705,29938,1
14706,29939,1
14707,29940,2
14708,29941,1
14709,29943,1
14710,29944,1
14712,29946,1
14713,29947,1
14714,29948,6
14715,29950,1
14717,29961,1
14718,29962,1
14720,29964,1
14721,29967,1
14722,29968,3
14723,29969,2
14724,29973,1
14725,29974,5
14727,29980,1
14728,29981,1
14730,29983,1
14731,29986,1
14732,29987,1
14733,29988,1
14734,29989,3
14735,29990,1
14736,29993,2
14737,29995,3
14738,29998,5
14739,30003,1
14740,30004,1
14741,30005,1
14742,30006,3
14743,30009,3
14744,30011,3
14745,30015,1
14746,30016,1
14747,30017,3
14748,30020,3
14749,30021,2
14750,30023,1
14751,30025,2
14753,30030,6
14754,30037,2
14755,30039,1
14756,30040,1
14757,30041,1
14758,30042,5
14760,30048,1
14761,30049,2
14762,30051,1
14763,30052,1
14764,30053,2
14765,30055,6
14766,30061,1
14767,30062,4
14768,30066,1
14769,30067,1
14770,30068,1
14771,30069,2
14774,30076,1
14775,30077,1
14776,30078,3
14777,30081,3
14778,30084,1
14779,30085,1
14781,30089,1
14782,30090,2
14783,30092,1
14784,30093,2
14786,30099,1
14787,30100,2
14788,30102,1
14789,30103,6
14791,30106,3
14793,30114,1
14794,30115,1
14795,30116,2
14796,30118,1
14798,30121,1
14799,30123,1
14800,30125,1
14801,30127,1
14802,30129,1
14803,30130,1
14804,30131,2
14805,30133,1
14806,30134,3
14807,30137,1
14808,30138,1
14809,30139,1
14810,30140,3
14812,30143,1
14813,30146,1
14816,30149,3
14817,30152,1
14818,30153,3
14819,30154,2
14820,30158,1
14821,30159,6
14822,30160,1
14824,30168,1
14825,30169,1
14827,30172,1
14828,30173,1
14829,30174,3
14830,30175,3
14831,30182,1
14832,30183,1
14833,30184,2
14834,30186,1
14835,30187,1
14836,30188,1
14837,30189,2
14838,30190,3
14840,30194,1
14841,30198,1
14842,30199,3
14843,30202,1
14844,30203,3
14845,30206,6
14846,30212,1
14847,30213,6
14849,30215,2
14850,30223,1
14851,30224,1
14852,30225,2
14853,30227,1
14854,30228,2
14855,30229,1
14856,30231,4
14857,30234,1
14858,30236,1
14859,30237,1
14860,30238,2
14861,30240,1
14862,30241,1
14863,30242,1
14865,30245,7
14866,30255,5
14867,30256,1
14868,30257,1
14869,30263,2
14870,30265,1
14872,30267,1
14873,30268,1
14874,30269,1
14875,30270,1
14876,30271,3
14877,30272,1
14878,30274,4
14879,30277,2
14880,30281,3
14881,30283,3
14883,30289,3
14885,30298,4
14886,30300,1
14887,30303,1
14888,30304,1
14889,30305,7
14890,30306,3
14891,30311,1
14892,30314,2
14893,30317,1
14894,30319,2
14895,30321,7
14896,30322,1
14897,30323,2
14899,30329,1
14900,30334,6
14901,30336,6
14904,30356,1
14905,30357,1
14906,30358,3
14907,30361,1
14908,30362,1
14909,30363,2
14910,30365,6
14911,30367,3
14912,30371,1
14913,30375,1
14914,30376,3
14915,30379,1
14916,30380,6
14917,30383,2
14918,30384,7
14920,30395,1
14921,30397,1
14922,30398,3
14923,30400,1
14924,30402,1
14925,30403,1
14926,30404,4
14928,30409,1
14930,30411,1
14931,30415,1
14932,30416,1
14933,30417,2
14934,30419,6
14935,30421,1
14936,30426,1
14937,30427,1
14938,30428,1
14939,30429,1
14940,30430,1
14941,30431,1
14942,30432,1
14943,30433,7
14944,30434,1
14945,30441,2
14946,30443,3
14947,30446,1
14948,30447,3
14949,30450,3
14950,30453,2
14951,30455,3
14952,30457,4
14953,30462,3
14954,30464,1
14955,30466,1
14956,30467,6
14957,30472,1
14958,30474,1
14959,30475,1
14960,30476,7
14961,30479,1
14962,30483,1
14963,30485,3
14965,30489,1
14968,30493,1
14969,30494,2
14970,30496,1
14971,30497,1
14972,30498,4
14974,30503,1
14975,30506,2
14976,30508,3
14977,30509,2
14978,30510,1
14979,30513,7
14980,30516,1
14981,30519,1
14982,30522,1
14983,30524,3
14985,30530,1
14986,30531,1
14987,30532,1
14988,30533,2
14990,30537,3
14991,30538,1
14992,30539,1
14993,30542,1
14995,30544,3
14996,30545,1
14998,30553,1
14999,30554,5
15002,30564,3
15003,30567,3
15004,30569,2
15005,30571,1
15006,30573,1
15007,30574,1
15008,30576,4
15010,30581,1
15011,30582,1
15012,30583,1
15013,30584,1
15014,30585,1
15015,30586,3
15016,30589,1
15017,30590,1
15019,30592,1
15020,30593,3
15021,30594,1
15022,30595,1
15023,30597,1
15025,30600,1
15026,30601,6
15028,30610,1
15029,30611,3
15030,30614,1
15031,30615,1
15032,30616,5
15033,30621,1
15034,30622,1
15035,30623,1
15036,30624,1
15037,30625,3
15038,30628,2
15039,30630,1
15040,30631,2
15041,30632,1
15042,30634,1
15043,30635,1
15044,30636,1
15045,30637,6
15047,30644,2
15048,30645,3
15049,30646,2
15050,30651,2
15052,30659,1
15053,30661,3
15054,30664,1
15055,30665,1
15057,30667,1
15058,30674,1
15059,30675,1
15060,30676,3
15061,30679,4
15062,30683,3
15064,30688,1
15065,30689,1
15066,30690,1
15067,30691,3
15069,30697,3
15070,30700,3
15071,30703,2
15072,30705,3
15073,30708,1
15074,30709,4
15075,30710,2
15077,30718,3
15078,30720,2
15079,30723,2
15080,30724,1
15081,30726,1
15082,30727,1
15083,30728,2
15084,30730,3
15087,30738,1
15088,30739,1
15089,30740,1
15090,30741,2
15091,30743,1
15092,30744,1
15093,30745,1
15095,30752,6
15096,30759,2
15097,30761,2
15098,30763,6
15099,30769,3
15100,30772,3
15101,30774,6
15102,30776,7
15103,30788,7
15104,30795,4
15105,30799,4
15106,30803,3
15107,30806,1
15108,30807,1
15109,30808,1
15110,30809,1
15111,30810,1
15112,30811,1
15113,30812,1
15114,30813,1
15116,30817,1
15117,30818,5
15118,30823,4
15119,30827,1
15120,30828,3
15121,30831,1
15122,30832,3
15123,30835,1
15126,30840,4
15127,30844,1
15130,30852,1
15131,30853,1
15132,30854,1
15133,30855,1
15134,30856,7
15135,30863,1
15136,30864,3
15137,30866,1
15138,30868,1
15139,30869,4
15140,30873,3
15141,30876,1
15142,30877,2
15143,30879,2
15144,30881,2
15145,30883,1
15147,30886,1
15148,30887,6
15149,30893,1
15151,30895,4
15152,30899,1
15153,30900,7
15154,30906,1
15155,30908,1
15156,30909,7
15158,30911,1
15159,30918,6
15160,30920,3
15161,30927,2
15163,30931,1
15164,30932,2
15165,30934,1
15166,30935,1
15167,30936,1
15168,30937,1
15169,30938,1
15171,30942,1
15172,30943,1
15173,30944,7
15174,30949,1
15175,30952,1
15176,30953,4
15177,30957,1
15178,30958,3
15179,30961,4
15180,30965,3
15182,30974,1
15183,30975,2
15184,30976,4
15186,30984,2
15187,30986,3
15188,30989,7
15190,30999,1
15191,31001,2
15194,31008,7
15195,31014,1
15196,31016,1
15197,31017,1
15199,31019,2
15200,31021,1
15201,31022,1
15202,31023,1
15203,31024,3
15206,31029,2
15207,31031,1
15208,31032,1
15209,31033,1
15210,31034,1
15211,31035,1
15212,31036,3
15213,31037,1
15214,31040,1
15215,31041,4
15216,31044,1
15217,31046,2
15218,31048,1
15219,31049,1
15220,31050,3
15221,31053,3
15222,31056,2
15223,31057,2
15224,31060,4
15225,31062,1
15226,31063,1
15227,31066,1
15228,31067,6
15229,31073,1
15230,31074,2
15232,31079,1
15233,31080,1
15234,31081,2
15235,31083,3
15236,31086,3
15237,31089,1
15238,31090,1
15239,31091,3
15241,31096,1
15242,31097,3
15243,31098,1
15244,31101,3
15245,31104,3
15247,31109,1
15248,31110,3
15249,31113,1
15250,31114,1
15251,31115,2
15252,31116,1
15253,31117,3
15254,31120,1
15255,31122,6
15256,31128,1
15257,31129,6
15258,31135,1
15259,31136,6
15260,31142,2
15261,31144,3
15263,31150,7
15264,31154,1
15265,31158,2
15266,31159,2
15268,31163,3
15270,31168,1
15271,31169,1
15272,31172,1
15273,31176,2
15274,31177,2
15275,31178,2
15276,31179,1
15277,31180,4
15278,31186,1
15280,31190,3
15281,31191,6
15283,31201,1
15285,31203,1
15286,31204,1
15287,31205,1
15288,31206,3
15289,31209,1
15290,31210,3
15291,31211,1
15292,31213,7
15293,31216,3
15294,31217,1
15295,31223,1
15296,31226,3
15297,31227,3
15298,31232,3
15299,31235,1
15300,31236,1
15301,31237,2
15302,31239,2
15303,31241,1
15304,31242,1
15305,31243,1
15306,31244,1
15307,31245,3
15308,31247,2
15309,31250,1
15310,31251,4
15311,31252,1
15312,31253,2
15314,31259,1
15315,31262,2
15316,31265,1
15317,31269,3
15318,31272,3
15319,31273,4
15320,31274,1
15321,31280,3
15322,31283,1
15323,31284,3
15324,31286,1
15325,31288,4
15326,31290,2
15327,31292,1
15328,31295,1
15329,31296,1
15330,31297,3
15331,31300,1
15332,31301,2
15333,31302,1
15334,31303,1
15335,31305,2
15336,31307,1
15337,31308,1
15339,31310,7
15340,31312,1
15342,31322,1
15343,31323,7
15344,31325,4
15345,31332,1
15346,31335,2
15347,31337,4
15349,31344,1
15350,31346,1
15351,31347,1
15352,31348,4
15353,31350,6
15354,31357,1
15355,31359,1
15356,31360,3
15357,31361,1
15358,31364,1
15359,31365,1
15360,31366,1
15361,31367,1
15362,31368,3
15363,31371,3
15364,31374,1
15366,31376,7
15367,31383,1
15368,31384,1
15370,31388,1
15371,31389,1
15372,31390,1
15373,31391,6
15374,31397,6
15375,31403,7
15376,31407,1
15378,31412,3
15379,31415,1
15380,31416,1
15381,31417,3
15383,31421,3
15384,31423,1
15385,31425,3
15386,31428,3
15388,31434,1
15389,31435,1
15390,31436,1
15391,31437,1
15392,31438,1
15393,31439,1
15394,31440,1
15395,31441,2
15396,31443,1
15397,31444,1
15398,31445,1
15399,31446,3
15400,31449,2
15401,31451,1
15402,31452,1
15403,31453,1
15404,31454,3
15406,31458,1
15408,31460,2
15409,31461,3
15410,31465,3
15412,31468,3
15413,31471,3
15414,31476,1
15415,31477,1
15416,31478,2
15417,31480,1
15418,31481,1
15420,31486,3
15421,31488,2
15422,31491,1
15424,31493,1
15425,31494,1
15426,31495,2
15427,31497,1
15428,31498,4
15430,31501,1
15431,31504,4
15432,31505,1
15433,31507,3
15434,31511,1
15435,31513,1
15436,31514,1
15438,31516,1
15439,31517,2
15440,31519,7
15441,31520,1
15442,31521,3
15443,31522,3
15444,31526,7
15445,31532,2
15446,31537,1
15447,31538,5
15448,31547,1
15449,31548,3
15450,31550,2
15451,31551,3
15452,31557,1
15453,31558,1
15454,31559,1
15455,31560,1
15456,31561,1
15457,31562,1
15458,31563,2
15460,31565,1
15461,31567,1
15462,31568,2
15464,31573,4
15466,31578,6
15467,31580,1
15468,31582,3
15469,31587,3
15470,31588,1
15471,31590,6
15473,31599,2
15474,31601,1
15475,31602,1
15476,31603,4
15478,31608,1
15479,31609,1
15480,31611,3
15483,31617,3
15484,31618,5
15485,31619,1
15486,31622,2
15487,31628,2
15488,31630,1
15490,31633,7
15491,31636,5
15493,31639,4
15495,31646,1
15496,31652,1
15497,31653,1
15498,31654,1
15499,31655,3
15500,31658,1
15501,31659,2
15502,31661,1
15503,31662,7
15504,31664,1
15505,31665,1
15507,31670,1
15508,31672,2
15509,31676,1
15510,31678,1
15511,31679,6
15512,31685,1
15513,31686,1
15514,31687,1
15515,31688,3
15516,31691,4
15517,31694,2
15518,31697,3
15519,31700,1
15520,31701,3
15521,31704,2
15522,31706,3
15523,31708,6
15524,31712,3
15526,31721,1
15527,31724,7
15529,31726,1
15530,31735,3
15531,31736,1
15532,31739,1
15533,31740,1
15535,31745,1
15536,31749,2
15537,31751,1
15540,31756,1
15541,31757,1
15542,31758,2
15543,31760,1
15544,31761,4
15545,31763,1
15546,31764,4
15547,31770,1
15548,31771,2
15549,31773,2
15550,31775,1
15551,31776,3
15552,31779,3
15553,31780,1
15555,31784,1
15556,31785,1
15557,31786,1
15558,31787,1
15559,31788,4
15560,31791,1
15561,31793,2
15562,31794,1
15563,31796,6
15567,31810,2
15568,31812,1
15569,31813,2
15570,31815,7
15571,31821,1
15572,31822,3
15574,31827,1
15575,31828,1
15576,31829,3
15577,31831,1
15578,31833,1
15580,31836,3
15581,31839,1
15583,31843,3
15584,31844,7
15585,31845,1
15586,31849,2
15587,31855,1
15588,31857,6
15590,31864,1
15591,31866,1
15592,31867,1
15593,31868,1
15594,31869,1
15595,31870,3
15596,31873,1
15598,31875,1
15599,31877,3
15600,31878,1
15601,31880,1
15602,31882,4
15603,31883,1
15604,31885,3
15605,31886,1
15606,31887,1
15608,31893,1
15609,31894,3
15610,31897,2
15611,31898,1
15612,31900,1
15613,31901,1
15614,31902,3
15615,31903,1
15616,31906,1
15617,31907,1
15618,31908,1
15619,31909,2
15620,31910,1
15621,31912,1
15622,31913,1
15623,31914,4
15624,31915,1
15626,31917,1
15627,31923,1
15628,31924,1
15630,31926,3
15631,31927,1
15632,31932,1
15633,31933,3
15634,31936,3
15635,31937,1
15637,31942,1
15638,31943,3
15639,31944,2
15641,31949,1
15642,31952,3
15644,31958,1
15645,31959,2
15647,31963,1
15649,31965,1
15650,31969,1
15651,31970,3
15652,31973,4
15653,31975,1
15654,31978,3
15656,31981,2
15657,31983,1
15658,31987,4
15659,31988,2
15660,31989,4
15661,31997,3
15662,31999,1
15663,32001,1
15664,32002,1
15665,32003,2
15666,32005,1
15667,32006,3
15668,32007,1
15669,32010,1
15670,32011,4
15671,32015,1
15672,32016,5
15673,32017,2
15674,32021,1
15675,32024,1
15676,32025,1
15677,32026,2
15678,32028,1
15679,32029,3
15680,32031,2
15681,32034,1
15682,32035,3
15683,32038,1
15684,32039,6
15685,32044,1
15686,32046,6
15687,32048,1
15688,32049,1
15689,32051,1
15691,32057,4
15692,32061,4
15693,32062,1
15694,32064,1
15695,32067,3
15696,32069,2
15697,32070,1
15698,32072,1
15699,32074,3
15701,32078,1
15702,32079,1
15703,32080,1
15704,32081,1
15705,32082,1
15706,32083,1
15707,32084,1
15708,32085,1
15709,32086,1
15710,32087,1
15711,32088,7
15712,32094,1
15713,32096,2
15714,32098,3
15715,32101,1
15717,32108,1
15718,32110,1
15719,32111,1
15720,32112,1
15722,32114,1
15723,32115,3
15725,32119,2
15726,32123,1
15727,32124,1
15728,32125,3
15730,32132,1
15732,32134,3
15733,32137,1
15734,32138,1
15735,32139,2
15736,32141,1
15737,32142,3
15739,32146,1
15740,32147,1
15741,32148,1
15742,32149,1
15744,32152,1
15745,32153,3
15746,32156,3
15747,32159,3
15748,32162,1
15750,32164,1
15751,32165,3
15752,32168,1
15753,32169,3
15754,32172,1
15755,32173,3
15757,32177,1
15758,32178,1
15759,32179,3
15760,32181,2
15761,32182,1
15762,32185,2
15764,32190,1
15765,32191,1
15766,32192,1
15767,32193,3
15769,32196,1
15770,32197,3
15771,32200,1
15772,32207,3
15773,32210,6
15774,32216,2
15775,32217,3
15776,32218,7
15777,32228,3
15778,32229,1
15779,32232,1
15780,32233,4
15781,32237,1
15782,32238,1
15785,32243,1
15787,32245,4
15788,32246,1
15789,32250,1
15790,32251,3
15791,32254,1
15792,32255,1
15793,32256,6
15794,32258,6
15795,32268,3
15796,32269,2
15798,32274,6
15800,32282,1
15801,32283,3
15805,32291,1
15806,32292,1
15807,32293,1
15808,32294,1
15809,32295,1
15810,32296,3
15811,32297,2
15812,32300,2
15813,32303,1
15814,32304,1
15815,32305,3
15816,32306,6
15817,32312,6
15818,32318,1
15819,32320,7
15820,32322,1
15821,32324,6
15822,32326,1
15823,32329,1
15824,32334,1
15825,32338,1
15826,32339,2
15827,32341,1
15828,32342,2
15829,32343,2
15830,32344,1
15832,32346,2
15833,32350,1
15835,32353,1
15837,32357,1
15838,32360,1
15839,32361,1
15841,32364,6
15842,32370,4
15843,32373,3
15844,32374,4
15846,32382,4
15847,32387,4
15848,32391,1
15850,32398,1
15851,32399,3
15852,32401,1
15853,32403,3
15854,32406,1
15855,32407,1
15856,32408,3
15857,32411,1
15858,32412,3
15859,32415,1
15860,32416,1
15861,32417,1
15862,32418,1
15863,32419,1
15864,32420,1
15865,32421,1
15868,32424,1
15869,32428,3
15870,32432,1
15871,32433,3
15872,32436,7
15873,32437,2
15874,32441,3
15875,32448,3
15876,32451,6
15878,32454,1
15879,32462,1
15880,32463,4
15881,32466,3
15883,32471,7
15884,32474,1
15885,32481,2
15886,32483,1
15887,32484,1
15888,32485,1
15889,32486,1
15890,32487,1
15891,32488,7
15892,32492,1
15893,32496,2
15894,32498,3
15895,32501,1
15896,32502,1
15897,32503,1
15898,32504,2
15899,32506,3
15900,32509,1
15901,32510,1
15902,32511,2
15903,32513,7
15904,32520,1
15905,32521,1
15906,32522,5
15907,32527,7
15908,32528,1
15909,32532,3
15910,32538,3
15911,32541,1
15913,32543,1
15914,32544,1
15915,32545,1
15916,32546,1
15917,32547,1
15918,32548,7
15919,32549,1
15920,32552,1
15921,32554,1
15922,32557,3
15923,32559,2
15924,32563,3
15925,32565,1
15926,32567,3
15927,32570,4
15928,32572,4
15929,32578,1
15930,32579,1
15931,32580,1
15932,32581,1
15933,32582,2
15935,32585,1
15936,32586,1
15937,32587,3
15938,32589,1
15941,32593,1
15942,32594,1
15943,32595,4
15944,32599,3
15945,32602,1
15946,32603,1
15947,32604,3
15948,32607,3
15949,32608,1
15950,32611,3
15951,32614,2
15952,32616,2
15953,32618,1
15954,32619,1
15955,32620,6
15956,32624,2
15957,32626,1
15959,32632,6
15960,32634,1
15961,32639,1
15963,32643,3
15965,32650,1
15966,32651,3
15968,32654,1
15969,32658,3
15970,32660,1
15971,32662,3
15972,32663,2
15973,32664,3
15974,32670,1
15975,32671,1
15976,32672,3
15977,32674,1
15980,32679,1
15981,32680,1
15982,32681,1
15983,32682,1
15984,32683,7
15985,32688,4
15986,32694,1
15987,32695,6
15988,32696,3
15989,32697,3
15990,32701,1
15991,32706,1
15992,32707,2
15993,32709,1
15994,32712,6
15995,32714,1
15996,32717,1
15998,32721,1
15999,32724,1
16000,32725,1
16001,32726,4
16003,32729,7
16004,32739,7
16006,32751,3
16007,32753,7
16008,32756,1
16010,32763,1
16011,32765,2
16012,32771,2
16013,32775,2
16015,32779,3
16016,32781,3
16017,32785,4
16018,32788,1
16019,32790,1
16020,32791,1
16021,32792,1
16022,32793,3
16023,32795,1
16024,32796,1
16025,32797,7
16026,32800,1
16027,32803,2
16030,32815,2
16031,32817,3
16032,32818,1
16034,32822,1
16035,32823,2
16036,32825,1
16038,32829,7
16040,32841,2
16041,32842,2
16042,32845,3
16043,32848,3
16045,32853,6
16046,32863,1
16047,32864,4
16048,32868,3
16049,32870,1
16050,32872,1
16051,32873,2
16052,32875,1
16053,32876,1
16054,32877,5
16055,32882,6
16056,32887,1
16057,32889,1
16058,32890,6
16059,32896,1
16060,32897,2
16062,32903,1
16063,32907,1
16064,32908,2
16066,32912,1
16069,32918,7
16070,32925,1
16071,32926,1
16072,32927,1
16073,32928,2
16074,32930,1
16075,32931,1
16078,32941,3
16079,32945,1
16082,32950,2
16083,32952,4
16085,32959,1
16086,32960,1
16087,32961,1
16088,32962,6
16090,32969,1
16091,32970,1
16092,32971,1
16093,32972,3
16094,32975,3
16095,32978,4
16096,32981,3
16097,32985,1
16098,32986,2
16099,32988,7
16100,32989,2
16101,32997,2
16102,32999,1
16103,33000,5
16104,33005,1
16105,33006,1
16106,33007,1
16107,33008,1
16108,33009,3
16109,33011,1
16110,33013,3
16112,33018,1
16114,33020,3
16116,33024,1
16118,33032,1
16119,33033,3
16120,33036,3
16121,33039,7
16124,33050,1
16125,33051,3
16126,33054,2
16127,33056,4
16128,33060,3
16129,33063,3
16130,33066,1
16131,33067,6
16133,33070,1
16135,33081,1
16136,33082,3
16137,33085,1
16138,33086,6
16139,33089,1
16140,33093,3
16141,33094,1
16142,33097,1
16143,33098,3
16144,33101,3
16145,33104,7
16146,33111,1
16147,33112,1
16148,33113,3
16149,33116,2
16150,33117,1
16151,33119,2
16152,33120,1
16153,33122,1
16155,33124,1
16156,33125,4
16157,33129,3
16158,33132,1
16159,33133,3
16160,33136,1
16161,33137,2
16162,33139,1
16163,33140,2
16164,33142,4
16166,33147,3
16167,33153,1
16168,33154,2
16170,33162,1
16171,33163,3
16173,33173,1
16176,33178,1
16179,33187,2
16180,33188,2
16181,33191,2
16182,33193,3
16184,33197,1
16185,33198,3
16186,33200,1
16187,33202,1
16188,33203,1
16189,33204,1
16191,33209,1
16192,33213,1
16193,33214,3
16196,33219,2
16197,33220,1
16198,33222,6
16199,33224,1
16202,33237,1
16203,33240,3
16205,33246,1
16206,33247,3
16207,33250,1
16208,33251,1
16209,33252,1
16210,33253,4
16211,33254,1
16212,33258,2
16213,33259,2
16214,33262,7
16215,33269,1
16216,33270,1
16217,33271,2
16218,33273,3
16219,33275,3
16220,33279,3
16221,33280,1
16222,33282,3
16223,33283,1
16224,33286,6
16225,33289,3
16227,33298,1
16229,33301,1
16230,33302,7
16231,33305,3
16232,33311,2
16233,33313,1
16234,33315,1
16235,33316,2
16236,33317,1
16237,33318,6
16238,33319,1
16239,33323,2
16240,33328,3
16242,33333,2
16243,33334,1
16244,33336,2
16245,33339,1
16246,33340,1
16247,33341,3
16248,33344,1
16249,33345,2
16250,33347,2
16251,33349,1
16252,33350,1
16254,33352,1
16256,33357,1
16257,33360,1
16258,33361,1
16259,33362,1
16261,33366,4
16262,33369,3
16263,33375,1
16264,33376,1
16265,33377,1
16266,33378,3
16268,33382,1
16269,33383,1
16270,33384,3
16271,33387,3
16272,33389,1
16273,33391,7
16274,33392,4
16275,33401,2
16276,33403,2
16279,33408,1
16280,33411,2
16281,33413,6
16282,33414,4
16283,33418,1
16284,33420,6
16285,33422,2
16286,33424,3
16287,33427,3
16289,33441,4
16291,33445,1
16292,33447,3
16293,33448,1
16294,33452,3
16295,33455,1
16296,33456,3
16297,33459,1
16298,33460,2
16299,33462,2
16300,33464,1
16302,33466,1
16303,33467,1
16304,33468,3
16305,33471,1
16306,33472,3
16307,33473,1
16309,33475,3
16310,33479,3
16311,33487,1
16312,33490,4
16313,33491,4
16314,33492,1
16315,33494,1
16316,33495,1
16317,33499,1
16319,33504,1
16320,33506,7
16321,33512,1
16323,33515,1
16324,33516,4
16325,33517,2
16326,33518,3
16327,33519,1
16328,33526,3
16330,33530,3
16331,33531,1
16332,33537,1
16334,33539,1
16335,33540,6
16336,33542,1
16338,33548,2
16340,33551,3
16341,33554,1
16344,33558,1
16346,33561,3
16347,33562,2
16348,33564,6
16349,33567,1
16350,33569,1
16351,33572,1
16353,33576,1
16354,33579,2
16355,33581,3
16356,33584,1
16359,33589,1
16360,33590,1
16361,33591,1
16363,33593,1
16364,33595,2
16365,33597,3
16366,33600,3
16367,33603,3
16369,33607,4
16370,33611,1
16371,33612,1
16372,33613,2
16373,33615,1
16374,33616,3
16375,33619,1
16376,33620,2
16377,33622,1
16378,33623,3
16380,33627,3
16381,33629,3
16382,33635,1
16383,33636,3
16384,33639,1
16385,33640,1
16387,33643,3
16388,33647,2
16389,33648,1
16390,33650,1
16391,33651,1
16392,33652,1
16393,33653,1
16394,33654,1
16395,33655,1
16396,33656,1
16397,33657,1
16398,33658,1
16399,33659,1
16401,33661,2
16402,33663,1
16403,33665,1
16404,33666,3
16406,33668,2
16407,33677,3
16408,33678,1
16409,33681,2
16412,33688,7
16413,33691,2
16415,33700,5
16416,33705,1
16418,33709,3
16419,33710,5
16421,33718,7
16423,33728,1
16424,33730,1
16425,33731,2
16426,33733,1
16427,33734,1
16428,33735,1
16429,33736,1
16430,33737,1
16431,33738,2
16432,33739,1
16433,33741,1
16434,33742,2
16435,33744,1
16436,33745,1
16437,33746,1
16438,33747,1
16439,33748,3
16440,33751,2
16441,33753,3
16442,33755,3
16443,33756,3
16444,33761,3
16445,33762,2
16446,33767,1
16448,33769,1
16450,33773,2
16452,33779,6
16453,33783,1
16455,33788,1
16456,33791,2
16457,33792,3
16458,33795,1
16459,33797,2
16460,33799,4
16461,33803,1
16462,33804,7
16463,33805,1
16465,33814,1
16467,33817,1
16468,33818,1
16469,33819,3
16470,33820,1
16471,33822,1
16472,33824,1
16473,33825,1
16474,33826,3
16475,33829,1
16476,33830,1
16477,33831,1
16478,33832,2
16479,33834,1
16480,33835,3
16482,33838,1
16485,33843,1
16486,33844,6
16487,33848,4
16488,33849,4
16489,33850,6
16490,33859,3
16491,33867,1
16492,33868,1
16493,33869,1
16494,33870,3
16495,33871,1
16497,33875,2
16498,33877,2
16499,33879,1
16501,33881,1
16502,33882,1
16503,33883,4
16504,33884,1
16505,33888,7
16506,33894,2
16507,33897,7
16508,33904,1
16509,33905,7
16510,33912,2
16511,33914,3
16513,33919,1
16515,33921,2
16517,33926,6
16518,33927,3
16519,33935,7
16520,33938,3
16521,33945,3
16522,33948,2
16523,33950,2
16524,33952,1
16525,33953,2
16526,33955,1
16529,33961,1
16530,33962,1
16531,33963,1
16532,33964,3
16533,33967,1
16534,33968,2
16535,33970,6
16536,33971,1
16538,33978,1
16539,33979,1
16540,33980,2
16541,33982,1
16543,33985,2
16544,33989,3
16545,33992,3
16546,33995,1
16547,33996,4
16548,33998,3
16549,34002,2
16550,34005,3
16551,34006,1
16552,34009,4
16553,34012,3
16554,34015,1
16555,34017,1
16556,34018,3
16557,34020,5
16558,34023,4
16559,34025,3
16560,34027,4
16561,34037,1
16563,34039,1
16564,34040,1
16565,34041,1
16566,34042,4
16568,34049,1
16569,34050,1
16570,34051,1
16572,34053,3
16573,34056,1
16574,34057,2
16575,34058,3
16576,34062,4
16577,34063,3
16578,34069,1
16579,34070,2
16580,34072,1
16581,34073,7
16582,34075,4
16583,34076,1
16584,34077,1
16585,34079,3
16586,34080,7
16588,34086,1
16589,34095,7
16590,34096,3
16591,34110,1
16592,34111,3
16593,34114,1
16594,34118,1
16595,34120,1
16596,34121,1
16597,34122,1
16598,34123,2
16599,34124,3
16600,34125,2
16601,34130,1
16602,34131,1
16603,34132,1
16604,34133,1
16605,34134,1
16606,34135,1
16607,34136,3
16608,34137,1
16609,34140,3
16610,34143,2
16611,34144,1
16613,34148,4
16614,34149,3
16615,34157,1
16616,34158,3
16617,34159,2
16618,34160,1
16620,34166,1
16623,34171,4
16625,34177,1
16628,34181,5
16629,34183,3
16630,34189,1
16632,34193,3
16633,34194,3
16634,34197,1
16635,34200,4
16636,34204,2
16637,34206,3
16638,34209,1
16639,34210,1
16640,34211,1
16641,34212,7
16642,34219,1
16643,34220,6
16644,34221,1
16645,34224,3
16647,34231,3
16649,34235,1
16650,34236,1
16651,34237,3
16654,34244,4
16655,34248,1
16656,34249,3
16657,34252,2
16659,34255,1
16660,34256,1
16661,34259,3
16662,34260,2
16663,34264,1
16664,34265,1
16666,34267,3
16667,34268,1
16668,34273,3
16671,34279,1
16672,34280,3
16673,34283,1
16674,34284,1
16675,34285,6
16676,34287,6
16677,34294,1
16678,34297,2
16679,34299,2
16680,34302,1
16681,34303,1
16682,34304,1
16683,34305,1
16684,34306,1
16687,34311,4
16688,34313,3
16689,34318,7
16690,34325,2
16692,34328,3
16693,34331,1
16694,34332,1
16695,34333,1
16696,34334,1
16698,34336,1
16699,34337,3
16700,34340,3
16701,34343,1
16702,34344,1
16704,34346,1
16705,34347,1
16708,34352,3
16710,34356,1
16711,34357,1
16713,34360,1
16715,34362,1
16717,34366,1
16718,34367,1
16719,34368,3
16720,34370,1
16722,34375,3
16723,34376,1
16724,34378,1
16725,34383,1
16726,34385,1
16728,34387,1
16729,34390,1
16730,34391,1
16731,34392,1
16732,34393,1
16733,34394,1
16734,34395,1
16735,34396,2
16736,34398,1
16738,34400,2
16739,34402,2
16740,34404,2
16741,34405,1
16742,34407,1
16743,34408,1
16744,34409,1
16746,34411,2
16748,34414,6
16750,34425,1
16751,34428,7
16752,34435,2
16753,34437,3
16754,34438,1
16755,34440,3
16756,34442,1
16757,34445,1
16758,34446,1
16759,34447,1
16760,34448,3
16761,34450,2
16762,34453,2
16763,34455,3
16764,34457,1
16765,34459,3
16767,34462,1
16768,34463,7
16769,34464,4
16770,34470,4
16771,34479,1
16772,34480,3
16773,34481,6
16774,34482,1
16775,34490,1
16776,34491,3
16777,34492,1
16778,34493,3
16779,34498,7
16780,34500,6
16781,34509,1
16782,34512,3
16783,34513,3
16784,34518,1
16787,34521,2
16788,34528,6
16789,34534,2
16790,34535,1
16791,34537,1
16792,34538,5
16793,34540,2
16794,34541,2
16795,34545,1
16796,34546,3
16797,34551,2
16798,34552,1
16799,34553,1
16800,34555,4
16801,34556,1
16803,34562,3
16804,34565,1
16806,34569,3
16807,34574,7
16808,34575,6
16809,34583,6
16810,34590,1
16812,34595,1
16813,34596,1
16814,34597,1
16815,34598,2
16817,34602,1
16818,34603,1
16819,34604,1
16820,34605,1
16821,34606,1
16822,34607,2
16823,34609,3
16824,34612,1
16825,34613,7
16826,34615,1
16827,34621,3
16828,34624,1
16829,34625,1
16831,34627,1
16833,34630,2
16834,34632,4
16835,34636,2
16837,34644,1
16838,34645,1
16839,34646,7
16840,34651,1
16841,34654,6
16843,34661,2
16844,34663,3
16845,34666,2
16846,34668,1
16847,34669,3
16848,34672,2
16849,34674,3
16850,34677,1
16851,34678,1
16852,34679,7
16853,34685,1
16856,34692,1
16857,34694,3
16858,34697,1
16859,34698,7
16860,34702,6
16861,34710,6
16862,34713,7
16863,34724,1
16864,34725,4
16865,34729,3
16866,34732,1
16867,34733,1
16868,34734,1
16870,34739,1
16871,34740,1
16872,34741,2
16873,34743,6
16874,34744,1
16875,34745,1
16876,34747,5
16877,34748,1
16878,34750,4
16880,34755,1
16883,34771,3
16884,34772,3
16885,34775,1
16886,34777,6
16887,34782,2
16890,34788,2
16892,34791,3
16893,34793,6
16894,34794,3
16896,34806,1
16897,34807,7
16898,34808,2
16899,34809,1
16900,34812,1
16901,34818,3
16902,34819,1
16903,34821,1
16904,34823,2
16905,34824,1
16908,34832,3
16909,34835,1
16911,34837,1
16912,34838,7
16913,34839,3
16914,34848,2
16915,34850,6
16916,34852,4
16917,34854,1
16918,34861,1
16919,34862,2
16920,34863,1
16921,34865,3
16922,34867,3
16923,34870,1
16924,34872,1
16925,34873,1
16926,34874,3
16927,34875,6
16928,34877,1
16929,34884,1
16931,34886,1
16932,34887,1
16933,34888,1
16934,34889,3
16936,34893,1
16937,34896,3
16938,34900,1
16940,34903,1
16941,34904,3
16942,34908,1
16943,34909,2
16944,34911,1
16945,34912,1
16947,34914,2
16948,34916,1
16949,34917,1
16950,34918,2
16952,34921,1
16953,34922,2
16954,34924,5
16956,34930,1
16957,34931,1
16958,34932,1
16959,34933,2
16960,34935,1
16961,34936,1
16962,34937,1
16964,34939,3
16965,34942,3
16967,34946,1
16968,34948,1
16969,34949,1
16971,34951,7
16972,34954,1
16974,34957,4
16975,34962,1
16977,34968,1
16978,34969,1
16979,34970,2
16980,34972,1
16981,34973,6
16982,34979,3
16983,34980,1
16984,34983,1
16985,34984,6
16986,34987,1
16987,34991,1
16988,34992,4
16989,34996,2
16990,34997,3
16991,35000,1
16992,35002,3
16994,35009,3
16995,35015,6
16996,35017,1
16997,35021,3
16998,35025,1
16999,35026,1
17000,35027,1
17001,35028,1
17002,35029,1
17003,35030,1
17005,35034,3
17006,35037,1
17007,35038,1
17008,35039,3
17009,35042,1
17010,35043,3
17011,35046,3
17012,35049,1
17013,35050,1
17014,35051,1
17015,35052,2
17016,35054,1
17017,35055,3
17018,35058,4
17020,35062,2
17021,35065,1
17022,35066,5
17023,35069,2
17025,35075,1
17027,35078,1
17028,35079,1
17029,35080,3
17031,35085,1
17033,35088,7
17034,35095,3
17035,35098,1
17036,35099,1
17037,35100,6
17039,35104,1
17040,35113,4
17041,35116,1
17042,35119,3
17043,35122,1
17044,35123,1
17046,35125,3
17047,35128,2
17048,35130,1
17049,35131,1
17050,35132,1
17051,35133,1
17052,35134,1
17053,35135,1
17054,35136,1
17055,35137,1
17056,35138,1
17057,35139,1
17060,35143,4
17061,35147,7
17062,35154,4
17063,35158,1
17064,35159,4
17065,35163,1
17066,35164,1
17067,35165,1
17068,35166,2
17069,35168,1
17070,35169,1
17071,35170,1
17072,35171,1
17073,35172,1
17074,35173,2
17075,35175,2
17076,35177,3
17078,35182,4
17079,35186,3
17081,35192,1
17083,35194,1
17084,35195,1
17085,35196,1
17086,35197,3
17087,35200,6
17088,35206,1
17089,35207,1
17090,35208,1
17091,35209,3
17092,35212,1
17095,35217,3
17096,35220,7
17097,35223,3
17098,35230,4
17099,35231,1
17100,35232,3
17101,35238,1
17102,35239,1
17104,35241,1
17105,35242,1
17106,35243,1
17107,35244,1
17109,35248,3
17110,35251,1
17111,35252,1
17112,35253,1
17113,35254,1
17114,35255,1
17115,35256,1
17116,35257,5
17117,35258,3
17118,35259,2
17119,35261,1
17120,35268,7
17121,35275,3
17122,35278,1
17123,35279,1
17124,35280,1
17125,35281,2
17126,35283,6
17127,35284,1
17129,35292,7
17130,35293,1
17131,35300,1
17132,35301,6
17133,35302,1
17135,35314,2
17136,35316,2
17137,35318,3
17138,35319,3
17140,35325,2
17142,35332,3
17143,35337,1
17144,35338,1
17145,35339,6
17146,35345,1
17147,35346,1
17148,35347,1
17149,35348,1
17150,35349,2
17151,35351,1
17152,35352,4
17153,35356,3
17154,35359,1
17155,35360,1
17156,35361,1
17157,35362,4
17158,35366,2
17159,35368,1
17160,35369,1
17163,35373,1
17164,35374,1
17165,35375,1
17166,35376,2
17167,35377,1
17168,35379,1
17169,35380,3
17170,35383,3
17171,35386,2
17172,35388,6
17173,35394,1
17174,35395,1
17175,35396,1
17176,35397,1
17177,35398,1
17178,35399,1
17179,35400,6
17181,35404,4
17182,35408,2
17183,35410,1
17184,35414,3
17185,35415,4
17186,35420,3
17187,35422,3
17188,35423,6
17189,35426,6
17190,35429,1
17191,35439,1
17192,35441,7
17194,35449,4
17195,35450,1
17196,35452,2
17197,35456,5
17198,35459,3
17199,35464,1
17200,35465,2
17201,35467,3
17202,35469,1
17203,35471,1
17204,35472,2
17205,35473,6
17206,35474,2
17207,35475,1
17209,35484,1
17210,35485,1
17211,35486,1
17212,35488,1
17213,35489,1
17214,35491,1
17215,35492,6
17216,35494,3
17217,35499,1
17218,35501,4
17219,35502,3
17220,35505,5
17221,35510,3
17222,35513,3
17223,35520,1
17224,35521,1
17225,35522,1
17226,35523,3
17227,35524,4
17228,35528,1
17229,35530,1
17230,35532,6
17231,35537,1
17232,35539,1
17233,35540,1
17234,35541,1
17235,35542,1
17236,35543,1
17237,35544,1
17239,35547,1
17240,35549,6
17241,35552,2
17242,35554,3
17243,35561,1
17244,35562,1
17245,35563,2
17246,35565,1
17247,35566,1
17248,35567,1
17249,35568,1
17250,35569,1
17251,35570,1
17252,35571,3
17253,35574,2
17254,35576,2
17255,35577,1
17256,35578,2
17257,35581,3
17259,35587,1
17260,35588,1
17261,35589,2
17262,35590,3
17263,35591,1
17264,35594,1
17265,35596,3
17266,35597,4
17267,35598,1
17268,35599,3
17269,35602,1
17270,35605,6
17271,35609,3
17272,35611,6
17273,35612,2
17274,35615,7
17275,35621,2
17276,35634,7
17277,35637,1
17278,35641,1
17279,35642,2
17280,35645,6
17282,35652,1
17283,35653,3
17284,35654,1
17287,35660,1
17289,35662,1
17290,35663,2
17292,35666,2
17293,35667,2
17294,35673,2
17296,35677,1
17297,35679,4
17298,35683,7
17299,35687,4
17300,35692,2
17301,35695,2
17302,35698,1
17305,35701,1
17306,35702,1
17307,35703,1
17308,35704,2
17309,35705,1
17310,35707,3
17311,35708,1
17312,35711,1
17313,35712,1
17314,35713,3
17315,35716,2
17316,35717,2
17317,35719,1
17318,35721,3
17319,35723,6
17320,35726,3
17321,35730,2
17322,35733,2
17324,35738,1
17325,35739,3
17326,35740,1
17327,35743,4
17328,35745,1
17329,35746,2
17330,35750,1
17331,35751,1
17333,35753,1
17334,35755,1
17335,35757,1
17336,35758,2
17337,35760,3
17339,35764,6
17340,35770,3
17341,35773,1
17343,35775,2
17344,35777,1
17345,35778,6
17347,35785,2
17348,35787,1
17349,35788,1
17350,35789,1
17351,35790,2
17352,35791,3
17353,35795,3
17354,35798,3
17355,35799,3
17356,35802,3
17357,35807,3
17358,35809,1
17360,35812,2
17361,35816,1
17362,35817,1
17363,35818,1
17364,35819,1
17365,35820,1
17366,35821,6
17367,35825,5
17368,35832,4
17369,35835,1
17370,35837,7
17371,35838,1
17372,35839,1
17373,35841,1
17374,35847,2
17375,35849,3
17376,35850,7
17377,35859,3
17378,35862,3
17379,35865,1
17380,35866,3
17382,35875,1
17383,35877,2
17384,35879,3
17385,35881,1
17386,35883,3
17387,35886,3
17388,35889,3
17389,35892,1
17390,35893,1
17391,35894,3
17392,35897,6
17393,35903,1
17394,35904,1
17395,35905,3
17397,35909,1
17398,35910,2
17399,35912,1
17401,35917,1
17402,35920,3
17403,35923,1
17404,35924,1
17405,35925,1
17406,35926,1
17407,35927,1
17409,35929,1
17410,35930,1
17411,35931,1
17412,35932,3
17415,35941,3
17416,35945,3
17417,35946,6
17418,35953,3
17419,35957,4
17420,35959,2
17421,35960,7
17423,35972,1
17425,35974,2
17426,35975,2
17427,35978,1
17428,35979,4
17429,35980,1
17430,35981,3
17431,35983,1
17432,35987,2
17433,35990,1
17434,35991,1
17436,35996,1
17437,35997,5
17438,36001,1
17440,36004,1
17441,36005,4
17442,36006,1
17443,36008,1
17444,36011,1
17445,36012,1
17446,36013,2
17448,36017,1
17449,36019,3
17451,36025,7
17452,36027,1
17453,36031,2
17454,36032,2
17455,36033,6
17456,36038,1
17457,36042,3
17458,36043,2
17459,36046,3
17460,36052,1
17461,36053,3
17463,36055,1
17464,36057,1
17465,36059,1
17466,36060,3
17467,36061,1
17468,36064,3
17469,36066,1
17472,36072,6
17473,36073,1
17474,36074,1
17475,36076,1
17476,36079,2
17477,36082,1
17478,36084,3
17479,36086,1
17481,36090,1
17482,36091,2
17483,36093,5
17484,36098,3
17485,36099,1
17486,36101,6
17488,36104,1
17489,36107,1
17490,36110,4
17491,36114,1
17492,36116,1
17495,36120,1
17496,36121,1
17497,36123,1
17498,36124,1
17499,36125,1
17500,36126,1
17501,36127,3
17502,36128,1
17503,36131,7
17504,36132,1
17505,36134,2
17506,36136,1
17507,36138,1
17508,36141,1
17510,36144,1
17511,36145,3
17513,36152,1
17515,36154,6
17516,36156,2
17517,36157,3
17518,36158,3
17519,36168,1
17520,36169,3
17521,36172,2
17522,36174,1
17523,36175,3
17524,36176,4
17525,36182,1
17526,36183,1
17527,36184,1
17528,36185,2
17529,36187,3
17530,36190,3
17533,36195,2
17534,36203,1
17536,36205,3
17537,36208,6
17538,36209,2
17539,36214,1
17540,36217,2
17541,36219,1
17542,36220,1
17543,36221,1
17544,36222,5
17545,36227,1
17546,36228,3
17547,36229,1
17548,36232,1
17549,36233,1
17550,36234,1
17552,36236,4
17553,36237,7
17554,36239,1
17555,36246,1
17556,36249,1
17557,36250,1
17558,36251,2
17559,36252,1
17560,36254,1
17561,36255,3
17562,36258,6
17563,36264,2
17564,36266,1
17565,36267,4
17566,36271,1
17567,36272,6
17568,36277,1
17569,36279,3
17570,36282,3
17571,36285,1
17572,36286,1
17573,36287,1
17574,36288,1
17575,36289,1
17576,36290,1
17577,36291,3
17578,36292,1
17579,36294,1
17580,36296,1
17581,36297,2
17583,36300,1
17584,36302,1
17585,36303,3
17586,36306,2
17587,36308,3
17588,36309,1
17589,36312,6
17590,36313,3
17591,36315,2
17592,36323,3
17594,36327,7
17595,36334,3
17596,36343,2
17597,36345,1
17598,36346,3
17600,36348,1
17601,36349,2
17602,36352,3
17603,36358,6
17604,36364,3
17605,36366,1
17606,36368,4
17607,36369,1
17608,36370,2
17609,36372,3
17610,36378,1
17611,36379,3
17612,36382,3
17613,36383,2
17614,36384,1
17615,36385,3
17616,36386,2
17617,36393,2
17618,36395,2
17619,36397,3
17620,36398,3
17621,36401,5
17622,36403,5
17623,36407,1
17624,36410,1
17625,36411,6
17626,36414,1
17627,36416,3
17628,36419,1
17629,36422,2
17630,36427,1
17632,36431,3
17633,36433,1
17634,36434,3
17637,36443,4
17638,36444,2
17639,36445,6
17640,36451,1
17641,36455,1
17642,36457,7
17643,36461,6
17644,36462,6
17645,36469,1
17647,36478,1
17648,36479,1
17649,36480,4
17650,36481,1
17652,36488,3
17653,36489,1
17654,36490,2
17655,36491,1
17657,36495,7
17658,36502,1
17659,36503,1
17660,36505,1
17662,36516,2
17663,36517,1
17664,36519,1
17665,36520,1
17666,36521,6
17667,36522,1
17668,36528,1
17669,36529,4
17670,36530,7
17672,36540,3
17673,36541,1
17674,36546,1
17675,36548,1
17676,36549,2
17678,36551,4
17680,36560,4
17681,36561,4
17682,36567,2
17683,36570,3
17684,36573,1
17685,36574,6
17686,36575,3
17687,36580,1
17688,36583,1
17689,36585,1
17690,36586,2
17691,36587,3
17693,36593,2
17694,36594,7
17695,36596,3
17696,36602,1
17697,36604,2
17698,36607,3
17699,36610,2
17700,36615,1
17703,36626,5
17704,36628,5
17705,36629,1
17706,36633,3
17707,36635,2
17708,36642,1
17709,36643,1
17710,36645,1
17711,36646,2
17712,36648,1
17713,36649,1
17714,36650,2
17715,36651,1
17716,36652,3
17717,36656,1
17718,36657,1
17719,36658,3
17720,36661,4
17721,36662,4
17722,36668,1
17723,36670,1
17724,36671,1
17725,36672,1
17726,36673,3
17727,36676,2
17728,36678,1
17729,36679,7
17730,36680,1
17731,36687,1
17732,36688,3
17733,36690,1
17734,36692,1
17735,36693,1
17736,36694,1
17737,36695,1
17738,36696,1
17739,36697,3
17740,36700,1
17741,36701,1
17742,36702,2
17743,36704,1
17744,36705,1
17745,36706,3
17746,36709,4
17747,36713,1
17749,36715,2
17750,36717,6
17751,36720,1
17752,36724,3
17753,36726,1
17754,36728,1
17755,36729,4
17756,36731,1
17757,36734,1
17758,36735,2
17759,36736,1
17760,36738,7
17761,36742,5
17762,36748,4
17763,36754,1
17765,36756,1
17767,36758,3
17768,36761,4
17769,36763,4
17770,36765,3
17771,36772,6
17772,36778,1
17773,36779,3
17774,36780,1
17775,36782,3
17776,36786,3
17777,36789,1
17778,36790,2
17779,36791,1
17780,36793,7
17781,36794,7
17782,36804,1
17783,36808,5
17785,36814,2
17787,36818,2
17788,36820,3
17789,36822,1
17790,36824,3
17791,36827,3
17792,36829,2
17793,36832,1
17794,36833,3
17795,36836,1
17796,36837,6
17797,36840,1
17798,36844,1
17799,36845,3
17801,36849,7
17802,36851,7
17803,36860,7
17804,36865,3
17805,36872,3
17806,36876,3
17807,36877,3
17808,36878,3
17809,36885,1
17810,36886,3
17811,36889,1
17812,36890,1
17813,36891,3
17814,36894,1
17815,36895,7
17816,36897,1
17818,36904,1
17819,36905,1
17820,36906,1
17821,36907,1
17822,36908,1
17824,36910,1
17825,36913,3
17826,36914,2
17827,36916,1
17830,36920,1
17831,36923,1
17832,36924,1
17833,36926,1
17834,36927,1
17836,36935,3
17838,36940,1
17839,36941,1
17840,36942,4
17841,36943,3
17842,36947,1
17844,36951,1
17845,36957,2
17847,36961,1
17848,36966,1
17849,36967,3
17850,36968,1
17852,36972,1
17853,36973,1
17854,36974,1
17855,36978,2
17856,36979,1
17857,36980,4
17858,36982,1
17859,36988,1
17860,36990,7
17861,36992,3
17863,37000,7
17864,37001,2
17865,37002,1
17866,37007,1
17867,37011,1
17868,37012,7
17869,37013,2
17870,37016,1
17871,37017,1
17872,37025,1
17873,37026,2
17874,37028,1
17877,37032,4
17878,37036,1
17879,37037,6
17880,37041,2
17881,37042,1
17882,37045,4
17884,37053,6
17885,37055,1
17886,37056,1
17888,37062,3
17889,37063,2
17891,37065,2
17892,37070,1
17893,37071,3
17894,37074,1
17895,37075,1
17896,37076,3
17897,37077,1
17898,37078,3
17899,37083,1
17900,37084,1
17901,37085,1
17902,37086,1
17903,37087,7
17904,37088,3
17905,37091,3
17906,37092,1
17907,37097,6
17908,37098,4
17910,37114,1
17911,37115,3
17912,37117,7
17913,37119,1
17914,37120,2
17915,37123,1
17916,37127,2
17917,37131,6
17918,37135,7
17920,37139,6
17921,37140,1
17922,37153,1
17923,37155,2
17924,37156,1
17925,37158,3
17928,37169,1
17929,37171,1
17930,37172,6
17931,37175,1
17932,37177,3
17933,37178,3
17935,37186,2
17936,37188,1
17937,37189,2
17938,37191,3
17939,37194,1
17940,37195,3
17941,37196,2
17942,37197,3
17943,37198,3
17944,37206,1
17946,37210,1
17947,37211,1
17948,37212,2
17949,37214,3
17950,37217,1
17952,37219,3
17954,37223,2
17956,37226,3
17958,37230,1
17959,37231,3
17961,37235,1
17963,37237,1
17964,37238,7
17965,37241,1
17967,37247,1
17968,37248,1
17969,37249,3
17972,37259,1
17973,37260,7
17974,37261,1
17975,37268,4
17976,37272,1
17977,37273,1
17978,37274,1
17979,37275,4
17980,37276,2
17981,37281,2
17982,37283,3
17983,37286,1
17984,37287,4
17985,37291,1
17986,37292,5
17987,37297,1
17988,37298,5
17989,37303,2
17990,37305,1
17991,37306,6
17993,37313,6
17994,37316,4
17995,37323,1
17997,37326,1
17998,37327,2
17999,37329,3
18000,37332,3
18001,37333,2
18002,37337,3
18003,37338,1
18004,37341,1
18005,37342,3
18006,37343,1
18007,37345,1
18008,37347,3
18009,37348,1
18010,37351,1
18011,37352,1
18012,37353,1
18013,37354,1
18014,37355,3
18015,37356,3
18016,37358,2
18017,37363,2
18018,37365,1
18019,37366,2
18020,37367,1
18021,37369,7
18022,37370,3
18023,37371,3
18024,37377,3
18025,37382,7
18026,37385,2
18027,37393,3
18028,37396,4
18030,37401,5
18032,37413,2
18033,37417,3
18034,37420,3
18035,37424,1
18036,37425,6
18038,37429,3
18039,37433,3
18040,37436,1
18041,37440,3
18043,37443,1
18044,37444,2
18046,37449,2
18048,37452,2
18049,37453,6
18050,37454,1
18051,37455,1
18052,37456,1
18054,37460,3
18055,37462,1
18056,37468,6
18057,37470,1
18058,37472,7
18059,37482,7
18061,37487,1
18062,37488,2
18063,37493,3
18064,37496,1
18065,37497,1
18066,37498,7
18067,37499,1
18068,37505,1
18070,37507,1
18071,37509,1
18072,37510,4
18075,37517,1
18076,37520,1
18077,37521,2
18078,37523,7
18079,37524,1
18080,37526,3
18081,37527,1
18082,37534,1
18083,37535,1
18084,37537,4
18085,37538,1
18086,37540,2
18087,37541,1
18088,37543,1
18089,37544,3
18090,37548,3
18091,37552,2
18092,37553,3
18094,37555,2
18095,37560,1
18096,37561,7
18097,37568,2
18098,37569,1
18099,37571,1
18100,37572,1
18102,37574,2
18103,37575,3
18104,37576,1
18105,37580,1
18106,37581,3
18108,37584,1
18109,37587,1
18110,37589,3
18111,37592,1
18112,37593,1
18113,37594,3
18114,37597,1
18115,37598,3
18116,37601,1
18117,37602,2
18118,37604,1
18121,37609,1
18122,37610,6
18124,37617,7
18125,37620,1
18126,37624,1
18127,37626,3
18128,37630,1
18129,37631,1
18130,37632,2
18131,37634,3
18132,37637,1
18133,37638,1
18134,37639,2
18135,37641,1
18136,37642,1
18137,37643,1
18138,37644,1
18139,37645,1
18140,37646,1
18141,37647,2
18142,37649,2
18143,37650,1
18144,37652,1
18146,37660,2
18147,37662,1
18148,37663,1
18149,37664,1
18150,37665,1
18151,37666,1
18152,37667,2
18153,37669,3
18154,37670,7
18155,37679,2
18156,37680,3
18158,37685,1
18159,37686,6
18160,37688,1
18161,37693,1
18163,37695,6
18164,37701,1
18167,37706,1
18169,37708,2
18171,37717,3
18172,37720,1
18173,37721,1
18174,37722,3
18175,37725,1
18176,37726,1
18177,37727,3
18178,37728,1
18180,37732,3
18181,37735,1
18182,37736,5
18183,37741,1
18184,37742,2
18185,37744,1
18187,37747,3
18188,37748,1
18189,37751,2
18190,37752,1
18191,37754,2
18192,37756,5
18193,37761,1
18195,37763,1
18196,37766,6
18197,37772,1
18198,37773,1
18200,37777,4
18201,37781,6
18202,37782,1
18203,37784,3
18204,37788,1
18205,37792,3
18207,37796,2
18208,37798,2
18209,37800,1
18210,37801,1
18211,37802,4
18212,37806,2
18213,37807,1
18214,37808,1
18215,37810,2
18217,37815,1
18218,37816,1
18219,37817,1
18221,37821,1
18222,37822,1
18223,37823,1
18224,37824,1
18225,37825,2
18226,37827,3
18227,37830,1
18228,37831,1
18229,37832,1
18230,37833,1
18232,37836,1
18233,37837,4
18234,37841,1
18235,37842,1
18236,37843,3
18237,37846,1
18238,37847,7
18239,37848,1
18240,37852,3
18241,37857,2
18242,37860,1
18243,37861,1
18244,37862,6
18245,37865,1
18246,37869,2
18247,37871,3
18249,37876,1
18250,37877,1
18251,37878,3
18252,37881,6
18254,37889,1
18255,37890,6
18256,37894,3
18257,37898,3
18258,37902,2
18259,37904,3
18260,37907,1
18261,37908,1
18262,37909,1
18263,37910,1
18264,37911,1
18265,37912,3
18266,37915,1
18267,37916,2
18268,37918,1
18269,37919,2
18270,37921,1
18271,37922,1
18272,37923,1
18273,37924,2
18274,37925,1
18275,37927,4
18276,37931,1
18277,37932,1
18278,37933,1
18279,37934,1
18280,37935,6
18281,37939,1
18282,37942,3
18283,37943,1
18285,37945,1
18286,37948,1
18287,37949,1
18288,37950,1
18289,37951,1
18290,37952,7
18291,37959,2
18292,37961,1
18293,37962,1
18294,37963,1
18295,37964,7
18296,37965,2
18297,37973,3
18298,37976,6
18299,37982,1
18300,37983,2
18301,37984,1
18302,37986,1
18303,37987,1
18305,37989,7
18306,37994,5
18307,37997,1
18308,37998,1
18309,38003,1
18310,38004,1
18312,38008,6
18313,38009,1
18316,38018,1
18317,38019,1
18318,38020,1
18319,38021,3
18321,38025,1
18322,38026,3
18323,38029,2
18324,38030,1
18325,38032,1
18327,38036,1
18328,38037,1
18329,38038,3
18330,38041,3
18331,38043,1
18332,38045,6
18333,38047,3
18334,38054,1
18335,38055,1
18336,38056,1
18337,38057,1
18338,38058,3
18339,38060,1
18340,38062,1
18341,38063,3
18342,38064,1
18343,38067,1
18344,38068,1
18345,38069,1
18346,38070,1
18347,38071,1
18348,38072,2
18349,38074,1
18350,38075,1
18351,38076,7
18352,38083,5
18353,38084,2
18354,38090,1
18355,38091,3
18356,38093,3
18357,38097,2
18358,38099,1
18359,38100,3
18360,38101,3
18361,38106,4
18362,38110,1
18363,38111,2
18364,38113,1
18365,38114,7
18366,38121,1
18367,38122,1
18368,38123,1
18369,38124,1
18370,38125,1
18371,38126,3
18372,38128,1
18373,38130,1
18375,38133,2
18376,38139,7
18379,38145,1
18380,38150,3
18383,38156,1
18384,38158,2
18385,38162,2
18386,38165,1
18387,38166,5
18388,38170,2
18389,38171,1
18391,38176,1
18392,38177,1
18394,38179,6
18395,38181,1
18397,38186,1
18398,38187,4
18399,38189,2
18400,38191,1
18401,38192,3
18402,38194,1
18403,38199,2
18404,38201,3
18405,38202,6
18406,38204,1
18407,38205,1
18408,38208,4
18409,38210,1
18411,38218,1
18412,38220,3
18413,38221,7
18414,38223,1
18415,38227,1
18417,38229,2
18418,38233,1
18420,38238,7
18421,38243,1
18422,38244,3
18423,38248,2
18424,38252,2
18425,38254,3
18426,38256,1
18427,38257,1
18428,38258,1
18429,38260,1
18430,38261,4
18431,38263,1
18432,38266,1
18433,38267,1
18435,38269,1
18436,38270,1
18438,38272,1
18439,38273,7
18441,38279,2
18442,38281,1
18444,38288,6
18445,38292,1
18446,38297,1
18447,38298,4
18448,38302,1
18449,38303,1
18450,38304,1
18451,38305,3
18452,38306,3
18453,38311,3
18454,38314,1
18455,38315,1
18456,38316,3
18457,38319,2
18458,38321,1
18459,38322,1
18460,38323,1
18462,38325,2
18463,38327,1
18464,38328,1
18465,38331,1
18466,38334,1
18467,38335,7
18468,38338,1
18469,38339,3
18470,38346,2
18471,38348,1
18472,38349,2
18473,38350,1
18474,38351,3
18475,38352,1
18477,38357,1
18478,38358,7
18479,38359,1
18481,38361,2
18482,38368,1
18484,38372,2
18485,38375,3
18486,38378,3
18487,38381,1
18488,38382,1
18489,38383,1
18490,38384,1
18492,38388,1
18493,38389,1
18494,38390,1
18495,38391,3
18496,38392,5
18497,38395,1
18498,38397,1
18499,38401,3
18500,38404,6
18501,38405,1
18502,38406,2
18503,38413,1
18504,38414,4
18505,38415,1
18506,38417,1
18507,38418,1
18508,38421,1
18509,38422,1
18511,38427,3
18512,38431,1
18513,38432,4
18514,38436,1
18515,38437,1
18516,38439,1
18518,38442,5
18520,38449,3
18521,38453,1
18522,38454,3
18523,38456,3
18524,38457,6
18525,38463,3
18526,38469,1
18527,38470,5
18528,38475,1
18529,38476,4
18530,38480,1
18531,38481,2
18532,38483,1
18534,38487,3
18536,38490,1
18538,38493,2
18539,38495,1
18540,38496,3
18541,38499,6
18542,38502,1
18543,38506,1
18545,38508,3
18546,38509,1
18547,38512,3
18548,38513,2
18549,38517,1
18550,38518,1
18551,38519,4
18552,38521,1
18553,38524,1
18554,38525,2
18555,38527,2
18556,38529,6
18559,38539,1
18560,38540,1
18561,38541,5
18562,38543,6
18563,38552,1
18564,38553,1
18565,38554,1
18566,38555,1
18567,38556,3
18568,38559,1
18569,38560,3
18570,38561,4
18571,38565,1
18572,38566,2
18573,38570,3
18574,38571,6
18575,38575,5
18576,38584,3
18577,38587,1
18578,38588,1
18579,38589,3
18580,38590,1
18581,38593,1
18582,38594,1
18583,38595,6
18584,38596,3
18586,38605,4
18587,38607,3
18589,38616,2
18590,38620,1
18591,38621,1
18592,38622,2
18594,38627,1
18595,38629,2
18596,38631,3
18597,38632,1
18598,38635,1
18599,38636,1
18600,38637,2
18601,38638,1
18602,38640,1
18604,38642,3
18605,38644,1
18606,38647,1
18607,38648,5
18608,38650,1
18609,38651,4
18610,38652,1
18611,38658,5
18612,38659,1
18613,38660,2
18615,38668,1
18616,38669,1
18617,38670,2
18618,38672,3
18619,38673,1
18620,38674,1
18621,38675,1
18622,38677,3
18624,38681,4
18625,38683,1
18626,38687,1
18627,38688,7
18628,38690,3
18629,38693,1
18630,38694,1
18631,38700,1
18632,38701,6
18633,38703,1
18636,38713,1
18637,38714,1
18638,38715,1
18639,38716,1
18640,38717,3
18641,38719,1
18642,38721,1
18643,38722,7
18644,38728,1
18645,38729,1
18646,38730,1
18647,38731,4
18649,38734,3
18651,38742,2
18652,38744,5
18653,38749,2
18654,38750,2
18655,38752,7
18656,38760,1
18657,38762,3
18658,38765,1
18659,38766,1
18660,38767,1
18663,38772,3
18664,38773,1
18665,38781,3
18666,38782,1
18667,38784,1
18668,38785,1
18669,38788,1
18670,38789,6
18671,38790,1
18672,38794,1
18673,38797,1
18674,38798,3
18675,38799,1
18676,38801,1
18677,38803,1
18678,38804,1
18679,38805,2
18680,38806,2
18681,38809,3
18682,38812,1
18685,38817,1
18686,38818,1
18687,38819,7
18688,38822,1
18689,38823,4
18690,38824,3
18693,38836,1
18694,38837,2
18695,38843,1
18696,38844,1
18697,38845,1
18698,38846,3
18699,38847,1
18700,38850,1
18701,38851,2
18702,38853,1
18703,38854,2
18704,38856,6
18705,38858,2
18706,38864,3
18707,38865,4
18708,38866,1
18709,38872,1
18710,38873,1
18711,38874,1
18712,38875,2
18713,38876,2
18714,38879,1
18715,38880,1
18716,38881,1
18717,38882,2
18718,38884,1
18719,38885,3
18720,38888,3
18722,38893,2
18723,38896,1
18724,38897,1
18725,38898,1
18726,38899,3
18727,38902,2
18728,38903,1
18729,38905,7
18730,38907,1
18732,38913,1
18734,38915,3
18735,38919,6
18736,38920,4
18737,38929,1
18738,38930,3
18739,38933,1
18740,38934,3
18741,38937,1
18743,38939,3
18744,38942,1
18745,38943,1
18746,38944,1
18747,38945,4
18748,38947,1
18749,38950,3
18751,38953,1
18752,38957,1
18753,38958,3
18754,38961,2
18755,38963,1
18756,38964,1
18757,38965,3
18758,38968,1
18759,38969,1
18761,38971,1
18763,38973,1
18764,38975,1
18765,38976,3
18766,38979,3
18768,38983,3
18769,38986,1
18770,38987,3
18771,38989,1
18772,38990,2
18773,38993,2
18774,38994,3
18777,39001,3
18778,39005,3
18779,39006,3
18780,39007,1
18781,39012,1
18782,39013,1
18783,39014,1
18784,39015,6
18785,39020,2
18788,39028,3
18789,39031,2
18790,39033,1
18791,39034,1
18792,39035,1
18793,39036,3
18794,39038,1
18795,39040,1
18796,39041,4
18798,39046,3
18799,39047,1
18800,39048,7
18801,39050,1
18802,39057,1
18803,39058,1
18805,39061,1
18806,39063,4
18807,39066,1
18808,39068,1
18809,39069,2
18810,39071,3
18811,39074,1
18812,39075,3
18814,39077,1
18815,39082,3
18816,39083,1
18817,39086,2
18818,39087,3
18819,39091,1
18820,39092,1
18821,39093,3
18825,39104,1
18826,39105,1
18827,39106,3
18828,39108,1
18829,39110,1
18830,39111,3
18831,39112,1
18832,39114,1
18833,39115,2
18834,39117,3
18835,39118,4
18836,39123,1
18837,39124,1
18838,39127,1
18839,39128,6
18840,39134,3
18841,39137,1
18843,39139,7
18844,39140,1
18845,39145,2
18846,39147,1
18847,39148,6
18848,39150,1
18849,39151,1
18850,39153,2
18852,39161,3
18853,39162,1
18854,39164,2
18855,39166,6
18856,39167,1
18857,39170,5
18858,39174,3
18859,39181,1
18860,39183,1
18861,39184,1
18862,39185,1
18863,39186,1
18864,39187,2
18865,39188,1
18866,39190,1
18867,39191,7
18868,39193,3
18869,39194,1
18871,39202,1
18872,39203,7
18873,39204,2
18874,39205,1
18875,39209,1
18877,39213,1
18878,39218,2
18879,39221,2
18881,39224,2
18882,39226,1
18883,39227,4
18884,39228,7
18885,39235,1
18886,39236,1
18887,39239,6
18888,39240,3
18889,39246,3
18891,39253,7
18892,39257,1
18893,39259,1
18894,39261,1
18895,39262,3
18896,39263,3
18897,39265,1
18898,39267,1
18899,39271,1
18900,39272,1
18901,39273,1
18902,39274,2
18903,39276,1
18904,39277,1
18905,39278,3
18906,39281,2
18907,39282,1
18908,39284,1
18909,39285,7
18910,39286,3
18912,39290,3
18913,39292,1
18914,39299,2
18915,39303,2
18916,39304,1
18917,39306,1
18918,39307,6
18921,39318,1
18922,39319,1
18925,39322,4
18926,39326,1
18927,39328,1
18928,39331,3
18929,39334,1
18930,39335,1
18931,39336,2
18932,39338,3
18933,39339,3
18934,39342,4
18935,39344,1
18936,39346,1
18937,39349,3
18938,39353,2
18939,39355,6
18941,39362,7
18942,39371,1
18943,39372,1
18944,39373,1
18945,39374,1
18946,39375,1
18947,39376,5
18949,39381,3
18951,39387,3
18953,39393,1
18954,39394,1
18955,39395,2
18956,39397,7
18957,39400,1
18958,39402,3
18959,39407,1
18960,39408,1
18961,39409,7
18962,39412,6
18964,39425,3
18966,39436,3
18967,39437,3
18968,39444,1
18969,39445,1
18970,39446,3
18971,39449,1
18972,39450,3
18973,39452,3
18974,39453,1
18975,39457,7
18976,39460,1
18977,39465,7
18978,39467,1
18979,39470,4
18980,39476,3
18981,39478,3
18982,39483,3
18983,39486,7
18984,39488,6
18985,39496,3
18986,39502,1
18987,39503,3
18988,39504,1
18989,39505,3
18990,39506,1
18991,39507,1
18992,39512,4
18993,39514,1
18994,39515,6
18995,39523,2
18996,39525,6
18997,39531,2
18998,39533,1
18999,39534,1
19000,39535,6
19001,39541,3
19002,39544,1
19003,39545,1
19004,39546,1
19005,39547,2
19006,39549,1
19007,39550,1
19008,39551,6
19009,39553,1
19010,39556,1
19011,39558,1
19012,39560,1
19013,39561,2
19015,39564,2
19016,39565,1
19019,39569,4
19020,39572,1
19021,39574,1
19022,39575,3
19023,39576,3
19025,39581,1
19026,39583,3
19028,39587,2
19030,39593,2
19031,39594,4
19034,39604,6
19035,39607,3
19036,39608,1
19037,39617,7
19039,39629,7
19040,39632,1
19041,39640,3
19042,39641,1
19043,39642,1
19045,39645,3
19046,39649,3
19048,39654,1
19050,39657,3
19051,39660,1
19052,39661,1
19053,39662,7
19054,39664,1
19055,39665,1
19056,39666,1
19057,39668,1
19059,39673,1
19060,39674,1
19061,39676,2
19062,39678,1
19063,39679,1
19064,39680,3
19065,39683,1
19066,39684,1
19068,39686,7
19069,39687,3
19070,39693,1
19071,39694,2
19072,39698,1
19073,39700,1
19075,39702,2
19076,39706,3
19077,39707,1
19078,39710,1
19079,39711,1
19080,39712,1
19081,39713,3
19082,39714,1
19083,39715,3
19084,39719,1
19085,39721,1
19086,39722,7
19087,39728,2
19088,39731,1
19089,39732,4
19090,39734,1
19091,39737,7
19092,39738,3
19093,39739,1
19096,39750,5
19097,39752,4
19098,39759,1
19100,39764,1
19101,39765,7
19102,39766,2
19103,39771,2
19104,39777,6
19105,39778,1
19107,39781,2
19108,39783,1
19109,39785,1
19110,39786,1
19111,39788,1
19112,39789,2
19113,39790,5
19114,39794,1
19115,39795,3
19116,39797,2
19117,39798,1
19118,39805,1
19119,39806,1
19120,39807,1
19121,39808,1
19122,39809,3
19123,39810,3
19124,39815,1
19125,39816,1
19126,39817,1
19127,39818,1
19128,39819,1
19129,39820,3
19130,39823,3
19131,39826,1
19132,39827,1
19133,39828,1
19134,39829,5
19135,39831,1
19136,39832,1
19137,39833,1
19138,39837,1
19139,39838,3
19140,39839,4
19141,39842,1
19142,39846,1
19143,39847,1
19144,39848,2
19145,39850,1
19146,39851,1
19147,39852,1
19151,39864,1
19152,39865,1
19153,39866,2
19154,39868,3
19155,39869,3
19157,39876,1
19158,39878,3
19159,39880,3
19161,39883,1
19162,39886,2
19163,39888,2
19164,39889,2
19165,39892,1
19166,39893,1
19167,39894,4
19168,39898,1
19169,39899,1
19171,39903,3
19172,39906,1
19173,39907,1
19174,39908,3
19175,39910,7
19176,39911,1
19177,39919,3
19178,39921,1
19179,39923,1
19180,39924,1
19181,39925,1
19182,39926,4
19183,39928,1
19184,39930,1
19185,39931,1
19186,39933,1
19187,39934,1
19188,39935,2
19189,39937,1
19190,39938,1
19191,39939,1
19192,39940,5
19193,39945,4
19194,39946,1
19195,39947,3
19196,39953,3
19197,39956,3
19198,39957,1
19199,39960,3
19200,39963,5
19201,39964,3
19202,39969,1
19203,39972,1
19204,39973,1
19205,39974,1
19206,39975,4
19207,39978,4
19208,39983,1
19209,39984,1
19210,39985,1
19211,39986,1
19212,39987,3
19214,39991,3
19215,39994,1
19216,39995,1
19217,39996,3
19218,39998,1
19219,40000,1
19220,40001,1
19221,40002,1
19223,40004,3
19226,40012,4
19227,40013,6
19228,40016,1
19229,40018,1
19230,40020,3
19231,40026,4
19232,40031,1
19233,40032,1
19234,40033,1
19235,40034,1
19236,40035,3
19237,40036,1
19238,40039,1
19239,40040,1
19240,40041,6
19241,40043,1
19242,40048,1
19245,40052,1
19246,40053,3
19247,40055,1
19248,40057,1
19249,40058,1
19250,40059,1
19251,40060,1
19252,40061,1
19254,40063,4
19255,40064,6
19256,40065,1
19257,40067,3
19258,40068,1
19259,40077,1
19260,40079,3
19261,40080,6
19262,40083,1
19263,40086,4
19264,40087,1
19265,40091,3
19266,40094,3
19267,40100,1
19268,40101,2
19269,40102,1
19270,40104,1
19272,40106,1
19273,40107,1
19274,40108,1
19275,40109,1
19276,40110,1
19277,40111,1
19278,40112,1
19279,40113,3
19280,40115,3
19281,40117,1
19282,40118,3
19283,40123,1
19284,40124,3
19285,40125,3
19287,40128,1
19288,40130,1
19290,40136,1
19291,40137,1
19292,40138,1
19293,40139,1
19294,40140,3
19295,40143,3
19297,40149,1
19298,40150,3
19299,40152,1
19300,40154,3
19301,40155,1
19303,40160,2
19304,40164,3
19305,40165,1
19306,40166,7
19308,40175,1
19310,40178,3
19311,40180,3
19312,40183,2
19313,40186,5
19314,40187,1
19315,40192,7
19316,40196,2
19317,40198,3
19318,40199,3
19319,40207,1
19320,40208,5
19322,40215,1
19323,40216,1
19324,40217,1
19326,40219,1
19327,40220,1
19328,40221,4
19329,40225,4
19330,40226,7
19331,40232,1
19332,40237,1
19333,40238,3
19334,40241,1
19335,40242,3
19336,40245,1
19337,40246,4
19338,40247,2
19339,40251,3
19340,40253,4
19341,40256,4
19342,40259,1
19343,40262,2
19345,40267,3
19346,40269,1
19347,40271,1
19348,40272,1
19349,40273,2
19350,40275,4
19351,40276,1
19352,40280,6
19353,40281,1
19355,40283,4
19356,40286,1
19357,40294,1
19358,40296,1
19359,40297,7
19360,40300,1
19361,40301,1
19362,40306,6
19364,40312,4
19365,40317,1
19366,40318,3
19367,40319,4
19368,40320,1
19369,40326,1
19370,40327,2
19371,40329,1
19372,40330,2
19374,40333,1
19375,40334,7
19376,40335,1
19377,40342,4
19378,40346,1
19379,40347,3
19380,40349,1
19381,40351,1
19382,40352,3
19383,40355,1
19384,40356,6
19385,40360,2
19386,40361,1
19387,40365,3
19388,40368,1
19389,40369,1
19391,40371,3
19392,40374,1
19395,40378,2
19396,40380,1
19397,40381,3
19398,40384,3
19399,40387,3
19400,40388,1
19401,40391,1
19403,40394,3
19404,40397,4
19405,40401,6
19406,40407,7
19407,40414,1
19408,40415,1
19410,40419,1
19411,40420,3
19412,40423,1
19413,40424,1
19414,40425,1
19415,40426,2
19417,40430,1
19418,40431,1
19419,40432,2
19420,40434,3
19421,40437,1
19423,40440,2
19424,40442,1
19426,40446,1
19427,40447,1
19428,40448,6
19429,40454,1
19430,40455,3
19431,40458,2
19432,40460,7
19433,40461,1
19434,40464,2
19435,40467,1
19436,40470,2
19437,40473,2
19439,40476,1
19440,40477,2
19441,40479,2
19442,40481,7
19443,40482,3
19444,40491,3
19445,40494,2
19446,40495,3
19447,40499,1
19448,40500,1
19449,40501,3
19450,40502,3
19452,40508,3
19453,40513,4
19455,40518,1
19456,40519,3
19457,40522,4
19458,40526,1
19459,40527,4
19460,40533,1
19461,40536,1
19462,40537,1
19464,40541,3
19465,40544,2
19466,40546,6
19467,40549,1
19469,40556,2
19471,40560,1
19472,40562,1
19473,40563,4
19474,40567,1
19475,40568,6
19476,40574,3
19477,40577,4
19478,40581,7
19479,40583,2
19482,40600,1
19483,40601,3
19484,40604,3
19485,40607,1
19487,40610,3
19488,40613,1
19489,40614,2
19492,40621,4
19493,40625,1
19494,40626,3
19495,40629,1
19496,40630,1
19497,40631,1
19498,40632,1
19499,40633,6
19500,40635,1
19501,40640,1
19502,40641,3
19504,40645,4
19505,40649,1
19506,40650,1
19507,40651,1
19508,40652,2
19509,40654,2
19510,40656,5
19512,40661,1
19513,40663,1
19514,40664,4
19515,40668,1
19516,40669,1
19517,40670,3
19518,40671,1
19519,40673,3
19520,40677,1
19521,40678,5
19522,40683,1
19523,40684,1
19525,40686,1
19526,40687,1
19527,40688,4
19528,40692,3
19529,40695,4
19531,40700,3
19532,40703,1
19534,40710,3
19535,40713,1
19536,40714,6
19537,40720,1
19538,40721,3
19540,40725,6
19541,40731,1
19542,40732,1
19543,40733,1
19544,40734,2
19546,40739,3
19547,40742,2
19548,40744,5
19549,40748,4
19550,40753,1
19551,40754,7
19552,40755,1
19553,40760,3
19554,40762,1
19555,40766,2
19556,40768,1
19557,40769,2
19558,40771,2
19559,40772,4
19560,40773,7
19561,40776,7
19562,40791,1
19563,40792,2
19564,40793,2
19565,40796,2
19566,40797,1
19567,40799,6
19568,40802,1
19569,40804,4
19570,40810,7
19571,40817,1
19572,40818,1
19573,40819,1
19575,40821,6
19576,40827,1
19577,40828,2
19578,40829,7
19579,40835,1
19580,40840,4
19582,40847,3
19584,40854,2
19585,40856,1
19586,40857,2
19587,40859,5
19589,40870,2
19590,40872,3
19591,40875,1
19592,40876,4
19593,40880,3
19594,40881,2
19595,40885,1
19596,40886,3
19598,40892,6
19599,40898,1
19600,40899,1
19601,40900,1
19602,40901,1
19603,40902,1
19604,40903,2
19606,40906,1
19607,40907,7
19608,40912,6
19609,40917,3
19610,40919,1
19611,40924,1
19613,40926,1
19614,40927,1
19615,40928,1
19616,40929,1
19617,40930,1
19618,40931,4
19619,40933,4
19620,40936,1
19621,40940,3
19623,40944,1
19624,40945,1
19626,40949,1
19627,40950,2
19628,40952,3
19629,40955,1
19630,40956,1
19631,40957,2
19632,40959,2
19633,40961,1
19634,40962,5
19635,40964,1
19636,40968,2
19637,40969,6
19638,40973,1
19639,40977,3
19640,40980,1
19641,40981,1
19642,40982,1
19644,40984,2
19645,40986,1
19646,40987,4
19647,40989,2
19649,40998,1
19650,40999,1
19651,41000,1
19652,41001,1
19653,41002,1
19654,41003,2
19655,41004,2
19656,41007,2
19657,41008,1
19658,41010,1
19659,41011,1
19660,41012,1
19661,41013,2
19662,41015,1
19663,41016,1
19664,41017,6
19667,41033,2
19668,41035,1
19670,41039,2
19671,41041,3
19672,41044,2
19673,41045,2
19674,41048,4
19675,41049,2
19676,41054,3
19677,41055,1
19679,41060,3
19680,41062,1
19682,41066,3
19683,41068,1
19684,41071,1
19685,41072,2
19687,41079,1
19688,41081,3
19689,41085,2
19691,41088,1
19692,41089,1
19693,41090,1
19694,41091,3
19695,41092,7
19696,41095,1
19697,41097,2
19698,41098,2
19699,41101,1
19700,41106,1
19701,41107,2
19702,41108,2
19703,41109,4
19704,41115,4
19705,41116,1
19707,41120,1
19708,41123,6
19709,41124,1
19711,41127,3
19712,41128,1
19713,41129,1
19714,41134,3
19715,41140,1
19716,41141,1
19717,41142,1
19718,41143,1
19719,41144,3
19722,41150,7
19723,41163,3
19724,41167,3
19725,41170,1
19726,41171,3
19727,41172,3
19728,41175,3
19729,41178,1
19730,41180,3
19731,41184,1
19732,41185,1
19733,41186,2
19735,41190,1
19736,41191,3
19737,41192,7
19738,41197,2
19739,41198,4
19740,41201,1
19741,41204,1
19742,41206,1
19743,41208,3
19744,41213,1
19745,41214,4
19746,41218,3
19747,41219,1
19748,41222,2
19749,41223,3
19750,41225,2
19751,41227,1
19752,41229,1
19753,41230,1
19754,41232,1
19755,41233,1
19756,41234,1
19757,41235,1
19760,41242,2
19761,41244,1
19763,41256,6
19764,41258,3
19765,41265,1
19766,41266,2
19768,41271,2
19769,41273,2
19770,41275,1
19771,41276,3
19772,41279,3
19774,41283,1
19775,41287,2
19776,41289,2
19777,41291,1
19778,41292,2
19780,41295,1
19782,41297,3
19783,41300,2
19784,41304,7
19785,41306,1
19786,41307,4
19787,41309,1
19789,41321,2
19790,41323,1
19791,41324,1
19792,41325,1
19793,41326,6
19794,41327,1
19796,41335,3
19797,41338,1
19799,41341,5
19800,41344,1
19802,41352,1
19803,41355,3
19804,41357,1
19806,41362,1
19807,41363,3
19808,41366,1
19809,41367,1
19810,41368,1
19811,41369,1
19812,41370,2
19813,41372,3
19814,41373,3
19815,41378,1
19816,41379,3
19817,41380,2
19818,41381,1
19819,41385,3
19820,41386,1
19821,41389,6
19823,41393,1
19824,41394,1
19825,41395,2
19826,41400,1
19827,41401,3
19828,41403,3
19829,41407,1
19830,41408,1
19831,41409,3
19832,41411,1
19834,41414,6
19835,41416,3
19836,41418,5
19837,41431,3
19838,41434,1
19839,41435,3
19840,41436,1
19841,41437,7
19842,41440,1
19843,41443,2
19844,41448,3
19845,41451,1
19847,41456,1
19848,41457,1
19849,41458,1
19850,41459,7
19851,41460,1
19853,41472,2
19854,41474,2
19855,41476,2
19856,41477,7
19857,41480,1
19858,41484,2
19859,41488,3
19860,41491,1
19861,41492,4
19862,41493,7
19863,41494,3
19864,41499,1
19865,41506,1
19866,41508,1
19867,41509,1
19869,41511,1
19870,41512,3
19872,41516,1
19873,41519,3
19874,41520,1
19875,41521,1
19876,41524,6
19877,41525,1
19878,41528,1
19879,41530,2
19880,41531,3
19882,41538,2
19883,41539,1
19884,41541,3
19885,41542,3
19886,41546,3
19887,41548,1
19889,41552,3
19890,41553,1
19891,41556,1
19893,41559,1
19894,41560,1
19895,41561,3
19896,41562,3
19897,41565,3
19898,41569,1
19899,41571,6
19901,41574,1
19902,41580,2
19903,41582,3
19904,41590,2
19905,41592,2
19906,41594,3
19907,41597,1
19908,41598,2
19910,41602,1
19911,41603,3
19912,41605,1
19913,41607,1
19915,41609,1
19916,41610,5
19918,41616,3
19919,41619,1
19920,41620,7
19921,41621,3
19922,41628,3
19923,41632,2
19925,41635,1
19926,41637,6
19927,41639,1
19928,41641,2
19930,41647,3
19931,41649,4
19932,41650,4
19933,41663,1
19934,41664,1
19936,41667,1
19938,41671,1
19939,41675,1
19940,41676,1
19941,41677,1
19942,41678,1
19943,41679,1
19944,41680,1
19945,41681,7
19946,41683,1
19947,41684,3
19948,41691,4
19949,41692,1
19950,41697,1
19951,41698,3
19953,41704,1
19954,41705,3
19955,41707,1
19956,41709,1
19958,41711,1
19959,41712,1
19960,41713,1
19961,41714,2
19962,41716,1
19963,41717,3
19964,41718,1
19965,41719,1
19968,41724,3
19969,41727,3
19970,41730,2
19971,41732,2
19972,41734,3
19973,41737,3
19974,41740,1
19975,41741,6
19976,41747,4
19978,41752,1
19980,41754,2
19982,41758,1
19984,41760,3
19985,41763,3
19986,41766,2
19987,41768,7
19989,41781,2
19991,41784,1
19992,41785,1
19994,41787,1
19995,41788,1
19998,41797,1
20000,41799,3
20001,41803,1
20002,41804,1
20005,41807,3
20006,41813,1
20007,41814,1
20009,41816,3
20010,41818,1
20011,41819,1
20012,41821,3
20015,41829,5
20016,41831,1
20018,41836,1
20019,41839,7
20020,41840,3
20021,41846,3
20022,41850,2
20023,41854,3
20024,41855,1
20025,41858,2
20027,41861,3
20028,41862,2
20029,41864,3
20031,41871,1
20032,41872,1
20034,41874,3
20035,41876,1
20036,41883,1
20037,41884,3
20038,41885,1
20039,41888,3
20040,41889,1
20041,41891,1
20042,41893,1
20044,41897,1
20045,41898,1
20046,41899,1
20048,41901,3
20049,41904,1
20050,41905,2
20051,41906,1
20052,41908,1
20053,41909,2
20054,41910,1
20055,41912,1
20056,41913,1
20057,41914,2
20058,41916,4
20059,41917,1
20060,41918,2
20061,41922,3
20062,41925,2
20064,41929,3
20065,41931,1
20066,41932,2
20067,41935,1
20069,41937,3
20070,41938,3
20071,41939,5
20072,41940,1
20073,41949,1
20074,41950,1
20076,41952,1
20077,41953,1
20078,41954,1
20079,41955,3
20080,41956,2
20081,41959,1
20082,41961,1
20083,41962,1
20085,41964,1
20088,41970,1
20089,41971,1
20090,41972,1
20091,41973,1
20092,41974,3
20093,41977,1
20094,41978,3
20095,41979,1
20096,41980,1
20097,41983,1
20099,41985,1
20100,41986,1
20102,41988,2
20103,41989,1
20104,41991,1
20106,41993,3
20108,41997,2
20109,42000,3
20110,42002,1
20111,42005,6
20112,42007,3
20113,42011,1
20115,42017,1
20116,42018,1
20117,42020,1
20118,42021,4
20119,42025,6
20120,42028,1
20121,42030,3
20124,42038,2
20125,42040,1
20127,42044,1
20128,42047,1
20129,42048,7
20131,42052,1
20132,42054,3
20133,42058,3
20134,42061,1
20136,42069,1
20137,42075,3
20138,42078,1
20139,42079,1
20140,42080,3
20142,42084,7
20144,42091,1
20145,42096,3
20146,42098,1
20147,42100,1
20148,42101,2
20149,42102,1
20150,42104,1
20151,42105,3
20152,42108,1
20153,42109,3
20154,42111,3
20155,42114,1
20156,42116,3
20157,42119,1
20158,42120,1
20159,42121,1
20160,42122,2
20161,42124,3
20162,42125,3
20163,42127,1
20164,42131,6
20165,42132,2
20167,42140,1
20168,42141,3
20169,42142,1
20170,42145,1
20171,42146,1
20172,42147,1
20173,42148,2
20174,42149,2
20175,42152,3
20176,42155,3
20178,42159,1
20180,42165,7
20181,42166,5
20182,42167,1
20183,42178,2
20184,42180,1
20185,42181,4
20186,42185,3
20187,42187,1
20188,42189,3
20189,42192,2
20191,42196,1
20192,42199,1
20194,42201,1
20195,42202,6
20196,42203,1
20197,42209,1
20199,42212,3
20200,42215,1
20202,42217,1
20203,42218,1
20204,42219,1
20205,42220,1
20206,42221,1
20207,42222,1
20208,42223,1
20209,42224,4
20210,42226,1
20211,42229,1
20212,42230,6
20213,42231,1
20214,42233,1
20215,42235,1
20217,42241,3
20218,42243,1
20219,42245,1
20220,42246,3
20221,42249,1
20223,42252,3
20224,42253,3
20225,42255,1
20226,42259,1
20227,42260,3
20228,42263,1
20229,42264,3
20231,42272,3
20232,42273,6
20233,42274,2
20234,42275,3
20236,42287,1
20237,42290,1
20238,42291,1
20239,42292,6
20240,42293,2
20241,42300,3
20242,42303,3
20243,42304,5
20244,42308,1
20245,42309,1
20246,42310,2
20247,42312,5
20248,42314,1
20250,42322,1
20251,42323,1
20252,42324,1
20253,42325,6
20255,42332,1
20256,42333,5
20257,42335,1
20258,42338,1
20259,42340,5
20260,42341,1
20261,42342,3
20263,42350,1
20264,42351,3
20266,42355,1
20267,42358,3
20269,42361,1
20271,42371,1
20272,42373,3
20273,42374,2
20274,42378,3
20276,42382,1
20277,42383,3
20278,42384,1
20279,42386,1
20281,42389,1
20282,42393,1
20283,42395,3
20285,42399,1
20287,42402,1
20288,42406,3
20289,42409,7
20290,42412,1
20291,42414,3
20293,42417,3
20294,42424,2
20295,42425,1
20296,42427,1
20297,42428,3
20298,42431,1
20299,42432,2
20300,42433,1
20302,42436,3
20303,42437,1
20304,42440,1
20305,42441,1
20306,42442,1
20307,42443,1
20308,42444,3
20309,42447,2
20310,42448,1
20311,42449,1
20312,42451,1
20314,42453,1
20315,42454,2
20316,42456,1
20317,42457,4
20319,42461,1
20320,42463,3
20321,42465,1
20322,42466,1
20324,42470,1
20325,42472,1
20326,42473,3
20327,42474,1
20329,42477,1
20330,42479,4
20331,42483,1
20332,42484,1
20333,42485,1
20334,42486,1
20335,42487,2
20336,42489,1
20337,42490,1
20339,42493,1
20340,42494,1
20342,42498,5
20343,42501,1
20344,42504,2
20345,42506,1
20346,42507,1
20348,42509,3
20349,42513,1
20351,42518,1
20352,42519,1
20354,42522,7
20355,42527,1
20356,42529,1
20357,42530,1
20358,42532,6
20359,42534,3
20360,42535,3
20361,42544,1
20364,42558,7
20365,42563,1
20366,42565,1
20368,42569,4
20369,42570,4
20370,42571,5
20372,42584,1
20373,42585,1
20375,42587,1
20376,42589,6
20377,42591,1
20378,42595,3
20379,42596,1
20381,42605,1
20382,42606,1
20383,42607,4
20384,42611,2
20385,42612,1
20386,42613,3
20387,42614,3
20388,42620,2
20389,42622,2
20391,42629,3
20392,42632,2
20393,42634,1
20395,42637,3
20396,42640,1
20397,42641,1
20398,42642,1
20399,42643,1
20400,42644,3
20401,42647,1
20403,42649,1
20404,42650,1
20405,42651,1
20406,42652,1
20407,42653,1
20408,42654,2
20409,42656,3
20411,42661,3
20412,42665,4
20414,42670,1
20415,42671,6
20416,42679,3
20417,42680,3
20418,42685,3
20419,42688,1
20420,42689,1
20422,42693,3
20423,42695,1
20425,42697,3
20426,42698,2
20427,42702,1
20428,42707,3
20429,42708,1
20430,42710,1
20431,42712,1
20432,42713,1
20433,42714,5
20434,42716,3
20436,42724,2
20437,42726,1
20438,42727,3
20439,42728,1
20440,42731,1
20441,42732,3
20443,42736,1
20444,42737,1
20445,42740,1
20446,42741,5
20447,42742,2
20448,42744,1
20449,42746,3
20450,42751,3
20451,42754,1
20452,42756,1
20453,42757,3
20454,42760,2
20455,42762,1
20456,42763,1
20457,42764,1
20458,42765,3
20459,42766,4
20460,42768,1
20461,42770,3
20462,42776,1
20463,42777,6
20464,42778,3
20465,42786,3
20466,42789,1
20467,42790,1
20468,42791,1
20469,42792,1
20470,42793,3
20471,42795,1
20472,42796,2
20474,42800,2
20475,42801,4
20477,42806,1
20478,42809,6
20479,42810,3
20481,42821,3
20482,42822,1
20483,42825,3
20484,42826,3
20485,42828,1
20486,42834,3
20487,42838,4
20488,42839,1
20490,42844,1
20491,42845,2
20492,42847,7
20493,42850,3
20494,42853,6
20495,42860,2
20496,42861,1
20497,42866,3
20498,42868,3
20499,42872,3
20500,42873,3
20502,42879,2
20503,42880,3
20504,42885,3
20505,42886,1
20507,42891,1
20508,42892,1
20509,42893,6
20510,42895,2
20512,42900,1
20513,42901,1
20514,42905,1
20515,42906,2
20516,42907,1
20517,42909,1
20518,42910,2
20519,42912,2
20520,42914,4
20521,42916,1
20522,42919,1
20524,42921,4
20525,42922,1
20526,42926,2
20527,42927,1
20529,42930,3
20530,42936,2
20531,42940,2
20532,42942,1
20533,42943,1
20536,42950,3
20538,42956,1
20539,42957,1
20540,42958,3
20541,42959,1
20542,42960,1
20543,42963,1
20544,42964,1
20545,42965,3
20546,42968,1
20547,42969,3
20548,42971,2
20549,42973,1
20552,42984,4
20554,42992,1
20555,42993,1
20556,42994,1
20557,42995,1
20558,42996,4
20559,43000,3
20560,43003,3
20562,43007,6
20563,43015,6
20564,43021,6
20567,43034,1
20569,43036,1
20570,43037,6
20571,43043,3
20572,43046,3
20574,43048,1
20577,43063,1
20578,43066,2
20579,43068,1
20580,43069,4
20581,43073,1
20582,43074,1
20583,43075,7
20584,43076,1
20586,43083,1
20587,43086,1
20588,43087,1
20589,43088,1
20590,43089,1
20593,43098,6
20594,43104,3
20595,43107,7
20596,43112,3
20597,43117,6
20598,43123,1
20599,43124,1
20600,43125,3
20601,43126,1
20602,43129,3
20604,43133,1
20605,43134,3
20606,43137,2
20607,43139,1
20608,43140,1
20609,43141,3
20610,43144,6
20611,43145,1
20612,43151,2
20613,43153,6
20614,43157,1
20615,43160,2
20616,43162,4
20617,43166,1
20618,43167,2
20619,43169,2
20620,43171,1
20621,43172,4
20623,43178,6
20624,43182,3
20625,43183,1
20626,43187,1
20627,43190,1
20628,43191,1
20629,43192,2
20630,43194,1
20631,43195,1
20632,43196,1
20633,43197,1
20634,43198,3
20635,43201,1
20636,43202,1
20637,43203,1
20638,43204,6
20639,43205,1
20640,43209,1
20641,43211,2
20643,43215,6
20644,43219,1
20645,43222,1
20646,43223,6
20647,43229,2
20648,43231,1
20650,43236,1
20651,43237,6
20652,43239,7
20653,43241,6
20654,43251,1
20655,43257,1
20656,43258,1
20657,43259,1
20658,43260,3
20659,43262,2
20661,43271,1
20662,43272,1
20663,43273,5
20665,43280,1
20666,43281,1
20667,43282,1
20668,43283,1
20669,43284,3
20672,43290,4
20674,43295,1
20675,43296,4
20676,43300,1
20677,43301,1
20679,43303,4
20680,43304,6
20682,43315,3
20683,43318,3
20687,43331,6
20689,43334,1
20691,43343,1
20692,43344,2
20693,43346,1
20695,43348,1
20696,43349,3
20700,43358,6
20702,43364,3
20704,43371,1
20705,43372,1
20706,43373,3
20707,43376,6
20708,43377,7
20710,43390,1
20711,43391,3
20714,43398,1
20716,43400,2
20717,43402,3
20719,43405,1
20720,43406,2
20721,43412,1
20725,43417,3
20726,43422,1
20728,43424,3
20731,43436,1
20732,43437,3
20733,43438,6
20734,43440,2
20736,43450,1
20737,43451,1
20738,43452,1
20739,43453,3
20740,43456,7
20741,43463,3
20742,43466,3
20744,43470,2
20745,43472,2
20748,43476,3
20749,43479,2
20751,43487,1
20752,43488,3
20754,43492,2
20756,43498,1
20758,43500,4
20759,43502,1
20760,43504,1
20762,43507,3
20763,43510,1
20764,43511,1
20766,43513,1
20768,43517,3
20769,43519,1
20771,43523,3
20774,43530,1
20775,43536,1
20778,43542,1
20779,43543,1
20780,43544,3
20781,43547,1
20782,43548,1
20784,43550,1
20785,43551,1
20786,43552,2
20787,43554,1
20788,43555,6
20789,43556,1
20791,43563,2
20792,43565,4
20794,43570,1
20795,43571,1
20798,43575,4
20799,43582,3
20800,43584,1
20802,43589,1
20803,43591,1
20804,43592,3
20805,43595,1
20807,43598,1
20808,43599,3
20810,43605,1
20811,43608,1
20812,43611,1
20814,43613,1
20815,43614,4
20816,43615,1
20817,43617,1
20818,43620,3
20820,43624,1
20821,43627,2
20822,43628,4
20823,43632,3
20824,43634,3
20826,43639,4
20827,43645,3
20828,43646,1
20829,43647,3
20831,43650,1
20832,43651,3
20833,43654,3
20834,43658,3
20835,43669,1
20836,43670,1
20838,43674,1
20839,43675,1
20841,43681,3
20842,43682,1
20843,43685,2
20846,43690,3
20847,43696,1
20849,43702,2
20850,43703,1
20851,43705,2
20852,43707,1
20853,43708,1
20854,43709,2
20855,43710,4
20856,43711,1
20857,43714,7
20858,43716,2
20859,43722,1
20861,43725,1
20863,43730,3
20864,43732,1
20865,43734,6
20866,43742,1
20868,43744,2
20869,43745,1
20870,43753,1
20874,43762,3
20875,43767,1
20877,43769,1
20878,43771,1
20880,43773,1
20882,43776,7
20883,43777,1
20884,43778,2
20885,43780,1
20886,43783,3
20890,43795,1
20891,43796,1
20894,43801,1
20896,43804,3
20897,43808,2
20899,43810,3
20900,43811,1
20901,43812,1
20902,43815,3
20904,43819,1
20905,43822,1
20906,43825,1
20907,43826,3
20910,43831,3
20911,43834,3
20912,43836,3
20913,43839,2
20914,43842,3
20915,43844,6
20917,43849,5
20918,43859,2
20921,43865,2
20923,43869,3
20924,43879,1
20925,43880,1
20928,43886,1
20929,43889,1
20930,43890,1
20932,43892,7
20934,43896,1
20935,43901,3
20936,43904,7
20937,43906,3
20946,43933,1
20947,43934,1
20948,43935,3
20949,43937,3
20950,43939,3
20951,43942,2
20953,43947,3
20954,43948,1
20962,43964,1
20963,43968,5
20966,43978,1
20967,43979,3
20969,43983,3
20970,43984,3
20971,43987,1
20972,43989,2
20973,43992,1
20976,43996,1
20978,43999,3
20979,44000,6
20980,44008,4
20981,44009,1
20982,44010,7
20984,44020,1
20985,44021,4
20986,44026,4
20987,44028,1
20990,44034,1
20991,44036,7
20993,44044,1
20994,44045,1
20995,44046,1
20996,44047,2
20998,44050,1
21001,44054,1
21002,44055,1
21005,44060,2
21006,44061,2
21007,44062,1
21008,44065,1
21010,44067,3
21011,44068,1
21013,44072,3
21015,44078,1
21016,44079,1
21020,44083,1
21021,44084,2
21022,44086,1
21023,44087,1
21024,44088,2
21028,44098,1
21029,44103,3
21030,44105,3
21031,44106,2
21033,44111,3
21034,44116,2
21036,44121,4
21037,44124,1
21038,44125,2
21041,44132,1
21043,44135,1
21046,44140,1
21047,44141,1
21048,44142,3
21049,44145,4
21050,44146,1
21052,44155,2
21054,44160,1
21055,44161,3
21056,44164,1
21057,44165,3
21059,44172,5
21060,44175,1
21061,44178,3
21064,44185,4
21067,44192,3
21070,44198,3
21071,44200,1
21072,44202,3
21073,44203,2
21075,44209,1
21077,44213,1
21078,44214,1
21079,44215,1
21080,44216,1
21082,44218,2
21084,44223,4
21085,44227,2
21086,44229,2
21092,44246,4
21093,44250,2
21095,44253,1
21100,44258,1
21101,44259,4
21104,44268,1
21105,44271,1
21107,44273,1
21108,44274,4
21109,44277,2
21110,44282,2
21111,44284,6
21113,44290,1
21114,44292,1
21115,44293,1
21116,44294,1
21117,44295,1
21118,44296,2
21119,44297,1
21120,44299,3
21121,44300,3
21122,44302,2
21123,44307,1
21124,44308,5
21125,44310,3
21126,44312,1
21127,44314,6
21128,44315,2
21129,44317,3
21135,44342,1
21138,44345,1
21141,44353,3
21142,44354,2
21143,44355,1
21144,44359,1
21146,44361,7
21147,44363,1
21149,44368,1
21151,44372,7
21152,44382,7
21153,44384,1
21155,44388,1
21157,44392,3
21158,44393,1
21159,44394,7
21162,44403,4
21164,44407,1
21165,44416,3
21166,44423,1
21167,44424,1
21168,44425,1
21170,44427,1
21171,44428,1
21173,44430,1
21174,44432,2
21175,44434,1
21176,44435,6
21177,44437,4
21179,44446,1
21180,44447,3
21181,44448,7
21182,44450,3
21183,44457,3
21184,44460,4
21187,44470,6
21188,44471,1
21191,44479,4
21192,44480,1
21193,44482,2
21194,44487,2
21196,44492,2
21198,44497,2
21199,44498,3
21200,44502,1
21201,44503,2
21203,44506,1
21206,44510,6
21207,44511,1
21208,44513,3
21209,44514,1
21210,44518,1
21211,44520,1
21212,44522,5
21213,44523,1
21215,44526,3
21217,44534,1
21218,44536,3
21219,44538,1
21220,44539,1
21222,44542,1
21223,44543,1
21224,44544,1
21225,44545,2
21226,44546,1
21227,44548,1
21228,44549,3
21229,44551,4
21230,44553,1
21231,44554,6
21232,44557,3
21233,44558,3
21237,44572,6
21238,44574,2
21239,44580,1
21247,44600,1
21248,44601,7
21250,44609,2
21251,44611,5
21252,44612,1
21254,44615,3
21255,44623,1
21256,44624,3
21258,44628,1
21259,44631,7
21260,44632,1
21262,44638,1
21264,44641,1
21265,44643,1
21266,44644,1
21267,44645,1
21268,44646,1
21271,44651,3
21272,44654,1
21273,44655,1
21274,44656,5
21275,44661,1
21276,44662,1
21277,44663,1
21278,44664,1
21279,44665,7
21281,44673,3
21283,44679,1
21284,44680,1
21286,44682,3
21287,44686,5
21290,44697,1
21291,44700,3
21292,44703,3
21293,44706,1
21294,44707,1
21295,44708,6
21296,44714,3
21297,44717,3
21298,44719,3
21299,44721,1
21300,44722,4
21301,44725,1
21302,44726,1
21303,44730,1
21304,44731,1
21305,44732,1
21306,44733,3
21307,44735,1
21308,44737,1
21310,44741,4
21311,44745,1
21314,44750,5
21315,44752,3
21318,44760,1
21319,44761,3
21321,44765,4
21322,44769,1
21323,44770,1
21324,44771,1
21325,44772,4
21326,44776,6
21327,44778,1
21328,44783,2
21329,44785,1
21331,44789,7
21332,44796,6
21333,44797,1
21335,44804,1
21336,44805,1
21337,44806,3
21338,44809,2
21339,44811,1
21340,44812,3
21341,44815,1
21342,44816,6
21343,44818,1
21344,44819,3
21345,44821,3
21346,44829,1
21347,44830,3
21348,44831,6
21349,44834,1
21350,44840,1
21351,44841,1
21353,44843,3
21354,44845,1
21355,44847,3
21356,44848,1
21357,44851,6
21358,44852,2
21359,44856,2
21362,44867,4
21363,44868,3
21368,44881,4
21369,44888,1
21370,44891,2
21372,44894,1
21374,44899,1
21375,44901,2
21376,44902,4
21378,44905,3
21381,44914,1
21382,44917,3
21383,44921,1
21384,44924,1
21385,44926,2
21386,44927,3
21387,44929,1
21388,44933,3
21389,44934,1
21390,44935,1
21391,44937,3
21393,44942,3
21395,44947,5
21396,44948,1
21397,44950,4
21398,44953,1
21399,44954,2
21401,44961,3
21403,44966,1
21404,44968,1
21405,44969,2
21406,44971,1
21408,44973,1
21409,44974,1
21410,44975,1
21412,44977,3
21413,44980,1
21414,44981,7
21416,44986,1
21417,44988,3
21418,44993,1
21419,44994,6
21420,44995,1
21422,45000,1
21423,45003,5
21424,45005,6
21429,45019,1
21430,45024,1
21432,45030,1
21434,45033,7
21435,45036,1
21436,45037,1
21437,45039,1
21438,45040,1
21439,45047,1
21441,45049,1
21442,45052,1
21444,45054,3
21446,45058,6
21447,45060,2
21448,45062,3
21450,45068,3
21453,45077,1
21454,45078,1
21455,45082,2
21457,45086,3
21458,45090,3
21461,45100,2
21463,45104,1
21464,45105,6
21465,45109,2
21466,45111,1
21467,45113,6
21468,45115,1
21469,45116,4
21470,45118,3
21474,45132,1
21475,45133,7
21476,45135,1
21478,45142,1
21479,45145,3
21482,45149,1
21484,45155,2
21486,45162,1
21487,45166,1
21488,45167,2
21489,45168,1
21490,45169,1
21491,45170,1
21493,45173,1
21494,45174,1
21497,45177,1
21498,45178,1
21499,45179,1
21500,45180,1
21501,45181,3
21502,45182,1
21504,45185,1
21505,45186,3
21506,45190,7
21507,45193,1
21508,45194,1
21510,45198,3
21511,45200,4
21512,45205,2
21513,45210,1
21514,45211,7
21515,45213,1
21516,45214,3
21519,45223,1
21521,45228,1
21522,45229,2
21523,45231,6
21526,45237,6
21527,45238,3
21528,45241,4
21529,45247,2
21530,45252,2
21531,45256,1
21532,45257,1
21533,45258,1
21534,45259,1
21536,45263,1
21537,45264,3
21539,45268,1
21540,45269,3
21541,45270,1
21542,45273,2
21543,45275,1
21545,45277,1
21546,45278,3
21547,45281,2
21548,45283,2
21549,45285,4
21551,45290,3
21554,45297,1
21555,45301,1
21556,45302,4
21557,45306,1
21558,45307,1
21559,45308,1
21561,45311,1
21562,45312,3
21564,45316,1
21566,45319,4
21568,45324,1
21569,45325,7
21570,45330,1
21571,45332,3
21572,45336,6
21574,45343,4
21575,45345,6
21576,45354,4
21577,45356,1
21578,45358,1
21579,45360,1
21580,45361,3
21581,45364,4
21583,45369,3
21587,45381,3
21589,45386,1
21592,45392,1
21593,45393,1
21594,45394,1
21597,45403,7
21598,45410,1
21599,45411,2
21600,45413,2
21602,45416,6
21604,45425,3
21605,45427,1
21606,45429,4
21607,45432,1
21609,45435,3
21610,45437,6
21612,45448,3
21613,45452,3
21615,45457,2
21616,45459,3
21617,45461,1
21618,45465,1
21621,45471,1
21623,45474,2
21626,45480,1
21628,45482,3
21630,45486,4
21631,45487,1
21633,45493,1
21634,45494,3
21635,45497,1
21636,45498,1
21637,45500,2
21638,45503,1
21640,45505,1
21641,45506,2
21642,45507,2
21643,45508,6
21644,45509,3
21645,45510,2
21647,45518,1
21648,45519,3
21649,45520,1
21651,45528,4
21654,45534,1
21655,45535,3
21656,45537,3
21660,45547,1
21662,45550,4
21663,45552,6
21665,45556,1
21666,45559,5
21667,45562,4
21668,45564,3
21672,45574,1
21673,45576,3
21676,45590,1
21679,45593,3
21680,45596,3
21681,45597,1
21682,45599,1
21683,45601,4
21684,45603,3
21686,45610,2
21687,45613,1
21689,45619,4
21692,45625,3
21694,45633,1
21695,45634,6
21697,45638,3
21698,45640,3
21699,45642,1
21700,45651,1
21701,45652,3
21702,45654,3
21703,45656,2
21704,45661,7
21706,45663,1
21710,45675,1
21711,45676,1
21713,45678,3
21716,45683,1
21717,45684,7
21718,45685,1
21719,45688,2
21721,45693,2
21723,45699,2
21724,45701,2
21725,45703,1
21726,45704,1
21727,45705,4
21728,45706,3
21729,45709,1
21731,45714,1
21732,45715,1
21733,45716,1
21735,45718,1
21738,45721,1
21740,45723,2
21742,45725,1
21743,45729,1
21745,45732,1
21747,45735,6
21748,45736,2
21749,45737,2
21754,45753,6
21755,45755,3
21756,45759,7
21757,45761,7
21759,45768,1
21760,45769,1
21762,45777,1
21764,45786,1
21766,45788,1
21767,45789,7
21768,45790,2
21770,45796,1
21771,45797,1
21772,45799,4
21774,45804,1
21775,45808,1
21776,45811,2
21778,45819,4
21779,45823,1
21781,45825,1
21782,45826,1
21783,45827,2
21784,45828,3
21786,45833,1
21792,45844,3
21797,45861,2
21802,45871,1
21803,45872,1
21804,45873,2
21805,45874,2
21806,45875,2
21808,45880,6
21811,45891,1
21814,45897,1
21815,45902,1
21816,45904,3
21817,45907,6
21818,45911,1
21820,45914,3
21821,45917,4
21822,45923,1
21824,45925,3
21825,45929,1
21826,45934,1
21827,45935,3
21828,45937,4
21829,45941,1
21830,45943,1
21831,45944,1
21832,45945,1
21833,45946,5
21835,45954,5
21838,45963,1
21841,45966,1
21843,45971,1
21845,45973,1
21847,45975,2
21850,45985,1
21854,45995,6
21858,46010,3
21859,46013,1
21860,46014,2
21861,46016,3
21862,46017,1
21863,46019,1
21864,46021,1
21865,46022,3
21869,46029,3
21871,46033,1
21872,46035,4
21873,46039,1
21875,46042,1
21876,46043,3
21882,46056,1
21884,46060,3
21885,46063,3
21886,46064,1
21887,46067,3
21888,46068,1
21889,46069,1
21890,46070,1
21892,46074,4
21894,46079,1
21896,46081,1
21897,46082,1
21899,46084,1
21900,46086,1
21901,46088,4
21904,46093,1
21905,46095,6
21907,46104,1
21908,46106,7
21910,46116,7
21911,46117,1
21912,46120,1
21914,46128,2
21917,46138,4
21921,46144,3
21922,46149,7
21923,46154,1
21924,46157,1
21925,46158,1
21926,46160,1
21927,46161,1
21928,46162,6
21931,46170,3
21933,46174,6
21934,46178,2
21935,46181,1
21936,46183,1
21937,46186,3
21939,46197,1
21941,46200,1
21942,46202,3
21943,46205,1
21946,46209,1
21947,46211,6
21949,46214,1
21950,46218,1
21951,46219,4
21952,46220,3
21953,46227,1
21954,46232,7
21955,46234,1
21956,46239,1
21957,46242,6
21958,46244,2
21959,46249,1
21964,46259,1
21966,46262,1
21967,46263,1
21971,46268,1
21972,46269,1
21973,46270,1
21974,46271,1
21975,46272,5
21976,46275,6
21978,46284,1
21982,46288,3
21983,46290,3
21988,46305,3
21990,46308,3
21991,46310,1
21992,46312,1
21994,46317,3
21995,46320,1
21997,46323,1
21998,46326,1
21999,46327,3
22002,46332,6
22003,46333,7
22004,46338,1
22006,46345,3
22007,46347,1
22008,46349,1
22009,46351,1
22010,46359,1
22012,46362,4
22013,46364,2
22014,46368,1
22016,46370,1
22018,46374,1
22020,46376,1
22021,46377,3
22022,46380,1
22025,46385,7
22026,46391,1
22028,46395,7
22030,46401,1
22032,46409,1
22034,46411,1
22035,46412,1
22036,46413,6
22041,46426,4
22043,46433,3
22044,46434,4
22045,46438,1
22046,46441,1
22047,46442,1
22048,46443,1
22049,46444,3
22050,46447,1
22052,46449,1
22053,46450,1
22054,46451,3
22055,46452,1
22057,46458,3
22058,46461,1
22059,46462,4
22060,46463,1
22061,46464,2
22062,46465,1
22063,46470,1
22065,46474,1
22067,46477,3
22068,46482,3
22069,46485,2
22071,46489,3
22073,46493,1
22074,46494,5
22076,46501,1
22077,46502,5
22078,46507,3
22081,46512,3
22082,46515,6
22083,46520,1
22084,46522,1
22085,46523,1
22087,46525,1
22090,46528,1
22091,46529,3
22092,46532,3
22093,46535,2
22095,46538,1
22096,46540,3
22098,46545,1
22100,46547,3
22103,46552,1
22104,46553,2
22105,46555,3
22106,46556,5
22107,46557,1
22108,46564,5
22109,46565,1
22110,46570,4
22112,46577,1
22114,46579,1
22115,46580,1
22116,46581,5
22117,46584,3
22118,46586,2
22119,46588,2
22122,46596,1
22124,46599,3
22125,46602,1
22126,46603,4
22128,46614,1
22129,46615,1
22130,46616,2
22131,46618,1
22133,46621,5
22134,46623,1
22135,46626,1
22136,46630,1
22137,46632,1
22139,46634,1
22140,46637,4
22142,46642,2
22143,46643,3
22146,46649,1
22147,46650,1
22148,46651,6
22149,46657,1
22150,46658,1
22153,46662,3
22154,46666,1
22155,46667,6
22156,46673,1
22157,46674,2
22158,46676,2
22159,46677,1
22160,46679,6
22161,46680,1
22164,46691,3
22165,46694,4
22168,46702,3
22170,46706,6
22171,46709,2
22172,46714,7
22174,46722,2
22177,46731,1
22178,46732,1
22179,46733,3
22182,46741,1
22183,46742,1
22184,46743,2
22186,46748,1
22188,46751,3
22189,46752,1
22190,46755,1
22194,46760,5
22195,46765,1
22196,46766,1
22197,46767,1
22198,46768,1
22199,46769,2
22201,46772,3
22203,46776,3
22205,46781,3
22207,46787,2
22209,46792,3
22210,46795,2
22214,46803,1
22216,46813,1
22219,46816,1
22220,46818,3
22222,46824,1
22223,46826,3
22226,46838,1
22227,46840,2
22228,46842,1
22229,46843,1
22230,46844,3
22231,46847,1
22232,46848,1
22233,46849,2
22234,46851,1
22235,46852,3
22237,46856,4
22238,46860,1
22239,46861,4
22241,46866,4
22242,46871,7
22243,46878,1
22244,46879,3
22245,46882,2
22247,46885,7
22248,46886,1
22249,46887,7
22250,46900,1
22251,46901,1
22252,46902,3
22253,46905,3
22254,46906,1
22255,46908,3
22257,46915,1
22258,46916,2
22259,46918,1
22260,46919,2
22261,46921,6
22264,46934,1
22265,46935,1
22266,46936,1
22267,46937,1
22268,46938,6
22270,46947,3
22271,46950,1
22272,46951,7
22274,46956,7
22276,46968,6
22277,46972,1
22278,46975,5
22279,46980,1
22281,46983,1
22282,46988,2
22283,46990,1
22285,46994,3
22286,46995,1
22287,46998,3
22288,47001,3
22289,47002,3
22291,47007,2
22293,47016,3
22297,47025,1
22302,47035,1
22303,47036,1
22304,47037,1
22305,47038,1
22306,47039,1
22307,47040,5
22309,47046,1
22311,47048,1
22312,47049,2
22313,47050,1
22315,47055,1
22317,47057,1
22318,47058,7
22319,47059,7
22320,47063,3
22321,47067,1
22323,47077,1
22324,47078,1
22326,47080,1
22327,47081,1
22331,47088,1
22332,47090,1
22333,47092,1
22334,47093,3
22335,47096,1
22338,47100,1
22339,47101,1
22340,47102,4
22341,47106,1
22343,47108,3
22344,47111,1
22345,47112,3
22346,47113,1
22350,47123,2
22351,47124,1
22352,47126,1
22355,47130,4
22356,47131,3
22357,47137,3
22359,47141,1
22360,47142,1
22361,47143,1
22362,47144,1
22364,47146,1
22365,47147,1
22366,47148,1
22367,47151,1
22369,47153,1
22372,47156,1
22374,47158,1
22376,47160,1
22377,47161,1
22378,47162,1
22380,47166,3
22382,47171,2
22384,47179,3
22385,47183,1
22388,47186,3
22392,47194,1
22393,47195,3
22394,47198,3
22397,47204,7
22400,47211,1
22402,47217,1
22404,47220,3
22405,47221,2
22406,47222,1
22407,47223,3
22408,47227,6
22409,47231,3
22411,47241,1
22414,47245,5
22415,47250,6
22416,47256,7
22418,47265,3
22420,47268,1
22421,47270,1
22423,47272,7
22424,47273,2
22425,47276,1
22427,47286,1
22428,47287,1
22430,47289,1
22432,47291,1
22434,47295,3
22435,47298,4
22436,47300,1
22440,47310,1
22441,47315,4
22443,47321,1
22444,47322,1
22446,47325,2
22448,47328,1
22449,47329,3
22450,47331,1
22451,47332,4
22452,47336,1
22453,47338,1
22454,47339,3
22457,47345,5
22458,47350,3
22459,47351,2
22460,47355,1
22462,47357,1
22463,47358,1
22464,47359,3
22467,47367,6
22468,47371,6
22469,47372,1
22470,47374,3
22472,47377,4
22473,47378,1
22474,47386,1
22475,47387,7
22476,47390,1
22477,47392,1
22478,47394,1
22479,47396,3
22480,47397,2
22482,47406,6
22483,47408,1
22484,47411,1
22487,47417,3
22488,47420,3
22490,47426,1
22491,47427,1
22492,47428,1
22494,47431,1
22495,47433,6
22496,47434,1
22497,47436,1
22499,47441,3
22501,47446,1
22502,47447,1
22503,47448,1
22506,47451,2
22507,47452,2
22511,47458,1
22512,47459,2
22514,47465,7
22515,47467,4
22518,47477,1
22520,47482,2
22521,47484,4
22522,47486,1
22523,47488,1
22524,47490,1
22525,47491,2
22526,47492,3
22527,47494,1
22528,47495,2
22530,47499,2
22531,47502,3
22532,47505,2
22534,47513,3
22535,47515,1
22536,47516,1
22539,47520,3
22540,47521,1
22541,47523,6
22542,47526,1
22543,47531,1
22545,47533,2
22547,47535,1
22548,47539,1
22550,47542,5
22551,47547,2
22552,47549,2
22553,47550,1
22555,47553,1
22556,47554,2
22558,47557,1
22559,47558,3
22560,47559,3
22562,47567,1
22563,47570,1
22565,47574,1
22566,47575,1
22567,47576,1
22569,47578,1
22571,47585,1
22574,47591,3
22575,47594,4
22576,47596,3
22580,47606,1
22583,47610,3
22585,47615,2
22588,47623,1
22590,47626,1
22591,47632,6
22593,47640,3
22595,47646,1
22596,47647,1
22597,47648,1
22600,47654,1
22604,47665,3
22606,47671,1
22607,47672,2
22608,47673,4
22610,47680,1
22612,47682,1
22615,47685,1
22616,47686,1
22619,47700,1
22622,47704,3
22623,47707,2
22625,47715,2
22627,47719,3
22628,47720,1
22629,47723,2
22630,47725,1
22631,47726,1
22632,47727,5
22634,47733,1
22635,47734,1
22637,47737,1
22639,47739,2
22642,47743,4
22644,47751,2
22645,47753,5
22646,47754,1
22647,47758,4
22649,47767,1
22650,47768,1
22651,47769,3
22652,47770,2
22654,47774,2
22656,47779,2
22657,47780,1
22658,47783,1
22660,47785,1
22662,47788,1
22663,47789,6
22664,47792,3
22666,47799,3
22667,47800,1
22668,47801,2
22672,47810,1
22673,47811,2
22675,47814,1
22676,47815,3
22677,47817,1
22679,47820,3
22681,47824,1
22683,47827,1
22685,47829,2
22686,47832,3
22687,47835,1
22689,47840,1
22690,47842,2
22691,47844,2
22693,47846,1
22695,47852,1
22696,47853,1
22698,47855,1
22700,47857,1
22701,47858,1
22702,47859,3
22703,47860,7
22704,47863,1
22706,47865,3
22707,47870,2
22708,47873,2
22709,47878,3
22710,47881,1
22711,47882,1
22712,47883,3
22715,47888,4
22718,47899,4
22719,47903,1
22723,47908,1
22725,47910,1
22726,47911,1
22727,47912,7
22728,47913,1
22730,47921,1
22731,47922,6
22732,47923,3
22733,47927,1
22735,47933,1
22736,47934,1
22737,47935,1
22739,47937,2
22740,47938,1
22741,47939,2
22743,47946,3
22744,47947,1
22747,47953,1
22749,47955,1
22753,47960,2
22754,47964,3
22755,47965,1
22757,47967,1
22758,47970,1
22759,47974,1
22761,47976,4
22762,47977,4
22763,47990,6
22764,47991,1
22765,47996,3
22767,47999,3
22768,48000,5
22770,48006,1
22771,48007,3
22772,48013,3
22774,48017,1
22777,48022,3
22778,48024,1
22779,48026,1
22780,48027,3
22781,48029,1
22782,48031,1
22783,48032,1
22785,48034,1
22786,48037,1
22787,48038,1
22789,48040,1
22791,48042,7
22793,48053,2
22794,48054,3
22796,48065,2
22797,48066,3
22798,48070,7
22799,48071,2
22800,48073,1
22802,48076,1
22803,48088,3
22804,48091,1
22805,48092,3
22806,48093,1
22807,48094,1
22808,48097,1
22809,48098,3
22810,48099,1
22811,48102,1
22812,48103,1
22813,48104,1
22814,48105,5
22816,48113,1
22819,48116,1
22821,48118,1
22822,48120,1
22824,48124,3
22826,48127,1
22828,48136,4
22829,48139,1
22832,48149,4
22834,48153,7
22835,48155,1
22836,48158,1
22837,48161,1
22838,48163,1
22840,48168,5
22845,48185,2
22846,48188,1
22847,48190,2
22848,48191,3
22850,48196,3
22851,48199,3
22853,48203,5
22854,48208,1
22856,48212,1
22857,48215,1
22858,48216,1
22859,48217,3
22861,48224,3
22862,48227,3
22864,48236,1
22865,48237,3
22868,48243,6
22869,48249,1
22870,48250,2
22871,48252,1
22872,48253,1
22873,48254,3
22875,48257,7
22876,48259,4
22877,48269,2
22879,48271,3
22880,48275,1
22881,48276,1
22882,48277,4
22883,48278,1
22884,48282,1
22885,48283,3
22886,48286,3
22890,48295,5
22891,48297,1
22892,48299,3
22894,48303,1
22895,48306,1
22896,48307,1
22897,48308,1
22898,48309,1
22899,48310,6
22900,48312,3
22901,48315,6
22902,48322,1
22906,48331,1
22908,48339,3
22910,48343,1
22913,48350,1
22914,48351,1
22919,48358,1
22920,48359,5
22921,48365,6
22922,48366,1
22923,48369,1
22924,48371,1
22925,48374,1
22926,48375,7
22927,48376,1
22929,48378,2
22930,48386,1
22933,48389,1
22934,48391,2
22935,48392,1
22937,48395,3
22938,48396,2
22939,48398,1
22940,48401,1
22941,48402,1
22942,48403,7
22943,48408,1
22946,48411,1
22947,48414,1
22948,48417,1
22949,48418,3
22951,48420,1
22952,48421,3
22954,48423,1
22955,48425,1
22958,48432,3
22960,48438,1
22961,48439,1
22963,48442,3
22964,48443,1
22965,48445,1
22967,48448,1
22970,48451,1
22971,48452,6
22972,48453,3
22973,48457,3
22974,48458,3
22975,48467,3
22977,48469,2
22978,48472,1
22979,48475,3
22980,48476,1
22983,48481,6
22984,48482,2
22985,48484,1
22986,48491,2
22989,48495,1
22990,48496,2
22991,48497,1
22993,48500,2
22994,48501,1
22995,48502,1
22996,48504,1
22998,48506,1
22999,48510,1
23000,48511,3
23002,48514,6
23005,48523,2
23007,48532,2
23008,48534,1
23009,48536,1
23010,48537,2
23011,48538,1
23012,48540,1
23013,48541,1
23015,48543,1
23017,48545,3
23018,48546,1
23019,48548,1
23022,48552,4
23026,48563,6
23027,48565,1
23028,48567,3
23029,48573,5
23030,48575,3
23031,48579,2
23034,48585,1
23035,48587,1
23036,48589,2
23037,48590,1
23038,48591,1
23041,48595,1
23042,48596,1
23044,48598,1
23045,48602,1
23046,48604,3
23048,48610,4
23049,48612,1
23051,48616,5
23052,48618,2
23053,48621,3
23055,48623,6
23056,48631,3
23058,48637,3
23059,48640,1
23061,48642,1
23062,48643,1
23063,48644,1
23064,48645,2
23065,48647,2
23066,48648,7
23067,48650,2
23068,48652,1
23071,48665,1
23073,48670,3
23075,48674,1
23078,48680,3
23079,48687,1
23081,48691,1
23082,48692,1
23083,48693,1
23084,48694,1
23085,48695,2
23086,48696,1
23087,48698,1
23089,48700,1
23091,48704,3
23092,48706,2
23093,48709,1
23094,48713,6
23095,48714,1
23097,48718,1
23098,48722,1
23099,48723,1
23102,48731,3
23103,48732,4
23104,48735,6
23106,48749,1
23107,48750,1
23110,48754,3
23113,48761,1
23114,48762,1
23115,48763,1
23116,48764,1
23117,48765,1
23119,48767,1
23120,48768,1
23121,48769,1
23122,48770,1
23123,48771,1
23125,48773,2
23128,48777,2
23129,48779,1
23130,48780,3
23131,48781,1
23132,48782,2
23133,48785,2
23135,48789,7
23136,48795,2
23137,48796,1
23139,48802,2
23140,48803,3
23143,48809,2
23144,48810,1
23145,48812,1
23146,48813,6
23147,48814,1
23152,48823,1
23153,48826,1
23154,48828,1
23155,48829,3
23156,48832,1
23157,48833,4
23159,48840,1
23160,48841,3
23161,48844,1
23162,48845,1
23163,48846,4
23164,48850,1
23165,48851,2
23166,48852,1
23168,48856,3
23170,48860,2
23172,48863,4
23174,48870,3
23176,48874,1
23179,48880,3
23180,48882,2
23183,48889,1
23184,48890,1
23185,48891,1
23186,48892,7
23187,48899,1
23188,48900,1
23189,48901,1
23191,48903,1
23195,48915,1
23196,48916,2
23198,48920,1
23199,48921,1
23200,48922,1
23201,48923,1
23202,48924,1
23203,48925,1
23205,48927,1
23206,48928,1
23207,48929,5
23208,48932,2
23209,48934,3
23210,48935,1
23211,48940,3
23212,48942,1
23213,48944,4
23214,48948,1
23217,48951,3
23218,48955,1
23221,48959,3
23224,48968,1
23226,48975,1
23227,48976,3
23229,48982,1
23230,48984,1
23231,48985,1
23234,48988,1
23235,48989,1
23236,48991,3
23238,48995,4
23240,49000,1
23241,49001,1
23243,49008,1
23244,49010,3
23245,49012,1
23247,49019,1
23250,49023,1
23256,49034,7
23257,49037,3
23258,49046,1
23260,49051,1
23261,49052,1
23263,49054,1
23264,49055,3
23265,49056,1
23266,49057,3
23269,49066,3
23270,49072,3
23272,49076,3
23276,49083,3
23278,49088,1
23280,49091,2
23281,49093,3
23282,49095,1
23283,49097,1
23284,49098,1
23286,49101,1
23287,49102,1
23288,49103,1
23289,49104,1
23290,49105,1
23293,49110,3
23294,49111,1
23295,49112,1
23297,49116,1
23300,49121,1
23301,49122,4
23302,49123,3
23304,49126,1
23306,49134,3
23307,49135,2
23308,49137,1
23309,49138,7
23310,49141,3
23311,49145,2
23314,49150,2
23315,49153,4
23316,49159,3
23317,49162,3
23319,49169,1
23320,49170,6
23321,49171,3
23322,49173,2
23323,49176,7
23328,49194,1
23329,49195,1
23330,49196,1
23331,49197,1
23332,49198,5
23333,49201,3
23337,49209,1
23338,49213,3
23339,49214,3
23340,49215,3
23341,49222,1
23342,49223,1
23343,49224,1
23344,49225,2
23345,49227,2
23346,49229,1
23347,49230,6
23348,49232,6
23349,49234,1
23351,49242,6
23353,49249,7
23354,49251,1
23355,49254,1
23356,49257,1
23357,49260,7
23358,49263,7
23359,49264,4
23360,49267,4
23363,49287,1
23367,49292,3
23368,49293,7
23369,49299,1
23370,49303,1
23372,49305,1
23373,49306,3
23374,49308,1
23375,49310,3
23377,49312,1
23378,49317,1
23379,49318,1
23382,49324,1
23383,49325,1
23385,49327,2
23387,49330,2
23389,49333,3
23392,49340,2
23393,49348,1
23394,49349,3
23395,49350,1
23396,49352,3
23397,49355,6
23398,49360,1
23399,49363,7
23401,49371,1
23402,49372,3
23403,49373,1
23405,49379,1
23410,49386,3
23411,49392,1
23412,49393,2
23413,49395,4
23414,49397,1
23415,49399,2
23416,49401,3
23417,49405,1
23418,49406,3
23419,49407,6
23420,49408,4
23422,49420,4
23424,49425,1
23425,49426,2
23426,49428,2
23427,49430,1
23429,49432,4
