website_session_id,product_seen,cart_made_it,shipping_made_it,billing_made_it,thankyou_made_it
63513,mrfuzzy,1,1,1,1
63515,mrfuzzy,1,0,0,0
63516,mrfuzzy,0,0,0,0
63517,mrfuzzy,0,0,0,0
63518,mrfuzzy,1,0,0,0
63519,mrfuzzy,0,0,0,0
63520,mrfuzzy,0,0,0,0
63521,mrfuzzy,1,1,1,1
63526,mrfuzzy,0,0,0,0
63527,mrfuzzy,0,0,0,0
63528,mrfuzzy,0,0,0,0
63529,mrfuzzy,0,0,0,0
63532,mrfuzzy,1,0,0,0
63533,mrfuzzy,0,0,0,0
63534,mrfuzzy,1,1,1,1
63537,mrfuzzy,0,0,0,0
63539,mrfuzzy,1,0,0,0
63543,mrfuzzy,1,1,0,0
63547,mrfuzzy,0,0,0,0
63548,mrfuzzy,0,0,0,0
63551,mrfuzzy,0,0,0,0
63552,mrfuzzy,1,0,0,0
63554,mrfuzzy,1,1,1,0
63555,mrfuzzy,1,1,1,1
63558,mrfuzzy,1,1,1,1
63562,lovebear,0,0,0,0
63565,mrfuzzy,1,1,1,0
63567,mrfuzzy,0,0,0,0
63571,mrfuzzy,0,0,0,0
63572,mrfuzzy,1,1,0,0
63573,mrfuzzy,0,0,0,0
63574,mrfuzzy,0,0,0,0
63575,mrfuzzy,0,0,0,0
63580,lovebear,0,0,0,0
63579,mrfuzzy,1,1,1,1
63582,mrfuzzy,1,1,1,0
63581,mrfuzzy,0,0,0,0
63584,mrfuzzy,0,0,0,0
63585,mrfuzzy,1,1,1,1
63590,mrfuzzy,0,0,0,0
63591,mrfuzzy,0,0,0,0
63594,mrfuzzy,1,0,0,0
63595,mrfuzzy,1,1,1,0
63602,mrfuzzy,1,0,0,0
63603,lovebear,1,0,0,0
63604,mrfuzzy,0,0,0,0
63605,mrfuzzy,1,1,1,1
63606,lovebear,0,0,0,0
63607,mrfuzzy,0,0,0,0
63608,mrfuzzy,0,0,0,0
63609,mrfuzzy,1,0,0,0
63611,mrfuzzy,0,0,0,0
63612,mrfuzzy,1,0,0,0
63618,mrfuzzy,0,0,0,0
63619,mrfuzzy,0,0,0,0
63620,mrfuzzy,0,0,0,0
63621,mrfuzzy,1,1,1,1
63623,mrfuzzy,1,1,1,0
63624,lovebear,0,0,0,0
63625,mrfuzzy,1,1,1,1
63626,mrfuzzy,0,0,0,0
63630,mrfuzzy,1,1,1,1
63631,mrfuzzy,0,0,0,0
63633,mrfuzzy,1,0,0,0
63642,mrfuzzy,0,0,0,0
63646,mrfuzzy,0,0,0,0
63648,mrfuzzy,1,1,1,0
63650,mrfuzzy,0,0,0,0
63652,mrfuzzy,0,0,0,0
63655,mrfuzzy,1,0,0,0
63664,mrfuzzy,0,0,0,0
63666,lovebear,0,0,0,0
63667,mrfuzzy,0,0,0,0
63669,mrfuzzy,0,0,0,0
63672,mrfuzzy,0,0,0,0
63673,mrfuzzy,0,0,0,0
63675,lovebear,1,0,0,0
63680,mrfuzzy,0,0,0,0
63685,mrfuzzy,1,1,1,0
63692,mrfuzzy,0,0,0,0
63694,mrfuzzy,0,0,0,0
63695,mrfuzzy,1,0,0,0
63699,mrfuzzy,0,0,0,0
63700,lovebear,0,0,0,0
63701,mrfuzzy,0,0,0,0
63704,mrfuzzy,1,0,0,0
63705,mrfuzzy,1,0,0,0
63712,mrfuzzy,0,0,0,0
63708,mrfuzzy,1,1,1,1
63715,mrfuzzy,0,0,0,0
63717,mrfuzzy,0,0,0,0
63719,lovebear,1,0,0,0
63727,mrfuzzy,1,1,1,0
63726,mrfuzzy,0,0,0,0
63728,mrfuzzy,0,0,0,0
63731,mrfuzzy,0,0,0,0
63737,lovebear,1,1,1,1
63740,mrfuzzy,0,0,0,0
63741,mrfuzzy,1,1,1,0
63746,mrfuzzy,0,0,0,0
63747,lovebear,1,1,1,1
63751,mrfuzzy,0,0,0,0
63755,mrfuzzy,0,0,0,0
63756,mrfuzzy,0,0,0,0
63757,mrfuzzy,0,0,0,0
63753,mrfuzzy,1,0,0,0
63759,mrfuzzy,0,0,0,0
63762,mrfuzzy,0,0,0,0
63765,mrfuzzy,1,1,1,1
63767,lovebear,1,1,1,0
63773,mrfuzzy,0,0,0,0
63774,mrfuzzy,1,0,0,0
63776,mrfuzzy,1,0,0,0
63779,mrfuzzy,0,0,0,0
63782,mrfuzzy,0,0,0,0
63793,lovebear,0,0,0,0
63795,mrfuzzy,1,1,1,1
63811,mrfuzzy,0,0,0,0
63814,mrfuzzy,0,0,0,0
63818,mrfuzzy,1,1,1,1
63822,mrfuzzy,1,1,1,0
63826,mrfuzzy,0,0,0,0
63829,mrfuzzy,0,0,0,0
63827,mrfuzzy,0,0,0,0
63831,mrfuzzy,0,0,0,0
63832,mrfuzzy,1,1,1,1
63835,mrfuzzy,1,1,0,0
63836,mrfuzzy,0,0,0,0
63838,mrfuzzy,0,0,0,0
63841,mrfuzzy,0,0,0,0
63848,mrfuzzy,1,1,1,1
63849,mrfuzzy,1,1,1,1
63852,mrfuzzy,0,0,0,0
63853,mrfuzzy,0,0,0,0
63855,mrfuzzy,1,1,1,0
63856,lovebear,0,0,0,0
63857,mrfuzzy,0,0,0,0
63858,mrfuzzy,0,0,0,0
63859,mrfuzzy,0,0,0,0
63860,mrfuzzy,1,1,1,1
63862,mrfuzzy,0,0,0,0
63863,mrfuzzy,1,1,1,1
63866,mrfuzzy,1,1,1,1
63868,mrfuzzy,0,0,0,0
63870,mrfuzzy,1,0,0,0
63871,mrfuzzy,0,0,0,0
63874,mrfuzzy,0,0,0,0
63875,mrfuzzy,0,0,0,0
63880,lovebear,0,0,0,0
63882,mrfuzzy,0,0,0,0
63886,mrfuzzy,1,1,1,1
63889,lovebear,0,0,0,0
63898,mrfuzzy,1,0,0,0
63900,mrfuzzy,1,1,0,0
63908,mrfuzzy,1,1,1,0
63909,mrfuzzy,1,0,0,0
63910,lovebear,0,0,0,0
63917,lovebear,0,0,0,0
63918,mrfuzzy,1,0,0,0
63919,mrfuzzy,0,0,0,0
63921,lovebear,1,1,1,0
63922,lovebear,0,0,0,0
63927,mrfuzzy,0,0,0,0
63928,mrfuzzy,0,0,0,0
63929,mrfuzzy,0,0,0,0
63931,mrfuzzy,1,1,1,0
63932,mrfuzzy,0,0,0,0
63934,mrfuzzy,1,1,1,1
63935,lovebear,0,0,0,0
63937,mrfuzzy,1,1,1,1
63938,lovebear,1,1,0,0
63939,mrfuzzy,1,1,1,1
63941,mrfuzzy,0,0,0,0
63942,lovebear,0,0,0,0
63943,mrfuzzy,0,0,0,0
63947,mrfuzzy,0,0,0,0
63952,mrfuzzy,0,0,0,0
63956,mrfuzzy,1,1,1,1
63958,mrfuzzy,0,0,0,0
63962,mrfuzzy,0,0,0,0
63964,mrfuzzy,1,1,1,1
63967,lovebear,0,0,0,0
63966,mrfuzzy,0,0,0,0
63968,mrfuzzy,0,0,0,0
63970,mrfuzzy,0,0,0,0
63974,mrfuzzy,0,0,0,0
63975,mrfuzzy,0,0,0,0
63978,mrfuzzy,1,1,0,0
63981,mrfuzzy,0,0,0,0
63980,mrfuzzy,1,0,0,0
63984,mrfuzzy,1,1,1,0
63982,mrfuzzy,1,0,0,0
63987,mrfuzzy,0,0,0,0
63986,mrfuzzy,1,1,0,0
63989,mrfuzzy,1,0,0,0
63991,mrfuzzy,0,0,0,0
63993,mrfuzzy,0,0,0,0
63998,mrfuzzy,1,1,1,1
64001,mrfuzzy,0,0,0,0
64002,mrfuzzy,0,0,0,0
64003,mrfuzzy,1,1,1,1
64005,mrfuzzy,1,0,0,0
64006,mrfuzzy,1,0,0,0
64007,mrfuzzy,1,1,1,1
64014,mrfuzzy,1,0,0,0
64011,lovebear,1,1,1,1
64015,lovebear,1,1,1,1
64020,mrfuzzy,1,1,0,0
64019,mrfuzzy,0,0,0,0
64021,mrfuzzy,0,0,0,0
64022,mrfuzzy,1,1,1,1
64025,mrfuzzy,0,0,0,0
64027,mrfuzzy,1,1,1,1
64026,mrfuzzy,0,0,0,0
64029,mrfuzzy,1,1,1,1
64028,mrfuzzy,0,0,0,0
64031,mrfuzzy,1,1,1,0
64030,mrfuzzy,1,1,0,0
64032,mrfuzzy,1,1,1,1
64033,mrfuzzy,1,1,0,0
64036,lovebear,1,0,0,0
64035,mrfuzzy,0,0,0,0
64039,mrfuzzy,0,0,0,0
64044,mrfuzzy,0,0,0,0
64045,mrfuzzy,0,0,0,0
64057,lovebear,1,1,1,1
64056,mrfuzzy,0,0,0,0
64058,mrfuzzy,1,0,0,0
64063,mrfuzzy,1,1,1,1
64064,mrfuzzy,0,0,0,0
64072,mrfuzzy,0,0,0,0
64075,mrfuzzy,0,0,0,0
64076,mrfuzzy,0,0,0,0
64078,lovebear,0,0,0,0
64079,mrfuzzy,1,0,0,0
64091,mrfuzzy,0,0,0,0
64094,mrfuzzy,0,0,0,0
64092,mrfuzzy,0,0,0,0
64096,mrfuzzy,0,0,0,0
64099,mrfuzzy,0,0,0,0
64098,mrfuzzy,1,0,0,0
64100,mrfuzzy,0,0,0,0
64101,mrfuzzy,0,0,0,0
64104,mrfuzzy,1,1,1,0
64103,mrfuzzy,1,0,0,0
64105,mrfuzzy,0,0,0,0
64106,mrfuzzy,0,0,0,0
64108,mrfuzzy,1,1,1,1
64110,mrfuzzy,0,0,0,0
64111,lovebear,0,0,0,0
64112,mrfuzzy,0,0,0,0
64114,mrfuzzy,1,0,0,0
64119,mrfuzzy,1,0,0,0
64121,mrfuzzy,1,1,1,0
64122,mrfuzzy,0,0,0,0
64131,lovebear,1,0,0,0
64134,mrfuzzy,1,1,1,0
64138,mrfuzzy,1,1,1,1
64140,mrfuzzy,1,1,0,0
64141,mrfuzzy,0,0,0,0
64145,mrfuzzy,0,0,0,0
64150,mrfuzzy,0,0,0,0
64152,mrfuzzy,0,0,0,0
64157,mrfuzzy,1,1,1,0
64158,mrfuzzy,0,0,0,0
64159,mrfuzzy,0,0,0,0
64160,mrfuzzy,0,0,0,0
64164,mrfuzzy,1,1,1,1
64170,mrfuzzy,1,1,1,1
64169,mrfuzzy,0,0,0,0
64172,mrfuzzy,1,1,1,1
64175,mrfuzzy,0,0,0,0
64176,mrfuzzy,1,0,0,0
64177,mrfuzzy,0,0,0,0
64186,mrfuzzy,0,0,0,0
64187,mrfuzzy,0,0,0,0
64189,mrfuzzy,0,0,0,0
64188,lovebear,0,0,0,0
64192,mrfuzzy,0,0,0,0
64196,mrfuzzy,0,0,0,0
64195,mrfuzzy,1,0,0,0
64199,mrfuzzy,0,0,0,0
64198,mrfuzzy,1,1,1,1
64197,mrfuzzy,0,0,0,0
64200,mrfuzzy,1,0,0,0
64201,mrfuzzy,1,1,1,1
64206,mrfuzzy,0,0,0,0
64208,mrfuzzy,0,0,0,0
64209,lovebear,0,0,0,0
64213,mrfuzzy,1,0,0,0
64214,mrfuzzy,0,0,0,0
64215,mrfuzzy,1,0,0,0
64216,mrfuzzy,0,0,0,0
64218,mrfuzzy,1,1,1,1
64220,mrfuzzy,1,1,1,0
64222,mrfuzzy,0,0,0,0
64223,mrfuzzy,1,1,1,0
64221,mrfuzzy,0,0,0,0
64224,mrfuzzy,1,1,1,1
64226,lovebear,1,1,1,1
64231,mrfuzzy,1,1,1,1
64239,mrfuzzy,0,0,0,0
64241,mrfuzzy,1,0,0,0
64238,mrfuzzy,1,0,0,0
64240,mrfuzzy,0,0,0,0
64246,mrfuzzy,1,0,0,0
64249,lovebear,1,1,1,1
64250,mrfuzzy,1,1,1,1
64251,mrfuzzy,0,0,0,0
64252,mrfuzzy,0,0,0,0
64255,mrfuzzy,0,0,0,0
64256,mrfuzzy,1,1,1,1
64258,mrfuzzy,0,0,0,0
64259,mrfuzzy,1,1,1,1
64261,mrfuzzy,0,0,0,0
64264,lovebear,1,1,1,0
64266,mrfuzzy,0,0,0,0
64267,mrfuzzy,0,0,0,0
64269,mrfuzzy,1,1,1,0
64275,mrfuzzy,0,0,0,0
64279,mrfuzzy,1,0,0,0
64281,mrfuzzy,0,0,0,0
64282,mrfuzzy,0,0,0,0
64285,mrfuzzy,0,0,0,0
64288,mrfuzzy,1,0,0,0
64296,lovebear,0,0,0,0
64297,mrfuzzy,0,0,0,0
64298,mrfuzzy,0,0,0,0
64300,mrfuzzy,0,0,0,0
64302,mrfuzzy,0,0,0,0
64303,lovebear,1,1,1,1
64305,mrfuzzy,0,0,0,0
64304,mrfuzzy,0,0,0,0
64306,mrfuzzy,0,0,0,0
64307,mrfuzzy,0,0,0,0
64310,mrfuzzy,1,1,1,1
64314,mrfuzzy,1,0,0,0
64315,mrfuzzy,0,0,0,0
64316,mrfuzzy,1,1,1,1
64318,mrfuzzy,0,0,0,0
64319,mrfuzzy,0,0,0,0
64323,lovebear,1,1,1,0
64321,mrfuzzy,1,1,1,0
64322,mrfuzzy,0,0,0,0
64325,mrfuzzy,1,1,1,1
64324,lovebear,1,0,0,0
64331,mrfuzzy,1,1,0,0
64329,lovebear,1,1,1,1
64330,mrfuzzy,1,1,1,1
64333,mrfuzzy,0,0,0,0
64340,mrfuzzy,1,1,1,1
64346,mrfuzzy,0,0,0,0
64350,mrfuzzy,0,0,0,0
64351,mrfuzzy,1,0,0,0
64352,mrfuzzy,0,0,0,0
64353,mrfuzzy,1,1,1,1
64357,mrfuzzy,1,1,1,0
64360,mrfuzzy,0,0,0,0
64361,mrfuzzy,1,1,0,0
64362,mrfuzzy,0,0,0,0
64369,mrfuzzy,0,0,0,0
64370,lovebear,1,0,0,0
64372,mrfuzzy,1,1,1,0
64374,mrfuzzy,0,0,0,0
64375,mrfuzzy,1,1,1,0
64381,lovebear,1,0,0,0
64382,mrfuzzy,0,0,0,0
64385,mrfuzzy,1,0,0,0
64387,mrfuzzy,1,1,1,0
64390,mrfuzzy,1,1,1,1
64391,lovebear,1,1,1,0
64392,mrfuzzy,0,0,0,0
64393,lovebear,1,1,1,1
64396,mrfuzzy,0,0,0,0
64398,mrfuzzy,0,0,0,0
64399,mrfuzzy,0,0,0,0
64400,mrfuzzy,1,1,0,0
64401,mrfuzzy,0,0,0,0
64403,mrfuzzy,0,0,0,0
64407,mrfuzzy,1,1,0,0
64408,mrfuzzy,1,1,1,0
64412,mrfuzzy,0,0,0,0
64411,mrfuzzy,0,0,0,0
64414,mrfuzzy,0,0,0,0
64416,mrfuzzy,0,0,0,0
64418,mrfuzzy,1,1,1,1
64417,mrfuzzy,0,0,0,0
64421,mrfuzzy,0,0,0,0
64422,mrfuzzy,1,1,0,0
64424,lovebear,1,1,1,1
64423,mrfuzzy,0,0,0,0
64427,mrfuzzy,0,0,0,0
64429,mrfuzzy,0,0,0,0
64428,mrfuzzy,0,0,0,0
64430,mrfuzzy,0,0,0,0
64432,mrfuzzy,0,0,0,0
64436,mrfuzzy,1,1,0,0
64437,mrfuzzy,1,1,1,0
64438,mrfuzzy,0,0,0,0
64439,mrfuzzy,0,0,0,0
64440,mrfuzzy,1,1,1,1
64443,mrfuzzy,1,0,0,0
64441,lovebear,1,1,1,0
64444,mrfuzzy,0,0,0,0
64446,mrfuzzy,0,0,0,0
64447,mrfuzzy,0,0,0,0
64450,mrfuzzy,1,1,1,1
64451,mrfuzzy,1,1,1,1
64452,mrfuzzy,0,0,0,0
64454,mrfuzzy,0,0,0,0
64453,mrfuzzy,0,0,0,0
64457,mrfuzzy,1,0,0,0
64455,mrfuzzy,1,1,1,1
64458,mrfuzzy,0,0,0,0
64459,mrfuzzy,1,1,0,0
64462,mrfuzzy,0,0,0,0
64464,mrfuzzy,1,0,0,0
64467,mrfuzzy,0,0,0,0
64469,lovebear,1,0,0,0
64473,mrfuzzy,0,0,0,0
64479,mrfuzzy,0,0,0,0
64480,mrfuzzy,1,1,1,1
64482,mrfuzzy,0,0,0,0
64483,mrfuzzy,0,0,0,0
64486,mrfuzzy,0,0,0,0
64487,mrfuzzy,0,0,0,0
64489,mrfuzzy,1,1,1,1
64490,mrfuzzy,1,1,1,1
64494,mrfuzzy,1,0,0,0
64506,mrfuzzy,0,0,0,0
64508,mrfuzzy,0,0,0,0
64511,mrfuzzy,0,0,0,0
64512,mrfuzzy,0,0,0,0
64514,mrfuzzy,0,0,0,0
64515,mrfuzzy,0,0,0,0
64517,mrfuzzy,1,1,1,0
64518,mrfuzzy,1,0,0,0
64520,lovebear,1,1,1,1
64524,mrfuzzy,0,0,0,0
64527,mrfuzzy,0,0,0,0
64532,mrfuzzy,1,1,1,1
64535,lovebear,1,1,1,0
64534,mrfuzzy,1,1,1,0
64540,mrfuzzy,0,0,0,0
64542,mrfuzzy,0,0,0,0
64547,mrfuzzy,0,0,0,0
64548,mrfuzzy,0,0,0,0
64551,mrfuzzy,0,0,0,0
64556,lovebear,0,0,0,0
64560,mrfuzzy,1,1,0,0
64570,mrfuzzy,0,0,0,0
64574,lovebear,0,0,0,0
64575,mrfuzzy,0,0,0,0
64576,mrfuzzy,0,0,0,0
64577,mrfuzzy,1,1,1,1
64581,mrfuzzy,1,0,0,0
64582,lovebear,1,1,1,0
64586,mrfuzzy,0,0,0,0
64588,mrfuzzy,0,0,0,0
64599,lovebear,1,1,0,0
64605,mrfuzzy,0,0,0,0
64606,mrfuzzy,0,0,0,0
64609,mrfuzzy,0,0,0,0
64613,mrfuzzy,0,0,0,0
64616,mrfuzzy,0,0,0,0
64617,mrfuzzy,1,1,1,1
64621,mrfuzzy,0,0,0,0
64622,mrfuzzy,0,0,0,0
64625,mrfuzzy,1,1,0,0
64626,mrfuzzy,0,0,0,0
64634,mrfuzzy,1,0,0,0
64633,mrfuzzy,0,0,0,0
64639,mrfuzzy,0,0,0,0
64642,mrfuzzy,0,0,0,0
64641,mrfuzzy,1,0,0,0
64644,mrfuzzy,1,0,0,0
64648,mrfuzzy,1,0,0,0
64650,mrfuzzy,0,0,0,0
64656,mrfuzzy,0,0,0,0
64662,mrfuzzy,0,0,0,0
64661,mrfuzzy,0,0,0,0
64667,mrfuzzy,1,1,1,1
64668,mrfuzzy,0,0,0,0
64670,mrfuzzy,0,0,0,0
64672,mrfuzzy,1,1,1,0
64673,mrfuzzy,1,1,0,0
64674,mrfuzzy,1,1,1,1
64676,mrfuzzy,0,0,0,0
64677,mrfuzzy,1,1,1,1
64678,mrfuzzy,0,0,0,0
64686,lovebear,1,1,1,1
64689,mrfuzzy,0,0,0,0
64692,mrfuzzy,1,1,1,1
64693,mrfuzzy,0,0,0,0
64695,mrfuzzy,0,0,0,0
64696,mrfuzzy,1,1,1,0
64697,mrfuzzy,0,0,0,0
64698,mrfuzzy,0,0,0,0
64702,mrfuzzy,1,1,0,0
64704,mrfuzzy,0,0,0,0
64708,mrfuzzy,0,0,0,0
64715,mrfuzzy,1,0,0,0
64716,mrfuzzy,0,0,0,0
64717,mrfuzzy,0,0,0,0
64719,lovebear,1,0,0,0
64720,mrfuzzy,0,0,0,0
64725,lovebear,1,0,0,0
64724,mrfuzzy,0,0,0,0
64727,mrfuzzy,0,0,0,0
64731,mrfuzzy,1,1,1,1
64728,mrfuzzy,0,0,0,0
64730,mrfuzzy,0,0,0,0
64734,mrfuzzy,1,1,1,1
64737,mrfuzzy,0,0,0,0
64738,mrfuzzy,0,0,0,0
64740,mrfuzzy,1,0,0,0
64743,mrfuzzy,0,0,0,0
64745,lovebear,0,0,0,0
64751,mrfuzzy,0,0,0,0
64749,lovebear,1,1,1,1
64753,mrfuzzy,0,0,0,0
64754,mrfuzzy,0,0,0,0
64759,mrfuzzy,0,0,0,0
64762,mrfuzzy,0,0,0,0
64768,lovebear,1,1,1,0
64769,mrfuzzy,0,0,0,0
64770,lovebear,0,0,0,0
64771,mrfuzzy,1,1,1,1
64775,mrfuzzy,1,0,0,0
64776,mrfuzzy,1,1,1,1
64777,mrfuzzy,0,0,0,0
64778,mrfuzzy,0,0,0,0
64779,mrfuzzy,0,0,0,0
64781,mrfuzzy,0,0,0,0
64788,mrfuzzy,0,0,0,0
64789,mrfuzzy,0,0,0,0
64790,lovebear,1,1,1,1
64795,mrfuzzy,0,0,0,0
64794,mrfuzzy,0,0,0,0
64799,mrfuzzy,1,1,1,1
64801,mrfuzzy,1,0,0,0
64802,lovebear,0,0,0,0
64807,mrfuzzy,0,0,0,0
64806,mrfuzzy,0,0,0,0
64812,mrfuzzy,1,0,0,0
64811,mrfuzzy,0,0,0,0
64814,mrfuzzy,0,0,0,0
64815,mrfuzzy,0,0,0,0
64817,mrfuzzy,0,0,0,0
64819,mrfuzzy,0,0,0,0
64820,mrfuzzy,0,0,0,0
64828,mrfuzzy,1,1,1,1
64829,mrfuzzy,1,1,1,0
64830,mrfuzzy,0,0,0,0
64831,lovebear,1,1,1,1
64834,mrfuzzy,1,1,1,0
64835,mrfuzzy,1,0,0,0
64837,mrfuzzy,0,0,0,0
64843,mrfuzzy,0,0,0,0
64845,mrfuzzy,1,1,1,0
64848,mrfuzzy,0,0,0,0
64850,lovebear,1,0,0,0
64849,lovebear,0,0,0,0
64856,mrfuzzy,0,0,0,0
64862,mrfuzzy,0,0,0,0
64868,mrfuzzy,1,1,1,0
64871,mrfuzzy,1,0,0,0
64877,lovebear,0,0,0,0
64882,mrfuzzy,0,0,0,0
64883,mrfuzzy,0,0,0,0
64886,mrfuzzy,0,0,0,0
64889,mrfuzzy,1,0,0,0
64894,mrfuzzy,0,0,0,0
64895,lovebear,1,0,0,0
64898,mrfuzzy,1,1,1,0
64899,mrfuzzy,1,1,1,1
64903,mrfuzzy,0,0,0,0
64904,lovebear,0,0,0,0
64906,lovebear,1,0,0,0
64909,lovebear,1,1,1,0
64910,mrfuzzy,0,0,0,0
64912,mrfuzzy,1,1,0,0
64918,mrfuzzy,0,0,0,0
64919,mrfuzzy,1,1,1,1
64920,mrfuzzy,0,0,0,0
64921,mrfuzzy,0,0,0,0
64925,lovebear,0,0,0,0
64933,mrfuzzy,0,0,0,0
64938,lovebear,0,0,0,0
64939,mrfuzzy,0,0,0,0
64940,mrfuzzy,0,0,0,0
64942,mrfuzzy,1,1,1,1
64941,mrfuzzy,0,0,0,0
64944,mrfuzzy,0,0,0,0
64947,mrfuzzy,0,0,0,0
64948,mrfuzzy,0,0,0,0
64950,lovebear,1,1,1,1
64954,mrfuzzy,1,1,1,0
64959,mrfuzzy,1,1,1,1
64964,mrfuzzy,0,0,0,0
64965,mrfuzzy,0,0,0,0
64971,mrfuzzy,1,0,0,0
64974,mrfuzzy,0,0,0,0
64979,mrfuzzy,1,1,0,0
64984,mrfuzzy,1,1,1,1
64987,mrfuzzy,0,0,0,0
64989,lovebear,0,0,0,0
64992,mrfuzzy,1,1,1,0
64991,mrfuzzy,1,0,0,0
64995,mrfuzzy,0,0,0,0
64997,mrfuzzy,0,0,0,0
64998,mrfuzzy,0,0,0,0
64999,mrfuzzy,1,0,0,0
65001,mrfuzzy,0,0,0,0
65003,mrfuzzy,0,0,0,0
65004,mrfuzzy,1,1,1,0
65005,mrfuzzy,0,0,0,0
65010,mrfuzzy,1,0,0,0
65011,mrfuzzy,0,0,0,0
65012,mrfuzzy,0,0,0,0
65013,mrfuzzy,1,1,1,1
65014,mrfuzzy,1,1,1,0
65016,mrfuzzy,0,0,0,0
65017,mrfuzzy,0,0,0,0
65018,mrfuzzy,0,0,0,0
65019,lovebear,1,0,0,0
65022,lovebear,1,0,0,0
65024,mrfuzzy,1,1,1,1
65027,mrfuzzy,0,0,0,0
65030,lovebear,0,0,0,0
65032,mrfuzzy,0,0,0,0
65031,mrfuzzy,1,0,0,0
65033,mrfuzzy,0,0,0,0
65039,mrfuzzy,1,1,1,1
65040,mrfuzzy,0,0,0,0
65046,mrfuzzy,0,0,0,0
65045,mrfuzzy,0,0,0,0
65047,mrfuzzy,0,0,0,0
65051,lovebear,1,1,1,1
65050,mrfuzzy,1,0,0,0
65054,lovebear,0,0,0,0
65055,mrfuzzy,1,0,0,0
65057,mrfuzzy,0,0,0,0
65059,mrfuzzy,0,0,0,0
65060,mrfuzzy,0,0,0,0
65061,mrfuzzy,1,0,0,0
65077,mrfuzzy,1,1,1,0
65079,lovebear,0,0,0,0
65078,mrfuzzy,0,0,0,0
65081,mrfuzzy,0,0,0,0
65084,lovebear,0,0,0,0
65088,mrfuzzy,0,0,0,0
65087,mrfuzzy,0,0,0,0
65093,mrfuzzy,1,1,1,1
65094,mrfuzzy,1,1,1,0
65095,mrfuzzy,1,0,0,0
65097,lovebear,1,0,0,0
65098,lovebear,0,0,0,0
65099,mrfuzzy,0,0,0,0
65103,mrfuzzy,1,0,0,0
65114,mrfuzzy,1,1,1,0
65124,lovebear,1,0,0,0
65126,mrfuzzy,0,0,0,0
65125,mrfuzzy,1,1,1,0
65127,mrfuzzy,0,0,0,0
65128,mrfuzzy,0,0,0,0
65129,mrfuzzy,0,0,0,0
65132,mrfuzzy,1,1,1,1
65139,mrfuzzy,0,0,0,0
65144,mrfuzzy,0,0,0,0
65148,mrfuzzy,1,1,1,1
65151,mrfuzzy,1,1,1,1
65154,mrfuzzy,0,0,0,0
65155,mrfuzzy,0,0,0,0
65156,mrfuzzy,0,0,0,0
65157,mrfuzzy,0,0,0,0
65158,mrfuzzy,1,1,1,1
65160,mrfuzzy,0,0,0,0
65162,mrfuzzy,1,1,1,0
65166,mrfuzzy,1,1,1,1
65167,mrfuzzy,1,0,0,0
65168,mrfuzzy,0,0,0,0
65171,mrfuzzy,0,0,0,0
65172,mrfuzzy,1,0,0,0
65178,mrfuzzy,1,1,1,1
65177,mrfuzzy,0,0,0,0
65179,mrfuzzy,0,0,0,0
65180,mrfuzzy,1,1,1,0
65183,mrfuzzy,0,0,0,0
65186,mrfuzzy,0,0,0,0
65187,mrfuzzy,0,0,0,0
65192,lovebear,0,0,0,0
65193,lovebear,0,0,0,0
65195,mrfuzzy,1,1,0,0
65197,lovebear,1,1,1,1
65198,mrfuzzy,0,0,0,0
65204,mrfuzzy,1,1,0,0
65206,mrfuzzy,1,1,1,0
65208,mrfuzzy,1,1,1,0
65209,mrfuzzy,1,0,0,0
65214,mrfuzzy,0,0,0,0
65216,lovebear,0,0,0,0
65215,mrfuzzy,1,1,1,1
65219,mrfuzzy,1,1,1,0
65222,lovebear,1,1,1,0
65226,mrfuzzy,0,0,0,0
65229,mrfuzzy,0,0,0,0
65235,mrfuzzy,0,0,0,0
65236,lovebear,0,0,0,0
65243,mrfuzzy,1,1,1,1
65249,mrfuzzy,1,0,0,0
65247,mrfuzzy,1,1,1,1
65250,mrfuzzy,0,0,0,0
65255,lovebear,0,0,0,0
65256,mrfuzzy,1,1,1,1
65257,lovebear,1,1,1,0
65258,mrfuzzy,0,0,0,0
65262,mrfuzzy,0,0,0,0
65263,mrfuzzy,0,0,0,0
65267,mrfuzzy,0,0,0,0
65268,lovebear,1,1,1,1
65271,lovebear,1,0,0,0
65273,mrfuzzy,1,1,1,0
65274,mrfuzzy,0,0,0,0
65278,mrfuzzy,1,1,0,0
65280,mrfuzzy,1,0,0,0
65282,mrfuzzy,0,0,0,0
65283,lovebear,1,0,0,0
65281,mrfuzzy,1,1,1,0
65289,mrfuzzy,0,0,0,0
65291,lovebear,1,0,0,0
65295,mrfuzzy,1,1,1,0
65297,mrfuzzy,0,0,0,0
65299,mrfuzzy,1,1,0,0
65301,mrfuzzy,0,0,0,0
65302,mrfuzzy,0,0,0,0
65305,mrfuzzy,1,1,1,0
65307,mrfuzzy,0,0,0,0
65312,mrfuzzy,0,0,0,0
65313,mrfuzzy,0,0,0,0
65320,mrfuzzy,1,1,0,0
65319,mrfuzzy,0,0,0,0
65326,mrfuzzy,0,0,0,0
65331,mrfuzzy,1,1,1,0
65334,mrfuzzy,1,1,1,1
65336,mrfuzzy,0,0,0,0
65339,mrfuzzy,0,0,0,0
65340,mrfuzzy,1,1,1,1
65343,mrfuzzy,0,0,0,0
65346,mrfuzzy,0,0,0,0
65347,lovebear,1,0,0,0
65352,mrfuzzy,0,0,0,0
65356,mrfuzzy,1,1,0,0
65362,mrfuzzy,0,0,0,0
65361,mrfuzzy,0,0,0,0
65365,mrfuzzy,1,0,0,0
65364,lovebear,1,1,1,0
65368,mrfuzzy,1,1,1,1
65369,mrfuzzy,1,1,1,1
65370,mrfuzzy,1,1,1,0
65377,mrfuzzy,0,0,0,0
65380,mrfuzzy,0,0,0,0
65381,mrfuzzy,0,0,0,0
65383,mrfuzzy,1,0,0,0
65387,mrfuzzy,1,0,0,0
65388,mrfuzzy,0,0,0,0
65389,mrfuzzy,1,1,1,1
65390,mrfuzzy,0,0,0,0
65391,mrfuzzy,0,0,0,0
65396,mrfuzzy,0,0,0,0
65397,mrfuzzy,1,0,0,0
65398,mrfuzzy,1,1,1,1
65400,mrfuzzy,1,1,1,1
65403,lovebear,1,0,0,0
65405,mrfuzzy,1,1,1,1
65411,mrfuzzy,1,1,0,0
65412,mrfuzzy,0,0,0,0
65413,mrfuzzy,0,0,0,0
65419,lovebear,0,0,0,0
65420,mrfuzzy,0,0,0,0
65421,mrfuzzy,1,0,0,0
65424,mrfuzzy,1,1,1,1
65426,mrfuzzy,0,0,0,0
65434,mrfuzzy,1,0,0,0
65435,mrfuzzy,1,1,1,1
65437,lovebear,0,0,0,0
65438,mrfuzzy,0,0,0,0
65440,mrfuzzy,1,1,1,1
65441,mrfuzzy,0,0,0,0
65445,mrfuzzy,1,1,1,1
65450,mrfuzzy,1,1,1,1
65451,mrfuzzy,0,0,0,0
65454,mrfuzzy,0,0,0,0
65457,mrfuzzy,1,1,0,0
65458,mrfuzzy,1,1,1,0
65462,mrfuzzy,0,0,0,0
65464,mrfuzzy,0,0,0,0
65466,mrfuzzy,1,1,1,1
65471,mrfuzzy,1,1,0,0
65472,mrfuzzy,1,1,1,1
65476,mrfuzzy,0,0,0,0
65477,mrfuzzy,0,0,0,0
65478,lovebear,0,0,0,0
65479,lovebear,0,0,0,0
65481,mrfuzzy,0,0,0,0
65482,mrfuzzy,0,0,0,0
65483,mrfuzzy,1,1,1,1
65484,mrfuzzy,0,0,0,0
65485,mrfuzzy,1,1,1,0
65486,mrfuzzy,0,0,0,0
65488,mrfuzzy,1,1,1,1
65489,mrfuzzy,0,0,0,0
65496,lovebear,0,0,0,0
65497,mrfuzzy,0,0,0,0
65498,lovebear,1,1,1,1
65500,mrfuzzy,1,0,0,0
65502,mrfuzzy,0,0,0,0
65506,mrfuzzy,0,0,0,0
65509,mrfuzzy,0,0,0,0
65510,mrfuzzy,1,0,0,0
65514,lovebear,0,0,0,0
65515,mrfuzzy,1,1,1,1
65517,mrfuzzy,1,1,1,1
65522,mrfuzzy,1,1,0,0
65523,mrfuzzy,0,0,0,0
65524,mrfuzzy,1,0,0,0
65525,mrfuzzy,0,0,0,0
65527,lovebear,1,0,0,0
65526,mrfuzzy,0,0,0,0
65530,mrfuzzy,1,0,0,0
65533,mrfuzzy,0,0,0,0
65535,mrfuzzy,0,0,0,0
65539,mrfuzzy,1,0,0,0
65540,mrfuzzy,0,0,0,0
65541,mrfuzzy,1,0,0,0
65543,mrfuzzy,0,0,0,0
65542,mrfuzzy,0,0,0,0
65545,mrfuzzy,1,0,0,0
65547,mrfuzzy,0,0,0,0
65548,mrfuzzy,0,0,0,0
65549,mrfuzzy,1,0,0,0
65552,mrfuzzy,1,1,1,1
65551,mrfuzzy,0,0,0,0
65550,mrfuzzy,1,1,0,0
65554,mrfuzzy,1,0,0,0
65556,mrfuzzy,0,0,0,0
65555,mrfuzzy,1,1,1,1
65557,mrfuzzy,0,0,0,0
65559,mrfuzzy,0,0,0,0
65560,mrfuzzy,0,0,0,0
65562,mrfuzzy,1,1,0,0
65564,lovebear,1,0,0,0
65566,mrfuzzy,0,0,0,0
65569,mrfuzzy,1,0,0,0
65570,mrfuzzy,0,0,0,0
65571,mrfuzzy,1,1,0,0
65573,mrfuzzy,0,0,0,0
65575,mrfuzzy,1,0,0,0
65577,mrfuzzy,1,1,0,0
65578,mrfuzzy,0,0,0,0
65586,mrfuzzy,0,0,0,0
65589,lovebear,1,1,0,0
65590,mrfuzzy,1,1,1,1
65599,mrfuzzy,1,1,1,1
65598,mrfuzzy,1,1,1,1
65605,mrfuzzy,1,1,1,1
65607,mrfuzzy,0,0,0,0
65608,mrfuzzy,0,0,0,0
65612,mrfuzzy,1,0,0,0
65610,mrfuzzy,0,0,0,0
65611,mrfuzzy,1,1,0,0
65614,lovebear,1,1,1,0
65619,mrfuzzy,1,0,0,0
65621,mrfuzzy,1,1,1,1
65620,mrfuzzy,0,0,0,0
65622,mrfuzzy,1,1,1,1
65628,mrfuzzy,0,0,0,0
65626,mrfuzzy,1,0,0,0
65633,mrfuzzy,1,1,1,1
65638,mrfuzzy,0,0,0,0
65643,mrfuzzy,0,0,0,0
65645,mrfuzzy,1,1,0,0
65646,mrfuzzy,1,1,1,1
65647,mrfuzzy,0,0,0,0
65650,mrfuzzy,1,1,1,0
65648,mrfuzzy,1,1,0,0
65651,mrfuzzy,1,1,0,0
65652,mrfuzzy,1,1,1,0
65655,mrfuzzy,1,0,0,0
65657,mrfuzzy,1,1,1,1
65659,mrfuzzy,1,0,0,0
65660,mrfuzzy,0,0,0,0
65662,mrfuzzy,0,0,0,0
65663,mrfuzzy,1,0,0,0
65667,mrfuzzy,0,0,0,0
65668,mrfuzzy,0,0,0,0
65669,mrfuzzy,0,0,0,0
65671,mrfuzzy,0,0,0,0
65672,lovebear,1,1,1,0
65674,mrfuzzy,0,0,0,0
65675,lovebear,0,0,0,0
65688,mrfuzzy,0,0,0,0
65689,mrfuzzy,0,0,0,0
65690,mrfuzzy,0,0,0,0
65696,mrfuzzy,0,0,0,0
65699,lovebear,0,0,0,0
65706,mrfuzzy,0,0,0,0
65705,mrfuzzy,1,1,1,1
65711,lovebear,0,0,0,0
65714,mrfuzzy,1,1,1,1
65716,mrfuzzy,0,0,0,0
65717,mrfuzzy,0,0,0,0
65719,lovebear,0,0,0,0
65721,lovebear,1,1,1,1
65726,mrfuzzy,1,1,1,1
65727,mrfuzzy,1,0,0,0
65731,mrfuzzy,1,1,1,0
65735,mrfuzzy,0,0,0,0
65736,mrfuzzy,0,0,0,0
65741,mrfuzzy,0,0,0,0
65742,mrfuzzy,0,0,0,0
65744,mrfuzzy,1,0,0,0
65746,lovebear,1,1,1,1
65753,mrfuzzy,0,0,0,0
65754,mrfuzzy,0,0,0,0
65755,mrfuzzy,1,1,1,1
65756,mrfuzzy,1,1,0,0
65757,mrfuzzy,0,0,0,0
65758,lovebear,0,0,0,0
65764,mrfuzzy,1,1,0,0
65765,mrfuzzy,1,1,1,1
65767,lovebear,1,0,0,0
65770,mrfuzzy,0,0,0,0
65772,lovebear,1,1,1,1
65775,mrfuzzy,0,0,0,0
65776,mrfuzzy,0,0,0,0
65778,mrfuzzy,0,0,0,0
65782,mrfuzzy,0,0,0,0
65787,mrfuzzy,1,1,1,1
65790,mrfuzzy,0,0,0,0
65789,mrfuzzy,0,0,0,0
65793,mrfuzzy,0,0,0,0
65792,mrfuzzy,1,1,1,0
65798,mrfuzzy,1,0,0,0
65797,mrfuzzy,0,0,0,0
65800,mrfuzzy,0,0,0,0
65802,mrfuzzy,1,1,0,0
65801,mrfuzzy,0,0,0,0
65805,mrfuzzy,1,0,0,0
65807,mrfuzzy,0,0,0,0
65809,mrfuzzy,0,0,0,0
65813,mrfuzzy,0,0,0,0
65816,mrfuzzy,0,0,0,0
65817,mrfuzzy,0,0,0,0
65821,mrfuzzy,1,1,1,1
65819,mrfuzzy,1,0,0,0
65824,mrfuzzy,0,0,0,0
65826,mrfuzzy,0,0,0,0
65829,lovebear,1,0,0,0
65827,mrfuzzy,0,0,0,0
65832,mrfuzzy,1,1,1,1
65833,mrfuzzy,0,0,0,0
65835,mrfuzzy,1,1,1,1
65839,lovebear,0,0,0,0
65838,mrfuzzy,1,1,1,1
65840,mrfuzzy,0,0,0,0
65841,mrfuzzy,0,0,0,0
65842,mrfuzzy,1,1,1,0
65845,mrfuzzy,1,0,0,0
65851,mrfuzzy,0,0,0,0
65850,mrfuzzy,0,0,0,0
65852,mrfuzzy,1,1,1,1
65854,mrfuzzy,0,0,0,0
65856,lovebear,1,1,0,0
65861,mrfuzzy,0,0,0,0
65858,mrfuzzy,0,0,0,0
65863,lovebear,1,1,1,1
65865,mrfuzzy,0,0,0,0
65871,mrfuzzy,1,0,0,0
65873,mrfuzzy,1,1,0,0
65878,mrfuzzy,1,1,1,1
65880,mrfuzzy,0,0,0,0
65882,lovebear,0,0,0,0
65881,mrfuzzy,1,0,0,0
65884,mrfuzzy,0,0,0,0
65885,mrfuzzy,0,0,0,0
65889,mrfuzzy,1,1,0,0
65888,mrfuzzy,1,0,0,0
65893,mrfuzzy,0,0,0,0
65895,mrfuzzy,0,0,0,0
65896,mrfuzzy,1,1,1,1
65897,mrfuzzy,1,1,1,0
65898,mrfuzzy,1,1,1,1
65902,mrfuzzy,1,1,0,0
65905,mrfuzzy,0,0,0,0
65907,lovebear,0,0,0,0
65910,mrfuzzy,0,0,0,0
65913,mrfuzzy,0,0,0,0
65911,mrfuzzy,0,0,0,0
65912,mrfuzzy,1,1,1,0
65916,mrfuzzy,1,0,0,0
65917,lovebear,1,1,1,1
65918,mrfuzzy,1,1,1,1
65925,mrfuzzy,1,0,0,0
65928,mrfuzzy,1,1,1,0
65931,mrfuzzy,1,1,1,1
65932,mrfuzzy,1,0,0,0
65934,lovebear,1,1,0,0
65937,mrfuzzy,1,1,1,1
65936,mrfuzzy,1,0,0,0
65941,mrfuzzy,1,1,1,0
65942,mrfuzzy,0,0,0,0
65943,mrfuzzy,0,0,0,0
65944,lovebear,1,1,1,1
65948,mrfuzzy,1,1,1,1
65951,mrfuzzy,0,0,0,0
65952,mrfuzzy,0,0,0,0
65954,mrfuzzy,0,0,0,0
65955,mrfuzzy,1,1,1,0
65962,mrfuzzy,1,0,0,0
65960,lovebear,1,1,1,1
65963,mrfuzzy,1,1,1,1
65968,mrfuzzy,1,1,1,0
65970,mrfuzzy,1,1,1,0
65971,mrfuzzy,0,0,0,0
65972,mrfuzzy,0,0,0,0
65973,mrfuzzy,0,0,0,0
65974,mrfuzzy,0,0,0,0
65977,mrfuzzy,1,1,0,0
65980,mrfuzzy,0,0,0,0
65982,mrfuzzy,0,0,0,0
65983,mrfuzzy,0,0,0,0
65985,mrfuzzy,1,0,0,0
65986,mrfuzzy,0,0,0,0
65990,mrfuzzy,1,1,1,0
65992,lovebear,0,0,0,0
65998,mrfuzzy,1,0,0,0
65999,lovebear,1,1,1,1
66000,mrfuzzy,0,0,0,0
66001,mrfuzzy,1,1,1,0
66005,mrfuzzy,0,0,0,0
66010,mrfuzzy,1,1,1,1
66015,mrfuzzy,0,0,0,0
66016,mrfuzzy,0,0,0,0
66018,mrfuzzy,1,1,1,1
66017,mrfuzzy,1,0,0,0
66020,mrfuzzy,1,1,1,1
66022,mrfuzzy,1,1,1,0
66023,mrfuzzy,1,1,1,1
66026,mrfuzzy,1,0,0,0
66031,mrfuzzy,1,1,1,1
66032,mrfuzzy,0,0,0,0
66033,mrfuzzy,0,0,0,0
66035,lovebear,1,1,0,0
66038,mrfuzzy,0,0,0,0
66040,mrfuzzy,0,0,0,0
66039,mrfuzzy,1,0,0,0
66041,mrfuzzy,0,0,0,0
66050,mrfuzzy,1,1,1,1
66052,mrfuzzy,1,1,1,1
66053,mrfuzzy,1,1,1,0
66056,mrfuzzy,0,0,0,0
66057,mrfuzzy,1,1,1,0
66058,mrfuzzy,1,0,0,0
66063,mrfuzzy,1,1,0,0
66062,mrfuzzy,0,0,0,0
66066,mrfuzzy,0,0,0,0
66072,mrfuzzy,0,0,0,0
66073,mrfuzzy,0,0,0,0
66075,mrfuzzy,0,0,0,0
66074,mrfuzzy,1,1,1,1
66077,lovebear,0,0,0,0
66078,mrfuzzy,0,0,0,0
66079,lovebear,0,0,0,0
66085,mrfuzzy,0,0,0,0
66088,mrfuzzy,0,0,0,0
66087,mrfuzzy,0,0,0,0
66089,mrfuzzy,1,1,0,0
66092,mrfuzzy,1,1,1,0
66098,mrfuzzy,0,0,0,0
66099,mrfuzzy,0,0,0,0
66101,lovebear,1,0,0,0
66103,mrfuzzy,1,1,1,1
66105,mrfuzzy,1,0,0,0
66106,mrfuzzy,0,0,0,0
66107,mrfuzzy,1,1,0,0
66109,mrfuzzy,0,0,0,0
66114,mrfuzzy,1,1,1,1
66111,mrfuzzy,1,1,1,1
66118,mrfuzzy,0,0,0,0
66119,lovebear,1,1,0,0
66122,mrfuzzy,1,1,1,1
66124,mrfuzzy,0,0,0,0
66128,mrfuzzy,1,0,0,0
66135,mrfuzzy,1,0,0,0
66139,mrfuzzy,1,1,1,1
66141,lovebear,1,1,1,1
66142,lovebear,0,0,0,0
66156,mrfuzzy,1,1,1,0
66160,mrfuzzy,1,1,1,1
66162,mrfuzzy,0,0,0,0
66164,mrfuzzy,1,1,1,0
66168,mrfuzzy,1,0,0,0
66169,mrfuzzy,1,0,0,0
66170,mrfuzzy,1,0,0,0
66172,mrfuzzy,1,1,1,1
66174,mrfuzzy,1,1,0,0
66175,mrfuzzy,0,0,0,0
66180,mrfuzzy,0,0,0,0
66181,mrfuzzy,0,0,0,0
66185,mrfuzzy,1,0,0,0
66188,mrfuzzy,1,0,0,0
66190,mrfuzzy,1,1,1,1
66189,mrfuzzy,1,1,0,0
66198,mrfuzzy,0,0,0,0
66210,mrfuzzy,1,1,1,1
66211,mrfuzzy,0,0,0,0
66215,lovebear,0,0,0,0
66216,mrfuzzy,1,1,1,1
66218,mrfuzzy,1,0,0,0
66222,mrfuzzy,0,0,0,0
66224,mrfuzzy,0,0,0,0
66226,lovebear,1,1,1,0
66228,mrfuzzy,1,1,1,0
66230,mrfuzzy,1,1,0,0
66232,mrfuzzy,1,1,0,0
66237,mrfuzzy,1,0,0,0
66239,mrfuzzy,0,0,0,0
66240,mrfuzzy,0,0,0,0
66244,mrfuzzy,0,0,0,0
66248,mrfuzzy,0,0,0,0
66251,mrfuzzy,0,0,0,0
66253,mrfuzzy,1,1,1,0
66257,mrfuzzy,0,0,0,0
66259,mrfuzzy,1,1,1,1
66261,mrfuzzy,1,1,0,0
66262,mrfuzzy,0,0,0,0
66263,mrfuzzy,1,0,0,0
66265,lovebear,0,0,0,0
66267,mrfuzzy,0,0,0,0
66268,mrfuzzy,0,0,0,0
66269,mrfuzzy,1,1,1,1
66273,lovebear,1,1,0,0
66276,mrfuzzy,1,1,1,0
66274,mrfuzzy,0,0,0,0
66277,lovebear,0,0,0,0
66279,mrfuzzy,0,0,0,0
66282,mrfuzzy,1,1,0,0
66283,mrfuzzy,0,0,0,0
66284,mrfuzzy,0,0,0,0
66285,mrfuzzy,0,0,0,0
66286,mrfuzzy,0,0,0,0
66287,lovebear,0,0,0,0
66290,lovebear,0,0,0,0
66291,mrfuzzy,1,0,0,0
66297,lovebear,1,0,0,0
66298,mrfuzzy,1,1,1,1
66301,mrfuzzy,0,0,0,0
66300,mrfuzzy,0,0,0,0
66302,mrfuzzy,1,1,1,0
66309,mrfuzzy,0,0,0,0
66312,mrfuzzy,0,0,0,0
66315,mrfuzzy,0,0,0,0
66321,mrfuzzy,0,0,0,0
66327,mrfuzzy,0,0,0,0
66332,mrfuzzy,1,0,0,0
66341,mrfuzzy,0,0,0,0
66342,mrfuzzy,0,0,0,0
66343,mrfuzzy,0,0,0,0
66346,mrfuzzy,1,1,1,1
66347,mrfuzzy,1,1,1,0
66348,lovebear,0,0,0,0
66350,mrfuzzy,0,0,0,0
66352,mrfuzzy,1,0,0,0
66353,lovebear,1,1,1,1
66357,mrfuzzy,1,1,1,1
66359,lovebear,1,0,0,0
66363,mrfuzzy,0,0,0,0
66366,lovebear,0,0,0,0
66368,mrfuzzy,0,0,0,0
66371,lovebear,1,1,0,0
66372,mrfuzzy,0,0,0,0
66378,mrfuzzy,0,0,0,0
66379,mrfuzzy,1,1,1,0
66380,mrfuzzy,0,0,0,0
66386,mrfuzzy,0,0,0,0
66387,mrfuzzy,1,1,1,1
66389,lovebear,0,0,0,0
66392,mrfuzzy,0,0,0,0
66393,mrfuzzy,0,0,0,0
66394,lovebear,0,0,0,0
66395,mrfuzzy,1,0,0,0
66398,mrfuzzy,0,0,0,0
66402,mrfuzzy,0,0,0,0
66401,mrfuzzy,0,0,0,0
66404,mrfuzzy,1,0,0,0
66406,mrfuzzy,0,0,0,0
66405,mrfuzzy,0,0,0,0
66407,mrfuzzy,1,1,1,0
66408,mrfuzzy,0,0,0,0
66411,mrfuzzy,0,0,0,0
66418,mrfuzzy,0,0,0,0
66420,mrfuzzy,1,1,0,0
66422,mrfuzzy,1,0,0,0
66421,mrfuzzy,1,0,0,0
66423,mrfuzzy,0,0,0,0
66424,mrfuzzy,1,1,1,0
66432,mrfuzzy,1,1,1,1
66435,mrfuzzy,1,1,1,1
66434,mrfuzzy,1,1,0,0
66436,mrfuzzy,0,0,0,0
66438,mrfuzzy,1,1,1,1
66443,lovebear,1,1,1,1
66445,lovebear,1,1,0,0
66446,mrfuzzy,0,0,0,0
66447,mrfuzzy,1,0,0,0
66451,mrfuzzy,1,1,1,1
66454,lovebear,1,0,0,0
66456,mrfuzzy,0,0,0,0
66455,mrfuzzy,0,0,0,0
66462,mrfuzzy,1,1,1,1
66463,mrfuzzy,1,1,0,0
66464,lovebear,0,0,0,0
66465,mrfuzzy,1,1,1,1
66470,mrfuzzy,1,1,1,0
66476,mrfuzzy,0,0,0,0
66475,lovebear,0,0,0,0
66477,lovebear,1,1,1,0
66479,mrfuzzy,1,1,1,0
66481,mrfuzzy,1,1,1,0
66482,lovebear,0,0,0,0
66484,mrfuzzy,1,0,0,0
66486,mrfuzzy,0,0,0,0
66491,mrfuzzy,1,0,0,0
66493,lovebear,0,0,0,0
66495,mrfuzzy,1,1,1,0
66498,mrfuzzy,0,0,0,0
66497,mrfuzzy,1,1,1,0
66499,lovebear,1,1,0,0
66500,lovebear,1,1,1,1
66502,mrfuzzy,0,0,0,0
66503,mrfuzzy,0,0,0,0
66505,mrfuzzy,1,1,0,0
66510,mrfuzzy,0,0,0,0
66515,mrfuzzy,1,0,0,0
66517,mrfuzzy,0,0,0,0
66518,lovebear,0,0,0,0
66523,mrfuzzy,0,0,0,0
66529,mrfuzzy,1,1,0,0
66531,mrfuzzy,0,0,0,0
66533,lovebear,1,0,0,0
66538,mrfuzzy,0,0,0,0
66539,mrfuzzy,1,0,0,0
66540,mrfuzzy,1,1,1,1
66541,mrfuzzy,0,0,0,0
66549,mrfuzzy,1,1,1,0
66551,mrfuzzy,1,0,0,0
66553,mrfuzzy,1,1,1,0
66559,mrfuzzy,1,0,0,0
66554,mrfuzzy,0,0,0,0
66557,mrfuzzy,1,0,0,0
66560,mrfuzzy,0,0,0,0
66558,lovebear,1,1,0,0
66562,mrfuzzy,0,0,0,0
66566,mrfuzzy,1,1,1,1
66573,mrfuzzy,0,0,0,0
66571,mrfuzzy,1,1,1,0
66575,mrfuzzy,0,0,0,0
66576,mrfuzzy,0,0,0,0
66574,mrfuzzy,1,1,1,0
66578,mrfuzzy,1,1,1,0
66583,mrfuzzy,0,0,0,0
66588,mrfuzzy,0,0,0,0
66587,mrfuzzy,1,1,1,0
66592,mrfuzzy,0,0,0,0
66593,mrfuzzy,1,1,1,0
66594,mrfuzzy,0,0,0,0
66596,mrfuzzy,0,0,0,0
66600,lovebear,0,0,0,0
66602,mrfuzzy,0,0,0,0
66604,mrfuzzy,1,1,1,1
66607,mrfuzzy,0,0,0,0
66609,mrfuzzy,1,1,0,0
66610,mrfuzzy,0,0,0,0
66611,lovebear,0,0,0,0
66616,mrfuzzy,1,1,0,0
66619,lovebear,0,0,0,0
66618,mrfuzzy,0,0,0,0
66620,mrfuzzy,0,0,0,0
66622,mrfuzzy,0,0,0,0
66624,mrfuzzy,1,0,0,0
66625,mrfuzzy,1,1,1,0
66627,mrfuzzy,1,1,1,0
66630,mrfuzzy,1,0,0,0
66633,lovebear,1,0,0,0
66636,mrfuzzy,0,0,0,0
66637,mrfuzzy,0,0,0,0
66640,mrfuzzy,1,1,1,1
66641,mrfuzzy,0,0,0,0
66644,mrfuzzy,0,0,0,0
66648,mrfuzzy,0,0,0,0
66649,mrfuzzy,0,0,0,0
66654,mrfuzzy,1,1,0,0
66655,mrfuzzy,1,0,0,0
66663,mrfuzzy,0,0,0,0
66664,mrfuzzy,0,0,0,0
66666,mrfuzzy,0,0,0,0
66669,mrfuzzy,0,0,0,0
66670,mrfuzzy,0,0,0,0
66671,lovebear,1,0,0,0
66673,mrfuzzy,1,1,1,1
66676,mrfuzzy,0,0,0,0
66675,mrfuzzy,0,0,0,0
66677,mrfuzzy,0,0,0,0
66683,mrfuzzy,0,0,0,0
66691,mrfuzzy,0,0,0,0
66693,mrfuzzy,0,0,0,0
66696,mrfuzzy,1,0,0,0
66694,mrfuzzy,0,0,0,0
66695,mrfuzzy,0,0,0,0
66698,mrfuzzy,1,0,0,0
66700,lovebear,0,0,0,0
66699,mrfuzzy,1,1,1,1
66701,mrfuzzy,1,1,0,0
66703,mrfuzzy,1,0,0,0
66704,lovebear,1,1,1,0
66707,mrfuzzy,0,0,0,0
66709,lovebear,0,0,0,0
66711,mrfuzzy,1,1,1,0
66712,lovebear,1,1,1,0
66716,lovebear,0,0,0,0
66718,mrfuzzy,1,1,1,0
66719,mrfuzzy,0,0,0,0
66721,lovebear,1,1,1,1
66722,mrfuzzy,1,0,0,0
66725,mrfuzzy,1,1,1,1
66726,mrfuzzy,0,0,0,0
66728,mrfuzzy,1,1,1,1
66727,mrfuzzy,0,0,0,0
66729,mrfuzzy,0,0,0,0
66744,mrfuzzy,0,0,0,0
66743,lovebear,0,0,0,0
66742,mrfuzzy,0,0,0,0
66751,mrfuzzy,1,1,0,0
66754,mrfuzzy,1,0,0,0
66752,mrfuzzy,0,0,0,0
66758,mrfuzzy,1,1,0,0
66762,mrfuzzy,0,0,0,0
66765,mrfuzzy,1,0,0,0
66768,mrfuzzy,0,0,0,0
66772,mrfuzzy,0,0,0,0
66773,mrfuzzy,0,0,0,0
66775,mrfuzzy,0,0,0,0
66774,mrfuzzy,0,0,0,0
66777,mrfuzzy,0,0,0,0
66785,mrfuzzy,1,1,1,1
66786,lovebear,1,0,0,0
66791,mrfuzzy,1,0,0,0
66792,mrfuzzy,0,0,0,0
66794,mrfuzzy,1,1,1,1
66795,mrfuzzy,0,0,0,0
66800,mrfuzzy,1,1,1,1
66798,mrfuzzy,0,0,0,0
66801,mrfuzzy,1,0,0,0
66803,mrfuzzy,1,1,1,1
66809,mrfuzzy,0,0,0,0
66808,mrfuzzy,0,0,0,0
66810,mrfuzzy,1,1,1,0
66814,mrfuzzy,0,0,0,0
66813,mrfuzzy,1,0,0,0
66817,mrfuzzy,1,1,1,1
66824,mrfuzzy,1,1,1,1
66823,mrfuzzy,0,0,0,0
66826,mrfuzzy,0,0,0,0
66830,mrfuzzy,1,0,0,0
66828,mrfuzzy,0,0,0,0
66831,mrfuzzy,0,0,0,0
66833,mrfuzzy,1,0,0,0
66834,mrfuzzy,1,1,1,0
66837,mrfuzzy,1,0,0,0
66840,mrfuzzy,1,1,1,1
66841,mrfuzzy,1,1,1,0
66847,mrfuzzy,0,0,0,0
66849,mrfuzzy,0,0,0,0
66852,mrfuzzy,0,0,0,0
66851,mrfuzzy,0,0,0,0
66858,mrfuzzy,1,1,1,1
66859,mrfuzzy,1,0,0,0
66860,mrfuzzy,0,0,0,0
66865,mrfuzzy,0,0,0,0
66867,lovebear,0,0,0,0
66868,mrfuzzy,0,0,0,0
66869,mrfuzzy,0,0,0,0
66872,mrfuzzy,1,1,0,0
66880,mrfuzzy,0,0,0,0
66881,mrfuzzy,1,0,0,0
66884,mrfuzzy,1,1,0,0
66883,mrfuzzy,0,0,0,0
66885,mrfuzzy,1,1,1,0
66886,mrfuzzy,0,0,0,0
66890,mrfuzzy,0,0,0,0
66891,lovebear,0,0,0,0
66892,mrfuzzy,1,1,1,1
66893,mrfuzzy,0,0,0,0
66897,lovebear,0,0,0,0
66896,lovebear,1,1,1,0
66898,mrfuzzy,0,0,0,0
66900,mrfuzzy,0,0,0,0
66902,mrfuzzy,0,0,0,0
66903,mrfuzzy,0,0,0,0
66905,mrfuzzy,0,0,0,0
66907,mrfuzzy,0,0,0,0
66906,mrfuzzy,0,0,0,0
66909,mrfuzzy,0,0,0,0
66911,mrfuzzy,0,0,0,0
66914,lovebear,0,0,0,0
66916,mrfuzzy,0,0,0,0
66918,mrfuzzy,0,0,0,0
66919,mrfuzzy,0,0,0,0
66922,mrfuzzy,1,1,1,0
66923,mrfuzzy,0,0,0,0
66929,mrfuzzy,0,0,0,0
66931,mrfuzzy,0,0,0,0
66932,mrfuzzy,0,0,0,0
66933,mrfuzzy,0,0,0,0
66934,mrfuzzy,1,1,1,0
66936,mrfuzzy,1,1,1,1
66942,mrfuzzy,1,0,0,0
66943,mrfuzzy,1,1,1,1
66947,mrfuzzy,0,0,0,0
66950,lovebear,0,0,0,0
66951,mrfuzzy,0,0,0,0
66952,mrfuzzy,1,0,0,0
66954,mrfuzzy,0,0,0,0
66959,mrfuzzy,0,0,0,0
66962,mrfuzzy,1,0,0,0
66963,mrfuzzy,0,0,0,0
66966,lovebear,0,0,0,0
66967,mrfuzzy,0,0,0,0
66968,mrfuzzy,1,1,0,0
66970,mrfuzzy,1,0,0,0
66971,lovebear,1,1,1,1
66975,mrfuzzy,1,1,1,0
66973,mrfuzzy,0,0,0,0
66978,mrfuzzy,1,0,0,0
66983,mrfuzzy,0,0,0,0
66984,mrfuzzy,1,1,1,0
66991,mrfuzzy,1,0,0,0
66990,mrfuzzy,0,0,0,0
66988,mrfuzzy,0,0,0,0
66992,mrfuzzy,1,0,0,0
66993,mrfuzzy,1,1,1,0
67000,mrfuzzy,1,1,1,0
66997,mrfuzzy,0,0,0,0
67006,mrfuzzy,1,1,0,0
67012,lovebear,1,1,1,1
67014,mrfuzzy,0,0,0,0
67015,mrfuzzy,1,0,0,0
67017,mrfuzzy,0,0,0,0
67018,mrfuzzy,1,1,1,0
67023,mrfuzzy,0,0,0,0
67024,mrfuzzy,1,1,1,1
67025,mrfuzzy,0,0,0,0
67030,lovebear,0,0,0,0
67029,mrfuzzy,0,0,0,0
67031,mrfuzzy,0,0,0,0
67036,mrfuzzy,1,1,1,0
67038,mrfuzzy,1,1,1,1
67041,mrfuzzy,1,1,0,0
67042,mrfuzzy,1,0,0,0
67043,mrfuzzy,0,0,0,0
67044,lovebear,1,1,0,0
67045,mrfuzzy,1,0,0,0
67047,mrfuzzy,0,0,0,0
67054,mrfuzzy,1,0,0,0
67052,mrfuzzy,0,0,0,0
67057,mrfuzzy,1,1,1,0
67066,mrfuzzy,1,0,0,0
67068,mrfuzzy,1,1,1,1
67074,lovebear,0,0,0,0
67076,mrfuzzy,1,1,0,0
67078,lovebear,0,0,0,0
67079,lovebear,0,0,0,0
67080,mrfuzzy,0,0,0,0
67084,mrfuzzy,1,0,0,0
67085,mrfuzzy,0,0,0,0
67086,mrfuzzy,0,0,0,0
67088,mrfuzzy,1,0,0,0
67090,mrfuzzy,0,0,0,0
67091,mrfuzzy,1,0,0,0
67089,mrfuzzy,0,0,0,0
67094,mrfuzzy,0,0,0,0
67101,mrfuzzy,1,0,0,0
67102,mrfuzzy,0,0,0,0
67104,mrfuzzy,1,0,0,0
67112,mrfuzzy,1,1,1,1
67119,mrfuzzy,0,0,0,0
67126,lovebear,0,0,0,0
67132,mrfuzzy,0,0,0,0
67134,mrfuzzy,0,0,0,0
67139,mrfuzzy,0,0,0,0
67140,mrfuzzy,0,0,0,0
67141,mrfuzzy,0,0,0,0
67149,mrfuzzy,0,0,0,0
67150,mrfuzzy,0,0,0,0
67156,lovebear,1,1,0,0
67158,mrfuzzy,0,0,0,0
67157,mrfuzzy,0,0,0,0
67162,mrfuzzy,1,0,0,0
67164,mrfuzzy,0,0,0,0
67168,lovebear,1,1,1,1
67171,mrfuzzy,1,1,1,1
67174,lovebear,1,1,0,0
67172,mrfuzzy,0,0,0,0
67179,mrfuzzy,0,0,0,0
67181,mrfuzzy,1,1,0,0
67182,lovebear,1,0,0,0
67183,mrfuzzy,1,0,0,0
67188,mrfuzzy,0,0,0,0
67190,lovebear,0,0,0,0
67194,mrfuzzy,1,1,1,1
67197,mrfuzzy,1,0,0,0
67200,mrfuzzy,1,1,1,1
67202,mrfuzzy,0,0,0,0
67201,mrfuzzy,1,0,0,0
67206,mrfuzzy,0,0,0,0
67207,lovebear,1,1,1,0
67208,mrfuzzy,0,0,0,0
67210,mrfuzzy,1,1,1,1
67217,mrfuzzy,1,0,0,0
67218,mrfuzzy,1,0,0,0
67220,mrfuzzy,1,0,0,0
67221,mrfuzzy,1,1,1,0
67222,mrfuzzy,1,0,0,0
67224,mrfuzzy,0,0,0,0
67226,mrfuzzy,1,0,0,0
67227,lovebear,0,0,0,0
67230,mrfuzzy,0,0,0,0
67233,mrfuzzy,0,0,0,0
67235,mrfuzzy,1,1,1,1
67239,mrfuzzy,1,0,0,0
67243,mrfuzzy,1,0,0,0
67245,mrfuzzy,0,0,0,0
67242,lovebear,0,0,0,0
67249,mrfuzzy,1,0,0,0
67260,mrfuzzy,0,0,0,0
67263,mrfuzzy,1,0,0,0
67264,mrfuzzy,1,1,1,1
67266,mrfuzzy,0,0,0,0
67267,mrfuzzy,0,0,0,0
67274,lovebear,1,0,0,0
67276,lovebear,1,1,1,1
67281,mrfuzzy,0,0,0,0
67278,mrfuzzy,0,0,0,0
67282,mrfuzzy,0,0,0,0
67283,mrfuzzy,0,0,0,0
67284,mrfuzzy,0,0,0,0
67288,lovebear,1,1,0,0
67285,lovebear,0,0,0,0
67289,mrfuzzy,1,1,1,1
67290,mrfuzzy,1,1,1,1
67287,mrfuzzy,1,1,1,0
67292,mrfuzzy,0,0,0,0
67293,mrfuzzy,0,0,0,0
67306,mrfuzzy,0,0,0,0
67308,mrfuzzy,0,0,0,0
67309,mrfuzzy,0,0,0,0
67315,mrfuzzy,1,0,0,0
67313,mrfuzzy,1,0,0,0
67316,mrfuzzy,1,1,1,1
67322,mrfuzzy,0,0,0,0
67323,mrfuzzy,0,0,0,0
67327,mrfuzzy,1,1,0,0
67325,mrfuzzy,1,1,1,0
67330,mrfuzzy,1,0,0,0
67332,mrfuzzy,0,0,0,0
67331,mrfuzzy,0,0,0,0
67335,mrfuzzy,0,0,0,0
67349,mrfuzzy,1,1,0,0
67355,mrfuzzy,0,0,0,0
67356,mrfuzzy,0,0,0,0
67358,mrfuzzy,0,0,0,0
67369,mrfuzzy,1,1,1,0
67367,lovebear,1,1,0,0
67368,lovebear,1,0,0,0
67372,mrfuzzy,1,1,1,1
67377,mrfuzzy,0,0,0,0
67374,mrfuzzy,0,0,0,0
67376,mrfuzzy,1,1,1,1
67378,mrfuzzy,0,0,0,0
67381,mrfuzzy,0,0,0,0
67383,mrfuzzy,0,0,0,0
67388,mrfuzzy,1,1,1,1
67387,mrfuzzy,1,0,0,0
67390,mrfuzzy,1,1,1,0
67394,mrfuzzy,0,0,0,0
67396,mrfuzzy,0,0,0,0
67395,mrfuzzy,1,0,0,0
67398,mrfuzzy,1,1,1,1
67401,mrfuzzy,0,0,0,0
67402,mrfuzzy,0,0,0,0
67403,lovebear,0,0,0,0
67404,mrfuzzy,0,0,0,0
67407,mrfuzzy,1,0,0,0
67408,mrfuzzy,1,0,0,0
67413,mrfuzzy,1,1,1,1
67415,mrfuzzy,1,1,1,1
67417,mrfuzzy,0,0,0,0
67419,mrfuzzy,0,0,0,0
67422,mrfuzzy,0,0,0,0
67423,mrfuzzy,0,0,0,0
67424,mrfuzzy,1,1,0,0
67427,mrfuzzy,0,0,0,0
67431,lovebear,0,0,0,0
67432,mrfuzzy,1,1,0,0
67433,mrfuzzy,0,0,0,0
67436,mrfuzzy,1,0,0,0
67438,lovebear,1,1,0,0
67439,mrfuzzy,0,0,0,0
67444,mrfuzzy,1,1,1,1
67443,mrfuzzy,1,1,1,1
67451,mrfuzzy,0,0,0,0
67456,mrfuzzy,1,0,0,0
67458,mrfuzzy,1,1,1,1
67459,mrfuzzy,0,0,0,0
67463,mrfuzzy,0,0,0,0
67465,lovebear,0,0,0,0
67468,mrfuzzy,1,1,1,1
67470,mrfuzzy,0,0,0,0
67471,mrfuzzy,1,0,0,0
67477,mrfuzzy,0,0,0,0
67479,mrfuzzy,0,0,0,0
67481,mrfuzzy,0,0,0,0
67482,mrfuzzy,0,0,0,0
67483,mrfuzzy,1,1,1,0
67484,mrfuzzy,0,0,0,0
67489,mrfuzzy,0,0,0,0
67490,mrfuzzy,0,0,0,0
67494,mrfuzzy,1,1,1,1
67496,mrfuzzy,1,1,1,1
67498,mrfuzzy,1,0,0,0
67502,mrfuzzy,0,0,0,0
67500,mrfuzzy,0,0,0,0
67501,lovebear,1,0,0,0
67508,lovebear,0,0,0,0
67510,mrfuzzy,0,0,0,0
67511,lovebear,0,0,0,0
67513,mrfuzzy,1,1,0,0
67515,mrfuzzy,0,0,0,0
67512,mrfuzzy,1,1,1,1
67517,mrfuzzy,0,0,0,0
67518,mrfuzzy,1,0,0,0
67524,mrfuzzy,1,1,0,0
67527,mrfuzzy,0,0,0,0
67530,lovebear,0,0,0,0
67532,mrfuzzy,0,0,0,0
67536,mrfuzzy,0,0,0,0
67538,mrfuzzy,0,0,0,0
67541,mrfuzzy,0,0,0,0
67545,mrfuzzy,0,0,0,0
67549,lovebear,0,0,0,0
67552,lovebear,0,0,0,0
67551,mrfuzzy,0,0,0,0
67553,mrfuzzy,1,1,1,1
67557,mrfuzzy,1,0,0,0
67556,mrfuzzy,0,0,0,0
67560,mrfuzzy,0,0,0,0
67561,mrfuzzy,1,0,0,0
67562,mrfuzzy,1,1,1,1
67564,mrfuzzy,1,0,0,0
67565,mrfuzzy,0,0,0,0
67569,mrfuzzy,1,1,0,0
67568,mrfuzzy,1,1,1,1
67572,lovebear,1,1,1,0
67571,mrfuzzy,1,0,0,0
67574,mrfuzzy,0,0,0,0
67580,lovebear,1,1,1,0
67581,lovebear,1,0,0,0
67587,mrfuzzy,0,0,0,0
67590,lovebear,1,1,1,1
67598,mrfuzzy,1,1,1,0
67603,mrfuzzy,1,0,0,0
67606,mrfuzzy,0,0,0,0
67607,mrfuzzy,1,0,0,0
67609,mrfuzzy,0,0,0,0
67612,mrfuzzy,0,0,0,0
67614,mrfuzzy,0,0,0,0
67615,lovebear,0,0,0,0
67616,mrfuzzy,1,1,0,0
67618,mrfuzzy,0,0,0,0
67619,mrfuzzy,1,1,1,0
67620,mrfuzzy,1,1,1,1
67623,mrfuzzy,0,0,0,0
67626,mrfuzzy,0,0,0,0
67630,mrfuzzy,0,0,0,0
67633,mrfuzzy,1,1,1,1
67635,mrfuzzy,0,0,0,0
67636,mrfuzzy,0,0,0,0
67637,mrfuzzy,0,0,0,0
67651,mrfuzzy,0,0,0,0
67655,mrfuzzy,0,0,0,0
67656,mrfuzzy,1,1,1,1
67657,mrfuzzy,0,0,0,0
67658,mrfuzzy,0,0,0,0
67660,mrfuzzy,0,0,0,0
67661,lovebear,0,0,0,0
67668,mrfuzzy,0,0,0,0
67669,mrfuzzy,1,1,0,0
67670,mrfuzzy,1,1,0,0
67671,mrfuzzy,1,0,0,0
67674,mrfuzzy,0,0,0,0
67678,lovebear,1,0,0,0
67682,mrfuzzy,0,0,0,0
67684,mrfuzzy,1,1,1,0
67683,mrfuzzy,1,1,1,1
67685,mrfuzzy,1,1,1,1
67686,lovebear,0,0,0,0
67690,mrfuzzy,0,0,0,0
67694,mrfuzzy,1,1,1,0
67697,mrfuzzy,0,0,0,0
67699,mrfuzzy,1,1,1,1
67701,lovebear,1,1,0,0
67705,mrfuzzy,1,1,1,0
67706,mrfuzzy,0,0,0,0
67709,mrfuzzy,1,1,1,1
67713,mrfuzzy,1,1,0,0
67714,mrfuzzy,0,0,0,0
67715,mrfuzzy,1,1,1,1
67716,mrfuzzy,0,0,0,0
67718,mrfuzzy,1,1,1,0
67720,mrfuzzy,0,0,0,0
67723,mrfuzzy,0,0,0,0
67725,mrfuzzy,0,0,0,0
67731,mrfuzzy,0,0,0,0
67738,mrfuzzy,0,0,0,0
67741,mrfuzzy,1,1,1,0
67743,mrfuzzy,1,0,0,0
67745,mrfuzzy,1,1,1,1
67746,mrfuzzy,1,1,0,0
67749,mrfuzzy,0,0,0,0
67752,mrfuzzy,1,1,0,0
67753,mrfuzzy,1,0,0,0
67754,mrfuzzy,1,0,0,0
67755,mrfuzzy,1,0,0,0
67759,mrfuzzy,0,0,0,0
67762,mrfuzzy,0,0,0,0
67760,mrfuzzy,1,0,0,0
67764,mrfuzzy,0,0,0,0
67763,mrfuzzy,1,1,1,1
67766,mrfuzzy,1,0,0,0
67769,lovebear,0,0,0,0
67768,mrfuzzy,0,0,0,0
67772,mrfuzzy,0,0,0,0
67778,lovebear,0,0,0,0
67785,mrfuzzy,1,1,1,1
67786,mrfuzzy,1,1,1,1
67787,lovebear,1,1,1,0
67791,mrfuzzy,0,0,0,0
67792,mrfuzzy,0,0,0,0
67796,lovebear,1,1,0,0
67798,lovebear,1,1,1,0
67799,mrfuzzy,1,0,0,0
67801,mrfuzzy,1,1,1,1
67803,mrfuzzy,1,1,1,1
67805,mrfuzzy,1,1,1,1
67809,mrfuzzy,0,0,0,0
67816,mrfuzzy,0,0,0,0
67817,mrfuzzy,0,0,0,0
67821,mrfuzzy,1,1,1,1
67823,mrfuzzy,1,0,0,0
67827,mrfuzzy,0,0,0,0
67828,mrfuzzy,1,1,1,1
67833,mrfuzzy,0,0,0,0
67834,mrfuzzy,0,0,0,0
67838,lovebear,1,1,1,0
67837,mrfuzzy,1,0,0,0
67840,mrfuzzy,1,0,0,0
67841,mrfuzzy,1,1,1,1
67846,mrfuzzy,0,0,0,0
67848,mrfuzzy,0,0,0,0
67849,mrfuzzy,1,0,0,0
67852,mrfuzzy,0,0,0,0
67857,mrfuzzy,0,0,0,0
67858,mrfuzzy,0,0,0,0
67860,mrfuzzy,1,0,0,0
67862,mrfuzzy,0,0,0,0
67866,mrfuzzy,0,0,0,0
67867,mrfuzzy,0,0,0,0
67870,mrfuzzy,1,1,0,0
67872,mrfuzzy,0,0,0,0
67873,mrfuzzy,0,0,0,0
67875,mrfuzzy,0,0,0,0
67878,mrfuzzy,0,0,0,0
67882,mrfuzzy,1,1,1,1
67886,mrfuzzy,0,0,0,0
67890,mrfuzzy,1,1,1,0
67891,mrfuzzy,1,1,1,1
67892,lovebear,0,0,0,0
67894,mrfuzzy,1,0,0,0
67893,mrfuzzy,0,0,0,0
67895,mrfuzzy,1,0,0,0
67897,mrfuzzy,1,0,0,0
67900,lovebear,1,0,0,0
67901,mrfuzzy,0,0,0,0
67902,mrfuzzy,1,1,1,1
67904,mrfuzzy,0,0,0,0
67905,mrfuzzy,0,0,0,0
67906,lovebear,1,1,0,0
67907,mrfuzzy,0,0,0,0
67909,mrfuzzy,0,0,0,0
67910,mrfuzzy,0,0,0,0
67917,lovebear,1,0,0,0
67924,mrfuzzy,0,0,0,0
67926,mrfuzzy,0,0,0,0
67928,mrfuzzy,0,0,0,0
67932,mrfuzzy,0,0,0,0
67933,mrfuzzy,0,0,0,0
67936,mrfuzzy,0,0,0,0
67937,mrfuzzy,0,0,0,0
67939,mrfuzzy,1,1,0,0
67948,mrfuzzy,1,1,0,0
67951,mrfuzzy,0,0,0,0
67955,mrfuzzy,1,1,1,1
67956,mrfuzzy,0,0,0,0
67957,mrfuzzy,1,1,1,1
67969,mrfuzzy,0,0,0,0
67971,mrfuzzy,0,0,0,0
67973,mrfuzzy,0,0,0,0
67975,mrfuzzy,0,0,0,0
67974,mrfuzzy,1,1,1,0
67982,mrfuzzy,0,0,0,0
67983,mrfuzzy,0,0,0,0
67987,mrfuzzy,1,0,0,0
67989,mrfuzzy,1,1,1,0
67991,mrfuzzy,1,0,0,0
67990,mrfuzzy,1,1,1,0
67993,mrfuzzy,0,0,0,0
67994,lovebear,1,1,0,0
68001,mrfuzzy,0,0,0,0
68004,lovebear,1,1,1,0
68005,mrfuzzy,0,0,0,0
68006,mrfuzzy,0,0,0,0
68007,mrfuzzy,1,1,1,1
68008,mrfuzzy,0,0,0,0
68020,mrfuzzy,1,0,0,0
68019,mrfuzzy,1,1,1,1
68025,mrfuzzy,1,0,0,0
68032,mrfuzzy,0,0,0,0
68033,mrfuzzy,1,0,0,0
68035,mrfuzzy,0,0,0,0
68041,mrfuzzy,0,0,0,0
68044,mrfuzzy,0,0,0,0
68047,mrfuzzy,1,1,1,1
68048,lovebear,1,1,1,1
68050,mrfuzzy,1,0,0,0
68052,lovebear,0,0,0,0
68051,mrfuzzy,1,1,1,1
68058,mrfuzzy,1,1,0,0
68064,mrfuzzy,1,1,1,0
68066,mrfuzzy,0,0,0,0
68067,lovebear,1,0,0,0
68071,mrfuzzy,0,0,0,0
68072,mrfuzzy,0,0,0,0
68074,mrfuzzy,0,0,0,0
68077,mrfuzzy,1,0,0,0
68078,lovebear,1,1,1,1
68079,lovebear,1,1,1,1
68080,mrfuzzy,1,1,1,1
68081,mrfuzzy,0,0,0,0
68083,mrfuzzy,0,0,0,0
68086,lovebear,1,0,0,0
68087,lovebear,0,0,0,0
68092,mrfuzzy,0,0,0,0
68098,mrfuzzy,0,0,0,0
68099,mrfuzzy,1,1,1,0
68103,mrfuzzy,0,0,0,0
68105,mrfuzzy,1,1,0,0
68108,lovebear,0,0,0,0
68111,mrfuzzy,1,1,1,1
68117,mrfuzzy,0,0,0,0
68121,mrfuzzy,0,0,0,0
68123,mrfuzzy,1,1,1,0
68126,mrfuzzy,0,0,0,0
68131,mrfuzzy,1,1,1,1
68132,mrfuzzy,1,1,1,0
68134,mrfuzzy,0,0,0,0
68135,mrfuzzy,0,0,0,0
68137,mrfuzzy,0,0,0,0
68138,mrfuzzy,0,0,0,0
68140,mrfuzzy,1,1,1,1
68142,mrfuzzy,0,0,0,0
68143,mrfuzzy,1,1,1,1
68146,mrfuzzy,0,0,0,0
68147,mrfuzzy,1,1,1,0
68149,lovebear,1,0,0,0
68152,mrfuzzy,0,0,0,0
68156,mrfuzzy,1,0,0,0
68162,mrfuzzy,1,1,0,0
68163,mrfuzzy,0,0,0,0
68166,lovebear,0,0,0,0
68167,mrfuzzy,0,0,0,0
68169,lovebear,1,1,1,0
68171,mrfuzzy,0,0,0,0
68174,mrfuzzy,0,0,0,0
68177,mrfuzzy,0,0,0,0
68183,mrfuzzy,1,0,0,0
68182,mrfuzzy,0,0,0,0
68185,lovebear,1,1,1,1
68191,mrfuzzy,0,0,0,0
68193,mrfuzzy,0,0,0,0
68196,mrfuzzy,0,0,0,0
68202,mrfuzzy,0,0,0,0
68201,mrfuzzy,1,1,0,0
68206,mrfuzzy,0,0,0,0
68207,mrfuzzy,1,1,1,1
68214,lovebear,0,0,0,0
68218,mrfuzzy,0,0,0,0
68221,mrfuzzy,0,0,0,0
68223,lovebear,0,0,0,0
68225,lovebear,0,0,0,0
68226,mrfuzzy,1,1,0,0
68224,mrfuzzy,0,0,0,0
68227,mrfuzzy,0,0,0,0
68229,mrfuzzy,0,0,0,0
68230,mrfuzzy,1,1,1,0
68235,mrfuzzy,0,0,0,0
68236,mrfuzzy,0,0,0,0
68239,mrfuzzy,0,0,0,0
68245,mrfuzzy,0,0,0,0
68250,mrfuzzy,1,1,1,1
68251,mrfuzzy,0,0,0,0
68252,mrfuzzy,0,0,0,0
68257,mrfuzzy,0,0,0,0
68261,mrfuzzy,0,0,0,0
68262,mrfuzzy,0,0,0,0
68263,mrfuzzy,0,0,0,0
68264,mrfuzzy,1,1,0,0
68266,mrfuzzy,1,1,1,0
68267,lovebear,1,1,1,1
68270,lovebear,1,0,0,0
68271,mrfuzzy,0,0,0,0
68276,mrfuzzy,1,1,1,1
68275,mrfuzzy,1,0,0,0
68278,mrfuzzy,0,0,0,0
68279,mrfuzzy,0,0,0,0
68281,mrfuzzy,0,0,0,0
68284,mrfuzzy,1,1,1,1
68289,mrfuzzy,0,0,0,0
68291,mrfuzzy,1,1,1,0
68295,mrfuzzy,0,0,0,0
68296,mrfuzzy,0,0,0,0
68298,mrfuzzy,0,0,0,0
68300,mrfuzzy,1,0,0,0
68302,mrfuzzy,0,0,0,0
68306,mrfuzzy,0,0,0,0
68313,mrfuzzy,0,0,0,0
68315,mrfuzzy,1,0,0,0
68317,mrfuzzy,0,0,0,0
68320,mrfuzzy,0,0,0,0
68321,lovebear,0,0,0,0
68326,mrfuzzy,0,0,0,0
68331,mrfuzzy,1,1,1,1
68333,mrfuzzy,0,0,0,0
68336,mrfuzzy,1,1,1,0
68341,mrfuzzy,0,0,0,0
68342,mrfuzzy,0,0,0,0
68345,mrfuzzy,1,1,1,1
68346,mrfuzzy,1,0,0,0
68349,mrfuzzy,0,0,0,0
68350,lovebear,0,0,0,0
68351,mrfuzzy,0,0,0,0
68352,mrfuzzy,1,1,1,0
68357,mrfuzzy,0,0,0,0
68368,mrfuzzy,0,0,0,0
68372,mrfuzzy,0,0,0,0
68373,mrfuzzy,0,0,0,0
68376,mrfuzzy,0,0,0,0
68377,mrfuzzy,0,0,0,0
68384,mrfuzzy,0,0,0,0
68386,mrfuzzy,0,0,0,0
68388,mrfuzzy,0,0,0,0
68389,mrfuzzy,0,0,0,0
68390,mrfuzzy,1,1,0,0
68392,lovebear,1,1,1,0
68396,mrfuzzy,0,0,0,0
68395,mrfuzzy,1,1,1,0
68397,mrfuzzy,0,0,0,0
68401,mrfuzzy,0,0,0,0
68402,lovebear,1,1,1,1
68400,mrfuzzy,1,1,0,0
68403,mrfuzzy,1,1,0,0
68404,mrfuzzy,1,1,1,0
68409,mrfuzzy,0,0,0,0
68408,lovebear,0,0,0,0
68410,lovebear,0,0,0,0
68411,mrfuzzy,1,1,1,1
68412,mrfuzzy,1,1,1,1
68417,mrfuzzy,1,1,1,0
68420,mrfuzzy,1,1,1,0
68421,mrfuzzy,1,1,1,1
68419,mrfuzzy,0,0,0,0
68423,mrfuzzy,0,0,0,0
68425,mrfuzzy,0,0,0,0
68430,mrfuzzy,0,0,0,0
68434,mrfuzzy,1,1,0,0
68435,mrfuzzy,0,0,0,0
68436,mrfuzzy,1,0,0,0
68440,mrfuzzy,0,0,0,0
68441,mrfuzzy,1,1,0,0
68445,lovebear,0,0,0,0
68449,mrfuzzy,0,0,0,0
68450,mrfuzzy,1,0,0,0
68451,mrfuzzy,0,0,0,0
68452,lovebear,0,0,0,0
68455,mrfuzzy,0,0,0,0
68456,mrfuzzy,1,0,0,0
68459,mrfuzzy,0,0,0,0
68461,mrfuzzy,1,1,1,1
68462,lovebear,0,0,0,0
68465,mrfuzzy,1,0,0,0
68474,mrfuzzy,0,0,0,0
68478,mrfuzzy,1,1,1,1
68481,mrfuzzy,1,1,1,0
68482,mrfuzzy,1,1,0,0
68486,mrfuzzy,0,0,0,0
68489,mrfuzzy,0,0,0,0
68487,mrfuzzy,0,0,0,0
68491,mrfuzzy,0,0,0,0
68492,mrfuzzy,0,0,0,0
68493,mrfuzzy,0,0,0,0
68494,mrfuzzy,1,1,1,1
68496,mrfuzzy,0,0,0,0
68497,mrfuzzy,0,0,0,0
68499,mrfuzzy,1,1,1,0
68503,mrfuzzy,1,0,0,0
68505,mrfuzzy,0,0,0,0
68508,mrfuzzy,0,0,0,0
68509,lovebear,1,1,1,0
68510,mrfuzzy,0,0,0,0
68512,mrfuzzy,0,0,0,0
68513,mrfuzzy,0,0,0,0
68516,mrfuzzy,0,0,0,0
68518,mrfuzzy,1,0,0,0
68521,mrfuzzy,0,0,0,0
68523,mrfuzzy,1,0,0,0
68527,mrfuzzy,1,1,1,1
68533,mrfuzzy,1,0,0,0
68537,mrfuzzy,0,0,0,0
68540,mrfuzzy,0,0,0,0
68542,mrfuzzy,0,0,0,0
68546,mrfuzzy,1,1,1,1
68543,mrfuzzy,0,0,0,0
68545,mrfuzzy,0,0,0,0
68549,mrfuzzy,1,1,1,1
68554,mrfuzzy,0,0,0,0
68555,mrfuzzy,0,0,0,0
68557,mrfuzzy,1,1,1,0
68558,mrfuzzy,0,0,0,0
68559,mrfuzzy,1,1,1,1
68561,mrfuzzy,1,0,0,0
68563,mrfuzzy,0,0,0,0
68566,mrfuzzy,0,0,0,0
68569,lovebear,0,0,0,0
68571,lovebear,0,0,0,0
68570,mrfuzzy,1,1,1,1
68575,mrfuzzy,0,0,0,0
68576,lovebear,1,0,0,0
68580,mrfuzzy,0,0,0,0
68582,mrfuzzy,0,0,0,0
68583,mrfuzzy,0,0,0,0
68587,lovebear,0,0,0,0
68588,mrfuzzy,1,1,0,0
68590,mrfuzzy,0,0,0,0
68593,mrfuzzy,0,0,0,0
68594,mrfuzzy,0,0,0,0
68595,mrfuzzy,1,0,0,0
68596,mrfuzzy,1,1,1,0
68599,mrfuzzy,0,0,0,0
68601,mrfuzzy,1,0,0,0
68602,mrfuzzy,0,0,0,0
68603,mrfuzzy,1,0,0,0
68605,mrfuzzy,0,0,0,0
68608,mrfuzzy,0,0,0,0
68609,mrfuzzy,0,0,0,0
68611,mrfuzzy,0,0,0,0
68613,mrfuzzy,0,0,0,0
68615,mrfuzzy,1,0,0,0
68617,mrfuzzy,0,0,0,0
68618,mrfuzzy,0,0,0,0
68620,mrfuzzy,0,0,0,0
68628,lovebear,0,0,0,0
68626,mrfuzzy,0,0,0,0
68629,mrfuzzy,1,1,0,0
68630,mrfuzzy,0,0,0,0
68633,mrfuzzy,1,1,0,0
68632,mrfuzzy,1,1,1,1
68634,mrfuzzy,1,0,0,0
68638,mrfuzzy,1,1,1,1
68641,mrfuzzy,0,0,0,0
68642,mrfuzzy,0,0,0,0
68643,mrfuzzy,1,1,1,0
68644,mrfuzzy,1,1,0,0
68646,mrfuzzy,0,0,0,0
68647,mrfuzzy,0,0,0,0
68649,mrfuzzy,1,0,0,0
68651,mrfuzzy,0,0,0,0
68654,mrfuzzy,0,0,0,0
68656,mrfuzzy,0,0,0,0
68665,mrfuzzy,0,0,0,0
68664,mrfuzzy,1,1,0,0
68669,mrfuzzy,0,0,0,0
68674,mrfuzzy,1,1,1,0
68677,mrfuzzy,0,0,0,0
68683,mrfuzzy,1,1,1,0
68689,lovebear,1,0,0,0
68695,mrfuzzy,0,0,0,0
68696,mrfuzzy,1,1,1,1
68698,mrfuzzy,1,1,0,0
68700,mrfuzzy,1,0,0,0
68703,mrfuzzy,0,0,0,0
68705,mrfuzzy,0,0,0,0
68708,mrfuzzy,0,0,0,0
68711,mrfuzzy,0,0,0,0
68712,lovebear,0,0,0,0
68713,mrfuzzy,0,0,0,0
68716,mrfuzzy,1,0,0,0
68719,lovebear,1,1,1,1
68717,mrfuzzy,0,0,0,0
68721,mrfuzzy,0,0,0,0
68718,mrfuzzy,0,0,0,0
68724,mrfuzzy,0,0,0,0
68728,mrfuzzy,0,0,0,0
68727,mrfuzzy,0,0,0,0
68731,mrfuzzy,1,0,0,0
68730,lovebear,1,1,1,0
68733,mrfuzzy,1,0,0,0
68732,mrfuzzy,0,0,0,0
68734,mrfuzzy,1,0,0,0
68736,lovebear,0,0,0,0
68737,mrfuzzy,1,1,0,0
68745,lovebear,0,0,0,0
68750,mrfuzzy,1,0,0,0
68747,mrfuzzy,0,0,0,0
68751,mrfuzzy,1,1,1,1
68752,mrfuzzy,1,1,1,1
68753,mrfuzzy,0,0,0,0
68763,mrfuzzy,0,0,0,0
68766,mrfuzzy,1,1,1,0
68771,mrfuzzy,1,0,0,0
68769,mrfuzzy,0,0,0,0
68776,mrfuzzy,1,0,0,0
68779,mrfuzzy,1,1,1,0
68781,lovebear,0,0,0,0
68783,mrfuzzy,0,0,0,0
68786,mrfuzzy,0,0,0,0
68789,mrfuzzy,0,0,0,0
68790,mrfuzzy,1,1,0,0
68791,mrfuzzy,1,1,1,1
68792,mrfuzzy,0,0,0,0
68794,mrfuzzy,0,0,0,0
68798,mrfuzzy,1,0,0,0
68797,lovebear,1,0,0,0
68800,mrfuzzy,0,0,0,0
68802,lovebear,0,0,0,0
68803,lovebear,1,1,1,1
68807,mrfuzzy,1,1,1,0
68810,mrfuzzy,0,0,0,0
68811,lovebear,0,0,0,0
68812,mrfuzzy,1,1,1,0
68815,mrfuzzy,1,1,1,0
68817,mrfuzzy,0,0,0,0
68822,mrfuzzy,0,0,0,0
68826,mrfuzzy,1,1,1,1
68827,mrfuzzy,1,1,1,0
68830,lovebear,1,0,0,0
68832,mrfuzzy,0,0,0,0
68835,lovebear,1,1,0,0
68840,mrfuzzy,0,0,0,0
68842,mrfuzzy,0,0,0,0
68843,mrfuzzy,0,0,0,0
68845,lovebear,0,0,0,0
68844,mrfuzzy,0,0,0,0
68847,mrfuzzy,1,1,1,1
68849,mrfuzzy,0,0,0,0
68850,mrfuzzy,1,1,1,1
68851,mrfuzzy,0,0,0,0
68852,mrfuzzy,0,0,0,0
68856,lovebear,0,0,0,0
68855,mrfuzzy,0,0,0,0
68858,mrfuzzy,0,0,0,0
68862,mrfuzzy,0,0,0,0
68864,mrfuzzy,0,0,0,0
68865,mrfuzzy,0,0,0,0
68867,mrfuzzy,0,0,0,0
68868,mrfuzzy,0,0,0,0
68869,mrfuzzy,0,0,0,0
68870,mrfuzzy,1,1,1,1
68872,mrfuzzy,1,1,1,0
68876,mrfuzzy,0,0,0,0
68880,lovebear,0,0,0,0
68886,mrfuzzy,0,0,0,0
68889,mrfuzzy,0,0,0,0
68894,mrfuzzy,0,0,0,0
68895,mrfuzzy,1,0,0,0
68897,mrfuzzy,1,0,0,0
68899,mrfuzzy,0,0,0,0
68907,mrfuzzy,1,1,1,1
68913,mrfuzzy,1,1,0,0
68911,mrfuzzy,1,0,0,0
68915,mrfuzzy,1,1,1,1
68916,mrfuzzy,0,0,0,0
68917,mrfuzzy,0,0,0,0
68924,mrfuzzy,1,1,1,1
68926,mrfuzzy,1,1,1,1
68927,lovebear,1,1,1,1
68930,lovebear,1,0,0,0
68939,mrfuzzy,0,0,0,0
68937,mrfuzzy,0,0,0,0
68942,mrfuzzy,0,0,0,0
68943,mrfuzzy,0,0,0,0
68946,mrfuzzy,0,0,0,0
68950,mrfuzzy,0,0,0,0
68951,mrfuzzy,1,1,1,1
68953,mrfuzzy,0,0,0,0
68956,lovebear,0,0,0,0
68965,mrfuzzy,0,0,0,0
68968,mrfuzzy,1,0,0,0
68969,mrfuzzy,0,0,0,0
68972,mrfuzzy,0,0,0,0
68973,mrfuzzy,0,0,0,0
68975,mrfuzzy,1,0,0,0
68977,mrfuzzy,0,0,0,0
68980,mrfuzzy,0,0,0,0
68981,mrfuzzy,1,1,1,0
68987,mrfuzzy,0,0,0,0
68988,mrfuzzy,0,0,0,0
68995,mrfuzzy,0,0,0,0
68998,lovebear,0,0,0,0
69001,mrfuzzy,0,0,0,0
69002,mrfuzzy,1,1,1,1
69005,mrfuzzy,1,1,1,1
69007,mrfuzzy,1,0,0,0
69008,mrfuzzy,1,1,1,1
69009,lovebear,0,0,0,0
69011,mrfuzzy,0,0,0,0
69010,mrfuzzy,0,0,0,0
69012,mrfuzzy,1,1,1,1
69015,mrfuzzy,0,0,0,0
69013,mrfuzzy,0,0,0,0
69018,mrfuzzy,1,1,1,0
69023,mrfuzzy,0,0,0,0
69027,mrfuzzy,1,1,0,0
69028,mrfuzzy,1,0,0,0
69029,mrfuzzy,1,1,1,1
69033,mrfuzzy,1,1,0,0
69036,mrfuzzy,1,1,1,1
69037,mrfuzzy,0,0,0,0
69039,mrfuzzy,0,0,0,0
69042,mrfuzzy,1,1,1,1
69048,mrfuzzy,0,0,0,0
69049,lovebear,1,1,1,1
69053,mrfuzzy,1,1,1,1
69055,mrfuzzy,1,1,1,0
69057,mrfuzzy,1,1,1,1
69059,lovebear,0,0,0,0
69060,mrfuzzy,0,0,0,0
69063,mrfuzzy,0,0,0,0
69065,mrfuzzy,1,1,1,1
69066,mrfuzzy,0,0,0,0
69072,lovebear,0,0,0,0
69074,mrfuzzy,0,0,0,0
69075,mrfuzzy,0,0,0,0
69077,mrfuzzy,1,1,1,1
69078,lovebear,1,1,0,0
69079,mrfuzzy,1,0,0,0
69081,mrfuzzy,1,1,1,0
69083,mrfuzzy,1,1,1,1
69086,mrfuzzy,0,0,0,0
69087,mrfuzzy,1,1,0,0
69088,mrfuzzy,0,0,0,0
69095,lovebear,0,0,0,0
69101,mrfuzzy,0,0,0,0
69102,lovebear,1,0,0,0
69106,mrfuzzy,0,0,0,0
69110,lovebear,0,0,0,0
69112,mrfuzzy,0,0,0,0
69118,mrfuzzy,1,1,0,0
69119,mrfuzzy,1,0,0,0
69120,mrfuzzy,1,1,1,0
69123,mrfuzzy,0,0,0,0
69129,mrfuzzy,0,0,0,0
69130,mrfuzzy,0,0,0,0
69135,mrfuzzy,0,0,0,0
69139,mrfuzzy,0,0,0,0
69142,mrfuzzy,1,0,0,0
69144,mrfuzzy,0,0,0,0
69146,lovebear,1,1,1,0
69151,mrfuzzy,0,0,0,0
69154,mrfuzzy,1,1,1,0
69157,mrfuzzy,1,1,1,1
69156,lovebear,1,1,1,1
69160,mrfuzzy,0,0,0,0
69162,mrfuzzy,0,0,0,0
69169,mrfuzzy,0,0,0,0
69171,mrfuzzy,0,0,0,0
69174,mrfuzzy,1,0,0,0
69175,mrfuzzy,0,0,0,0
69179,mrfuzzy,0,0,0,0
69183,lovebear,0,0,0,0
69185,mrfuzzy,0,0,0,0
69188,lovebear,0,0,0,0
69189,mrfuzzy,1,1,0,0
69191,mrfuzzy,1,1,1,1
69192,lovebear,0,0,0,0
69202,mrfuzzy,0,0,0,0
69201,mrfuzzy,1,1,0,0
69205,mrfuzzy,0,0,0,0
69208,mrfuzzy,0,0,0,0
69209,mrfuzzy,0,0,0,0
69211,mrfuzzy,1,1,1,0
69212,lovebear,0,0,0,0
69215,mrfuzzy,0,0,0,0
69222,mrfuzzy,0,0,0,0
69224,mrfuzzy,1,0,0,0
69226,mrfuzzy,1,0,0,0
69228,mrfuzzy,0,0,0,0
69231,mrfuzzy,0,0,0,0
69236,mrfuzzy,1,1,1,0
69239,mrfuzzy,1,1,1,1
69243,mrfuzzy,1,1,1,1
69244,mrfuzzy,0,0,0,0
69246,mrfuzzy,0,0,0,0
69249,mrfuzzy,1,1,1,1
69252,mrfuzzy,0,0,0,0
69253,mrfuzzy,0,0,0,0
69257,mrfuzzy,1,1,1,0
69258,lovebear,1,1,0,0
69262,lovebear,1,1,1,0
69264,mrfuzzy,1,0,0,0
69267,mrfuzzy,1,1,1,1
69268,mrfuzzy,0,0,0,0
69271,mrfuzzy,0,0,0,0
69274,mrfuzzy,1,0,0,0
69277,lovebear,1,1,1,1
69280,mrfuzzy,1,1,0,0
69279,mrfuzzy,1,1,1,1
69285,mrfuzzy,1,1,1,0
69290,mrfuzzy,1,1,1,1
69291,mrfuzzy,0,0,0,0
69293,mrfuzzy,0,0,0,0
69296,mrfuzzy,1,1,1,1
69300,mrfuzzy,1,1,0,0
69301,mrfuzzy,0,0,0,0
69307,mrfuzzy,1,0,0,0
69313,mrfuzzy,1,1,1,0
69314,lovebear,1,0,0,0
69315,mrfuzzy,0,0,0,0
69319,mrfuzzy,0,0,0,0
69321,mrfuzzy,0,0,0,0
69323,mrfuzzy,0,0,0,0
69326,mrfuzzy,0,0,0,0
69329,mrfuzzy,1,1,0,0
69330,mrfuzzy,0,0,0,0
69332,mrfuzzy,0,0,0,0
69334,mrfuzzy,1,0,0,0
69337,mrfuzzy,0,0,0,0
69336,mrfuzzy,1,1,1,1
69341,mrfuzzy,1,0,0,0
69342,mrfuzzy,1,1,1,0
69348,mrfuzzy,1,1,1,0
69349,mrfuzzy,0,0,0,0
69359,mrfuzzy,1,1,1,1
69360,mrfuzzy,1,0,0,0
69367,mrfuzzy,1,1,1,1
69372,mrfuzzy,0,0,0,0
69373,mrfuzzy,0,0,0,0
69374,mrfuzzy,1,1,1,1
69376,mrfuzzy,0,0,0,0
69377,mrfuzzy,0,0,0,0
69379,mrfuzzy,0,0,0,0
69382,mrfuzzy,1,0,0,0
69392,lovebear,1,1,1,1
69390,mrfuzzy,1,1,1,0
69387,mrfuzzy,1,1,1,1
69397,lovebear,0,0,0,0
69398,mrfuzzy,1,1,1,0
69402,mrfuzzy,0,0,0,0
69404,mrfuzzy,1,0,0,0
69403,mrfuzzy,0,0,0,0
69406,mrfuzzy,0,0,0,0
69411,mrfuzzy,0,0,0,0
69413,mrfuzzy,0,0,0,0
69414,mrfuzzy,1,1,1,0
69416,mrfuzzy,1,1,1,1
69419,mrfuzzy,1,1,1,1
69421,mrfuzzy,1,0,0,0
69422,mrfuzzy,0,0,0,0
69430,mrfuzzy,1,1,1,1
69434,mrfuzzy,0,0,0,0
69440,mrfuzzy,0,0,0,0
69442,mrfuzzy,0,0,0,0
69444,mrfuzzy,0,0,0,0
69447,mrfuzzy,1,1,1,1
69448,mrfuzzy,0,0,0,0
69449,mrfuzzy,1,1,1,1
69452,mrfuzzy,1,1,1,0
69456,mrfuzzy,0,0,0,0
69459,mrfuzzy,0,0,0,0
69460,mrfuzzy,0,0,0,0
69461,lovebear,0,0,0,0
69462,mrfuzzy,0,0,0,0
69463,mrfuzzy,0,0,0,0
69464,mrfuzzy,0,0,0,0
69470,mrfuzzy,1,1,1,0
69471,mrfuzzy,0,0,0,0
69473,mrfuzzy,0,0,0,0
69474,mrfuzzy,0,0,0,0
69476,mrfuzzy,0,0,0,0
69480,mrfuzzy,1,1,1,1
69484,mrfuzzy,1,1,0,0
69483,mrfuzzy,1,1,1,0
69491,lovebear,1,1,1,0
69493,mrfuzzy,0,0,0,0
69497,mrfuzzy,1,1,0,0
69495,mrfuzzy,1,0,0,0
69498,mrfuzzy,0,0,0,0
69501,mrfuzzy,0,0,0,0
69503,mrfuzzy,1,1,1,1
69506,mrfuzzy,0,0,0,0
69513,mrfuzzy,1,0,0,0
69515,lovebear,1,1,1,1
69518,mrfuzzy,1,0,0,0
69520,mrfuzzy,1,1,1,0
69523,lovebear,1,1,1,1
69529,mrfuzzy,0,0,0,0
69530,mrfuzzy,1,1,1,0
69531,lovebear,0,0,0,0
69533,mrfuzzy,1,1,1,1
69538,mrfuzzy,0,0,0,0
69537,mrfuzzy,0,0,0,0
69541,mrfuzzy,0,0,0,0
69544,mrfuzzy,1,1,1,1
69546,mrfuzzy,1,1,1,1
69548,lovebear,1,0,0,0
69549,lovebear,0,0,0,0
69551,mrfuzzy,1,0,0,0
69554,lovebear,1,1,1,1
69555,mrfuzzy,1,0,0,0
69556,mrfuzzy,0,0,0,0
69557,mrfuzzy,0,0,0,0
69558,mrfuzzy,1,1,1,1
69566,mrfuzzy,1,0,0,0
69576,mrfuzzy,0,0,0,0
69575,mrfuzzy,0,0,0,0
69578,lovebear,0,0,0,0
69584,mrfuzzy,0,0,0,0
69583,mrfuzzy,0,0,0,0
69581,mrfuzzy,1,0,0,0
69582,mrfuzzy,0,0,0,0
69588,lovebear,0,0,0,0
69592,mrfuzzy,0,0,0,0
69594,mrfuzzy,1,1,1,1
69595,lovebear,1,1,1,1
69596,lovebear,0,0,0,0
69599,mrfuzzy,0,0,0,0
69603,mrfuzzy,1,0,0,0
69606,mrfuzzy,0,0,0,0
69608,mrfuzzy,1,1,1,1
69605,mrfuzzy,0,0,0,0
69609,mrfuzzy,1,1,1,0
69610,mrfuzzy,0,0,0,0
69611,mrfuzzy,0,0,0,0
69612,mrfuzzy,0,0,0,0
69615,mrfuzzy,0,0,0,0
69617,mrfuzzy,0,0,0,0
69618,mrfuzzy,1,0,0,0
69623,mrfuzzy,1,1,1,1
69624,lovebear,1,1,1,1
69625,mrfuzzy,1,1,0,0
69626,mrfuzzy,0,0,0,0
69631,mrfuzzy,1,1,1,0
69634,mrfuzzy,0,0,0,0
69635,mrfuzzy,1,1,1,1
69639,mrfuzzy,1,0,0,0
69641,mrfuzzy,0,0,0,0
69648,mrfuzzy,1,0,0,0
69649,mrfuzzy,0,0,0,0
69657,mrfuzzy,0,0,0,0
69656,lovebear,0,0,0,0
69658,mrfuzzy,0,0,0,0
69663,mrfuzzy,0,0,0,0
69664,mrfuzzy,1,0,0,0
69665,mrfuzzy,0,0,0,0
69673,mrfuzzy,0,0,0,0
69674,mrfuzzy,1,1,1,0
69678,mrfuzzy,0,0,0,0
69679,mrfuzzy,0,0,0,0
69682,mrfuzzy,1,0,0,0
69683,mrfuzzy,0,0,0,0
69686,mrfuzzy,1,1,1,1
69688,mrfuzzy,0,0,0,0
69692,lovebear,1,0,0,0
69694,mrfuzzy,0,0,0,0
69695,mrfuzzy,0,0,0,0
69699,mrfuzzy,0,0,0,0
69703,mrfuzzy,1,1,0,0
69705,mrfuzzy,1,0,0,0
69711,mrfuzzy,0,0,0,0
69714,mrfuzzy,1,0,0,0
69717,mrfuzzy,0,0,0,0
69716,mrfuzzy,0,0,0,0
69719,mrfuzzy,1,0,0,0
69722,mrfuzzy,0,0,0,0
69726,mrfuzzy,0,0,0,0
69727,mrfuzzy,1,0,0,0
69731,mrfuzzy,1,0,0,0
69735,mrfuzzy,0,0,0,0
69736,mrfuzzy,0,0,0,0
69740,mrfuzzy,1,0,0,0
69742,mrfuzzy,1,1,0,0
69743,mrfuzzy,1,0,0,0
69748,mrfuzzy,1,1,1,0
69752,mrfuzzy,1,1,1,1
69753,mrfuzzy,0,0,0,0
69754,mrfuzzy,0,0,0,0
69755,lovebear,1,1,0,0
69756,mrfuzzy,0,0,0,0
69758,mrfuzzy,1,0,0,0
69760,mrfuzzy,0,0,0,0
69764,mrfuzzy,0,0,0,0
69767,mrfuzzy,1,1,1,0
69766,mrfuzzy,0,0,0,0
69774,mrfuzzy,1,0,0,0
69777,lovebear,1,1,0,0
69778,mrfuzzy,0,0,0,0
69785,mrfuzzy,0,0,0,0
69788,mrfuzzy,1,1,1,0
69792,lovebear,1,1,0,0
69797,mrfuzzy,1,1,0,0
69799,mrfuzzy,0,0,0,0
69801,mrfuzzy,0,0,0,0
69806,mrfuzzy,1,0,0,0
69807,mrfuzzy,0,0,0,0
69812,mrfuzzy,1,1,1,0
69813,mrfuzzy,0,0,0,0
69815,mrfuzzy,1,0,0,0
69819,mrfuzzy,1,1,1,0
69823,mrfuzzy,0,0,0,0
69824,mrfuzzy,1,1,0,0
69826,mrfuzzy,0,0,0,0
69827,mrfuzzy,1,1,1,1
69831,mrfuzzy,0,0,0,0
69836,mrfuzzy,1,0,0,0
69844,mrfuzzy,1,0,0,0
69847,mrfuzzy,0,0,0,0
69846,mrfuzzy,1,1,1,0
69848,mrfuzzy,1,1,1,1
69843,mrfuzzy,0,0,0,0
69849,mrfuzzy,1,0,0,0
69851,mrfuzzy,0,0,0,0
69850,mrfuzzy,0,0,0,0
69854,mrfuzzy,0,0,0,0
69857,mrfuzzy,1,1,1,1
69859,mrfuzzy,0,0,0,0
69856,lovebear,1,1,1,0
69860,mrfuzzy,0,0,0,0
69866,mrfuzzy,1,1,1,0
69867,mrfuzzy,0,0,0,0
69872,lovebear,0,0,0,0
69874,mrfuzzy,0,0,0,0
69878,mrfuzzy,1,1,1,1
69881,mrfuzzy,0,0,0,0
69891,mrfuzzy,1,1,1,1
69892,mrfuzzy,1,0,0,0
69894,mrfuzzy,1,1,1,1
69895,mrfuzzy,0,0,0,0
69897,mrfuzzy,0,0,0,0
69901,mrfuzzy,1,1,1,1
69904,lovebear,0,0,0,0
69905,mrfuzzy,0,0,0,0
69906,mrfuzzy,0,0,0,0
69908,mrfuzzy,0,0,0,0
69909,mrfuzzy,0,0,0,0
69911,mrfuzzy,1,1,1,1
69912,lovebear,1,1,1,1
69917,mrfuzzy,0,0,0,0
69921,mrfuzzy,1,1,1,1
69931,mrfuzzy,0,0,0,0
69934,mrfuzzy,1,1,1,1
69935,mrfuzzy,0,0,0,0
69938,mrfuzzy,0,0,0,0
69939,mrfuzzy,1,1,1,0
69941,mrfuzzy,1,1,0,0
69944,lovebear,0,0,0,0
69945,mrfuzzy,0,0,0,0
69947,mrfuzzy,0,0,0,0
69950,mrfuzzy,0,0,0,0
69951,mrfuzzy,1,0,0,0
69952,lovebear,1,1,0,0
69955,lovebear,0,0,0,0
69956,mrfuzzy,0,0,0,0
69958,mrfuzzy,0,0,0,0
69962,mrfuzzy,0,0,0,0
69964,mrfuzzy,0,0,0,0
69965,mrfuzzy,1,1,1,0
69966,mrfuzzy,1,0,0,0
69967,mrfuzzy,1,1,1,1
69968,mrfuzzy,0,0,0,0
69970,mrfuzzy,0,0,0,0
69972,mrfuzzy,1,1,0,0
69974,mrfuzzy,1,0,0,0
69978,lovebear,1,1,0,0
69980,mrfuzzy,0,0,0,0
69981,mrfuzzy,0,0,0,0
69984,lovebear,1,0,0,0
69985,mrfuzzy,1,1,1,1
69987,mrfuzzy,1,1,1,0
69986,mrfuzzy,1,1,0,0
69988,mrfuzzy,1,1,1,1
69989,mrfuzzy,1,1,1,1
69992,mrfuzzy,1,0,0,0
69993,lovebear,1,1,1,1
69994,mrfuzzy,0,0,0,0
69995,mrfuzzy,0,0,0,0
69996,mrfuzzy,1,1,1,0
70003,mrfuzzy,0,0,0,0
70004,mrfuzzy,0,0,0,0
70005,mrfuzzy,1,1,1,1
70008,mrfuzzy,0,0,0,0
70010,lovebear,0,0,0,0
70013,mrfuzzy,0,0,0,0
70016,mrfuzzy,1,1,1,1
70015,mrfuzzy,1,1,1,1
70017,mrfuzzy,1,1,1,1
70018,mrfuzzy,0,0,0,0
70019,mrfuzzy,1,1,1,0
70021,mrfuzzy,1,0,0,0
70022,lovebear,1,0,0,0
70024,lovebear,1,1,1,0
70025,mrfuzzy,1,1,1,1
70027,lovebear,1,1,1,0
70028,mrfuzzy,0,0,0,0
70029,mrfuzzy,0,0,0,0
70030,mrfuzzy,1,1,1,1
70031,mrfuzzy,0,0,0,0
70033,mrfuzzy,1,1,1,1
70034,mrfuzzy,1,1,1,1
70035,lovebear,1,1,0,0
70036,mrfuzzy,1,0,0,0
70037,mrfuzzy,1,0,0,0
70044,mrfuzzy,0,0,0,0
70045,lovebear,1,1,0,0
70047,mrfuzzy,0,0,0,0
70048,mrfuzzy,0,0,0,0
70049,mrfuzzy,0,0,0,0
70052,mrfuzzy,0,0,0,0
70054,mrfuzzy,0,0,0,0
70056,mrfuzzy,0,0,0,0
70058,mrfuzzy,0,0,0,0
70059,mrfuzzy,0,0,0,0
70064,mrfuzzy,0,0,0,0
70071,mrfuzzy,1,1,0,0
70070,mrfuzzy,0,0,0,0
70073,mrfuzzy,1,0,0,0
70077,lovebear,0,0,0,0
70079,mrfuzzy,1,1,1,1
70078,mrfuzzy,1,0,0,0
70080,mrfuzzy,1,0,0,0
70083,mrfuzzy,1,1,1,1
70085,mrfuzzy,0,0,0,0
70092,mrfuzzy,0,0,0,0
70091,mrfuzzy,0,0,0,0
70094,mrfuzzy,0,0,0,0
70096,mrfuzzy,0,0,0,0
70098,mrfuzzy,0,0,0,0
70097,mrfuzzy,1,0,0,0
70100,mrfuzzy,0,0,0,0
70104,mrfuzzy,0,0,0,0
70112,mrfuzzy,1,1,1,1
70110,mrfuzzy,0,0,0,0
70113,mrfuzzy,1,0,0,0
70115,lovebear,1,1,0,0
70120,mrfuzzy,0,0,0,0
70123,mrfuzzy,0,0,0,0
70126,mrfuzzy,1,1,1,0
70130,mrfuzzy,1,0,0,0
70131,mrfuzzy,0,0,0,0
70132,mrfuzzy,0,0,0,0
70134,mrfuzzy,0,0,0,0
70136,mrfuzzy,0,0,0,0
70140,mrfuzzy,1,1,0,0
70141,mrfuzzy,0,0,0,0
70142,mrfuzzy,1,1,1,1
70144,mrfuzzy,0,0,0,0
70143,mrfuzzy,0,0,0,0
70145,mrfuzzy,1,1,1,0
70147,mrfuzzy,1,1,1,0
70150,mrfuzzy,0,0,0,0
70155,mrfuzzy,1,0,0,0
70169,mrfuzzy,1,1,1,1
70174,lovebear,0,0,0,0
70177,mrfuzzy,0,0,0,0
70178,mrfuzzy,1,0,0,0
70184,mrfuzzy,0,0,0,0
70186,lovebear,0,0,0,0
70187,mrfuzzy,1,1,1,1
70188,mrfuzzy,1,1,1,0
70190,lovebear,1,1,0,0
70191,mrfuzzy,1,0,0,0
70195,mrfuzzy,1,1,0,0
70201,mrfuzzy,0,0,0,0
70205,mrfuzzy,1,1,1,1
70209,mrfuzzy,0,0,0,0
70211,mrfuzzy,0,0,0,0
70214,mrfuzzy,1,0,0,0
70215,mrfuzzy,1,1,1,1
70219,mrfuzzy,0,0,0,0
70222,mrfuzzy,0,0,0,0
70223,mrfuzzy,0,0,0,0
70226,mrfuzzy,1,0,0,0
70227,mrfuzzy,0,0,0,0
70233,mrfuzzy,0,0,0,0
70235,mrfuzzy,0,0,0,0
70240,mrfuzzy,0,0,0,0
70243,mrfuzzy,0,0,0,0
70246,mrfuzzy,0,0,0,0
70249,mrfuzzy,0,0,0,0
70251,mrfuzzy,1,1,1,1
70250,mrfuzzy,0,0,0,0
70252,mrfuzzy,0,0,0,0
70256,mrfuzzy,1,1,1,1
70257,mrfuzzy,1,0,0,0
70259,mrfuzzy,0,0,0,0
70261,mrfuzzy,0,0,0,0
70263,mrfuzzy,0,0,0,0
70266,mrfuzzy,0,0,0,0
70267,mrfuzzy,1,0,0,0
70268,mrfuzzy,1,1,1,1
70270,lovebear,0,0,0,0
70271,mrfuzzy,1,0,0,0
70277,mrfuzzy,0,0,0,0
70278,mrfuzzy,0,0,0,0
70282,mrfuzzy,1,0,0,0
70283,lovebear,1,1,1,1
70281,mrfuzzy,1,1,1,1
70286,mrfuzzy,1,1,0,0
70294,lovebear,0,0,0,0
70295,mrfuzzy,1,0,0,0
70300,mrfuzzy,1,1,1,0
70301,mrfuzzy,1,1,1,1
70304,mrfuzzy,1,1,1,1
70306,mrfuzzy,1,0,0,0
70309,mrfuzzy,1,0,0,0
70311,mrfuzzy,0,0,0,0
70316,mrfuzzy,1,1,1,0
70317,mrfuzzy,0,0,0,0
70320,mrfuzzy,0,0,0,0
70323,mrfuzzy,1,1,0,0
70328,mrfuzzy,1,1,0,0
70329,mrfuzzy,0,0,0,0
70342,lovebear,1,0,0,0
70339,mrfuzzy,1,1,1,1
70340,lovebear,1,0,0,0
70347,mrfuzzy,0,0,0,0
70348,mrfuzzy,0,0,0,0
70349,mrfuzzy,1,1,1,0
70351,mrfuzzy,0,0,0,0
70356,mrfuzzy,1,1,1,0
70357,mrfuzzy,0,0,0,0
70363,lovebear,1,0,0,0
70364,mrfuzzy,0,0,0,0
70366,lovebear,1,0,0,0
70367,mrfuzzy,1,0,0,0
70369,mrfuzzy,0,0,0,0
70373,mrfuzzy,0,0,0,0
70372,mrfuzzy,0,0,0,0
70376,mrfuzzy,0,0,0,0
70375,mrfuzzy,1,1,1,1
70381,mrfuzzy,1,1,1,1
70382,mrfuzzy,1,0,0,0
70384,mrfuzzy,1,1,1,1
70387,mrfuzzy,0,0,0,0
70388,mrfuzzy,1,0,0,0
70389,mrfuzzy,1,1,1,0
70391,mrfuzzy,0,0,0,0
70392,mrfuzzy,1,1,1,1
70393,mrfuzzy,1,1,1,0
70395,mrfuzzy,1,1,1,1
70399,mrfuzzy,1,1,1,0
70402,mrfuzzy,0,0,0,0
70403,mrfuzzy,1,1,1,0
70406,mrfuzzy,0,0,0,0
70404,mrfuzzy,0,0,0,0
70409,mrfuzzy,0,0,0,0
70410,mrfuzzy,1,0,0,0
70411,mrfuzzy,1,1,1,1
70414,mrfuzzy,0,0,0,0
70415,mrfuzzy,0,0,0,0
70419,mrfuzzy,0,0,0,0
70421,mrfuzzy,0,0,0,0
70425,mrfuzzy,0,0,0,0
70426,mrfuzzy,0,0,0,0
70429,mrfuzzy,0,0,0,0
70430,mrfuzzy,0,0,0,0
70431,mrfuzzy,0,0,0,0
70436,lovebear,1,1,1,0
70437,mrfuzzy,0,0,0,0
70438,mrfuzzy,0,0,0,0
70440,mrfuzzy,1,0,0,0
70442,mrfuzzy,1,1,1,0
70444,mrfuzzy,1,0,0,0
70448,mrfuzzy,1,0,0,0
70447,lovebear,1,1,1,1
70451,mrfuzzy,0,0,0,0
70464,mrfuzzy,0,0,0,0
70466,mrfuzzy,1,1,1,0
70469,mrfuzzy,0,0,0,0
70471,mrfuzzy,0,0,0,0
70472,mrfuzzy,0,0,0,0
70473,mrfuzzy,1,1,1,1
70474,mrfuzzy,0,0,0,0
70477,mrfuzzy,0,0,0,0
70479,mrfuzzy,1,0,0,0
70481,mrfuzzy,0,0,0,0
70482,mrfuzzy,1,1,1,0
70485,mrfuzzy,1,1,1,0
70491,mrfuzzy,1,1,1,0
70492,mrfuzzy,0,0,0,0
70495,mrfuzzy,1,0,0,0
70497,mrfuzzy,0,0,0,0
70499,mrfuzzy,0,0,0,0
70500,mrfuzzy,0,0,0,0
70503,mrfuzzy,0,0,0,0
70506,mrfuzzy,0,0,0,0
70510,mrfuzzy,1,1,1,1
70509,mrfuzzy,1,1,1,0
70512,lovebear,1,0,0,0
70514,mrfuzzy,0,0,0,0
70515,mrfuzzy,0,0,0,0
70516,lovebear,1,0,0,0
70520,lovebear,1,1,1,1
70521,mrfuzzy,0,0,0,0
70527,lovebear,0,0,0,0
70530,lovebear,1,0,0,0
70537,mrfuzzy,1,0,0,0
70536,lovebear,0,0,0,0
70542,lovebear,0,0,0,0
70544,lovebear,1,1,1,1
70546,lovebear,1,0,0,0
70548,lovebear,0,0,0,0
70550,lovebear,1,1,1,1
70557,lovebear,0,0,0,0
70558,lovebear,1,0,0,0
70561,lovebear,0,0,0,0
70562,lovebear,0,0,0,0
70565,mrfuzzy,0,0,0,0
70569,lovebear,1,1,0,0
70572,mrfuzzy,0,0,0,0
70587,lovebear,0,0,0,0
70586,lovebear,1,0,0,0
70592,lovebear,1,0,0,0
70591,lovebear,1,1,1,0
70601,lovebear,1,1,1,1
70602,lovebear,1,1,1,1
70606,mrfuzzy,0,0,0,0
70607,lovebear,0,0,0,0
70610,lovebear,1,1,1,1
70616,lovebear,1,1,1,1
70622,lovebear,0,0,0,0
70623,mrfuzzy,0,0,0,0
70624,lovebear,0,0,0,0
70625,lovebear,0,0,0,0
70626,mrfuzzy,0,0,0,0
70629,lovebear,1,0,0,0
70640,lovebear,1,1,0,0
70641,lovebear,1,1,1,1
70644,lovebear,0,0,0,0
70642,lovebear,0,0,0,0
70649,mrfuzzy,1,1,0,0
70650,mrfuzzy,0,0,0,0
70656,lovebear,1,0,0,0
70658,lovebear,1,0,0,0
70663,lovebear,0,0,0,0
70668,lovebear,1,1,0,0
70669,mrfuzzy,1,0,0,0
70667,lovebear,0,0,0,0
70671,mrfuzzy,0,0,0,0
70672,lovebear,1,1,1,1
70674,lovebear,0,0,0,0
70676,mrfuzzy,0,0,0,0
70678,lovebear,0,0,0,0
70677,lovebear,0,0,0,0
70681,mrfuzzy,0,0,0,0
70685,lovebear,1,1,1,0
70687,mrfuzzy,1,1,1,1
70697,lovebear,1,1,1,1
70694,lovebear,1,0,0,0
70698,lovebear,1,0,0,0
70703,lovebear,0,0,0,0
70706,mrfuzzy,0,0,0,0
70705,lovebear,1,1,1,1
70709,mrfuzzy,0,0,0,0
70710,lovebear,1,1,1,0
70715,lovebear,1,1,1,1
70719,mrfuzzy,1,1,0,0
70722,lovebear,0,0,0,0
70723,lovebear,1,0,0,0
70726,mrfuzzy,1,1,0,0
70731,mrfuzzy,0,0,0,0
70733,lovebear,1,1,1,1
70732,mrfuzzy,0,0,0,0
70734,mrfuzzy,1,1,1,1
70735,lovebear,0,0,0,0
70737,lovebear,0,0,0,0
70738,mrfuzzy,0,0,0,0
70744,lovebear,0,0,0,0
70746,lovebear,1,1,1,1
70745,mrfuzzy,0,0,0,0
70747,lovebear,1,1,1,0
70748,mrfuzzy,1,1,1,0
70749,lovebear,1,0,0,0
70750,mrfuzzy,1,0,0,0
70754,lovebear,1,1,1,1
70756,mrfuzzy,0,0,0,0
70757,mrfuzzy,0,0,0,0
70758,lovebear,1,1,1,1
70761,lovebear,1,1,1,0
70760,lovebear,1,0,0,0
70762,mrfuzzy,1,1,0,0
70763,lovebear,1,1,1,1
70764,lovebear,1,1,1,1
70770,lovebear,1,1,1,0
70772,lovebear,0,0,0,0
70771,lovebear,1,0,0,0
70773,mrfuzzy,1,0,0,0
70775,mrfuzzy,1,0,0,0
70780,mrfuzzy,1,1,1,0
70783,lovebear,1,1,1,1
70782,lovebear,1,1,0,0
70787,lovebear,0,0,0,0
70788,mrfuzzy,1,1,1,1
70789,lovebear,1,1,0,0
70791,lovebear,0,0,0,0
70792,mrfuzzy,0,0,0,0
70794,lovebear,0,0,0,0
70797,lovebear,1,1,1,1
70799,lovebear,0,0,0,0
70802,lovebear,1,1,1,1
70801,mrfuzzy,0,0,0,0
70805,mrfuzzy,1,1,1,1
70809,mrfuzzy,1,1,1,1
70807,lovebear,0,0,0,0
70814,lovebear,1,1,1,1
70815,lovebear,1,1,1,0
70818,lovebear,0,0,0,0
70823,mrfuzzy,1,1,1,1
70824,mrfuzzy,1,1,1,1
70827,lovebear,1,1,1,1
70830,lovebear,0,0,0,0
70831,lovebear,1,1,1,0
70832,mrfuzzy,0,0,0,0
70838,lovebear,0,0,0,0
70839,mrfuzzy,1,0,0,0
70842,mrfuzzy,0,0,0,0
70844,lovebear,0,0,0,0
70846,lovebear,0,0,0,0
70847,lovebear,0,0,0,0
70850,mrfuzzy,1,0,0,0
70851,mrfuzzy,0,0,0,0
70853,lovebear,1,0,0,0
70856,lovebear,1,1,1,1
70859,lovebear,0,0,0,0
70865,mrfuzzy,0,0,0,0
70868,mrfuzzy,1,1,0,0
70871,mrfuzzy,0,0,0,0
70872,mrfuzzy,0,0,0,0
70876,lovebear,1,1,0,0
70879,lovebear,1,1,1,1
70880,mrfuzzy,1,1,1,0
70884,lovebear,0,0,0,0
70886,mrfuzzy,0,0,0,0
70893,lovebear,1,1,1,1
70891,mrfuzzy,0,0,0,0
70897,mrfuzzy,0,0,0,0
70896,lovebear,1,0,0,0
70901,mrfuzzy,1,1,1,0
70899,mrfuzzy,0,0,0,0
70905,lovebear,1,0,0,0
70911,lovebear,1,1,0,0
70910,lovebear,1,1,0,0
70913,lovebear,0,0,0,0
70912,mrfuzzy,0,0,0,0
70914,lovebear,0,0,0,0
70917,mrfuzzy,1,1,1,1
70919,mrfuzzy,1,1,1,1
70921,mrfuzzy,0,0,0,0
70922,lovebear,0,0,0,0
70929,lovebear,1,0,0,0
70930,mrfuzzy,0,0,0,0
70928,lovebear,1,1,1,0
70933,lovebear,0,0,0,0
70936,mrfuzzy,1,1,0,0
70942,lovebear,0,0,0,0
70946,lovebear,1,1,1,0
70956,lovebear,0,0,0,0
70949,lovebear,1,1,1,1
70955,mrfuzzy,0,0,0,0
70960,lovebear,1,1,1,0
70959,mrfuzzy,0,0,0,0
70964,lovebear,1,1,1,1
70966,lovebear,0,0,0,0
70963,lovebear,0,0,0,0
70967,mrfuzzy,0,0,0,0
70968,lovebear,0,0,0,0
70970,mrfuzzy,1,0,0,0
70973,lovebear,1,1,1,0
70972,lovebear,0,0,0,0
70974,mrfuzzy,1,1,1,1
70981,lovebear,0,0,0,0
70980,lovebear,1,1,1,0
70985,lovebear,0,0,0,0
70990,mrfuzzy,0,0,0,0
70994,lovebear,1,1,1,0
70996,mrfuzzy,0,0,0,0
71008,mrfuzzy,1,0,0,0
71009,lovebear,0,0,0,0
71014,mrfuzzy,1,1,1,1
71015,lovebear,1,0,0,0
71016,lovebear,1,0,0,0
71023,mrfuzzy,0,0,0,0
71024,mrfuzzy,1,1,1,0
71028,mrfuzzy,1,1,1,1
71030,lovebear,0,0,0,0
71031,lovebear,0,0,0,0
71033,lovebear,0,0,0,0
71032,mrfuzzy,0,0,0,0
71034,mrfuzzy,1,1,1,0
71038,lovebear,0,0,0,0
71040,mrfuzzy,0,0,0,0
71041,lovebear,0,0,0,0
71046,lovebear,0,0,0,0
71053,mrfuzzy,0,0,0,0
71052,mrfuzzy,0,0,0,0
71055,mrfuzzy,0,0,0,0
71057,lovebear,0,0,0,0
71065,mrfuzzy,1,1,1,1
71064,mrfuzzy,0,0,0,0
71072,lovebear,0,0,0,0
71075,lovebear,0,0,0,0
71078,mrfuzzy,1,1,1,1
71081,mrfuzzy,1,0,0,0
71077,lovebear,1,1,1,1
71083,lovebear,1,1,1,1
71089,lovebear,0,0,0,0
71093,lovebear,1,0,0,0
71098,lovebear,0,0,0,0
71101,mrfuzzy,1,0,0,0
71104,mrfuzzy,0,0,0,0
71102,mrfuzzy,1,0,0,0
71114,lovebear,1,0,0,0
71119,mrfuzzy,0,0,0,0
71120,lovebear,1,0,0,0
71121,lovebear,1,1,1,1
71123,lovebear,1,1,0,0
71125,lovebear,1,1,1,1
71126,mrfuzzy,1,0,0,0
71132,lovebear,0,0,0,0
71130,lovebear,1,1,1,1
71128,mrfuzzy,1,1,1,0
71134,lovebear,0,0,0,0
71131,lovebear,0,0,0,0
71137,lovebear,0,0,0,0
71140,mrfuzzy,0,0,0,0
71147,mrfuzzy,0,0,0,0
71148,lovebear,1,1,1,1
71150,lovebear,0,0,0,0
71155,lovebear,1,0,0,0
71158,lovebear,1,1,0,0
71161,lovebear,1,1,1,0
71160,lovebear,0,0,0,0
71163,lovebear,0,0,0,0
71164,lovebear,0,0,0,0
71165,mrfuzzy,1,0,0,0
71169,lovebear,1,1,1,1
71170,mrfuzzy,0,0,0,0
71171,mrfuzzy,0,0,0,0
71175,lovebear,0,0,0,0
71173,lovebear,0,0,0,0
71180,lovebear,1,1,1,1
71177,lovebear,0,0,0,0
71178,lovebear,0,0,0,0
71182,lovebear,1,1,1,1
71184,mrfuzzy,1,1,1,1
71185,lovebear,1,1,1,0
71186,lovebear,0,0,0,0
71188,lovebear,1,0,0,0
71195,mrfuzzy,0,0,0,0
71193,lovebear,1,1,1,1
71201,lovebear,1,1,0,0
71209,lovebear,0,0,0,0
71210,lovebear,1,0,0,0
71214,mrfuzzy,0,0,0,0
71211,lovebear,1,1,1,0
71217,lovebear,1,1,1,0
71219,lovebear,1,0,0,0
71225,lovebear,1,1,1,1
71224,lovebear,1,1,1,1
71226,lovebear,1,1,1,0
71228,mrfuzzy,1,1,1,1
71229,lovebear,0,0,0,0
71230,lovebear,0,0,0,0
71231,mrfuzzy,0,0,0,0
71234,lovebear,0,0,0,0
71239,lovebear,1,1,1,0
71238,lovebear,0,0,0,0
71240,mrfuzzy,0,0,0,0
71243,lovebear,1,0,0,0
71246,mrfuzzy,0,0,0,0
71245,mrfuzzy,0,0,0,0
71247,lovebear,0,0,0,0
71249,mrfuzzy,1,1,1,1
71258,mrfuzzy,0,0,0,0
71259,mrfuzzy,1,0,0,0
71265,lovebear,0,0,0,0
71269,lovebear,1,1,1,0
71272,mrfuzzy,0,0,0,0
71275,mrfuzzy,0,0,0,0
71278,lovebear,0,0,0,0
71280,mrfuzzy,1,1,1,0
71283,lovebear,0,0,0,0
71282,mrfuzzy,0,0,0,0
71289,lovebear,1,1,1,0
71292,mrfuzzy,0,0,0,0
71296,lovebear,0,0,0,0
71301,lovebear,1,1,1,1
71303,mrfuzzy,0,0,0,0
71304,mrfuzzy,0,0,0,0
71307,mrfuzzy,0,0,0,0
71312,lovebear,0,0,0,0
71313,lovebear,0,0,0,0
71314,mrfuzzy,0,0,0,0
71316,mrfuzzy,0,0,0,0
71318,mrfuzzy,0,0,0,0
71321,lovebear,0,0,0,0
71323,mrfuzzy,1,1,0,0
71324,mrfuzzy,0,0,0,0
71326,lovebear,0,0,0,0
71327,lovebear,1,1,0,0
71328,lovebear,1,0,0,0
71331,lovebear,1,1,1,0
71332,lovebear,1,1,0,0
71333,mrfuzzy,1,1,0,0
71337,lovebear,0,0,0,0
71338,mrfuzzy,1,1,1,0
71340,lovebear,1,1,1,0
71341,lovebear,0,0,0,0
71342,lovebear,1,1,1,1
71346,mrfuzzy,0,0,0,0
71349,lovebear,1,1,1,1
71354,lovebear,1,0,0,0
71357,lovebear,0,0,0,0
71358,mrfuzzy,1,1,1,0
71367,mrfuzzy,0,0,0,0
71370,lovebear,1,1,0,0
71373,lovebear,0,0,0,0
71374,lovebear,0,0,0,0
71376,lovebear,0,0,0,0
71379,mrfuzzy,1,1,1,1
71383,lovebear,1,1,1,1
71390,lovebear,0,0,0,0
71388,lovebear,1,1,1,0
71395,lovebear,1,1,1,1
71396,lovebear,1,1,0,0
71397,mrfuzzy,0,0,0,0
71400,lovebear,1,1,1,1
71403,mrfuzzy,1,1,0,0
71404,lovebear,0,0,0,0
71409,lovebear,1,1,1,0
71410,lovebear,1,1,1,0
71412,lovebear,1,1,1,0
71417,lovebear,1,1,1,0
71419,lovebear,1,0,0,0
71420,lovebear,1,0,0,0
71423,lovebear,0,0,0,0
71424,lovebear,0,0,0,0
71426,mrfuzzy,1,1,1,0
71428,mrfuzzy,1,1,1,1
71427,lovebear,1,1,1,1
71429,mrfuzzy,0,0,0,0
71432,mrfuzzy,0,0,0,0
71430,lovebear,0,0,0,0
71434,lovebear,0,0,0,0
71436,lovebear,0,0,0,0
71438,lovebear,0,0,0,0
71441,lovebear,1,1,1,1
71443,mrfuzzy,0,0,0,0
71444,lovebear,1,0,0,0
71447,lovebear,0,0,0,0
71449,lovebear,1,1,0,0
71452,mrfuzzy,0,0,0,0
71454,mrfuzzy,0,0,0,0
71453,lovebear,0,0,0,0
71457,mrfuzzy,0,0,0,0
71467,lovebear,0,0,0,0
71473,lovebear,1,1,1,1
71474,mrfuzzy,0,0,0,0
71476,lovebear,0,0,0,0
71478,mrfuzzy,0,0,0,0
71481,mrfuzzy,1,1,1,1
71484,mrfuzzy,1,1,0,0
71487,lovebear,0,0,0,0
71489,lovebear,1,1,1,1
71496,lovebear,1,1,1,0
71495,mrfuzzy,0,0,0,0
71497,mrfuzzy,1,1,1,1
71500,lovebear,0,0,0,0
71502,lovebear,0,0,0,0
71509,mrfuzzy,0,0,0,0
71514,mrfuzzy,0,0,0,0
71515,lovebear,1,1,1,1
71512,lovebear,1,1,1,1
71517,mrfuzzy,1,1,1,1
71526,lovebear,0,0,0,0
71528,mrfuzzy,1,0,0,0
71524,lovebear,1,1,1,1
71531,mrfuzzy,0,0,0,0
71529,mrfuzzy,1,1,1,1
71535,lovebear,1,0,0,0
71537,lovebear,0,0,0,0
71540,lovebear,1,1,1,1
71543,mrfuzzy,1,1,1,1
71546,lovebear,0,0,0,0
71549,lovebear,1,1,0,0
71548,lovebear,0,0,0,0
71556,lovebear,1,1,1,0
71558,mrfuzzy,1,1,0,0
71559,mrfuzzy,0,0,0,0
71562,lovebear,1,1,1,0
71565,lovebear,1,1,0,0
71561,mrfuzzy,1,0,0,0
71564,lovebear,1,0,0,0
71567,mrfuzzy,0,0,0,0
71568,lovebear,0,0,0,0
71571,lovebear,0,0,0,0
71573,lovebear,0,0,0,0
71575,lovebear,0,0,0,0
71582,lovebear,0,0,0,0
71589,mrfuzzy,0,0,0,0
71584,lovebear,0,0,0,0
71586,lovebear,0,0,0,0
71591,lovebear,1,0,0,0
71592,mrfuzzy,1,1,0,0
71595,lovebear,1,0,0,0
71598,mrfuzzy,1,1,1,0
71596,lovebear,0,0,0,0
71594,lovebear,1,1,1,1
71600,lovebear,0,0,0,0
71605,mrfuzzy,0,0,0,0
71603,lovebear,0,0,0,0
71609,lovebear,1,1,1,1
71606,mrfuzzy,1,1,0,0
71607,lovebear,0,0,0,0
71613,lovebear,1,1,1,1
71614,lovebear,1,1,1,1
71616,mrfuzzy,1,1,1,0
71618,mrfuzzy,0,0,0,0
71617,mrfuzzy,1,0,0,0
71619,lovebear,1,1,1,1
71621,mrfuzzy,0,0,0,0
71623,mrfuzzy,1,1,0,0
71624,mrfuzzy,1,1,1,0
71625,mrfuzzy,1,1,1,1
71627,lovebear,0,0,0,0
71629,lovebear,0,0,0,0
71633,lovebear,1,1,1,0
71631,lovebear,1,1,1,0
71637,mrfuzzy,0,0,0,0
71640,lovebear,1,0,0,0
71639,mrfuzzy,1,1,1,0
71644,lovebear,0,0,0,0
71645,mrfuzzy,1,1,1,1
71648,mrfuzzy,1,0,0,0
71652,lovebear,1,1,0,0
71653,lovebear,1,0,0,0
71654,mrfuzzy,1,0,0,0
71658,lovebear,0,0,0,0
71657,lovebear,1,0,0,0
71664,lovebear,1,1,1,0
71667,mrfuzzy,1,1,1,1
71671,lovebear,1,1,1,0
71669,lovebear,0,0,0,0
71670,mrfuzzy,0,0,0,0
71675,lovebear,1,1,0,0
71676,lovebear,0,0,0,0
71680,lovebear,1,1,0,0
71679,lovebear,0,0,0,0
71689,lovebear,1,1,1,1
71693,lovebear,1,0,0,0
71694,lovebear,1,1,1,1
71706,lovebear,1,1,1,0
71704,lovebear,0,0,0,0
71711,mrfuzzy,0,0,0,0
71712,lovebear,0,0,0,0
71710,lovebear,1,0,0,0
71714,mrfuzzy,1,1,1,1
71713,lovebear,1,0,0,0
71718,mrfuzzy,1,0,0,0
71716,lovebear,0,0,0,0
71727,lovebear,1,1,1,1
71734,lovebear,0,0,0,0
71742,lovebear,1,1,1,1
71744,mrfuzzy,0,0,0,0
71745,lovebear,0,0,0,0
71748,mrfuzzy,1,1,1,1
71751,lovebear,1,1,1,1
71754,mrfuzzy,1,1,1,1
71758,mrfuzzy,0,0,0,0
71761,mrfuzzy,0,0,0,0
71763,lovebear,1,0,0,0
71767,lovebear,0,0,0,0
71771,lovebear,1,0,0,0
71776,lovebear,1,0,0,0
71778,mrfuzzy,0,0,0,0
71779,mrfuzzy,1,1,0,0
71782,mrfuzzy,1,0,0,0
71791,lovebear,1,1,1,0
71790,lovebear,1,0,0,0
71793,lovebear,0,0,0,0
71795,mrfuzzy,0,0,0,0
71797,lovebear,1,1,1,1
71798,lovebear,0,0,0,0
71804,lovebear,1,1,1,0
71803,lovebear,0,0,0,0
71805,lovebear,1,1,0,0
71811,mrfuzzy,1,1,1,1
71812,lovebear,1,0,0,0
71815,lovebear,1,1,0,0
71820,lovebear,1,1,0,0
71827,mrfuzzy,1,0,0,0
71826,lovebear,0,0,0,0
71830,lovebear,0,0,0,0
71828,mrfuzzy,1,1,1,0
71832,lovebear,0,0,0,0
71833,mrfuzzy,0,0,0,0
71834,lovebear,0,0,0,0
71835,lovebear,0,0,0,0
71836,lovebear,1,1,1,1
71838,mrfuzzy,0,0,0,0
71840,lovebear,0,0,0,0
71841,lovebear,0,0,0,0
71842,lovebear,1,1,1,0
71843,lovebear,0,0,0,0
71845,mrfuzzy,0,0,0,0
71852,lovebear,1,1,0,0
71855,lovebear,0,0,0,0
71857,lovebear,1,1,1,1
71858,mrfuzzy,1,1,1,1
71861,lovebear,0,0,0,0
71862,lovebear,0,0,0,0
71866,lovebear,1,0,0,0
71869,mrfuzzy,0,0,0,0
71870,lovebear,0,0,0,0
71871,lovebear,0,0,0,0
71873,lovebear,1,1,0,0
71874,lovebear,1,1,1,1
71877,lovebear,1,1,0,0
71882,mrfuzzy,0,0,0,0
71888,lovebear,0,0,0,0
71890,lovebear,1,1,1,0
71891,lovebear,1,0,0,0
71896,lovebear,1,1,1,1
71893,lovebear,0,0,0,0
71895,mrfuzzy,0,0,0,0
71894,lovebear,1,1,0,0
71899,mrfuzzy,1,1,1,0
71898,lovebear,1,0,0,0
71903,mrfuzzy,1,1,1,0
71901,mrfuzzy,1,1,0,0
71906,lovebear,1,0,0,0
71907,mrfuzzy,0,0,0,0
71911,lovebear,1,1,1,1
71910,lovebear,1,1,1,1
71915,lovebear,0,0,0,0
71914,lovebear,0,0,0,0
71921,lovebear,1,1,1,1
71924,mrfuzzy,0,0,0,0
71931,mrfuzzy,0,0,0,0
71932,lovebear,0,0,0,0
71937,mrfuzzy,0,0,0,0
71936,lovebear,1,0,0,0
71941,lovebear,0,0,0,0
71948,lovebear,1,1,1,0
71944,lovebear,0,0,0,0
71945,lovebear,0,0,0,0
71950,lovebear,1,1,1,1
71953,lovebear,1,1,1,0
71958,lovebear,0,0,0,0
71962,mrfuzzy,0,0,0,0
71963,lovebear,1,1,1,0
71967,lovebear,0,0,0,0
71974,lovebear,0,0,0,0
71976,lovebear,1,1,1,0
71978,mrfuzzy,1,1,1,0
71982,lovebear,1,0,0,0
71981,mrfuzzy,1,1,1,0
71985,mrfuzzy,1,1,0,0
71984,lovebear,0,0,0,0
71987,mrfuzzy,0,0,0,0
71990,lovebear,1,1,1,0
71993,mrfuzzy,1,0,0,0
71994,mrfuzzy,0,0,0,0
71996,lovebear,1,1,1,1
71998,lovebear,1,1,1,1
71997,lovebear,0,0,0,0
72004,lovebear,1,1,1,1
72003,lovebear,1,1,1,1
72010,lovebear,0,0,0,0
72011,lovebear,0,0,0,0
72014,mrfuzzy,0,0,0,0
72018,mrfuzzy,0,0,0,0
72016,lovebear,1,1,0,0
72020,lovebear,1,1,1,1
72019,lovebear,1,1,1,0
72021,mrfuzzy,0,0,0,0
72025,mrfuzzy,1,1,1,0
72029,lovebear,0,0,0,0
72027,lovebear,1,1,1,1
72028,lovebear,1,1,1,0
72036,lovebear,0,0,0,0
72038,lovebear,1,1,1,0
72046,mrfuzzy,1,0,0,0
72044,lovebear,0,0,0,0
72045,lovebear,1,0,0,0
72042,lovebear,1,1,0,0
72051,lovebear,0,0,0,0
72048,mrfuzzy,1,1,1,0
72053,mrfuzzy,0,0,0,0
72058,lovebear,0,0,0,0
72065,lovebear,0,0,0,0
72064,mrfuzzy,0,0,0,0
72066,mrfuzzy,1,1,1,1
72068,mrfuzzy,1,1,1,1
72069,mrfuzzy,0,0,0,0
72073,mrfuzzy,1,1,1,1
72086,lovebear,0,0,0,0
72084,lovebear,0,0,0,0
72080,mrfuzzy,1,1,1,1
72088,mrfuzzy,1,1,1,1
72091,lovebear,1,1,1,0
72097,lovebear,1,0,0,0
72101,mrfuzzy,1,1,1,1
72107,mrfuzzy,1,1,1,1
72106,lovebear,0,0,0,0
72108,mrfuzzy,0,0,0,0
72111,lovebear,1,1,1,1
72112,mrfuzzy,0,0,0,0
72115,lovebear,0,0,0,0
72116,lovebear,1,1,1,1
72123,mrfuzzy,0,0,0,0
72126,mrfuzzy,0,0,0,0
72127,lovebear,1,0,0,0
72131,lovebear,1,0,0,0
72136,mrfuzzy,1,0,0,0
72141,lovebear,1,0,0,0
72143,lovebear,1,0,0,0
72145,lovebear,0,0,0,0
72146,lovebear,1,0,0,0
72148,mrfuzzy,0,0,0,0
72147,mrfuzzy,1,1,1,1
72154,lovebear,0,0,0,0
72155,lovebear,1,0,0,0
72153,mrfuzzy,1,0,0,0
72164,lovebear,1,1,0,0
72170,lovebear,1,1,1,1
72173,lovebear,1,1,0,0
72174,mrfuzzy,1,1,0,0
72171,lovebear,0,0,0,0
72175,mrfuzzy,0,0,0,0
72179,lovebear,1,1,1,0
72182,lovebear,0,0,0,0
72186,mrfuzzy,0,0,0,0
72196,mrfuzzy,1,1,1,0
72194,lovebear,1,0,0,0
72191,lovebear,0,0,0,0
72195,lovebear,0,0,0,0
72190,lovebear,1,0,0,0
72193,lovebear,0,0,0,0
72203,lovebear,0,0,0,0
72202,lovebear,0,0,0,0
72204,lovebear,1,0,0,0
72207,lovebear,0,0,0,0
72208,mrfuzzy,0,0,0,0
72209,lovebear,1,1,0,0
72212,lovebear,1,1,0,0
72211,lovebear,1,0,0,0
72213,lovebear,1,0,0,0
72217,lovebear,1,1,1,0
72215,lovebear,1,1,1,0
72219,lovebear,1,1,1,0
72220,lovebear,1,1,0,0
72222,lovebear,1,1,1,0
72228,mrfuzzy,0,0,0,0
72229,mrfuzzy,1,1,1,1
72237,lovebear,1,1,0,0
72239,mrfuzzy,0,0,0,0
72240,mrfuzzy,0,0,0,0
72242,lovebear,0,0,0,0
72245,lovebear,0,0,0,0
72244,mrfuzzy,1,1,1,1
72246,lovebear,1,1,1,0
72253,lovebear,1,0,0,0
72256,lovebear,0,0,0,0
72260,mrfuzzy,0,0,0,0
72262,lovebear,1,1,1,1
72263,lovebear,1,0,0,0
72266,lovebear,1,1,1,1
72268,lovebear,1,1,1,1
72273,lovebear,1,1,1,1
72278,lovebear,0,0,0,0
72282,mrfuzzy,0,0,0,0
72288,lovebear,0,0,0,0
72292,lovebear,1,1,1,1
72294,mrfuzzy,0,0,0,0
72297,mrfuzzy,0,0,0,0
72299,lovebear,1,1,1,0
72300,lovebear,0,0,0,0
72302,lovebear,0,0,0,0
72306,mrfuzzy,0,0,0,0
72304,lovebear,1,1,1,1
72308,mrfuzzy,1,1,1,1
72309,mrfuzzy,0,0,0,0
72314,mrfuzzy,0,0,0,0
72315,lovebear,0,0,0,0
72318,mrfuzzy,0,0,0,0
72320,lovebear,1,1,1,1
72321,lovebear,0,0,0,0
72322,lovebear,0,0,0,0
72325,lovebear,1,0,0,0
72329,lovebear,0,0,0,0
72336,mrfuzzy,1,1,0,0
72337,lovebear,1,1,1,1
72338,lovebear,1,1,0,0
72342,lovebear,0,0,0,0
72346,lovebear,0,0,0,0
72347,lovebear,0,0,0,0
72364,lovebear,1,1,1,1
72366,mrfuzzy,0,0,0,0
72368,lovebear,1,0,0,0
72379,mrfuzzy,0,0,0,0
72378,lovebear,1,1,1,1
72385,mrfuzzy,0,0,0,0
72386,lovebear,1,1,1,0
72388,lovebear,1,1,0,0
72393,mrfuzzy,0,0,0,0
72396,lovebear,0,0,0,0
72397,lovebear,0,0,0,0
72398,mrfuzzy,0,0,0,0
72400,lovebear,0,0,0,0
72402,lovebear,1,0,0,0
72403,mrfuzzy,1,0,0,0
72404,mrfuzzy,1,0,0,0
72405,lovebear,0,0,0,0
72406,lovebear,0,0,0,0
72411,lovebear,0,0,0,0
72413,lovebear,0,0,0,0
72414,mrfuzzy,1,0,0,0
72416,lovebear,0,0,0,0
72424,mrfuzzy,0,0,0,0
72429,lovebear,1,1,1,1
72430,lovebear,1,0,0,0
72435,lovebear,0,0,0,0
72436,lovebear,1,0,0,0
72443,mrfuzzy,1,0,0,0
72444,lovebear,1,1,1,1
72448,mrfuzzy,0,0,0,0
72447,mrfuzzy,1,1,1,0
72452,lovebear,0,0,0,0
72451,lovebear,0,0,0,0
72453,lovebear,0,0,0,0
72454,mrfuzzy,1,1,1,1
72455,lovebear,1,1,1,0
72457,lovebear,1,1,1,0
72460,lovebear,1,1,1,1
72463,mrfuzzy,0,0,0,0
72468,lovebear,0,0,0,0
72469,lovebear,0,0,0,0
72475,lovebear,0,0,0,0
72472,lovebear,1,1,0,0
72478,mrfuzzy,0,0,0,0
72476,lovebear,0,0,0,0
72483,lovebear,0,0,0,0
72482,mrfuzzy,1,1,1,1
72488,lovebear,0,0,0,0
72493,mrfuzzy,0,0,0,0
72492,lovebear,0,0,0,0
72496,lovebear,1,1,1,1
72490,mrfuzzy,0,0,0,0
72499,mrfuzzy,1,1,1,0
72502,mrfuzzy,1,1,1,0
72511,lovebear,1,1,1,0
72510,lovebear,1,1,1,0
72514,lovebear,1,0,0,0
72517,lovebear,1,1,1,0
72522,lovebear,1,0,0,0
72523,mrfuzzy,0,0,0,0
72527,mrfuzzy,1,1,1,0
72532,lovebear,1,1,1,1
72541,mrfuzzy,0,0,0,0
72538,lovebear,1,1,0,0
72537,mrfuzzy,1,1,1,0
72542,lovebear,1,1,1,1
72545,lovebear,0,0,0,0
72549,lovebear,0,0,0,0
72554,lovebear,0,0,0,0
72555,lovebear,0,0,0,0
72556,mrfuzzy,0,0,0,0
72560,lovebear,1,1,1,1
72564,lovebear,0,0,0,0
72565,lovebear,1,1,1,0
72569,mrfuzzy,0,0,0,0
72570,mrfuzzy,0,0,0,0
72571,mrfuzzy,0,0,0,0
72574,mrfuzzy,0,0,0,0
72577,lovebear,0,0,0,0
72578,mrfuzzy,0,0,0,0
72580,lovebear,0,0,0,0
72589,mrfuzzy,1,1,1,1
72594,lovebear,0,0,0,0
72596,lovebear,0,0,0,0
72601,mrfuzzy,0,0,0,0
72600,lovebear,1,0,0,0
72604,lovebear,1,1,1,1
72605,mrfuzzy,1,0,0,0
72603,lovebear,1,1,1,1
72606,mrfuzzy,0,0,0,0
72609,lovebear,0,0,0,0
72611,lovebear,0,0,0,0
72613,lovebear,1,0,0,0
72614,lovebear,1,1,1,1
72612,lovebear,0,0,0,0
72615,lovebear,1,1,1,1
72619,mrfuzzy,1,1,1,1
72616,mrfuzzy,0,0,0,0
72620,lovebear,1,1,1,1
72621,lovebear,0,0,0,0
72623,mrfuzzy,1,1,0,0
72629,lovebear,1,1,1,1
72630,mrfuzzy,0,0,0,0
72631,lovebear,1,0,0,0
72634,lovebear,0,0,0,0
72635,lovebear,0,0,0,0
72636,lovebear,1,1,1,1
72637,lovebear,1,0,0,0
72638,mrfuzzy,1,0,0,0
72643,lovebear,0,0,0,0
72647,mrfuzzy,0,0,0,0
72645,lovebear,1,0,0,0
72652,lovebear,0,0,0,0
72655,lovebear,1,0,0,0
72656,lovebear,1,0,0,0
72658,lovebear,0,0,0,0
72668,lovebear,0,0,0,0
72667,lovebear,0,0,0,0
72666,mrfuzzy,1,0,0,0
72665,mrfuzzy,0,0,0,0
72671,mrfuzzy,0,0,0,0
72672,lovebear,0,0,0,0
72677,lovebear,0,0,0,0
72679,mrfuzzy,1,1,1,1
72680,lovebear,1,1,1,1
72686,mrfuzzy,0,0,0,0
72688,mrfuzzy,0,0,0,0
72690,lovebear,0,0,0,0
72693,mrfuzzy,0,0,0,0
72694,lovebear,0,0,0,0
72696,mrfuzzy,1,0,0,0
72698,lovebear,0,0,0,0
72697,mrfuzzy,0,0,0,0
72703,mrfuzzy,1,1,1,1
72700,lovebear,0,0,0,0
72709,mrfuzzy,1,1,1,1
72712,lovebear,0,0,0,0
72714,lovebear,1,1,1,1
72717,mrfuzzy,0,0,0,0
72719,mrfuzzy,1,1,1,0
72716,lovebear,1,0,0,0
72720,mrfuzzy,1,0,0,0
72729,lovebear,0,0,0,0
72730,lovebear,1,0,0,0
72736,mrfuzzy,0,0,0,0
72738,mrfuzzy,1,1,1,0
72740,mrfuzzy,0,0,0,0
72741,lovebear,0,0,0,0
72742,lovebear,1,1,1,1
72745,mrfuzzy,0,0,0,0
72748,lovebear,1,1,1,1
72749,mrfuzzy,0,0,0,0
72750,lovebear,0,0,0,0
72752,lovebear,1,1,1,1
72754,lovebear,0,0,0,0
72756,mrfuzzy,1,1,1,0
72764,lovebear,1,0,0,0
72763,mrfuzzy,1,1,1,1
72768,mrfuzzy,1,0,0,0
72766,mrfuzzy,1,1,1,1
72770,lovebear,0,0,0,0
72772,mrfuzzy,1,1,0,0
72776,lovebear,1,1,1,0
72779,lovebear,1,1,1,0
72778,lovebear,1,1,1,1
72780,mrfuzzy,1,1,1,0
72782,mrfuzzy,1,0,0,0
72786,lovebear,0,0,0,0
72787,lovebear,1,1,1,1
72789,lovebear,0,0,0,0
72791,lovebear,1,0,0,0
72793,lovebear,1,1,1,1
72794,mrfuzzy,0,0,0,0
72797,lovebear,0,0,0,0
72801,lovebear,1,0,0,0
72805,mrfuzzy,1,0,0,0
72807,lovebear,0,0,0,0
72811,lovebear,1,1,1,0
72812,mrfuzzy,1,1,1,1
72813,lovebear,0,0,0,0
72814,lovebear,0,0,0,0
72815,lovebear,0,0,0,0
72816,lovebear,1,1,1,0
72817,mrfuzzy,0,0,0,0
72827,lovebear,1,0,0,0
72830,mrfuzzy,0,0,0,0
72833,lovebear,1,0,0,0
72834,mrfuzzy,1,0,0,0
72838,mrfuzzy,0,0,0,0
72839,mrfuzzy,1,1,1,1
72843,mrfuzzy,0,0,0,0
72846,mrfuzzy,0,0,0,0
72847,mrfuzzy,0,0,0,0
72848,mrfuzzy,1,1,1,0
72850,mrfuzzy,0,0,0,0
72852,mrfuzzy,0,0,0,0
72853,mrfuzzy,0,0,0,0
72855,mrfuzzy,0,0,0,0
72857,mrfuzzy,0,0,0,0
72860,mrfuzzy,0,0,0,0
72867,mrfuzzy,1,1,1,1
72880,mrfuzzy,1,1,1,1
72884,mrfuzzy,1,1,0,0
72889,mrfuzzy,0,0,0,0
72890,mrfuzzy,0,0,0,0
72892,mrfuzzy,1,0,0,0
72894,mrfuzzy,0,0,0,0
72893,mrfuzzy,1,1,1,1
72895,mrfuzzy,0,0,0,0
72896,mrfuzzy,1,1,1,0
72900,mrfuzzy,1,1,1,0
72904,mrfuzzy,0,0,0,0
72908,mrfuzzy,0,0,0,0
72912,mrfuzzy,1,0,0,0
72914,mrfuzzy,0,0,0,0
72915,lovebear,1,0,0,0
72919,mrfuzzy,1,1,1,1
72923,lovebear,0,0,0,0
72925,mrfuzzy,0,0,0,0
72927,mrfuzzy,1,1,0,0
72931,mrfuzzy,1,1,0,0
72934,mrfuzzy,1,1,1,0
72935,mrfuzzy,0,0,0,0
72938,mrfuzzy,1,1,0,0
72942,mrfuzzy,0,0,0,0
72947,mrfuzzy,1,1,1,1
72946,mrfuzzy,0,0,0,0
72954,mrfuzzy,0,0,0,0
72952,mrfuzzy,1,1,0,0
72953,mrfuzzy,0,0,0,0
72956,lovebear,0,0,0,0
72959,mrfuzzy,0,0,0,0
72962,mrfuzzy,0,0,0,0
72963,mrfuzzy,1,1,1,0
72967,mrfuzzy,0,0,0,0
72971,mrfuzzy,0,0,0,0
72972,mrfuzzy,1,1,1,0
72975,mrfuzzy,0,0,0,0
72974,mrfuzzy,0,0,0,0
72980,mrfuzzy,0,0,0,0
72982,mrfuzzy,0,0,0,0
72996,mrfuzzy,0,0,0,0
72997,mrfuzzy,0,0,0,0
72999,mrfuzzy,1,0,0,0
73000,lovebear,1,1,0,0
73004,mrfuzzy,0,0,0,0
73006,mrfuzzy,1,1,1,1
73010,lovebear,1,1,1,0
73019,mrfuzzy,1,1,1,0
73020,mrfuzzy,1,1,1,1
73022,lovebear,1,1,1,0
73018,mrfuzzy,0,0,0,0
73025,mrfuzzy,0,0,0,0
73024,mrfuzzy,1,0,0,0
73027,mrfuzzy,1,0,0,0
73029,mrfuzzy,0,0,0,0
73034,mrfuzzy,1,0,0,0
73033,mrfuzzy,1,1,1,0
73040,mrfuzzy,0,0,0,0
73042,mrfuzzy,0,0,0,0
73046,mrfuzzy,0,0,0,0
73044,lovebear,0,0,0,0
73047,mrfuzzy,1,1,1,1
73050,lovebear,1,1,1,1
73052,mrfuzzy,1,0,0,0
73051,mrfuzzy,0,0,0,0
73055,mrfuzzy,0,0,0,0
73063,mrfuzzy,1,1,1,1
73066,mrfuzzy,0,0,0,0
73067,mrfuzzy,1,0,0,0
73072,mrfuzzy,0,0,0,0
73075,mrfuzzy,0,0,0,0
73073,mrfuzzy,0,0,0,0
73077,mrfuzzy,1,1,1,1
73078,lovebear,0,0,0,0
73079,mrfuzzy,0,0,0,0
73082,mrfuzzy,0,0,0,0
73081,mrfuzzy,1,1,1,0
73087,mrfuzzy,0,0,0,0
73088,mrfuzzy,1,1,0,0
73090,mrfuzzy,0,0,0,0
73093,mrfuzzy,0,0,0,0
73095,mrfuzzy,0,0,0,0
73105,mrfuzzy,1,1,1,0
73103,mrfuzzy,1,0,0,0
73104,mrfuzzy,1,0,0,0
73108,mrfuzzy,0,0,0,0
73111,mrfuzzy,0,0,0,0
73115,mrfuzzy,1,1,1,1
73114,mrfuzzy,1,1,1,1
73117,mrfuzzy,1,1,0,0
73119,mrfuzzy,0,0,0,0
73118,mrfuzzy,0,0,0,0
73120,mrfuzzy,1,1,1,0
73125,mrfuzzy,0,0,0,0
73129,mrfuzzy,0,0,0,0
73130,lovebear,0,0,0,0
73132,mrfuzzy,0,0,0,0
73135,lovebear,1,1,1,1
73138,lovebear,1,0,0,0
73140,mrfuzzy,0,0,0,0
73137,mrfuzzy,1,0,0,0
73139,mrfuzzy,0,0,0,0
73145,mrfuzzy,0,0,0,0
73146,mrfuzzy,0,0,0,0
73148,lovebear,0,0,0,0
73153,mrfuzzy,0,0,0,0
73154,mrfuzzy,0,0,0,0
73152,mrfuzzy,0,0,0,0
73157,mrfuzzy,0,0,0,0
73159,mrfuzzy,1,0,0,0
73160,lovebear,0,0,0,0
73158,mrfuzzy,0,0,0,0
73167,mrfuzzy,0,0,0,0
73170,mrfuzzy,1,0,0,0
73164,lovebear,1,0,0,0
73169,mrfuzzy,0,0,0,0
73172,mrfuzzy,1,1,1,0
73175,lovebear,1,1,1,1
73174,mrfuzzy,0,0,0,0
73176,mrfuzzy,0,0,0,0
73180,mrfuzzy,0,0,0,0
73181,mrfuzzy,1,1,0,0
73183,mrfuzzy,0,0,0,0
73189,mrfuzzy,1,1,1,1
73195,mrfuzzy,0,0,0,0
73193,mrfuzzy,0,0,0,0
73196,mrfuzzy,1,1,1,0
73197,mrfuzzy,0,0,0,0
73200,mrfuzzy,0,0,0,0
73198,mrfuzzy,1,1,1,0
73205,lovebear,0,0,0,0
73208,mrfuzzy,0,0,0,0
73207,mrfuzzy,0,0,0,0
73215,mrfuzzy,1,1,0,0
73213,mrfuzzy,0,0,0,0
73217,mrfuzzy,0,0,0,0
73219,mrfuzzy,0,0,0,0
73225,mrfuzzy,1,1,1,0
73226,mrfuzzy,0,0,0,0
73231,lovebear,0,0,0,0
73232,mrfuzzy,1,1,1,0
73240,mrfuzzy,1,0,0,0
73246,mrfuzzy,0,0,0,0
73248,mrfuzzy,0,0,0,0
73249,mrfuzzy,1,0,0,0
73250,mrfuzzy,0,0,0,0
73255,mrfuzzy,1,1,1,1
73254,lovebear,1,1,1,1
73260,lovebear,1,1,1,1
73263,mrfuzzy,0,0,0,0
73266,mrfuzzy,1,0,0,0
73268,mrfuzzy,0,0,0,0
73271,mrfuzzy,1,1,1,1
73272,mrfuzzy,0,0,0,0
73274,mrfuzzy,0,0,0,0
73278,mrfuzzy,0,0,0,0
73287,lovebear,0,0,0,0
73288,mrfuzzy,1,1,1,1
73289,mrfuzzy,1,0,0,0
73296,mrfuzzy,0,0,0,0
73299,lovebear,0,0,0,0
73303,mrfuzzy,0,0,0,0
73306,mrfuzzy,0,0,0,0
73308,mrfuzzy,0,0,0,0
73311,mrfuzzy,1,0,0,0
73312,mrfuzzy,0,0,0,0
73316,lovebear,1,0,0,0
73317,mrfuzzy,0,0,0,0
73322,mrfuzzy,0,0,0,0
73323,mrfuzzy,1,1,0,0
73327,mrfuzzy,0,0,0,0
73329,mrfuzzy,1,0,0,0
73334,mrfuzzy,0,0,0,0
73335,mrfuzzy,0,0,0,0
73337,mrfuzzy,1,1,1,0
73338,mrfuzzy,1,1,1,0
73342,mrfuzzy,0,0,0,0
73343,mrfuzzy,1,1,1,1
73345,mrfuzzy,1,1,1,1
73351,mrfuzzy,1,1,1,0
73353,lovebear,1,1,1,1
73360,mrfuzzy,1,0,0,0
73362,mrfuzzy,1,1,1,1
73363,mrfuzzy,0,0,0,0
73366,mrfuzzy,1,1,1,0
73369,mrfuzzy,0,0,0,0
73375,mrfuzzy,0,0,0,0
73380,mrfuzzy,1,1,0,0
73382,lovebear,0,0,0,0
73384,mrfuzzy,1,1,1,1
73387,mrfuzzy,1,0,0,0
73388,mrfuzzy,0,0,0,0
73386,mrfuzzy,0,0,0,0
73389,mrfuzzy,1,0,0,0
73391,mrfuzzy,0,0,0,0
73392,mrfuzzy,0,0,0,0
73393,mrfuzzy,0,0,0,0
73400,mrfuzzy,0,0,0,0
73402,mrfuzzy,0,0,0,0
73404,mrfuzzy,0,0,0,0
73405,mrfuzzy,1,0,0,0
73407,mrfuzzy,1,1,0,0
73412,lovebear,1,0,0,0
73413,mrfuzzy,0,0,0,0
73422,mrfuzzy,1,1,0,0
73425,mrfuzzy,0,0,0,0
73426,mrfuzzy,0,0,0,0
73427,mrfuzzy,1,1,1,0
73432,mrfuzzy,0,0,0,0
73435,mrfuzzy,0,0,0,0
73440,mrfuzzy,0,0,0,0
73439,mrfuzzy,1,1,1,0
73441,mrfuzzy,1,0,0,0
73447,mrfuzzy,0,0,0,0
73451,mrfuzzy,0,0,0,0
73453,mrfuzzy,0,0,0,0
73455,mrfuzzy,0,0,0,0
73452,mrfuzzy,1,1,1,1
73458,lovebear,1,0,0,0
73459,mrfuzzy,0,0,0,0
73462,lovebear,0,0,0,0
73463,lovebear,0,0,0,0
73464,mrfuzzy,0,0,0,0
73467,lovebear,1,0,0,0
73472,mrfuzzy,0,0,0,0
73474,mrfuzzy,0,0,0,0
73473,lovebear,1,1,1,1
73478,mrfuzzy,1,1,1,1
73477,mrfuzzy,0,0,0,0
73476,mrfuzzy,1,1,1,1
73480,mrfuzzy,0,0,0,0
73479,lovebear,0,0,0,0
73481,mrfuzzy,0,0,0,0
73487,mrfuzzy,0,0,0,0
73488,mrfuzzy,0,0,0,0
73489,mrfuzzy,0,0,0,0
73493,lovebear,1,1,1,1
73494,mrfuzzy,0,0,0,0
73497,mrfuzzy,0,0,0,0
73500,lovebear,1,1,1,1
73501,mrfuzzy,0,0,0,0
73502,mrfuzzy,1,0,0,0
73503,mrfuzzy,0,0,0,0
73511,mrfuzzy,1,1,1,1
73513,mrfuzzy,1,1,1,1
73515,mrfuzzy,0,0,0,0
73518,mrfuzzy,1,1,1,0
73520,lovebear,0,0,0,0
73524,lovebear,0,0,0,0
73522,mrfuzzy,1,0,0,0
73526,mrfuzzy,0,0,0,0
73530,mrfuzzy,0,0,0,0
73533,mrfuzzy,0,0,0,0
73537,mrfuzzy,1,1,1,0
73536,mrfuzzy,1,1,1,1
73538,mrfuzzy,1,1,1,0
73540,mrfuzzy,1,0,0,0
73542,mrfuzzy,0,0,0,0
73545,mrfuzzy,1,1,1,0
73546,mrfuzzy,0,0,0,0
73547,mrfuzzy,1,0,0,0
73549,mrfuzzy,0,0,0,0
73552,mrfuzzy,0,0,0,0
73554,mrfuzzy,1,0,0,0
73561,mrfuzzy,1,1,1,1
73563,mrfuzzy,0,0,0,0
73564,mrfuzzy,1,0,0,0
73565,mrfuzzy,1,1,1,1
73566,mrfuzzy,0,0,0,0
73567,mrfuzzy,1,0,0,0
73570,mrfuzzy,0,0,0,0
73573,mrfuzzy,0,0,0,0
73575,mrfuzzy,1,0,0,0
73578,mrfuzzy,1,1,1,1
73577,mrfuzzy,0,0,0,0
73579,mrfuzzy,1,1,1,1
73586,mrfuzzy,0,0,0,0
73590,mrfuzzy,1,1,1,1
73593,mrfuzzy,1,0,0,0
73594,mrfuzzy,1,1,1,1
73596,lovebear,1,0,0,0
73597,mrfuzzy,1,1,1,1
73601,mrfuzzy,0,0,0,0
73603,mrfuzzy,1,1,1,1
73604,mrfuzzy,0,0,0,0
73606,mrfuzzy,0,0,0,0
73609,mrfuzzy,0,0,0,0
73614,mrfuzzy,1,1,1,0
73615,mrfuzzy,1,0,0,0
73619,mrfuzzy,0,0,0,0
73620,mrfuzzy,0,0,0,0
73621,mrfuzzy,1,1,0,0
73625,mrfuzzy,0,0,0,0
73626,mrfuzzy,1,1,1,1
73632,mrfuzzy,0,0,0,0
73639,mrfuzzy,0,0,0,0
73640,mrfuzzy,0,0,0,0
73641,mrfuzzy,0,0,0,0
73643,mrfuzzy,1,0,0,0
73647,mrfuzzy,0,0,0,0
73648,mrfuzzy,1,1,0,0
73650,lovebear,0,0,0,0
73652,mrfuzzy,1,1,0,0
73654,mrfuzzy,0,0,0,0
73659,mrfuzzy,1,1,1,0
73660,mrfuzzy,0,0,0,0
73662,mrfuzzy,0,0,0,0
73664,lovebear,0,0,0,0
73665,mrfuzzy,1,0,0,0
73666,mrfuzzy,1,1,1,0
73667,mrfuzzy,1,1,1,0
73669,mrfuzzy,1,1,1,1
73671,mrfuzzy,0,0,0,0
73672,mrfuzzy,1,1,1,0
73673,mrfuzzy,0,0,0,0
73676,lovebear,1,1,1,1
73675,lovebear,1,1,1,0
73677,mrfuzzy,1,1,1,1
73678,mrfuzzy,1,1,0,0
73682,mrfuzzy,1,1,1,1
73680,mrfuzzy,0,0,0,0
73681,mrfuzzy,0,0,0,0
73683,mrfuzzy,0,0,0,0
73685,mrfuzzy,0,0,0,0
73686,mrfuzzy,1,0,0,0
73687,mrfuzzy,0,0,0,0
73688,mrfuzzy,1,0,0,0
73690,mrfuzzy,0,0,0,0
73691,mrfuzzy,1,0,0,0
73695,lovebear,1,1,1,0
73697,lovebear,1,1,1,0
73704,mrfuzzy,1,0,0,0
73705,mrfuzzy,0,0,0,0
73706,mrfuzzy,1,1,1,1
73707,mrfuzzy,1,1,1,0
73709,mrfuzzy,1,1,1,1
73710,mrfuzzy,1,1,0,0
73713,mrfuzzy,1,0,0,0
73714,mrfuzzy,0,0,0,0
73716,mrfuzzy,1,1,1,0
73717,lovebear,0,0,0,0
73722,lovebear,0,0,0,0
73724,mrfuzzy,0,0,0,0
73726,mrfuzzy,0,0,0,0
73728,mrfuzzy,1,1,1,1
73732,mrfuzzy,0,0,0,0
73733,lovebear,0,0,0,0
73735,mrfuzzy,1,1,1,1
73740,mrfuzzy,0,0,0,0
73739,mrfuzzy,0,0,0,0
73743,mrfuzzy,1,1,1,0
73747,mrfuzzy,0,0,0,0
73751,mrfuzzy,1,0,0,0
73755,mrfuzzy,0,0,0,0
73761,mrfuzzy,0,0,0,0
73770,mrfuzzy,0,0,0,0
73773,lovebear,1,0,0,0
73771,mrfuzzy,0,0,0,0
73775,mrfuzzy,1,0,0,0
73778,mrfuzzy,0,0,0,0
73783,mrfuzzy,1,0,0,0
73786,mrfuzzy,1,1,1,0
73784,lovebear,0,0,0,0
73785,mrfuzzy,1,1,0,0
73788,mrfuzzy,1,1,1,1
73790,lovebear,1,1,0,0
73791,mrfuzzy,1,0,0,0
73792,mrfuzzy,1,1,1,1
73796,lovebear,1,1,0,0
73799,mrfuzzy,1,0,0,0
73801,mrfuzzy,0,0,0,0
73802,lovebear,0,0,0,0
73803,mrfuzzy,0,0,0,0
73808,mrfuzzy,0,0,0,0
73811,mrfuzzy,0,0,0,0
73812,mrfuzzy,0,0,0,0
73813,mrfuzzy,0,0,0,0
73819,lovebear,1,1,1,1
73823,mrfuzzy,1,1,1,1
73827,mrfuzzy,0,0,0,0
73830,lovebear,1,1,1,1
73831,mrfuzzy,1,1,1,0
73832,mrfuzzy,1,1,1,0
73834,lovebear,0,0,0,0
73837,mrfuzzy,0,0,0,0
73838,mrfuzzy,1,0,0,0
73843,mrfuzzy,0,0,0,0
73845,mrfuzzy,1,1,1,1
73848,mrfuzzy,0,0,0,0
73855,mrfuzzy,0,0,0,0
73857,mrfuzzy,1,0,0,0
73858,mrfuzzy,1,1,1,1
73862,mrfuzzy,0,0,0,0
73861,mrfuzzy,0,0,0,0
73865,mrfuzzy,0,0,0,0
73866,mrfuzzy,1,1,1,1
73867,mrfuzzy,1,1,1,0
73868,mrfuzzy,1,0,0,0
73870,lovebear,0,0,0,0
73871,mrfuzzy,1,1,0,0
73874,mrfuzzy,0,0,0,0
73877,mrfuzzy,1,1,1,0
73879,mrfuzzy,1,0,0,0
73882,mrfuzzy,1,0,0,0
73886,mrfuzzy,0,0,0,0
73888,mrfuzzy,1,0,0,0
73889,mrfuzzy,0,0,0,0
73891,mrfuzzy,0,0,0,0
73894,mrfuzzy,1,0,0,0
73900,mrfuzzy,1,1,1,1
73902,mrfuzzy,0,0,0,0
73904,mrfuzzy,1,1,1,1
73907,mrfuzzy,1,0,0,0
73908,mrfuzzy,1,1,1,1
73909,mrfuzzy,1,1,1,0
73913,mrfuzzy,0,0,0,0
73912,mrfuzzy,0,0,0,0
73911,mrfuzzy,1,1,1,0
73914,mrfuzzy,1,0,0,0
73917,lovebear,0,0,0,0
73926,lovebear,0,0,0,0
73927,mrfuzzy,1,1,1,1
73928,mrfuzzy,1,0,0,0
73929,mrfuzzy,0,0,0,0
73930,mrfuzzy,1,1,0,0
73933,mrfuzzy,0,0,0,0
73934,mrfuzzy,0,0,0,0
73936,mrfuzzy,1,1,1,1
73937,mrfuzzy,1,1,1,0
73940,mrfuzzy,0,0,0,0
73943,mrfuzzy,1,1,0,0
73945,mrfuzzy,1,1,1,0
73946,mrfuzzy,1,1,1,0
73948,mrfuzzy,1,1,0,0
73949,mrfuzzy,1,1,1,0
73951,mrfuzzy,1,1,1,0
73956,mrfuzzy,1,1,0,0
73955,mrfuzzy,0,0,0,0
73958,lovebear,1,0,0,0
73959,mrfuzzy,0,0,0,0
73963,mrfuzzy,0,0,0,0
73962,mrfuzzy,0,0,0,0
73964,mrfuzzy,0,0,0,0
73967,mrfuzzy,1,0,0,0
73976,mrfuzzy,0,0,0,0
73979,mrfuzzy,0,0,0,0
73981,mrfuzzy,0,0,0,0
73984,mrfuzzy,1,1,1,1
73986,lovebear,0,0,0,0
73987,mrfuzzy,0,0,0,0
73990,mrfuzzy,0,0,0,0
73996,lovebear,0,0,0,0
73999,mrfuzzy,1,1,0,0
74003,mrfuzzy,0,0,0,0
74002,mrfuzzy,0,0,0,0
74006,mrfuzzy,1,1,1,1
74004,mrfuzzy,1,1,1,1
74005,mrfuzzy,0,0,0,0
74010,mrfuzzy,1,1,1,1
74012,mrfuzzy,0,0,0,0
74014,mrfuzzy,1,1,1,0
74013,mrfuzzy,1,1,1,0
74021,mrfuzzy,1,1,1,1
74018,lovebear,1,0,0,0
74024,mrfuzzy,0,0,0,0
74023,mrfuzzy,0,0,0,0
74026,lovebear,0,0,0,0
74030,mrfuzzy,0,0,0,0
74031,lovebear,0,0,0,0
74032,mrfuzzy,0,0,0,0
74034,mrfuzzy,0,0,0,0
74036,mrfuzzy,1,1,1,0
74040,mrfuzzy,1,1,0,0
74046,mrfuzzy,0,0,0,0
74045,lovebear,1,1,1,1
74048,mrfuzzy,1,1,1,1
74053,mrfuzzy,0,0,0,0
74055,mrfuzzy,0,0,0,0
74059,mrfuzzy,0,0,0,0
74058,lovebear,1,1,1,1
74064,mrfuzzy,1,1,1,1
74067,mrfuzzy,1,1,1,1
74076,mrfuzzy,1,0,0,0
74071,mrfuzzy,1,1,1,1
74080,lovebear,0,0,0,0
74082,mrfuzzy,0,0,0,0
74083,mrfuzzy,1,0,0,0
74084,mrfuzzy,0,0,0,0
74087,mrfuzzy,0,0,0,0
74092,mrfuzzy,0,0,0,0
74099,mrfuzzy,0,0,0,0
74103,mrfuzzy,0,0,0,0
74104,mrfuzzy,1,1,1,0
74114,lovebear,0,0,0,0
74116,lovebear,1,0,0,0
74117,mrfuzzy,1,1,0,0
74121,mrfuzzy,1,1,1,0
74126,mrfuzzy,0,0,0,0
74129,mrfuzzy,0,0,0,0
74131,mrfuzzy,1,1,1,1
74133,mrfuzzy,0,0,0,0
74132,mrfuzzy,1,0,0,0
74134,mrfuzzy,0,0,0,0
74139,mrfuzzy,1,1,1,0
74141,mrfuzzy,1,0,0,0
74142,mrfuzzy,0,0,0,0
74143,mrfuzzy,1,1,1,1
74145,mrfuzzy,0,0,0,0
74146,lovebear,0,0,0,0
74148,mrfuzzy,0,0,0,0
74149,lovebear,0,0,0,0
74150,mrfuzzy,1,0,0,0
74152,mrfuzzy,1,1,1,0
74156,mrfuzzy,1,1,1,1
74157,mrfuzzy,0,0,0,0
74166,mrfuzzy,0,0,0,0
74171,mrfuzzy,0,0,0,0
74174,mrfuzzy,1,0,0,0
74176,lovebear,0,0,0,0
74177,mrfuzzy,1,1,1,1
74178,mrfuzzy,1,0,0,0
74180,mrfuzzy,1,1,1,1
74182,mrfuzzy,1,1,1,0
74181,mrfuzzy,1,0,0,0
74183,mrfuzzy,1,0,0,0
74185,mrfuzzy,0,0,0,0
74187,mrfuzzy,1,1,1,1
74188,mrfuzzy,0,0,0,0
74192,mrfuzzy,1,0,0,0
74193,mrfuzzy,1,1,1,1
74194,lovebear,0,0,0,0
74196,mrfuzzy,0,0,0,0
74198,lovebear,0,0,0,0
74197,mrfuzzy,0,0,0,0
74199,mrfuzzy,1,1,1,1
74206,mrfuzzy,0,0,0,0
74207,mrfuzzy,0,0,0,0
74208,mrfuzzy,0,0,0,0
74213,mrfuzzy,0,0,0,0
74214,mrfuzzy,1,0,0,0
74212,mrfuzzy,0,0,0,0
74216,mrfuzzy,0,0,0,0
74220,mrfuzzy,1,1,1,0
74224,lovebear,0,0,0,0
74225,lovebear,0,0,0,0
74227,mrfuzzy,1,1,1,1
74232,mrfuzzy,0,0,0,0
74235,lovebear,1,1,1,1
74236,mrfuzzy,1,0,0,0
74239,mrfuzzy,0,0,0,0
74240,mrfuzzy,1,0,0,0
74242,mrfuzzy,0,0,0,0
74246,mrfuzzy,0,0,0,0
74249,mrfuzzy,0,0,0,0
74250,mrfuzzy,0,0,0,0
74257,mrfuzzy,0,0,0,0
74259,mrfuzzy,0,0,0,0
74260,mrfuzzy,0,0,0,0
74262,mrfuzzy,1,0,0,0
74263,mrfuzzy,0,0,0,0
74265,mrfuzzy,1,0,0,0
74266,mrfuzzy,0,0,0,0
74272,mrfuzzy,1,0,0,0
74274,mrfuzzy,0,0,0,0
74279,mrfuzzy,1,0,0,0
74277,mrfuzzy,0,0,0,0
74281,mrfuzzy,1,1,1,1
74283,mrfuzzy,0,0,0,0
74284,mrfuzzy,1,1,0,0
74285,mrfuzzy,1,1,1,0
74287,mrfuzzy,1,0,0,0
74288,mrfuzzy,0,0,0,0
74294,mrfuzzy,1,0,0,0
74296,mrfuzzy,0,0,0,0
74295,mrfuzzy,1,1,1,1
74301,mrfuzzy,0,0,0,0
74303,mrfuzzy,1,1,0,0
74305,mrfuzzy,1,1,0,0
74307,mrfuzzy,1,0,0,0
74306,mrfuzzy,0,0,0,0
74310,mrfuzzy,0,0,0,0
74309,mrfuzzy,0,0,0,0
74311,lovebear,0,0,0,0
74318,mrfuzzy,1,1,1,0
74319,mrfuzzy,0,0,0,0
74324,mrfuzzy,0,0,0,0
74326,mrfuzzy,1,1,1,1
74332,mrfuzzy,0,0,0,0
74334,lovebear,0,0,0,0
74333,mrfuzzy,1,1,0,0
74335,mrfuzzy,0,0,0,0
74336,mrfuzzy,0,0,0,0
74338,mrfuzzy,0,0,0,0
74337,mrfuzzy,0,0,0,0
74340,mrfuzzy,0,0,0,0
74346,mrfuzzy,1,1,0,0
74345,mrfuzzy,0,0,0,0
74350,mrfuzzy,1,1,0,0
74352,mrfuzzy,1,1,1,1
74354,mrfuzzy,1,1,1,0
74356,mrfuzzy,1,0,0,0
74359,mrfuzzy,0,0,0,0
74357,lovebear,0,0,0,0
74361,mrfuzzy,1,1,1,0
74363,mrfuzzy,1,1,1,1
74364,mrfuzzy,0,0,0,0
74369,mrfuzzy,1,1,1,1
74373,lovebear,0,0,0,0
74377,mrfuzzy,1,0,0,0
74378,mrfuzzy,0,0,0,0
74379,mrfuzzy,0,0,0,0
74382,mrfuzzy,1,1,1,0
74386,mrfuzzy,0,0,0,0
74389,mrfuzzy,0,0,0,0
74390,mrfuzzy,1,1,1,1
74393,mrfuzzy,0,0,0,0
74403,mrfuzzy,1,1,1,1
74402,mrfuzzy,1,1,0,0
74407,mrfuzzy,0,0,0,0
74408,mrfuzzy,0,0,0,0
74417,mrfuzzy,0,0,0,0
74418,mrfuzzy,0,0,0,0
74419,mrfuzzy,0,0,0,0
74420,mrfuzzy,0,0,0,0
74424,mrfuzzy,0,0,0,0
74426,mrfuzzy,0,0,0,0
74427,mrfuzzy,0,0,0,0
74428,mrfuzzy,0,0,0,0
74429,mrfuzzy,1,1,1,0
74431,mrfuzzy,0,0,0,0
74432,mrfuzzy,0,0,0,0
74434,mrfuzzy,0,0,0,0
74436,mrfuzzy,1,1,1,1
74437,mrfuzzy,0,0,0,0
74439,mrfuzzy,1,1,1,1
74441,mrfuzzy,0,0,0,0
74443,mrfuzzy,0,0,0,0
74445,mrfuzzy,0,0,0,0
74448,mrfuzzy,0,0,0,0
74451,mrfuzzy,1,1,1,0
74457,mrfuzzy,0,0,0,0
74459,mrfuzzy,0,0,0,0
74470,mrfuzzy,0,0,0,0
74473,mrfuzzy,0,0,0,0
74472,mrfuzzy,0,0,0,0
74474,mrfuzzy,0,0,0,0
74479,mrfuzzy,1,0,0,0
74481,mrfuzzy,0,0,0,0
74487,lovebear,0,0,0,0
74489,mrfuzzy,0,0,0,0
74491,mrfuzzy,0,0,0,0
74492,mrfuzzy,0,0,0,0
74495,mrfuzzy,1,0,0,0
74496,mrfuzzy,1,1,0,0
74500,mrfuzzy,0,0,0,0
74504,mrfuzzy,1,1,1,1
74502,lovebear,0,0,0,0
74503,mrfuzzy,1,1,1,1
74514,mrfuzzy,1,1,0,0
74508,mrfuzzy,1,1,1,1
74511,mrfuzzy,1,1,1,1
74515,mrfuzzy,0,0,0,0
74513,mrfuzzy,0,0,0,0
74524,mrfuzzy,0,0,0,0
74525,mrfuzzy,1,1,0,0
74530,mrfuzzy,1,0,0,0
74532,mrfuzzy,0,0,0,0
74537,mrfuzzy,0,0,0,0
74542,mrfuzzy,1,1,1,1
74544,mrfuzzy,0,0,0,0
74543,mrfuzzy,0,0,0,0
74550,mrfuzzy,0,0,0,0
74552,mrfuzzy,1,1,1,1
74559,mrfuzzy,0,0,0,0
74563,mrfuzzy,0,0,0,0
74569,mrfuzzy,0,0,0,0
74566,mrfuzzy,0,0,0,0
74570,mrfuzzy,0,0,0,0
74573,mrfuzzy,1,1,0,0
74575,mrfuzzy,0,0,0,0
74577,lovebear,1,0,0,0
74579,mrfuzzy,0,0,0,0
74580,mrfuzzy,0,0,0,0
74583,mrfuzzy,0,0,0,0
74585,mrfuzzy,1,1,1,1
74590,mrfuzzy,1,1,0,0
74591,mrfuzzy,1,1,1,1
74593,mrfuzzy,0,0,0,0
74594,mrfuzzy,1,1,1,1
74595,mrfuzzy,0,0,0,0
74599,mrfuzzy,0,0,0,0
74600,mrfuzzy,1,0,0,0
74601,mrfuzzy,0,0,0,0
74610,mrfuzzy,1,1,1,1
74612,mrfuzzy,0,0,0,0
74615,lovebear,0,0,0,0
74616,mrfuzzy,1,0,0,0
74617,mrfuzzy,1,1,1,0
74619,mrfuzzy,1,1,1,0
74623,mrfuzzy,0,0,0,0
74628,mrfuzzy,1,1,1,1
74627,mrfuzzy,0,0,0,0
74630,mrfuzzy,1,1,1,0
74632,mrfuzzy,1,1,1,0
74635,mrfuzzy,0,0,0,0
74634,mrfuzzy,0,0,0,0
74638,mrfuzzy,1,1,0,0
74641,mrfuzzy,1,1,1,1
74645,mrfuzzy,0,0,0,0
74646,mrfuzzy,1,1,1,1
74649,mrfuzzy,1,1,1,1
74650,mrfuzzy,1,0,0,0
74653,mrfuzzy,1,1,1,1
74651,mrfuzzy,0,0,0,0
74654,mrfuzzy,1,1,1,0
74657,mrfuzzy,1,0,0,0
74663,mrfuzzy,0,0,0,0
74666,mrfuzzy,1,1,1,1
74665,mrfuzzy,1,1,1,1
74667,mrfuzzy,1,1,1,0
74674,mrfuzzy,1,0,0,0
74677,mrfuzzy,0,0,0,0
74678,mrfuzzy,0,0,0,0
74687,lovebear,0,0,0,0
74691,mrfuzzy,0,0,0,0
74694,mrfuzzy,1,1,1,1
74695,mrfuzzy,0,0,0,0
74699,mrfuzzy,0,0,0,0
74702,mrfuzzy,0,0,0,0
74700,mrfuzzy,1,1,0,0
74703,mrfuzzy,1,0,0,0
74705,mrfuzzy,0,0,0,0
74708,mrfuzzy,0,0,0,0
74709,mrfuzzy,0,0,0,0
74711,lovebear,1,1,1,1
74712,mrfuzzy,0,0,0,0
74721,mrfuzzy,1,0,0,0
74724,mrfuzzy,1,1,1,0
74727,mrfuzzy,0,0,0,0
74726,mrfuzzy,0,0,0,0
74728,mrfuzzy,0,0,0,0
74730,mrfuzzy,1,1,1,1
74734,mrfuzzy,1,1,1,0
74735,mrfuzzy,1,1,1,1
74738,mrfuzzy,0,0,0,0
74737,mrfuzzy,1,0,0,0
74740,mrfuzzy,1,1,0,0
74742,mrfuzzy,0,0,0,0
74743,mrfuzzy,1,1,0,0
74745,mrfuzzy,0,0,0,0
74746,mrfuzzy,1,1,1,1
74747,mrfuzzy,1,1,1,1
74748,mrfuzzy,1,1,1,0
74751,mrfuzzy,1,0,0,0
74752,mrfuzzy,0,0,0,0
74756,mrfuzzy,0,0,0,0
74758,mrfuzzy,1,1,0,0
74760,mrfuzzy,0,0,0,0
74761,mrfuzzy,0,0,0,0
74763,mrfuzzy,0,0,0,0
74770,lovebear,1,0,0,0
74769,mrfuzzy,1,0,0,0
74771,mrfuzzy,1,1,1,1
74772,mrfuzzy,1,1,1,1
74773,lovebear,1,1,1,1
74776,lovebear,0,0,0,0
74777,mrfuzzy,0,0,0,0
74778,mrfuzzy,1,1,1,1
74780,lovebear,1,1,1,1
74782,mrfuzzy,1,0,0,0
74784,mrfuzzy,0,0,0,0
74787,mrfuzzy,1,0,0,0
74788,mrfuzzy,0,0,0,0
74790,lovebear,1,0,0,0
74791,mrfuzzy,0,0,0,0
74793,mrfuzzy,1,1,1,1
74796,mrfuzzy,0,0,0,0
74794,lovebear,0,0,0,0
74797,lovebear,1,1,0,0
74804,mrfuzzy,0,0,0,0
74806,mrfuzzy,1,0,0,0
74809,mrfuzzy,0,0,0,0
74814,mrfuzzy,0,0,0,0
74815,mrfuzzy,1,1,0,0
74816,mrfuzzy,0,0,0,0
74819,mrfuzzy,1,1,1,0
74821,mrfuzzy,1,1,1,1
74822,mrfuzzy,0,0,0,0
74823,mrfuzzy,1,1,1,1
74825,mrfuzzy,0,0,0,0
74832,mrfuzzy,0,0,0,0
74834,mrfuzzy,0,0,0,0
74837,mrfuzzy,1,1,1,0
74840,lovebear,1,0,0,0
74845,lovebear,1,1,0,0
74846,lovebear,0,0,0,0
74848,lovebear,0,0,0,0
74849,mrfuzzy,0,0,0,0
74850,mrfuzzy,0,0,0,0
74851,mrfuzzy,1,0,0,0
74852,mrfuzzy,0,0,0,0
74865,mrfuzzy,1,0,0,0
74870,mrfuzzy,1,1,1,1
74871,mrfuzzy,0,0,0,0
74873,mrfuzzy,1,0,0,0
74876,mrfuzzy,0,0,0,0
74878,mrfuzzy,0,0,0,0
74883,mrfuzzy,1,1,1,1
74888,mrfuzzy,0,0,0,0
74890,mrfuzzy,0,0,0,0
74889,mrfuzzy,1,1,1,1
74893,mrfuzzy,1,1,1,1
74895,mrfuzzy,1,1,1,0
74896,mrfuzzy,1,0,0,0
74900,mrfuzzy,0,0,0,0
74905,mrfuzzy,0,0,0,0
74907,mrfuzzy,0,0,0,0
74910,lovebear,1,1,1,0
74909,mrfuzzy,0,0,0,0
74915,mrfuzzy,1,1,1,1
74914,mrfuzzy,1,0,0,0
74918,mrfuzzy,0,0,0,0
74919,mrfuzzy,1,1,1,1
74920,mrfuzzy,0,0,0,0
74930,mrfuzzy,0,0,0,0
74933,mrfuzzy,1,1,1,1
74936,mrfuzzy,0,0,0,0
74937,mrfuzzy,0,0,0,0
74939,mrfuzzy,1,1,1,1
74941,mrfuzzy,1,0,0,0
74940,mrfuzzy,1,1,1,1
74944,mrfuzzy,0,0,0,0
74946,mrfuzzy,0,0,0,0
74947,mrfuzzy,0,0,0,0
74949,lovebear,0,0,0,0
74952,lovebear,0,0,0,0
74953,mrfuzzy,0,0,0,0
74961,mrfuzzy,0,0,0,0
74963,mrfuzzy,1,0,0,0
74964,mrfuzzy,0,0,0,0
74967,mrfuzzy,1,1,1,1
74968,mrfuzzy,0,0,0,0
74969,mrfuzzy,0,0,0,0
74970,lovebear,0,0,0,0
74971,mrfuzzy,0,0,0,0
74972,mrfuzzy,0,0,0,0
74974,mrfuzzy,0,0,0,0
74978,mrfuzzy,1,1,1,1
74979,lovebear,0,0,0,0
74980,mrfuzzy,1,1,1,0
74985,lovebear,0,0,0,0
74989,mrfuzzy,1,1,1,1
74992,mrfuzzy,0,0,0,0
74994,lovebear,0,0,0,0
74995,mrfuzzy,0,0,0,0
74998,lovebear,1,0,0,0
75000,mrfuzzy,1,1,1,1
75006,mrfuzzy,0,0,0,0
75007,lovebear,1,1,1,0
75008,mrfuzzy,1,0,0,0
75009,mrfuzzy,1,0,0,0
75010,lovebear,1,1,0,0
75011,lovebear,0,0,0,0
75013,mrfuzzy,0,0,0,0
75021,mrfuzzy,1,1,1,0
75022,mrfuzzy,1,0,0,0
75025,mrfuzzy,0,0,0,0
75026,mrfuzzy,1,1,1,0
75027,lovebear,0,0,0,0
75028,mrfuzzy,0,0,0,0
75030,mrfuzzy,0,0,0,0
75031,lovebear,0,0,0,0
75034,mrfuzzy,1,1,1,1
75037,lovebear,0,0,0,0
75040,mrfuzzy,0,0,0,0
75042,mrfuzzy,0,0,0,0
75044,lovebear,0,0,0,0
75046,mrfuzzy,1,0,0,0
75047,mrfuzzy,1,1,1,0
75048,mrfuzzy,0,0,0,0
75052,mrfuzzy,1,0,0,0
75053,mrfuzzy,0,0,0,0
75054,mrfuzzy,0,0,0,0
75058,mrfuzzy,1,1,1,1
75060,mrfuzzy,1,1,1,1
75062,mrfuzzy,0,0,0,0
75064,mrfuzzy,1,1,1,1
75067,mrfuzzy,0,0,0,0
75068,mrfuzzy,1,1,1,0
75078,mrfuzzy,0,0,0,0
75079,mrfuzzy,0,0,0,0
75081,mrfuzzy,1,0,0,0
75083,mrfuzzy,0,0,0,0
75085,mrfuzzy,0,0,0,0
75086,mrfuzzy,0,0,0,0
75091,mrfuzzy,0,0,0,0
75098,lovebear,0,0,0,0
75101,lovebear,0,0,0,0
75106,mrfuzzy,1,1,1,1
75105,mrfuzzy,0,0,0,0
75110,mrfuzzy,1,1,0,0
75111,mrfuzzy,0,0,0,0
75112,mrfuzzy,1,1,1,1
75114,mrfuzzy,1,1,1,1
75119,mrfuzzy,1,0,0,0
75121,mrfuzzy,1,1,1,0
75120,mrfuzzy,0,0,0,0
75122,mrfuzzy,1,1,1,1
75126,mrfuzzy,0,0,0,0
75128,mrfuzzy,1,0,0,0
75129,mrfuzzy,1,0,0,0
75133,lovebear,0,0,0,0
75140,mrfuzzy,0,0,0,0
75141,lovebear,1,1,0,0
75142,mrfuzzy,0,0,0,0
75151,mrfuzzy,1,1,1,0
75152,mrfuzzy,1,0,0,0
75153,mrfuzzy,1,1,1,0
75154,mrfuzzy,0,0,0,0
75155,mrfuzzy,1,1,0,0
75159,mrfuzzy,0,0,0,0
75164,mrfuzzy,0,0,0,0
75166,lovebear,1,1,1,1
75167,mrfuzzy,0,0,0,0
75170,mrfuzzy,1,1,1,0
75172,mrfuzzy,1,1,0,0
75176,mrfuzzy,1,1,1,1
75178,mrfuzzy,0,0,0,0
75180,mrfuzzy,1,1,0,0
75181,mrfuzzy,1,1,1,1
75190,mrfuzzy,1,1,1,1
75194,mrfuzzy,1,1,1,1
75195,mrfuzzy,0,0,0,0
75202,mrfuzzy,0,0,0,0
75205,mrfuzzy,0,0,0,0
75207,lovebear,1,1,0,0
75209,mrfuzzy,0,0,0,0
75210,mrfuzzy,1,1,1,1
75208,mrfuzzy,0,0,0,0
75213,lovebear,0,0,0,0
75219,mrfuzzy,1,1,1,1
75218,mrfuzzy,1,0,0,0
75221,mrfuzzy,0,0,0,0
75224,mrfuzzy,0,0,0,0
75226,mrfuzzy,0,0,0,0
75227,mrfuzzy,0,0,0,0
75233,lovebear,1,1,1,1
75232,mrfuzzy,1,1,1,1
75237,mrfuzzy,0,0,0,0
75238,lovebear,1,1,1,1
75240,mrfuzzy,0,0,0,0
75244,lovebear,0,0,0,0
75247,mrfuzzy,1,1,1,1
75249,mrfuzzy,1,1,1,1
75256,mrfuzzy,0,0,0,0
75271,mrfuzzy,0,0,0,0
75273,mrfuzzy,1,0,0,0
75274,lovebear,1,1,1,1
75280,mrfuzzy,1,0,0,0
75284,mrfuzzy,0,0,0,0
75286,mrfuzzy,1,0,0,0
75287,mrfuzzy,1,1,1,1
75288,mrfuzzy,0,0,0,0
75290,mrfuzzy,0,0,0,0
75292,mrfuzzy,1,0,0,0
75293,mrfuzzy,1,1,1,0
75295,mrfuzzy,0,0,0,0
75296,mrfuzzy,0,0,0,0
75300,mrfuzzy,0,0,0,0
75304,mrfuzzy,1,1,1,1
75307,mrfuzzy,0,0,0,0
75309,mrfuzzy,1,0,0,0
75312,mrfuzzy,0,0,0,0
75322,mrfuzzy,0,0,0,0
75324,mrfuzzy,1,1,1,1
75325,mrfuzzy,1,1,0,0
75329,mrfuzzy,1,1,1,1
75332,mrfuzzy,0,0,0,0
75333,lovebear,1,1,0,0
75334,mrfuzzy,1,0,0,0
75339,mrfuzzy,0,0,0,0
75343,mrfuzzy,1,1,1,0
75344,mrfuzzy,0,0,0,0
75348,mrfuzzy,0,0,0,0
75351,mrfuzzy,0,0,0,0
75354,lovebear,1,1,1,1
75353,mrfuzzy,0,0,0,0
75355,mrfuzzy,0,0,0,0
75358,mrfuzzy,1,1,0,0
75359,mrfuzzy,1,1,1,0
75360,mrfuzzy,1,1,1,1
75361,mrfuzzy,1,1,0,0
75368,mrfuzzy,0,0,0,0
75369,mrfuzzy,1,0,0,0
75374,lovebear,0,0,0,0
75378,lovebear,1,1,1,1
75380,mrfuzzy,1,1,1,0
75381,lovebear,0,0,0,0
75383,mrfuzzy,1,1,1,1
75385,mrfuzzy,1,0,0,0
75386,mrfuzzy,0,0,0,0
75392,mrfuzzy,1,1,1,0
75391,lovebear,1,0,0,0
75393,mrfuzzy,1,1,1,1
75399,mrfuzzy,1,1,1,0
75408,lovebear,1,1,1,0
75417,mrfuzzy,1,0,0,0
75418,mrfuzzy,1,0,0,0
75419,lovebear,1,1,0,0
75420,mrfuzzy,0,0,0,0
75422,mrfuzzy,0,0,0,0
75425,mrfuzzy,0,0,0,0
75426,mrfuzzy,1,1,1,1
75428,mrfuzzy,1,1,1,0
75431,mrfuzzy,0,0,0,0
75432,lovebear,0,0,0,0
75435,lovebear,1,1,1,0
75436,mrfuzzy,1,1,1,0
75440,mrfuzzy,1,1,1,1
75442,mrfuzzy,0,0,0,0
75445,lovebear,1,1,0,0
75444,mrfuzzy,0,0,0,0
75446,mrfuzzy,0,0,0,0
75454,mrfuzzy,1,1,1,1
75458,mrfuzzy,0,0,0,0
75459,mrfuzzy,0,0,0,0
75461,mrfuzzy,0,0,0,0
75466,lovebear,1,1,0,0
75469,lovebear,1,0,0,0
75468,mrfuzzy,1,0,0,0
75471,mrfuzzy,0,0,0,0
75470,mrfuzzy,0,0,0,0
75473,mrfuzzy,0,0,0,0
75479,mrfuzzy,1,0,0,0
75481,mrfuzzy,1,1,1,0
75486,mrfuzzy,0,0,0,0
75489,mrfuzzy,1,1,1,1
75490,mrfuzzy,0,0,0,0
75495,mrfuzzy,1,0,0,0
75498,lovebear,1,1,1,0
75500,mrfuzzy,0,0,0,0
75501,mrfuzzy,1,1,1,1
75503,mrfuzzy,0,0,0,0
75506,mrfuzzy,0,0,0,0
75507,mrfuzzy,1,1,1,1
75508,lovebear,1,1,0,0
75509,mrfuzzy,1,0,0,0
75510,lovebear,1,0,0,0
75511,mrfuzzy,0,0,0,0
75514,mrfuzzy,0,0,0,0
75515,lovebear,1,1,1,1
75518,mrfuzzy,1,0,0,0
75519,mrfuzzy,0,0,0,0
75521,mrfuzzy,0,0,0,0
75523,mrfuzzy,0,0,0,0
75522,mrfuzzy,0,0,0,0
75526,mrfuzzy,1,1,0,0
75528,mrfuzzy,0,0,0,0
75529,lovebear,1,1,0,0
75530,mrfuzzy,1,1,1,1
75534,lovebear,1,1,1,1
75537,mrfuzzy,0,0,0,0
75538,mrfuzzy,1,1,1,1
75540,mrfuzzy,0,0,0,0
75545,mrfuzzy,0,0,0,0
75546,mrfuzzy,1,1,1,0
75547,mrfuzzy,0,0,0,0
75555,mrfuzzy,0,0,0,0
75563,lovebear,1,0,0,0
75565,mrfuzzy,0,0,0,0
75564,mrfuzzy,1,0,0,0
75572,mrfuzzy,1,1,1,1
75576,lovebear,1,1,1,1
75582,lovebear,0,0,0,0
75583,mrfuzzy,0,0,0,0
75587,mrfuzzy,1,1,1,1
75590,mrfuzzy,1,1,1,1
75589,mrfuzzy,1,1,0,0
75594,mrfuzzy,0,0,0,0
75596,mrfuzzy,0,0,0,0
75598,mrfuzzy,0,0,0,0
75599,mrfuzzy,1,0,0,0
75604,mrfuzzy,0,0,0,0
75606,mrfuzzy,0,0,0,0
75607,mrfuzzy,1,1,1,1
75608,mrfuzzy,1,1,1,0
75610,mrfuzzy,0,0,0,0
75611,mrfuzzy,0,0,0,0
75613,mrfuzzy,1,1,1,0
75614,lovebear,1,1,1,0
75612,mrfuzzy,0,0,0,0
75619,lovebear,0,0,0,0
75625,mrfuzzy,0,0,0,0
75630,mrfuzzy,1,1,1,1
75634,mrfuzzy,1,1,1,1
75637,mrfuzzy,1,1,1,0
75636,mrfuzzy,0,0,0,0
75640,mrfuzzy,1,0,0,0
75643,mrfuzzy,0,0,0,0
75644,mrfuzzy,1,0,0,0
75645,mrfuzzy,1,1,1,0
75649,mrfuzzy,0,0,0,0
75651,mrfuzzy,0,0,0,0
75654,mrfuzzy,1,1,1,1
75656,mrfuzzy,0,0,0,0
75658,lovebear,0,0,0,0
75664,mrfuzzy,1,1,1,0
75666,mrfuzzy,0,0,0,0
75668,mrfuzzy,1,1,1,0
75671,mrfuzzy,1,1,1,0
75670,lovebear,1,1,1,1
75674,mrfuzzy,0,0,0,0
75676,mrfuzzy,0,0,0,0
75679,mrfuzzy,0,0,0,0
75680,mrfuzzy,0,0,0,0
75684,mrfuzzy,0,0,0,0
75688,mrfuzzy,0,0,0,0
75696,mrfuzzy,1,1,1,1
75698,lovebear,1,1,1,0
75701,mrfuzzy,1,1,0,0
75703,mrfuzzy,1,1,1,1
75705,lovebear,0,0,0,0
75710,mrfuzzy,1,1,1,0
75718,mrfuzzy,0,0,0,0
75722,mrfuzzy,0,0,0,0
75725,mrfuzzy,1,1,1,1
75731,mrfuzzy,0,0,0,0
75734,mrfuzzy,0,0,0,0
75735,mrfuzzy,1,1,1,1
75737,mrfuzzy,0,0,0,0
75745,mrfuzzy,0,0,0,0
75751,mrfuzzy,1,1,1,0
75752,mrfuzzy,0,0,0,0
75753,mrfuzzy,1,0,0,0
75759,mrfuzzy,1,0,0,0
75758,mrfuzzy,1,1,0,0
75761,mrfuzzy,0,0,0,0
75763,mrfuzzy,1,1,0,0
75765,mrfuzzy,1,1,1,1
75766,mrfuzzy,1,1,1,1
75777,lovebear,1,1,1,0
75780,mrfuzzy,0,0,0,0
75781,lovebear,0,0,0,0
75783,mrfuzzy,0,0,0,0
75788,mrfuzzy,1,1,1,0
75789,mrfuzzy,1,1,1,1
75790,mrfuzzy,0,0,0,0
75793,lovebear,0,0,0,0
75794,mrfuzzy,1,1,1,1
75795,mrfuzzy,0,0,0,0
75796,mrfuzzy,1,1,1,1
75798,mrfuzzy,1,1,1,1
75800,mrfuzzy,0,0,0,0
75801,lovebear,1,1,1,0
75802,mrfuzzy,0,0,0,0
75803,mrfuzzy,1,1,1,1
75811,mrfuzzy,1,0,0,0
75810,mrfuzzy,0,0,0,0
75813,mrfuzzy,0,0,0,0
75816,mrfuzzy,0,0,0,0
75817,mrfuzzy,1,0,0,0
75822,mrfuzzy,0,0,0,0
75824,lovebear,1,1,1,1
75825,mrfuzzy,1,0,0,0
75830,lovebear,1,0,0,0
75836,mrfuzzy,1,1,1,0
75835,mrfuzzy,0,0,0,0
75840,mrfuzzy,1,1,1,0
75843,mrfuzzy,0,0,0,0
75847,mrfuzzy,1,1,1,1
75853,mrfuzzy,1,1,1,0
75854,mrfuzzy,0,0,0,0
75856,mrfuzzy,0,0,0,0
75861,mrfuzzy,0,0,0,0
75864,mrfuzzy,0,0,0,0
75865,mrfuzzy,0,0,0,0
75866,mrfuzzy,0,0,0,0
75870,mrfuzzy,0,0,0,0
75871,mrfuzzy,1,0,0,0
75872,mrfuzzy,1,1,1,1
75874,mrfuzzy,0,0,0,0
75875,mrfuzzy,1,0,0,0
75873,lovebear,1,1,1,1
75876,lovebear,0,0,0,0
75878,lovebear,1,1,1,1
75881,mrfuzzy,1,1,0,0
75879,lovebear,1,1,1,1
75882,mrfuzzy,0,0,0,0
75880,mrfuzzy,0,0,0,0
75886,mrfuzzy,0,0,0,0
75885,mrfuzzy,0,0,0,0
75890,mrfuzzy,0,0,0,0
75888,mrfuzzy,0,0,0,0
75891,mrfuzzy,1,1,1,0
75893,mrfuzzy,0,0,0,0
75898,mrfuzzy,1,1,1,1
75895,mrfuzzy,1,1,1,1
75899,mrfuzzy,0,0,0,0
75897,lovebear,1,1,1,1
75900,mrfuzzy,0,0,0,0
75903,mrfuzzy,0,0,0,0
75908,mrfuzzy,0,0,0,0
75909,mrfuzzy,0,0,0,0
75912,mrfuzzy,1,0,0,0
75919,mrfuzzy,0,0,0,0
75923,mrfuzzy,0,0,0,0
75927,mrfuzzy,1,1,1,1
75929,mrfuzzy,1,1,1,1
75930,mrfuzzy,0,0,0,0
75934,mrfuzzy,0,0,0,0
75933,mrfuzzy,1,1,1,1
75936,mrfuzzy,0,0,0,0
75939,lovebear,0,0,0,0
75942,mrfuzzy,0,0,0,0
75946,mrfuzzy,1,1,1,1
75949,mrfuzzy,0,0,0,0
75950,mrfuzzy,0,0,0,0
75951,mrfuzzy,1,0,0,0
75952,mrfuzzy,0,0,0,0
75959,mrfuzzy,1,1,0,0
75957,mrfuzzy,1,1,1,1
75964,mrfuzzy,1,1,1,1
75962,mrfuzzy,1,1,1,1
75967,mrfuzzy,1,0,0,0
75971,mrfuzzy,0,0,0,0
75972,mrfuzzy,0,0,0,0
75976,mrfuzzy,0,0,0,0
75978,lovebear,1,1,1,0
75984,mrfuzzy,1,1,1,0
75985,mrfuzzy,1,0,0,0
75987,mrfuzzy,1,0,0,0
75986,mrfuzzy,1,1,1,1
75988,mrfuzzy,0,0,0,0
75989,mrfuzzy,0,0,0,0
75990,mrfuzzy,1,1,1,1
75996,mrfuzzy,0,0,0,0
75997,mrfuzzy,1,1,0,0
75999,mrfuzzy,1,1,1,1
76000,lovebear,0,0,0,0
76001,mrfuzzy,0,0,0,0
76003,mrfuzzy,0,0,0,0
76006,mrfuzzy,1,1,1,1
76012,mrfuzzy,0,0,0,0
76015,mrfuzzy,0,0,0,0
76016,mrfuzzy,1,0,0,0
76017,lovebear,1,1,1,1
76022,mrfuzzy,1,0,0,0
76025,mrfuzzy,1,1,1,0
76026,lovebear,0,0,0,0
76028,mrfuzzy,1,1,1,1
76032,mrfuzzy,0,0,0,0
76033,mrfuzzy,0,0,0,0
76036,mrfuzzy,0,0,0,0
76039,mrfuzzy,0,0,0,0
76041,mrfuzzy,1,0,0,0
76045,mrfuzzy,0,0,0,0
76046,mrfuzzy,0,0,0,0
76047,lovebear,1,1,1,0
76048,mrfuzzy,0,0,0,0
76059,mrfuzzy,0,0,0,0
76063,mrfuzzy,0,0,0,0
76065,lovebear,0,0,0,0
76066,lovebear,1,1,1,1
76069,mrfuzzy,0,0,0,0
76070,mrfuzzy,0,0,0,0
76078,mrfuzzy,1,0,0,0
76079,mrfuzzy,1,0,0,0
76083,mrfuzzy,1,0,0,0
76082,mrfuzzy,1,0,0,0
76084,mrfuzzy,0,0,0,0
76088,mrfuzzy,0,0,0,0
76095,mrfuzzy,0,0,0,0
76097,mrfuzzy,0,0,0,0
76098,mrfuzzy,1,0,0,0
76099,mrfuzzy,0,0,0,0
76102,mrfuzzy,1,0,0,0
76104,mrfuzzy,0,0,0,0
76107,lovebear,0,0,0,0
76110,mrfuzzy,1,1,1,1
76116,mrfuzzy,1,1,1,0
76114,mrfuzzy,1,0,0,0
76118,mrfuzzy,1,1,1,0
76121,mrfuzzy,0,0,0,0
76122,lovebear,0,0,0,0
76123,mrfuzzy,1,1,0,0
76124,mrfuzzy,0,0,0,0
76127,mrfuzzy,1,1,0,0
76130,mrfuzzy,0,0,0,0
76132,mrfuzzy,1,0,0,0
76135,mrfuzzy,0,0,0,0
76136,mrfuzzy,1,1,1,1
76137,mrfuzzy,0,0,0,0
76139,lovebear,0,0,0,0
76144,mrfuzzy,0,0,0,0
76146,mrfuzzy,1,0,0,0
76148,mrfuzzy,1,0,0,0
76149,mrfuzzy,0,0,0,0
76151,lovebear,1,0,0,0
76155,mrfuzzy,0,0,0,0
76156,mrfuzzy,0,0,0,0
76157,mrfuzzy,0,0,0,0
76159,mrfuzzy,0,0,0,0
76160,mrfuzzy,1,1,1,1
76162,mrfuzzy,1,1,1,0
76165,mrfuzzy,0,0,0,0
76166,mrfuzzy,0,0,0,0
76167,lovebear,0,0,0,0
76168,mrfuzzy,1,0,0,0
76171,mrfuzzy,0,0,0,0
76172,mrfuzzy,0,0,0,0
76173,mrfuzzy,1,1,1,1
76178,mrfuzzy,1,0,0,0
76180,lovebear,0,0,0,0
76183,mrfuzzy,0,0,0,0
76187,mrfuzzy,0,0,0,0
76190,mrfuzzy,0,0,0,0
76191,mrfuzzy,1,0,0,0
76194,mrfuzzy,0,0,0,0
76195,mrfuzzy,0,0,0,0
76199,mrfuzzy,0,0,0,0
76196,mrfuzzy,0,0,0,0
76197,mrfuzzy,0,0,0,0
76201,mrfuzzy,1,1,1,1
76203,mrfuzzy,0,0,0,0
76208,mrfuzzy,1,1,1,1
76210,mrfuzzy,1,0,0,0
76212,mrfuzzy,0,0,0,0
76214,lovebear,0,0,0,0
76215,mrfuzzy,0,0,0,0
76216,mrfuzzy,1,1,1,1
76218,mrfuzzy,0,0,0,0
76219,mrfuzzy,1,0,0,0
76221,mrfuzzy,0,0,0,0
76222,mrfuzzy,0,0,0,0
76226,lovebear,1,0,0,0
76227,mrfuzzy,0,0,0,0
76231,mrfuzzy,1,0,0,0
76232,mrfuzzy,0,0,0,0
76235,mrfuzzy,1,1,0,0
76245,mrfuzzy,0,0,0,0
76243,mrfuzzy,1,0,0,0
76249,mrfuzzy,0,0,0,0
76250,mrfuzzy,0,0,0,0
76253,mrfuzzy,0,0,0,0
76255,mrfuzzy,0,0,0,0
76256,mrfuzzy,0,0,0,0
76260,mrfuzzy,0,0,0,0
76262,mrfuzzy,1,1,1,1
76263,mrfuzzy,0,0,0,0
76264,mrfuzzy,1,1,0,0
76266,mrfuzzy,1,0,0,0
76267,mrfuzzy,0,0,0,0
76274,mrfuzzy,0,0,0,0
76275,mrfuzzy,1,1,1,0
76278,mrfuzzy,1,0,0,0
76277,mrfuzzy,0,0,0,0
76280,mrfuzzy,0,0,0,0
76279,mrfuzzy,0,0,0,0
76281,mrfuzzy,0,0,0,0
76283,lovebear,0,0,0,0
76289,mrfuzzy,0,0,0,0
76291,mrfuzzy,0,0,0,0
76293,mrfuzzy,0,0,0,0
76296,mrfuzzy,0,0,0,0
76297,mrfuzzy,1,1,1,0
76298,mrfuzzy,0,0,0,0
76300,mrfuzzy,0,0,0,0
76305,mrfuzzy,1,1,1,0
76306,mrfuzzy,0,0,0,0
76309,mrfuzzy,1,0,0,0
76313,mrfuzzy,1,0,0,0
76317,mrfuzzy,0,0,0,0
76323,mrfuzzy,0,0,0,0
76324,mrfuzzy,0,0,0,0
76337,mrfuzzy,0,0,0,0
76338,lovebear,0,0,0,0
76343,mrfuzzy,1,1,0,0
76344,mrfuzzy,1,1,1,1
76345,lovebear,1,1,1,1
76347,mrfuzzy,0,0,0,0
76350,mrfuzzy,1,1,1,1
76354,mrfuzzy,0,0,0,0
76357,mrfuzzy,1,1,1,1
76360,mrfuzzy,1,1,1,1
76364,mrfuzzy,0,0,0,0
76365,mrfuzzy,0,0,0,0
76368,lovebear,1,0,0,0
76369,mrfuzzy,1,0,0,0
76373,mrfuzzy,0,0,0,0
76375,lovebear,1,0,0,0
76378,mrfuzzy,1,0,0,0
76380,mrfuzzy,1,1,1,1
76382,mrfuzzy,0,0,0,0
76383,mrfuzzy,1,0,0,0
76386,mrfuzzy,0,0,0,0
76389,mrfuzzy,0,0,0,0
76391,lovebear,0,0,0,0
76394,mrfuzzy,0,0,0,0
76396,mrfuzzy,0,0,0,0
76397,mrfuzzy,0,0,0,0
76401,mrfuzzy,0,0,0,0
76404,mrfuzzy,1,1,1,0
76403,mrfuzzy,0,0,0,0
76406,mrfuzzy,0,0,0,0
76410,mrfuzzy,0,0,0,0
76413,mrfuzzy,1,1,1,1
76417,mrfuzzy,0,0,0,0
76420,mrfuzzy,1,1,1,0
76424,mrfuzzy,0,0,0,0
76425,mrfuzzy,0,0,0,0
76427,mrfuzzy,1,1,1,1
76428,mrfuzzy,1,1,1,1
76429,mrfuzzy,1,1,1,1
76432,mrfuzzy,1,1,1,1
76437,mrfuzzy,0,0,0,0
76445,mrfuzzy,1,1,1,1
76446,mrfuzzy,1,1,1,0
76447,mrfuzzy,0,0,0,0
76450,mrfuzzy,0,0,0,0
76453,lovebear,0,0,0,0
76459,mrfuzzy,1,1,1,0
76462,lovebear,0,0,0,0
76464,mrfuzzy,1,1,1,1
76465,mrfuzzy,0,0,0,0
76467,mrfuzzy,1,1,1,0
76469,mrfuzzy,1,0,0,0
76470,mrfuzzy,0,0,0,0
76476,lovebear,1,0,0,0
76479,mrfuzzy,0,0,0,0
76480,mrfuzzy,0,0,0,0
76483,mrfuzzy,0,0,0,0
76484,mrfuzzy,1,1,1,0
76485,mrfuzzy,0,0,0,0
76486,lovebear,0,0,0,0
76487,mrfuzzy,0,0,0,0
76490,mrfuzzy,0,0,0,0
76495,mrfuzzy,0,0,0,0
76496,mrfuzzy,0,0,0,0
76499,mrfuzzy,1,1,1,1
76500,lovebear,1,0,0,0
76502,mrfuzzy,1,0,0,0
76506,mrfuzzy,0,0,0,0
76510,mrfuzzy,1,1,1,1
76511,mrfuzzy,0,0,0,0
76516,lovebear,1,1,1,1
76523,mrfuzzy,0,0,0,0
76529,mrfuzzy,0,0,0,0
76536,mrfuzzy,0,0,0,0
76535,mrfuzzy,0,0,0,0
76538,mrfuzzy,0,0,0,0
76541,lovebear,0,0,0,0
76551,mrfuzzy,1,0,0,0
76552,mrfuzzy,1,0,0,0
76553,mrfuzzy,0,0,0,0
76556,mrfuzzy,0,0,0,0
76562,mrfuzzy,1,1,1,1
76564,mrfuzzy,1,0,0,0
76568,mrfuzzy,0,0,0,0
76567,mrfuzzy,0,0,0,0
76569,mrfuzzy,0,0,0,0
76574,mrfuzzy,1,1,1,0
76579,mrfuzzy,1,1,1,1
76580,mrfuzzy,1,1,1,0
76582,mrfuzzy,0,0,0,0
76585,mrfuzzy,1,1,1,1
76587,lovebear,1,1,1,1
76588,lovebear,1,1,1,1
76592,mrfuzzy,1,1,1,1
76596,mrfuzzy,0,0,0,0
76595,mrfuzzy,1,0,0,0
76599,mrfuzzy,0,0,0,0
76604,mrfuzzy,0,0,0,0
76613,lovebear,0,0,0,0
76616,mrfuzzy,1,1,1,1
76617,mrfuzzy,0,0,0,0
76621,lovebear,0,0,0,0
76622,mrfuzzy,1,1,0,0
76624,lovebear,1,1,1,1
76631,mrfuzzy,0,0,0,0
76640,lovebear,1,1,0,0
76642,mrfuzzy,1,0,0,0
76643,mrfuzzy,1,0,0,0
76648,mrfuzzy,0,0,0,0
76651,mrfuzzy,0,0,0,0
76652,mrfuzzy,0,0,0,0
76653,mrfuzzy,1,1,1,1
76654,mrfuzzy,0,0,0,0
76659,mrfuzzy,1,1,1,1
76660,mrfuzzy,1,1,1,1
76661,lovebear,1,0,0,0
76671,mrfuzzy,0,0,0,0
76672,mrfuzzy,1,1,0,0
76676,mrfuzzy,0,0,0,0
76677,mrfuzzy,0,0,0,0
76679,mrfuzzy,0,0,0,0
76680,mrfuzzy,0,0,0,0
76681,mrfuzzy,0,0,0,0
76683,mrfuzzy,0,0,0,0
76686,mrfuzzy,0,0,0,0
76688,mrfuzzy,0,0,0,0
76690,lovebear,1,1,1,1
76691,mrfuzzy,0,0,0,0
76692,mrfuzzy,0,0,0,0
76695,mrfuzzy,1,1,1,1
76696,mrfuzzy,0,0,0,0
76697,mrfuzzy,1,1,1,1
76700,mrfuzzy,0,0,0,0
76711,mrfuzzy,1,1,1,1
76710,mrfuzzy,1,0,0,0
76713,mrfuzzy,0,0,0,0
76716,lovebear,0,0,0,0
76717,mrfuzzy,0,0,0,0
76725,mrfuzzy,0,0,0,0
76729,mrfuzzy,0,0,0,0
76730,mrfuzzy,1,1,1,0
76731,mrfuzzy,1,1,0,0
76732,mrfuzzy,0,0,0,0
76733,mrfuzzy,1,1,1,1
76737,mrfuzzy,0,0,0,0
76744,mrfuzzy,0,0,0,0
76746,mrfuzzy,0,0,0,0
76749,mrfuzzy,1,0,0,0
76753,mrfuzzy,0,0,0,0
76757,mrfuzzy,0,0,0,0
76758,mrfuzzy,1,1,1,0
76759,lovebear,1,1,1,0
76761,lovebear,1,1,1,1
76762,mrfuzzy,1,1,0,0
76766,mrfuzzy,0,0,0,0
76765,mrfuzzy,0,0,0,0
76769,mrfuzzy,0,0,0,0
76771,mrfuzzy,0,0,0,0
76773,lovebear,1,0,0,0
76780,mrfuzzy,0,0,0,0
76777,mrfuzzy,1,0,0,0
76782,mrfuzzy,0,0,0,0
76783,lovebear,0,0,0,0
76785,mrfuzzy,1,0,0,0
76786,mrfuzzy,1,1,1,1
76787,mrfuzzy,0,0,0,0
76791,mrfuzzy,0,0,0,0
76792,mrfuzzy,1,1,1,1
76793,mrfuzzy,0,0,0,0
76794,lovebear,1,1,1,1
76797,mrfuzzy,0,0,0,0
76796,mrfuzzy,0,0,0,0
76801,mrfuzzy,0,0,0,0
76804,mrfuzzy,1,1,1,0
76805,mrfuzzy,0,0,0,0
76807,mrfuzzy,1,1,1,1
76809,lovebear,1,1,1,0
76810,lovebear,0,0,0,0
76812,lovebear,1,1,1,0
76814,mrfuzzy,0,0,0,0
76815,mrfuzzy,0,0,0,0
76817,mrfuzzy,1,1,1,1
76818,mrfuzzy,0,0,0,0
76828,mrfuzzy,0,0,0,0
76829,mrfuzzy,1,0,0,0
76837,lovebear,1,1,0,0
76838,mrfuzzy,0,0,0,0
76840,mrfuzzy,1,1,1,1
76839,mrfuzzy,0,0,0,0
76841,mrfuzzy,0,0,0,0
76843,mrfuzzy,0,0,0,0
76845,mrfuzzy,0,0,0,0
76846,mrfuzzy,1,1,1,1
76848,lovebear,1,0,0,0
76849,mrfuzzy,0,0,0,0
76851,lovebear,0,0,0,0
76857,mrfuzzy,0,0,0,0
76863,mrfuzzy,1,0,0,0
76864,lovebear,1,0,0,0
76865,mrfuzzy,1,0,0,0
76871,mrfuzzy,0,0,0,0
76874,mrfuzzy,1,1,0,0
76875,mrfuzzy,1,1,1,1
76878,mrfuzzy,0,0,0,0
76877,mrfuzzy,0,0,0,0
76879,mrfuzzy,1,1,1,0
76880,mrfuzzy,1,1,1,1
76882,mrfuzzy,1,1,1,1
76883,mrfuzzy,1,0,0,0
76884,lovebear,1,1,1,0
76887,lovebear,0,0,0,0
76893,mrfuzzy,0,0,0,0
76895,mrfuzzy,1,1,1,0
76897,mrfuzzy,0,0,0,0
76901,mrfuzzy,0,0,0,0
76911,mrfuzzy,1,1,1,0
76914,mrfuzzy,0,0,0,0
76913,mrfuzzy,0,0,0,0
76921,mrfuzzy,0,0,0,0
76923,mrfuzzy,0,0,0,0
76924,lovebear,1,1,0,0
76928,mrfuzzy,0,0,0,0
76933,mrfuzzy,0,0,0,0
76935,mrfuzzy,0,0,0,0
76934,mrfuzzy,1,0,0,0
76939,mrfuzzy,1,0,0,0
76941,lovebear,0,0,0,0
76947,mrfuzzy,0,0,0,0
76950,mrfuzzy,1,1,1,1
76951,mrfuzzy,1,1,0,0
76952,mrfuzzy,0,0,0,0
76954,mrfuzzy,1,1,1,1
76956,mrfuzzy,1,1,0,0
76959,lovebear,1,1,1,1
76960,mrfuzzy,0,0,0,0
76961,mrfuzzy,0,0,0,0
76963,mrfuzzy,1,1,1,1
76965,mrfuzzy,1,1,1,1
76967,mrfuzzy,1,1,1,0
76968,lovebear,1,1,1,1
76970,mrfuzzy,1,1,1,0
76971,mrfuzzy,0,0,0,0
76977,lovebear,1,1,0,0
76979,mrfuzzy,0,0,0,0
76981,mrfuzzy,0,0,0,0
76980,mrfuzzy,0,0,0,0
76982,mrfuzzy,1,1,1,1
76985,lovebear,1,1,1,1
76989,lovebear,1,1,1,0
76991,mrfuzzy,1,0,0,0
76990,lovebear,1,0,0,0
76992,mrfuzzy,0,0,0,0
76995,mrfuzzy,0,0,0,0
76997,mrfuzzy,0,0,0,0
76998,mrfuzzy,1,1,1,0
77004,mrfuzzy,0,0,0,0
77005,mrfuzzy,1,0,0,0
77007,mrfuzzy,1,1,0,0
77009,mrfuzzy,0,0,0,0
77012,mrfuzzy,0,0,0,0
77013,mrfuzzy,0,0,0,0
77015,mrfuzzy,0,0,0,0
77018,mrfuzzy,0,0,0,0
77022,mrfuzzy,1,0,0,0
77031,mrfuzzy,0,0,0,0
77032,mrfuzzy,1,1,1,1
77034,mrfuzzy,1,1,1,1
77036,mrfuzzy,0,0,0,0
77039,mrfuzzy,1,0,0,0
77041,mrfuzzy,1,1,1,0
77045,mrfuzzy,1,1,0,0
77046,mrfuzzy,1,1,1,1
77047,mrfuzzy,0,0,0,0
77049,mrfuzzy,0,0,0,0
77050,mrfuzzy,0,0,0,0
77051,lovebear,0,0,0,0
77054,mrfuzzy,0,0,0,0
77056,mrfuzzy,1,1,1,0
77058,mrfuzzy,0,0,0,0
77060,mrfuzzy,0,0,0,0
77061,mrfuzzy,1,1,0,0
77064,mrfuzzy,0,0,0,0
77067,mrfuzzy,1,0,0,0
77068,mrfuzzy,1,1,1,1
77081,mrfuzzy,0,0,0,0
77080,mrfuzzy,1,0,0,0
77083,mrfuzzy,0,0,0,0
77082,mrfuzzy,0,0,0,0
77087,mrfuzzy,0,0,0,0
77086,mrfuzzy,0,0,0,0
77090,mrfuzzy,1,1,1,0
77089,mrfuzzy,1,1,0,0
77091,mrfuzzy,1,1,0,0
77093,mrfuzzy,0,0,0,0
77094,mrfuzzy,1,0,0,0
77095,lovebear,1,1,1,1
77096,mrfuzzy,0,0,0,0
77099,mrfuzzy,0,0,0,0
77101,mrfuzzy,0,0,0,0
77106,mrfuzzy,0,0,0,0
77107,lovebear,0,0,0,0
77110,mrfuzzy,0,0,0,0
77111,mrfuzzy,1,0,0,0
77112,mrfuzzy,1,1,1,1
77114,lovebear,0,0,0,0
77117,mrfuzzy,1,1,1,0
77118,mrfuzzy,1,0,0,0
77120,lovebear,0,0,0,0
77121,mrfuzzy,0,0,0,0
77124,mrfuzzy,0,0,0,0
77123,mrfuzzy,1,1,1,1
77128,lovebear,1,0,0,0
77130,lovebear,1,1,1,0
77129,mrfuzzy,0,0,0,0
77132,mrfuzzy,1,0,0,0
77134,lovebear,1,1,1,1
77135,mrfuzzy,0,0,0,0
77142,mrfuzzy,1,1,0,0
77145,mrfuzzy,0,0,0,0
77144,mrfuzzy,0,0,0,0
77146,mrfuzzy,1,1,1,1
77147,mrfuzzy,0,0,0,0
77150,mrfuzzy,0,0,0,0
77151,mrfuzzy,0,0,0,0
77154,lovebear,1,1,1,0
77153,mrfuzzy,0,0,0,0
77161,mrfuzzy,0,0,0,0
77158,mrfuzzy,1,1,1,0
77159,lovebear,0,0,0,0
77160,mrfuzzy,0,0,0,0
77165,mrfuzzy,0,0,0,0
77167,mrfuzzy,0,0,0,0
77168,mrfuzzy,0,0,0,0
77170,mrfuzzy,1,1,0,0
77171,mrfuzzy,1,1,1,1
77173,lovebear,1,1,1,0
77174,mrfuzzy,0,0,0,0
77175,mrfuzzy,1,0,0,0
77177,mrfuzzy,1,1,1,1
77178,mrfuzzy,0,0,0,0
77179,mrfuzzy,1,0,0,0
77182,lovebear,0,0,0,0
77183,mrfuzzy,1,1,1,1
77184,mrfuzzy,0,0,0,0
77186,mrfuzzy,1,0,0,0
77187,mrfuzzy,1,1,1,1
77195,mrfuzzy,1,1,0,0
77199,mrfuzzy,0,0,0,0
77200,mrfuzzy,0,0,0,0
77201,mrfuzzy,1,0,0,0
77205,mrfuzzy,0,0,0,0
77208,mrfuzzy,0,0,0,0
77209,mrfuzzy,1,0,0,0
77213,mrfuzzy,1,1,1,1
77210,mrfuzzy,1,1,1,1
77212,mrfuzzy,0,0,0,0
77215,mrfuzzy,1,0,0,0
77217,mrfuzzy,0,0,0,0
77225,mrfuzzy,0,0,0,0
77227,mrfuzzy,0,0,0,0
77228,mrfuzzy,1,0,0,0
77229,mrfuzzy,1,1,1,1
77230,mrfuzzy,0,0,0,0
77234,mrfuzzy,1,1,1,1
77237,mrfuzzy,0,0,0,0
77240,lovebear,0,0,0,0
77248,mrfuzzy,0,0,0,0
77247,mrfuzzy,0,0,0,0
77249,mrfuzzy,1,1,0,0
77252,mrfuzzy,1,1,1,1
77264,mrfuzzy,0,0,0,0
77266,mrfuzzy,1,0,0,0
77270,mrfuzzy,0,0,0,0
77273,mrfuzzy,1,0,0,0
77274,mrfuzzy,1,1,1,1
77275,mrfuzzy,1,1,1,0
77276,mrfuzzy,1,0,0,0
77277,mrfuzzy,0,0,0,0
77286,mrfuzzy,1,0,0,0
77288,mrfuzzy,0,0,0,0
77293,mrfuzzy,0,0,0,0
77292,mrfuzzy,1,1,1,0
77295,mrfuzzy,0,0,0,0
77300,mrfuzzy,1,1,1,0
77301,mrfuzzy,0,0,0,0
77303,mrfuzzy,0,0,0,0
77307,mrfuzzy,1,1,1,0
77306,lovebear,0,0,0,0
77309,mrfuzzy,0,0,0,0
77312,mrfuzzy,1,1,0,0
77314,mrfuzzy,0,0,0,0
77321,mrfuzzy,0,0,0,0
77323,lovebear,1,1,0,0
77325,mrfuzzy,0,0,0,0
77327,lovebear,1,0,0,0
77328,mrfuzzy,0,0,0,0
77334,mrfuzzy,0,0,0,0
77333,lovebear,1,0,0,0
77336,mrfuzzy,0,0,0,0
77341,mrfuzzy,0,0,0,0
77348,mrfuzzy,0,0,0,0
77350,lovebear,1,1,0,0
77353,lovebear,1,1,0,0
77352,mrfuzzy,0,0,0,0
77351,mrfuzzy,1,0,0,0
77355,mrfuzzy,1,0,0,0
77357,mrfuzzy,1,1,1,0
77366,mrfuzzy,1,1,1,1
77369,mrfuzzy,0,0,0,0
77372,mrfuzzy,1,1,1,1
77377,mrfuzzy,1,1,1,0
77384,lovebear,1,0,0,0
77385,mrfuzzy,0,0,0,0
77387,mrfuzzy,1,1,1,0
77388,mrfuzzy,0,0,0,0
77392,lovebear,1,1,1,1
77397,lovebear,0,0,0,0
77400,mrfuzzy,1,1,0,0
77403,mrfuzzy,0,0,0,0
77405,mrfuzzy,0,0,0,0
77406,mrfuzzy,0,0,0,0
77409,mrfuzzy,0,0,0,0
77410,mrfuzzy,1,1,0,0
77414,mrfuzzy,1,0,0,0
77413,mrfuzzy,0,0,0,0
77412,mrfuzzy,0,0,0,0
77423,mrfuzzy,0,0,0,0
77426,mrfuzzy,1,1,1,0
77428,mrfuzzy,0,0,0,0
77430,mrfuzzy,1,1,1,1
77432,mrfuzzy,1,1,1,1
77435,mrfuzzy,1,1,0,0
77436,mrfuzzy,0,0,0,0
77441,mrfuzzy,1,1,1,0
77442,mrfuzzy,0,0,0,0
77444,mrfuzzy,0,0,0,0
77446,mrfuzzy,1,1,1,0
77447,mrfuzzy,0,0,0,0
77450,mrfuzzy,0,0,0,0
77452,mrfuzzy,0,0,0,0
77454,mrfuzzy,0,0,0,0
77456,mrfuzzy,0,0,0,0
77457,mrfuzzy,0,0,0,0
77463,mrfuzzy,0,0,0,0
77465,lovebear,0,0,0,0
77470,mrfuzzy,0,0,0,0
77471,mrfuzzy,1,1,1,1
77472,mrfuzzy,0,0,0,0
77473,mrfuzzy,0,0,0,0
77476,mrfuzzy,0,0,0,0
77474,mrfuzzy,0,0,0,0
77477,mrfuzzy,1,0,0,0
77478,mrfuzzy,0,0,0,0
77481,mrfuzzy,1,0,0,0
77482,mrfuzzy,1,1,1,0
77484,mrfuzzy,0,0,0,0
77485,mrfuzzy,1,0,0,0
77489,mrfuzzy,0,0,0,0
77493,mrfuzzy,1,1,1,0
77494,mrfuzzy,0,0,0,0
77495,mrfuzzy,0,0,0,0
77498,mrfuzzy,1,1,0,0
77503,mrfuzzy,0,0,0,0
77504,mrfuzzy,0,0,0,0
77505,mrfuzzy,1,1,1,0
77506,mrfuzzy,0,0,0,0
77509,lovebear,0,0,0,0
77511,mrfuzzy,0,0,0,0
77510,lovebear,1,1,1,0
77516,mrfuzzy,1,1,1,1
77518,mrfuzzy,0,0,0,0
77519,mrfuzzy,1,1,1,0
77521,mrfuzzy,0,0,0,0
77520,mrfuzzy,0,0,0,0
77525,mrfuzzy,0,0,0,0
77527,mrfuzzy,1,1,0,0
77532,mrfuzzy,1,1,1,1
77534,lovebear,1,1,1,0
77536,mrfuzzy,0,0,0,0
77542,mrfuzzy,0,0,0,0
77545,mrfuzzy,0,0,0,0
77547,mrfuzzy,0,0,0,0
77552,lovebear,1,0,0,0
77554,mrfuzzy,1,1,1,0
77557,mrfuzzy,0,0,0,0
77561,mrfuzzy,0,0,0,0
77562,mrfuzzy,1,0,0,0
77564,mrfuzzy,1,1,1,1
77567,mrfuzzy,0,0,0,0
77576,mrfuzzy,1,0,0,0
77577,mrfuzzy,1,1,1,0
77579,mrfuzzy,0,0,0,0
77583,lovebear,1,1,1,0
77580,mrfuzzy,0,0,0,0
77581,mrfuzzy,0,0,0,0
77582,lovebear,0,0,0,0
77588,mrfuzzy,1,1,1,0
77589,mrfuzzy,0,0,0,0
77592,mrfuzzy,0,0,0,0
77593,mrfuzzy,0,0,0,0
77598,lovebear,1,0,0,0
77600,mrfuzzy,0,0,0,0
77607,mrfuzzy,0,0,0,0
77608,mrfuzzy,0,0,0,0
77609,mrfuzzy,0,0,0,0
77611,mrfuzzy,1,0,0,0
77612,mrfuzzy,0,0,0,0
77621,mrfuzzy,0,0,0,0
77620,mrfuzzy,0,0,0,0
77624,lovebear,1,1,1,1
77628,mrfuzzy,1,1,1,1
77630,mrfuzzy,0,0,0,0
77631,mrfuzzy,1,1,1,0
77635,mrfuzzy,0,0,0,0
77641,mrfuzzy,0,0,0,0
77642,mrfuzzy,1,1,1,0
77646,mrfuzzy,1,0,0,0
77647,mrfuzzy,1,1,1,1
77645,lovebear,1,1,0,0
77651,mrfuzzy,0,0,0,0
77654,mrfuzzy,0,0,0,0
77658,mrfuzzy,0,0,0,0
77663,mrfuzzy,0,0,0,0
77665,mrfuzzy,1,0,0,0
77667,mrfuzzy,1,0,0,0
77670,mrfuzzy,0,0,0,0
77671,mrfuzzy,0,0,0,0
77672,mrfuzzy,0,0,0,0
77676,mrfuzzy,0,0,0,0
77678,mrfuzzy,0,0,0,0
77677,mrfuzzy,1,1,1,0
77679,mrfuzzy,1,1,0,0
77681,lovebear,0,0,0,0
77682,mrfuzzy,1,1,1,0
77685,mrfuzzy,0,0,0,0
77686,mrfuzzy,0,0,0,0
77689,mrfuzzy,0,0,0,0
77693,mrfuzzy,1,1,1,1
77701,lovebear,0,0,0,0
77702,mrfuzzy,0,0,0,0
77705,mrfuzzy,0,0,0,0
77707,mrfuzzy,0,0,0,0
77709,mrfuzzy,0,0,0,0
77710,mrfuzzy,0,0,0,0
77712,mrfuzzy,0,0,0,0
77716,mrfuzzy,0,0,0,0
77715,mrfuzzy,0,0,0,0
77718,mrfuzzy,0,0,0,0
77719,mrfuzzy,1,1,1,1
77721,mrfuzzy,0,0,0,0
77723,mrfuzzy,0,0,0,0
77725,mrfuzzy,1,1,1,1
77726,mrfuzzy,1,0,0,0
77727,mrfuzzy,0,0,0,0
77732,mrfuzzy,0,0,0,0
77734,mrfuzzy,0,0,0,0
77739,mrfuzzy,1,0,0,0
77741,mrfuzzy,1,1,1,1
77740,mrfuzzy,0,0,0,0
77744,mrfuzzy,0,0,0,0
77758,mrfuzzy,0,0,0,0
77761,lovebear,1,0,0,0
77763,mrfuzzy,0,0,0,0
77764,mrfuzzy,0,0,0,0
77765,mrfuzzy,1,1,1,1
77767,mrfuzzy,1,0,0,0
77768,mrfuzzy,0,0,0,0
77769,mrfuzzy,1,1,1,0
77773,mrfuzzy,1,0,0,0
77780,mrfuzzy,1,0,0,0
77785,mrfuzzy,0,0,0,0
77787,mrfuzzy,1,1,1,0
77792,mrfuzzy,1,1,0,0
77793,mrfuzzy,1,1,1,1
77798,lovebear,1,0,0,0
77799,mrfuzzy,0,0,0,0
77801,mrfuzzy,0,0,0,0
77803,mrfuzzy,0,0,0,0
77810,mrfuzzy,0,0,0,0
77811,mrfuzzy,0,0,0,0
77812,mrfuzzy,1,1,0,0
77816,mrfuzzy,0,0,0,0
77818,mrfuzzy,0,0,0,0
77819,mrfuzzy,1,1,1,1
77820,mrfuzzy,1,1,1,1
77826,mrfuzzy,1,0,0,0
77829,mrfuzzy,1,1,1,0
77832,mrfuzzy,0,0,0,0
77833,mrfuzzy,0,0,0,0
77834,mrfuzzy,0,0,0,0
77836,mrfuzzy,0,0,0,0
77842,mrfuzzy,0,0,0,0
77845,mrfuzzy,0,0,0,0
77847,mrfuzzy,1,1,1,1
77850,lovebear,0,0,0,0
77851,mrfuzzy,1,1,1,0
77852,mrfuzzy,1,0,0,0
77855,mrfuzzy,1,0,0,0
77856,mrfuzzy,0,0,0,0
77857,mrfuzzy,0,0,0,0
77859,mrfuzzy,1,1,1,0
77858,mrfuzzy,1,1,0,0
77864,lovebear,1,0,0,0
77867,mrfuzzy,0,0,0,0
77871,mrfuzzy,0,0,0,0
77877,mrfuzzy,1,1,1,0
77876,mrfuzzy,1,1,1,1
77878,lovebear,1,0,0,0
77879,mrfuzzy,1,1,1,0
77880,mrfuzzy,0,0,0,0
77881,mrfuzzy,0,0,0,0
77885,mrfuzzy,0,0,0,0
77887,mrfuzzy,0,0,0,0
77889,mrfuzzy,1,1,1,1
77890,mrfuzzy,1,0,0,0
77891,mrfuzzy,1,0,0,0
77895,mrfuzzy,0,0,0,0
77894,mrfuzzy,1,0,0,0
77897,mrfuzzy,0,0,0,0
77898,mrfuzzy,1,0,0,0
77914,mrfuzzy,0,0,0,0
77913,mrfuzzy,0,0,0,0
77915,lovebear,1,1,0,0
77917,mrfuzzy,1,1,1,1
77919,mrfuzzy,1,0,0,0
77923,mrfuzzy,1,1,1,1
77926,lovebear,1,1,1,1
77930,mrfuzzy,0,0,0,0
77936,mrfuzzy,1,0,0,0
77938,mrfuzzy,0,0,0,0
77940,mrfuzzy,0,0,0,0
77939,mrfuzzy,1,0,0,0
77941,mrfuzzy,1,0,0,0
77942,mrfuzzy,0,0,0,0
77944,mrfuzzy,1,1,1,1
77948,mrfuzzy,1,1,0,0
77950,mrfuzzy,1,0,0,0
77952,mrfuzzy,0,0,0,0
77958,mrfuzzy,1,1,1,0
77959,mrfuzzy,1,1,1,1
77960,mrfuzzy,0,0,0,0
77963,mrfuzzy,1,1,1,1
77961,mrfuzzy,0,0,0,0
77969,lovebear,1,1,1,1
77971,lovebear,1,1,0,0
77977,mrfuzzy,0,0,0,0
77979,mrfuzzy,0,0,0,0
77981,mrfuzzy,1,1,1,1
77985,mrfuzzy,0,0,0,0
77986,mrfuzzy,0,0,0,0
77988,mrfuzzy,0,0,0,0
77989,mrfuzzy,1,0,0,0
77991,mrfuzzy,0,0,0,0
77994,mrfuzzy,1,1,1,1
77998,lovebear,1,1,1,1
78001,mrfuzzy,0,0,0,0
78002,mrfuzzy,0,0,0,0
78003,mrfuzzy,1,0,0,0
78006,mrfuzzy,0,0,0,0
78007,mrfuzzy,0,0,0,0
78008,mrfuzzy,0,0,0,0
78009,lovebear,0,0,0,0
78012,mrfuzzy,0,0,0,0
78017,mrfuzzy,0,0,0,0
78021,lovebear,1,1,1,1
78023,mrfuzzy,1,1,0,0
78024,mrfuzzy,0,0,0,0
78025,mrfuzzy,0,0,0,0
78027,mrfuzzy,0,0,0,0
78028,mrfuzzy,1,1,1,1
78029,mrfuzzy,0,0,0,0
78030,mrfuzzy,0,0,0,0
78032,lovebear,0,0,0,0
78036,mrfuzzy,0,0,0,0
78038,lovebear,1,0,0,0
78041,lovebear,0,0,0,0
78040,mrfuzzy,0,0,0,0
78039,mrfuzzy,0,0,0,0
78042,mrfuzzy,1,0,0,0
78049,lovebear,1,1,1,1
78053,mrfuzzy,0,0,0,0
78054,lovebear,0,0,0,0
78055,mrfuzzy,0,0,0,0
78057,mrfuzzy,0,0,0,0
78060,mrfuzzy,1,0,0,0
78056,lovebear,0,0,0,0
78061,mrfuzzy,0,0,0,0
78066,mrfuzzy,0,0,0,0
78075,mrfuzzy,0,0,0,0
78081,mrfuzzy,0,0,0,0
78082,lovebear,0,0,0,0
78087,mrfuzzy,1,1,1,1
78090,mrfuzzy,0,0,0,0
78093,mrfuzzy,0,0,0,0
78096,lovebear,0,0,0,0
78099,mrfuzzy,0,0,0,0
78100,mrfuzzy,0,0,0,0
78102,mrfuzzy,0,0,0,0
78107,mrfuzzy,1,0,0,0
78108,mrfuzzy,1,1,0,0
78111,mrfuzzy,0,0,0,0
78110,mrfuzzy,1,0,0,0
78112,mrfuzzy,1,1,1,1
78115,lovebear,1,1,1,0
78117,mrfuzzy,0,0,0,0
78118,lovebear,1,0,0,0
78122,mrfuzzy,0,0,0,0
78120,mrfuzzy,0,0,0,0
78127,mrfuzzy,0,0,0,0
78129,mrfuzzy,0,0,0,0
78135,mrfuzzy,1,1,0,0
78139,mrfuzzy,0,0,0,0
78151,mrfuzzy,0,0,0,0
78154,mrfuzzy,0,0,0,0
78159,mrfuzzy,1,0,0,0
78160,mrfuzzy,0,0,0,0
78165,mrfuzzy,0,0,0,0
78166,mrfuzzy,0,0,0,0
78167,mrfuzzy,1,0,0,0
78172,mrfuzzy,0,0,0,0
78174,mrfuzzy,0,0,0,0
78175,mrfuzzy,0,0,0,0
78178,mrfuzzy,0,0,0,0
78182,mrfuzzy,0,0,0,0
78185,mrfuzzy,0,0,0,0
78184,mrfuzzy,1,0,0,0
78189,mrfuzzy,0,0,0,0
78191,mrfuzzy,1,1,1,1
78192,mrfuzzy,1,1,1,1
78193,mrfuzzy,0,0,0,0
78202,mrfuzzy,1,1,1,0
78203,mrfuzzy,1,1,1,0
78205,mrfuzzy,1,1,1,0
78206,mrfuzzy,0,0,0,0
78208,mrfuzzy,0,0,0,0
78210,mrfuzzy,1,1,1,1
78213,mrfuzzy,0,0,0,0
78218,mrfuzzy,0,0,0,0
78220,mrfuzzy,0,0,0,0
78222,mrfuzzy,0,0,0,0
78223,mrfuzzy,1,1,0,0
78221,mrfuzzy,0,0,0,0
78225,mrfuzzy,0,0,0,0
78226,mrfuzzy,1,1,0,0
78231,mrfuzzy,0,0,0,0
78232,lovebear,0,0,0,0
78233,mrfuzzy,0,0,0,0
78235,mrfuzzy,0,0,0,0
78237,mrfuzzy,1,1,0,0
78239,lovebear,1,1,1,1
78243,mrfuzzy,1,1,0,0
78241,lovebear,0,0,0,0
78244,lovebear,1,1,1,1
78246,mrfuzzy,0,0,0,0
78251,lovebear,1,1,1,1
78254,lovebear,1,1,0,0
78256,lovebear,0,0,0,0
78259,mrfuzzy,0,0,0,0
78263,mrfuzzy,0,0,0,0
78264,mrfuzzy,1,1,1,1
78265,mrfuzzy,1,0,0,0
78267,mrfuzzy,0,0,0,0
78266,mrfuzzy,1,1,1,0
78269,mrfuzzy,0,0,0,0
78270,lovebear,0,0,0,0
78272,mrfuzzy,0,0,0,0
78273,mrfuzzy,0,0,0,0
78274,mrfuzzy,0,0,0,0
78275,mrfuzzy,0,0,0,0
78279,mrfuzzy,1,1,0,0
78281,lovebear,1,1,1,1
78283,mrfuzzy,0,0,0,0
78287,mrfuzzy,1,1,1,0
78288,mrfuzzy,1,1,1,1
78292,mrfuzzy,1,1,1,1
78295,mrfuzzy,0,0,0,0
78294,lovebear,0,0,0,0
78296,lovebear,1,0,0,0
78298,mrfuzzy,0,0,0,0
78299,mrfuzzy,0,0,0,0
78305,lovebear,0,0,0,0
78306,mrfuzzy,0,0,0,0
78310,mrfuzzy,0,0,0,0
78313,mrfuzzy,1,0,0,0
78318,mrfuzzy,1,0,0,0
78322,mrfuzzy,0,0,0,0
78328,mrfuzzy,1,1,1,1
78331,mrfuzzy,1,1,1,1
78339,lovebear,1,1,1,0
78343,mrfuzzy,1,1,0,0
78346,mrfuzzy,0,0,0,0
78344,mrfuzzy,1,1,1,0
78347,mrfuzzy,0,0,0,0
78350,mrfuzzy,0,0,0,0
78351,lovebear,1,0,0,0
78352,lovebear,1,1,1,1
78353,mrfuzzy,0,0,0,0
78354,mrfuzzy,0,0,0,0
78355,mrfuzzy,0,0,0,0
78356,mrfuzzy,0,0,0,0
78357,mrfuzzy,1,0,0,0
78362,mrfuzzy,0,0,0,0
78363,mrfuzzy,1,1,1,1
78361,mrfuzzy,0,0,0,0
78365,mrfuzzy,0,0,0,0
78367,mrfuzzy,1,1,1,0
78369,mrfuzzy,1,0,0,0
78374,mrfuzzy,0,0,0,0
78381,mrfuzzy,1,0,0,0
78385,mrfuzzy,1,1,1,0
78387,mrfuzzy,0,0,0,0
78389,mrfuzzy,1,0,0,0
78393,mrfuzzy,0,0,0,0
78394,mrfuzzy,1,1,1,0
78396,mrfuzzy,0,0,0,0
78405,lovebear,0,0,0,0
78408,mrfuzzy,0,0,0,0
78409,mrfuzzy,0,0,0,0
78411,mrfuzzy,0,0,0,0
78412,mrfuzzy,0,0,0,0
78416,lovebear,1,1,0,0
78415,mrfuzzy,1,0,0,0
78414,mrfuzzy,1,1,1,1
78419,mrfuzzy,0,0,0,0
78420,mrfuzzy,1,1,1,1
78421,lovebear,0,0,0,0
78423,mrfuzzy,0,0,0,0
78422,mrfuzzy,1,1,1,1
78431,mrfuzzy,1,0,0,0
78435,mrfuzzy,1,1,0,0
78434,mrfuzzy,1,1,1,0
78438,mrfuzzy,0,0,0,0
78441,mrfuzzy,0,0,0,0
78439,mrfuzzy,0,0,0,0
78442,mrfuzzy,1,1,0,0
78449,mrfuzzy,1,1,0,0
78451,mrfuzzy,0,0,0,0
78453,mrfuzzy,1,1,1,0
78454,mrfuzzy,1,1,1,1
78455,mrfuzzy,0,0,0,0
78456,mrfuzzy,1,0,0,0
78459,mrfuzzy,0,0,0,0
78462,mrfuzzy,1,0,0,0
78463,mrfuzzy,0,0,0,0
78464,mrfuzzy,0,0,0,0
78467,mrfuzzy,0,0,0,0
78468,lovebear,1,1,1,1
78472,lovebear,1,0,0,0
78471,mrfuzzy,0,0,0,0
78474,mrfuzzy,0,0,0,0
78477,mrfuzzy,0,0,0,0
78486,mrfuzzy,0,0,0,0
78485,mrfuzzy,1,1,1,0
78489,mrfuzzy,1,0,0,0
78493,mrfuzzy,1,0,0,0
78494,mrfuzzy,0,0,0,0
78496,mrfuzzy,1,0,0,0
78497,mrfuzzy,1,1,1,1
78500,lovebear,0,0,0,0
78503,mrfuzzy,0,0,0,0
78508,lovebear,0,0,0,0
78511,mrfuzzy,0,0,0,0
78514,mrfuzzy,0,0,0,0
78515,mrfuzzy,1,1,1,0
78516,mrfuzzy,0,0,0,0
78519,mrfuzzy,1,0,0,0
78518,lovebear,1,1,1,0
78520,mrfuzzy,0,0,0,0
78531,mrfuzzy,1,1,0,0
78529,mrfuzzy,1,0,0,0
78533,mrfuzzy,0,0,0,0
78532,mrfuzzy,1,1,0,0
78540,lovebear,0,0,0,0
78541,mrfuzzy,0,0,0,0
78544,lovebear,1,0,0,0
78547,mrfuzzy,1,1,1,1
78550,mrfuzzy,1,1,1,0
78549,mrfuzzy,1,0,0,0
78551,mrfuzzy,0,0,0,0
78552,mrfuzzy,1,0,0,0
78553,lovebear,1,0,0,0
78554,mrfuzzy,0,0,0,0
78555,mrfuzzy,1,1,1,1
78556,mrfuzzy,1,1,1,1
78563,mrfuzzy,0,0,0,0
78564,mrfuzzy,0,0,0,0
78566,mrfuzzy,0,0,0,0
78569,lovebear,0,0,0,0
78574,mrfuzzy,0,0,0,0
78575,lovebear,0,0,0,0
78576,lovebear,1,1,1,1
78577,lovebear,1,1,1,0
78582,mrfuzzy,0,0,0,0
78586,mrfuzzy,0,0,0,0
78585,mrfuzzy,0,0,0,0
78587,mrfuzzy,0,0,0,0
78588,mrfuzzy,0,0,0,0
78590,mrfuzzy,1,0,0,0
78592,mrfuzzy,1,1,1,1
78591,mrfuzzy,0,0,0,0
78594,mrfuzzy,1,1,1,0
78596,mrfuzzy,0,0,0,0
78597,lovebear,0,0,0,0
78598,mrfuzzy,0,0,0,0
78601,mrfuzzy,1,1,1,1
78604,lovebear,1,0,0,0
78603,mrfuzzy,1,0,0,0
78605,mrfuzzy,0,0,0,0
78606,lovebear,1,1,1,1
78608,mrfuzzy,1,1,1,1
78610,mrfuzzy,1,1,1,0
78611,mrfuzzy,1,1,1,1
78612,lovebear,1,1,1,0
78613,lovebear,1,1,1,1
78614,mrfuzzy,1,0,0,0
78615,mrfuzzy,1,1,0,0
78618,mrfuzzy,0,0,0,0
78620,mrfuzzy,1,1,1,0
78622,mrfuzzy,1,1,1,1
78623,mrfuzzy,0,0,0,0
78625,mrfuzzy,1,1,1,0
78628,mrfuzzy,1,1,1,1
78632,mrfuzzy,0,0,0,0
78638,mrfuzzy,0,0,0,0
78639,mrfuzzy,1,1,1,1
78644,mrfuzzy,0,0,0,0
78643,mrfuzzy,0,0,0,0
78645,mrfuzzy,1,1,0,0
78646,mrfuzzy,0,0,0,0
78649,mrfuzzy,0,0,0,0
78650,mrfuzzy,0,0,0,0
78651,mrfuzzy,0,0,0,0
78655,mrfuzzy,1,0,0,0
78659,mrfuzzy,0,0,0,0
78662,mrfuzzy,0,0,0,0
78669,lovebear,0,0,0,0
78672,mrfuzzy,0,0,0,0
78673,mrfuzzy,1,1,1,1
78675,mrfuzzy,1,0,0,0
78676,mrfuzzy,1,1,1,1
78685,mrfuzzy,0,0,0,0
78688,mrfuzzy,0,0,0,0
78689,lovebear,1,0,0,0
78694,mrfuzzy,1,1,1,0
78696,mrfuzzy,0,0,0,0
78697,mrfuzzy,1,1,1,1
78699,mrfuzzy,1,1,1,0
78702,mrfuzzy,1,1,0,0
78703,mrfuzzy,0,0,0,0
78710,lovebear,1,0,0,0
78712,mrfuzzy,1,0,0,0
78714,mrfuzzy,1,1,0,0
78717,lovebear,0,0,0,0
78720,mrfuzzy,1,1,1,1
78723,lovebear,1,0,0,0
78724,lovebear,0,0,0,0
78727,mrfuzzy,1,0,0,0
78731,mrfuzzy,0,0,0,0
78732,mrfuzzy,0,0,0,0
78734,mrfuzzy,0,0,0,0
78735,mrfuzzy,1,1,1,0
78738,mrfuzzy,0,0,0,0
78739,mrfuzzy,1,1,1,1
78741,mrfuzzy,0,0,0,0
78745,mrfuzzy,0,0,0,0
78748,mrfuzzy,1,1,1,1
78752,mrfuzzy,0,0,0,0
78755,mrfuzzy,1,0,0,0
78757,mrfuzzy,0,0,0,0
78759,lovebear,1,1,0,0
78760,mrfuzzy,1,1,1,1
78764,mrfuzzy,0,0,0,0
78766,mrfuzzy,0,0,0,0
78769,mrfuzzy,0,0,0,0
78768,mrfuzzy,1,0,0,0
78772,mrfuzzy,1,1,1,1
78775,mrfuzzy,0,0,0,0
78776,mrfuzzy,0,0,0,0
78777,mrfuzzy,1,0,0,0
78778,mrfuzzy,0,0,0,0
78779,mrfuzzy,0,0,0,0
78780,mrfuzzy,0,0,0,0
78785,mrfuzzy,1,0,0,0
78786,mrfuzzy,0,0,0,0
78788,mrfuzzy,0,0,0,0
78789,mrfuzzy,0,0,0,0
78791,mrfuzzy,0,0,0,0
78793,lovebear,0,0,0,0
78802,lovebear,1,0,0,0
78801,mrfuzzy,1,0,0,0
78803,mrfuzzy,0,0,0,0
78804,lovebear,0,0,0,0
78806,mrfuzzy,1,1,1,0
78810,mrfuzzy,0,0,0,0
78815,mrfuzzy,0,0,0,0
78816,mrfuzzy,1,1,0,0
78817,mrfuzzy,1,1,1,1
78819,lovebear,0,0,0,0
78824,mrfuzzy,1,1,0,0
78829,lovebear,1,1,1,0
78830,mrfuzzy,1,0,0,0
78831,mrfuzzy,0,0,0,0
78833,mrfuzzy,0,0,0,0
78834,mrfuzzy,1,0,0,0
78835,mrfuzzy,0,0,0,0
78836,mrfuzzy,0,0,0,0
78843,lovebear,1,1,1,1
78841,mrfuzzy,0,0,0,0
78844,mrfuzzy,0,0,0,0
78849,mrfuzzy,0,0,0,0
78851,mrfuzzy,0,0,0,0
78856,mrfuzzy,1,1,1,1
78858,mrfuzzy,1,1,1,1
78862,mrfuzzy,1,1,1,1
78863,lovebear,0,0,0,0
78864,mrfuzzy,0,0,0,0
78867,mrfuzzy,0,0,0,0
78868,mrfuzzy,1,1,1,0
78866,lovebear,1,1,1,1
78871,lovebear,0,0,0,0
78872,mrfuzzy,0,0,0,0
78873,mrfuzzy,0,0,0,0
78874,mrfuzzy,0,0,0,0
78876,mrfuzzy,0,0,0,0
78877,mrfuzzy,0,0,0,0
78881,mrfuzzy,1,1,1,1
78882,mrfuzzy,1,1,1,1
78883,mrfuzzy,0,0,0,0
78885,mrfuzzy,0,0,0,0
78887,mrfuzzy,0,0,0,0
78888,mrfuzzy,0,0,0,0
78896,mrfuzzy,0,0,0,0
78897,mrfuzzy,0,0,0,0
78898,mrfuzzy,1,1,1,1
78899,mrfuzzy,1,0,0,0
78904,mrfuzzy,0,0,0,0
78905,mrfuzzy,1,1,1,0
78912,mrfuzzy,0,0,0,0
78914,mrfuzzy,1,1,1,1
78917,mrfuzzy,0,0,0,0
78920,mrfuzzy,1,0,0,0
78923,mrfuzzy,0,0,0,0
78925,mrfuzzy,0,0,0,0
78929,mrfuzzy,0,0,0,0
78934,mrfuzzy,0,0,0,0
78935,mrfuzzy,0,0,0,0
78933,mrfuzzy,0,0,0,0
78932,mrfuzzy,1,1,1,1
78939,mrfuzzy,0,0,0,0
78941,mrfuzzy,1,1,1,1
78943,lovebear,1,0,0,0
78945,mrfuzzy,1,1,0,0
78946,mrfuzzy,1,1,1,0
78949,mrfuzzy,0,0,0,0
78953,mrfuzzy,0,0,0,0
78958,mrfuzzy,0,0,0,0
78960,mrfuzzy,0,0,0,0
78961,mrfuzzy,1,1,1,1
78962,mrfuzzy,0,0,0,0
78965,mrfuzzy,1,1,1,0
78971,mrfuzzy,0,0,0,0
78973,mrfuzzy,0,0,0,0
78977,mrfuzzy,0,0,0,0
78979,mrfuzzy,0,0,0,0
78982,mrfuzzy,0,0,0,0
78985,mrfuzzy,0,0,0,0
78990,mrfuzzy,1,0,0,0
78993,mrfuzzy,1,1,0,0
78996,mrfuzzy,0,0,0,0
78997,mrfuzzy,1,1,1,1
78998,mrfuzzy,0,0,0,0
79001,mrfuzzy,0,0,0,0
79000,mrfuzzy,1,1,1,1
79005,lovebear,1,1,1,0
79006,mrfuzzy,0,0,0,0
79008,mrfuzzy,0,0,0,0
79009,mrfuzzy,0,0,0,0
79010,mrfuzzy,0,0,0,0
79012,mrfuzzy,1,1,1,0
79011,mrfuzzy,1,1,1,1
79013,mrfuzzy,0,0,0,0
79014,mrfuzzy,1,1,1,1
79016,lovebear,1,1,1,1
79015,mrfuzzy,0,0,0,0
79019,mrfuzzy,0,0,0,0
79023,mrfuzzy,0,0,0,0
79025,mrfuzzy,1,1,1,1
79027,mrfuzzy,1,1,1,1
79028,mrfuzzy,0,0,0,0
79034,mrfuzzy,0,0,0,0
79037,mrfuzzy,0,0,0,0
79036,mrfuzzy,0,0,0,0
79039,mrfuzzy,0,0,0,0
79045,mrfuzzy,0,0,0,0
79046,lovebear,0,0,0,0
79052,mrfuzzy,1,1,1,1
79053,mrfuzzy,0,0,0,0
79059,mrfuzzy,0,0,0,0
79062,mrfuzzy,0,0,0,0
79063,mrfuzzy,0,0,0,0
79067,mrfuzzy,1,0,0,0
79069,lovebear,1,1,1,1
79070,mrfuzzy,0,0,0,0
79073,mrfuzzy,0,0,0,0
79078,mrfuzzy,1,0,0,0
79080,lovebear,0,0,0,0
79082,mrfuzzy,1,0,0,0
79086,mrfuzzy,1,1,1,0
79090,mrfuzzy,1,0,0,0
79092,mrfuzzy,1,1,1,0
79094,mrfuzzy,1,1,1,0
79095,mrfuzzy,0,0,0,0
79098,mrfuzzy,0,0,0,0
79099,mrfuzzy,1,1,1,0
79107,mrfuzzy,0,0,0,0
79108,mrfuzzy,0,0,0,0
79109,mrfuzzy,1,1,1,0
79110,mrfuzzy,1,1,1,1
79113,mrfuzzy,0,0,0,0
79112,mrfuzzy,1,1,1,1
79116,lovebear,1,0,0,0
79118,mrfuzzy,0,0,0,0
79126,mrfuzzy,0,0,0,0
79127,mrfuzzy,1,0,0,0
79129,mrfuzzy,1,1,0,0
79134,mrfuzzy,0,0,0,0
79133,mrfuzzy,0,0,0,0
79137,lovebear,0,0,0,0
79139,mrfuzzy,0,0,0,0
79141,mrfuzzy,1,1,1,1
79142,mrfuzzy,0,0,0,0
79147,mrfuzzy,0,0,0,0
79148,mrfuzzy,1,1,1,1
79149,lovebear,1,1,1,0
79152,mrfuzzy,0,0,0,0
79153,mrfuzzy,0,0,0,0
79156,mrfuzzy,0,0,0,0
79157,lovebear,1,0,0,0
79160,mrfuzzy,0,0,0,0
79163,mrfuzzy,0,0,0,0
79164,mrfuzzy,1,1,0,0
79168,mrfuzzy,0,0,0,0
79167,mrfuzzy,1,0,0,0
79169,mrfuzzy,0,0,0,0
79173,lovebear,1,1,1,1
79174,lovebear,0,0,0,0
79175,mrfuzzy,1,0,0,0
79179,mrfuzzy,1,0,0,0
79185,mrfuzzy,1,0,0,0
79186,mrfuzzy,0,0,0,0
79187,mrfuzzy,1,1,1,1
79192,mrfuzzy,0,0,0,0
79198,mrfuzzy,0,0,0,0
79199,lovebear,0,0,0,0
79203,mrfuzzy,0,0,0,0
79208,mrfuzzy,1,1,1,1
79209,mrfuzzy,1,0,0,0
79214,mrfuzzy,0,0,0,0
79215,mrfuzzy,1,1,1,1
79217,mrfuzzy,1,1,1,1
79218,lovebear,1,0,0,0
79219,mrfuzzy,0,0,0,0
79220,mrfuzzy,0,0,0,0
79224,mrfuzzy,0,0,0,0
79236,lovebear,1,0,0,0
79242,mrfuzzy,0,0,0,0
79250,mrfuzzy,1,1,1,0
79251,mrfuzzy,0,0,0,0
79253,mrfuzzy,0,0,0,0
79256,mrfuzzy,1,0,0,0
79257,lovebear,0,0,0,0
79258,mrfuzzy,1,1,1,1
79268,mrfuzzy,0,0,0,0
79269,mrfuzzy,1,1,1,1
79270,mrfuzzy,1,1,1,0
79275,mrfuzzy,1,0,0,0
79278,mrfuzzy,0,0,0,0
79279,mrfuzzy,0,0,0,0
79284,mrfuzzy,0,0,0,0
79285,mrfuzzy,1,1,1,1
79291,mrfuzzy,0,0,0,0
79293,mrfuzzy,1,0,0,0
79294,mrfuzzy,1,1,1,1
79296,mrfuzzy,1,1,1,0
79297,mrfuzzy,0,0,0,0
79300,mrfuzzy,0,0,0,0
79306,mrfuzzy,0,0,0,0
79308,mrfuzzy,0,0,0,0
79310,mrfuzzy,0,0,0,0
79311,mrfuzzy,0,0,0,0
79312,mrfuzzy,1,1,1,1
79313,mrfuzzy,1,0,0,0
79314,lovebear,0,0,0,0
79316,mrfuzzy,0,0,0,0
79317,mrfuzzy,0,0,0,0
79318,mrfuzzy,0,0,0,0
79323,mrfuzzy,0,0,0,0
79322,mrfuzzy,0,0,0,0
79329,mrfuzzy,0,0,0,0
79333,lovebear,1,1,1,1
79338,mrfuzzy,1,1,1,1
79342,lovebear,1,1,1,0
79345,mrfuzzy,0,0,0,0
79353,mrfuzzy,1,1,1,1
79356,lovebear,1,1,1,0
79358,mrfuzzy,0,0,0,0
79364,mrfuzzy,0,0,0,0
79368,mrfuzzy,1,0,0,0
79370,mrfuzzy,0,0,0,0
79371,mrfuzzy,0,0,0,0
79373,mrfuzzy,0,0,0,0
79376,mrfuzzy,0,0,0,0
79375,mrfuzzy,0,0,0,0
79378,mrfuzzy,0,0,0,0
79380,lovebear,0,0,0,0
79381,lovebear,0,0,0,0
79382,mrfuzzy,1,1,0,0
79383,mrfuzzy,0,0,0,0
79385,mrfuzzy,0,0,0,0
79387,mrfuzzy,0,0,0,0
79394,mrfuzzy,1,0,0,0
79395,lovebear,0,0,0,0
79399,mrfuzzy,1,0,0,0
79398,mrfuzzy,1,1,1,1
79404,mrfuzzy,0,0,0,0
79403,lovebear,1,1,1,1
79407,mrfuzzy,1,0,0,0
79408,mrfuzzy,1,1,1,0
79409,mrfuzzy,0,0,0,0
79417,mrfuzzy,1,1,0,0
79418,mrfuzzy,0,0,0,0
79419,mrfuzzy,1,1,1,1
79421,mrfuzzy,0,0,0,0
79422,mrfuzzy,0,0,0,0
79425,lovebear,0,0,0,0
79426,mrfuzzy,1,1,1,0
79427,mrfuzzy,1,0,0,0
79428,mrfuzzy,1,1,1,0
79432,mrfuzzy,0,0,0,0
79431,lovebear,1,1,1,0
79433,mrfuzzy,0,0,0,0
79435,lovebear,0,0,0,0
79436,mrfuzzy,0,0,0,0
79441,mrfuzzy,0,0,0,0
79442,mrfuzzy,0,0,0,0
79444,lovebear,1,1,1,1
79446,mrfuzzy,1,1,0,0
79445,mrfuzzy,1,1,1,1
79447,lovebear,0,0,0,0
79448,mrfuzzy,0,0,0,0
79449,mrfuzzy,1,0,0,0
79453,mrfuzzy,0,0,0,0
79454,mrfuzzy,0,0,0,0
79460,mrfuzzy,1,1,1,0
79462,mrfuzzy,0,0,0,0
79466,mrfuzzy,0,0,0,0
79467,mrfuzzy,0,0,0,0
79469,mrfuzzy,0,0,0,0
79473,mrfuzzy,0,0,0,0
79477,mrfuzzy,0,0,0,0
79478,mrfuzzy,0,0,0,0
79482,mrfuzzy,1,1,1,0
79485,mrfuzzy,1,0,0,0
79487,mrfuzzy,0,0,0,0
79492,mrfuzzy,1,1,0,0
79497,mrfuzzy,0,0,0,0
79498,mrfuzzy,0,0,0,0
79499,mrfuzzy,0,0,0,0
79500,mrfuzzy,0,0,0,0
79502,mrfuzzy,0,0,0,0
79503,lovebear,1,1,1,1
79505,mrfuzzy,1,1,0,0
79508,mrfuzzy,0,0,0,0
79510,mrfuzzy,0,0,0,0
79512,mrfuzzy,0,0,0,0
79514,mrfuzzy,0,0,0,0
79516,mrfuzzy,0,0,0,0
79517,mrfuzzy,0,0,0,0
79518,mrfuzzy,1,1,1,0
79520,mrfuzzy,0,0,0,0
79519,mrfuzzy,1,0,0,0
79523,mrfuzzy,0,0,0,0
79524,mrfuzzy,0,0,0,0
79525,mrfuzzy,0,0,0,0
79531,mrfuzzy,1,1,1,0
79534,mrfuzzy,1,1,1,1
79537,lovebear,1,1,0,0
79542,mrfuzzy,0,0,0,0
79545,mrfuzzy,1,1,1,1
79546,mrfuzzy,0,0,0,0
79549,mrfuzzy,1,1,1,1
79550,mrfuzzy,1,0,0,0
79548,mrfuzzy,0,0,0,0
79552,mrfuzzy,0,0,0,0
79553,mrfuzzy,1,0,0,0
79555,mrfuzzy,0,0,0,0
79558,mrfuzzy,1,1,1,1
79557,mrfuzzy,0,0,0,0
79563,mrfuzzy,1,1,1,0
79565,mrfuzzy,0,0,0,0
79566,mrfuzzy,0,0,0,0
79567,lovebear,0,0,0,0
79568,mrfuzzy,0,0,0,0
79569,mrfuzzy,1,0,0,0
79571,mrfuzzy,1,1,1,1
79570,lovebear,0,0,0,0
79572,mrfuzzy,0,0,0,0
79575,mrfuzzy,0,0,0,0
79577,lovebear,0,0,0,0
79579,mrfuzzy,0,0,0,0
79583,mrfuzzy,0,0,0,0
79588,mrfuzzy,0,0,0,0
79590,mrfuzzy,1,1,1,1
79592,mrfuzzy,1,1,1,1
79599,lovebear,0,0,0,0
79601,mrfuzzy,0,0,0,0
79600,mrfuzzy,1,1,1,1
79612,mrfuzzy,0,0,0,0
79615,lovebear,0,0,0,0
79617,mrfuzzy,0,0,0,0
79623,mrfuzzy,0,0,0,0
79624,mrfuzzy,0,0,0,0
79625,mrfuzzy,0,0,0,0
79631,mrfuzzy,1,1,0,0
79637,mrfuzzy,0,0,0,0
79638,mrfuzzy,0,0,0,0
79640,mrfuzzy,1,1,1,1
79643,mrfuzzy,1,1,1,0
79645,mrfuzzy,0,0,0,0
79648,mrfuzzy,1,1,1,0
79651,mrfuzzy,0,0,0,0
79652,mrfuzzy,0,0,0,0
79656,lovebear,1,1,0,0
79653,mrfuzzy,1,1,1,1
79658,lovebear,0,0,0,0
79662,mrfuzzy,0,0,0,0
79665,mrfuzzy,0,0,0,0
79666,lovebear,1,0,0,0
79668,mrfuzzy,1,1,0,0
79670,mrfuzzy,0,0,0,0
79673,mrfuzzy,1,1,1,1
79677,mrfuzzy,0,0,0,0
79682,mrfuzzy,1,0,0,0
79684,mrfuzzy,0,0,0,0
79686,mrfuzzy,1,0,0,0
79688,mrfuzzy,1,1,1,1
79691,mrfuzzy,1,1,1,0
79689,lovebear,0,0,0,0
79692,mrfuzzy,1,1,1,1
79697,mrfuzzy,0,0,0,0
79700,mrfuzzy,1,0,0,0
79702,mrfuzzy,0,0,0,0
79703,mrfuzzy,0,0,0,0
79705,mrfuzzy,0,0,0,0
79707,mrfuzzy,0,0,0,0
79709,mrfuzzy,1,1,1,0
79710,mrfuzzy,1,0,0,0
79712,mrfuzzy,1,0,0,0
79713,mrfuzzy,0,0,0,0
79718,mrfuzzy,1,1,0,0
79717,mrfuzzy,0,0,0,0
79719,mrfuzzy,0,0,0,0
79720,mrfuzzy,1,1,1,0
79724,mrfuzzy,0,0,0,0
79725,mrfuzzy,0,0,0,0
79726,mrfuzzy,0,0,0,0
79731,mrfuzzy,1,0,0,0
79733,mrfuzzy,0,0,0,0
79735,mrfuzzy,0,0,0,0
79743,mrfuzzy,0,0,0,0
79745,mrfuzzy,1,0,0,0
79747,mrfuzzy,0,0,0,0
79746,mrfuzzy,0,0,0,0
79751,mrfuzzy,0,0,0,0
79752,lovebear,1,0,0,0
79753,mrfuzzy,1,0,0,0
79755,mrfuzzy,0,0,0,0
79760,mrfuzzy,0,0,0,0
79761,mrfuzzy,0,0,0,0
79762,mrfuzzy,0,0,0,0
79764,mrfuzzy,0,0,0,0
79763,mrfuzzy,1,0,0,0
79765,mrfuzzy,1,0,0,0
79768,mrfuzzy,0,0,0,0
79771,mrfuzzy,0,0,0,0
79773,lovebear,0,0,0,0
79775,mrfuzzy,0,0,0,0
79780,mrfuzzy,0,0,0,0
79784,mrfuzzy,0,0,0,0
79788,mrfuzzy,1,1,1,0
79786,mrfuzzy,0,0,0,0
79789,mrfuzzy,0,0,0,0
79792,mrfuzzy,1,1,0,0
79791,mrfuzzy,0,0,0,0
79803,mrfuzzy,0,0,0,0
79810,mrfuzzy,1,0,0,0
79817,mrfuzzy,0,0,0,0
79820,mrfuzzy,0,0,0,0
79821,mrfuzzy,0,0,0,0
79829,mrfuzzy,0,0,0,0
79828,mrfuzzy,1,1,1,0
79830,mrfuzzy,1,1,1,0
79836,mrfuzzy,0,0,0,0
79837,mrfuzzy,0,0,0,0
79840,lovebear,1,1,1,1
79841,mrfuzzy,0,0,0,0
79844,mrfuzzy,0,0,0,0
79846,mrfuzzy,1,0,0,0
79847,lovebear,1,1,0,0
79849,mrfuzzy,0,0,0,0
79850,lovebear,1,1,1,1
79852,mrfuzzy,0,0,0,0
79855,mrfuzzy,0,0,0,0
79860,mrfuzzy,0,0,0,0
79864,mrfuzzy,0,0,0,0
79863,mrfuzzy,1,1,1,1
79865,mrfuzzy,1,1,1,0
79867,mrfuzzy,1,1,1,1
79870,mrfuzzy,0,0,0,0
79871,mrfuzzy,0,0,0,0
79878,mrfuzzy,0,0,0,0
79882,mrfuzzy,1,1,1,0
79885,mrfuzzy,0,0,0,0
79890,mrfuzzy,1,0,0,0
79892,mrfuzzy,0,0,0,0
79891,mrfuzzy,1,1,1,0
79897,mrfuzzy,1,1,1,0
79900,mrfuzzy,0,0,0,0
79902,mrfuzzy,1,1,1,1
79901,mrfuzzy,1,1,0,0
79906,mrfuzzy,0,0,0,0
79909,mrfuzzy,0,0,0,0
79913,mrfuzzy,1,0,0,0
79916,mrfuzzy,1,1,0,0
79919,mrfuzzy,1,1,1,1
79921,mrfuzzy,1,0,0,0
79922,lovebear,0,0,0,0
79924,mrfuzzy,1,1,1,1
79923,mrfuzzy,1,0,0,0
79926,mrfuzzy,0,0,0,0
79929,mrfuzzy,1,1,1,1
79932,mrfuzzy,0,0,0,0
79937,mrfuzzy,0,0,0,0
79940,mrfuzzy,0,0,0,0
79942,mrfuzzy,0,0,0,0
79944,mrfuzzy,0,0,0,0
79945,lovebear,1,1,1,1
79946,mrfuzzy,1,0,0,0
79947,mrfuzzy,1,1,0,0
79953,mrfuzzy,1,1,0,0
79957,lovebear,0,0,0,0
79962,mrfuzzy,1,0,0,0
79963,mrfuzzy,0,0,0,0
79966,mrfuzzy,1,1,0,0
79967,mrfuzzy,0,0,0,0
79968,mrfuzzy,0,0,0,0
79970,mrfuzzy,0,0,0,0
79971,mrfuzzy,1,1,0,0
79972,mrfuzzy,0,0,0,0
79975,mrfuzzy,1,1,0,0
79979,mrfuzzy,0,0,0,0
79980,mrfuzzy,0,0,0,0
79981,lovebear,0,0,0,0
79984,mrfuzzy,1,1,1,0
79985,mrfuzzy,0,0,0,0
79988,mrfuzzy,1,1,1,0
79987,mrfuzzy,0,0,0,0
79989,mrfuzzy,0,0,0,0
79993,mrfuzzy,0,0,0,0
79995,mrfuzzy,0,0,0,0
79996,mrfuzzy,0,0,0,0
80001,mrfuzzy,0,0,0,0
80004,mrfuzzy,0,0,0,0
80003,mrfuzzy,0,0,0,0
80008,lovebear,0,0,0,0
80007,lovebear,1,0,0,0
80010,mrfuzzy,1,0,0,0
80012,mrfuzzy,0,0,0,0
80011,mrfuzzy,1,1,1,0
80014,mrfuzzy,1,0,0,0
80019,mrfuzzy,0,0,0,0
80021,mrfuzzy,1,1,1,1
80022,mrfuzzy,0,0,0,0
80023,mrfuzzy,1,1,0,0
80025,mrfuzzy,1,0,0,0
80028,mrfuzzy,1,1,1,1
80034,mrfuzzy,1,0,0,0
80035,mrfuzzy,1,0,0,0
80033,mrfuzzy,1,0,0,0
80039,mrfuzzy,0,0,0,0
80041,mrfuzzy,1,0,0,0
80042,mrfuzzy,1,1,1,0
80046,mrfuzzy,1,1,1,1
80045,mrfuzzy,1,0,0,0
80047,mrfuzzy,0,0,0,0
80050,lovebear,1,1,0,0
80051,lovebear,0,0,0,0
80056,lovebear,0,0,0,0
80057,lovebear,1,1,1,0
80064,mrfuzzy,1,1,1,1
80065,mrfuzzy,0,0,0,0
80070,mrfuzzy,0,0,0,0
80073,mrfuzzy,1,0,0,0
80074,mrfuzzy,1,1,0,0
80078,mrfuzzy,0,0,0,0
80079,mrfuzzy,0,0,0,0
80082,mrfuzzy,0,0,0,0
80083,mrfuzzy,1,0,0,0
80085,lovebear,0,0,0,0
80086,mrfuzzy,0,0,0,0
80088,mrfuzzy,0,0,0,0
80092,mrfuzzy,0,0,0,0
80094,mrfuzzy,0,0,0,0
80093,mrfuzzy,1,1,1,0
80096,mrfuzzy,1,1,0,0
80098,mrfuzzy,1,1,1,1
80105,lovebear,1,1,1,0
80104,mrfuzzy,0,0,0,0
80108,mrfuzzy,0,0,0,0
80107,mrfuzzy,0,0,0,0
80106,mrfuzzy,0,0,0,0
80109,lovebear,1,1,1,1
80112,mrfuzzy,0,0,0,0
80114,mrfuzzy,0,0,0,0
80116,mrfuzzy,0,0,0,0
80118,mrfuzzy,1,0,0,0
80120,mrfuzzy,0,0,0,0
80121,mrfuzzy,1,1,1,1
80123,mrfuzzy,1,1,1,0
80124,mrfuzzy,0,0,0,0
80130,mrfuzzy,1,0,0,0
80132,lovebear,1,1,1,0
80127,mrfuzzy,0,0,0,0
80128,mrfuzzy,0,0,0,0
80131,mrfuzzy,0,0,0,0
80139,mrfuzzy,1,0,0,0
80140,lovebear,1,1,1,0
80142,mrfuzzy,0,0,0,0
80143,mrfuzzy,1,1,1,1
80146,mrfuzzy,0,0,0,0
80147,mrfuzzy,0,0,0,0
80150,mrfuzzy,1,0,0,0
80149,mrfuzzy,0,0,0,0
80152,lovebear,1,0,0,0
80158,mrfuzzy,0,0,0,0
80162,mrfuzzy,0,0,0,0
80164,mrfuzzy,1,1,1,0
80163,lovebear,0,0,0,0
80165,mrfuzzy,0,0,0,0
80166,mrfuzzy,0,0,0,0
80167,mrfuzzy,1,1,1,1
80169,mrfuzzy,0,0,0,0
80171,mrfuzzy,0,0,0,0
80175,mrfuzzy,1,1,1,1
80178,mrfuzzy,1,1,1,1
80184,mrfuzzy,1,1,1,0
80183,mrfuzzy,0,0,0,0
80187,mrfuzzy,1,1,1,1
80189,mrfuzzy,0,0,0,0
80190,mrfuzzy,0,0,0,0
80193,mrfuzzy,1,0,0,0
80194,mrfuzzy,0,0,0,0
80195,mrfuzzy,0,0,0,0
80199,mrfuzzy,1,1,1,1
80201,mrfuzzy,0,0,0,0
80204,mrfuzzy,1,0,0,0
80205,mrfuzzy,1,0,0,0
80208,mrfuzzy,1,1,0,0
80210,lovebear,1,1,1,0
80214,mrfuzzy,1,0,0,0
80213,mrfuzzy,0,0,0,0
80216,mrfuzzy,1,1,1,0
80217,mrfuzzy,1,1,1,1
80219,mrfuzzy,1,1,1,1
80220,lovebear,0,0,0,0
80221,lovebear,1,1,1,1
80224,mrfuzzy,0,0,0,0
80226,mrfuzzy,0,0,0,0
80227,lovebear,1,0,0,0
80232,mrfuzzy,0,0,0,0
80234,mrfuzzy,0,0,0,0
80237,mrfuzzy,1,0,0,0
80242,mrfuzzy,1,1,1,1
80247,mrfuzzy,0,0,0,0
80249,lovebear,0,0,0,0
80251,lovebear,1,1,1,0
80254,mrfuzzy,0,0,0,0
80252,mrfuzzy,0,0,0,0
80255,mrfuzzy,1,1,1,0
80257,mrfuzzy,0,0,0,0
80258,lovebear,1,0,0,0
80271,mrfuzzy,0,0,0,0
80274,mrfuzzy,0,0,0,0
80272,mrfuzzy,1,1,0,0
80276,lovebear,0,0,0,0
80279,mrfuzzy,0,0,0,0
80281,lovebear,0,0,0,0
80285,lovebear,1,0,0,0
80289,mrfuzzy,1,1,1,1
80288,mrfuzzy,1,1,1,1
80291,mrfuzzy,0,0,0,0
80296,lovebear,1,1,0,0
80295,mrfuzzy,0,0,0,0
80298,mrfuzzy,0,0,0,0
80300,mrfuzzy,1,1,1,0
80304,mrfuzzy,0,0,0,0
80305,lovebear,1,1,1,0
80306,lovebear,1,0,0,0
80308,mrfuzzy,0,0,0,0
80309,mrfuzzy,0,0,0,0
80313,mrfuzzy,0,0,0,0
80314,mrfuzzy,0,0,0,0
80315,mrfuzzy,1,0,0,0
80316,lovebear,0,0,0,0
80317,mrfuzzy,1,1,1,0
80319,mrfuzzy,0,0,0,0
80321,lovebear,0,0,0,0
80324,mrfuzzy,1,1,1,1
80327,mrfuzzy,0,0,0,0
80328,mrfuzzy,0,0,0,0
80331,mrfuzzy,1,1,0,0
80335,mrfuzzy,1,1,1,0
80337,mrfuzzy,1,1,1,0
80336,mrfuzzy,1,0,0,0
80339,mrfuzzy,1,0,0,0
80341,mrfuzzy,0,0,0,0
80343,mrfuzzy,0,0,0,0
80349,mrfuzzy,0,0,0,0
80350,mrfuzzy,0,0,0,0
80351,mrfuzzy,0,0,0,0
80352,mrfuzzy,0,0,0,0
80353,mrfuzzy,1,1,1,1
80354,mrfuzzy,1,0,0,0
80355,mrfuzzy,1,0,0,0
80356,lovebear,1,1,1,1
80358,mrfuzzy,1,1,1,1
80361,mrfuzzy,0,0,0,0
80362,mrfuzzy,1,1,1,0
80366,lovebear,0,0,0,0
80368,mrfuzzy,1,1,1,1
80370,mrfuzzy,1,1,1,1
80372,mrfuzzy,0,0,0,0
80373,mrfuzzy,1,1,1,1
80375,mrfuzzy,0,0,0,0
80376,mrfuzzy,0,0,0,0
80377,mrfuzzy,0,0,0,0
80378,mrfuzzy,0,0,0,0
80380,mrfuzzy,0,0,0,0
80389,lovebear,0,0,0,0
80401,mrfuzzy,0,0,0,0
80399,mrfuzzy,1,1,0,0
80404,mrfuzzy,1,1,1,0
80406,mrfuzzy,0,0,0,0
80409,mrfuzzy,1,1,1,1
80407,mrfuzzy,0,0,0,0
80412,mrfuzzy,1,1,1,0
80413,lovebear,0,0,0,0
80419,mrfuzzy,0,0,0,0
80420,mrfuzzy,1,1,1,1
80422,mrfuzzy,1,1,1,1
80423,mrfuzzy,0,0,0,0
80424,mrfuzzy,0,0,0,0
80426,mrfuzzy,1,0,0,0
80435,mrfuzzy,1,1,1,0
80438,mrfuzzy,1,1,1,0
80439,mrfuzzy,0,0,0,0
80440,mrfuzzy,1,1,1,1
80445,mrfuzzy,0,0,0,0
80448,mrfuzzy,0,0,0,0
80450,mrfuzzy,1,1,1,1
80449,mrfuzzy,0,0,0,0
80451,mrfuzzy,0,0,0,0
80452,mrfuzzy,1,0,0,0
80454,mrfuzzy,0,0,0,0
80458,mrfuzzy,0,0,0,0
80463,mrfuzzy,0,0,0,0
80465,mrfuzzy,0,0,0,0
80466,mrfuzzy,0,0,0,0
80469,mrfuzzy,0,0,0,0
80470,mrfuzzy,0,0,0,0
80471,mrfuzzy,0,0,0,0
80473,mrfuzzy,1,0,0,0
80474,mrfuzzy,0,0,0,0
80475,mrfuzzy,1,1,0,0
80479,mrfuzzy,0,0,0,0
80482,mrfuzzy,0,0,0,0
80484,mrfuzzy,1,0,0,0
80485,mrfuzzy,0,0,0,0
80488,mrfuzzy,0,0,0,0
80487,lovebear,0,0,0,0
80494,mrfuzzy,1,1,1,0
80495,mrfuzzy,1,0,0,0
80498,mrfuzzy,0,0,0,0
80499,mrfuzzy,1,0,0,0
80502,mrfuzzy,1,1,0,0
80505,lovebear,0,0,0,0
80508,lovebear,1,1,0,0
80511,mrfuzzy,0,0,0,0
80512,mrfuzzy,0,0,0,0
80513,mrfuzzy,0,0,0,0
80514,mrfuzzy,1,1,1,0
80515,mrfuzzy,0,0,0,0
80517,mrfuzzy,0,0,0,0
80520,mrfuzzy,0,0,0,0
80523,mrfuzzy,1,1,1,1
80525,mrfuzzy,0,0,0,0
80530,mrfuzzy,1,1,1,0
80531,mrfuzzy,1,0,0,0
80534,mrfuzzy,0,0,0,0
80535,mrfuzzy,0,0,0,0
80536,mrfuzzy,0,0,0,0
80537,mrfuzzy,0,0,0,0
80538,mrfuzzy,0,0,0,0
80540,mrfuzzy,0,0,0,0
80539,mrfuzzy,0,0,0,0
80545,mrfuzzy,1,1,1,0
80546,mrfuzzy,0,0,0,0
80547,mrfuzzy,1,0,0,0
80552,mrfuzzy,1,0,0,0
80554,mrfuzzy,0,0,0,0
80553,mrfuzzy,1,0,0,0
80555,mrfuzzy,1,0,0,0
80556,mrfuzzy,1,0,0,0
80557,mrfuzzy,1,1,1,0
80560,mrfuzzy,0,0,0,0
80564,mrfuzzy,0,0,0,0
80565,mrfuzzy,1,1,1,1
80566,mrfuzzy,1,1,1,0
80570,mrfuzzy,0,0,0,0
80571,mrfuzzy,0,0,0,0
80572,mrfuzzy,1,1,1,1
80576,mrfuzzy,1,0,0,0
80577,mrfuzzy,1,0,0,0
80580,lovebear,1,1,1,1
80579,mrfuzzy,0,0,0,0
80581,mrfuzzy,0,0,0,0
80582,mrfuzzy,0,0,0,0
80588,mrfuzzy,1,1,1,1
80590,lovebear,0,0,0,0
80591,lovebear,1,0,0,0
80592,mrfuzzy,1,1,0,0
80598,mrfuzzy,1,1,1,1
80606,mrfuzzy,0,0,0,0
80607,lovebear,1,0,0,0
80608,mrfuzzy,0,0,0,0
80612,mrfuzzy,0,0,0,0
80614,mrfuzzy,1,1,1,1
80616,mrfuzzy,0,0,0,0
80617,mrfuzzy,1,0,0,0
80618,mrfuzzy,0,0,0,0
80619,mrfuzzy,0,0,0,0
80620,mrfuzzy,1,0,0,0
80622,mrfuzzy,1,1,0,0
80627,mrfuzzy,0,0,0,0
80628,mrfuzzy,1,1,1,0
80629,mrfuzzy,0,0,0,0
80630,mrfuzzy,1,1,0,0
80639,mrfuzzy,1,0,0,0
80641,mrfuzzy,0,0,0,0
80643,mrfuzzy,0,0,0,0
80645,mrfuzzy,0,0,0,0
80648,lovebear,0,0,0,0
80652,mrfuzzy,0,0,0,0
80653,mrfuzzy,1,0,0,0
80654,mrfuzzy,0,0,0,0
80663,mrfuzzy,1,0,0,0
80665,mrfuzzy,0,0,0,0
80668,mrfuzzy,1,1,1,0
80669,mrfuzzy,1,1,0,0
80672,mrfuzzy,0,0,0,0
80673,mrfuzzy,1,1,1,1
80674,mrfuzzy,1,1,1,0
80678,mrfuzzy,0,0,0,0
80679,mrfuzzy,1,0,0,0
80680,mrfuzzy,0,0,0,0
80682,mrfuzzy,1,1,1,0
80683,lovebear,1,1,1,1
80687,mrfuzzy,1,0,0,0
80692,mrfuzzy,1,0,0,0
80693,mrfuzzy,1,0,0,0
80695,mrfuzzy,0,0,0,0
80699,mrfuzzy,0,0,0,0
80701,mrfuzzy,1,0,0,0
80707,mrfuzzy,0,0,0,0
80709,mrfuzzy,0,0,0,0
80713,mrfuzzy,1,1,0,0
80717,mrfuzzy,1,1,1,1
80718,mrfuzzy,0,0,0,0
80719,mrfuzzy,1,1,1,1
80722,mrfuzzy,0,0,0,0
80724,mrfuzzy,0,0,0,0
80723,mrfuzzy,0,0,0,0
80729,mrfuzzy,0,0,0,0
80730,mrfuzzy,0,0,0,0
80732,mrfuzzy,1,1,1,1
80735,mrfuzzy,0,0,0,0
80742,mrfuzzy,1,1,1,0
80744,lovebear,0,0,0,0
80745,mrfuzzy,0,0,0,0
80749,mrfuzzy,0,0,0,0
80750,mrfuzzy,1,1,1,1
80753,mrfuzzy,1,1,1,1
80754,mrfuzzy,0,0,0,0
80756,mrfuzzy,1,1,1,1
80761,mrfuzzy,1,1,1,0
80763,lovebear,0,0,0,0
80767,lovebear,0,0,0,0
80768,lovebear,1,1,1,1
80769,lovebear,1,1,1,0
80771,mrfuzzy,0,0,0,0
80774,lovebear,1,1,1,1
80779,lovebear,0,0,0,0
80783,mrfuzzy,0,0,0,0
80786,mrfuzzy,0,0,0,0
80784,mrfuzzy,0,0,0,0
80795,mrfuzzy,1,1,1,0
80797,mrfuzzy,1,1,1,1
80799,mrfuzzy,0,0,0,0
80798,mrfuzzy,1,0,0,0
80805,mrfuzzy,0,0,0,0
80806,mrfuzzy,0,0,0,0
80813,mrfuzzy,0,0,0,0
80814,mrfuzzy,0,0,0,0
80817,mrfuzzy,1,1,1,1
80819,mrfuzzy,1,1,1,0
80821,mrfuzzy,0,0,0,0
80827,lovebear,0,0,0,0
80831,mrfuzzy,1,1,1,0
80833,mrfuzzy,1,1,1,1
80834,mrfuzzy,1,0,0,0
80838,mrfuzzy,0,0,0,0
80840,lovebear,1,1,1,0
80841,mrfuzzy,0,0,0,0
80843,mrfuzzy,1,1,1,0
80848,lovebear,0,0,0,0
80849,mrfuzzy,1,1,1,0
80851,mrfuzzy,1,1,1,1
80854,mrfuzzy,0,0,0,0
80856,mrfuzzy,1,1,1,1
80858,lovebear,1,0,0,0
80859,mrfuzzy,1,1,1,0
80861,mrfuzzy,0,0,0,0
80866,mrfuzzy,1,1,1,1
80867,mrfuzzy,0,0,0,0
80868,mrfuzzy,0,0,0,0
80880,mrfuzzy,0,0,0,0
80883,mrfuzzy,0,0,0,0
80886,mrfuzzy,0,0,0,0
80890,lovebear,0,0,0,0
80898,mrfuzzy,1,1,0,0
80899,mrfuzzy,0,0,0,0
80903,mrfuzzy,0,0,0,0
80906,mrfuzzy,0,0,0,0
80908,mrfuzzy,1,1,1,1
80910,mrfuzzy,0,0,0,0
80911,mrfuzzy,0,0,0,0
80913,lovebear,1,1,1,1
80914,mrfuzzy,1,1,1,1
80918,mrfuzzy,1,0,0,0
80919,mrfuzzy,0,0,0,0
80922,mrfuzzy,0,0,0,0
80925,mrfuzzy,1,1,1,1
80930,mrfuzzy,0,0,0,0
80931,lovebear,1,1,1,1
80932,mrfuzzy,0,0,0,0
80937,mrfuzzy,1,1,1,1
80936,mrfuzzy,0,0,0,0
80940,mrfuzzy,0,0,0,0
80941,mrfuzzy,1,1,0,0
80944,mrfuzzy,0,0,0,0
80945,lovebear,1,0,0,0
80947,mrfuzzy,0,0,0,0
80948,mrfuzzy,0,0,0,0
80949,mrfuzzy,0,0,0,0
80950,mrfuzzy,0,0,0,0
80953,mrfuzzy,0,0,0,0
80954,lovebear,1,1,1,1
80960,mrfuzzy,1,0,0,0
80959,mrfuzzy,1,1,1,0
80962,mrfuzzy,0,0,0,0
80966,mrfuzzy,1,1,1,1
80968,mrfuzzy,0,0,0,0
80969,lovebear,0,0,0,0
80972,mrfuzzy,1,1,0,0
80973,mrfuzzy,1,1,1,1
80976,mrfuzzy,0,0,0,0
80977,mrfuzzy,0,0,0,0
80981,mrfuzzy,1,1,1,1
80982,mrfuzzy,0,0,0,0
80983,mrfuzzy,1,1,1,1
80985,lovebear,0,0,0,0
80986,mrfuzzy,1,0,0,0
80988,mrfuzzy,1,1,1,0
80989,mrfuzzy,0,0,0,0
80992,mrfuzzy,1,0,0,0
80991,mrfuzzy,0,0,0,0
80994,mrfuzzy,1,0,0,0
81001,mrfuzzy,0,0,0,0
81004,mrfuzzy,0,0,0,0
81007,mrfuzzy,0,0,0,0
81008,lovebear,1,1,1,0
81017,mrfuzzy,0,0,0,0
81018,mrfuzzy,1,1,0,0
81020,mrfuzzy,0,0,0,0
81021,mrfuzzy,0,0,0,0
81024,lovebear,1,1,1,1
81027,mrfuzzy,0,0,0,0
81031,mrfuzzy,1,1,1,0
81032,mrfuzzy,1,1,0,0
81036,mrfuzzy,1,0,0,0
81042,mrfuzzy,0,0,0,0
81043,lovebear,1,0,0,0
81046,mrfuzzy,1,1,1,1
81049,mrfuzzy,0,0,0,0
81052,mrfuzzy,1,0,0,0
81056,mrfuzzy,1,1,1,1
81058,mrfuzzy,0,0,0,0
81060,mrfuzzy,0,0,0,0
81063,mrfuzzy,0,0,0,0
81067,lovebear,1,0,0,0
81068,mrfuzzy,0,0,0,0
81071,lovebear,0,0,0,0
81072,mrfuzzy,1,1,1,0
81073,mrfuzzy,1,1,0,0
81080,mrfuzzy,0,0,0,0
81082,mrfuzzy,1,0,0,0
81085,mrfuzzy,1,1,1,1
81092,mrfuzzy,0,0,0,0
81095,mrfuzzy,1,1,1,0
81096,mrfuzzy,1,0,0,0
81100,mrfuzzy,0,0,0,0
81099,mrfuzzy,0,0,0,0
81104,lovebear,1,0,0,0
81103,mrfuzzy,0,0,0,0
81105,lovebear,1,1,0,0
81106,mrfuzzy,0,0,0,0
81110,mrfuzzy,0,0,0,0
81113,mrfuzzy,0,0,0,0
81114,mrfuzzy,1,1,1,1
81115,mrfuzzy,1,1,1,1
81123,mrfuzzy,0,0,0,0
81126,mrfuzzy,0,0,0,0
81127,mrfuzzy,1,0,0,0
81130,mrfuzzy,1,1,1,0
81129,lovebear,0,0,0,0
81131,mrfuzzy,1,1,1,1
81133,mrfuzzy,0,0,0,0
81140,mrfuzzy,0,0,0,0
81141,mrfuzzy,0,0,0,0
81142,mrfuzzy,0,0,0,0
81143,mrfuzzy,0,0,0,0
81145,mrfuzzy,0,0,0,0
81146,mrfuzzy,0,0,0,0
81148,mrfuzzy,0,0,0,0
81150,mrfuzzy,0,0,0,0
81154,mrfuzzy,0,0,0,0
81156,mrfuzzy,1,0,0,0
81161,mrfuzzy,1,0,0,0
81165,mrfuzzy,1,0,0,0
81169,lovebear,0,0,0,0
81170,mrfuzzy,1,0,0,0
81173,mrfuzzy,0,0,0,0
81176,mrfuzzy,1,1,0,0
81178,mrfuzzy,0,0,0,0
81181,mrfuzzy,0,0,0,0
81182,mrfuzzy,1,1,1,1
81188,lovebear,0,0,0,0
81189,mrfuzzy,1,1,1,0
81192,mrfuzzy,0,0,0,0
81195,mrfuzzy,1,1,1,0
81194,mrfuzzy,1,1,1,1
81196,lovebear,0,0,0,0
81197,lovebear,1,1,1,0
81200,mrfuzzy,0,0,0,0
81203,mrfuzzy,0,0,0,0
81204,lovebear,0,0,0,0
81205,mrfuzzy,0,0,0,0
81209,mrfuzzy,1,0,0,0
81213,mrfuzzy,1,1,1,1
81215,mrfuzzy,1,1,0,0
81217,mrfuzzy,0,0,0,0
81220,mrfuzzy,1,1,1,1
81224,mrfuzzy,1,1,1,1
81225,mrfuzzy,1,0,0,0
81229,mrfuzzy,0,0,0,0
81228,lovebear,0,0,0,0
81231,mrfuzzy,0,0,0,0
81233,lovebear,1,1,1,1
81232,lovebear,0,0,0,0
81234,mrfuzzy,0,0,0,0
81235,lovebear,0,0,0,0
81238,lovebear,1,1,1,1
81237,lovebear,0,0,0,0
81240,mrfuzzy,0,0,0,0
81241,mrfuzzy,0,0,0,0
81247,mrfuzzy,1,0,0,0
81250,mrfuzzy,0,0,0,0
81254,mrfuzzy,0,0,0,0
81255,mrfuzzy,1,1,1,0
81256,lovebear,1,0,0,0
81262,mrfuzzy,1,1,1,0
81263,mrfuzzy,1,0,0,0
81264,mrfuzzy,0,0,0,0
81267,mrfuzzy,0,0,0,0
81266,mrfuzzy,0,0,0,0
81268,lovebear,0,0,0,0
81269,mrfuzzy,0,0,0,0
81271,mrfuzzy,0,0,0,0
81274,mrfuzzy,1,1,0,0
81275,mrfuzzy,0,0,0,0
81283,mrfuzzy,0,0,0,0
81289,mrfuzzy,0,0,0,0
81290,mrfuzzy,0,0,0,0
81292,mrfuzzy,1,1,1,1
81297,mrfuzzy,1,1,1,1
81299,mrfuzzy,0,0,0,0
81301,mrfuzzy,0,0,0,0
81305,mrfuzzy,0,0,0,0
81308,mrfuzzy,0,0,0,0
81311,mrfuzzy,0,0,0,0
81312,mrfuzzy,0,0,0,0
81315,lovebear,1,1,1,1
81313,mrfuzzy,1,0,0,0
81314,mrfuzzy,1,0,0,0
81316,mrfuzzy,1,0,0,0
81317,mrfuzzy,0,0,0,0
81321,mrfuzzy,1,1,1,1
81322,mrfuzzy,1,1,1,1
81324,mrfuzzy,0,0,0,0
81328,mrfuzzy,1,1,1,1
81326,mrfuzzy,0,0,0,0
81330,mrfuzzy,0,0,0,0
81327,mrfuzzy,0,0,0,0
81333,lovebear,1,0,0,0
81341,mrfuzzy,0,0,0,0
81342,mrfuzzy,1,1,1,0
81343,mrfuzzy,1,1,1,1
81345,mrfuzzy,0,0,0,0
81346,mrfuzzy,0,0,0,0
81349,mrfuzzy,1,1,1,0
81353,mrfuzzy,0,0,0,0
81354,mrfuzzy,1,1,1,0
81356,mrfuzzy,1,1,1,1
81357,mrfuzzy,1,1,1,1
81360,mrfuzzy,1,1,1,0
81361,mrfuzzy,1,0,0,0
81363,mrfuzzy,0,0,0,0
81364,mrfuzzy,1,0,0,0
81365,mrfuzzy,0,0,0,0
81372,mrfuzzy,0,0,0,0
81374,lovebear,0,0,0,0
81377,mrfuzzy,1,1,1,1
81378,mrfuzzy,1,0,0,0
81381,mrfuzzy,1,0,0,0
81382,mrfuzzy,0,0,0,0
81384,mrfuzzy,1,1,1,1
81386,mrfuzzy,0,0,0,0
81390,mrfuzzy,1,1,1,0
81396,mrfuzzy,0,0,0,0
81403,mrfuzzy,0,0,0,0
81401,mrfuzzy,0,0,0,0
81405,mrfuzzy,1,1,1,1
81406,mrfuzzy,1,0,0,0
81410,mrfuzzy,0,0,0,0
81408,mrfuzzy,1,1,1,1
81411,mrfuzzy,0,0,0,0
81418,mrfuzzy,1,1,0,0
81417,mrfuzzy,0,0,0,0
81419,mrfuzzy,0,0,0,0
81421,mrfuzzy,0,0,0,0
81422,mrfuzzy,0,0,0,0
81424,mrfuzzy,1,0,0,0
81427,mrfuzzy,1,1,1,1
81426,mrfuzzy,0,0,0,0
81430,mrfuzzy,1,1,0,0
81432,mrfuzzy,0,0,0,0
81438,mrfuzzy,1,1,1,1
81439,lovebear,0,0,0,0
81440,mrfuzzy,0,0,0,0
81442,mrfuzzy,1,1,1,0
81443,mrfuzzy,1,1,1,1
81445,mrfuzzy,0,0,0,0
81448,mrfuzzy,0,0,0,0
81449,mrfuzzy,0,0,0,0
81450,lovebear,1,1,1,0
81452,mrfuzzy,1,1,1,0
81453,mrfuzzy,0,0,0,0
81456,mrfuzzy,1,1,1,0
81457,mrfuzzy,0,0,0,0
81458,lovebear,1,1,1,0
81461,lovebear,1,1,1,0
81463,mrfuzzy,0,0,0,0
81467,mrfuzzy,0,0,0,0
81468,mrfuzzy,0,0,0,0
81470,mrfuzzy,1,1,1,1
81473,mrfuzzy,0,0,0,0
81474,mrfuzzy,1,0,0,0
81478,mrfuzzy,0,0,0,0
81483,mrfuzzy,1,1,1,1
81484,mrfuzzy,1,0,0,0
81488,mrfuzzy,1,0,0,0
81489,lovebear,1,1,0,0
81492,mrfuzzy,1,1,0,0
81493,mrfuzzy,1,1,1,0
81498,mrfuzzy,1,1,1,1
81497,mrfuzzy,0,0,0,0
81499,lovebear,0,0,0,0
81501,mrfuzzy,1,0,0,0
81502,mrfuzzy,0,0,0,0
81503,mrfuzzy,0,0,0,0
81504,mrfuzzy,1,1,1,0
81505,lovebear,1,1,1,1
81508,mrfuzzy,1,1,1,1
81513,lovebear,1,0,0,0
81515,mrfuzzy,1,0,0,0
81516,mrfuzzy,1,0,0,0
81518,mrfuzzy,0,0,0,0
81519,mrfuzzy,1,1,0,0
81520,mrfuzzy,0,0,0,0
81523,mrfuzzy,1,1,1,1
81524,mrfuzzy,1,1,1,0
81526,mrfuzzy,1,1,1,1
81527,mrfuzzy,1,1,0,0
81529,mrfuzzy,1,1,1,1
81532,mrfuzzy,1,1,1,0
81534,mrfuzzy,1,1,0,0
81542,mrfuzzy,1,1,1,0
81544,mrfuzzy,0,0,0,0
81546,mrfuzzy,0,0,0,0
81548,mrfuzzy,1,1,1,0
81550,mrfuzzy,0,0,0,0
81549,mrfuzzy,0,0,0,0
81551,mrfuzzy,0,0,0,0
81554,mrfuzzy,1,1,1,0
81556,mrfuzzy,1,1,1,1
81558,lovebear,0,0,0,0
81560,mrfuzzy,1,1,0,0
81562,mrfuzzy,1,1,1,1
81564,mrfuzzy,0,0,0,0
81569,mrfuzzy,0,0,0,0
81568,mrfuzzy,0,0,0,0
81572,lovebear,0,0,0,0
81574,lovebear,1,1,1,1
81577,mrfuzzy,0,0,0,0
81581,lovebear,0,0,0,0
81585,mrfuzzy,0,0,0,0
81583,mrfuzzy,0,0,0,0
81587,mrfuzzy,0,0,0,0
81588,mrfuzzy,1,1,1,0
81593,mrfuzzy,0,0,0,0
81592,mrfuzzy,0,0,0,0
81591,lovebear,1,0,0,0
81595,mrfuzzy,0,0,0,0
81602,lovebear,1,1,1,0
81604,mrfuzzy,1,0,0,0
81606,mrfuzzy,0,0,0,0
81605,mrfuzzy,0,0,0,0
81609,mrfuzzy,0,0,0,0
81611,lovebear,1,1,1,0
81620,lovebear,1,0,0,0
81627,mrfuzzy,1,1,1,1
81628,mrfuzzy,0,0,0,0
81632,mrfuzzy,1,0,0,0
81633,lovebear,1,0,0,0
81639,lovebear,0,0,0,0
81637,mrfuzzy,0,0,0,0
81642,mrfuzzy,0,0,0,0
81644,mrfuzzy,0,0,0,0
81645,mrfuzzy,0,0,0,0
81646,mrfuzzy,1,1,1,0
81648,mrfuzzy,0,0,0,0
81652,mrfuzzy,0,0,0,0
81656,mrfuzzy,1,0,0,0
81662,lovebear,0,0,0,0
81666,mrfuzzy,1,0,0,0
81667,mrfuzzy,1,1,1,1
81670,lovebear,0,0,0,0
81671,mrfuzzy,0,0,0,0
81673,mrfuzzy,0,0,0,0
81675,mrfuzzy,0,0,0,0
81679,lovebear,1,1,1,1
81681,mrfuzzy,1,0,0,0
81684,mrfuzzy,0,0,0,0
81692,mrfuzzy,1,1,1,0
81698,mrfuzzy,0,0,0,0
81700,mrfuzzy,0,0,0,0
81701,mrfuzzy,0,0,0,0
81703,mrfuzzy,0,0,0,0
81706,mrfuzzy,1,1,1,1
81712,mrfuzzy,0,0,0,0
81709,mrfuzzy,1,1,1,1
81715,mrfuzzy,0,0,0,0
81717,mrfuzzy,1,0,0,0
81722,mrfuzzy,1,1,1,1
81725,mrfuzzy,1,1,1,1
81727,mrfuzzy,0,0,0,0
81728,mrfuzzy,0,0,0,0
81729,mrfuzzy,1,1,1,1
81734,mrfuzzy,0,0,0,0
81735,mrfuzzy,0,0,0,0
81739,lovebear,1,1,1,0
81738,mrfuzzy,0,0,0,0
81741,mrfuzzy,1,0,0,0
81745,mrfuzzy,0,0,0,0
81746,mrfuzzy,0,0,0,0
81750,mrfuzzy,0,0,0,0
81755,mrfuzzy,0,0,0,0
81753,mrfuzzy,1,1,1,1
81756,mrfuzzy,0,0,0,0
81758,mrfuzzy,0,0,0,0
81757,mrfuzzy,1,0,0,0
81760,mrfuzzy,0,0,0,0
81761,mrfuzzy,0,0,0,0
81764,mrfuzzy,1,1,1,1
81766,mrfuzzy,0,0,0,0
81769,mrfuzzy,0,0,0,0
81768,mrfuzzy,1,0,0,0
81770,lovebear,1,1,1,0
81773,mrfuzzy,0,0,0,0
81774,mrfuzzy,1,1,1,0
81776,mrfuzzy,1,1,1,1
81777,mrfuzzy,0,0,0,0
81778,mrfuzzy,0,0,0,0
81779,lovebear,1,1,1,0
81789,mrfuzzy,0,0,0,0
81792,mrfuzzy,0,0,0,0
81791,lovebear,1,1,1,1
81793,mrfuzzy,1,0,0,0
81795,mrfuzzy,0,0,0,0
81794,mrfuzzy,0,0,0,0
81796,mrfuzzy,0,0,0,0
81799,mrfuzzy,1,0,0,0
81801,mrfuzzy,0,0,0,0
81803,mrfuzzy,0,0,0,0
81804,mrfuzzy,1,0,0,0
81807,mrfuzzy,0,0,0,0
81809,mrfuzzy,0,0,0,0
81812,lovebear,1,1,1,0
81818,mrfuzzy,0,0,0,0
81832,mrfuzzy,1,1,1,1
81835,mrfuzzy,1,1,1,1
81837,mrfuzzy,0,0,0,0
81838,lovebear,0,0,0,0
81839,lovebear,1,1,1,0
81840,lovebear,0,0,0,0
81841,mrfuzzy,0,0,0,0
81843,mrfuzzy,0,0,0,0
81844,mrfuzzy,0,0,0,0
81847,mrfuzzy,1,0,0,0
81850,mrfuzzy,0,0,0,0
81854,mrfuzzy,1,1,0,0
81856,mrfuzzy,0,0,0,0
81859,mrfuzzy,1,1,1,0
81860,mrfuzzy,0,0,0,0
81862,mrfuzzy,0,0,0,0
81864,mrfuzzy,1,0,0,0
81865,mrfuzzy,1,0,0,0
81869,mrfuzzy,0,0,0,0
81872,mrfuzzy,0,0,0,0
81874,mrfuzzy,0,0,0,0
81875,mrfuzzy,1,1,1,1
81877,mrfuzzy,1,1,0,0
81881,mrfuzzy,0,0,0,0
81883,mrfuzzy,1,1,1,0
81887,mrfuzzy,0,0,0,0
81890,mrfuzzy,0,0,0,0
81892,mrfuzzy,1,1,1,1
81895,mrfuzzy,1,1,1,1
81898,mrfuzzy,0,0,0,0
81901,lovebear,1,0,0,0
81904,mrfuzzy,0,0,0,0
81903,mrfuzzy,1,0,0,0
81906,mrfuzzy,0,0,0,0
81905,lovebear,0,0,0,0
81911,mrfuzzy,0,0,0,0
81912,mrfuzzy,1,1,1,0
81916,lovebear,0,0,0,0
81921,mrfuzzy,0,0,0,0
81923,mrfuzzy,1,0,0,0
81926,mrfuzzy,1,1,1,1
81928,mrfuzzy,0,0,0,0
81931,mrfuzzy,0,0,0,0
81934,lovebear,0,0,0,0
81936,lovebear,1,0,0,0
81937,mrfuzzy,0,0,0,0
81941,mrfuzzy,1,1,1,1
81942,mrfuzzy,0,0,0,0
81946,mrfuzzy,0,0,0,0
81948,lovebear,1,1,1,1
81949,mrfuzzy,0,0,0,0
81950,mrfuzzy,0,0,0,0
81952,mrfuzzy,1,1,1,1
81957,mrfuzzy,1,1,1,0
81958,mrfuzzy,0,0,0,0
81961,mrfuzzy,0,0,0,0
81965,mrfuzzy,0,0,0,0
81966,mrfuzzy,1,0,0,0
81968,mrfuzzy,0,0,0,0
81972,mrfuzzy,1,0,0,0
81974,mrfuzzy,1,1,1,1
81973,mrfuzzy,0,0,0,0
81976,mrfuzzy,0,0,0,0
81978,lovebear,1,0,0,0
81980,mrfuzzy,1,1,1,0
81982,mrfuzzy,1,1,1,1
81984,lovebear,1,0,0,0
81986,lovebear,0,0,0,0
81988,mrfuzzy,0,0,0,0
81991,mrfuzzy,1,0,0,0
81990,mrfuzzy,1,1,1,1
81993,mrfuzzy,1,1,1,1
81996,mrfuzzy,0,0,0,0
81997,lovebear,0,0,0,0
81998,mrfuzzy,0,0,0,0
81999,mrfuzzy,0,0,0,0
82000,mrfuzzy,0,0,0,0
82002,mrfuzzy,1,0,0,0
82006,mrfuzzy,1,1,1,1
82008,mrfuzzy,1,1,0,0
82011,mrfuzzy,1,1,1,1
82009,mrfuzzy,0,0,0,0
82010,mrfuzzy,1,1,1,1
82013,mrfuzzy,1,1,1,1
82018,mrfuzzy,0,0,0,0
82021,mrfuzzy,0,0,0,0
82020,mrfuzzy,1,1,1,1
82022,mrfuzzy,0,0,0,0
82023,lovebear,1,1,1,0
82024,mrfuzzy,0,0,0,0
82026,mrfuzzy,1,1,1,1
82028,mrfuzzy,0,0,0,0
82029,mrfuzzy,0,0,0,0
82035,mrfuzzy,0,0,0,0
82036,mrfuzzy,1,1,1,1
82040,mrfuzzy,1,1,1,0
82043,mrfuzzy,0,0,0,0
82044,mrfuzzy,1,0,0,0
82046,mrfuzzy,0,0,0,0
82048,mrfuzzy,1,1,1,0
82051,lovebear,1,0,0,0
82052,mrfuzzy,0,0,0,0
82053,mrfuzzy,0,0,0,0
82057,mrfuzzy,1,1,1,0
82056,mrfuzzy,1,1,1,1
82058,mrfuzzy,1,0,0,0
82059,mrfuzzy,0,0,0,0
82062,lovebear,1,1,1,1
82065,lovebear,0,0,0,0
82066,mrfuzzy,0,0,0,0
82067,lovebear,1,0,0,0
82070,mrfuzzy,1,0,0,0
82074,mrfuzzy,1,1,1,1
82083,mrfuzzy,1,1,1,1
82089,mrfuzzy,0,0,0,0
82092,mrfuzzy,0,0,0,0
82093,mrfuzzy,0,0,0,0
82091,mrfuzzy,1,1,1,0
82094,mrfuzzy,0,0,0,0
82095,mrfuzzy,1,1,0,0
82096,mrfuzzy,0,0,0,0
82101,mrfuzzy,0,0,0,0
82103,mrfuzzy,0,0,0,0
82106,mrfuzzy,0,0,0,0
82107,mrfuzzy,0,0,0,0
82109,mrfuzzy,0,0,0,0
82110,lovebear,1,1,1,1
82113,mrfuzzy,0,0,0,0
82115,mrfuzzy,1,1,0,0
82119,mrfuzzy,1,1,1,1
82120,mrfuzzy,1,1,1,0
82121,lovebear,0,0,0,0
82122,mrfuzzy,1,1,0,0
82123,mrfuzzy,0,0,0,0
82124,mrfuzzy,1,1,1,1
82125,mrfuzzy,0,0,0,0
82127,mrfuzzy,0,0,0,0
82129,mrfuzzy,0,0,0,0
82128,mrfuzzy,0,0,0,0
82130,mrfuzzy,1,1,1,1
82133,mrfuzzy,0,0,0,0
82134,mrfuzzy,1,1,1,1
82136,mrfuzzy,1,1,1,0
82137,mrfuzzy,1,1,1,1
82142,mrfuzzy,1,1,1,1
82146,mrfuzzy,1,1,1,1
82148,mrfuzzy,0,0,0,0
82150,mrfuzzy,0,0,0,0
82151,lovebear,0,0,0,0
82153,mrfuzzy,0,0,0,0
82154,lovebear,0,0,0,0
82155,mrfuzzy,0,0,0,0
82157,mrfuzzy,0,0,0,0
82159,mrfuzzy,1,0,0,0
82160,mrfuzzy,0,0,0,0
82163,mrfuzzy,1,1,1,1
82173,mrfuzzy,0,0,0,0
82172,mrfuzzy,1,1,1,1
82175,mrfuzzy,0,0,0,0
82176,lovebear,1,1,1,1
82177,mrfuzzy,1,1,0,0
82178,lovebear,1,1,0,0
82180,mrfuzzy,0,0,0,0
82182,mrfuzzy,0,0,0,0
82183,mrfuzzy,1,1,1,1
82184,mrfuzzy,0,0,0,0
82185,mrfuzzy,0,0,0,0
82188,mrfuzzy,1,0,0,0
82191,mrfuzzy,1,1,1,1
82193,mrfuzzy,1,0,0,0
82194,mrfuzzy,0,0,0,0
82195,mrfuzzy,0,0,0,0
82200,mrfuzzy,1,1,1,0
82202,mrfuzzy,0,0,0,0
82203,mrfuzzy,0,0,0,0
82205,mrfuzzy,1,1,1,1
82206,mrfuzzy,0,0,0,0
82209,mrfuzzy,1,1,1,1
82208,mrfuzzy,0,0,0,0
82210,lovebear,0,0,0,0
82212,mrfuzzy,0,0,0,0
82215,mrfuzzy,0,0,0,0
82216,mrfuzzy,0,0,0,0
82219,mrfuzzy,1,1,1,1
82224,mrfuzzy,0,0,0,0
82226,mrfuzzy,0,0,0,0
82230,mrfuzzy,0,0,0,0
82232,mrfuzzy,1,0,0,0
82235,lovebear,0,0,0,0
82237,mrfuzzy,0,0,0,0
82238,lovebear,0,0,0,0
82239,mrfuzzy,0,0,0,0
82241,mrfuzzy,0,0,0,0
82244,mrfuzzy,0,0,0,0
82246,mrfuzzy,1,0,0,0
82251,mrfuzzy,0,0,0,0
82258,lovebear,1,1,1,1
82259,mrfuzzy,0,0,0,0
82261,mrfuzzy,1,1,1,0
82263,mrfuzzy,1,0,0,0
82264,mrfuzzy,0,0,0,0
82266,mrfuzzy,1,0,0,0
82267,mrfuzzy,1,1,1,1
82269,mrfuzzy,1,1,0,0
82274,mrfuzzy,1,1,1,0
82275,mrfuzzy,0,0,0,0
82276,mrfuzzy,1,1,1,0
82279,mrfuzzy,1,1,1,0
82280,mrfuzzy,1,0,0,0
82281,mrfuzzy,0,0,0,0
82284,mrfuzzy,0,0,0,0
82283,mrfuzzy,0,0,0,0
82287,lovebear,0,0,0,0
82289,mrfuzzy,0,0,0,0
82296,mrfuzzy,0,0,0,0
82299,mrfuzzy,0,0,0,0
82301,mrfuzzy,1,1,0,0
82303,mrfuzzy,0,0,0,0
82304,mrfuzzy,1,1,1,1
82306,mrfuzzy,1,1,1,0
82309,lovebear,1,0,0,0
82318,mrfuzzy,0,0,0,0
82319,lovebear,1,1,1,0
82320,lovebear,1,1,1,0
82323,mrfuzzy,0,0,0,0
82325,mrfuzzy,1,1,1,1
82328,mrfuzzy,0,0,0,0
82329,lovebear,1,1,1,0
82333,mrfuzzy,0,0,0,0
82335,mrfuzzy,1,1,1,1
82337,mrfuzzy,1,1,1,1
82341,mrfuzzy,0,0,0,0
82343,lovebear,1,0,0,0
82344,mrfuzzy,1,1,1,1
82347,mrfuzzy,0,0,0,0
82349,mrfuzzy,1,0,0,0
82352,mrfuzzy,1,1,1,1
82356,lovebear,0,0,0,0
82357,lovebear,0,0,0,0
82358,mrfuzzy,1,0,0,0
82361,mrfuzzy,0,0,0,0
82363,mrfuzzy,0,0,0,0
82366,mrfuzzy,0,0,0,0
82368,lovebear,1,0,0,0
82374,mrfuzzy,1,1,1,1
82381,mrfuzzy,0,0,0,0
82384,lovebear,1,0,0,0
82385,mrfuzzy,1,1,1,1
82388,mrfuzzy,0,0,0,0
82390,mrfuzzy,1,1,1,0
82389,mrfuzzy,1,0,0,0
82392,lovebear,1,1,0,0
82397,mrfuzzy,1,1,1,1
82396,mrfuzzy,1,0,0,0
82398,lovebear,1,0,0,0
82401,mrfuzzy,0,0,0,0
82404,mrfuzzy,0,0,0,0
82407,mrfuzzy,1,1,0,0
82408,mrfuzzy,1,0,0,0
82411,mrfuzzy,0,0,0,0
82412,mrfuzzy,1,0,0,0
82415,lovebear,0,0,0,0
82414,mrfuzzy,0,0,0,0
82416,mrfuzzy,1,0,0,0
82417,mrfuzzy,0,0,0,0
82420,mrfuzzy,0,0,0,0
82423,mrfuzzy,0,0,0,0
82425,lovebear,1,1,1,1
82427,mrfuzzy,0,0,0,0
82428,mrfuzzy,0,0,0,0
82426,lovebear,0,0,0,0
82430,mrfuzzy,0,0,0,0
82431,lovebear,0,0,0,0
82432,mrfuzzy,0,0,0,0
82435,mrfuzzy,0,0,0,0
82436,mrfuzzy,0,0,0,0
82438,lovebear,0,0,0,0
82441,mrfuzzy,1,1,0,0
82443,mrfuzzy,0,0,0,0
82445,mrfuzzy,0,0,0,0
82444,mrfuzzy,0,0,0,0
82446,mrfuzzy,1,0,0,0
82447,mrfuzzy,0,0,0,0
82450,mrfuzzy,0,0,0,0
82452,mrfuzzy,0,0,0,0
82453,mrfuzzy,0,0,0,0
82451,mrfuzzy,0,0,0,0
82455,mrfuzzy,1,1,1,0
82456,lovebear,0,0,0,0
82458,mrfuzzy,0,0,0,0
82459,mrfuzzy,0,0,0,0
82462,mrfuzzy,0,0,0,0
82466,mrfuzzy,1,1,1,1
82468,mrfuzzy,0,0,0,0
82469,mrfuzzy,1,1,1,0
82470,mrfuzzy,1,1,1,1
82477,lovebear,1,0,0,0
82480,lovebear,1,1,1,1
82481,mrfuzzy,1,1,1,1
82486,mrfuzzy,1,1,1,1
82490,mrfuzzy,1,1,0,0
82491,mrfuzzy,0,0,0,0
82492,lovebear,0,0,0,0
82494,mrfuzzy,1,1,1,1
82493,mrfuzzy,1,0,0,0
82496,mrfuzzy,0,0,0,0
82498,mrfuzzy,1,1,1,1
82499,mrfuzzy,0,0,0,0
82502,mrfuzzy,1,1,1,0
82508,lovebear,1,1,1,1
82509,mrfuzzy,1,1,1,1
82511,mrfuzzy,0,0,0,0
82512,mrfuzzy,1,1,1,1
82516,mrfuzzy,0,0,0,0
82517,mrfuzzy,0,0,0,0
82521,mrfuzzy,1,1,1,1
82522,mrfuzzy,1,0,0,0
82526,mrfuzzy,1,0,0,0
82528,mrfuzzy,0,0,0,0
82530,mrfuzzy,0,0,0,0
82532,mrfuzzy,1,0,0,0
82531,mrfuzzy,0,0,0,0
82533,mrfuzzy,1,0,0,0
82534,mrfuzzy,0,0,0,0
82536,mrfuzzy,0,0,0,0
82539,mrfuzzy,1,1,1,0
82540,mrfuzzy,0,0,0,0
82542,mrfuzzy,0,0,0,0
82544,mrfuzzy,0,0,0,0
82546,mrfuzzy,0,0,0,0
82551,lovebear,0,0,0,0
82549,mrfuzzy,1,0,0,0
82550,mrfuzzy,1,1,1,1
82553,mrfuzzy,0,0,0,0
82556,lovebear,1,1,1,0
82557,mrfuzzy,0,0,0,0
82560,mrfuzzy,0,0,0,0
82562,lovebear,1,1,1,1
82565,mrfuzzy,1,1,1,1
82570,mrfuzzy,0,0,0,0
82571,mrfuzzy,0,0,0,0
82578,mrfuzzy,0,0,0,0
82582,mrfuzzy,0,0,0,0
82583,mrfuzzy,1,0,0,0
82584,mrfuzzy,1,1,1,1
82587,mrfuzzy,0,0,0,0
82595,mrfuzzy,1,1,1,0
82596,mrfuzzy,0,0,0,0
82598,mrfuzzy,0,0,0,0
82599,lovebear,0,0,0,0
82602,mrfuzzy,1,0,0,0
82604,lovebear,1,1,1,1
82605,mrfuzzy,0,0,0,0
82606,mrfuzzy,1,1,1,1
82608,mrfuzzy,0,0,0,0
82609,mrfuzzy,0,0,0,0
82612,mrfuzzy,1,0,0,0
82611,mrfuzzy,0,0,0,0
82615,mrfuzzy,0,0,0,0
82617,mrfuzzy,0,0,0,0
82619,mrfuzzy,0,0,0,0
82620,mrfuzzy,1,1,1,1
82623,lovebear,1,1,1,0
82625,mrfuzzy,1,1,1,1
82627,mrfuzzy,1,1,1,1
82629,mrfuzzy,1,1,1,0
82632,mrfuzzy,0,0,0,0
82634,mrfuzzy,0,0,0,0
82635,mrfuzzy,0,0,0,0
82637,lovebear,0,0,0,0
82636,mrfuzzy,1,0,0,0
82638,mrfuzzy,0,0,0,0
82641,mrfuzzy,0,0,0,0
82642,mrfuzzy,0,0,0,0
82643,mrfuzzy,0,0,0,0
82647,mrfuzzy,0,0,0,0
82650,mrfuzzy,1,0,0,0
82652,mrfuzzy,1,1,1,1
82651,mrfuzzy,1,1,0,0
82653,mrfuzzy,0,0,0,0
82655,mrfuzzy,0,0,0,0
82656,mrfuzzy,0,0,0,0
82657,mrfuzzy,1,1,0,0
82660,mrfuzzy,0,0,0,0
82662,mrfuzzy,0,0,0,0
82663,mrfuzzy,1,1,0,0
82665,mrfuzzy,0,0,0,0
82666,mrfuzzy,0,0,0,0
82673,mrfuzzy,1,1,0,0
82675,mrfuzzy,1,1,1,1
82674,mrfuzzy,0,0,0,0
82677,mrfuzzy,1,0,0,0
82679,mrfuzzy,0,0,0,0
82678,mrfuzzy,1,0,0,0
82681,mrfuzzy,0,0,0,0
82683,mrfuzzy,0,0,0,0
82689,mrfuzzy,0,0,0,0
82692,mrfuzzy,0,0,0,0
82695,lovebear,1,1,1,0
82694,mrfuzzy,0,0,0,0
82697,lovebear,1,1,1,1
82698,mrfuzzy,0,0,0,0
82699,lovebear,1,1,1,1
82701,mrfuzzy,1,1,1,0
82702,mrfuzzy,1,1,1,1
82706,mrfuzzy,1,0,0,0
82707,mrfuzzy,0,0,0,0
82711,mrfuzzy,0,0,0,0
82712,mrfuzzy,1,1,0,0
82713,lovebear,1,1,0,0
82716,mrfuzzy,1,0,0,0
82720,mrfuzzy,1,1,1,1
82726,mrfuzzy,1,1,0,0
82727,mrfuzzy,0,0,0,0
82729,mrfuzzy,1,0,0,0
82734,lovebear,1,0,0,0
82740,mrfuzzy,0,0,0,0
82735,mrfuzzy,1,1,1,1
82736,lovebear,0,0,0,0
82744,mrfuzzy,1,0,0,0
82745,mrfuzzy,0,0,0,0
82748,mrfuzzy,0,0,0,0
82750,mrfuzzy,0,0,0,0
82752,mrfuzzy,1,1,1,0
82756,mrfuzzy,0,0,0,0
82755,mrfuzzy,1,1,1,1
82757,mrfuzzy,0,0,0,0
82761,lovebear,1,1,1,0
82762,mrfuzzy,1,1,1,0
82763,mrfuzzy,1,1,1,1
82764,mrfuzzy,0,0,0,0
82766,mrfuzzy,0,0,0,0
82767,lovebear,0,0,0,0
82770,mrfuzzy,0,0,0,0
82771,mrfuzzy,0,0,0,0
82773,mrfuzzy,1,1,1,0
82777,mrfuzzy,0,0,0,0
82779,lovebear,0,0,0,0
82778,mrfuzzy,1,1,1,1
82780,mrfuzzy,1,0,0,0
82784,mrfuzzy,1,1,1,1
82786,mrfuzzy,0,0,0,0
82791,mrfuzzy,0,0,0,0
82794,lovebear,1,1,1,1
82796,mrfuzzy,1,1,1,1
82797,mrfuzzy,0,0,0,0
82801,mrfuzzy,1,1,1,1
82802,mrfuzzy,1,0,0,0
82809,mrfuzzy,0,0,0,0
82808,mrfuzzy,0,0,0,0
82813,mrfuzzy,0,0,0,0
82810,mrfuzzy,1,1,1,0
82817,mrfuzzy,0,0,0,0
82819,mrfuzzy,1,1,1,1
82820,mrfuzzy,1,1,1,1
82821,mrfuzzy,1,1,1,1
82829,mrfuzzy,0,0,0,0
82834,lovebear,1,1,1,1
82840,mrfuzzy,0,0,0,0
82841,mrfuzzy,1,1,1,1
82843,mrfuzzy,0,0,0,0
82845,mrfuzzy,1,1,0,0
82847,lovebear,1,0,0,0
82850,mrfuzzy,0,0,0,0
82851,mrfuzzy,1,1,1,1
82853,mrfuzzy,0,0,0,0
82857,mrfuzzy,1,0,0,0
82861,mrfuzzy,1,1,0,0
82866,lovebear,1,0,0,0
82868,mrfuzzy,0,0,0,0
82867,mrfuzzy,0,0,0,0
82869,mrfuzzy,0,0,0,0
82873,mrfuzzy,0,0,0,0
82875,mrfuzzy,1,0,0,0
82880,mrfuzzy,1,1,1,0
82881,mrfuzzy,0,0,0,0
82882,mrfuzzy,1,1,1,1
82887,mrfuzzy,1,1,1,0
82889,mrfuzzy,1,1,1,0
82891,mrfuzzy,1,1,1,1
82892,mrfuzzy,0,0,0,0
82893,mrfuzzy,0,0,0,0
82894,lovebear,1,0,0,0
82898,mrfuzzy,0,0,0,0
82899,mrfuzzy,0,0,0,0
82900,mrfuzzy,1,1,1,0
82904,mrfuzzy,0,0,0,0
82906,mrfuzzy,0,0,0,0
82905,mrfuzzy,1,1,1,1
82910,mrfuzzy,0,0,0,0
82911,mrfuzzy,1,1,1,0
82913,mrfuzzy,0,0,0,0
82914,mrfuzzy,1,1,1,1
82916,mrfuzzy,0,0,0,0
82919,mrfuzzy,0,0,0,0
82921,mrfuzzy,1,0,0,0
82922,mrfuzzy,1,1,1,1
82926,mrfuzzy,0,0,0,0
82929,mrfuzzy,0,0,0,0
82930,mrfuzzy,1,1,1,1
82932,mrfuzzy,1,0,0,0
82933,mrfuzzy,0,0,0,0
82938,mrfuzzy,0,0,0,0
82940,lovebear,0,0,0,0
82939,mrfuzzy,0,0,0,0
82941,mrfuzzy,0,0,0,0
82948,mrfuzzy,0,0,0,0
82953,mrfuzzy,0,0,0,0
82950,mrfuzzy,0,0,0,0
82955,lovebear,1,1,1,1
82959,mrfuzzy,1,1,1,1
82961,mrfuzzy,1,0,0,0
82964,mrfuzzy,0,0,0,0
82975,mrfuzzy,0,0,0,0
82974,mrfuzzy,1,0,0,0
82978,mrfuzzy,0,0,0,0
82982,mrfuzzy,1,1,1,0
82985,lovebear,0,0,0,0
82983,mrfuzzy,0,0,0,0
82987,lovebear,0,0,0,0
82990,mrfuzzy,0,0,0,0
82992,lovebear,1,1,1,0
82995,mrfuzzy,1,1,1,0
83000,mrfuzzy,1,0,0,0
82998,mrfuzzy,0,0,0,0
83001,mrfuzzy,0,0,0,0
83007,mrfuzzy,0,0,0,0
83008,mrfuzzy,1,1,1,0
83009,mrfuzzy,0,0,0,0
83014,mrfuzzy,1,1,1,1
83017,lovebear,0,0,0,0
83020,mrfuzzy,0,0,0,0
83021,lovebear,1,0,0,0
83023,mrfuzzy,0,0,0,0
83025,mrfuzzy,0,0,0,0
83031,mrfuzzy,0,0,0,0
83034,mrfuzzy,0,0,0,0
83037,mrfuzzy,1,1,1,1
83038,mrfuzzy,1,1,1,1
83043,mrfuzzy,0,0,0,0
83042,mrfuzzy,0,0,0,0
83044,mrfuzzy,0,0,0,0
83040,mrfuzzy,0,0,0,0
83046,mrfuzzy,0,0,0,0
83050,mrfuzzy,1,0,0,0
83052,mrfuzzy,0,0,0,0
83057,mrfuzzy,0,0,0,0
83070,mrfuzzy,1,1,1,0
83071,mrfuzzy,0,0,0,0
83074,mrfuzzy,1,0,0,0
83075,lovebear,1,0,0,0
83076,mrfuzzy,1,1,1,0
83080,lovebear,1,1,1,1
83091,mrfuzzy,1,1,1,0
83089,mrfuzzy,1,1,1,0
83094,lovebear,1,1,0,0
83093,lovebear,1,0,0,0
83096,mrfuzzy,1,1,1,1
83106,mrfuzzy,1,1,0,0
83109,mrfuzzy,0,0,0,0
83111,mrfuzzy,1,0,0,0
83116,mrfuzzy,0,0,0,0
83114,mrfuzzy,1,0,0,0
83117,mrfuzzy,0,0,0,0
83118,mrfuzzy,1,1,1,1
83122,lovebear,0,0,0,0
83125,mrfuzzy,0,0,0,0
83123,mrfuzzy,1,1,1,1
83124,mrfuzzy,1,1,0,0
83127,mrfuzzy,1,1,1,0
83134,mrfuzzy,1,1,1,1
83135,mrfuzzy,0,0,0,0
83133,mrfuzzy,0,0,0,0
83140,mrfuzzy,0,0,0,0
83142,lovebear,1,0,0,0
83145,mrfuzzy,0,0,0,0
83146,mrfuzzy,1,1,1,1
83147,mrfuzzy,1,0,0,0
83148,mrfuzzy,1,0,0,0
83149,mrfuzzy,0,0,0,0
83150,mrfuzzy,1,0,0,0
83152,mrfuzzy,0,0,0,0
83153,mrfuzzy,1,1,1,1
83157,mrfuzzy,0,0,0,0
83159,mrfuzzy,1,1,1,1
83160,mrfuzzy,0,0,0,0
83161,mrfuzzy,0,0,0,0
83165,lovebear,0,0,0,0
83166,mrfuzzy,0,0,0,0
83170,mrfuzzy,1,1,1,1
83171,mrfuzzy,0,0,0,0
83172,mrfuzzy,0,0,0,0
83173,lovebear,0,0,0,0
83174,mrfuzzy,0,0,0,0
83175,mrfuzzy,0,0,0,0
83176,mrfuzzy,1,1,1,1
83179,mrfuzzy,1,1,1,1
83181,mrfuzzy,1,1,1,1
83182,lovebear,1,0,0,0
83183,mrfuzzy,0,0,0,0
83185,mrfuzzy,0,0,0,0
83189,lovebear,1,1,1,0
83191,mrfuzzy,1,1,1,1
83197,mrfuzzy,1,0,0,0
83198,mrfuzzy,0,0,0,0
83202,mrfuzzy,0,0,0,0
83205,lovebear,1,0,0,0
83206,mrfuzzy,1,0,0,0
83207,mrfuzzy,0,0,0,0
83209,mrfuzzy,0,0,0,0
83210,mrfuzzy,1,0,0,0
83211,mrfuzzy,0,0,0,0
83216,mrfuzzy,0,0,0,0
83218,mrfuzzy,1,0,0,0
83222,lovebear,0,0,0,0
83224,mrfuzzy,0,0,0,0
83226,mrfuzzy,0,0,0,0
83230,mrfuzzy,1,0,0,0
83233,mrfuzzy,0,0,0,0
83235,mrfuzzy,0,0,0,0
83234,lovebear,0,0,0,0
83237,lovebear,1,0,0,0
83236,lovebear,1,1,1,0
83243,mrfuzzy,0,0,0,0
83245,mrfuzzy,0,0,0,0
83249,mrfuzzy,0,0,0,0
83252,mrfuzzy,0,0,0,0
83261,mrfuzzy,1,1,1,1
83262,lovebear,1,1,1,0
83267,mrfuzzy,0,0,0,0
83268,mrfuzzy,1,1,1,0
83270,lovebear,1,1,0,0
83276,mrfuzzy,0,0,0,0
83278,mrfuzzy,0,0,0,0
83282,mrfuzzy,0,0,0,0
83285,mrfuzzy,0,0,0,0
83284,mrfuzzy,0,0,0,0
83286,mrfuzzy,1,1,1,1
83292,mrfuzzy,0,0,0,0
83297,lovebear,0,0,0,0
83299,mrfuzzy,1,1,1,1
83300,mrfuzzy,0,0,0,0
83302,lovebear,1,1,1,0
83304,mrfuzzy,0,0,0,0
83305,mrfuzzy,1,1,1,0
83308,mrfuzzy,1,1,1,0
83306,mrfuzzy,1,0,0,0
83311,mrfuzzy,0,0,0,0
83315,mrfuzzy,1,1,0,0
83323,mrfuzzy,0,0,0,0
83326,mrfuzzy,0,0,0,0
83328,mrfuzzy,1,1,1,1
83330,lovebear,0,0,0,0
83332,mrfuzzy,1,1,1,1
83334,mrfuzzy,1,1,1,1
83335,mrfuzzy,0,0,0,0
83339,lovebear,1,1,1,1
83349,mrfuzzy,1,1,1,1
83350,mrfuzzy,0,0,0,0
83353,mrfuzzy,1,1,1,0
83356,mrfuzzy,0,0,0,0
83359,mrfuzzy,0,0,0,0
83358,mrfuzzy,0,0,0,0
83362,mrfuzzy,0,0,0,0
83365,mrfuzzy,0,0,0,0
83366,mrfuzzy,0,0,0,0
83372,mrfuzzy,0,0,0,0
83371,mrfuzzy,1,1,1,1
83376,mrfuzzy,1,1,1,1
83375,mrfuzzy,0,0,0,0
83385,lovebear,1,1,1,1
83384,mrfuzzy,0,0,0,0
83387,mrfuzzy,1,1,1,1
83389,mrfuzzy,1,0,0,0
83394,mrfuzzy,0,0,0,0
83393,mrfuzzy,0,0,0,0
83395,lovebear,0,0,0,0
83397,mrfuzzy,0,0,0,0
83398,mrfuzzy,0,0,0,0
83400,mrfuzzy,0,0,0,0
83401,mrfuzzy,0,0,0,0
83403,lovebear,0,0,0,0
83402,mrfuzzy,0,0,0,0
83405,mrfuzzy,0,0,0,0
83407,mrfuzzy,0,0,0,0
83411,mrfuzzy,0,0,0,0
83409,mrfuzzy,1,1,1,1
83412,mrfuzzy,0,0,0,0
83413,mrfuzzy,1,1,1,1
83414,mrfuzzy,1,1,0,0
83415,mrfuzzy,0,0,0,0
83416,mrfuzzy,0,0,0,0
83421,mrfuzzy,1,1,1,1
83422,mrfuzzy,0,0,0,0
83424,mrfuzzy,0,0,0,0
83428,mrfuzzy,1,1,0,0
83429,mrfuzzy,1,1,1,0
83431,mrfuzzy,0,0,0,0
83433,mrfuzzy,0,0,0,0
83437,mrfuzzy,1,1,1,1
83438,lovebear,1,1,1,1
83443,mrfuzzy,0,0,0,0
83444,mrfuzzy,0,0,0,0
83445,mrfuzzy,0,0,0,0
83449,mrfuzzy,0,0,0,0
83448,mrfuzzy,0,0,0,0
83450,mrfuzzy,1,0,0,0
83451,lovebear,0,0,0,0
83452,mrfuzzy,1,1,1,1
83456,mrfuzzy,1,1,1,1
83457,mrfuzzy,0,0,0,0
83458,mrfuzzy,0,0,0,0
83459,mrfuzzy,0,0,0,0
83461,mrfuzzy,1,0,0,0
83465,mrfuzzy,0,0,0,0
83464,mrfuzzy,1,1,1,1
83466,mrfuzzy,1,1,0,0
83467,mrfuzzy,1,1,1,1
83472,lovebear,1,0,0,0
83474,lovebear,0,0,0,0
83475,lovebear,0,0,0,0
83473,mrfuzzy,0,0,0,0
83477,mrfuzzy,1,1,1,1
83480,mrfuzzy,0,0,0,0
83481,mrfuzzy,0,0,0,0
83483,mrfuzzy,0,0,0,0
83484,mrfuzzy,0,0,0,0
83485,mrfuzzy,1,0,0,0
83490,mrfuzzy,1,1,1,0
83493,mrfuzzy,0,0,0,0
83491,mrfuzzy,1,0,0,0
83492,mrfuzzy,1,1,0,0
83496,mrfuzzy,0,0,0,0
83497,mrfuzzy,0,0,0,0
83499,mrfuzzy,1,0,0,0
83502,lovebear,0,0,0,0
83506,mrfuzzy,0,0,0,0
83512,mrfuzzy,0,0,0,0
83517,mrfuzzy,1,1,0,0
83523,lovebear,0,0,0,0
83526,mrfuzzy,0,0,0,0
83527,mrfuzzy,1,1,0,0
83528,mrfuzzy,1,1,1,0
83529,lovebear,1,1,1,1
83530,mrfuzzy,1,1,0,0
83532,mrfuzzy,0,0,0,0
83533,mrfuzzy,1,0,0,0
83536,mrfuzzy,1,0,0,0
83537,lovebear,0,0,0,0
83538,mrfuzzy,0,0,0,0
83539,mrfuzzy,0,0,0,0
83540,mrfuzzy,0,0,0,0
83543,mrfuzzy,1,1,1,0
83544,lovebear,1,1,1,1
83553,mrfuzzy,0,0,0,0
83555,mrfuzzy,1,1,0,0
83560,mrfuzzy,1,1,1,1
83561,mrfuzzy,0,0,0,0
83562,mrfuzzy,0,0,0,0
83565,mrfuzzy,0,0,0,0
83567,mrfuzzy,1,1,1,0
83578,mrfuzzy,0,0,0,0
83584,mrfuzzy,1,0,0,0
83585,lovebear,1,1,1,0
83587,mrfuzzy,1,1,0,0
83591,mrfuzzy,1,0,0,0
83594,mrfuzzy,0,0,0,0
83596,lovebear,0,0,0,0
83598,mrfuzzy,1,0,0,0
83604,mrfuzzy,0,0,0,0
83606,lovebear,0,0,0,0
83607,mrfuzzy,1,1,1,1
83608,mrfuzzy,1,1,1,0
83610,mrfuzzy,0,0,0,0
83612,mrfuzzy,1,0,0,0
83614,mrfuzzy,0,0,0,0
83617,mrfuzzy,0,0,0,0
83618,lovebear,1,0,0,0
83621,mrfuzzy,1,1,1,1
83626,mrfuzzy,0,0,0,0
83624,mrfuzzy,1,1,1,1
83627,lovebear,0,0,0,0
83631,mrfuzzy,0,0,0,0
83632,mrfuzzy,0,0,0,0
83635,lovebear,1,0,0,0
83637,mrfuzzy,0,0,0,0
83640,mrfuzzy,0,0,0,0
83641,mrfuzzy,0,0,0,0
83643,mrfuzzy,1,0,0,0
83642,mrfuzzy,1,1,1,1
83648,mrfuzzy,0,0,0,0
83651,mrfuzzy,1,1,0,0
83650,mrfuzzy,0,0,0,0
83654,mrfuzzy,1,1,1,1
83661,mrfuzzy,0,0,0,0
83659,lovebear,0,0,0,0
83660,mrfuzzy,0,0,0,0
83662,mrfuzzy,0,0,0,0
83665,mrfuzzy,1,1,1,1
83669,mrfuzzy,0,0,0,0
83671,lovebear,1,1,1,1
83673,mrfuzzy,0,0,0,0
83679,mrfuzzy,1,1,1,1
83676,mrfuzzy,0,0,0,0
83677,mrfuzzy,0,0,0,0
83678,mrfuzzy,0,0,0,0
83681,mrfuzzy,1,1,1,1
83684,mrfuzzy,1,1,1,1
83690,mrfuzzy,0,0,0,0
83686,mrfuzzy,0,0,0,0
83691,mrfuzzy,1,0,0,0
83692,mrfuzzy,1,1,1,1
83695,lovebear,1,1,1,0
83702,mrfuzzy,0,0,0,0
83707,mrfuzzy,1,0,0,0
83705,mrfuzzy,0,0,0,0
83708,mrfuzzy,1,1,1,1
83711,mrfuzzy,1,1,1,1
83714,mrfuzzy,1,0,0,0
83716,mrfuzzy,0,0,0,0
83715,mrfuzzy,1,1,1,0
83717,lovebear,0,0,0,0
83720,mrfuzzy,0,0,0,0
83728,mrfuzzy,0,0,0,0
83726,lovebear,1,0,0,0
83727,mrfuzzy,1,1,1,0
83731,mrfuzzy,0,0,0,0
83730,mrfuzzy,0,0,0,0
83732,mrfuzzy,0,0,0,0
83735,mrfuzzy,1,1,1,1
83739,mrfuzzy,1,1,1,1
83744,mrfuzzy,0,0,0,0
83758,mrfuzzy,1,1,0,0
83760,mrfuzzy,0,0,0,0
83764,mrfuzzy,1,1,1,1
83767,mrfuzzy,1,1,1,1
83769,mrfuzzy,0,0,0,0
83774,mrfuzzy,1,1,1,0
83776,mrfuzzy,1,0,0,0
83775,mrfuzzy,1,1,1,1
83779,mrfuzzy,0,0,0,0
83783,mrfuzzy,0,0,0,0
83787,mrfuzzy,1,1,1,0
83790,mrfuzzy,0,0,0,0
83796,lovebear,0,0,0,0
83799,mrfuzzy,0,0,0,0
83802,mrfuzzy,0,0,0,0
83804,mrfuzzy,0,0,0,0
83805,mrfuzzy,1,1,1,0
83806,mrfuzzy,0,0,0,0
83808,mrfuzzy,1,1,1,1
83809,lovebear,1,1,1,0
83811,mrfuzzy,0,0,0,0
83812,lovebear,1,1,1,0
83813,mrfuzzy,0,0,0,0
83815,mrfuzzy,1,1,1,1
83823,lovebear,1,1,1,0
83824,mrfuzzy,1,0,0,0
83833,mrfuzzy,0,0,0,0
83835,mrfuzzy,1,0,0,0
83838,mrfuzzy,0,0,0,0
83839,mrfuzzy,1,1,0,0
83843,lovebear,0,0,0,0
83842,mrfuzzy,1,1,1,1
83848,mrfuzzy,0,0,0,0
83849,lovebear,1,0,0,0
83851,mrfuzzy,1,1,1,1
83855,mrfuzzy,0,0,0,0
83854,mrfuzzy,1,1,1,0
83858,mrfuzzy,1,0,0,0
83861,mrfuzzy,0,0,0,0
83862,mrfuzzy,1,1,1,1
83864,mrfuzzy,1,0,0,0
83865,mrfuzzy,0,0,0,0
83866,mrfuzzy,0,0,0,0
83868,mrfuzzy,1,1,0,0
83870,mrfuzzy,0,0,0,0
83871,mrfuzzy,0,0,0,0
83872,mrfuzzy,1,1,1,1
83879,lovebear,1,1,1,1
83878,mrfuzzy,0,0,0,0
83882,mrfuzzy,1,1,1,0
83884,lovebear,0,0,0,0
83886,mrfuzzy,0,0,0,0
83887,mrfuzzy,0,0,0,0
83890,mrfuzzy,1,1,1,1
83891,mrfuzzy,1,1,1,0
83892,mrfuzzy,1,1,1,0
83896,mrfuzzy,0,0,0,0
83897,mrfuzzy,0,0,0,0
83901,mrfuzzy,1,1,1,1
83902,mrfuzzy,0,0,0,0
83904,lovebear,1,1,1,1
83908,mrfuzzy,0,0,0,0
83907,mrfuzzy,1,1,1,0
83915,lovebear,1,0,0,0
83918,lovebear,0,0,0,0
83919,mrfuzzy,1,0,0,0
83920,mrfuzzy,1,0,0,0
83922,mrfuzzy,0,0,0,0
83924,lovebear,0,0,0,0
83928,lovebear,0,0,0,0
83931,mrfuzzy,0,0,0,0
83932,mrfuzzy,0,0,0,0
83937,mrfuzzy,0,0,0,0
83936,lovebear,0,0,0,0
83941,mrfuzzy,1,1,1,1
83942,mrfuzzy,0,0,0,0
83943,mrfuzzy,1,1,1,1
83944,mrfuzzy,1,0,0,0
83950,mrfuzzy,1,1,0,0
83954,mrfuzzy,1,0,0,0
83953,lovebear,0,0,0,0
83955,mrfuzzy,0,0,0,0
83958,mrfuzzy,1,1,1,0
83959,mrfuzzy,0,0,0,0
83961,mrfuzzy,1,1,1,1
83964,mrfuzzy,0,0,0,0
83965,lovebear,1,1,1,1
83968,mrfuzzy,0,0,0,0
83969,mrfuzzy,1,1,1,0
83971,mrfuzzy,1,0,0,0
83972,mrfuzzy,1,1,1,1
83975,lovebear,0,0,0,0
83976,mrfuzzy,1,1,1,1
83980,mrfuzzy,1,1,1,1
83981,mrfuzzy,1,1,1,0
83986,mrfuzzy,0,0,0,0
83989,mrfuzzy,1,1,1,1
83990,mrfuzzy,0,0,0,0
83992,mrfuzzy,0,0,0,0
83993,mrfuzzy,1,1,1,1
83997,lovebear,1,1,0,0
83998,mrfuzzy,1,1,0,0
83999,mrfuzzy,1,1,1,0
84001,lovebear,1,1,1,1
84002,mrfuzzy,0,0,0,0
84008,mrfuzzy,1,0,0,0
84010,mrfuzzy,0,0,0,0
84011,mrfuzzy,0,0,0,0
84012,lovebear,0,0,0,0
84013,mrfuzzy,0,0,0,0
84014,mrfuzzy,1,0,0,0
84016,lovebear,1,1,1,1
84019,mrfuzzy,0,0,0,0
84021,lovebear,1,1,1,0
84022,lovebear,0,0,0,0
84024,mrfuzzy,0,0,0,0
84025,mrfuzzy,1,1,0,0
84026,mrfuzzy,1,0,0,0
84027,mrfuzzy,1,0,0,0
84028,mrfuzzy,0,0,0,0
84031,mrfuzzy,0,0,0,0
84032,mrfuzzy,1,1,0,0
84036,lovebear,0,0,0,0
84035,mrfuzzy,0,0,0,0
84037,mrfuzzy,1,1,0,0
84045,mrfuzzy,0,0,0,0
84047,lovebear,1,0,0,0
84048,mrfuzzy,1,1,1,1
84049,mrfuzzy,0,0,0,0
84051,mrfuzzy,1,1,1,0
84053,mrfuzzy,1,1,0,0
84054,mrfuzzy,0,0,0,0
84056,mrfuzzy,1,0,0,0
84057,mrfuzzy,1,0,0,0
84061,mrfuzzy,1,1,1,0
84064,mrfuzzy,0,0,0,0
84069,mrfuzzy,1,1,0,0
84073,mrfuzzy,1,1,1,0
84076,mrfuzzy,0,0,0,0
84077,mrfuzzy,0,0,0,0
84079,mrfuzzy,1,1,0,0
84081,mrfuzzy,0,0,0,0
84082,lovebear,1,0,0,0
84083,mrfuzzy,1,1,0,0
84085,mrfuzzy,1,1,1,1
84086,mrfuzzy,1,0,0,0
84089,lovebear,0,0,0,0
84093,mrfuzzy,0,0,0,0
84096,mrfuzzy,0,0,0,0
84101,mrfuzzy,0,0,0,0
84102,mrfuzzy,0,0,0,0
84104,mrfuzzy,0,0,0,0
84105,mrfuzzy,1,1,1,1
84109,mrfuzzy,1,1,1,1
84110,mrfuzzy,1,0,0,0
84111,mrfuzzy,0,0,0,0
84117,mrfuzzy,0,0,0,0
84120,lovebear,1,1,1,1
84122,mrfuzzy,0,0,0,0
84124,mrfuzzy,0,0,0,0
84125,mrfuzzy,1,0,0,0
84131,mrfuzzy,0,0,0,0
84132,mrfuzzy,1,1,1,1
84135,mrfuzzy,0,0,0,0
84136,mrfuzzy,1,1,1,1
84140,mrfuzzy,0,0,0,0
84141,mrfuzzy,1,0,0,0
84139,lovebear,0,0,0,0
84143,mrfuzzy,1,0,0,0
84144,lovebear,1,1,1,0
84146,mrfuzzy,1,1,1,1
84148,lovebear,1,0,0,0
84149,mrfuzzy,1,1,1,1
84150,mrfuzzy,1,0,0,0
84159,mrfuzzy,1,1,0,0
84157,mrfuzzy,0,0,0,0
84161,mrfuzzy,1,0,0,0
84163,mrfuzzy,1,1,1,1
84168,mrfuzzy,1,1,1,1
84172,mrfuzzy,0,0,0,0
84175,lovebear,1,0,0,0
84178,mrfuzzy,0,0,0,0
84181,mrfuzzy,1,1,1,0
84184,mrfuzzy,1,0,0,0
84185,mrfuzzy,1,1,1,0
84188,mrfuzzy,1,0,0,0
84189,mrfuzzy,1,0,0,0
84190,mrfuzzy,1,1,1,0
84194,mrfuzzy,1,1,1,0
84198,mrfuzzy,0,0,0,0
84200,mrfuzzy,0,0,0,0
84202,mrfuzzy,0,0,0,0
84203,mrfuzzy,1,0,0,0
84206,mrfuzzy,1,0,0,0
84208,mrfuzzy,1,0,0,0
84209,mrfuzzy,0,0,0,0
84213,mrfuzzy,0,0,0,0
84211,mrfuzzy,1,0,0,0
84214,mrfuzzy,0,0,0,0
84215,mrfuzzy,1,1,1,0
84225,mrfuzzy,0,0,0,0
84228,mrfuzzy,1,0,0,0
84230,mrfuzzy,1,0,0,0
84233,mrfuzzy,0,0,0,0
84232,lovebear,0,0,0,0
84234,mrfuzzy,0,0,0,0
84235,lovebear,1,1,1,1
84236,mrfuzzy,0,0,0,0
84238,mrfuzzy,1,0,0,0
84239,mrfuzzy,0,0,0,0
84240,mrfuzzy,0,0,0,0
84241,mrfuzzy,1,1,1,1
84242,mrfuzzy,1,1,1,0
84244,mrfuzzy,1,1,1,1
84247,mrfuzzy,0,0,0,0
84246,mrfuzzy,1,0,0,0
84249,mrfuzzy,1,1,1,0
84252,mrfuzzy,0,0,0,0
84255,mrfuzzy,1,0,0,0
84256,mrfuzzy,0,0,0,0
84259,mrfuzzy,1,1,1,1
84260,lovebear,1,0,0,0
84261,mrfuzzy,0,0,0,0
84264,lovebear,0,0,0,0
84263,mrfuzzy,0,0,0,0
84265,mrfuzzy,0,0,0,0
84268,mrfuzzy,0,0,0,0
84269,mrfuzzy,0,0,0,0
84276,mrfuzzy,0,0,0,0
84278,mrfuzzy,0,0,0,0
84281,mrfuzzy,1,1,1,1
84284,mrfuzzy,1,1,0,0
84292,mrfuzzy,0,0,0,0
84294,mrfuzzy,0,0,0,0
84295,lovebear,0,0,0,0
84296,mrfuzzy,0,0,0,0
84301,mrfuzzy,1,1,0,0
84302,mrfuzzy,0,0,0,0
84305,mrfuzzy,0,0,0,0
84304,mrfuzzy,0,0,0,0
84310,mrfuzzy,0,0,0,0
84313,mrfuzzy,0,0,0,0
84314,mrfuzzy,0,0,0,0
84318,mrfuzzy,1,1,0,0
84320,mrfuzzy,0,0,0,0
84319,mrfuzzy,0,0,0,0
84324,lovebear,0,0,0,0
84327,mrfuzzy,0,0,0,0
84325,mrfuzzy,1,0,0,0
84328,mrfuzzy,0,0,0,0
84326,mrfuzzy,1,0,0,0
84329,mrfuzzy,1,0,0,0
84331,mrfuzzy,0,0,0,0
84333,mrfuzzy,1,1,1,1
84335,mrfuzzy,1,1,1,1
84337,mrfuzzy,1,0,0,0
84338,lovebear,1,1,1,1
84340,mrfuzzy,0,0,0,0
84341,mrfuzzy,0,0,0,0
84342,mrfuzzy,0,0,0,0
84344,mrfuzzy,0,0,0,0
84346,mrfuzzy,0,0,0,0
84350,mrfuzzy,0,0,0,0
84352,mrfuzzy,1,1,1,1
84353,mrfuzzy,1,1,1,0
84354,mrfuzzy,1,0,0,0
84355,mrfuzzy,1,1,1,1
84359,mrfuzzy,0,0,0,0
84361,mrfuzzy,0,0,0,0
84362,mrfuzzy,1,0,0,0
84364,mrfuzzy,1,1,1,1
84366,mrfuzzy,0,0,0,0
84367,mrfuzzy,1,1,1,0
84368,lovebear,1,0,0,0
84371,mrfuzzy,0,0,0,0
84373,mrfuzzy,1,0,0,0
84375,mrfuzzy,0,0,0,0
84377,mrfuzzy,1,1,1,1
84376,mrfuzzy,1,0,0,0
84378,mrfuzzy,0,0,0,0
84379,mrfuzzy,0,0,0,0
84382,mrfuzzy,1,0,0,0
84386,mrfuzzy,0,0,0,0
84387,lovebear,1,1,1,0
84397,mrfuzzy,0,0,0,0
84401,mrfuzzy,1,1,0,0
84403,mrfuzzy,1,1,1,1
84405,mrfuzzy,1,1,1,1
84409,mrfuzzy,0,0,0,0
84410,mrfuzzy,1,1,1,1
84411,mrfuzzy,1,1,1,0
84413,mrfuzzy,1,0,0,0
84418,mrfuzzy,0,0,0,0
84417,mrfuzzy,0,0,0,0
84421,mrfuzzy,0,0,0,0
84422,mrfuzzy,0,0,0,0
84420,mrfuzzy,0,0,0,0
84423,lovebear,0,0,0,0
84424,mrfuzzy,0,0,0,0
84426,mrfuzzy,1,1,0,0
84427,mrfuzzy,1,0,0,0
84432,mrfuzzy,0,0,0,0
84431,mrfuzzy,0,0,0,0
84433,mrfuzzy,1,1,1,0
84434,mrfuzzy,0,0,0,0
84438,mrfuzzy,0,0,0,0
84444,mrfuzzy,0,0,0,0
84446,mrfuzzy,1,1,0,0
84449,mrfuzzy,1,1,1,0
84447,mrfuzzy,1,0,0,0
84450,mrfuzzy,1,0,0,0
84453,mrfuzzy,1,0,0,0
84456,mrfuzzy,0,0,0,0
84457,mrfuzzy,0,0,0,0
84458,mrfuzzy,1,0,0,0
84462,mrfuzzy,0,0,0,0
84459,mrfuzzy,1,1,1,1
84464,mrfuzzy,1,0,0,0
84467,mrfuzzy,1,1,1,1
84472,mrfuzzy,1,1,1,0
84473,mrfuzzy,0,0,0,0
84474,mrfuzzy,0,0,0,0
84475,mrfuzzy,0,0,0,0
84477,lovebear,1,0,0,0
84481,mrfuzzy,0,0,0,0
84478,mrfuzzy,1,0,0,0
84479,mrfuzzy,0,0,0,0
84485,mrfuzzy,0,0,0,0
84493,lovebear,0,0,0,0
84498,mrfuzzy,0,0,0,0
84499,mrfuzzy,0,0,0,0
84501,mrfuzzy,0,0,0,0
84506,mrfuzzy,0,0,0,0
84503,mrfuzzy,0,0,0,0
84508,mrfuzzy,1,1,1,1
84510,mrfuzzy,0,0,0,0
84513,mrfuzzy,0,0,0,0
84526,mrfuzzy,1,0,0,0
84532,lovebear,0,0,0,0
84533,mrfuzzy,0,0,0,0
84535,mrfuzzy,0,0,0,0
84540,mrfuzzy,1,0,0,0
84543,lovebear,0,0,0,0
84546,mrfuzzy,1,0,0,0
84544,mrfuzzy,1,1,1,0
84545,lovebear,1,1,1,0
84548,mrfuzzy,0,0,0,0
84550,mrfuzzy,1,1,1,1
84553,mrfuzzy,1,1,1,1
84557,mrfuzzy,0,0,0,0
84556,mrfuzzy,0,0,0,0
84560,mrfuzzy,1,0,0,0
84559,mrfuzzy,1,1,1,1
84561,mrfuzzy,1,1,1,0
84566,lovebear,1,1,1,1
84571,mrfuzzy,1,1,1,1
84577,mrfuzzy,0,0,0,0
84578,mrfuzzy,0,0,0,0
84581,mrfuzzy,0,0,0,0
84582,mrfuzzy,1,0,0,0
84585,mrfuzzy,1,1,1,0
84584,mrfuzzy,0,0,0,0
84587,lovebear,1,0,0,0
84595,mrfuzzy,1,0,0,0
84594,mrfuzzy,0,0,0,0
84598,mrfuzzy,1,1,1,0
84599,mrfuzzy,0,0,0,0
84602,mrfuzzy,1,1,1,0
84603,mrfuzzy,0,0,0,0
84608,mrfuzzy,1,1,1,0
84612,mrfuzzy,0,0,0,0
84614,mrfuzzy,1,1,1,1
84616,mrfuzzy,0,0,0,0
84617,mrfuzzy,1,1,0,0
84623,mrfuzzy,1,0,0,0
84624,mrfuzzy,1,1,1,1
84626,mrfuzzy,1,1,1,1
84631,mrfuzzy,0,0,0,0
84630,mrfuzzy,1,1,1,1
84632,mrfuzzy,0,0,0,0
84634,mrfuzzy,0,0,0,0
84637,mrfuzzy,0,0,0,0
84639,lovebear,1,0,0,0
84641,lovebear,1,0,0,0
84643,lovebear,0,0,0,0
84646,lovebear,1,1,1,1
84652,mrfuzzy,1,1,1,1
84653,mrfuzzy,1,1,1,1
84654,mrfuzzy,0,0,0,0
84655,mrfuzzy,1,1,0,0
84657,mrfuzzy,0,0,0,0
84656,mrfuzzy,1,0,0,0
84658,mrfuzzy,0,0,0,0
