website_session_id,website_pageview_id,product_page_seen
63513,138944,/the-original-mr-fuzzy
63515,138952,/the-original-mr-fuzzy
63516,138956,/the-original-mr-fuzzy
63517,138959,/the-original-mr-fuzzy
63518,138962,/the-original-mr-fuzzy
63519,138966,/the-original-mr-fuzzy
63520,138969,/the-original-mr-fuzzy
63521,138972,/the-original-mr-fuzzy
63526,138986,/the-original-mr-fuzzy
63527,138989,/the-original-mr-fuzzy
63528,138992,/the-original-mr-fuzzy
63529,138995,/the-original-mr-fuzzy
63532,139002,/the-original-mr-fuzzy
63533,139004,/the-original-mr-fuzzy
63534,139008,/the-original-mr-fuzzy
63537,139017,/the-original-mr-fuzzy
63539,139021,/the-original-mr-fuzzy
63543,139030,/the-original-mr-fuzzy
63547,139039,/the-original-mr-fuzzy
63548,139041,/the-original-mr-fuzzy
63551,139046,/the-original-mr-fuzzy
63552,139049,/the-original-mr-fuzzy
63554,139054,/the-original-mr-fuzzy
63555,139062,/the-original-mr-fuzzy
63558,139069,/the-original-mr-fuzzy
63562,139079,/the-forever-love-bear
63565,139085,/the-original-mr-fuzzy
63567,139096,/the-original-mr-fuzzy
63571,139100,/the-original-mr-fuzzy
63572,139103,/the-original-mr-fuzzy
63573,139108,/the-original-mr-fuzzy
63574,139111,/the-original-mr-fuzzy
63575,139117,/the-original-mr-fuzzy
63580,139121,/the-forever-love-bear
63579,139123,/the-original-mr-fuzzy
63582,139133,/the-original-mr-fuzzy
63581,139134,/the-original-mr-fuzzy
63584,139140,/the-original-mr-fuzzy
63585,139144,/the-original-mr-fuzzy
63590,139156,/the-original-mr-fuzzy
63591,139159,/the-original-mr-fuzzy
63594,139164,/the-original-mr-fuzzy
63595,139167,/the-original-mr-fuzzy
63602,139179,/the-original-mr-fuzzy
63603,139183,/the-forever-love-bear
63604,139187,/the-original-mr-fuzzy
63605,139191,/the-original-mr-fuzzy
63606,139194,/the-forever-love-bear
63607,139202,/the-original-mr-fuzzy
63608,139203,/the-original-mr-fuzzy
63609,139207,/the-original-mr-fuzzy
63611,139211,/the-original-mr-fuzzy
63612,139214,/the-original-mr-fuzzy
63618,139223,/the-original-mr-fuzzy
63619,139229,/the-original-mr-fuzzy
63620,139230,/the-original-mr-fuzzy
63621,139232,/the-original-mr-fuzzy
63623,139240,/the-original-mr-fuzzy
63624,139248,/the-forever-love-bear
63625,139252,/the-original-mr-fuzzy
63626,139253,/the-original-mr-fuzzy
63630,139264,/the-original-mr-fuzzy
63631,139267,/the-original-mr-fuzzy
63633,139276,/the-original-mr-fuzzy
63642,139286,/the-original-mr-fuzzy
63646,139292,/the-original-mr-fuzzy
63648,139296,/the-original-mr-fuzzy
63650,139305,/the-original-mr-fuzzy
63652,139309,/the-original-mr-fuzzy
63655,139313,/the-original-mr-fuzzy
63664,139329,/the-original-mr-fuzzy
63666,139333,/the-forever-love-bear
63667,139336,/the-original-mr-fuzzy
63669,139340,/the-original-mr-fuzzy
63672,139348,/the-original-mr-fuzzy
63673,139350,/the-original-mr-fuzzy
63675,139353,/the-forever-love-bear
63680,139361,/the-original-mr-fuzzy
63685,139369,/the-original-mr-fuzzy
63692,139382,/the-original-mr-fuzzy
63694,139386,/the-original-mr-fuzzy
63695,139392,/the-original-mr-fuzzy
63699,139400,/the-original-mr-fuzzy
63700,139401,/the-forever-love-bear
63701,139404,/the-original-mr-fuzzy
63704,139408,/the-original-mr-fuzzy
63705,139422,/the-original-mr-fuzzy
63712,139423,/the-original-mr-fuzzy
63708,139424,/the-original-mr-fuzzy
63715,139434,/the-original-mr-fuzzy
63717,139441,/the-original-mr-fuzzy
63719,139446,/the-forever-love-bear
63727,139456,/the-original-mr-fuzzy
63726,139458,/the-original-mr-fuzzy
63728,139462,/the-original-mr-fuzzy
63731,139471,/the-original-mr-fuzzy
63737,139480,/the-forever-love-bear
63740,139484,/the-original-mr-fuzzy
63741,139486,/the-original-mr-fuzzy
63746,139502,/the-original-mr-fuzzy
63747,139505,/the-forever-love-bear
63751,139520,/the-original-mr-fuzzy
63755,139525,/the-original-mr-fuzzy
63756,139527,/the-original-mr-fuzzy
63757,139529,/the-original-mr-fuzzy
63753,139530,/the-original-mr-fuzzy
63759,139536,/the-original-mr-fuzzy
63762,139543,/the-original-mr-fuzzy
63765,139545,/the-original-mr-fuzzy
63767,139554,/the-forever-love-bear
63773,139568,/the-original-mr-fuzzy
63774,139569,/the-original-mr-fuzzy
63776,139574,/the-original-mr-fuzzy
63779,139581,/the-original-mr-fuzzy
63782,139586,/the-original-mr-fuzzy
63793,139599,/the-forever-love-bear
63795,139603,/the-original-mr-fuzzy
63811,139627,/the-original-mr-fuzzy
63814,139632,/the-original-mr-fuzzy
63818,139639,/the-original-mr-fuzzy
63822,139650,/the-original-mr-fuzzy
63826,139659,/the-original-mr-fuzzy
63829,139664,/the-original-mr-fuzzy
63827,139667,/the-original-mr-fuzzy
63831,139670,/the-original-mr-fuzzy
63832,139675,/the-original-mr-fuzzy
63835,139683,/the-original-mr-fuzzy
63836,139688,/the-original-mr-fuzzy
63838,139692,/the-original-mr-fuzzy
63841,139697,/the-original-mr-fuzzy
63848,139708,/the-original-mr-fuzzy
63849,139715,/the-original-mr-fuzzy
63852,139725,/the-original-mr-fuzzy
63853,139731,/the-original-mr-fuzzy
63855,139734,/the-original-mr-fuzzy
63856,139739,/the-forever-love-bear
63857,139742,/the-original-mr-fuzzy
63858,139750,/the-original-mr-fuzzy
63859,139751,/the-original-mr-fuzzy
63860,139752,/the-original-mr-fuzzy
63862,139759,/the-original-mr-fuzzy
63863,139763,/the-original-mr-fuzzy
63866,139774,/the-original-mr-fuzzy
63868,139782,/the-original-mr-fuzzy
63870,139787,/the-original-mr-fuzzy
63871,139789,/the-original-mr-fuzzy
63874,139795,/the-original-mr-fuzzy
63875,139796,/the-original-mr-fuzzy
63880,139804,/the-forever-love-bear
63882,139808,/the-original-mr-fuzzy
63886,139814,/the-original-mr-fuzzy
63889,139824,/the-forever-love-bear
63898,139834,/the-original-mr-fuzzy
63900,139840,/the-original-mr-fuzzy
63908,139853,/the-original-mr-fuzzy
63909,139858,/the-original-mr-fuzzy
63910,139863,/the-forever-love-bear
63917,139872,/the-forever-love-bear
63918,139876,/the-original-mr-fuzzy
63919,139879,/the-original-mr-fuzzy
63921,139884,/the-forever-love-bear
63922,139887,/the-forever-love-bear
63927,139898,/the-original-mr-fuzzy
63928,139900,/the-original-mr-fuzzy
63929,139903,/the-original-mr-fuzzy
63931,139908,/the-original-mr-fuzzy
63932,139914,/the-original-mr-fuzzy
63934,139918,/the-original-mr-fuzzy
63935,139923,/the-forever-love-bear
63937,139928,/the-original-mr-fuzzy
63938,139937,/the-forever-love-bear
63939,139938,/the-original-mr-fuzzy
63941,139946,/the-original-mr-fuzzy
63942,139952,/the-forever-love-bear
63943,139953,/the-original-mr-fuzzy
63947,139961,/the-original-mr-fuzzy
63952,139971,/the-original-mr-fuzzy
63956,139975,/the-original-mr-fuzzy
63958,139984,/the-original-mr-fuzzy
63962,139992,/the-original-mr-fuzzy
63964,139998,/the-original-mr-fuzzy
63967,140003,/the-forever-love-bear
63966,140004,/the-original-mr-fuzzy
63968,140010,/the-original-mr-fuzzy
63970,140013,/the-original-mr-fuzzy
63974,140020,/the-original-mr-fuzzy
63975,140022,/the-original-mr-fuzzy
63978,140029,/the-original-mr-fuzzy
63981,140037,/the-original-mr-fuzzy
63980,140038,/the-original-mr-fuzzy
63984,140045,/the-original-mr-fuzzy
63982,140046,/the-original-mr-fuzzy
63987,140056,/the-original-mr-fuzzy
63986,140060,/the-original-mr-fuzzy
63989,140061,/the-original-mr-fuzzy
63991,140069,/the-original-mr-fuzzy
63993,140072,/the-original-mr-fuzzy
63998,140082,/the-original-mr-fuzzy
64001,140089,/the-original-mr-fuzzy
64002,140092,/the-original-mr-fuzzy
64003,140099,/the-original-mr-fuzzy
64005,140103,/the-original-mr-fuzzy
64006,140107,/the-original-mr-fuzzy
64007,140113,/the-original-mr-fuzzy
64014,140128,/the-original-mr-fuzzy
64011,140130,/the-forever-love-bear
64015,140133,/the-forever-love-bear
64020,140149,/the-original-mr-fuzzy
64019,140152,/the-original-mr-fuzzy
64021,140155,/the-original-mr-fuzzy
64022,140158,/the-original-mr-fuzzy
64025,140167,/the-original-mr-fuzzy
64027,140172,/the-original-mr-fuzzy
64026,140177,/the-original-mr-fuzzy
64029,140183,/the-original-mr-fuzzy
64028,140184,/the-original-mr-fuzzy
64031,140188,/the-original-mr-fuzzy
64030,140190,/the-original-mr-fuzzy
64032,140201,/the-original-mr-fuzzy
64033,140202,/the-original-mr-fuzzy
64036,140217,/the-forever-love-bear
64035,140219,/the-original-mr-fuzzy
64039,140225,/the-original-mr-fuzzy
64044,140234,/the-original-mr-fuzzy
64045,140235,/the-original-mr-fuzzy
64057,140253,/the-forever-love-bear
64056,140257,/the-original-mr-fuzzy
64058,140261,/the-original-mr-fuzzy
64063,140269,/the-original-mr-fuzzy
64064,140279,/the-original-mr-fuzzy
64072,140288,/the-original-mr-fuzzy
64075,140293,/the-original-mr-fuzzy
64076,140300,/the-original-mr-fuzzy
64078,140301,/the-forever-love-bear
64079,140303,/the-original-mr-fuzzy
64091,140323,/the-original-mr-fuzzy
64094,140326,/the-original-mr-fuzzy
64092,140327,/the-original-mr-fuzzy
64096,140331,/the-original-mr-fuzzy
64099,140337,/the-original-mr-fuzzy
64098,140339,/the-original-mr-fuzzy
64100,140342,/the-original-mr-fuzzy
64101,140345,/the-original-mr-fuzzy
64104,140352,/the-original-mr-fuzzy
64103,140353,/the-original-mr-fuzzy
64105,140360,/the-original-mr-fuzzy
64106,140363,/the-original-mr-fuzzy
64108,140368,/the-original-mr-fuzzy
64110,140377,/the-original-mr-fuzzy
64111,140378,/the-forever-love-bear
64112,140381,/the-original-mr-fuzzy
64114,140386,/the-original-mr-fuzzy
64119,140395,/the-original-mr-fuzzy
64121,140399,/the-original-mr-fuzzy
64122,140406,/the-original-mr-fuzzy
64131,140418,/the-forever-love-bear
64134,140424,/the-original-mr-fuzzy
64138,140435,/the-original-mr-fuzzy
64140,140443,/the-original-mr-fuzzy
64141,140446,/the-original-mr-fuzzy
64145,140458,/the-original-mr-fuzzy
64150,140467,/the-original-mr-fuzzy
64152,140469,/the-original-mr-fuzzy
64157,140477,/the-original-mr-fuzzy
64158,140484,/the-original-mr-fuzzy
64159,140488,/the-original-mr-fuzzy
64160,140490,/the-original-mr-fuzzy
64164,140498,/the-original-mr-fuzzy
64170,140511,/the-original-mr-fuzzy
64169,140518,/the-original-mr-fuzzy
64172,140519,/the-original-mr-fuzzy
64175,140527,/the-original-mr-fuzzy
64176,140533,/the-original-mr-fuzzy
64177,140534,/the-original-mr-fuzzy
64186,140555,/the-original-mr-fuzzy
64187,140557,/the-original-mr-fuzzy
64189,140558,/the-original-mr-fuzzy
64188,140559,/the-forever-love-bear
64192,140564,/the-original-mr-fuzzy
64196,140570,/the-original-mr-fuzzy
64195,140576,/the-original-mr-fuzzy
64199,140578,/the-original-mr-fuzzy
64198,140580,/the-original-mr-fuzzy
64197,140582,/the-original-mr-fuzzy
64200,140589,/the-original-mr-fuzzy
64201,140590,/the-original-mr-fuzzy
64206,140603,/the-original-mr-fuzzy
64208,140609,/the-original-mr-fuzzy
64209,140611,/the-forever-love-bear
64213,140619,/the-original-mr-fuzzy
64214,140620,/the-original-mr-fuzzy
64215,140624,/the-original-mr-fuzzy
64216,140630,/the-original-mr-fuzzy
64218,140632,/the-original-mr-fuzzy
64220,140643,/the-original-mr-fuzzy
64222,140649,/the-original-mr-fuzzy
64223,140650,/the-original-mr-fuzzy
64221,140654,/the-original-mr-fuzzy
64224,140656,/the-original-mr-fuzzy
64226,140666,/the-forever-love-bear
64231,140680,/the-original-mr-fuzzy
64239,140697,/the-original-mr-fuzzy
64241,140698,/the-original-mr-fuzzy
64238,140700,/the-original-mr-fuzzy
64240,140704,/the-original-mr-fuzzy
64246,140709,/the-original-mr-fuzzy
64249,140716,/the-forever-love-bear
64250,140722,/the-original-mr-fuzzy
64251,140730,/the-original-mr-fuzzy
64252,140734,/the-original-mr-fuzzy
64255,140737,/the-original-mr-fuzzy
64256,140740,/the-original-mr-fuzzy
64258,140752,/the-original-mr-fuzzy
64259,140755,/the-original-mr-fuzzy
64261,140759,/the-original-mr-fuzzy
64264,140768,/the-forever-love-bear
64266,140770,/the-original-mr-fuzzy
64267,140781,/the-original-mr-fuzzy
64269,140784,/the-original-mr-fuzzy
64275,140791,/the-original-mr-fuzzy
64279,140799,/the-original-mr-fuzzy
64281,140803,/the-original-mr-fuzzy
64282,140807,/the-original-mr-fuzzy
64285,140812,/the-original-mr-fuzzy
64288,140820,/the-original-mr-fuzzy
64296,140829,/the-forever-love-bear
64297,140831,/the-original-mr-fuzzy
64298,140834,/the-original-mr-fuzzy
64300,140839,/the-original-mr-fuzzy
64302,140842,/the-original-mr-fuzzy
64303,140845,/the-forever-love-bear
64305,140853,/the-original-mr-fuzzy
64304,140855,/the-original-mr-fuzzy
64306,140862,/the-original-mr-fuzzy
64307,140863,/the-original-mr-fuzzy
64310,140867,/the-original-mr-fuzzy
64314,140877,/the-original-mr-fuzzy
64315,140882,/the-original-mr-fuzzy
64316,140885,/the-original-mr-fuzzy
64318,140889,/the-original-mr-fuzzy
64319,140895,/the-original-mr-fuzzy
64323,140904,/the-forever-love-bear
64321,140905,/the-original-mr-fuzzy
64322,140907,/the-original-mr-fuzzy
64325,140921,/the-original-mr-fuzzy
64324,140925,/the-forever-love-bear
64331,140927,/the-original-mr-fuzzy
64329,140932,/the-forever-love-bear
64330,140933,/the-original-mr-fuzzy
64333,140950,/the-original-mr-fuzzy
64340,140960,/the-original-mr-fuzzy
64346,140975,/the-original-mr-fuzzy
64350,140980,/the-original-mr-fuzzy
64351,140983,/the-original-mr-fuzzy
64352,140987,/the-original-mr-fuzzy
64353,140991,/the-original-mr-fuzzy
64357,141001,/the-original-mr-fuzzy
64360,141008,/the-original-mr-fuzzy
64361,141011,/the-original-mr-fuzzy
64362,141015,/the-original-mr-fuzzy
64369,141027,/the-original-mr-fuzzy
64370,141030,/the-forever-love-bear
64372,141035,/the-original-mr-fuzzy
64374,141042,/the-original-mr-fuzzy
64375,141045,/the-original-mr-fuzzy
64381,141057,/the-forever-love-bear
64382,141061,/the-original-mr-fuzzy
64385,141066,/the-original-mr-fuzzy
64387,141074,/the-original-mr-fuzzy
64390,141080,/the-original-mr-fuzzy
64391,141087,/the-forever-love-bear
64392,141093,/the-original-mr-fuzzy
64393,141098,/the-forever-love-bear
64396,141105,/the-original-mr-fuzzy
64398,141109,/the-original-mr-fuzzy
64399,141112,/the-original-mr-fuzzy
64400,141115,/the-original-mr-fuzzy
64401,141121,/the-original-mr-fuzzy
64403,141125,/the-original-mr-fuzzy
64407,141134,/the-original-mr-fuzzy
64408,141138,/the-original-mr-fuzzy
64412,141149,/the-original-mr-fuzzy
64411,141152,/the-original-mr-fuzzy
64414,141157,/the-original-mr-fuzzy
64416,141160,/the-original-mr-fuzzy
64418,141163,/the-original-mr-fuzzy
64417,141164,/the-original-mr-fuzzy
64421,141172,/the-original-mr-fuzzy
64422,141176,/the-original-mr-fuzzy
64424,141180,/the-forever-love-bear
64423,141182,/the-original-mr-fuzzy
64427,141193,/the-original-mr-fuzzy
64429,141200,/the-original-mr-fuzzy
64428,141201,/the-original-mr-fuzzy
64430,141204,/the-original-mr-fuzzy
64432,141207,/the-original-mr-fuzzy
64436,141213,/the-original-mr-fuzzy
64437,141217,/the-original-mr-fuzzy
64438,141224,/the-original-mr-fuzzy
64439,141227,/the-original-mr-fuzzy
64440,141230,/the-original-mr-fuzzy
64443,141239,/the-original-mr-fuzzy
64441,141244,/the-forever-love-bear
64444,141248,/the-original-mr-fuzzy
64446,141252,/the-original-mr-fuzzy
64447,141255,/the-original-mr-fuzzy
64450,141261,/the-original-mr-fuzzy
64451,141267,/the-original-mr-fuzzy
64452,141270,/the-original-mr-fuzzy
64454,141279,/the-original-mr-fuzzy
64453,141280,/the-original-mr-fuzzy
64457,141287,/the-original-mr-fuzzy
64455,141288,/the-original-mr-fuzzy
64458,141295,/the-original-mr-fuzzy
64459,141296,/the-original-mr-fuzzy
64462,141307,/the-original-mr-fuzzy
64464,141309,/the-original-mr-fuzzy
64467,141319,/the-original-mr-fuzzy
64469,141322,/the-forever-love-bear
64473,141330,/the-original-mr-fuzzy
64479,141340,/the-original-mr-fuzzy
64480,141341,/the-original-mr-fuzzy
64482,141347,/the-original-mr-fuzzy
64483,141355,/the-original-mr-fuzzy
64486,141356,/the-original-mr-fuzzy
64487,141358,/the-original-mr-fuzzy
64489,141364,/the-original-mr-fuzzy
64490,141365,/the-original-mr-fuzzy
64494,141380,/the-original-mr-fuzzy
64506,141401,/the-original-mr-fuzzy
64508,141402,/the-original-mr-fuzzy
64511,141408,/the-original-mr-fuzzy
64512,141410,/the-original-mr-fuzzy
64514,141414,/the-original-mr-fuzzy
64515,141420,/the-original-mr-fuzzy
64517,141424,/the-original-mr-fuzzy
64518,141425,/the-original-mr-fuzzy
64520,141436,/the-forever-love-bear
64524,141444,/the-original-mr-fuzzy
64527,141449,/the-original-mr-fuzzy
64532,141456,/the-original-mr-fuzzy
64535,141465,/the-forever-love-bear
64534,141468,/the-original-mr-fuzzy
64540,141480,/the-original-mr-fuzzy
64542,141486,/the-original-mr-fuzzy
64547,141491,/the-original-mr-fuzzy
64548,141495,/the-original-mr-fuzzy
64551,141503,/the-original-mr-fuzzy
64556,141508,/the-forever-love-bear
64560,141515,/the-original-mr-fuzzy
64570,141534,/the-original-mr-fuzzy
64574,141539,/the-forever-love-bear
64575,141542,/the-original-mr-fuzzy
64576,141545,/the-original-mr-fuzzy
64577,141548,/the-original-mr-fuzzy
64581,141559,/the-original-mr-fuzzy
64582,141562,/the-forever-love-bear
64586,141574,/the-original-mr-fuzzy
64588,141578,/the-original-mr-fuzzy
64599,141590,/the-forever-love-bear
64605,141601,/the-original-mr-fuzzy
64606,141606,/the-original-mr-fuzzy
64609,141609,/the-original-mr-fuzzy
64613,141616,/the-original-mr-fuzzy
64616,141620,/the-original-mr-fuzzy
64617,141623,/the-original-mr-fuzzy
64621,141634,/the-original-mr-fuzzy
64622,141636,/the-original-mr-fuzzy
64625,141641,/the-original-mr-fuzzy
64626,141646,/the-original-mr-fuzzy
64634,141660,/the-original-mr-fuzzy
64633,141662,/the-original-mr-fuzzy
64639,141667,/the-original-mr-fuzzy
64642,141676,/the-original-mr-fuzzy
64641,141679,/the-original-mr-fuzzy
64644,141680,/the-original-mr-fuzzy
64648,141690,/the-original-mr-fuzzy
64650,141691,/the-original-mr-fuzzy
64656,141701,/the-original-mr-fuzzy
64662,141710,/the-original-mr-fuzzy
64661,141712,/the-original-mr-fuzzy
64667,141720,/the-original-mr-fuzzy
64668,141725,/the-original-mr-fuzzy
64670,141728,/the-original-mr-fuzzy
64672,141733,/the-original-mr-fuzzy
64673,141739,/the-original-mr-fuzzy
64674,141743,/the-original-mr-fuzzy
64676,141756,/the-original-mr-fuzzy
64677,141758,/the-original-mr-fuzzy
64678,141761,/the-original-mr-fuzzy
64686,141772,/the-forever-love-bear
64689,141781,/the-original-mr-fuzzy
64692,141787,/the-original-mr-fuzzy
64693,141795,/the-original-mr-fuzzy
64695,141798,/the-original-mr-fuzzy
64696,141804,/the-original-mr-fuzzy
64697,141805,/the-original-mr-fuzzy
64698,141810,/the-original-mr-fuzzy
64702,141820,/the-original-mr-fuzzy
64704,141825,/the-original-mr-fuzzy
64708,141835,/the-original-mr-fuzzy
64715,141844,/the-original-mr-fuzzy
64716,141846,/the-original-mr-fuzzy
64717,141848,/the-original-mr-fuzzy
64719,141852,/the-forever-love-bear
64720,141853,/the-original-mr-fuzzy
64725,141863,/the-forever-love-bear
64724,141865,/the-original-mr-fuzzy
64727,141868,/the-original-mr-fuzzy
64731,141876,/the-original-mr-fuzzy
64728,141877,/the-original-mr-fuzzy
64730,141878,/the-original-mr-fuzzy
64734,141891,/the-original-mr-fuzzy
64737,141895,/the-original-mr-fuzzy
64738,141902,/the-original-mr-fuzzy
64740,141904,/the-original-mr-fuzzy
64743,141910,/the-original-mr-fuzzy
64745,141915,/the-forever-love-bear
64751,141923,/the-original-mr-fuzzy
64749,141924,/the-forever-love-bear
64753,141933,/the-original-mr-fuzzy
64754,141936,/the-original-mr-fuzzy
64759,141946,/the-original-mr-fuzzy
64762,141951,/the-original-mr-fuzzy
64768,141960,/the-forever-love-bear
64769,141966,/the-original-mr-fuzzy
64770,141969,/the-forever-love-bear
64771,141972,/the-original-mr-fuzzy
64775,141982,/the-original-mr-fuzzy
64776,141986,/the-original-mr-fuzzy
64777,141993,/the-original-mr-fuzzy
64778,141996,/the-original-mr-fuzzy
64779,142000,/the-original-mr-fuzzy
64781,142003,/the-original-mr-fuzzy
64788,142014,/the-original-mr-fuzzy
64789,142017,/the-original-mr-fuzzy
64790,142020,/the-forever-love-bear
64795,142033,/the-original-mr-fuzzy
64794,142034,/the-original-mr-fuzzy
64799,142041,/the-original-mr-fuzzy
64801,142050,/the-original-mr-fuzzy
64802,142054,/the-forever-love-bear
64807,142062,/the-original-mr-fuzzy
64806,142063,/the-original-mr-fuzzy
64812,142071,/the-original-mr-fuzzy
64811,142076,/the-original-mr-fuzzy
64814,142079,/the-original-mr-fuzzy
64815,142080,/the-original-mr-fuzzy
64817,142084,/the-original-mr-fuzzy
64819,142092,/the-original-mr-fuzzy
64820,142093,/the-original-mr-fuzzy
64828,142108,/the-original-mr-fuzzy
64829,142112,/the-original-mr-fuzzy
64830,142117,/the-original-mr-fuzzy
64831,142119,/the-forever-love-bear
64834,142128,/the-original-mr-fuzzy
64835,142138,/the-original-mr-fuzzy
64837,142144,/the-original-mr-fuzzy
64843,142151,/the-original-mr-fuzzy
64845,142155,/the-original-mr-fuzzy
64848,142167,/the-original-mr-fuzzy
64850,142168,/the-forever-love-bear
64849,142171,/the-forever-love-bear
64856,142180,/the-original-mr-fuzzy
64862,142191,/the-original-mr-fuzzy
64868,142200,/the-original-mr-fuzzy
64871,142207,/the-original-mr-fuzzy
64877,142218,/the-forever-love-bear
64882,142224,/the-original-mr-fuzzy
64883,142227,/the-original-mr-fuzzy
64886,142234,/the-original-mr-fuzzy
64889,142239,/the-original-mr-fuzzy
64894,142249,/the-original-mr-fuzzy
64895,142250,/the-forever-love-bear
64898,142257,/the-original-mr-fuzzy
64899,142261,/the-original-mr-fuzzy
64903,142273,/the-original-mr-fuzzy
64904,142277,/the-forever-love-bear
64906,142280,/the-forever-love-bear
64909,142286,/the-forever-love-bear
64910,142292,/the-original-mr-fuzzy
64912,142296,/the-original-mr-fuzzy
64918,142307,/the-original-mr-fuzzy
64919,142310,/the-original-mr-fuzzy
64920,142317,/the-original-mr-fuzzy
64921,142320,/the-original-mr-fuzzy
64925,142327,/the-forever-love-bear
64933,142339,/the-original-mr-fuzzy
64938,142346,/the-forever-love-bear
64939,142349,/the-original-mr-fuzzy
64940,142354,/the-original-mr-fuzzy
64942,142357,/the-original-mr-fuzzy
64941,142358,/the-original-mr-fuzzy
64944,142368,/the-original-mr-fuzzy
64947,142371,/the-original-mr-fuzzy
64948,142374,/the-original-mr-fuzzy
64950,142379,/the-forever-love-bear
64954,142388,/the-original-mr-fuzzy
64959,142399,/the-original-mr-fuzzy
64964,142415,/the-original-mr-fuzzy
64965,142417,/the-original-mr-fuzzy
64971,142425,/the-original-mr-fuzzy
64974,142431,/the-original-mr-fuzzy
64979,142443,/the-original-mr-fuzzy
64984,142452,/the-original-mr-fuzzy
64987,142461,/the-original-mr-fuzzy
64989,142469,/the-forever-love-bear
64992,142472,/the-original-mr-fuzzy
64991,142474,/the-original-mr-fuzzy
64995,142481,/the-original-mr-fuzzy
64997,142485,/the-original-mr-fuzzy
64998,142488,/the-original-mr-fuzzy
64999,142492,/the-original-mr-fuzzy
65001,142496,/the-original-mr-fuzzy
65003,142500,/the-original-mr-fuzzy
65004,142503,/the-original-mr-fuzzy
65005,142509,/the-original-mr-fuzzy
65010,142517,/the-original-mr-fuzzy
65011,142521,/the-original-mr-fuzzy
65012,142524,/the-original-mr-fuzzy
65013,142527,/the-original-mr-fuzzy
65014,142534,/the-original-mr-fuzzy
65016,142541,/the-original-mr-fuzzy
65017,142544,/the-original-mr-fuzzy
65018,142548,/the-original-mr-fuzzy
65019,142551,/the-forever-love-bear
65022,142556,/the-forever-love-bear
65024,142561,/the-original-mr-fuzzy
65027,142572,/the-original-mr-fuzzy
65030,142580,/the-forever-love-bear
65032,142581,/the-original-mr-fuzzy
65031,142583,/the-original-mr-fuzzy
65033,142588,/the-original-mr-fuzzy
65039,142595,/the-original-mr-fuzzy
65040,142600,/the-original-mr-fuzzy
65046,142615,/the-original-mr-fuzzy
65045,142616,/the-original-mr-fuzzy
65047,142617,/the-original-mr-fuzzy
65051,142624,/the-forever-love-bear
65050,142625,/the-original-mr-fuzzy
65054,142635,/the-forever-love-bear
65055,142637,/the-original-mr-fuzzy
65057,142643,/the-original-mr-fuzzy
65059,142647,/the-original-mr-fuzzy
65060,142650,/the-original-mr-fuzzy
65061,142653,/the-original-mr-fuzzy
65077,142674,/the-original-mr-fuzzy
65079,142678,/the-forever-love-bear
65078,142680,/the-original-mr-fuzzy
65081,142685,/the-original-mr-fuzzy
65084,142691,/the-forever-love-bear
65088,142698,/the-original-mr-fuzzy
65087,142699,/the-original-mr-fuzzy
65093,142710,/the-original-mr-fuzzy
65094,142711,/the-original-mr-fuzzy
65095,142712,/the-original-mr-fuzzy
65097,142725,/the-forever-love-bear
65098,142728,/the-forever-love-bear
65099,142732,/the-original-mr-fuzzy
65103,142737,/the-original-mr-fuzzy
65114,142757,/the-original-mr-fuzzy
65124,142770,/the-forever-love-bear
65126,142776,/the-original-mr-fuzzy
65125,142777,/the-original-mr-fuzzy
65127,142783,/the-original-mr-fuzzy
65128,142786,/the-original-mr-fuzzy
65129,142791,/the-original-mr-fuzzy
65132,142794,/the-original-mr-fuzzy
65139,142808,/the-original-mr-fuzzy
65144,142816,/the-original-mr-fuzzy
65148,142822,/the-original-mr-fuzzy
65151,142831,/the-original-mr-fuzzy
65154,142842,/the-original-mr-fuzzy
65155,142845,/the-original-mr-fuzzy
65156,142849,/the-original-mr-fuzzy
65157,142851,/the-original-mr-fuzzy
65158,142855,/the-original-mr-fuzzy
65160,142857,/the-original-mr-fuzzy
65162,142865,/the-original-mr-fuzzy
65166,142874,/the-original-mr-fuzzy
65167,142880,/the-original-mr-fuzzy
65168,142886,/the-original-mr-fuzzy
65171,142890,/the-original-mr-fuzzy
65172,142894,/the-original-mr-fuzzy
65178,142906,/the-original-mr-fuzzy
65177,142907,/the-original-mr-fuzzy
65179,142910,/the-original-mr-fuzzy
65180,142914,/the-original-mr-fuzzy
65183,142923,/the-original-mr-fuzzy
65186,142929,/the-original-mr-fuzzy
65187,142932,/the-original-mr-fuzzy
65192,142941,/the-forever-love-bear
65193,142944,/the-forever-love-bear
65195,142950,/the-original-mr-fuzzy
65197,142954,/the-forever-love-bear
65198,142957,/the-original-mr-fuzzy
65204,142969,/the-original-mr-fuzzy
65206,142975,/the-original-mr-fuzzy
65208,142981,/the-original-mr-fuzzy
65209,142989,/the-original-mr-fuzzy
65214,143001,/the-original-mr-fuzzy
65216,143002,/the-forever-love-bear
65215,143003,/the-original-mr-fuzzy
65219,143012,/the-original-mr-fuzzy
65222,143022,/the-forever-love-bear
65226,143031,/the-original-mr-fuzzy
65229,143036,/the-original-mr-fuzzy
65235,143044,/the-original-mr-fuzzy
65236,143049,/the-forever-love-bear
65243,143058,/the-original-mr-fuzzy
65249,143074,/the-original-mr-fuzzy
65247,143075,/the-original-mr-fuzzy
65250,143077,/the-original-mr-fuzzy
65255,143090,/the-forever-love-bear
65256,143092,/the-original-mr-fuzzy
65257,143097,/the-forever-love-bear
65258,143103,/the-original-mr-fuzzy
65262,143113,/the-original-mr-fuzzy
65263,143118,/the-original-mr-fuzzy
65267,143121,/the-original-mr-fuzzy
65268,143126,/the-forever-love-bear
65271,143134,/the-forever-love-bear
65273,143139,/the-original-mr-fuzzy
65274,143146,/the-original-mr-fuzzy
65278,143154,/the-original-mr-fuzzy
65280,143158,/the-original-mr-fuzzy
65282,143164,/the-original-mr-fuzzy
65283,143167,/the-forever-love-bear
65281,143168,/the-original-mr-fuzzy
65289,143186,/the-original-mr-fuzzy
65291,143191,/the-forever-love-bear
65295,143195,/the-original-mr-fuzzy
65297,143201,/the-original-mr-fuzzy
65299,143208,/the-original-mr-fuzzy
65301,143213,/the-original-mr-fuzzy
65302,143216,/the-original-mr-fuzzy
65305,143221,/the-original-mr-fuzzy
65307,143226,/the-original-mr-fuzzy
65312,143237,/the-original-mr-fuzzy
65313,143238,/the-original-mr-fuzzy
65320,143250,/the-original-mr-fuzzy
65319,143251,/the-original-mr-fuzzy
65326,143264,/the-original-mr-fuzzy
65331,143272,/the-original-mr-fuzzy
65334,143278,/the-original-mr-fuzzy
65336,143290,/the-original-mr-fuzzy
65339,143295,/the-original-mr-fuzzy
65340,143297,/the-original-mr-fuzzy
65343,143306,/the-original-mr-fuzzy
65346,143313,/the-original-mr-fuzzy
65347,143315,/the-forever-love-bear
65352,143323,/the-original-mr-fuzzy
65356,143329,/the-original-mr-fuzzy
65362,143341,/the-original-mr-fuzzy
65361,143342,/the-original-mr-fuzzy
65365,143346,/the-original-mr-fuzzy
65364,143351,/the-forever-love-bear
65368,143358,/the-original-mr-fuzzy
65369,143364,/the-original-mr-fuzzy
65370,143372,/the-original-mr-fuzzy
65377,143386,/the-original-mr-fuzzy
65380,143389,/the-original-mr-fuzzy
65381,143391,/the-original-mr-fuzzy
65383,143396,/the-original-mr-fuzzy
65387,143403,/the-original-mr-fuzzy
65388,143407,/the-original-mr-fuzzy
65389,143409,/the-original-mr-fuzzy
65390,143419,/the-original-mr-fuzzy
65391,143420,/the-original-mr-fuzzy
65396,143427,/the-original-mr-fuzzy
65397,143430,/the-original-mr-fuzzy
65398,143435,/the-original-mr-fuzzy
65400,143441,/the-original-mr-fuzzy
65403,143456,/the-forever-love-bear
65405,143457,/the-original-mr-fuzzy
65411,143469,/the-original-mr-fuzzy
65412,143478,/the-original-mr-fuzzy
65413,143479,/the-original-mr-fuzzy
65419,143488,/the-forever-love-bear
65420,143490,/the-original-mr-fuzzy
65421,143495,/the-original-mr-fuzzy
65424,143500,/the-original-mr-fuzzy
65426,143509,/the-original-mr-fuzzy
65434,143523,/the-original-mr-fuzzy
65435,143524,/the-original-mr-fuzzy
65437,143534,/the-forever-love-bear
65438,143536,/the-original-mr-fuzzy
65440,143540,/the-original-mr-fuzzy
65441,143547,/the-original-mr-fuzzy
65445,143554,/the-original-mr-fuzzy
65450,143566,/the-original-mr-fuzzy
65451,143576,/the-original-mr-fuzzy
65454,143578,/the-original-mr-fuzzy
65457,143585,/the-original-mr-fuzzy
65458,143589,/the-original-mr-fuzzy
65462,143599,/the-original-mr-fuzzy
65464,143603,/the-original-mr-fuzzy
65466,143608,/the-original-mr-fuzzy
65471,143620,/the-original-mr-fuzzy
65472,143621,/the-original-mr-fuzzy
65476,143634,/the-original-mr-fuzzy
65477,143637,/the-original-mr-fuzzy
65478,143642,/the-forever-love-bear
65479,143643,/the-forever-love-bear
65481,143648,/the-original-mr-fuzzy
65482,143650,/the-original-mr-fuzzy
65483,143653,/the-original-mr-fuzzy
65484,143660,/the-original-mr-fuzzy
65485,143663,/the-original-mr-fuzzy
65486,143669,/the-original-mr-fuzzy
65488,143674,/the-original-mr-fuzzy
65489,143676,/the-original-mr-fuzzy
65496,143696,/the-forever-love-bear
65497,143697,/the-original-mr-fuzzy
65498,143698,/the-forever-love-bear
65500,143706,/the-original-mr-fuzzy
65502,143711,/the-original-mr-fuzzy
65506,143718,/the-original-mr-fuzzy
65509,143724,/the-original-mr-fuzzy
65510,143727,/the-original-mr-fuzzy
65514,143734,/the-forever-love-bear
65515,143738,/the-original-mr-fuzzy
65517,143746,/the-original-mr-fuzzy
65522,143761,/the-original-mr-fuzzy
65523,143762,/the-original-mr-fuzzy
65524,143768,/the-original-mr-fuzzy
65525,143770,/the-original-mr-fuzzy
65527,143772,/the-forever-love-bear
65526,143776,/the-original-mr-fuzzy
65530,143788,/the-original-mr-fuzzy
65533,143790,/the-original-mr-fuzzy
65535,143796,/the-original-mr-fuzzy
65539,143805,/the-original-mr-fuzzy
65540,143806,/the-original-mr-fuzzy
65541,143807,/the-original-mr-fuzzy
65543,143814,/the-original-mr-fuzzy
65542,143815,/the-original-mr-fuzzy
65545,143819,/the-original-mr-fuzzy
65547,143826,/the-original-mr-fuzzy
65548,143829,/the-original-mr-fuzzy
65549,143831,/the-original-mr-fuzzy
65552,143841,/the-original-mr-fuzzy
65551,143842,/the-original-mr-fuzzy
65550,143845,/the-original-mr-fuzzy
65554,143851,/the-original-mr-fuzzy
65556,143858,/the-original-mr-fuzzy
65555,143860,/the-original-mr-fuzzy
65557,143862,/the-original-mr-fuzzy
65559,143872,/the-original-mr-fuzzy
65560,143878,/the-original-mr-fuzzy
65562,143879,/the-original-mr-fuzzy
65564,143881,/the-forever-love-bear
65566,143889,/the-original-mr-fuzzy
65569,143894,/the-original-mr-fuzzy
65570,143897,/the-original-mr-fuzzy
65571,143902,/the-original-mr-fuzzy
65573,143911,/the-original-mr-fuzzy
65575,143913,/the-original-mr-fuzzy
65577,143918,/the-original-mr-fuzzy
65578,143920,/the-original-mr-fuzzy
65586,143936,/the-original-mr-fuzzy
65589,143937,/the-forever-love-bear
65590,143943,/the-original-mr-fuzzy
65599,143963,/the-original-mr-fuzzy
65598,143964,/the-original-mr-fuzzy
65605,143982,/the-original-mr-fuzzy
65607,143984,/the-original-mr-fuzzy
65608,143998,/the-original-mr-fuzzy
65612,143999,/the-original-mr-fuzzy
65610,144000,/the-original-mr-fuzzy
65611,144001,/the-original-mr-fuzzy
65614,144011,/the-forever-love-bear
65619,144022,/the-original-mr-fuzzy
65621,144026,/the-original-mr-fuzzy
65620,144027,/the-original-mr-fuzzy
65622,144031,/the-original-mr-fuzzy
65628,144048,/the-original-mr-fuzzy
65626,144049,/the-original-mr-fuzzy
65633,144058,/the-original-mr-fuzzy
65638,144070,/the-original-mr-fuzzy
65643,144078,/the-original-mr-fuzzy
65645,144081,/the-original-mr-fuzzy
65646,144086,/the-original-mr-fuzzy
65647,144096,/the-original-mr-fuzzy
65650,144099,/the-original-mr-fuzzy
65648,144101,/the-original-mr-fuzzy
65651,144108,/the-original-mr-fuzzy
65652,144113,/the-original-mr-fuzzy
65655,144126,/the-original-mr-fuzzy
65657,144127,/the-original-mr-fuzzy
65659,144135,/the-original-mr-fuzzy
65660,144144,/the-original-mr-fuzzy
65662,144145,/the-original-mr-fuzzy
65663,144148,/the-original-mr-fuzzy
65667,144153,/the-original-mr-fuzzy
65668,144158,/the-original-mr-fuzzy
65669,144163,/the-original-mr-fuzzy
65671,144165,/the-original-mr-fuzzy
65672,144166,/the-forever-love-bear
65674,144173,/the-original-mr-fuzzy
65675,144177,/the-forever-love-bear
65688,144194,/the-original-mr-fuzzy
65689,144195,/the-original-mr-fuzzy
65690,144198,/the-original-mr-fuzzy
65696,144207,/the-original-mr-fuzzy
65699,144218,/the-forever-love-bear
65706,144225,/the-original-mr-fuzzy
65705,144226,/the-original-mr-fuzzy
65711,144238,/the-forever-love-bear
65714,144243,/the-original-mr-fuzzy
65716,144250,/the-original-mr-fuzzy
65717,144253,/the-original-mr-fuzzy
65719,144257,/the-forever-love-bear
65721,144264,/the-forever-love-bear
65726,144275,/the-original-mr-fuzzy
65727,144282,/the-original-mr-fuzzy
65731,144291,/the-original-mr-fuzzy
65735,144299,/the-original-mr-fuzzy
65736,144304,/the-original-mr-fuzzy
65741,144309,/the-original-mr-fuzzy
65742,144313,/the-original-mr-fuzzy
65744,144316,/the-original-mr-fuzzy
65746,144321,/the-forever-love-bear
65753,144338,/the-original-mr-fuzzy
65754,144339,/the-original-mr-fuzzy
65755,144342,/the-original-mr-fuzzy
65756,144350,/the-original-mr-fuzzy
65757,144354,/the-original-mr-fuzzy
65758,144357,/the-forever-love-bear
65764,144366,/the-original-mr-fuzzy
65765,144372,/the-original-mr-fuzzy
65767,144373,/the-forever-love-bear
65770,144388,/the-original-mr-fuzzy
65772,144390,/the-forever-love-bear
65775,144400,/the-original-mr-fuzzy
65776,144402,/the-original-mr-fuzzy
65778,144405,/the-original-mr-fuzzy
65782,144414,/the-original-mr-fuzzy
65787,144421,/the-original-mr-fuzzy
65790,144431,/the-original-mr-fuzzy
65789,144432,/the-original-mr-fuzzy
65793,144439,/the-original-mr-fuzzy
65792,144440,/the-original-mr-fuzzy
65798,144450,/the-original-mr-fuzzy
65797,144451,/the-original-mr-fuzzy
65800,144460,/the-original-mr-fuzzy
65802,144462,/the-original-mr-fuzzy
65801,144463,/the-original-mr-fuzzy
65805,144469,/the-original-mr-fuzzy
65807,144475,/the-original-mr-fuzzy
65809,144479,/the-original-mr-fuzzy
65813,144488,/the-original-mr-fuzzy
65816,144492,/the-original-mr-fuzzy
65817,144501,/the-original-mr-fuzzy
65821,144502,/the-original-mr-fuzzy
65819,144503,/the-original-mr-fuzzy
65824,144515,/the-original-mr-fuzzy
65826,144520,/the-original-mr-fuzzy
65829,144525,/the-forever-love-bear
65827,144527,/the-original-mr-fuzzy
65832,144532,/the-original-mr-fuzzy
65833,144536,/the-original-mr-fuzzy
65835,144543,/the-original-mr-fuzzy
65839,144560,/the-forever-love-bear
65838,144561,/the-original-mr-fuzzy
65840,144562,/the-original-mr-fuzzy
65841,144565,/the-original-mr-fuzzy
65842,144572,/the-original-mr-fuzzy
65845,144579,/the-original-mr-fuzzy
65851,144592,/the-original-mr-fuzzy
65850,144594,/the-original-mr-fuzzy
65852,144599,/the-original-mr-fuzzy
65854,144604,/the-original-mr-fuzzy
65856,144606,/the-forever-love-bear
65861,144623,/the-original-mr-fuzzy
65858,144626,/the-original-mr-fuzzy
65863,144629,/the-forever-love-bear
65865,144634,/the-original-mr-fuzzy
65871,144640,/the-original-mr-fuzzy
65873,144647,/the-original-mr-fuzzy
65878,144658,/the-original-mr-fuzzy
65880,144662,/the-original-mr-fuzzy
65882,144666,/the-forever-love-bear
65881,144668,/the-original-mr-fuzzy
65884,144676,/the-original-mr-fuzzy
65885,144678,/the-original-mr-fuzzy
65889,144684,/the-original-mr-fuzzy
65888,144689,/the-original-mr-fuzzy
65893,144697,/the-original-mr-fuzzy
65895,144699,/the-original-mr-fuzzy
65896,144703,/the-original-mr-fuzzy
65897,144707,/the-original-mr-fuzzy
65898,144709,/the-original-mr-fuzzy
65902,144728,/the-original-mr-fuzzy
65905,144736,/the-original-mr-fuzzy
65907,144739,/the-forever-love-bear
65910,144744,/the-original-mr-fuzzy
65913,144749,/the-original-mr-fuzzy
65911,144750,/the-original-mr-fuzzy
65912,144755,/the-original-mr-fuzzy
65916,144761,/the-original-mr-fuzzy
65917,144765,/the-forever-love-bear
65918,144770,/the-original-mr-fuzzy
65925,144789,/the-original-mr-fuzzy
65928,144798,/the-original-mr-fuzzy
65931,144805,/the-original-mr-fuzzy
65932,144809,/the-original-mr-fuzzy
65934,144817,/the-forever-love-bear
65937,144824,/the-original-mr-fuzzy
65936,144826,/the-original-mr-fuzzy
65941,144836,/the-original-mr-fuzzy
65942,144842,/the-original-mr-fuzzy
65943,144846,/the-original-mr-fuzzy
65944,144848,/the-forever-love-bear
65948,144859,/the-original-mr-fuzzy
65951,144869,/the-original-mr-fuzzy
65952,144872,/the-original-mr-fuzzy
65954,144877,/the-original-mr-fuzzy
65955,144879,/the-original-mr-fuzzy
65962,144892,/the-original-mr-fuzzy
65960,144896,/the-forever-love-bear
65963,144899,/the-original-mr-fuzzy
65968,144914,/the-original-mr-fuzzy
65970,144921,/the-original-mr-fuzzy
65971,144927,/the-original-mr-fuzzy
65972,144932,/the-original-mr-fuzzy
65973,144933,/the-original-mr-fuzzy
65974,144936,/the-original-mr-fuzzy
65977,144942,/the-original-mr-fuzzy
65980,144949,/the-original-mr-fuzzy
65982,144954,/the-original-mr-fuzzy
65983,144957,/the-original-mr-fuzzy
65985,144963,/the-original-mr-fuzzy
65986,144966,/the-original-mr-fuzzy
65990,144973,/the-original-mr-fuzzy
65992,144982,/the-forever-love-bear
65998,144990,/the-original-mr-fuzzy
65999,144994,/the-forever-love-bear
66000,145001,/the-original-mr-fuzzy
66001,145005,/the-original-mr-fuzzy
66005,145013,/the-original-mr-fuzzy
66010,145020,/the-original-mr-fuzzy
66015,145031,/the-original-mr-fuzzy
66016,145034,/the-original-mr-fuzzy
66018,145039,/the-original-mr-fuzzy
66017,145040,/the-original-mr-fuzzy
66020,145049,/the-original-mr-fuzzy
66022,145057,/the-original-mr-fuzzy
66023,145060,/the-original-mr-fuzzy
66026,145074,/the-original-mr-fuzzy
66031,145084,/the-original-mr-fuzzy
66032,145088,/the-original-mr-fuzzy
66033,145093,/the-original-mr-fuzzy
66035,145096,/the-forever-love-bear
66038,145104,/the-original-mr-fuzzy
66040,145111,/the-original-mr-fuzzy
66039,145113,/the-original-mr-fuzzy
66041,145114,/the-original-mr-fuzzy
66050,145126,/the-original-mr-fuzzy
66052,145134,/the-original-mr-fuzzy
66053,145141,/the-original-mr-fuzzy
66056,145149,/the-original-mr-fuzzy
66057,145152,/the-original-mr-fuzzy
66058,145159,/the-original-mr-fuzzy
66063,145169,/the-original-mr-fuzzy
66062,145171,/the-original-mr-fuzzy
66066,145175,/the-original-mr-fuzzy
66072,145190,/the-original-mr-fuzzy
66073,145194,/the-original-mr-fuzzy
66075,145195,/the-original-mr-fuzzy
66074,145196,/the-original-mr-fuzzy
66077,145201,/the-forever-love-bear
66078,145205,/the-original-mr-fuzzy
66079,145211,/the-forever-love-bear
66085,145218,/the-original-mr-fuzzy
66088,145222,/the-original-mr-fuzzy
66087,145225,/the-original-mr-fuzzy
66089,145228,/the-original-mr-fuzzy
66092,145234,/the-original-mr-fuzzy
66098,145248,/the-original-mr-fuzzy
66099,145249,/the-original-mr-fuzzy
66101,145253,/the-forever-love-bear
66103,145259,/the-original-mr-fuzzy
66105,145267,/the-original-mr-fuzzy
66106,145275,/the-original-mr-fuzzy
66107,145278,/the-original-mr-fuzzy
66109,145284,/the-original-mr-fuzzy
66114,145288,/the-original-mr-fuzzy
66111,145289,/the-original-mr-fuzzy
66118,145308,/the-original-mr-fuzzy
66119,145309,/the-forever-love-bear
66122,145314,/the-original-mr-fuzzy
66124,145326,/the-original-mr-fuzzy
66128,145331,/the-original-mr-fuzzy
66135,145344,/the-original-mr-fuzzy
66139,145352,/the-original-mr-fuzzy
66141,145360,/the-forever-love-bear
66142,145361,/the-forever-love-bear
66156,145385,/the-original-mr-fuzzy
66160,145392,/the-original-mr-fuzzy
66162,145400,/the-original-mr-fuzzy
66164,145405,/the-original-mr-fuzzy
66168,145414,/the-original-mr-fuzzy
66169,145419,/the-original-mr-fuzzy
66170,145423,/the-original-mr-fuzzy
66172,145427,/the-original-mr-fuzzy
66174,145436,/the-original-mr-fuzzy
66175,145441,/the-original-mr-fuzzy
66180,145449,/the-original-mr-fuzzy
66181,145451,/the-original-mr-fuzzy
66185,145458,/the-original-mr-fuzzy
66188,145464,/the-original-mr-fuzzy
66190,145471,/the-original-mr-fuzzy
66189,145472,/the-original-mr-fuzzy
66198,145490,/the-original-mr-fuzzy
66210,145507,/the-original-mr-fuzzy
66211,145510,/the-original-mr-fuzzy
66215,145518,/the-forever-love-bear
66216,145521,/the-original-mr-fuzzy
66218,145534,/the-original-mr-fuzzy
66222,145539,/the-original-mr-fuzzy
66224,145544,/the-original-mr-fuzzy
66226,145549,/the-forever-love-bear
66228,145554,/the-original-mr-fuzzy
66230,145564,/the-original-mr-fuzzy
66232,145570,/the-original-mr-fuzzy
66237,145582,/the-original-mr-fuzzy
66239,145587,/the-original-mr-fuzzy
66240,145591,/the-original-mr-fuzzy
66244,145600,/the-original-mr-fuzzy
66248,145606,/the-original-mr-fuzzy
66251,145613,/the-original-mr-fuzzy
66253,145615,/the-original-mr-fuzzy
66257,145624,/the-original-mr-fuzzy
66259,145628,/the-original-mr-fuzzy
66261,145636,/the-original-mr-fuzzy
66262,145641,/the-original-mr-fuzzy
66263,145644,/the-original-mr-fuzzy
66265,145649,/the-forever-love-bear
66267,145653,/the-original-mr-fuzzy
66268,145656,/the-original-mr-fuzzy
66269,145659,/the-original-mr-fuzzy
66273,145670,/the-forever-love-bear
66276,145679,/the-original-mr-fuzzy
66274,145680,/the-original-mr-fuzzy
66277,145684,/the-forever-love-bear
66279,145690,/the-original-mr-fuzzy
66282,145695,/the-original-mr-fuzzy
66283,145699,/the-original-mr-fuzzy
66284,145703,/the-original-mr-fuzzy
66285,145706,/the-original-mr-fuzzy
66286,145709,/the-original-mr-fuzzy
66287,145712,/the-forever-love-bear
66290,145717,/the-forever-love-bear
66291,145720,/the-original-mr-fuzzy
66297,145730,/the-forever-love-bear
66298,145734,/the-original-mr-fuzzy
66301,145743,/the-original-mr-fuzzy
66300,145745,/the-original-mr-fuzzy
66302,145749,/the-original-mr-fuzzy
66309,145762,/the-original-mr-fuzzy
66312,145768,/the-original-mr-fuzzy
66315,145773,/the-original-mr-fuzzy
66321,145781,/the-original-mr-fuzzy
66327,145789,/the-original-mr-fuzzy
66332,145798,/the-original-mr-fuzzy
66341,145808,/the-original-mr-fuzzy
66342,145811,/the-original-mr-fuzzy
66343,145814,/the-original-mr-fuzzy
66346,145819,/the-original-mr-fuzzy
66347,145827,/the-original-mr-fuzzy
66348,145831,/the-forever-love-bear
66350,145837,/the-original-mr-fuzzy
66352,145840,/the-original-mr-fuzzy
66353,145845,/the-forever-love-bear
66357,145856,/the-original-mr-fuzzy
66359,145860,/the-forever-love-bear
66363,145870,/the-original-mr-fuzzy
66366,145875,/the-forever-love-bear
66368,145880,/the-original-mr-fuzzy
66371,145887,/the-forever-love-bear
66372,145889,/the-original-mr-fuzzy
66378,145898,/the-original-mr-fuzzy
66379,145902,/the-original-mr-fuzzy
66380,145908,/the-original-mr-fuzzy
66386,145917,/the-original-mr-fuzzy
66387,145918,/the-original-mr-fuzzy
66389,145928,/the-forever-love-bear
66392,145932,/the-original-mr-fuzzy
66393,145935,/the-original-mr-fuzzy
66394,145939,/the-forever-love-bear
66395,145941,/the-original-mr-fuzzy
66398,145947,/the-original-mr-fuzzy
66402,145955,/the-original-mr-fuzzy
66401,145956,/the-original-mr-fuzzy
66404,145960,/the-original-mr-fuzzy
66406,145967,/the-original-mr-fuzzy
66405,145968,/the-original-mr-fuzzy
66407,145971,/the-original-mr-fuzzy
66408,145974,/the-original-mr-fuzzy
66411,145982,/the-original-mr-fuzzy
66418,145992,/the-original-mr-fuzzy
66420,146001,/the-original-mr-fuzzy
66422,146002,/the-original-mr-fuzzy
66421,146003,/the-original-mr-fuzzy
66423,146007,/the-original-mr-fuzzy
66424,146013,/the-original-mr-fuzzy
66432,146027,/the-original-mr-fuzzy
66435,146036,/the-original-mr-fuzzy
66434,146038,/the-original-mr-fuzzy
66436,146046,/the-original-mr-fuzzy
66438,146052,/the-original-mr-fuzzy
66443,146062,/the-forever-love-bear
66445,146070,/the-forever-love-bear
66446,146075,/the-original-mr-fuzzy
66447,146078,/the-original-mr-fuzzy
66451,146086,/the-original-mr-fuzzy
66454,146095,/the-forever-love-bear
66456,146101,/the-original-mr-fuzzy
66455,146103,/the-original-mr-fuzzy
66462,146110,/the-original-mr-fuzzy
66463,146117,/the-original-mr-fuzzy
66464,146122,/the-forever-love-bear
66465,146126,/the-original-mr-fuzzy
66470,146136,/the-original-mr-fuzzy
66476,146150,/the-original-mr-fuzzy
66475,146151,/the-forever-love-bear
66477,146153,/the-forever-love-bear
66479,146161,/the-original-mr-fuzzy
66481,146167,/the-original-mr-fuzzy
66482,146173,/the-forever-love-bear
66484,146180,/the-original-mr-fuzzy
66486,146182,/the-original-mr-fuzzy
66491,146190,/the-original-mr-fuzzy
66493,146195,/the-forever-love-bear
66495,146199,/the-original-mr-fuzzy
66498,146212,/the-original-mr-fuzzy
66497,146213,/the-original-mr-fuzzy
66499,146215,/the-forever-love-bear
66500,146219,/the-forever-love-bear
66502,146228,/the-original-mr-fuzzy
66503,146233,/the-original-mr-fuzzy
66505,146238,/the-original-mr-fuzzy
66510,146246,/the-original-mr-fuzzy
66515,146252,/the-original-mr-fuzzy
66517,146259,/the-original-mr-fuzzy
66518,146260,/the-forever-love-bear
66523,146270,/the-original-mr-fuzzy
66529,146278,/the-original-mr-fuzzy
66531,146284,/the-original-mr-fuzzy
66533,146287,/the-forever-love-bear
66538,146296,/the-original-mr-fuzzy
66539,146299,/the-original-mr-fuzzy
66540,146304,/the-original-mr-fuzzy
66541,146307,/the-original-mr-fuzzy
66549,146321,/the-original-mr-fuzzy
66551,146323,/the-original-mr-fuzzy
66553,146331,/the-original-mr-fuzzy
66559,146344,/the-original-mr-fuzzy
66554,146347,/the-original-mr-fuzzy
66557,146348,/the-original-mr-fuzzy
66560,146353,/the-original-mr-fuzzy
66558,146355,/the-forever-love-bear
66562,146360,/the-original-mr-fuzzy
66566,146369,/the-original-mr-fuzzy
66573,146381,/the-original-mr-fuzzy
66571,146382,/the-original-mr-fuzzy
66575,146392,/the-original-mr-fuzzy
66576,146397,/the-original-mr-fuzzy
66574,146398,/the-original-mr-fuzzy
66578,146400,/the-original-mr-fuzzy
66583,146411,/the-original-mr-fuzzy
66588,146421,/the-original-mr-fuzzy
66587,146423,/the-original-mr-fuzzy
66592,146432,/the-original-mr-fuzzy
66593,146436,/the-original-mr-fuzzy
66594,146438,/the-original-mr-fuzzy
66596,146446,/the-original-mr-fuzzy
66600,146457,/the-forever-love-bear
66602,146458,/the-original-mr-fuzzy
66604,146462,/the-original-mr-fuzzy
66607,146474,/the-original-mr-fuzzy
66609,146475,/the-original-mr-fuzzy
66610,146479,/the-original-mr-fuzzy
66611,146482,/the-forever-love-bear
66616,146490,/the-original-mr-fuzzy
66619,146496,/the-forever-love-bear
66618,146498,/the-original-mr-fuzzy
66620,146503,/the-original-mr-fuzzy
66622,146506,/the-original-mr-fuzzy
66624,146511,/the-original-mr-fuzzy
66625,146520,/the-original-mr-fuzzy
66627,146522,/the-original-mr-fuzzy
66630,146528,/the-original-mr-fuzzy
66633,146535,/the-forever-love-bear
66636,146543,/the-original-mr-fuzzy
66637,146545,/the-original-mr-fuzzy
66640,146551,/the-original-mr-fuzzy
66641,146556,/the-original-mr-fuzzy
66644,146563,/the-original-mr-fuzzy
66648,146572,/the-original-mr-fuzzy
66649,146574,/the-original-mr-fuzzy
66654,146583,/the-original-mr-fuzzy
66655,146590,/the-original-mr-fuzzy
66663,146603,/the-original-mr-fuzzy
66664,146605,/the-original-mr-fuzzy
66666,146607,/the-original-mr-fuzzy
66669,146613,/the-original-mr-fuzzy
66670,146615,/the-original-mr-fuzzy
66671,146618,/the-forever-love-bear
66673,146623,/the-original-mr-fuzzy
66676,146632,/the-original-mr-fuzzy
66675,146634,/the-original-mr-fuzzy
66677,146637,/the-original-mr-fuzzy
66683,146646,/the-original-mr-fuzzy
66691,146662,/the-original-mr-fuzzy
66693,146665,/the-original-mr-fuzzy
66696,146671,/the-original-mr-fuzzy
66694,146673,/the-original-mr-fuzzy
66695,146675,/the-original-mr-fuzzy
66698,146679,/the-original-mr-fuzzy
66700,146684,/the-forever-love-bear
66699,146686,/the-original-mr-fuzzy
66701,146693,/the-original-mr-fuzzy
66703,146703,/the-original-mr-fuzzy
66704,146704,/the-forever-love-bear
66707,146714,/the-original-mr-fuzzy
66709,146717,/the-forever-love-bear
66711,146723,/the-original-mr-fuzzy
66712,146725,/the-forever-love-bear
66716,146737,/the-forever-love-bear
66718,146742,/the-original-mr-fuzzy
66719,146750,/the-original-mr-fuzzy
66721,146752,/the-forever-love-bear
66722,146757,/the-original-mr-fuzzy
66725,146766,/the-original-mr-fuzzy
66726,146768,/the-original-mr-fuzzy
66728,146777,/the-original-mr-fuzzy
66727,146780,/the-original-mr-fuzzy
66729,146785,/the-original-mr-fuzzy
66744,146804,/the-original-mr-fuzzy
66743,146807,/the-forever-love-bear
66742,146809,/the-original-mr-fuzzy
66751,146824,/the-original-mr-fuzzy
66754,146828,/the-original-mr-fuzzy
66752,146832,/the-original-mr-fuzzy
66758,146838,/the-original-mr-fuzzy
66762,146845,/the-original-mr-fuzzy
66765,146849,/the-original-mr-fuzzy
66768,146855,/the-original-mr-fuzzy
66772,146861,/the-original-mr-fuzzy
66773,146865,/the-original-mr-fuzzy
66775,146869,/the-original-mr-fuzzy
66774,146870,/the-original-mr-fuzzy
66777,146874,/the-original-mr-fuzzy
66785,146886,/the-original-mr-fuzzy
66786,146892,/the-forever-love-bear
66791,146900,/the-original-mr-fuzzy
66792,146908,/the-original-mr-fuzzy
66794,146914,/the-original-mr-fuzzy
66795,146916,/the-original-mr-fuzzy
66800,146920,/the-original-mr-fuzzy
66798,146921,/the-original-mr-fuzzy
66801,146932,/the-original-mr-fuzzy
66803,146941,/the-original-mr-fuzzy
66809,146955,/the-original-mr-fuzzy
66808,146958,/the-original-mr-fuzzy
66810,146959,/the-original-mr-fuzzy
66814,146967,/the-original-mr-fuzzy
66813,146970,/the-original-mr-fuzzy
66817,146976,/the-original-mr-fuzzy
66824,146990,/the-original-mr-fuzzy
66823,146992,/the-original-mr-fuzzy
66826,146997,/the-original-mr-fuzzy
66830,147005,/the-original-mr-fuzzy
66828,147009,/the-original-mr-fuzzy
66831,147013,/the-original-mr-fuzzy
66833,147016,/the-original-mr-fuzzy
66834,147022,/the-original-mr-fuzzy
66837,147030,/the-original-mr-fuzzy
66840,147037,/the-original-mr-fuzzy
66841,147038,/the-original-mr-fuzzy
66847,147053,/the-original-mr-fuzzy
66849,147060,/the-original-mr-fuzzy
66852,147066,/the-original-mr-fuzzy
66851,147067,/the-original-mr-fuzzy
66858,147074,/the-original-mr-fuzzy
66859,147079,/the-original-mr-fuzzy
66860,147084,/the-original-mr-fuzzy
66865,147091,/the-original-mr-fuzzy
66867,147095,/the-forever-love-bear
66868,147098,/the-original-mr-fuzzy
66869,147103,/the-original-mr-fuzzy
66872,147107,/the-original-mr-fuzzy
66880,147118,/the-original-mr-fuzzy
66881,147121,/the-original-mr-fuzzy
66884,147132,/the-original-mr-fuzzy
66883,147133,/the-original-mr-fuzzy
66885,147134,/the-original-mr-fuzzy
66886,147141,/the-original-mr-fuzzy
66890,147149,/the-original-mr-fuzzy
66891,147150,/the-forever-love-bear
66892,147154,/the-original-mr-fuzzy
66893,147157,/the-original-mr-fuzzy
66897,147166,/the-forever-love-bear
66896,147170,/the-forever-love-bear
66898,147174,/the-original-mr-fuzzy
66900,147178,/the-original-mr-fuzzy
66902,147184,/the-original-mr-fuzzy
66903,147186,/the-original-mr-fuzzy
66905,147190,/the-original-mr-fuzzy
66907,147195,/the-original-mr-fuzzy
66906,147196,/the-original-mr-fuzzy
66909,147200,/the-original-mr-fuzzy
66911,147204,/the-original-mr-fuzzy
66914,147210,/the-forever-love-bear
66916,147214,/the-original-mr-fuzzy
66918,147218,/the-original-mr-fuzzy
66919,147221,/the-original-mr-fuzzy
66922,147226,/the-original-mr-fuzzy
66923,147233,/the-original-mr-fuzzy
66929,147242,/the-original-mr-fuzzy
66931,147248,/the-original-mr-fuzzy
66932,147249,/the-original-mr-fuzzy
66933,147252,/the-original-mr-fuzzy
66934,147255,/the-original-mr-fuzzy
66936,147262,/the-original-mr-fuzzy
66942,147276,/the-original-mr-fuzzy
66943,147281,/the-original-mr-fuzzy
66947,147291,/the-original-mr-fuzzy
66950,147297,/the-forever-love-bear
66951,147300,/the-original-mr-fuzzy
66952,147305,/the-original-mr-fuzzy
66954,147312,/the-original-mr-fuzzy
66959,147317,/the-original-mr-fuzzy
66962,147321,/the-original-mr-fuzzy
66963,147327,/the-original-mr-fuzzy
66966,147330,/the-forever-love-bear
66967,147335,/the-original-mr-fuzzy
66968,147338,/the-original-mr-fuzzy
66970,147342,/the-original-mr-fuzzy
66971,147349,/the-forever-love-bear
66975,147357,/the-original-mr-fuzzy
66973,147359,/the-original-mr-fuzzy
66978,147369,/the-original-mr-fuzzy
66983,147377,/the-original-mr-fuzzy
66984,147380,/the-original-mr-fuzzy
66991,147396,/the-original-mr-fuzzy
66990,147397,/the-original-mr-fuzzy
66988,147400,/the-original-mr-fuzzy
66992,147401,/the-original-mr-fuzzy
66993,147407,/the-original-mr-fuzzy
67000,147419,/the-original-mr-fuzzy
66997,147420,/the-original-mr-fuzzy
67006,147443,/the-original-mr-fuzzy
67012,147445,/the-forever-love-bear
67014,147457,/the-original-mr-fuzzy
67015,147458,/the-original-mr-fuzzy
67017,147467,/the-original-mr-fuzzy
67018,147468,/the-original-mr-fuzzy
67023,147475,/the-original-mr-fuzzy
67024,147480,/the-original-mr-fuzzy
67025,147483,/the-original-mr-fuzzy
67030,147496,/the-forever-love-bear
67029,147499,/the-original-mr-fuzzy
67031,147500,/the-original-mr-fuzzy
67036,147506,/the-original-mr-fuzzy
67038,147514,/the-original-mr-fuzzy
67041,147523,/the-original-mr-fuzzy
67042,147524,/the-original-mr-fuzzy
67043,147531,/the-original-mr-fuzzy
67044,147538,/the-forever-love-bear
67045,147540,/the-original-mr-fuzzy
67047,147549,/the-original-mr-fuzzy
67054,147555,/the-original-mr-fuzzy
67052,147556,/the-original-mr-fuzzy
67057,147563,/the-original-mr-fuzzy
67066,147579,/the-original-mr-fuzzy
67068,147588,/the-original-mr-fuzzy
67074,147600,/the-forever-love-bear
67076,147602,/the-original-mr-fuzzy
67078,147613,/the-forever-love-bear
67079,147616,/the-forever-love-bear
67080,147617,/the-original-mr-fuzzy
67084,147620,/the-original-mr-fuzzy
67085,147625,/the-original-mr-fuzzy
67086,147627,/the-original-mr-fuzzy
67088,147631,/the-original-mr-fuzzy
67090,147642,/the-original-mr-fuzzy
67091,147644,/the-original-mr-fuzzy
67089,147645,/the-original-mr-fuzzy
67094,147651,/the-original-mr-fuzzy
67101,147661,/the-original-mr-fuzzy
67102,147663,/the-original-mr-fuzzy
67104,147668,/the-original-mr-fuzzy
67112,147680,/the-original-mr-fuzzy
67119,147692,/the-original-mr-fuzzy
67126,147703,/the-forever-love-bear
67132,147710,/the-original-mr-fuzzy
67134,147714,/the-original-mr-fuzzy
67139,147723,/the-original-mr-fuzzy
67140,147725,/the-original-mr-fuzzy
67141,147730,/the-original-mr-fuzzy
67149,147739,/the-original-mr-fuzzy
67150,147743,/the-original-mr-fuzzy
67156,147752,/the-forever-love-bear
67158,147758,/the-original-mr-fuzzy
67157,147759,/the-original-mr-fuzzy
67162,147765,/the-original-mr-fuzzy
67164,147770,/the-original-mr-fuzzy
67168,147776,/the-forever-love-bear
67171,147790,/the-original-mr-fuzzy
67174,147793,/the-forever-love-bear
67172,147794,/the-original-mr-fuzzy
67179,147807,/the-original-mr-fuzzy
67181,147811,/the-original-mr-fuzzy
67182,147816,/the-forever-love-bear
67183,147818,/the-original-mr-fuzzy
67188,147828,/the-original-mr-fuzzy
67190,147832,/the-forever-love-bear
67194,147841,/the-original-mr-fuzzy
67197,147849,/the-original-mr-fuzzy
67200,147855,/the-original-mr-fuzzy
67202,147863,/the-original-mr-fuzzy
67201,147865,/the-original-mr-fuzzy
67206,147872,/the-original-mr-fuzzy
67207,147876,/the-forever-love-bear
67208,147882,/the-original-mr-fuzzy
67210,147886,/the-original-mr-fuzzy
67217,147900,/the-original-mr-fuzzy
67218,147904,/the-original-mr-fuzzy
67220,147910,/the-original-mr-fuzzy
67221,147914,/the-original-mr-fuzzy
67222,147920,/the-original-mr-fuzzy
67224,147926,/the-original-mr-fuzzy
67226,147929,/the-original-mr-fuzzy
67227,147935,/the-forever-love-bear
67230,147940,/the-original-mr-fuzzy
67233,147945,/the-original-mr-fuzzy
67235,147949,/the-original-mr-fuzzy
67239,147959,/the-original-mr-fuzzy
67243,147970,/the-original-mr-fuzzy
67245,147973,/the-original-mr-fuzzy
67242,147974,/the-forever-love-bear
67249,147981,/the-original-mr-fuzzy
67260,147997,/the-original-mr-fuzzy
67263,148002,/the-original-mr-fuzzy
67264,148007,/the-original-mr-fuzzy
67266,148015,/the-original-mr-fuzzy
67267,148019,/the-original-mr-fuzzy
67274,148028,/the-forever-love-bear
67276,148032,/the-forever-love-bear
67281,148041,/the-original-mr-fuzzy
67278,148042,/the-original-mr-fuzzy
67282,148047,/the-original-mr-fuzzy
67283,148051,/the-original-mr-fuzzy
67284,148057,/the-original-mr-fuzzy
67288,148060,/the-forever-love-bear
67285,148061,/the-forever-love-bear
67289,148067,/the-original-mr-fuzzy
67290,148068,/the-original-mr-fuzzy
67287,148070,/the-original-mr-fuzzy
67292,148087,/the-original-mr-fuzzy
67293,148090,/the-original-mr-fuzzy
67306,148113,/the-original-mr-fuzzy
67308,148116,/the-original-mr-fuzzy
67309,148117,/the-original-mr-fuzzy
67315,148125,/the-original-mr-fuzzy
67313,148131,/the-original-mr-fuzzy
67316,148136,/the-original-mr-fuzzy
67322,148142,/the-original-mr-fuzzy
67323,148150,/the-original-mr-fuzzy
67327,148157,/the-original-mr-fuzzy
67325,148158,/the-original-mr-fuzzy
67330,148160,/the-original-mr-fuzzy
67332,148170,/the-original-mr-fuzzy
67331,148174,/the-original-mr-fuzzy
67335,148178,/the-original-mr-fuzzy
67349,148197,/the-original-mr-fuzzy
67355,148211,/the-original-mr-fuzzy
67356,148212,/the-original-mr-fuzzy
67358,148216,/the-original-mr-fuzzy
67369,148235,/the-original-mr-fuzzy
67367,148236,/the-forever-love-bear
67368,148237,/the-forever-love-bear
67372,148252,/the-original-mr-fuzzy
67377,148255,/the-original-mr-fuzzy
67374,148258,/the-original-mr-fuzzy
67376,148260,/the-original-mr-fuzzy
67378,148266,/the-original-mr-fuzzy
67381,148276,/the-original-mr-fuzzy
67383,148279,/the-original-mr-fuzzy
67388,148288,/the-original-mr-fuzzy
67387,148290,/the-original-mr-fuzzy
67390,148296,/the-original-mr-fuzzy
67394,148312,/the-original-mr-fuzzy
67396,148313,/the-original-mr-fuzzy
67395,148314,/the-original-mr-fuzzy
67398,148318,/the-original-mr-fuzzy
67401,148327,/the-original-mr-fuzzy
67402,148331,/the-original-mr-fuzzy
67403,148334,/the-forever-love-bear
67404,148336,/the-original-mr-fuzzy
67407,148344,/the-original-mr-fuzzy
67408,148346,/the-original-mr-fuzzy
67413,148355,/the-original-mr-fuzzy
67415,148365,/the-original-mr-fuzzy
67417,148372,/the-original-mr-fuzzy
67419,148377,/the-original-mr-fuzzy
67422,148384,/the-original-mr-fuzzy
67423,148387,/the-original-mr-fuzzy
67424,148393,/the-original-mr-fuzzy
67427,148397,/the-original-mr-fuzzy
67431,148403,/the-forever-love-bear
67432,148406,/the-original-mr-fuzzy
67433,148411,/the-original-mr-fuzzy
67436,148416,/the-original-mr-fuzzy
67438,148421,/the-forever-love-bear
67439,148428,/the-original-mr-fuzzy
67444,148434,/the-original-mr-fuzzy
67443,148437,/the-original-mr-fuzzy
67451,148454,/the-original-mr-fuzzy
67456,148461,/the-original-mr-fuzzy
67458,148466,/the-original-mr-fuzzy
67459,148473,/the-original-mr-fuzzy
67463,148479,/the-original-mr-fuzzy
67465,148483,/the-forever-love-bear
67468,148489,/the-original-mr-fuzzy
67470,148496,/the-original-mr-fuzzy
67471,148500,/the-original-mr-fuzzy
67477,148510,/the-original-mr-fuzzy
67479,148514,/the-original-mr-fuzzy
67481,148518,/the-original-mr-fuzzy
67482,148521,/the-original-mr-fuzzy
67483,148524,/the-original-mr-fuzzy
67484,148532,/the-original-mr-fuzzy
67489,148539,/the-original-mr-fuzzy
67490,148541,/the-original-mr-fuzzy
67494,148549,/the-original-mr-fuzzy
67496,148560,/the-original-mr-fuzzy
67498,148564,/the-original-mr-fuzzy
67502,148575,/the-original-mr-fuzzy
67500,148576,/the-original-mr-fuzzy
67501,148577,/the-forever-love-bear
67508,148585,/the-forever-love-bear
67510,148594,/the-original-mr-fuzzy
67511,148596,/the-forever-love-bear
67513,148599,/the-original-mr-fuzzy
67515,148601,/the-original-mr-fuzzy
67512,148603,/the-original-mr-fuzzy
67517,148618,/the-original-mr-fuzzy
67518,148619,/the-original-mr-fuzzy
67524,148624,/the-original-mr-fuzzy
67527,148632,/the-original-mr-fuzzy
67530,148640,/the-forever-love-bear
67532,148642,/the-original-mr-fuzzy
67536,148651,/the-original-mr-fuzzy
67538,148656,/the-original-mr-fuzzy
67541,148662,/the-original-mr-fuzzy
67545,148668,/the-original-mr-fuzzy
67549,148677,/the-forever-love-bear
67552,148679,/the-forever-love-bear
67551,148682,/the-original-mr-fuzzy
67553,148687,/the-original-mr-fuzzy
67557,148689,/the-original-mr-fuzzy
67556,148694,/the-original-mr-fuzzy
67560,148705,/the-original-mr-fuzzy
67561,148706,/the-original-mr-fuzzy
67562,148707,/the-original-mr-fuzzy
67564,148716,/the-original-mr-fuzzy
67565,148722,/the-original-mr-fuzzy
67569,148730,/the-original-mr-fuzzy
67568,148731,/the-original-mr-fuzzy
67572,148739,/the-forever-love-bear
67571,148745,/the-original-mr-fuzzy
67574,148753,/the-original-mr-fuzzy
67580,148764,/the-forever-love-bear
67581,148765,/the-forever-love-bear
67587,148781,/the-original-mr-fuzzy
67590,148782,/the-forever-love-bear
67598,148796,/the-original-mr-fuzzy
67603,148809,/the-original-mr-fuzzy
67606,148815,/the-original-mr-fuzzy
67607,148819,/the-original-mr-fuzzy
67609,148823,/the-original-mr-fuzzy
67612,148829,/the-original-mr-fuzzy
67614,148833,/the-original-mr-fuzzy
67615,148836,/the-forever-love-bear
67616,148840,/the-original-mr-fuzzy
67618,148846,/the-original-mr-fuzzy
67619,148848,/the-original-mr-fuzzy
67620,148853,/the-original-mr-fuzzy
67623,148864,/the-original-mr-fuzzy
67626,148873,/the-original-mr-fuzzy
67630,148876,/the-original-mr-fuzzy
67633,148881,/the-original-mr-fuzzy
67635,148889,/the-original-mr-fuzzy
67636,148892,/the-original-mr-fuzzy
67637,148895,/the-original-mr-fuzzy
67651,148917,/the-original-mr-fuzzy
67655,148922,/the-original-mr-fuzzy
67656,148926,/the-original-mr-fuzzy
67657,148934,/the-original-mr-fuzzy
67658,148935,/the-original-mr-fuzzy
67660,148940,/the-original-mr-fuzzy
67661,148944,/the-forever-love-bear
67668,148953,/the-original-mr-fuzzy
67669,148957,/the-original-mr-fuzzy
67670,148963,/the-original-mr-fuzzy
67671,148969,/the-original-mr-fuzzy
67674,148972,/the-original-mr-fuzzy
67678,148980,/the-forever-love-bear
67682,148988,/the-original-mr-fuzzy
67684,148993,/the-original-mr-fuzzy
67683,148994,/the-original-mr-fuzzy
67685,149004,/the-original-mr-fuzzy
67686,149013,/the-forever-love-bear
67690,149017,/the-original-mr-fuzzy
67694,149024,/the-original-mr-fuzzy
67697,149033,/the-original-mr-fuzzy
67699,149038,/the-original-mr-fuzzy
67701,149048,/the-forever-love-bear
67705,149055,/the-original-mr-fuzzy
67706,149061,/the-original-mr-fuzzy
67709,149066,/the-original-mr-fuzzy
67713,149077,/the-original-mr-fuzzy
67714,149081,/the-original-mr-fuzzy
67715,149084,/the-original-mr-fuzzy
67716,149093,/the-original-mr-fuzzy
67718,149094,/the-original-mr-fuzzy
67720,149102,/the-original-mr-fuzzy
67723,149108,/the-original-mr-fuzzy
67725,149113,/the-original-mr-fuzzy
67731,149125,/the-original-mr-fuzzy
67738,149134,/the-original-mr-fuzzy
67741,149140,/the-original-mr-fuzzy
67743,149147,/the-original-mr-fuzzy
67745,149152,/the-original-mr-fuzzy
67746,149158,/the-original-mr-fuzzy
67749,149167,/the-original-mr-fuzzy
67752,149172,/the-original-mr-fuzzy
67753,149176,/the-original-mr-fuzzy
67754,149180,/the-original-mr-fuzzy
67755,149184,/the-original-mr-fuzzy
67759,149192,/the-original-mr-fuzzy
67762,149198,/the-original-mr-fuzzy
67760,149201,/the-original-mr-fuzzy
67764,149205,/the-original-mr-fuzzy
67763,149206,/the-original-mr-fuzzy
67766,149215,/the-original-mr-fuzzy
67769,149221,/the-forever-love-bear
67768,149222,/the-original-mr-fuzzy
67772,149227,/the-original-mr-fuzzy
67778,149235,/the-forever-love-bear
67785,149247,/the-original-mr-fuzzy
67786,149250,/the-original-mr-fuzzy
67787,149261,/the-forever-love-bear
67791,149269,/the-original-mr-fuzzy
67792,149272,/the-original-mr-fuzzy
67796,149278,/the-forever-love-bear
67798,149284,/the-forever-love-bear
67799,149290,/the-original-mr-fuzzy
67801,149295,/the-original-mr-fuzzy
67803,149303,/the-original-mr-fuzzy
67805,149312,/the-original-mr-fuzzy
67809,149322,/the-original-mr-fuzzy
67816,149333,/the-original-mr-fuzzy
67817,149336,/the-original-mr-fuzzy
67821,149343,/the-original-mr-fuzzy
67823,149347,/the-original-mr-fuzzy
67827,149357,/the-original-mr-fuzzy
67828,149360,/the-original-mr-fuzzy
67833,149372,/the-original-mr-fuzzy
67834,149375,/the-original-mr-fuzzy
67838,149381,/the-forever-love-bear
67837,149382,/the-original-mr-fuzzy
67840,149391,/the-original-mr-fuzzy
67841,149394,/the-original-mr-fuzzy
67846,149406,/the-original-mr-fuzzy
67848,149410,/the-original-mr-fuzzy
67849,149413,/the-original-mr-fuzzy
67852,149418,/the-original-mr-fuzzy
67857,149425,/the-original-mr-fuzzy
67858,149429,/the-original-mr-fuzzy
67860,149432,/the-original-mr-fuzzy
67862,149438,/the-original-mr-fuzzy
67866,149446,/the-original-mr-fuzzy
67867,149449,/the-original-mr-fuzzy
67870,149456,/the-original-mr-fuzzy
67872,149460,/the-original-mr-fuzzy
67873,149463,/the-original-mr-fuzzy
67875,149467,/the-original-mr-fuzzy
67878,149472,/the-original-mr-fuzzy
67882,149481,/the-original-mr-fuzzy
67886,149490,/the-original-mr-fuzzy
67890,149496,/the-original-mr-fuzzy
67891,149501,/the-original-mr-fuzzy
67892,149509,/the-forever-love-bear
67894,149513,/the-original-mr-fuzzy
67893,149516,/the-original-mr-fuzzy
67895,149520,/the-original-mr-fuzzy
67897,149524,/the-original-mr-fuzzy
67900,149530,/the-forever-love-bear
67901,149534,/the-original-mr-fuzzy
67902,149537,/the-original-mr-fuzzy
67904,149548,/the-original-mr-fuzzy
67905,149549,/the-original-mr-fuzzy
67906,149552,/the-forever-love-bear
67907,149560,/the-original-mr-fuzzy
67909,149561,/the-original-mr-fuzzy
67910,149565,/the-original-mr-fuzzy
67917,149575,/the-forever-love-bear
67924,149586,/the-original-mr-fuzzy
67926,149589,/the-original-mr-fuzzy
67928,149593,/the-original-mr-fuzzy
67932,149600,/the-original-mr-fuzzy
67933,149603,/the-original-mr-fuzzy
67936,149611,/the-original-mr-fuzzy
67937,149614,/the-original-mr-fuzzy
67939,149618,/the-original-mr-fuzzy
67948,149632,/the-original-mr-fuzzy
67951,149638,/the-original-mr-fuzzy
67955,149646,/the-original-mr-fuzzy
67956,149653,/the-original-mr-fuzzy
67957,149658,/the-original-mr-fuzzy
67969,149675,/the-original-mr-fuzzy
67971,149681,/the-original-mr-fuzzy
67973,149683,/the-original-mr-fuzzy
67975,149690,/the-original-mr-fuzzy
67974,149692,/the-original-mr-fuzzy
67982,149706,/the-original-mr-fuzzy
67983,149707,/the-original-mr-fuzzy
67987,149714,/the-original-mr-fuzzy
67989,149717,/the-original-mr-fuzzy
67991,149725,/the-original-mr-fuzzy
67990,149730,/the-original-mr-fuzzy
67993,149737,/the-original-mr-fuzzy
67994,149741,/the-forever-love-bear
68001,149752,/the-original-mr-fuzzy
68004,149757,/the-forever-love-bear
68005,149760,/the-original-mr-fuzzy
68006,149761,/the-original-mr-fuzzy
68007,149770,/the-original-mr-fuzzy
68008,149775,/the-original-mr-fuzzy
68020,149790,/the-original-mr-fuzzy
68019,149793,/the-original-mr-fuzzy
68025,149807,/the-original-mr-fuzzy
68032,149820,/the-original-mr-fuzzy
68033,149823,/the-original-mr-fuzzy
68035,149829,/the-original-mr-fuzzy
68041,149838,/the-original-mr-fuzzy
68044,149842,/the-original-mr-fuzzy
68047,149848,/the-original-mr-fuzzy
68048,149851,/the-forever-love-bear
68050,149865,/the-original-mr-fuzzy
68052,149867,/the-forever-love-bear
68051,149870,/the-original-mr-fuzzy
68058,149883,/the-original-mr-fuzzy
68064,149893,/the-original-mr-fuzzy
68066,149903,/the-original-mr-fuzzy
68067,149905,/the-forever-love-bear
68071,149913,/the-original-mr-fuzzy
68072,149914,/the-original-mr-fuzzy
68074,149921,/the-original-mr-fuzzy
68077,149924,/the-original-mr-fuzzy
68078,149931,/the-forever-love-bear
68079,149934,/the-forever-love-bear
68080,149936,/the-original-mr-fuzzy
68081,149950,/the-original-mr-fuzzy
68083,149955,/the-original-mr-fuzzy
68086,149963,/the-forever-love-bear
68087,149964,/the-forever-love-bear
68092,149974,/the-original-mr-fuzzy
68098,149981,/the-original-mr-fuzzy
68099,149984,/the-original-mr-fuzzy
68103,149996,/the-original-mr-fuzzy
68105,149999,/the-original-mr-fuzzy
68108,150006,/the-forever-love-bear
68111,150011,/the-original-mr-fuzzy
68117,150024,/the-original-mr-fuzzy
68121,150032,/the-original-mr-fuzzy
68123,150034,/the-original-mr-fuzzy
68126,150043,/the-original-mr-fuzzy
68131,150051,/the-original-mr-fuzzy
68132,150058,/the-original-mr-fuzzy
68134,150065,/the-original-mr-fuzzy
68135,150069,/the-original-mr-fuzzy
68137,150072,/the-original-mr-fuzzy
68138,150075,/the-original-mr-fuzzy
68140,150079,/the-original-mr-fuzzy
68142,150087,/the-original-mr-fuzzy
68143,150090,/the-original-mr-fuzzy
68146,150100,/the-original-mr-fuzzy
68147,150104,/the-original-mr-fuzzy
68149,150110,/the-forever-love-bear
68152,150116,/the-original-mr-fuzzy
68156,150126,/the-original-mr-fuzzy
68162,150133,/the-original-mr-fuzzy
68163,150140,/the-original-mr-fuzzy
68166,150144,/the-forever-love-bear
68167,150150,/the-original-mr-fuzzy
68169,150153,/the-forever-love-bear
68171,150157,/the-original-mr-fuzzy
68174,150166,/the-original-mr-fuzzy
68177,150167,/the-original-mr-fuzzy
68183,150180,/the-original-mr-fuzzy
68182,150182,/the-original-mr-fuzzy
68185,150185,/the-forever-love-bear
68191,150197,/the-original-mr-fuzzy
68193,150202,/the-original-mr-fuzzy
68196,150205,/the-original-mr-fuzzy
68202,150215,/the-original-mr-fuzzy
68201,150216,/the-original-mr-fuzzy
68206,150224,/the-original-mr-fuzzy
68207,150228,/the-original-mr-fuzzy
68214,150245,/the-forever-love-bear
68218,150248,/the-original-mr-fuzzy
68221,150255,/the-original-mr-fuzzy
68223,150263,/the-forever-love-bear
68225,150266,/the-forever-love-bear
68226,150267,/the-original-mr-fuzzy
68224,150268,/the-original-mr-fuzzy
68227,150270,/the-original-mr-fuzzy
68229,150276,/the-original-mr-fuzzy
68230,150281,/the-original-mr-fuzzy
68235,150291,/the-original-mr-fuzzy
68236,150292,/the-original-mr-fuzzy
68239,150299,/the-original-mr-fuzzy
68245,150312,/the-original-mr-fuzzy
68250,150317,/the-original-mr-fuzzy
68251,150325,/the-original-mr-fuzzy
68252,150327,/the-original-mr-fuzzy
68257,150334,/the-original-mr-fuzzy
68261,150344,/the-original-mr-fuzzy
68262,150347,/the-original-mr-fuzzy
68263,150350,/the-original-mr-fuzzy
68264,150352,/the-original-mr-fuzzy
68266,150360,/the-original-mr-fuzzy
68267,150362,/the-forever-love-bear
68270,150375,/the-forever-love-bear
68271,150378,/the-original-mr-fuzzy
68276,150389,/the-original-mr-fuzzy
68275,150390,/the-original-mr-fuzzy
68278,150398,/the-original-mr-fuzzy
68279,150400,/the-original-mr-fuzzy
68281,150405,/the-original-mr-fuzzy
68284,150410,/the-original-mr-fuzzy
68289,150423,/the-original-mr-fuzzy
68291,150428,/the-original-mr-fuzzy
68295,150441,/the-original-mr-fuzzy
68296,150442,/the-original-mr-fuzzy
68298,150443,/the-original-mr-fuzzy
68300,150447,/the-original-mr-fuzzy
68302,150452,/the-original-mr-fuzzy
68306,150460,/the-original-mr-fuzzy
68313,150470,/the-original-mr-fuzzy
68315,150472,/the-original-mr-fuzzy
68317,150479,/the-original-mr-fuzzy
68320,150485,/the-original-mr-fuzzy
68321,150488,/the-forever-love-bear
68326,150495,/the-original-mr-fuzzy
68331,150506,/the-original-mr-fuzzy
68333,150513,/the-original-mr-fuzzy
68336,150518,/the-original-mr-fuzzy
68341,150529,/the-original-mr-fuzzy
68342,150532,/the-original-mr-fuzzy
68345,150538,/the-original-mr-fuzzy
68346,150544,/the-original-mr-fuzzy
68349,150551,/the-original-mr-fuzzy
68350,150553,/the-forever-love-bear
68351,150556,/the-original-mr-fuzzy
68352,150559,/the-original-mr-fuzzy
68357,150571,/the-original-mr-fuzzy
68368,150587,/the-original-mr-fuzzy
68372,150592,/the-original-mr-fuzzy
68373,150596,/the-original-mr-fuzzy
68376,150601,/the-original-mr-fuzzy
68377,150604,/the-original-mr-fuzzy
68384,150616,/the-original-mr-fuzzy
68386,150619,/the-original-mr-fuzzy
68388,150623,/the-original-mr-fuzzy
68389,150628,/the-original-mr-fuzzy
68390,150629,/the-original-mr-fuzzy
68392,150637,/the-forever-love-bear
68396,150647,/the-original-mr-fuzzy
68395,150648,/the-original-mr-fuzzy
68397,150655,/the-original-mr-fuzzy
68401,150662,/the-original-mr-fuzzy
68402,150665,/the-forever-love-bear
68400,150667,/the-original-mr-fuzzy
68403,150675,/the-original-mr-fuzzy
68404,150680,/the-original-mr-fuzzy
68409,150691,/the-original-mr-fuzzy
68408,150693,/the-forever-love-bear
68410,150696,/the-forever-love-bear
68411,150697,/the-original-mr-fuzzy
68412,150706,/the-original-mr-fuzzy
68417,150723,/the-original-mr-fuzzy
68420,150724,/the-original-mr-fuzzy
68421,150733,/the-original-mr-fuzzy
68419,150734,/the-original-mr-fuzzy
68423,150743,/the-original-mr-fuzzy
68425,150747,/the-original-mr-fuzzy
68430,150761,/the-original-mr-fuzzy
68434,150762,/the-original-mr-fuzzy
68435,150767,/the-original-mr-fuzzy
68436,150771,/the-original-mr-fuzzy
68440,150778,/the-original-mr-fuzzy
68441,150782,/the-original-mr-fuzzy
68445,150790,/the-forever-love-bear
68449,150801,/the-original-mr-fuzzy
68450,150802,/the-original-mr-fuzzy
68451,150804,/the-original-mr-fuzzy
68452,150811,/the-forever-love-bear
68455,150814,/the-original-mr-fuzzy
68456,150815,/the-original-mr-fuzzy
68459,150825,/the-original-mr-fuzzy
68461,150832,/the-original-mr-fuzzy
68462,150834,/the-forever-love-bear
68465,150835,/the-original-mr-fuzzy
68474,150853,/the-original-mr-fuzzy
68478,150860,/the-original-mr-fuzzy
68481,150868,/the-original-mr-fuzzy
68482,150870,/the-original-mr-fuzzy
68486,150881,/the-original-mr-fuzzy
68489,150888,/the-original-mr-fuzzy
68487,150890,/the-original-mr-fuzzy
68491,150892,/the-original-mr-fuzzy
68492,150895,/the-original-mr-fuzzy
68493,150899,/the-original-mr-fuzzy
68494,150904,/the-original-mr-fuzzy
68496,150909,/the-original-mr-fuzzy
68497,150915,/the-original-mr-fuzzy
68499,150917,/the-original-mr-fuzzy
68503,150929,/the-original-mr-fuzzy
68505,150936,/the-original-mr-fuzzy
68508,150937,/the-original-mr-fuzzy
68509,150943,/the-forever-love-bear
68510,150945,/the-original-mr-fuzzy
68512,150955,/the-original-mr-fuzzy
68513,150957,/the-original-mr-fuzzy
68516,150960,/the-original-mr-fuzzy
68518,150962,/the-original-mr-fuzzy
68521,150971,/the-original-mr-fuzzy
68523,150975,/the-original-mr-fuzzy
68527,150982,/the-original-mr-fuzzy
68533,150998,/the-original-mr-fuzzy
68537,151002,/the-original-mr-fuzzy
68540,151007,/the-original-mr-fuzzy
68542,151017,/the-original-mr-fuzzy
68546,151020,/the-original-mr-fuzzy
68543,151022,/the-original-mr-fuzzy
68545,151023,/the-original-mr-fuzzy
68549,151034,/the-original-mr-fuzzy
68554,151044,/the-original-mr-fuzzy
68555,151049,/the-original-mr-fuzzy
68557,151052,/the-original-mr-fuzzy
68558,151058,/the-original-mr-fuzzy
68559,151064,/the-original-mr-fuzzy
68561,151065,/the-original-mr-fuzzy
68563,151076,/the-original-mr-fuzzy
68566,151081,/the-original-mr-fuzzy
68569,151086,/the-forever-love-bear
68571,151089,/the-forever-love-bear
68570,151090,/the-original-mr-fuzzy
68575,151102,/the-original-mr-fuzzy
68576,151104,/the-forever-love-bear
68580,151110,/the-original-mr-fuzzy
68582,151118,/the-original-mr-fuzzy
68583,151120,/the-original-mr-fuzzy
68587,151124,/the-forever-love-bear
68588,151127,/the-original-mr-fuzzy
68590,151133,/the-original-mr-fuzzy
68593,151140,/the-original-mr-fuzzy
68594,151142,/the-original-mr-fuzzy
68595,151149,/the-original-mr-fuzzy
68596,151150,/the-original-mr-fuzzy
68599,151158,/the-original-mr-fuzzy
68601,151161,/the-original-mr-fuzzy
68602,151169,/the-original-mr-fuzzy
68603,151170,/the-original-mr-fuzzy
68605,151174,/the-original-mr-fuzzy
68608,151180,/the-original-mr-fuzzy
68609,151183,/the-original-mr-fuzzy
68611,151188,/the-original-mr-fuzzy
68613,151193,/the-original-mr-fuzzy
68615,151195,/the-original-mr-fuzzy
68617,151202,/the-original-mr-fuzzy
68618,151203,/the-original-mr-fuzzy
68620,151207,/the-original-mr-fuzzy
68628,151220,/the-forever-love-bear
68626,151221,/the-original-mr-fuzzy
68629,151224,/the-original-mr-fuzzy
68630,151229,/the-original-mr-fuzzy
68633,151235,/the-original-mr-fuzzy
68632,151236,/the-original-mr-fuzzy
68634,151246,/the-original-mr-fuzzy
68638,151252,/the-original-mr-fuzzy
68641,151263,/the-original-mr-fuzzy
68642,151264,/the-original-mr-fuzzy
68643,151267,/the-original-mr-fuzzy
68644,151273,/the-original-mr-fuzzy
68646,151280,/the-original-mr-fuzzy
68647,151282,/the-original-mr-fuzzy
68649,151287,/the-original-mr-fuzzy
68651,151293,/the-original-mr-fuzzy
68654,151297,/the-original-mr-fuzzy
68656,151301,/the-original-mr-fuzzy
68665,151317,/the-original-mr-fuzzy
68664,151320,/the-original-mr-fuzzy
68669,151327,/the-original-mr-fuzzy
68674,151332,/the-original-mr-fuzzy
68677,151343,/the-original-mr-fuzzy
68683,151349,/the-original-mr-fuzzy
68689,151360,/the-forever-love-bear
68695,151369,/the-original-mr-fuzzy
68696,151373,/the-original-mr-fuzzy
68698,151381,/the-original-mr-fuzzy
68700,151388,/the-original-mr-fuzzy
68703,151392,/the-original-mr-fuzzy
68705,151399,/the-original-mr-fuzzy
68708,151404,/the-original-mr-fuzzy
68711,151408,/the-original-mr-fuzzy
68712,151410,/the-forever-love-bear
68713,151416,/the-original-mr-fuzzy
68716,151421,/the-original-mr-fuzzy
68719,151427,/the-forever-love-bear
68717,151430,/the-original-mr-fuzzy
68721,151434,/the-original-mr-fuzzy
68718,151435,/the-original-mr-fuzzy
68724,151442,/the-original-mr-fuzzy
68728,151450,/the-original-mr-fuzzy
68727,151451,/the-original-mr-fuzzy
68731,151455,/the-original-mr-fuzzy
68730,151458,/the-forever-love-bear
68733,151463,/the-original-mr-fuzzy
68732,151468,/the-original-mr-fuzzy
68734,151473,/the-original-mr-fuzzy
68736,151481,/the-forever-love-bear
68737,151482,/the-original-mr-fuzzy
68745,151493,/the-forever-love-bear
68750,151500,/the-original-mr-fuzzy
68747,151502,/the-original-mr-fuzzy
68751,151506,/the-original-mr-fuzzy
68752,151509,/the-original-mr-fuzzy
68753,151516,/the-original-mr-fuzzy
68763,151536,/the-original-mr-fuzzy
68766,151538,/the-original-mr-fuzzy
68771,151554,/the-original-mr-fuzzy
68769,151556,/the-original-mr-fuzzy
68776,151562,/the-original-mr-fuzzy
68779,151571,/the-original-mr-fuzzy
68781,151572,/the-forever-love-bear
68783,151581,/the-original-mr-fuzzy
68786,151586,/the-original-mr-fuzzy
68789,151593,/the-original-mr-fuzzy
68790,151595,/the-original-mr-fuzzy
68791,151600,/the-original-mr-fuzzy
68792,151601,/the-original-mr-fuzzy
68794,151610,/the-original-mr-fuzzy
68798,151619,/the-original-mr-fuzzy
68797,151620,/the-forever-love-bear
68800,151625,/the-original-mr-fuzzy
68802,151629,/the-forever-love-bear
68803,151633,/the-forever-love-bear
68807,151644,/the-original-mr-fuzzy
68810,151655,/the-original-mr-fuzzy
68811,151656,/the-forever-love-bear
68812,151659,/the-original-mr-fuzzy
68815,151669,/the-original-mr-fuzzy
68817,151670,/the-original-mr-fuzzy
68822,151684,/the-original-mr-fuzzy
68826,151688,/the-original-mr-fuzzy
68827,151694,/the-original-mr-fuzzy
68830,151706,/the-forever-love-bear
68832,151711,/the-original-mr-fuzzy
68835,151715,/the-forever-love-bear
68840,151724,/the-original-mr-fuzzy
68842,151729,/the-original-mr-fuzzy
68843,151733,/the-original-mr-fuzzy
68845,151736,/the-forever-love-bear
68844,151737,/the-original-mr-fuzzy
68847,151741,/the-original-mr-fuzzy
68849,151751,/the-original-mr-fuzzy
68850,151752,/the-original-mr-fuzzy
68851,151759,/the-original-mr-fuzzy
68852,151764,/the-original-mr-fuzzy
68856,151773,/the-forever-love-bear
68855,151774,/the-original-mr-fuzzy
68858,151776,/the-original-mr-fuzzy
68862,151782,/the-original-mr-fuzzy
68864,151786,/the-original-mr-fuzzy
68865,151789,/the-original-mr-fuzzy
68867,151794,/the-original-mr-fuzzy
68868,151796,/the-original-mr-fuzzy
68869,151802,/the-original-mr-fuzzy
68870,151803,/the-original-mr-fuzzy
68872,151810,/the-original-mr-fuzzy
68876,151820,/the-original-mr-fuzzy
68880,151825,/the-forever-love-bear
68886,151835,/the-original-mr-fuzzy
68889,151841,/the-original-mr-fuzzy
68894,151850,/the-original-mr-fuzzy
68895,151853,/the-original-mr-fuzzy
68897,151859,/the-original-mr-fuzzy
68899,151863,/the-original-mr-fuzzy
68907,151875,/the-original-mr-fuzzy
68913,151890,/the-original-mr-fuzzy
68911,151891,/the-original-mr-fuzzy
68915,151898,/the-original-mr-fuzzy
68916,151904,/the-original-mr-fuzzy
68917,151909,/the-original-mr-fuzzy
68924,151920,/the-original-mr-fuzzy
68926,151929,/the-original-mr-fuzzy
68927,151931,/the-forever-love-bear
68930,151945,/the-forever-love-bear
68939,151960,/the-original-mr-fuzzy
68937,151961,/the-original-mr-fuzzy
68942,151970,/the-original-mr-fuzzy
68943,151971,/the-original-mr-fuzzy
68946,151974,/the-original-mr-fuzzy
68950,151980,/the-original-mr-fuzzy
68951,151983,/the-original-mr-fuzzy
68953,151988,/the-original-mr-fuzzy
68956,151999,/the-forever-love-bear
68965,152014,/the-original-mr-fuzzy
68968,152016,/the-original-mr-fuzzy
68969,152020,/the-original-mr-fuzzy
68972,152026,/the-original-mr-fuzzy
68973,152030,/the-original-mr-fuzzy
68975,152033,/the-original-mr-fuzzy
68977,152037,/the-original-mr-fuzzy
68980,152042,/the-original-mr-fuzzy
68981,152045,/the-original-mr-fuzzy
68987,152060,/the-original-mr-fuzzy
68988,152061,/the-original-mr-fuzzy
68995,152071,/the-original-mr-fuzzy
68998,152078,/the-forever-love-bear
69001,152082,/the-original-mr-fuzzy
69002,152086,/the-original-mr-fuzzy
69005,152096,/the-original-mr-fuzzy
69007,152100,/the-original-mr-fuzzy
69008,152106,/the-original-mr-fuzzy
69009,152113,/the-forever-love-bear
69011,152118,/the-original-mr-fuzzy
69010,152119,/the-original-mr-fuzzy
69012,152126,/the-original-mr-fuzzy
69015,152131,/the-original-mr-fuzzy
69013,152134,/the-original-mr-fuzzy
69018,152138,/the-original-mr-fuzzy
69023,152150,/the-original-mr-fuzzy
69027,152154,/the-original-mr-fuzzy
69028,152159,/the-original-mr-fuzzy
69029,152163,/the-original-mr-fuzzy
69033,152175,/the-original-mr-fuzzy
69036,152183,/the-original-mr-fuzzy
69037,152186,/the-original-mr-fuzzy
69039,152193,/the-original-mr-fuzzy
69042,152199,/the-original-mr-fuzzy
69048,152210,/the-original-mr-fuzzy
69049,152214,/the-forever-love-bear
69053,152224,/the-original-mr-fuzzy
69055,152233,/the-original-mr-fuzzy
69057,152238,/the-original-mr-fuzzy
69059,152248,/the-forever-love-bear
69060,152251,/the-original-mr-fuzzy
69063,152256,/the-original-mr-fuzzy
69065,152260,/the-original-mr-fuzzy
69066,152266,/the-original-mr-fuzzy
69072,152275,/the-forever-love-bear
69074,152279,/the-original-mr-fuzzy
69075,152282,/the-original-mr-fuzzy
69077,152286,/the-original-mr-fuzzy
69078,152293,/the-forever-love-bear
69079,152299,/the-original-mr-fuzzy
69081,152303,/the-original-mr-fuzzy
69083,152310,/the-original-mr-fuzzy
69086,152321,/the-original-mr-fuzzy
69087,152322,/the-original-mr-fuzzy
69088,152328,/the-original-mr-fuzzy
69095,152336,/the-forever-love-bear
69101,152345,/the-original-mr-fuzzy
69102,152349,/the-forever-love-bear
69106,152358,/the-original-mr-fuzzy
69110,152362,/the-forever-love-bear
69112,152367,/the-original-mr-fuzzy
69118,152374,/the-original-mr-fuzzy
69119,152379,/the-original-mr-fuzzy
69120,152383,/the-original-mr-fuzzy
69123,152391,/the-original-mr-fuzzy
69129,152399,/the-original-mr-fuzzy
69130,152403,/the-original-mr-fuzzy
69135,152413,/the-original-mr-fuzzy
69139,152419,/the-original-mr-fuzzy
69142,152424,/the-original-mr-fuzzy
69144,152428,/the-original-mr-fuzzy
69146,152435,/the-forever-love-bear
69151,152444,/the-original-mr-fuzzy
69154,152449,/the-original-mr-fuzzy
69157,152459,/the-original-mr-fuzzy
69156,152460,/the-forever-love-bear
69160,152475,/the-original-mr-fuzzy
69162,152477,/the-original-mr-fuzzy
69169,152488,/the-original-mr-fuzzy
69171,152493,/the-original-mr-fuzzy
69174,152497,/the-original-mr-fuzzy
69175,152503,/the-original-mr-fuzzy
69179,152508,/the-original-mr-fuzzy
69183,152515,/the-forever-love-bear
69185,152519,/the-original-mr-fuzzy
69188,152524,/the-forever-love-bear
69189,152527,/the-original-mr-fuzzy
69191,152533,/the-original-mr-fuzzy
69192,152540,/the-forever-love-bear
69202,152554,/the-original-mr-fuzzy
69201,152555,/the-original-mr-fuzzy
69205,152563,/the-original-mr-fuzzy
69208,152567,/the-original-mr-fuzzy
69209,152571,/the-original-mr-fuzzy
69211,152574,/the-original-mr-fuzzy
69212,152582,/the-forever-love-bear
69215,152586,/the-original-mr-fuzzy
69222,152595,/the-original-mr-fuzzy
69224,152600,/the-original-mr-fuzzy
69226,152606,/the-original-mr-fuzzy
69228,152611,/the-original-mr-fuzzy
69231,152617,/the-original-mr-fuzzy
69236,152626,/the-original-mr-fuzzy
69239,152638,/the-original-mr-fuzzy
69243,152646,/the-original-mr-fuzzy
69244,152648,/the-original-mr-fuzzy
69246,152656,/the-original-mr-fuzzy
69249,152661,/the-original-mr-fuzzy
69252,152670,/the-original-mr-fuzzy
69253,152673,/the-original-mr-fuzzy
69257,152679,/the-original-mr-fuzzy
69258,152688,/the-forever-love-bear
69262,152695,/the-forever-love-bear
69264,152704,/the-original-mr-fuzzy
69267,152710,/the-original-mr-fuzzy
69268,152712,/the-original-mr-fuzzy
69271,152721,/the-original-mr-fuzzy
69274,152727,/the-original-mr-fuzzy
69277,152734,/the-forever-love-bear
69280,152743,/the-original-mr-fuzzy
69279,152746,/the-original-mr-fuzzy
69285,152759,/the-original-mr-fuzzy
69290,152772,/the-original-mr-fuzzy
69291,152773,/the-original-mr-fuzzy
69293,152781,/the-original-mr-fuzzy
69296,152786,/the-original-mr-fuzzy
69300,152796,/the-original-mr-fuzzy
69301,152803,/the-original-mr-fuzzy
69307,152813,/the-original-mr-fuzzy
69313,152824,/the-original-mr-fuzzy
69314,152826,/the-forever-love-bear
69315,152834,/the-original-mr-fuzzy
69319,152839,/the-original-mr-fuzzy
69321,152843,/the-original-mr-fuzzy
69323,152847,/the-original-mr-fuzzy
69326,152853,/the-original-mr-fuzzy
69329,152859,/the-original-mr-fuzzy
69330,152865,/the-original-mr-fuzzy
69332,152870,/the-original-mr-fuzzy
69334,152875,/the-original-mr-fuzzy
69337,152881,/the-original-mr-fuzzy
69336,152882,/the-original-mr-fuzzy
69341,152893,/the-original-mr-fuzzy
69342,152899,/the-original-mr-fuzzy
69348,152907,/the-original-mr-fuzzy
69349,152913,/the-original-mr-fuzzy
69359,152929,/the-original-mr-fuzzy
69360,152931,/the-original-mr-fuzzy
69367,152944,/the-original-mr-fuzzy
69372,152955,/the-original-mr-fuzzy
69373,152958,/the-original-mr-fuzzy
69374,152963,/the-original-mr-fuzzy
69376,152967,/the-original-mr-fuzzy
69377,152975,/the-original-mr-fuzzy
69379,152976,/the-original-mr-fuzzy
69382,152982,/the-original-mr-fuzzy
69392,152997,/the-forever-love-bear
69390,152999,/the-original-mr-fuzzy
69387,153003,/the-original-mr-fuzzy
69397,153022,/the-forever-love-bear
69398,153027,/the-original-mr-fuzzy
69402,153033,/the-original-mr-fuzzy
69404,153039,/the-original-mr-fuzzy
69403,153040,/the-original-mr-fuzzy
69406,153046,/the-original-mr-fuzzy
69411,153053,/the-original-mr-fuzzy
69413,153056,/the-original-mr-fuzzy
69414,153059,/the-original-mr-fuzzy
69416,153065,/the-original-mr-fuzzy
69419,153081,/the-original-mr-fuzzy
69421,153083,/the-original-mr-fuzzy
69422,153085,/the-original-mr-fuzzy
69430,153099,/the-original-mr-fuzzy
69434,153111,/the-original-mr-fuzzy
69440,153118,/the-original-mr-fuzzy
69442,153123,/the-original-mr-fuzzy
69444,153127,/the-original-mr-fuzzy
69447,153131,/the-original-mr-fuzzy
69448,153138,/the-original-mr-fuzzy
69449,153144,/the-original-mr-fuzzy
69452,153153,/the-original-mr-fuzzy
69456,153158,/the-original-mr-fuzzy
69459,153167,/the-original-mr-fuzzy
69460,153170,/the-original-mr-fuzzy
69461,153171,/the-forever-love-bear
69462,153174,/the-original-mr-fuzzy
69463,153177,/the-original-mr-fuzzy
69464,153183,/the-original-mr-fuzzy
69470,153192,/the-original-mr-fuzzy
69471,153195,/the-original-mr-fuzzy
69473,153200,/the-original-mr-fuzzy
69474,153205,/the-original-mr-fuzzy
69476,153208,/the-original-mr-fuzzy
69480,153216,/the-original-mr-fuzzy
69484,153228,/the-original-mr-fuzzy
69483,153229,/the-original-mr-fuzzy
69491,153243,/the-forever-love-bear
69493,153249,/the-original-mr-fuzzy
69497,153256,/the-original-mr-fuzzy
69495,153258,/the-original-mr-fuzzy
69498,153264,/the-original-mr-fuzzy
69501,153268,/the-original-mr-fuzzy
69503,153272,/the-original-mr-fuzzy
69506,153283,/the-original-mr-fuzzy
69513,153294,/the-original-mr-fuzzy
69515,153300,/the-forever-love-bear
69518,153309,/the-original-mr-fuzzy
69520,153314,/the-original-mr-fuzzy
69523,153322,/the-forever-love-bear
69529,153336,/the-original-mr-fuzzy
69530,153340,/the-original-mr-fuzzy
69531,153342,/the-forever-love-bear
69533,153349,/the-original-mr-fuzzy
69538,153361,/the-original-mr-fuzzy
69537,153362,/the-original-mr-fuzzy
69541,153369,/the-original-mr-fuzzy
69544,153378,/the-original-mr-fuzzy
69546,153380,/the-original-mr-fuzzy
69548,153387,/the-forever-love-bear
69549,153389,/the-forever-love-bear
69551,153396,/the-original-mr-fuzzy
69554,153406,/the-forever-love-bear
69555,153409,/the-original-mr-fuzzy
69556,153410,/the-original-mr-fuzzy
69557,153414,/the-original-mr-fuzzy
69558,153421,/the-original-mr-fuzzy
69566,153434,/the-original-mr-fuzzy
69576,153449,/the-original-mr-fuzzy
69575,153450,/the-original-mr-fuzzy
69578,153456,/the-forever-love-bear
69584,153465,/the-original-mr-fuzzy
69583,153468,/the-original-mr-fuzzy
69581,153469,/the-original-mr-fuzzy
69582,153470,/the-original-mr-fuzzy
69588,153479,/the-forever-love-bear
69592,153485,/the-original-mr-fuzzy
69594,153489,/the-original-mr-fuzzy
69595,153492,/the-forever-love-bear
69596,153502,/the-forever-love-bear
69599,153506,/the-original-mr-fuzzy
69603,153515,/the-original-mr-fuzzy
69606,153523,/the-original-mr-fuzzy
69608,153525,/the-original-mr-fuzzy
69605,153526,/the-original-mr-fuzzy
69609,153528,/the-original-mr-fuzzy
69610,153537,/the-original-mr-fuzzy
69611,153543,/the-original-mr-fuzzy
69612,153545,/the-original-mr-fuzzy
69615,153549,/the-original-mr-fuzzy
69617,153554,/the-original-mr-fuzzy
69618,153556,/the-original-mr-fuzzy
69623,153565,/the-original-mr-fuzzy
69624,153572,/the-forever-love-bear
69625,153579,/the-original-mr-fuzzy
69626,153586,/the-original-mr-fuzzy
69631,153592,/the-original-mr-fuzzy
69634,153609,/the-original-mr-fuzzy
69635,153610,/the-original-mr-fuzzy
69639,153614,/the-original-mr-fuzzy
69641,153622,/the-original-mr-fuzzy
69648,153633,/the-original-mr-fuzzy
69649,153637,/the-original-mr-fuzzy
69657,153649,/the-original-mr-fuzzy
69656,153650,/the-forever-love-bear
69658,153651,/the-original-mr-fuzzy
69663,153660,/the-original-mr-fuzzy
69664,153664,/the-original-mr-fuzzy
69665,153665,/the-original-mr-fuzzy
69673,153677,/the-original-mr-fuzzy
69674,153681,/the-original-mr-fuzzy
69678,153692,/the-original-mr-fuzzy
69679,153696,/the-original-mr-fuzzy
69682,153700,/the-original-mr-fuzzy
69683,153702,/the-original-mr-fuzzy
69686,153708,/the-original-mr-fuzzy
69688,153716,/the-original-mr-fuzzy
69692,153723,/the-forever-love-bear
69694,153729,/the-original-mr-fuzzy
69695,153733,/the-original-mr-fuzzy
69699,153738,/the-original-mr-fuzzy
69703,153745,/the-original-mr-fuzzy
69705,153750,/the-original-mr-fuzzy
69711,153760,/the-original-mr-fuzzy
69714,153765,/the-original-mr-fuzzy
69717,153771,/the-original-mr-fuzzy
69716,153773,/the-original-mr-fuzzy
69719,153777,/the-original-mr-fuzzy
69722,153783,/the-original-mr-fuzzy
69726,153792,/the-original-mr-fuzzy
69727,153793,/the-original-mr-fuzzy
69731,153800,/the-original-mr-fuzzy
69735,153807,/the-original-mr-fuzzy
69736,153810,/the-original-mr-fuzzy
69740,153818,/the-original-mr-fuzzy
69742,153824,/the-original-mr-fuzzy
69743,153829,/the-original-mr-fuzzy
69748,153839,/the-original-mr-fuzzy
69752,153847,/the-original-mr-fuzzy
69753,153851,/the-original-mr-fuzzy
69754,153856,/the-original-mr-fuzzy
69755,153860,/the-forever-love-bear
69756,153863,/the-original-mr-fuzzy
69758,153868,/the-original-mr-fuzzy
69760,153873,/the-original-mr-fuzzy
69764,153879,/the-original-mr-fuzzy
69767,153888,/the-original-mr-fuzzy
69766,153889,/the-original-mr-fuzzy
69774,153901,/the-original-mr-fuzzy
69777,153908,/the-forever-love-bear
69778,153911,/the-original-mr-fuzzy
69785,153924,/the-original-mr-fuzzy
69788,153928,/the-original-mr-fuzzy
69792,153937,/the-forever-love-bear
69797,153948,/the-original-mr-fuzzy
69799,153956,/the-original-mr-fuzzy
69801,153962,/the-original-mr-fuzzy
69806,153972,/the-original-mr-fuzzy
69807,153974,/the-original-mr-fuzzy
69812,153980,/the-original-mr-fuzzy
69813,153985,/the-original-mr-fuzzy
69815,153991,/the-original-mr-fuzzy
69819,153999,/the-original-mr-fuzzy
69823,154007,/the-original-mr-fuzzy
69824,154011,/the-original-mr-fuzzy
69826,154019,/the-original-mr-fuzzy
69827,154020,/the-original-mr-fuzzy
69831,154031,/the-original-mr-fuzzy
69836,154039,/the-original-mr-fuzzy
69844,154060,/the-original-mr-fuzzy
69847,154064,/the-original-mr-fuzzy
69846,154065,/the-original-mr-fuzzy
69848,154066,/the-original-mr-fuzzy
69843,154067,/the-original-mr-fuzzy
69849,154068,/the-original-mr-fuzzy
69851,154082,/the-original-mr-fuzzy
69850,154084,/the-original-mr-fuzzy
69854,154088,/the-original-mr-fuzzy
69857,154096,/the-original-mr-fuzzy
69859,154098,/the-original-mr-fuzzy
69856,154100,/the-forever-love-bear
69860,154108,/the-original-mr-fuzzy
69866,154116,/the-original-mr-fuzzy
69867,154120,/the-original-mr-fuzzy
69872,154130,/the-forever-love-bear
69874,154133,/the-original-mr-fuzzy
69878,154142,/the-original-mr-fuzzy
69881,154149,/the-original-mr-fuzzy
69891,154164,/the-original-mr-fuzzy
69892,154167,/the-original-mr-fuzzy
69894,154178,/the-original-mr-fuzzy
69895,154183,/the-original-mr-fuzzy
69897,154187,/the-original-mr-fuzzy
69901,154194,/the-original-mr-fuzzy
69904,154202,/the-forever-love-bear
69905,154206,/the-original-mr-fuzzy
69906,154208,/the-original-mr-fuzzy
69908,154218,/the-original-mr-fuzzy
69909,154221,/the-original-mr-fuzzy
69911,154223,/the-original-mr-fuzzy
69912,154225,/the-forever-love-bear
69917,154238,/the-original-mr-fuzzy
69921,154244,/the-original-mr-fuzzy
69931,154262,/the-original-mr-fuzzy
69934,154268,/the-original-mr-fuzzy
69935,154273,/the-original-mr-fuzzy
69938,154282,/the-original-mr-fuzzy
69939,154285,/the-original-mr-fuzzy
69941,154291,/the-original-mr-fuzzy
69944,154298,/the-forever-love-bear
69945,154301,/the-original-mr-fuzzy
69947,154306,/the-original-mr-fuzzy
69950,154310,/the-original-mr-fuzzy
69951,154313,/the-original-mr-fuzzy
69952,154318,/the-forever-love-bear
69955,154325,/the-forever-love-bear
69956,154330,/the-original-mr-fuzzy
69958,154333,/the-original-mr-fuzzy
69962,154339,/the-original-mr-fuzzy
69964,154345,/the-original-mr-fuzzy
69965,154347,/the-original-mr-fuzzy
69966,154353,/the-original-mr-fuzzy
69967,154357,/the-original-mr-fuzzy
69968,154363,/the-original-mr-fuzzy
69970,154368,/the-original-mr-fuzzy
69972,154373,/the-original-mr-fuzzy
69974,154378,/the-original-mr-fuzzy
69978,154387,/the-forever-love-bear
69980,154394,/the-original-mr-fuzzy
69981,154396,/the-original-mr-fuzzy
69984,154402,/the-forever-love-bear
69985,154405,/the-original-mr-fuzzy
69987,154414,/the-original-mr-fuzzy
69986,154415,/the-original-mr-fuzzy
69988,154423,/the-original-mr-fuzzy
69989,154429,/the-original-mr-fuzzy
69992,154439,/the-original-mr-fuzzy
69993,154443,/the-forever-love-bear
69994,154450,/the-original-mr-fuzzy
69995,154453,/the-original-mr-fuzzy
69996,154456,/the-original-mr-fuzzy
70003,154473,/the-original-mr-fuzzy
70004,154474,/the-original-mr-fuzzy
70005,154478,/the-original-mr-fuzzy
70008,154486,/the-original-mr-fuzzy
70010,154490,/the-forever-love-bear
70013,154495,/the-original-mr-fuzzy
70016,154501,/the-original-mr-fuzzy
70015,154502,/the-original-mr-fuzzy
70017,154514,/the-original-mr-fuzzy
70018,154518,/the-original-mr-fuzzy
70019,154523,/the-original-mr-fuzzy
70021,154532,/the-original-mr-fuzzy
70022,154539,/the-forever-love-bear
70024,154542,/the-forever-love-bear
70025,154545,/the-original-mr-fuzzy
70027,154555,/the-forever-love-bear
70028,154556,/the-original-mr-fuzzy
70029,154565,/the-original-mr-fuzzy
70030,154567,/the-original-mr-fuzzy
70031,154577,/the-original-mr-fuzzy
70033,154580,/the-original-mr-fuzzy
70034,154581,/the-original-mr-fuzzy
70035,154595,/the-forever-love-bear
70036,154599,/the-original-mr-fuzzy
70037,154600,/the-original-mr-fuzzy
70044,154612,/the-original-mr-fuzzy
70045,154616,/the-forever-love-bear
70047,154619,/the-original-mr-fuzzy
70048,154623,/the-original-mr-fuzzy
70049,154627,/the-original-mr-fuzzy
70052,154634,/the-original-mr-fuzzy
70054,154639,/the-original-mr-fuzzy
70056,154641,/the-original-mr-fuzzy
70058,154647,/the-original-mr-fuzzy
70059,154650,/the-original-mr-fuzzy
70064,154657,/the-original-mr-fuzzy
70071,154670,/the-original-mr-fuzzy
70070,154671,/the-original-mr-fuzzy
70073,154681,/the-original-mr-fuzzy
70077,154687,/the-forever-love-bear
70079,154690,/the-original-mr-fuzzy
70078,154693,/the-original-mr-fuzzy
70080,154700,/the-original-mr-fuzzy
70083,154706,/the-original-mr-fuzzy
70085,154717,/the-original-mr-fuzzy
70092,154725,/the-original-mr-fuzzy
70091,154727,/the-original-mr-fuzzy
70094,154732,/the-original-mr-fuzzy
70096,154736,/the-original-mr-fuzzy
70098,154742,/the-original-mr-fuzzy
70097,154743,/the-original-mr-fuzzy
70100,154745,/the-original-mr-fuzzy
70104,154754,/the-original-mr-fuzzy
70112,154766,/the-original-mr-fuzzy
70110,154768,/the-original-mr-fuzzy
70113,154771,/the-original-mr-fuzzy
70115,154778,/the-forever-love-bear
70120,154791,/the-original-mr-fuzzy
70123,154796,/the-original-mr-fuzzy
70126,154801,/the-original-mr-fuzzy
70130,154811,/the-original-mr-fuzzy
70131,154813,/the-original-mr-fuzzy
70132,154817,/the-original-mr-fuzzy
70134,154820,/the-original-mr-fuzzy
70136,154831,/the-original-mr-fuzzy
70140,154832,/the-original-mr-fuzzy
70141,154840,/the-original-mr-fuzzy
70142,154841,/the-original-mr-fuzzy
70144,154846,/the-original-mr-fuzzy
70143,154847,/the-original-mr-fuzzy
70145,154856,/the-original-mr-fuzzy
70147,154860,/the-original-mr-fuzzy
70150,154871,/the-original-mr-fuzzy
70155,154878,/the-original-mr-fuzzy
70169,154899,/the-original-mr-fuzzy
70174,154909,/the-forever-love-bear
70177,154918,/the-original-mr-fuzzy
70178,154919,/the-original-mr-fuzzy
70184,154930,/the-original-mr-fuzzy
70186,154932,/the-forever-love-bear
70187,154933,/the-original-mr-fuzzy
70188,154938,/the-original-mr-fuzzy
70190,154948,/the-forever-love-bear
70191,154954,/the-original-mr-fuzzy
70195,154962,/the-original-mr-fuzzy
70201,154973,/the-original-mr-fuzzy
70205,154979,/the-original-mr-fuzzy
70209,154993,/the-original-mr-fuzzy
70211,154996,/the-original-mr-fuzzy
70214,155001,/the-original-mr-fuzzy
70215,155005,/the-original-mr-fuzzy
70219,155016,/the-original-mr-fuzzy
70222,155021,/the-original-mr-fuzzy
70223,155024,/the-original-mr-fuzzy
70226,155030,/the-original-mr-fuzzy
70227,155034,/the-original-mr-fuzzy
70233,155046,/the-original-mr-fuzzy
70235,155047,/the-original-mr-fuzzy
70240,155054,/the-original-mr-fuzzy
70243,155061,/the-original-mr-fuzzy
70246,155068,/the-original-mr-fuzzy
70249,155072,/the-original-mr-fuzzy
70251,155075,/the-original-mr-fuzzy
70250,155076,/the-original-mr-fuzzy
70252,155085,/the-original-mr-fuzzy
70256,155091,/the-original-mr-fuzzy
70257,155097,/the-original-mr-fuzzy
70259,155103,/the-original-mr-fuzzy
70261,155109,/the-original-mr-fuzzy
70263,155113,/the-original-mr-fuzzy
70266,155119,/the-original-mr-fuzzy
70267,155121,/the-original-mr-fuzzy
70268,155126,/the-original-mr-fuzzy
70270,155130,/the-forever-love-bear
70271,155134,/the-original-mr-fuzzy
70277,155147,/the-original-mr-fuzzy
70278,155150,/the-original-mr-fuzzy
70282,155160,/the-original-mr-fuzzy
70283,155162,/the-forever-love-bear
70281,155163,/the-original-mr-fuzzy
70286,155173,/the-original-mr-fuzzy
70294,155187,/the-forever-love-bear
70295,155190,/the-original-mr-fuzzy
70300,155199,/the-original-mr-fuzzy
70301,155203,/the-original-mr-fuzzy
70304,155213,/the-original-mr-fuzzy
70306,155223,/the-original-mr-fuzzy
70309,155230,/the-original-mr-fuzzy
70311,155231,/the-original-mr-fuzzy
70316,155242,/the-original-mr-fuzzy
70317,155245,/the-original-mr-fuzzy
70320,155253,/the-original-mr-fuzzy
70323,155259,/the-original-mr-fuzzy
70328,155266,/the-original-mr-fuzzy
70329,155271,/the-original-mr-fuzzy
70342,155289,/the-forever-love-bear
70339,155293,/the-original-mr-fuzzy
70340,155297,/the-forever-love-bear
70347,155309,/the-original-mr-fuzzy
70348,155310,/the-original-mr-fuzzy
70349,155314,/the-original-mr-fuzzy
70351,155323,/the-original-mr-fuzzy
70356,155328,/the-original-mr-fuzzy
70357,155334,/the-original-mr-fuzzy
70363,155343,/the-forever-love-bear
70364,155348,/the-original-mr-fuzzy
70366,155352,/the-forever-love-bear
70367,155355,/the-original-mr-fuzzy
70369,155360,/the-original-mr-fuzzy
70373,155368,/the-original-mr-fuzzy
70372,155371,/the-original-mr-fuzzy
70376,155375,/the-original-mr-fuzzy
70375,155376,/the-original-mr-fuzzy
70381,155386,/the-original-mr-fuzzy
70382,155392,/the-original-mr-fuzzy
70384,155398,/the-original-mr-fuzzy
70387,155407,/the-original-mr-fuzzy
70388,155413,/the-original-mr-fuzzy
70389,155416,/the-original-mr-fuzzy
70391,155419,/the-original-mr-fuzzy
70392,155424,/the-original-mr-fuzzy
70393,155432,/the-original-mr-fuzzy
70395,155438,/the-original-mr-fuzzy
70399,155449,/the-original-mr-fuzzy
70402,155458,/the-original-mr-fuzzy
70403,155462,/the-original-mr-fuzzy
70406,155470,/the-original-mr-fuzzy
70404,155471,/the-original-mr-fuzzy
70409,155476,/the-original-mr-fuzzy
70410,155479,/the-original-mr-fuzzy
70411,155484,/the-original-mr-fuzzy
70414,155493,/the-original-mr-fuzzy
70415,155495,/the-original-mr-fuzzy
70419,155501,/the-original-mr-fuzzy
70421,155505,/the-original-mr-fuzzy
70425,155515,/the-original-mr-fuzzy
70426,155518,/the-original-mr-fuzzy
70429,155521,/the-original-mr-fuzzy
70430,155524,/the-original-mr-fuzzy
70431,155527,/the-original-mr-fuzzy
70436,155536,/the-forever-love-bear
70437,155540,/the-original-mr-fuzzy
70438,155545,/the-original-mr-fuzzy
70440,155549,/the-original-mr-fuzzy
70442,155555,/the-original-mr-fuzzy
70444,155562,/the-original-mr-fuzzy
70448,155571,/the-original-mr-fuzzy
70447,155572,/the-forever-love-bear
70451,155585,/the-original-mr-fuzzy
70464,155600,/the-original-mr-fuzzy
70466,155605,/the-original-mr-fuzzy
70469,155613,/the-original-mr-fuzzy
70471,155617,/the-original-mr-fuzzy
70472,155622,/the-original-mr-fuzzy
70473,155623,/the-original-mr-fuzzy
70474,155629,/the-original-mr-fuzzy
70477,155636,/the-original-mr-fuzzy
70479,155639,/the-original-mr-fuzzy
70481,155644,/the-original-mr-fuzzy
70482,155647,/the-original-mr-fuzzy
70485,155656,/the-original-mr-fuzzy
70491,155667,/the-original-mr-fuzzy
70492,155673,/the-original-mr-fuzzy
70495,155679,/the-original-mr-fuzzy
70497,155687,/the-original-mr-fuzzy
70499,155690,/the-original-mr-fuzzy
70500,155693,/the-original-mr-fuzzy
70503,155697,/the-original-mr-fuzzy
70506,155703,/the-original-mr-fuzzy
70510,155710,/the-original-mr-fuzzy
70509,155711,/the-original-mr-fuzzy
70512,155722,/the-forever-love-bear
70514,155729,/the-original-mr-fuzzy
70515,155730,/the-original-mr-fuzzy
70516,155733,/the-forever-love-bear
70520,155740,/the-forever-love-bear
70521,155749,/the-original-mr-fuzzy
70527,155755,/the-forever-love-bear
70530,155760,/the-forever-love-bear
70537,155774,/the-original-mr-fuzzy
70536,155777,/the-forever-love-bear
70542,155781,/the-forever-love-bear
70544,155786,/the-forever-love-bear
70546,155793,/the-forever-love-bear
70548,155798,/the-forever-love-bear
70550,155802,/the-forever-love-bear
70557,155817,/the-forever-love-bear
70558,155821,/the-forever-love-bear
70561,155826,/the-forever-love-bear
70562,155830,/the-forever-love-bear
70565,155834,/the-original-mr-fuzzy
70569,155841,/the-forever-love-bear
70572,155848,/the-original-mr-fuzzy
70587,155873,/the-forever-love-bear
70586,155877,/the-forever-love-bear
70592,155880,/the-forever-love-bear
70591,155882,/the-forever-love-bear
70601,155899,/the-forever-love-bear
70602,155907,/the-forever-love-bear
70606,155917,/the-original-mr-fuzzy
70607,155920,/the-forever-love-bear
70610,155926,/the-forever-love-bear
70616,155940,/the-forever-love-bear
70622,155954,/the-forever-love-bear
70623,155957,/the-original-mr-fuzzy
70624,155962,/the-forever-love-bear
70625,155963,/the-forever-love-bear
70626,155966,/the-original-mr-fuzzy
70629,155971,/the-forever-love-bear
70640,155987,/the-forever-love-bear
70641,155988,/the-forever-love-bear
70644,156002,/the-forever-love-bear
70642,156005,/the-forever-love-bear
70649,156012,/the-original-mr-fuzzy
70650,156014,/the-original-mr-fuzzy
70656,156027,/the-forever-love-bear
70658,156030,/the-forever-love-bear
70663,156038,/the-forever-love-bear
70668,156045,/the-forever-love-bear
70669,156049,/the-original-mr-fuzzy
70667,156052,/the-forever-love-bear
70671,156058,/the-original-mr-fuzzy
70672,156059,/the-forever-love-bear
70674,156068,/the-forever-love-bear
70676,156075,/the-original-mr-fuzzy
70678,156076,/the-forever-love-bear
70677,156078,/the-forever-love-bear
70681,156082,/the-original-mr-fuzzy
70685,156088,/the-forever-love-bear
70687,156097,/the-original-mr-fuzzy
70697,156113,/the-forever-love-bear
70694,156114,/the-forever-love-bear
70698,156120,/the-forever-love-bear
70703,156131,/the-forever-love-bear
70706,156137,/the-original-mr-fuzzy
70705,156138,/the-forever-love-bear
70709,156148,/the-original-mr-fuzzy
70710,156151,/the-forever-love-bear
70715,156165,/the-forever-love-bear
70719,156174,/the-original-mr-fuzzy
70722,156180,/the-forever-love-bear
70723,156183,/the-forever-love-bear
70726,156190,/the-original-mr-fuzzy
70731,156199,/the-original-mr-fuzzy
70733,156204,/the-forever-love-bear
70732,156209,/the-original-mr-fuzzy
70734,156211,/the-original-mr-fuzzy
70735,156219,/the-forever-love-bear
70737,156223,/the-forever-love-bear
70738,156229,/the-original-mr-fuzzy
70744,156239,/the-forever-love-bear
70746,156240,/the-forever-love-bear
70745,156242,/the-original-mr-fuzzy
70747,156248,/the-forever-love-bear
70748,156254,/the-original-mr-fuzzy
70749,156258,/the-forever-love-bear
70750,156266,/the-original-mr-fuzzy
70754,156273,/the-forever-love-bear
70756,156284,/the-original-mr-fuzzy
70757,156285,/the-original-mr-fuzzy
70758,156288,/the-forever-love-bear
70761,156298,/the-forever-love-bear
70760,156300,/the-forever-love-bear
70762,156304,/the-original-mr-fuzzy
70763,156313,/the-forever-love-bear
70764,156315,/the-forever-love-bear
70770,156330,/the-forever-love-bear
70772,156342,/the-forever-love-bear
70771,156343,/the-forever-love-bear
70773,156345,/the-original-mr-fuzzy
70775,156350,/the-original-mr-fuzzy
70780,156358,/the-original-mr-fuzzy
70783,156366,/the-forever-love-bear
70782,156367,/the-forever-love-bear
70787,156381,/the-forever-love-bear
70788,156385,/the-original-mr-fuzzy
70789,156390,/the-forever-love-bear
70791,156397,/the-forever-love-bear
70792,156402,/the-original-mr-fuzzy
70794,156405,/the-forever-love-bear
70797,156411,/the-forever-love-bear
70799,156420,/the-forever-love-bear
70802,156425,/the-forever-love-bear
70801,156427,/the-original-mr-fuzzy
70805,156437,/the-original-mr-fuzzy
70809,156446,/the-original-mr-fuzzy
70807,156449,/the-forever-love-bear
70814,156460,/the-forever-love-bear
70815,156470,/the-forever-love-bear
70818,156474,/the-forever-love-bear
70823,156481,/the-original-mr-fuzzy
70824,156489,/the-original-mr-fuzzy
70827,156497,/the-forever-love-bear
70830,156508,/the-forever-love-bear
70831,156509,/the-forever-love-bear
70832,156512,/the-original-mr-fuzzy
70838,156524,/the-forever-love-bear
70839,156527,/the-original-mr-fuzzy
70842,156533,/the-original-mr-fuzzy
70844,156539,/the-forever-love-bear
70846,156541,/the-forever-love-bear
70847,156548,/the-forever-love-bear
70850,156550,/the-original-mr-fuzzy
70851,156554,/the-original-mr-fuzzy
70853,156560,/the-forever-love-bear
70856,156565,/the-forever-love-bear
70859,156574,/the-forever-love-bear
70865,156588,/the-original-mr-fuzzy
70868,156592,/the-original-mr-fuzzy
70871,156599,/the-original-mr-fuzzy
70872,156604,/the-original-mr-fuzzy
70876,156610,/the-forever-love-bear
70879,156619,/the-forever-love-bear
70880,156620,/the-original-mr-fuzzy
70884,156638,/the-forever-love-bear
70886,156639,/the-original-mr-fuzzy
70893,156651,/the-forever-love-bear
70891,156652,/the-original-mr-fuzzy
70897,156656,/the-original-mr-fuzzy
70896,156662,/the-forever-love-bear
70901,156665,/the-original-mr-fuzzy
70899,156672,/the-original-mr-fuzzy
70905,156681,/the-forever-love-bear
70911,156692,/the-forever-love-bear
70910,156696,/the-forever-love-bear
70913,156697,/the-forever-love-bear
70912,156703,/the-original-mr-fuzzy
70914,156708,/the-forever-love-bear
70917,156711,/the-original-mr-fuzzy
70919,156722,/the-original-mr-fuzzy
70921,156726,/the-original-mr-fuzzy
70922,156729,/the-forever-love-bear
70929,156741,/the-forever-love-bear
70930,156744,/the-original-mr-fuzzy
70928,156748,/the-forever-love-bear
70933,156752,/the-forever-love-bear
70936,156758,/the-original-mr-fuzzy
70942,156770,/the-forever-love-bear
70946,156777,/the-forever-love-bear
70956,156792,/the-forever-love-bear
70949,156794,/the-forever-love-bear
70955,156799,/the-original-mr-fuzzy
70960,156805,/the-forever-love-bear
70959,156809,/the-original-mr-fuzzy
70964,156820,/the-forever-love-bear
70966,156824,/the-forever-love-bear
70963,156828,/the-forever-love-bear
70967,156832,/the-original-mr-fuzzy
70968,156837,/the-forever-love-bear
70970,156840,/the-original-mr-fuzzy
70973,156844,/the-forever-love-bear
70972,156845,/the-forever-love-bear
70974,156856,/the-original-mr-fuzzy
70981,156872,/the-forever-love-bear
70980,156873,/the-forever-love-bear
70985,156874,/the-forever-love-bear
70990,156885,/the-original-mr-fuzzy
70994,156891,/the-forever-love-bear
70996,156899,/the-original-mr-fuzzy
71008,156916,/the-original-mr-fuzzy
71009,156919,/the-forever-love-bear
71014,156929,/the-original-mr-fuzzy
71015,156931,/the-forever-love-bear
71016,156932,/the-forever-love-bear
71023,156950,/the-original-mr-fuzzy
71024,156954,/the-original-mr-fuzzy
71028,156962,/the-original-mr-fuzzy
71030,156965,/the-forever-love-bear
71031,156971,/the-forever-love-bear
71033,156973,/the-forever-love-bear
71032,156979,/the-original-mr-fuzzy
71034,156982,/the-original-mr-fuzzy
71038,156989,/the-forever-love-bear
71040,156996,/the-original-mr-fuzzy
71041,156997,/the-forever-love-bear
71046,157009,/the-forever-love-bear
71053,157017,/the-original-mr-fuzzy
71052,157019,/the-original-mr-fuzzy
71055,157020,/the-original-mr-fuzzy
71057,157028,/the-forever-love-bear
71065,157035,/the-original-mr-fuzzy
71064,157042,/the-original-mr-fuzzy
71072,157051,/the-forever-love-bear
71075,157057,/the-forever-love-bear
71078,157063,/the-original-mr-fuzzy
71081,157067,/the-original-mr-fuzzy
71077,157069,/the-forever-love-bear
71083,157077,/the-forever-love-bear
71089,157100,/the-forever-love-bear
71093,157104,/the-forever-love-bear
71098,157117,/the-forever-love-bear
71101,157123,/the-original-mr-fuzzy
71104,157126,/the-original-mr-fuzzy
71102,157127,/the-original-mr-fuzzy
71114,157145,/the-forever-love-bear
71119,157150,/the-original-mr-fuzzy
71120,157152,/the-forever-love-bear
71121,157155,/the-forever-love-bear
71123,157166,/the-forever-love-bear
71125,157168,/the-forever-love-bear
71126,157173,/the-original-mr-fuzzy
71132,157190,/the-forever-love-bear
71130,157194,/the-forever-love-bear
71128,157196,/the-original-mr-fuzzy
71134,157198,/the-forever-love-bear
71131,157200,/the-forever-love-bear
71137,157202,/the-forever-love-bear
71140,157212,/the-original-mr-fuzzy
71147,157224,/the-original-mr-fuzzy
71148,157226,/the-forever-love-bear
71150,157237,/the-forever-love-bear
71155,157244,/the-forever-love-bear
71158,157249,/the-forever-love-bear
71161,157260,/the-forever-love-bear
71160,157261,/the-forever-love-bear
71163,157267,/the-forever-love-bear
71164,157270,/the-forever-love-bear
71165,157274,/the-original-mr-fuzzy
71169,157280,/the-forever-love-bear
71170,157288,/the-original-mr-fuzzy
71171,157292,/the-original-mr-fuzzy
71175,157299,/the-forever-love-bear
71173,157303,/the-forever-love-bear
71180,157311,/the-forever-love-bear
71177,157315,/the-forever-love-bear
71178,157317,/the-forever-love-bear
71182,157321,/the-forever-love-bear
71184,157323,/the-original-mr-fuzzy
71185,157330,/the-forever-love-bear
71186,157340,/the-forever-love-bear
71188,157344,/the-forever-love-bear
71195,157356,/the-original-mr-fuzzy
71193,157358,/the-forever-love-bear
71201,157369,/the-forever-love-bear
71209,157384,/the-forever-love-bear
71210,157385,/the-forever-love-bear
71214,157393,/the-original-mr-fuzzy
71211,157400,/the-forever-love-bear
71217,157401,/the-forever-love-bear
71219,157413,/the-forever-love-bear
71225,157422,/the-forever-love-bear
71224,157423,/the-forever-love-bear
71226,157431,/the-forever-love-bear
71228,157441,/the-original-mr-fuzzy
71229,157447,/the-forever-love-bear
71230,157453,/the-forever-love-bear
71231,157455,/the-original-mr-fuzzy
71234,157464,/the-forever-love-bear
71239,157468,/the-forever-love-bear
71238,157469,/the-forever-love-bear
71240,157475,/the-original-mr-fuzzy
71243,157481,/the-forever-love-bear
71246,157487,/the-original-mr-fuzzy
71245,157489,/the-original-mr-fuzzy
71247,157493,/the-forever-love-bear
71249,157498,/the-original-mr-fuzzy
71258,157514,/the-original-mr-fuzzy
71259,157518,/the-original-mr-fuzzy
71265,157526,/the-forever-love-bear
71269,157532,/the-forever-love-bear
71272,157543,/the-original-mr-fuzzy
71275,157548,/the-original-mr-fuzzy
71278,157553,/the-forever-love-bear
71280,157558,/the-original-mr-fuzzy
71283,157566,/the-forever-love-bear
71282,157570,/the-original-mr-fuzzy
71289,157577,/the-forever-love-bear
71292,157586,/the-original-mr-fuzzy
71296,157593,/the-forever-love-bear
71301,157599,/the-forever-love-bear
71303,157607,/the-original-mr-fuzzy
71304,157609,/the-original-mr-fuzzy
71307,157615,/the-original-mr-fuzzy
71312,157624,/the-forever-love-bear
71313,157629,/the-forever-love-bear
71314,157630,/the-original-mr-fuzzy
71316,157633,/the-original-mr-fuzzy
71318,157640,/the-original-mr-fuzzy
71321,157643,/the-forever-love-bear
71323,157646,/the-original-mr-fuzzy
71324,157651,/the-original-mr-fuzzy
71326,157656,/the-forever-love-bear
71327,157658,/the-forever-love-bear
71328,157666,/the-forever-love-bear
71331,157671,/the-forever-love-bear
71332,157672,/the-forever-love-bear
71333,157681,/the-original-mr-fuzzy
71337,157689,/the-forever-love-bear
71338,157692,/the-original-mr-fuzzy
71340,157705,/the-forever-love-bear
71341,157706,/the-forever-love-bear
71342,157707,/the-forever-love-bear
71346,157718,/the-original-mr-fuzzy
71349,157726,/the-forever-love-bear
71354,157737,/the-forever-love-bear
71357,157746,/the-forever-love-bear
71358,157747,/the-original-mr-fuzzy
71367,157763,/the-original-mr-fuzzy
71370,157768,/the-forever-love-bear
71373,157778,/the-forever-love-bear
71374,157780,/the-forever-love-bear
71376,157783,/the-forever-love-bear
71379,157789,/the-original-mr-fuzzy
71383,157798,/the-forever-love-bear
71390,157811,/the-forever-love-bear
71388,157814,/the-forever-love-bear
71395,157823,/the-forever-love-bear
71396,157825,/the-forever-love-bear
71397,157831,/the-original-mr-fuzzy
71400,157843,/the-forever-love-bear
71403,157852,/the-original-mr-fuzzy
71404,157860,/the-forever-love-bear
71409,157863,/the-forever-love-bear
71410,157872,/the-forever-love-bear
71412,157878,/the-forever-love-bear
71417,157894,/the-forever-love-bear
71419,157895,/the-forever-love-bear
71420,157901,/the-forever-love-bear
71423,157908,/the-forever-love-bear
71424,157910,/the-forever-love-bear
71426,157916,/the-original-mr-fuzzy
71428,157925,/the-original-mr-fuzzy
71427,157926,/the-forever-love-bear
71429,157931,/the-original-mr-fuzzy
71432,157937,/the-original-mr-fuzzy
71430,157940,/the-forever-love-bear
71434,157947,/the-forever-love-bear
71436,157956,/the-forever-love-bear
71438,157960,/the-forever-love-bear
71441,157964,/the-forever-love-bear
71443,157965,/the-original-mr-fuzzy
71444,157973,/the-forever-love-bear
71447,157975,/the-forever-love-bear
71449,157991,/the-forever-love-bear
71452,157996,/the-original-mr-fuzzy
71454,157997,/the-original-mr-fuzzy
71453,158002,/the-forever-love-bear
71457,158005,/the-original-mr-fuzzy
71467,158017,/the-forever-love-bear
71473,158028,/the-forever-love-bear
71474,158034,/the-original-mr-fuzzy
71476,158037,/the-forever-love-bear
71478,158039,/the-original-mr-fuzzy
71481,158046,/the-original-mr-fuzzy
71484,158056,/the-original-mr-fuzzy
71487,158066,/the-forever-love-bear
71489,158069,/the-forever-love-bear
71496,158076,/the-forever-love-bear
71495,158081,/the-original-mr-fuzzy
71497,158082,/the-original-mr-fuzzy
71500,158100,/the-forever-love-bear
71502,158102,/the-forever-love-bear
71509,158116,/the-original-mr-fuzzy
71514,158123,/the-original-mr-fuzzy
71515,158124,/the-forever-love-bear
71512,158125,/the-forever-love-bear
71517,158143,/the-original-mr-fuzzy
71526,158156,/the-forever-love-bear
71528,158159,/the-original-mr-fuzzy
71524,158160,/the-forever-love-bear
71531,158168,/the-original-mr-fuzzy
71529,158171,/the-original-mr-fuzzy
71535,158188,/the-forever-love-bear
71537,158195,/the-forever-love-bear
71540,158203,/the-forever-love-bear
71543,158205,/the-original-mr-fuzzy
71546,158214,/the-forever-love-bear
71549,158218,/the-forever-love-bear
71548,158224,/the-forever-love-bear
71556,158242,/the-forever-love-bear
71558,158245,/the-original-mr-fuzzy
71559,158246,/the-original-mr-fuzzy
71562,158249,/the-forever-love-bear
71565,158261,/the-forever-love-bear
71561,158266,/the-original-mr-fuzzy
71564,158271,/the-forever-love-bear
71567,158272,/the-original-mr-fuzzy
71568,158282,/the-forever-love-bear
71571,158286,/the-forever-love-bear
71573,158290,/the-forever-love-bear
71575,158292,/the-forever-love-bear
71582,158301,/the-forever-love-bear
71589,158312,/the-original-mr-fuzzy
71584,158313,/the-forever-love-bear
71586,158315,/the-forever-love-bear
71591,158318,/the-forever-love-bear
71592,158323,/the-original-mr-fuzzy
71595,158333,/the-forever-love-bear
71598,158339,/the-original-mr-fuzzy
71596,158340,/the-forever-love-bear
71594,158341,/the-forever-love-bear
71600,158353,/the-forever-love-bear
71605,158362,/the-original-mr-fuzzy
71603,158365,/the-forever-love-bear
71609,158369,/the-forever-love-bear
71606,158370,/the-original-mr-fuzzy
71607,158371,/the-forever-love-bear
71613,158383,/the-forever-love-bear
71614,158386,/the-forever-love-bear
71616,158393,/the-original-mr-fuzzy
71618,158404,/the-original-mr-fuzzy
71617,158408,/the-original-mr-fuzzy
71619,158411,/the-forever-love-bear
71621,158416,/the-original-mr-fuzzy
71623,158426,/the-original-mr-fuzzy
71624,158430,/the-original-mr-fuzzy
71625,158435,/the-original-mr-fuzzy
71627,158436,/the-forever-love-bear
71629,158440,/the-forever-love-bear
71633,158448,/the-forever-love-bear
71631,158458,/the-forever-love-bear
71637,158462,/the-original-mr-fuzzy
71640,158469,/the-forever-love-bear
71639,158475,/the-original-mr-fuzzy
71644,158484,/the-forever-love-bear
71645,158485,/the-original-mr-fuzzy
71648,158495,/the-original-mr-fuzzy
71652,158509,/the-forever-love-bear
71653,158510,/the-forever-love-bear
71654,158512,/the-original-mr-fuzzy
71658,158520,/the-forever-love-bear
71657,158521,/the-forever-love-bear
71664,158530,/the-forever-love-bear
71667,158538,/the-original-mr-fuzzy
71671,158550,/the-forever-love-bear
71669,158551,/the-forever-love-bear
71670,158552,/the-original-mr-fuzzy
71675,158563,/the-forever-love-bear
71676,158568,/the-forever-love-bear
71680,158577,/the-forever-love-bear
71679,158578,/the-forever-love-bear
71689,158592,/the-forever-love-bear
71693,158601,/the-forever-love-bear
71694,158606,/the-forever-love-bear
71706,158627,/the-forever-love-bear
71704,158633,/the-forever-love-bear
71711,158640,/the-original-mr-fuzzy
71712,158645,/the-forever-love-bear
71710,158646,/the-forever-love-bear
71714,158647,/the-original-mr-fuzzy
71713,158654,/the-forever-love-bear
71718,158661,/the-original-mr-fuzzy
71716,158663,/the-forever-love-bear
71727,158679,/the-forever-love-bear
71734,158692,/the-forever-love-bear
71742,158705,/the-forever-love-bear
71744,158713,/the-original-mr-fuzzy
71745,158716,/the-forever-love-bear
71748,158718,/the-original-mr-fuzzy
71751,158732,/the-forever-love-bear
71754,158734,/the-original-mr-fuzzy
71758,158752,/the-original-mr-fuzzy
71761,158756,/the-original-mr-fuzzy
71763,158760,/the-forever-love-bear
71767,158765,/the-forever-love-bear
71771,158773,/the-forever-love-bear
71776,158780,/the-forever-love-bear
71778,158788,/the-original-mr-fuzzy
71779,158796,/the-original-mr-fuzzy
71782,158799,/the-original-mr-fuzzy
71791,158813,/the-forever-love-bear
71790,158814,/the-forever-love-bear
71793,158821,/the-forever-love-bear
71795,158827,/the-original-mr-fuzzy
71797,158830,/the-forever-love-bear
71798,158834,/the-forever-love-bear
71804,158846,/the-forever-love-bear
71803,158848,/the-forever-love-bear
71805,158853,/the-forever-love-bear
71811,158865,/the-original-mr-fuzzy
71812,158869,/the-forever-love-bear
71815,158878,/the-forever-love-bear
71820,158888,/the-forever-love-bear
71827,158900,/the-original-mr-fuzzy
71826,158901,/the-forever-love-bear
71830,158909,/the-forever-love-bear
71828,158910,/the-original-mr-fuzzy
71832,158917,/the-forever-love-bear
71833,158919,/the-original-mr-fuzzy
71834,158922,/the-forever-love-bear
71835,158926,/the-forever-love-bear
71836,158928,/the-forever-love-bear
71838,158936,/the-original-mr-fuzzy
71840,158940,/the-forever-love-bear
71841,158945,/the-forever-love-bear
71842,158946,/the-forever-love-bear
71843,158952,/the-forever-love-bear
71845,158956,/the-original-mr-fuzzy
71852,158968,/the-forever-love-bear
71855,158975,/the-forever-love-bear
71857,158978,/the-forever-love-bear
71858,158983,/the-original-mr-fuzzy
71861,158995,/the-forever-love-bear
71862,158997,/the-forever-love-bear
71866,159004,/the-forever-love-bear
71869,159009,/the-original-mr-fuzzy
71870,159013,/the-forever-love-bear
71871,159015,/the-forever-love-bear
71873,159022,/the-forever-love-bear
71874,159026,/the-forever-love-bear
71877,159028,/the-forever-love-bear
71882,159043,/the-original-mr-fuzzy
71888,159054,/the-forever-love-bear
71890,159056,/the-forever-love-bear
71891,159061,/the-forever-love-bear
71896,159071,/the-forever-love-bear
71893,159072,/the-forever-love-bear
71895,159079,/the-original-mr-fuzzy
71894,159082,/the-forever-love-bear
71899,159085,/the-original-mr-fuzzy
71898,159093,/the-forever-love-bear
71903,159095,/the-original-mr-fuzzy
71901,159100,/the-original-mr-fuzzy
71906,159116,/the-forever-love-bear
71907,159120,/the-original-mr-fuzzy
71911,159123,/the-forever-love-bear
71910,159126,/the-forever-love-bear
71915,159145,/the-forever-love-bear
71914,159149,/the-forever-love-bear
71921,159152,/the-forever-love-bear
71924,159161,/the-original-mr-fuzzy
71931,159170,/the-original-mr-fuzzy
71932,159175,/the-forever-love-bear
71937,159182,/the-original-mr-fuzzy
71936,159183,/the-forever-love-bear
71941,159192,/the-forever-love-bear
71948,159201,/the-forever-love-bear
71944,159206,/the-forever-love-bear
71945,159207,/the-forever-love-bear
71950,159211,/the-forever-love-bear
71953,159217,/the-forever-love-bear
71958,159229,/the-forever-love-bear
71962,159246,/the-original-mr-fuzzy
71963,159247,/the-forever-love-bear
71967,159253,/the-forever-love-bear
71974,159268,/the-forever-love-bear
71976,159270,/the-forever-love-bear
71978,159272,/the-original-mr-fuzzy
71982,159280,/the-forever-love-bear
71981,159284,/the-original-mr-fuzzy
71985,159295,/the-original-mr-fuzzy
71984,159297,/the-forever-love-bear
71987,159305,/the-original-mr-fuzzy
71990,159310,/the-forever-love-bear
71993,159313,/the-original-mr-fuzzy
71994,159324,/the-original-mr-fuzzy
71996,159325,/the-forever-love-bear
71998,159335,/the-forever-love-bear
71997,159336,/the-forever-love-bear
72004,159350,/the-forever-love-bear
72003,159351,/the-forever-love-bear
72010,159368,/the-forever-love-bear
72011,159369,/the-forever-love-bear
72014,159379,/the-original-mr-fuzzy
72018,159384,/the-original-mr-fuzzy
72016,159389,/the-forever-love-bear
72020,159390,/the-forever-love-bear
72019,159391,/the-forever-love-bear
72021,159400,/the-original-mr-fuzzy
72025,159411,/the-original-mr-fuzzy
72029,159421,/the-forever-love-bear
72027,159424,/the-forever-love-bear
72028,159425,/the-forever-love-bear
72036,159439,/the-forever-love-bear
72038,159447,/the-forever-love-bear
72046,159457,/the-original-mr-fuzzy
72044,159459,/the-forever-love-bear
72045,159461,/the-forever-love-bear
72042,159463,/the-forever-love-bear
72051,159477,/the-forever-love-bear
72048,159481,/the-original-mr-fuzzy
72053,159486,/the-original-mr-fuzzy
72058,159493,/the-forever-love-bear
72065,159501,/the-forever-love-bear
72064,159505,/the-original-mr-fuzzy
72066,159511,/the-original-mr-fuzzy
72068,159513,/the-original-mr-fuzzy
72069,159520,/the-original-mr-fuzzy
72073,159522,/the-original-mr-fuzzy
72086,159551,/the-forever-love-bear
72084,159552,/the-forever-love-bear
72080,159553,/the-original-mr-fuzzy
72088,159557,/the-original-mr-fuzzy
72091,159568,/the-forever-love-bear
72097,159578,/the-forever-love-bear
72101,159593,/the-original-mr-fuzzy
72107,159597,/the-original-mr-fuzzy
72106,159602,/the-forever-love-bear
72108,159612,/the-original-mr-fuzzy
72111,159620,/the-forever-love-bear
72112,159621,/the-original-mr-fuzzy
72115,159631,/the-forever-love-bear
72116,159634,/the-forever-love-bear
72123,159648,/the-original-mr-fuzzy
72126,159653,/the-original-mr-fuzzy
72127,159657,/the-forever-love-bear
72131,159665,/the-forever-love-bear
72136,159679,/the-original-mr-fuzzy
72141,159682,/the-forever-love-bear
72143,159689,/the-forever-love-bear
72145,159693,/the-forever-love-bear
72146,159699,/the-forever-love-bear
72148,159709,/the-original-mr-fuzzy
72147,159710,/the-original-mr-fuzzy
72154,159715,/the-forever-love-bear
72155,159717,/the-forever-love-bear
72153,159722,/the-original-mr-fuzzy
72164,159736,/the-forever-love-bear
72170,159749,/the-forever-love-bear
72173,159750,/the-forever-love-bear
72174,159754,/the-original-mr-fuzzy
72171,159760,/the-forever-love-bear
72175,159767,/the-original-mr-fuzzy
72179,159775,/the-forever-love-bear
72182,159781,/the-forever-love-bear
72186,159794,/the-original-mr-fuzzy
72196,159803,/the-original-mr-fuzzy
72194,159807,/the-forever-love-bear
72191,159808,/the-forever-love-bear
72195,159809,/the-forever-love-bear
72190,159810,/the-forever-love-bear
72193,159815,/the-forever-love-bear
72203,159829,/the-forever-love-bear
72202,159831,/the-forever-love-bear
72204,159832,/the-forever-love-bear
72207,159840,/the-forever-love-bear
72208,159843,/the-original-mr-fuzzy
72209,159848,/the-forever-love-bear
72212,159853,/the-forever-love-bear
72211,159854,/the-forever-love-bear
72213,159865,/the-forever-love-bear
72217,159866,/the-forever-love-bear
72215,159873,/the-forever-love-bear
72219,159875,/the-forever-love-bear
72220,159886,/the-forever-love-bear
72222,159890,/the-forever-love-bear
72228,159902,/the-original-mr-fuzzy
72229,159906,/the-original-mr-fuzzy
72237,159920,/the-forever-love-bear
72239,159930,/the-original-mr-fuzzy
72240,159936,/the-original-mr-fuzzy
72242,159937,/the-forever-love-bear
72245,159945,/the-forever-love-bear
72244,159946,/the-original-mr-fuzzy
72246,159947,/the-forever-love-bear
72253,159966,/the-forever-love-bear
72256,159967,/the-forever-love-bear
72260,159978,/the-original-mr-fuzzy
72262,159979,/the-forever-love-bear
72263,159985,/the-forever-love-bear
72266,159998,/the-forever-love-bear
72268,160006,/the-forever-love-bear
72273,160012,/the-forever-love-bear
72278,160028,/the-forever-love-bear
72282,160032,/the-original-mr-fuzzy
72288,160039,/the-forever-love-bear
72292,160047,/the-forever-love-bear
72294,160057,/the-original-mr-fuzzy
72297,160061,/the-original-mr-fuzzy
72299,160065,/the-forever-love-bear
72300,160069,/the-forever-love-bear
72302,160075,/the-forever-love-bear
72306,160082,/the-original-mr-fuzzy
72304,160083,/the-forever-love-bear
72308,160089,/the-original-mr-fuzzy
72309,160099,/the-original-mr-fuzzy
72314,160104,/the-original-mr-fuzzy
72315,160107,/the-forever-love-bear
72318,160114,/the-original-mr-fuzzy
72320,160117,/the-forever-love-bear
72321,160123,/the-forever-love-bear
72322,160128,/the-forever-love-bear
72325,160132,/the-forever-love-bear
72329,160139,/the-forever-love-bear
72336,160148,/the-original-mr-fuzzy
72337,160156,/the-forever-love-bear
72338,160157,/the-forever-love-bear
72342,160171,/the-forever-love-bear
72346,160178,/the-forever-love-bear
72347,160179,/the-forever-love-bear
72364,160204,/the-forever-love-bear
72366,160209,/the-original-mr-fuzzy
72368,160217,/the-forever-love-bear
72379,160233,/the-original-mr-fuzzy
72378,160234,/the-forever-love-bear
72385,160249,/the-original-mr-fuzzy
72386,160251,/the-forever-love-bear
72388,160261,/the-forever-love-bear
72393,160268,/the-original-mr-fuzzy
72396,160273,/the-forever-love-bear
72397,160275,/the-forever-love-bear
72398,160278,/the-original-mr-fuzzy
72400,160282,/the-forever-love-bear
72402,160288,/the-forever-love-bear
72403,160290,/the-original-mr-fuzzy
72404,160294,/the-original-mr-fuzzy
72405,160301,/the-forever-love-bear
72406,160302,/the-forever-love-bear
72411,160310,/the-forever-love-bear
72413,160315,/the-forever-love-bear
72414,160318,/the-original-mr-fuzzy
72416,160321,/the-forever-love-bear
72424,160332,/the-original-mr-fuzzy
72429,160338,/the-forever-love-bear
72430,160347,/the-forever-love-bear
72435,160355,/the-forever-love-bear
72436,160367,/the-forever-love-bear
72443,160369,/the-original-mr-fuzzy
72444,160372,/the-forever-love-bear
72448,160385,/the-original-mr-fuzzy
72447,160390,/the-original-mr-fuzzy
72452,160396,/the-forever-love-bear
72451,160397,/the-forever-love-bear
72453,160398,/the-forever-love-bear
72454,160403,/the-original-mr-fuzzy
72455,160405,/the-forever-love-bear
72457,160420,/the-forever-love-bear
72460,160424,/the-forever-love-bear
72463,160435,/the-original-mr-fuzzy
72468,160442,/the-forever-love-bear
72469,160447,/the-forever-love-bear
72475,160458,/the-forever-love-bear
72472,160460,/the-forever-love-bear
72478,160464,/the-original-mr-fuzzy
72476,160467,/the-forever-love-bear
72483,160476,/the-forever-love-bear
72482,160477,/the-original-mr-fuzzy
72488,160487,/the-forever-love-bear
72493,160495,/the-original-mr-fuzzy
72492,160500,/the-forever-love-bear
72496,160502,/the-forever-love-bear
72490,160503,/the-original-mr-fuzzy
72499,160511,/the-original-mr-fuzzy
72502,160519,/the-original-mr-fuzzy
72511,160542,/the-forever-love-bear
72510,160545,/the-forever-love-bear
72514,160547,/the-forever-love-bear
72517,160548,/the-forever-love-bear
72522,160570,/the-forever-love-bear
72523,160572,/the-original-mr-fuzzy
72527,160581,/the-original-mr-fuzzy
72532,160588,/the-forever-love-bear
72541,160605,/the-original-mr-fuzzy
72538,160608,/the-forever-love-bear
72537,160610,/the-original-mr-fuzzy
72542,160618,/the-forever-love-bear
72545,160626,/the-forever-love-bear
72549,160630,/the-forever-love-bear
72554,160640,/the-forever-love-bear
72555,160642,/the-forever-love-bear
72556,160644,/the-original-mr-fuzzy
72560,160652,/the-forever-love-bear
72564,160663,/the-forever-love-bear
72565,160664,/the-forever-love-bear
72569,160674,/the-original-mr-fuzzy
72570,160677,/the-original-mr-fuzzy
72571,160681,/the-original-mr-fuzzy
72574,160692,/the-original-mr-fuzzy
72577,160693,/the-forever-love-bear
72578,160694,/the-original-mr-fuzzy
72580,160701,/the-forever-love-bear
72589,160714,/the-original-mr-fuzzy
72594,160719,/the-forever-love-bear
72596,160725,/the-forever-love-bear
72601,160734,/the-original-mr-fuzzy
72600,160739,/the-forever-love-bear
72604,160744,/the-forever-love-bear
72605,160747,/the-original-mr-fuzzy
72603,160748,/the-forever-love-bear
72606,160758,/the-original-mr-fuzzy
72609,160760,/the-forever-love-bear
72611,160767,/the-forever-love-bear
72613,160776,/the-forever-love-bear
72614,160780,/the-forever-love-bear
72612,160782,/the-forever-love-bear
72615,160789,/the-forever-love-bear
72619,160790,/the-original-mr-fuzzy
72616,160795,/the-original-mr-fuzzy
72620,160804,/the-forever-love-bear
72621,160809,/the-forever-love-bear
72623,160816,/the-original-mr-fuzzy
72629,160829,/the-forever-love-bear
72630,160831,/the-original-mr-fuzzy
72631,160838,/the-forever-love-bear
72634,160851,/the-forever-love-bear
72635,160854,/the-forever-love-bear
72636,160855,/the-forever-love-bear
72637,160858,/the-forever-love-bear
72638,160861,/the-original-mr-fuzzy
72643,160873,/the-forever-love-bear
72647,160882,/the-original-mr-fuzzy
72645,160883,/the-forever-love-bear
72652,160884,/the-forever-love-bear
72655,160897,/the-forever-love-bear
72656,160898,/the-forever-love-bear
72658,160906,/the-forever-love-bear
72668,160915,/the-forever-love-bear
72667,160916,/the-forever-love-bear
72666,160917,/the-original-mr-fuzzy
72665,160919,/the-original-mr-fuzzy
72671,160929,/the-original-mr-fuzzy
72672,160936,/the-forever-love-bear
72677,160937,/the-forever-love-bear
72679,160947,/the-original-mr-fuzzy
72680,160949,/the-forever-love-bear
72686,160961,/the-original-mr-fuzzy
72688,160969,/the-original-mr-fuzzy
72690,160978,/the-forever-love-bear
72693,160983,/the-original-mr-fuzzy
72694,160984,/the-forever-love-bear
72696,160986,/the-original-mr-fuzzy
72698,160988,/the-forever-love-bear
72697,160989,/the-original-mr-fuzzy
72703,160998,/the-original-mr-fuzzy
72700,160999,/the-forever-love-bear
72709,161012,/the-original-mr-fuzzy
72712,161022,/the-forever-love-bear
72714,161027,/the-forever-love-bear
72717,161034,/the-original-mr-fuzzy
72719,161038,/the-original-mr-fuzzy
72716,161040,/the-forever-love-bear
72720,161046,/the-original-mr-fuzzy
72729,161066,/the-forever-love-bear
72730,161070,/the-forever-love-bear
72736,161076,/the-original-mr-fuzzy
72738,161079,/the-original-mr-fuzzy
72740,161087,/the-original-mr-fuzzy
72741,161094,/the-forever-love-bear
72742,161098,/the-forever-love-bear
72745,161102,/the-original-mr-fuzzy
72748,161113,/the-forever-love-bear
72749,161116,/the-original-mr-fuzzy
72750,161118,/the-forever-love-bear
72752,161120,/the-forever-love-bear
72754,161128,/the-forever-love-bear
72756,161140,/the-original-mr-fuzzy
72764,161154,/the-forever-love-bear
72763,161157,/the-original-mr-fuzzy
72768,161163,/the-original-mr-fuzzy
72766,161164,/the-original-mr-fuzzy
72770,161166,/the-forever-love-bear
72772,161176,/the-original-mr-fuzzy
72776,161185,/the-forever-love-bear
72779,161191,/the-forever-love-bear
72778,161194,/the-forever-love-bear
72780,161201,/the-original-mr-fuzzy
72782,161213,/the-original-mr-fuzzy
72786,161220,/the-forever-love-bear
72787,161224,/the-forever-love-bear
72789,161230,/the-forever-love-bear
72791,161235,/the-forever-love-bear
72793,161246,/the-forever-love-bear
72794,161248,/the-original-mr-fuzzy
72797,161251,/the-forever-love-bear
72801,161259,/the-forever-love-bear
72805,161267,/the-original-mr-fuzzy
72807,161274,/the-forever-love-bear
72811,161282,/the-forever-love-bear
72812,161284,/the-original-mr-fuzzy
72813,161293,/the-forever-love-bear
72814,161294,/the-forever-love-bear
72815,161299,/the-forever-love-bear
72816,161301,/the-forever-love-bear
72817,161307,/the-original-mr-fuzzy
72827,161325,/the-forever-love-bear
72830,161335,/the-original-mr-fuzzy
72833,161338,/the-forever-love-bear
72834,161344,/the-original-mr-fuzzy
72838,161348,/the-original-mr-fuzzy
72839,161351,/the-original-mr-fuzzy
72843,161366,/the-original-mr-fuzzy
72846,161370,/the-original-mr-fuzzy
72847,161372,/the-original-mr-fuzzy
72848,161377,/the-original-mr-fuzzy
72850,161381,/the-original-mr-fuzzy
72852,161390,/the-original-mr-fuzzy
72853,161392,/the-original-mr-fuzzy
72855,161395,/the-original-mr-fuzzy
72857,161399,/the-original-mr-fuzzy
72860,161408,/the-original-mr-fuzzy
72867,161419,/the-original-mr-fuzzy
72880,161439,/the-original-mr-fuzzy
72884,161452,/the-original-mr-fuzzy
72889,161461,/the-original-mr-fuzzy
72890,161462,/the-original-mr-fuzzy
72892,161466,/the-original-mr-fuzzy
72894,161471,/the-original-mr-fuzzy
72893,161475,/the-original-mr-fuzzy
72895,161479,/the-original-mr-fuzzy
72896,161485,/the-original-mr-fuzzy
72900,161495,/the-original-mr-fuzzy
72904,161504,/the-original-mr-fuzzy
72908,161511,/the-original-mr-fuzzy
72912,161520,/the-original-mr-fuzzy
72914,161523,/the-original-mr-fuzzy
72915,161526,/the-forever-love-bear
72919,161535,/the-original-mr-fuzzy
72923,161545,/the-forever-love-bear
72925,161549,/the-original-mr-fuzzy
72927,161555,/the-original-mr-fuzzy
72931,161564,/the-original-mr-fuzzy
72934,161571,/the-original-mr-fuzzy
72935,161574,/the-original-mr-fuzzy
72938,161581,/the-original-mr-fuzzy
72942,161595,/the-original-mr-fuzzy
72947,161599,/the-original-mr-fuzzy
72946,161601,/the-original-mr-fuzzy
72954,161616,/the-original-mr-fuzzy
72952,161618,/the-original-mr-fuzzy
72953,161621,/the-original-mr-fuzzy
72956,161626,/the-forever-love-bear
72959,161631,/the-original-mr-fuzzy
72962,161636,/the-original-mr-fuzzy
72963,161637,/the-original-mr-fuzzy
72967,161649,/the-original-mr-fuzzy
72971,161658,/the-original-mr-fuzzy
72972,161662,/the-original-mr-fuzzy
72975,161664,/the-original-mr-fuzzy
72974,161668,/the-original-mr-fuzzy
72980,161679,/the-original-mr-fuzzy
72982,161683,/the-original-mr-fuzzy
72996,161700,/the-original-mr-fuzzy
72997,161709,/the-original-mr-fuzzy
72999,161714,/the-original-mr-fuzzy
73000,161718,/the-forever-love-bear
73004,161721,/the-original-mr-fuzzy
73006,161731,/the-original-mr-fuzzy
73010,161736,/the-forever-love-bear
73019,161756,/the-original-mr-fuzzy
73020,161759,/the-original-mr-fuzzy
73022,161763,/the-forever-love-bear
73018,161764,/the-original-mr-fuzzy
73025,161783,/the-original-mr-fuzzy
73024,161785,/the-original-mr-fuzzy
73027,161790,/the-original-mr-fuzzy
73029,161791,/the-original-mr-fuzzy
73034,161801,/the-original-mr-fuzzy
73033,161809,/the-original-mr-fuzzy
73040,161815,/the-original-mr-fuzzy
73042,161816,/the-original-mr-fuzzy
73046,161827,/the-original-mr-fuzzy
73044,161828,/the-forever-love-bear
73047,161832,/the-original-mr-fuzzy
73050,161842,/the-forever-love-bear
73052,161845,/the-original-mr-fuzzy
73051,161846,/the-original-mr-fuzzy
73055,161849,/the-original-mr-fuzzy
73063,161866,/the-original-mr-fuzzy
73066,161869,/the-original-mr-fuzzy
73067,161875,/the-original-mr-fuzzy
73072,161894,/the-original-mr-fuzzy
73075,161896,/the-original-mr-fuzzy
73073,161897,/the-original-mr-fuzzy
73077,161899,/the-original-mr-fuzzy
73078,161900,/the-forever-love-bear
73079,161904,/the-original-mr-fuzzy
73082,161917,/the-original-mr-fuzzy
73081,161919,/the-original-mr-fuzzy
73087,161924,/the-original-mr-fuzzy
73088,161928,/the-original-mr-fuzzy
73090,161933,/the-original-mr-fuzzy
73093,161940,/the-original-mr-fuzzy
73095,161946,/the-original-mr-fuzzy
73105,161958,/the-original-mr-fuzzy
73103,161963,/the-original-mr-fuzzy
73104,161965,/the-original-mr-fuzzy
73108,161969,/the-original-mr-fuzzy
73111,161973,/the-original-mr-fuzzy
73115,161981,/the-original-mr-fuzzy
73114,161984,/the-original-mr-fuzzy
73117,162000,/the-original-mr-fuzzy
73119,162005,/the-original-mr-fuzzy
73118,162008,/the-original-mr-fuzzy
73120,162011,/the-original-mr-fuzzy
73125,162013,/the-original-mr-fuzzy
73129,162025,/the-original-mr-fuzzy
73130,162027,/the-forever-love-bear
73132,162032,/the-original-mr-fuzzy
73135,162037,/the-forever-love-bear
73138,162046,/the-forever-love-bear
73140,162050,/the-original-mr-fuzzy
73137,162052,/the-original-mr-fuzzy
73139,162061,/the-original-mr-fuzzy
73145,162068,/the-original-mr-fuzzy
73146,162071,/the-original-mr-fuzzy
73148,162072,/the-forever-love-bear
73153,162081,/the-original-mr-fuzzy
73154,162088,/the-original-mr-fuzzy
73152,162092,/the-original-mr-fuzzy
73157,162097,/the-original-mr-fuzzy
73159,162099,/the-original-mr-fuzzy
73160,162100,/the-forever-love-bear
73158,162101,/the-original-mr-fuzzy
73167,162113,/the-original-mr-fuzzy
73170,162116,/the-original-mr-fuzzy
73164,162117,/the-forever-love-bear
73169,162122,/the-original-mr-fuzzy
73172,162129,/the-original-mr-fuzzy
73175,162134,/the-forever-love-bear
73174,162140,/the-original-mr-fuzzy
73176,162143,/the-original-mr-fuzzy
73180,162147,/the-original-mr-fuzzy
73181,162158,/the-original-mr-fuzzy
73183,162162,/the-original-mr-fuzzy
73189,162170,/the-original-mr-fuzzy
73195,162180,/the-original-mr-fuzzy
73193,162186,/the-original-mr-fuzzy
73196,162187,/the-original-mr-fuzzy
73197,162189,/the-original-mr-fuzzy
73200,162204,/the-original-mr-fuzzy
73198,162206,/the-original-mr-fuzzy
73205,162210,/the-forever-love-bear
73208,162217,/the-original-mr-fuzzy
73207,162218,/the-original-mr-fuzzy
73215,162228,/the-original-mr-fuzzy
73213,162232,/the-original-mr-fuzzy
73217,162238,/the-original-mr-fuzzy
73219,162242,/the-original-mr-fuzzy
73225,162252,/the-original-mr-fuzzy
73226,162258,/the-original-mr-fuzzy
73231,162266,/the-forever-love-bear
73232,162267,/the-original-mr-fuzzy
73240,162281,/the-original-mr-fuzzy
73246,162290,/the-original-mr-fuzzy
73248,162294,/the-original-mr-fuzzy
73249,162296,/the-original-mr-fuzzy
73250,162300,/the-original-mr-fuzzy
73255,162309,/the-original-mr-fuzzy
73254,162314,/the-forever-love-bear
73260,162325,/the-forever-love-bear
73263,162334,/the-original-mr-fuzzy
73266,162340,/the-original-mr-fuzzy
73268,162345,/the-original-mr-fuzzy
73271,162351,/the-original-mr-fuzzy
73272,162354,/the-original-mr-fuzzy
73274,162361,/the-original-mr-fuzzy
73278,162370,/the-original-mr-fuzzy
73287,162378,/the-forever-love-bear
73288,162383,/the-original-mr-fuzzy
73289,162390,/the-original-mr-fuzzy
73296,162400,/the-original-mr-fuzzy
73299,162406,/the-forever-love-bear
73303,162412,/the-original-mr-fuzzy
73306,162418,/the-original-mr-fuzzy
73308,162421,/the-original-mr-fuzzy
73311,162426,/the-original-mr-fuzzy
73312,162431,/the-original-mr-fuzzy
73316,162439,/the-forever-love-bear
73317,162443,/the-original-mr-fuzzy
73322,162451,/the-original-mr-fuzzy
73323,162455,/the-original-mr-fuzzy
73327,162465,/the-original-mr-fuzzy
73329,162468,/the-original-mr-fuzzy
73334,162476,/the-original-mr-fuzzy
73335,162478,/the-original-mr-fuzzy
73337,162483,/the-original-mr-fuzzy
73338,162488,/the-original-mr-fuzzy
73342,162497,/the-original-mr-fuzzy
73343,162505,/the-original-mr-fuzzy
73345,162509,/the-original-mr-fuzzy
73351,162521,/the-original-mr-fuzzy
73353,162528,/the-forever-love-bear
73360,162542,/the-original-mr-fuzzy
73362,162546,/the-original-mr-fuzzy
73363,162554,/the-original-mr-fuzzy
73366,162558,/the-original-mr-fuzzy
73369,162569,/the-original-mr-fuzzy
73375,162576,/the-original-mr-fuzzy
73380,162583,/the-original-mr-fuzzy
73382,162590,/the-forever-love-bear
73384,162594,/the-original-mr-fuzzy
73387,162605,/the-original-mr-fuzzy
73388,162608,/the-original-mr-fuzzy
73386,162609,/the-original-mr-fuzzy
73389,162612,/the-original-mr-fuzzy
73391,162617,/the-original-mr-fuzzy
73392,162620,/the-original-mr-fuzzy
73393,162624,/the-original-mr-fuzzy
73400,162634,/the-original-mr-fuzzy
73402,162640,/the-original-mr-fuzzy
73404,162642,/the-original-mr-fuzzy
73405,162646,/the-original-mr-fuzzy
73407,162650,/the-original-mr-fuzzy
73412,162662,/the-forever-love-bear
73413,162664,/the-original-mr-fuzzy
73422,162677,/the-original-mr-fuzzy
73425,162683,/the-original-mr-fuzzy
73426,162689,/the-original-mr-fuzzy
73427,162692,/the-original-mr-fuzzy
73432,162700,/the-original-mr-fuzzy
73435,162708,/the-original-mr-fuzzy
73440,162714,/the-original-mr-fuzzy
73439,162715,/the-original-mr-fuzzy
73441,162724,/the-original-mr-fuzzy
73447,162734,/the-original-mr-fuzzy
73451,162738,/the-original-mr-fuzzy
73453,162745,/the-original-mr-fuzzy
73455,162747,/the-original-mr-fuzzy
73452,162748,/the-original-mr-fuzzy
73458,162754,/the-forever-love-bear
73459,162762,/the-original-mr-fuzzy
73462,162766,/the-forever-love-bear
73463,162768,/the-forever-love-bear
73464,162771,/the-original-mr-fuzzy
73467,162777,/the-forever-love-bear
73472,162789,/the-original-mr-fuzzy
73474,162790,/the-original-mr-fuzzy
73473,162795,/the-forever-love-bear
73478,162802,/the-original-mr-fuzzy
73477,162804,/the-original-mr-fuzzy
73476,162807,/the-original-mr-fuzzy
73480,162814,/the-original-mr-fuzzy
73479,162817,/the-forever-love-bear
73481,162823,/the-original-mr-fuzzy
73487,162832,/the-original-mr-fuzzy
73488,162834,/the-original-mr-fuzzy
73489,162837,/the-original-mr-fuzzy
73493,162847,/the-forever-love-bear
73494,162848,/the-original-mr-fuzzy
73497,162856,/the-original-mr-fuzzy
73500,162862,/the-forever-love-bear
73501,162870,/the-original-mr-fuzzy
73502,162874,/the-original-mr-fuzzy
73503,162881,/the-original-mr-fuzzy
73511,162891,/the-original-mr-fuzzy
73513,162892,/the-original-mr-fuzzy
73515,162904,/the-original-mr-fuzzy
73518,162910,/the-original-mr-fuzzy
73520,162915,/the-forever-love-bear
73524,162924,/the-forever-love-bear
73522,162925,/the-original-mr-fuzzy
73526,162931,/the-original-mr-fuzzy
73530,162936,/the-original-mr-fuzzy
73533,162942,/the-original-mr-fuzzy
73537,162952,/the-original-mr-fuzzy
73536,162953,/the-original-mr-fuzzy
73538,162956,/the-original-mr-fuzzy
73540,162968,/the-original-mr-fuzzy
73542,162976,/the-original-mr-fuzzy
73545,162979,/the-original-mr-fuzzy
73546,162983,/the-original-mr-fuzzy
73547,162989,/the-original-mr-fuzzy
73549,162993,/the-original-mr-fuzzy
73552,163000,/the-original-mr-fuzzy
73554,163003,/the-original-mr-fuzzy
73561,163014,/the-original-mr-fuzzy
73563,163024,/the-original-mr-fuzzy
73564,163025,/the-original-mr-fuzzy
73565,163031,/the-original-mr-fuzzy
73566,163032,/the-original-mr-fuzzy
73567,163040,/the-original-mr-fuzzy
73570,163046,/the-original-mr-fuzzy
73573,163050,/the-original-mr-fuzzy
73575,163054,/the-original-mr-fuzzy
73578,163063,/the-original-mr-fuzzy
73577,163064,/the-original-mr-fuzzy
73579,163065,/the-original-mr-fuzzy
73586,163084,/the-original-mr-fuzzy
73590,163090,/the-original-mr-fuzzy
73593,163101,/the-original-mr-fuzzy
73594,163105,/the-original-mr-fuzzy
73596,163111,/the-forever-love-bear
73597,163116,/the-original-mr-fuzzy
73601,163127,/the-original-mr-fuzzy
73603,163131,/the-original-mr-fuzzy
73604,163138,/the-original-mr-fuzzy
73606,163142,/the-original-mr-fuzzy
73609,163148,/the-original-mr-fuzzy
73614,163155,/the-original-mr-fuzzy
73615,163161,/the-original-mr-fuzzy
73619,163168,/the-original-mr-fuzzy
73620,163171,/the-original-mr-fuzzy
73621,163174,/the-original-mr-fuzzy
73625,163183,/the-original-mr-fuzzy
73626,163186,/the-original-mr-fuzzy
73632,163200,/the-original-mr-fuzzy
73639,163210,/the-original-mr-fuzzy
73640,163213,/the-original-mr-fuzzy
73641,163216,/the-original-mr-fuzzy
73643,163220,/the-original-mr-fuzzy
73647,163227,/the-original-mr-fuzzy
73648,163230,/the-original-mr-fuzzy
73650,163236,/the-forever-love-bear
73652,163243,/the-original-mr-fuzzy
73654,163246,/the-original-mr-fuzzy
73659,163255,/the-original-mr-fuzzy
73660,163263,/the-original-mr-fuzzy
73662,163267,/the-original-mr-fuzzy
73664,163270,/the-forever-love-bear
73665,163273,/the-original-mr-fuzzy
73666,163277,/the-original-mr-fuzzy
73667,163283,/the-original-mr-fuzzy
73669,163293,/the-original-mr-fuzzy
73671,163295,/the-original-mr-fuzzy
73672,163301,/the-original-mr-fuzzy
73673,163307,/the-original-mr-fuzzy
73676,163315,/the-forever-love-bear
73675,163317,/the-forever-love-bear
73677,163318,/the-original-mr-fuzzy
73678,163331,/the-original-mr-fuzzy
73682,163342,/the-original-mr-fuzzy
73680,163343,/the-original-mr-fuzzy
73681,163345,/the-original-mr-fuzzy
73683,163347,/the-original-mr-fuzzy
73685,163354,/the-original-mr-fuzzy
73686,163357,/the-original-mr-fuzzy
73687,163363,/the-original-mr-fuzzy
73688,163364,/the-original-mr-fuzzy
73690,163372,/the-original-mr-fuzzy
73691,163374,/the-original-mr-fuzzy
73695,163380,/the-forever-love-bear
73697,163389,/the-forever-love-bear
73704,163401,/the-original-mr-fuzzy
73705,163405,/the-original-mr-fuzzy
73706,163410,/the-original-mr-fuzzy
73707,163413,/the-original-mr-fuzzy
73709,163422,/the-original-mr-fuzzy
73710,163430,/the-original-mr-fuzzy
73713,163438,/the-original-mr-fuzzy
73714,163443,/the-original-mr-fuzzy
73716,163446,/the-original-mr-fuzzy
73717,163454,/the-forever-love-bear
73722,163461,/the-forever-love-bear
73724,163465,/the-original-mr-fuzzy
73726,163469,/the-original-mr-fuzzy
73728,163473,/the-original-mr-fuzzy
73732,163483,/the-original-mr-fuzzy
73733,163486,/the-forever-love-bear
73735,163492,/the-original-mr-fuzzy
73740,163503,/the-original-mr-fuzzy
73739,163504,/the-original-mr-fuzzy
73743,163510,/the-original-mr-fuzzy
73747,163518,/the-original-mr-fuzzy
73751,163529,/the-original-mr-fuzzy
73755,163535,/the-original-mr-fuzzy
73761,163541,/the-original-mr-fuzzy
73770,163556,/the-original-mr-fuzzy
73773,163559,/the-forever-love-bear
73771,163565,/the-original-mr-fuzzy
73775,163569,/the-original-mr-fuzzy
73778,163577,/the-original-mr-fuzzy
73783,163582,/the-original-mr-fuzzy
73786,163592,/the-original-mr-fuzzy
73784,163593,/the-forever-love-bear
73785,163594,/the-original-mr-fuzzy
73788,163602,/the-original-mr-fuzzy
73790,163609,/the-forever-love-bear
73791,163614,/the-original-mr-fuzzy
73792,163619,/the-original-mr-fuzzy
73796,163632,/the-forever-love-bear
73799,163635,/the-original-mr-fuzzy
73801,163644,/the-original-mr-fuzzy
73802,163646,/the-forever-love-bear
73803,163650,/the-original-mr-fuzzy
73808,163660,/the-original-mr-fuzzy
73811,163665,/the-original-mr-fuzzy
73812,163668,/the-original-mr-fuzzy
73813,163670,/the-original-mr-fuzzy
73819,163679,/the-forever-love-bear
73823,163689,/the-original-mr-fuzzy
73827,163700,/the-original-mr-fuzzy
73830,163707,/the-forever-love-bear
73831,163713,/the-original-mr-fuzzy
73832,163714,/the-original-mr-fuzzy
73834,163725,/the-forever-love-bear
73837,163731,/the-original-mr-fuzzy
73838,163735,/the-original-mr-fuzzy
73843,163743,/the-original-mr-fuzzy
73845,163747,/the-original-mr-fuzzy
73848,163756,/the-original-mr-fuzzy
73855,163770,/the-original-mr-fuzzy
73857,163773,/the-original-mr-fuzzy
73858,163776,/the-original-mr-fuzzy
73862,163786,/the-original-mr-fuzzy
73861,163788,/the-original-mr-fuzzy
73865,163792,/the-original-mr-fuzzy
73866,163796,/the-original-mr-fuzzy
73867,163803,/the-original-mr-fuzzy
73868,163804,/the-original-mr-fuzzy
73870,163817,/the-forever-love-bear
73871,163819,/the-original-mr-fuzzy
73874,163825,/the-original-mr-fuzzy
73877,163830,/the-original-mr-fuzzy
73879,163837,/the-original-mr-fuzzy
73882,163842,/the-original-mr-fuzzy
73886,163849,/the-original-mr-fuzzy
73888,163853,/the-original-mr-fuzzy
73889,163859,/the-original-mr-fuzzy
73891,163862,/the-original-mr-fuzzy
73894,163867,/the-original-mr-fuzzy
73900,163877,/the-original-mr-fuzzy
73902,163884,/the-original-mr-fuzzy
73904,163891,/the-original-mr-fuzzy
73907,163900,/the-original-mr-fuzzy
73908,163906,/the-original-mr-fuzzy
73909,163907,/the-original-mr-fuzzy
73913,163922,/the-original-mr-fuzzy
73912,163924,/the-original-mr-fuzzy
73911,163925,/the-original-mr-fuzzy
73914,163928,/the-original-mr-fuzzy
73917,163936,/the-forever-love-bear
73926,163950,/the-forever-love-bear
73927,163953,/the-original-mr-fuzzy
73928,163960,/the-original-mr-fuzzy
73929,163964,/the-original-mr-fuzzy
73930,163967,/the-original-mr-fuzzy
73933,163976,/the-original-mr-fuzzy
73934,163979,/the-original-mr-fuzzy
73936,163982,/the-original-mr-fuzzy
73937,163987,/the-original-mr-fuzzy
73940,163997,/the-original-mr-fuzzy
73943,164003,/the-original-mr-fuzzy
73945,164012,/the-original-mr-fuzzy
73946,164013,/the-original-mr-fuzzy
73948,164025,/the-original-mr-fuzzy
73949,164029,/the-original-mr-fuzzy
73951,164038,/the-original-mr-fuzzy
73956,164050,/the-original-mr-fuzzy
73955,164052,/the-original-mr-fuzzy
73958,164053,/the-forever-love-bear
73959,164061,/the-original-mr-fuzzy
73963,164068,/the-original-mr-fuzzy
73962,164069,/the-original-mr-fuzzy
73964,164072,/the-original-mr-fuzzy
73967,164079,/the-original-mr-fuzzy
73976,164091,/the-original-mr-fuzzy
73979,164095,/the-original-mr-fuzzy
73981,164102,/the-original-mr-fuzzy
73984,164104,/the-original-mr-fuzzy
73986,164113,/the-forever-love-bear
73987,164114,/the-original-mr-fuzzy
73990,164120,/the-original-mr-fuzzy
73996,164131,/the-forever-love-bear
73999,164134,/the-original-mr-fuzzy
74003,164143,/the-original-mr-fuzzy
74002,164144,/the-original-mr-fuzzy
74006,164154,/the-original-mr-fuzzy
74004,164155,/the-original-mr-fuzzy
74005,164156,/the-original-mr-fuzzy
74010,164170,/the-original-mr-fuzzy
74012,164181,/the-original-mr-fuzzy
74014,164182,/the-original-mr-fuzzy
74013,164184,/the-original-mr-fuzzy
74021,164200,/the-original-mr-fuzzy
74018,164204,/the-forever-love-bear
74024,164211,/the-original-mr-fuzzy
74023,164212,/the-original-mr-fuzzy
74026,164216,/the-forever-love-bear
74030,164222,/the-original-mr-fuzzy
74031,164225,/the-forever-love-bear
74032,164229,/the-original-mr-fuzzy
74034,164234,/the-original-mr-fuzzy
74036,164236,/the-original-mr-fuzzy
74040,164248,/the-original-mr-fuzzy
74046,164256,/the-original-mr-fuzzy
74045,164257,/the-forever-love-bear
74048,164264,/the-original-mr-fuzzy
74053,164280,/the-original-mr-fuzzy
74055,164284,/the-original-mr-fuzzy
74059,164290,/the-original-mr-fuzzy
74058,164292,/the-forever-love-bear
74064,164303,/the-original-mr-fuzzy
74067,164312,/the-original-mr-fuzzy
74076,164329,/the-original-mr-fuzzy
74071,164330,/the-original-mr-fuzzy
74080,164340,/the-forever-love-bear
74082,164343,/the-original-mr-fuzzy
74083,164349,/the-original-mr-fuzzy
74084,164353,/the-original-mr-fuzzy
74087,164358,/the-original-mr-fuzzy
74092,164363,/the-original-mr-fuzzy
74099,164377,/the-original-mr-fuzzy
74103,164380,/the-original-mr-fuzzy
74104,164385,/the-original-mr-fuzzy
74114,164399,/the-forever-love-bear
74116,164403,/the-forever-love-bear
74117,164408,/the-original-mr-fuzzy
74121,164416,/the-original-mr-fuzzy
74126,164427,/the-original-mr-fuzzy
74129,164432,/the-original-mr-fuzzy
74131,164436,/the-original-mr-fuzzy
74133,164445,/the-original-mr-fuzzy
74132,164446,/the-original-mr-fuzzy
74134,164451,/the-original-mr-fuzzy
74139,164459,/the-original-mr-fuzzy
74141,164465,/the-original-mr-fuzzy
74142,164469,/the-original-mr-fuzzy
74143,164472,/the-original-mr-fuzzy
74145,164480,/the-original-mr-fuzzy
74146,164484,/the-forever-love-bear
74148,164487,/the-original-mr-fuzzy
74149,164490,/the-forever-love-bear
74150,164494,/the-original-mr-fuzzy
74152,164499,/the-original-mr-fuzzy
74156,164507,/the-original-mr-fuzzy
74157,164514,/the-original-mr-fuzzy
74166,164528,/the-original-mr-fuzzy
74171,164536,/the-original-mr-fuzzy
74174,164542,/the-original-mr-fuzzy
74176,164546,/the-forever-love-bear
74177,164549,/the-original-mr-fuzzy
74178,164555,/the-original-mr-fuzzy
74180,164562,/the-original-mr-fuzzy
74182,164571,/the-original-mr-fuzzy
74181,164572,/the-original-mr-fuzzy
74183,164582,/the-original-mr-fuzzy
74185,164585,/the-original-mr-fuzzy
74187,164591,/the-original-mr-fuzzy
74188,164595,/the-original-mr-fuzzy
74192,164603,/the-original-mr-fuzzy
74193,164609,/the-original-mr-fuzzy
74194,164617,/the-forever-love-bear
74196,164622,/the-original-mr-fuzzy
74198,164625,/the-forever-love-bear
74197,164628,/the-original-mr-fuzzy
74199,164629,/the-original-mr-fuzzy
74206,164642,/the-original-mr-fuzzy
74207,164644,/the-original-mr-fuzzy
74208,164648,/the-original-mr-fuzzy
74213,164657,/the-original-mr-fuzzy
74214,164658,/the-original-mr-fuzzy
74212,164660,/the-original-mr-fuzzy
74216,164667,/the-original-mr-fuzzy
74220,164676,/the-original-mr-fuzzy
74224,164685,/the-forever-love-bear
74225,164687,/the-forever-love-bear
74227,164699,/the-original-mr-fuzzy
74232,164702,/the-original-mr-fuzzy
74235,164704,/the-forever-love-bear
74236,164712,/the-original-mr-fuzzy
74239,164721,/the-original-mr-fuzzy
74240,164727,/the-original-mr-fuzzy
74242,164729,/the-original-mr-fuzzy
74246,164740,/the-original-mr-fuzzy
74249,164742,/the-original-mr-fuzzy
74250,164746,/the-original-mr-fuzzy
74257,164755,/the-original-mr-fuzzy
74259,164758,/the-original-mr-fuzzy
74260,164761,/the-original-mr-fuzzy
74262,164767,/the-original-mr-fuzzy
74263,164770,/the-original-mr-fuzzy
74265,164772,/the-original-mr-fuzzy
74266,164777,/the-original-mr-fuzzy
74272,164789,/the-original-mr-fuzzy
74274,164792,/the-original-mr-fuzzy
74279,164800,/the-original-mr-fuzzy
74277,164801,/the-original-mr-fuzzy
74281,164806,/the-original-mr-fuzzy
74283,164815,/the-original-mr-fuzzy
74284,164817,/the-original-mr-fuzzy
74285,164821,/the-original-mr-fuzzy
74287,164829,/the-original-mr-fuzzy
74288,164833,/the-original-mr-fuzzy
74294,164841,/the-original-mr-fuzzy
74296,164848,/the-original-mr-fuzzy
74295,164850,/the-original-mr-fuzzy
74301,164860,/the-original-mr-fuzzy
74303,164865,/the-original-mr-fuzzy
74305,164870,/the-original-mr-fuzzy
74307,164877,/the-original-mr-fuzzy
74306,164879,/the-original-mr-fuzzy
74310,164886,/the-original-mr-fuzzy
74309,164887,/the-original-mr-fuzzy
74311,164889,/the-forever-love-bear
74318,164900,/the-original-mr-fuzzy
74319,164905,/the-original-mr-fuzzy
74324,164915,/the-original-mr-fuzzy
74326,164917,/the-original-mr-fuzzy
74332,164931,/the-original-mr-fuzzy
74334,164935,/the-forever-love-bear
74333,164937,/the-original-mr-fuzzy
74335,164939,/the-original-mr-fuzzy
74336,164942,/the-original-mr-fuzzy
74338,164949,/the-original-mr-fuzzy
74337,164950,/the-original-mr-fuzzy
74340,164953,/the-original-mr-fuzzy
74346,164961,/the-original-mr-fuzzy
74345,164966,/the-original-mr-fuzzy
74350,164973,/the-original-mr-fuzzy
74352,164977,/the-original-mr-fuzzy
74354,164986,/the-original-mr-fuzzy
74356,164993,/the-original-mr-fuzzy
74359,164999,/the-original-mr-fuzzy
74357,165000,/the-forever-love-bear
74361,165007,/the-original-mr-fuzzy
74363,165010,/the-original-mr-fuzzy
74364,165020,/the-original-mr-fuzzy
74369,165028,/the-original-mr-fuzzy
74373,165037,/the-forever-love-bear
74377,165045,/the-original-mr-fuzzy
74378,165052,/the-original-mr-fuzzy
74379,165053,/the-original-mr-fuzzy
74382,165059,/the-original-mr-fuzzy
74386,165071,/the-original-mr-fuzzy
74389,165074,/the-original-mr-fuzzy
74390,165077,/the-original-mr-fuzzy
74393,165088,/the-original-mr-fuzzy
74403,165104,/the-original-mr-fuzzy
74402,165105,/the-original-mr-fuzzy
74407,165119,/the-original-mr-fuzzy
74408,165123,/the-original-mr-fuzzy
74417,165133,/the-original-mr-fuzzy
74418,165138,/the-original-mr-fuzzy
74419,165139,/the-original-mr-fuzzy
74420,165142,/the-original-mr-fuzzy
74424,165150,/the-original-mr-fuzzy
74426,165154,/the-original-mr-fuzzy
74427,165157,/the-original-mr-fuzzy
74428,165160,/the-original-mr-fuzzy
74429,165164,/the-original-mr-fuzzy
74431,165170,/the-original-mr-fuzzy
74432,165173,/the-original-mr-fuzzy
74434,165179,/the-original-mr-fuzzy
74436,165181,/the-original-mr-fuzzy
74437,165188,/the-original-mr-fuzzy
74439,165192,/the-original-mr-fuzzy
74441,165201,/the-original-mr-fuzzy
74443,165204,/the-original-mr-fuzzy
74445,165208,/the-original-mr-fuzzy
74448,165216,/the-original-mr-fuzzy
74451,165220,/the-original-mr-fuzzy
74457,165233,/the-original-mr-fuzzy
74459,165240,/the-original-mr-fuzzy
74470,165251,/the-original-mr-fuzzy
74473,165256,/the-original-mr-fuzzy
74472,165258,/the-original-mr-fuzzy
74474,165263,/the-original-mr-fuzzy
74479,165272,/the-original-mr-fuzzy
74481,165273,/the-original-mr-fuzzy
74487,165286,/the-forever-love-bear
74489,165290,/the-original-mr-fuzzy
74491,165292,/the-original-mr-fuzzy
74492,165297,/the-original-mr-fuzzy
74495,165303,/the-original-mr-fuzzy
74496,165308,/the-original-mr-fuzzy
74500,165310,/the-original-mr-fuzzy
74504,165319,/the-original-mr-fuzzy
74502,165323,/the-forever-love-bear
74503,165324,/the-original-mr-fuzzy
74514,165346,/the-original-mr-fuzzy
74508,165347,/the-original-mr-fuzzy
74511,165348,/the-original-mr-fuzzy
74515,165359,/the-original-mr-fuzzy
74513,165361,/the-original-mr-fuzzy
74524,165376,/the-original-mr-fuzzy
74525,165381,/the-original-mr-fuzzy
74530,165389,/the-original-mr-fuzzy
74532,165401,/the-original-mr-fuzzy
74537,165403,/the-original-mr-fuzzy
74542,165414,/the-original-mr-fuzzy
74544,165416,/the-original-mr-fuzzy
74543,165418,/the-original-mr-fuzzy
74550,165428,/the-original-mr-fuzzy
74552,165434,/the-original-mr-fuzzy
74559,165450,/the-original-mr-fuzzy
74563,165454,/the-original-mr-fuzzy
74569,165463,/the-original-mr-fuzzy
74566,165466,/the-original-mr-fuzzy
74570,165468,/the-original-mr-fuzzy
74573,165472,/the-original-mr-fuzzy
74575,165478,/the-original-mr-fuzzy
74577,165485,/the-forever-love-bear
74579,165486,/the-original-mr-fuzzy
74580,165495,/the-original-mr-fuzzy
74583,165497,/the-original-mr-fuzzy
74585,165501,/the-original-mr-fuzzy
74590,165516,/the-original-mr-fuzzy
74591,165519,/the-original-mr-fuzzy
74593,165524,/the-original-mr-fuzzy
74594,165526,/the-original-mr-fuzzy
74595,165535,/the-original-mr-fuzzy
74599,165542,/the-original-mr-fuzzy
74600,165545,/the-original-mr-fuzzy
74601,165550,/the-original-mr-fuzzy
74610,165561,/the-original-mr-fuzzy
74612,165569,/the-original-mr-fuzzy
74615,165577,/the-forever-love-bear
74616,165578,/the-original-mr-fuzzy
74617,165580,/the-original-mr-fuzzy
74619,165587,/the-original-mr-fuzzy
74623,165597,/the-original-mr-fuzzy
74628,165606,/the-original-mr-fuzzy
74627,165608,/the-original-mr-fuzzy
74630,165611,/the-original-mr-fuzzy
74632,165621,/the-original-mr-fuzzy
74635,165629,/the-original-mr-fuzzy
74634,165632,/the-original-mr-fuzzy
74638,165637,/the-original-mr-fuzzy
74641,165643,/the-original-mr-fuzzy
74645,165654,/the-original-mr-fuzzy
74646,165658,/the-original-mr-fuzzy
74649,165668,/the-original-mr-fuzzy
74650,165669,/the-original-mr-fuzzy
74653,165682,/the-original-mr-fuzzy
74651,165683,/the-original-mr-fuzzy
74654,165684,/the-original-mr-fuzzy
74657,165699,/the-original-mr-fuzzy
74663,165707,/the-original-mr-fuzzy
74666,165713,/the-original-mr-fuzzy
74665,165715,/the-original-mr-fuzzy
74667,165725,/the-original-mr-fuzzy
74674,165738,/the-original-mr-fuzzy
74677,165746,/the-original-mr-fuzzy
74678,165751,/the-original-mr-fuzzy
74687,165762,/the-forever-love-bear
74691,165771,/the-original-mr-fuzzy
74694,165777,/the-original-mr-fuzzy
74695,165779,/the-original-mr-fuzzy
74699,165789,/the-original-mr-fuzzy
74702,165796,/the-original-mr-fuzzy
74700,165797,/the-original-mr-fuzzy
74703,165804,/the-original-mr-fuzzy
74705,165809,/the-original-mr-fuzzy
74708,165813,/the-original-mr-fuzzy
74709,165817,/the-original-mr-fuzzy
74711,165821,/the-forever-love-bear
74712,165824,/the-original-mr-fuzzy
74721,165840,/the-original-mr-fuzzy
74724,165849,/the-original-mr-fuzzy
74727,165857,/the-original-mr-fuzzy
74726,165859,/the-original-mr-fuzzy
74728,165860,/the-original-mr-fuzzy
74730,165861,/the-original-mr-fuzzy
74734,165874,/the-original-mr-fuzzy
74735,165879,/the-original-mr-fuzzy
74738,165888,/the-original-mr-fuzzy
74737,165891,/the-original-mr-fuzzy
74740,165895,/the-original-mr-fuzzy
74742,165903,/the-original-mr-fuzzy
74743,165909,/the-original-mr-fuzzy
74745,165912,/the-original-mr-fuzzy
74746,165916,/the-original-mr-fuzzy
74747,165917,/the-original-mr-fuzzy
74748,165924,/the-original-mr-fuzzy
74751,165940,/the-original-mr-fuzzy
74752,165942,/the-original-mr-fuzzy
74756,165949,/the-original-mr-fuzzy
74758,165953,/the-original-mr-fuzzy
74760,165958,/the-original-mr-fuzzy
74761,165960,/the-original-mr-fuzzy
74763,165966,/the-original-mr-fuzzy
74770,165976,/the-forever-love-bear
74769,165977,/the-original-mr-fuzzy
74771,165985,/the-original-mr-fuzzy
74772,165988,/the-original-mr-fuzzy
74773,165992,/the-forever-love-bear
74776,166006,/the-forever-love-bear
74777,166009,/the-original-mr-fuzzy
74778,166012,/the-original-mr-fuzzy
74780,166020,/the-forever-love-bear
74782,166030,/the-original-mr-fuzzy
74784,166037,/the-original-mr-fuzzy
74787,166040,/the-original-mr-fuzzy
74788,166045,/the-original-mr-fuzzy
74790,166053,/the-forever-love-bear
74791,166054,/the-original-mr-fuzzy
74793,166057,/the-original-mr-fuzzy
74796,166067,/the-original-mr-fuzzy
74794,166068,/the-forever-love-bear
74797,166074,/the-forever-love-bear
74804,166086,/the-original-mr-fuzzy
74806,166096,/the-original-mr-fuzzy
74809,166099,/the-original-mr-fuzzy
74814,166104,/the-original-mr-fuzzy
74815,166109,/the-original-mr-fuzzy
74816,166114,/the-original-mr-fuzzy
74819,166120,/the-original-mr-fuzzy
74821,166123,/the-original-mr-fuzzy
74822,166132,/the-original-mr-fuzzy
74823,166133,/the-original-mr-fuzzy
74825,166142,/the-original-mr-fuzzy
74832,166152,/the-original-mr-fuzzy
74834,166155,/the-original-mr-fuzzy
74837,166161,/the-original-mr-fuzzy
74840,166169,/the-forever-love-bear
74845,166177,/the-forever-love-bear
74846,166183,/the-forever-love-bear
74848,166186,/the-forever-love-bear
74849,166189,/the-original-mr-fuzzy
74850,166192,/the-original-mr-fuzzy
74851,166195,/the-original-mr-fuzzy
74852,166199,/the-original-mr-fuzzy
74865,166217,/the-original-mr-fuzzy
74870,166225,/the-original-mr-fuzzy
74871,166232,/the-original-mr-fuzzy
74873,166236,/the-original-mr-fuzzy
74876,166242,/the-original-mr-fuzzy
74878,166246,/the-original-mr-fuzzy
74883,166253,/the-original-mr-fuzzy
74888,166264,/the-original-mr-fuzzy
74890,166268,/the-original-mr-fuzzy
74889,166270,/the-original-mr-fuzzy
74893,166281,/the-original-mr-fuzzy
74895,166286,/the-original-mr-fuzzy
74896,166294,/the-original-mr-fuzzy
74900,166301,/the-original-mr-fuzzy
74905,166311,/the-original-mr-fuzzy
74907,166314,/the-original-mr-fuzzy
74910,166321,/the-forever-love-bear
74909,166322,/the-original-mr-fuzzy
74915,166333,/the-original-mr-fuzzy
74914,166335,/the-original-mr-fuzzy
74918,166346,/the-original-mr-fuzzy
74919,166349,/the-original-mr-fuzzy
74920,166350,/the-original-mr-fuzzy
74930,166367,/the-original-mr-fuzzy
74933,166374,/the-original-mr-fuzzy
74936,166384,/the-original-mr-fuzzy
74937,166387,/the-original-mr-fuzzy
74939,166392,/the-original-mr-fuzzy
74941,166398,/the-original-mr-fuzzy
74940,166400,/the-original-mr-fuzzy
74944,166411,/the-original-mr-fuzzy
74946,166416,/the-original-mr-fuzzy
74947,166418,/the-original-mr-fuzzy
74949,166422,/the-forever-love-bear
74952,166428,/the-forever-love-bear
74953,166430,/the-original-mr-fuzzy
74961,166442,/the-original-mr-fuzzy
74963,166449,/the-original-mr-fuzzy
74964,166451,/the-original-mr-fuzzy
74967,166454,/the-original-mr-fuzzy
74968,166461,/the-original-mr-fuzzy
74969,166464,/the-original-mr-fuzzy
74970,166467,/the-forever-love-bear
74971,166470,/the-original-mr-fuzzy
74972,166474,/the-original-mr-fuzzy
74974,166477,/the-original-mr-fuzzy
74978,166484,/the-original-mr-fuzzy
74979,166491,/the-forever-love-bear
74980,166494,/the-original-mr-fuzzy
74985,166506,/the-forever-love-bear
74989,166513,/the-original-mr-fuzzy
74992,166521,/the-original-mr-fuzzy
74994,166525,/the-forever-love-bear
74995,166529,/the-original-mr-fuzzy
74998,166534,/the-forever-love-bear
75000,166540,/the-original-mr-fuzzy
75006,166553,/the-original-mr-fuzzy
75007,166557,/the-forever-love-bear
75008,166559,/the-original-mr-fuzzy
75009,166566,/the-original-mr-fuzzy
75010,166570,/the-forever-love-bear
75011,166576,/the-forever-love-bear
75013,166580,/the-original-mr-fuzzy
75021,166590,/the-original-mr-fuzzy
75022,166596,/the-original-mr-fuzzy
75025,166603,/the-original-mr-fuzzy
75026,166606,/the-original-mr-fuzzy
75027,166612,/the-forever-love-bear
75028,166615,/the-original-mr-fuzzy
75030,166619,/the-original-mr-fuzzy
75031,166622,/the-forever-love-bear
75034,166629,/the-original-mr-fuzzy
75037,166638,/the-forever-love-bear
75040,166646,/the-original-mr-fuzzy
75042,166649,/the-original-mr-fuzzy
75044,166653,/the-forever-love-bear
75046,166658,/the-original-mr-fuzzy
75047,166662,/the-original-mr-fuzzy
75048,166671,/the-original-mr-fuzzy
75052,166674,/the-original-mr-fuzzy
75053,166680,/the-original-mr-fuzzy
75054,166682,/the-original-mr-fuzzy
75058,166687,/the-original-mr-fuzzy
75060,166695,/the-original-mr-fuzzy
75062,166706,/the-original-mr-fuzzy
75064,166709,/the-original-mr-fuzzy
75067,166718,/the-original-mr-fuzzy
75068,166720,/the-original-mr-fuzzy
75078,166737,/the-original-mr-fuzzy
75079,166740,/the-original-mr-fuzzy
75081,166744,/the-original-mr-fuzzy
75083,166750,/the-original-mr-fuzzy
75085,166754,/the-original-mr-fuzzy
75086,166757,/the-original-mr-fuzzy
75091,166765,/the-original-mr-fuzzy
75098,166775,/the-forever-love-bear
75101,166781,/the-forever-love-bear
75106,166790,/the-original-mr-fuzzy
75105,166791,/the-original-mr-fuzzy
75110,166800,/the-original-mr-fuzzy
75111,166805,/the-original-mr-fuzzy
75112,166808,/the-original-mr-fuzzy
75114,166817,/the-original-mr-fuzzy
75119,166827,/the-original-mr-fuzzy
75121,166833,/the-original-mr-fuzzy
75120,166835,/the-original-mr-fuzzy
75122,166840,/the-original-mr-fuzzy
75126,166851,/the-original-mr-fuzzy
75128,166857,/the-original-mr-fuzzy
75129,166859,/the-original-mr-fuzzy
75133,166865,/the-forever-love-bear
75140,166876,/the-original-mr-fuzzy
75141,166879,/the-forever-love-bear
75142,166884,/the-original-mr-fuzzy
75151,166898,/the-original-mr-fuzzy
75152,166903,/the-original-mr-fuzzy
75153,166906,/the-original-mr-fuzzy
75154,166908,/the-original-mr-fuzzy
75155,166915,/the-original-mr-fuzzy
75159,166924,/the-original-mr-fuzzy
75164,166933,/the-original-mr-fuzzy
75166,166935,/the-forever-love-bear
75167,166941,/the-original-mr-fuzzy
75170,166949,/the-original-mr-fuzzy
75172,166956,/the-original-mr-fuzzy
75176,166964,/the-original-mr-fuzzy
75178,166973,/the-original-mr-fuzzy
75180,166978,/the-original-mr-fuzzy
75181,166979,/the-original-mr-fuzzy
75190,166997,/the-original-mr-fuzzy
75194,167010,/the-original-mr-fuzzy
75195,167016,/the-original-mr-fuzzy
75202,167026,/the-original-mr-fuzzy
75205,167030,/the-original-mr-fuzzy
75207,167037,/the-forever-love-bear
75209,167041,/the-original-mr-fuzzy
75210,167045,/the-original-mr-fuzzy
75208,167046,/the-original-mr-fuzzy
75213,167056,/the-forever-love-bear
75219,167068,/the-original-mr-fuzzy
75218,167071,/the-original-mr-fuzzy
75221,167074,/the-original-mr-fuzzy
75224,167082,/the-original-mr-fuzzy
75226,167085,/the-original-mr-fuzzy
75227,167088,/the-original-mr-fuzzy
75233,167097,/the-forever-love-bear
75232,167100,/the-original-mr-fuzzy
75237,167112,/the-original-mr-fuzzy
75238,167117,/the-forever-love-bear
75240,167118,/the-original-mr-fuzzy
75244,167130,/the-forever-love-bear
75247,167133,/the-original-mr-fuzzy
75249,167143,/the-original-mr-fuzzy
75256,167154,/the-original-mr-fuzzy
75271,167178,/the-original-mr-fuzzy
75273,167181,/the-original-mr-fuzzy
75274,167187,/the-forever-love-bear
75280,167199,/the-original-mr-fuzzy
75284,167207,/the-original-mr-fuzzy
75286,167211,/the-original-mr-fuzzy
75287,167215,/the-original-mr-fuzzy
75288,167223,/the-original-mr-fuzzy
75290,167227,/the-original-mr-fuzzy
75292,167231,/the-original-mr-fuzzy
75293,167235,/the-original-mr-fuzzy
75295,167242,/the-original-mr-fuzzy
75296,167245,/the-original-mr-fuzzy
75300,167251,/the-original-mr-fuzzy
75304,167259,/the-original-mr-fuzzy
75307,167267,/the-original-mr-fuzzy
75309,167272,/the-original-mr-fuzzy
75312,167277,/the-original-mr-fuzzy
75322,167291,/the-original-mr-fuzzy
75324,167296,/the-original-mr-fuzzy
75325,167302,/the-original-mr-fuzzy
75329,167314,/the-original-mr-fuzzy
75332,167322,/the-original-mr-fuzzy
75333,167327,/the-forever-love-bear
75334,167331,/the-original-mr-fuzzy
75339,167339,/the-original-mr-fuzzy
75343,167345,/the-original-mr-fuzzy
75344,167352,/the-original-mr-fuzzy
75348,167358,/the-original-mr-fuzzy
75351,167362,/the-original-mr-fuzzy
75354,167369,/the-forever-love-bear
75353,167370,/the-original-mr-fuzzy
75355,167378,/the-original-mr-fuzzy
75358,167384,/the-original-mr-fuzzy
75359,167390,/the-original-mr-fuzzy
75360,167394,/the-original-mr-fuzzy
75361,167404,/the-original-mr-fuzzy
75368,167413,/the-original-mr-fuzzy
75369,167416,/the-original-mr-fuzzy
75374,167425,/the-forever-love-bear
75378,167431,/the-forever-love-bear
75380,167442,/the-original-mr-fuzzy
75381,167446,/the-forever-love-bear
75383,167449,/the-original-mr-fuzzy
75385,167457,/the-original-mr-fuzzy
75386,167464,/the-original-mr-fuzzy
75392,167471,/the-original-mr-fuzzy
75391,167472,/the-forever-love-bear
75393,167479,/the-original-mr-fuzzy
75399,167491,/the-original-mr-fuzzy
75408,167508,/the-forever-love-bear
75417,167524,/the-original-mr-fuzzy
75418,167527,/the-original-mr-fuzzy
75419,167531,/the-forever-love-bear
75420,167538,/the-original-mr-fuzzy
75422,167542,/the-original-mr-fuzzy
75425,167545,/the-original-mr-fuzzy
75426,167552,/the-original-mr-fuzzy
75428,167555,/the-original-mr-fuzzy
75431,167565,/the-original-mr-fuzzy
75432,167571,/the-forever-love-bear
75435,167575,/the-forever-love-bear
75436,167578,/the-original-mr-fuzzy
75440,167591,/the-original-mr-fuzzy
75442,167595,/the-original-mr-fuzzy
75445,167603,/the-forever-love-bear
75444,167606,/the-original-mr-fuzzy
75446,167609,/the-original-mr-fuzzy
75454,167620,/the-original-mr-fuzzy
75458,167635,/the-original-mr-fuzzy
75459,167637,/the-original-mr-fuzzy
75461,167638,/the-original-mr-fuzzy
75466,167647,/the-forever-love-bear
75469,167656,/the-forever-love-bear
75468,167658,/the-original-mr-fuzzy
75471,167659,/the-original-mr-fuzzy
75470,167665,/the-original-mr-fuzzy
75473,167668,/the-original-mr-fuzzy
75479,167679,/the-original-mr-fuzzy
75481,167684,/the-original-mr-fuzzy
75486,167695,/the-original-mr-fuzzy
75489,167703,/the-original-mr-fuzzy
75490,167709,/the-original-mr-fuzzy
75495,167715,/the-original-mr-fuzzy
75498,167722,/the-forever-love-bear
75500,167730,/the-original-mr-fuzzy
75501,167732,/the-original-mr-fuzzy
75503,167742,/the-original-mr-fuzzy
75506,167747,/the-original-mr-fuzzy
75507,167750,/the-original-mr-fuzzy
75508,167756,/the-forever-love-bear
75509,167762,/the-original-mr-fuzzy
75510,167766,/the-forever-love-bear
75511,167771,/the-original-mr-fuzzy
75514,167777,/the-original-mr-fuzzy
75515,167780,/the-forever-love-bear
75518,167790,/the-original-mr-fuzzy
75519,167793,/the-original-mr-fuzzy
75521,167797,/the-original-mr-fuzzy
75523,167802,/the-original-mr-fuzzy
75522,167803,/the-original-mr-fuzzy
75526,167809,/the-original-mr-fuzzy
75528,167816,/the-original-mr-fuzzy
75529,167818,/the-forever-love-bear
75530,167823,/the-original-mr-fuzzy
75534,167836,/the-forever-love-bear
75537,167844,/the-original-mr-fuzzy
75538,167847,/the-original-mr-fuzzy
75540,167855,/the-original-mr-fuzzy
75545,167862,/the-original-mr-fuzzy
75546,167865,/the-original-mr-fuzzy
75547,167870,/the-original-mr-fuzzy
75555,167881,/the-original-mr-fuzzy
75563,167892,/the-forever-love-bear
75565,167898,/the-original-mr-fuzzy
75564,167899,/the-original-mr-fuzzy
75572,167911,/the-original-mr-fuzzy
75576,167921,/the-forever-love-bear
75582,167933,/the-forever-love-bear
75583,167937,/the-original-mr-fuzzy
75587,167945,/the-original-mr-fuzzy
75590,167947,/the-original-mr-fuzzy
75589,167948,/the-original-mr-fuzzy
75594,167968,/the-original-mr-fuzzy
75596,167971,/the-original-mr-fuzzy
75598,167973,/the-original-mr-fuzzy
75599,167976,/the-original-mr-fuzzy
75604,167986,/the-original-mr-fuzzy
75606,167989,/the-original-mr-fuzzy
75607,167994,/the-original-mr-fuzzy
75608,168000,/the-original-mr-fuzzy
75610,168003,/the-original-mr-fuzzy
75611,168010,/the-original-mr-fuzzy
75613,168013,/the-original-mr-fuzzy
75614,168021,/the-forever-love-bear
75612,168022,/the-original-mr-fuzzy
75619,168032,/the-forever-love-bear
75625,168043,/the-original-mr-fuzzy
75630,168052,/the-original-mr-fuzzy
75634,168062,/the-original-mr-fuzzy
75637,168069,/the-original-mr-fuzzy
75636,168071,/the-original-mr-fuzzy
75640,168081,/the-original-mr-fuzzy
75643,168084,/the-original-mr-fuzzy
75644,168089,/the-original-mr-fuzzy
75645,168094,/the-original-mr-fuzzy
75649,168099,/the-original-mr-fuzzy
75651,168104,/the-original-mr-fuzzy
75654,168116,/the-original-mr-fuzzy
75656,168121,/the-original-mr-fuzzy
75658,168125,/the-forever-love-bear
75664,168133,/the-original-mr-fuzzy
75666,168139,/the-original-mr-fuzzy
75668,168143,/the-original-mr-fuzzy
75671,168152,/the-original-mr-fuzzy
75670,168154,/the-forever-love-bear
75674,168167,/the-original-mr-fuzzy
75676,168173,/the-original-mr-fuzzy
75679,168175,/the-original-mr-fuzzy
75680,168178,/the-original-mr-fuzzy
75684,168186,/the-original-mr-fuzzy
75688,168196,/the-original-mr-fuzzy
75696,168206,/the-original-mr-fuzzy
75698,168208,/the-forever-love-bear
75701,168220,/the-original-mr-fuzzy
75703,168228,/the-original-mr-fuzzy
75705,168236,/the-forever-love-bear
75710,168242,/the-original-mr-fuzzy
75718,168257,/the-original-mr-fuzzy
75722,168264,/the-original-mr-fuzzy
75725,168267,/the-original-mr-fuzzy
75731,168282,/the-original-mr-fuzzy
75734,168288,/the-original-mr-fuzzy
75735,168292,/the-original-mr-fuzzy
75737,168296,/the-original-mr-fuzzy
75745,168309,/the-original-mr-fuzzy
75751,168317,/the-original-mr-fuzzy
75752,168321,/the-original-mr-fuzzy
75753,168325,/the-original-mr-fuzzy
75759,168338,/the-original-mr-fuzzy
75758,168339,/the-original-mr-fuzzy
75761,168340,/the-original-mr-fuzzy
75763,168349,/the-original-mr-fuzzy
75765,168354,/the-original-mr-fuzzy
75766,168361,/the-original-mr-fuzzy
75777,168379,/the-forever-love-bear
75780,168387,/the-original-mr-fuzzy
75781,168390,/the-forever-love-bear
75783,168397,/the-original-mr-fuzzy
75788,168403,/the-original-mr-fuzzy
75789,168409,/the-original-mr-fuzzy
75790,168416,/the-original-mr-fuzzy
75793,168421,/the-forever-love-bear
75794,168426,/the-original-mr-fuzzy
75795,168427,/the-original-mr-fuzzy
75796,168434,/the-original-mr-fuzzy
75798,168445,/the-original-mr-fuzzy
75800,168453,/the-original-mr-fuzzy
75801,168454,/the-forever-love-bear
75802,168462,/the-original-mr-fuzzy
75803,168464,/the-original-mr-fuzzy
75811,168479,/the-original-mr-fuzzy
75810,168480,/the-original-mr-fuzzy
75813,168487,/the-original-mr-fuzzy
75816,168491,/the-original-mr-fuzzy
75817,168494,/the-original-mr-fuzzy
75822,168502,/the-original-mr-fuzzy
75824,168506,/the-forever-love-bear
75825,168511,/the-original-mr-fuzzy
75830,168522,/the-forever-love-bear
75836,168532,/the-original-mr-fuzzy
75835,168533,/the-original-mr-fuzzy
75840,168541,/the-original-mr-fuzzy
75843,168550,/the-original-mr-fuzzy
75847,168557,/the-original-mr-fuzzy
75853,168570,/the-original-mr-fuzzy
75854,168574,/the-original-mr-fuzzy
75856,168580,/the-original-mr-fuzzy
75861,168591,/the-original-mr-fuzzy
75864,168592,/the-original-mr-fuzzy
75865,168596,/the-original-mr-fuzzy
75866,168601,/the-original-mr-fuzzy
75870,168605,/the-original-mr-fuzzy
75871,168611,/the-original-mr-fuzzy
75872,168613,/the-original-mr-fuzzy
75874,168616,/the-original-mr-fuzzy
75875,168621,/the-original-mr-fuzzy
75873,168622,/the-forever-love-bear
75876,168636,/the-forever-love-bear
75878,168639,/the-forever-love-bear
75881,168644,/the-original-mr-fuzzy
75879,168646,/the-forever-love-bear
75882,168657,/the-original-mr-fuzzy
75880,168658,/the-original-mr-fuzzy
75886,168666,/the-original-mr-fuzzy
75885,168667,/the-original-mr-fuzzy
75890,168674,/the-original-mr-fuzzy
75888,168676,/the-original-mr-fuzzy
75891,168682,/the-original-mr-fuzzy
75893,168685,/the-original-mr-fuzzy
75898,168695,/the-original-mr-fuzzy
75895,168696,/the-original-mr-fuzzy
75899,168705,/the-original-mr-fuzzy
75897,168706,/the-forever-love-bear
75900,168710,/the-original-mr-fuzzy
75903,168721,/the-original-mr-fuzzy
75908,168729,/the-original-mr-fuzzy
75909,168730,/the-original-mr-fuzzy
75912,168735,/the-original-mr-fuzzy
75919,168746,/the-original-mr-fuzzy
75923,168759,/the-original-mr-fuzzy
75927,168761,/the-original-mr-fuzzy
75929,168767,/the-original-mr-fuzzy
75930,168772,/the-original-mr-fuzzy
75934,168783,/the-original-mr-fuzzy
75933,168784,/the-original-mr-fuzzy
75936,168791,/the-original-mr-fuzzy
75939,168797,/the-forever-love-bear
75942,168802,/the-original-mr-fuzzy
75946,168809,/the-original-mr-fuzzy
75949,168817,/the-original-mr-fuzzy
75950,168821,/the-original-mr-fuzzy
75951,168824,/the-original-mr-fuzzy
75952,168830,/the-original-mr-fuzzy
75959,168838,/the-original-mr-fuzzy
75957,168839,/the-original-mr-fuzzy
75964,168855,/the-original-mr-fuzzy
75962,168860,/the-original-mr-fuzzy
75967,168866,/the-original-mr-fuzzy
75971,168877,/the-original-mr-fuzzy
75972,168879,/the-original-mr-fuzzy
75976,168886,/the-original-mr-fuzzy
75978,168891,/the-forever-love-bear
75984,168901,/the-original-mr-fuzzy
75985,168909,/the-original-mr-fuzzy
75987,168914,/the-original-mr-fuzzy
75986,168915,/the-original-mr-fuzzy
75988,168920,/the-original-mr-fuzzy
75989,168924,/the-original-mr-fuzzy
75990,168929,/the-original-mr-fuzzy
75996,168940,/the-original-mr-fuzzy
75997,168943,/the-original-mr-fuzzy
75999,168951,/the-original-mr-fuzzy
76000,168952,/the-forever-love-bear
76001,168960,/the-original-mr-fuzzy
76003,168964,/the-original-mr-fuzzy
76006,168969,/the-original-mr-fuzzy
76012,168983,/the-original-mr-fuzzy
76015,168988,/the-original-mr-fuzzy
76016,168989,/the-original-mr-fuzzy
76017,168994,/the-forever-love-bear
76022,169005,/the-original-mr-fuzzy
76025,169013,/the-original-mr-fuzzy
76026,169017,/the-forever-love-bear
76028,169023,/the-original-mr-fuzzy
76032,169035,/the-original-mr-fuzzy
76033,169038,/the-original-mr-fuzzy
76036,169044,/the-original-mr-fuzzy
76039,169048,/the-original-mr-fuzzy
76041,169052,/the-original-mr-fuzzy
76045,169060,/the-original-mr-fuzzy
76046,169062,/the-original-mr-fuzzy
76047,169065,/the-forever-love-bear
76048,169071,/the-original-mr-fuzzy
76059,169084,/the-original-mr-fuzzy
76063,169090,/the-original-mr-fuzzy
76065,169096,/the-forever-love-bear
76066,169099,/the-forever-love-bear
76069,169108,/the-original-mr-fuzzy
76070,169111,/the-original-mr-fuzzy
76078,169123,/the-original-mr-fuzzy
76079,169127,/the-original-mr-fuzzy
76083,169136,/the-original-mr-fuzzy
76082,169137,/the-original-mr-fuzzy
76084,169140,/the-original-mr-fuzzy
76088,169148,/the-original-mr-fuzzy
76095,169161,/the-original-mr-fuzzy
76097,169164,/the-original-mr-fuzzy
76098,169165,/the-original-mr-fuzzy
76099,169168,/the-original-mr-fuzzy
76102,169176,/the-original-mr-fuzzy
76104,169177,/the-original-mr-fuzzy
76107,169185,/the-forever-love-bear
76110,169191,/the-original-mr-fuzzy
76116,169202,/the-original-mr-fuzzy
76114,169205,/the-original-mr-fuzzy
76118,169213,/the-original-mr-fuzzy
76121,169220,/the-original-mr-fuzzy
76122,169227,/the-forever-love-bear
76123,169229,/the-original-mr-fuzzy
76124,169232,/the-original-mr-fuzzy
76127,169238,/the-original-mr-fuzzy
76130,169245,/the-original-mr-fuzzy
76132,169254,/the-original-mr-fuzzy
76135,169256,/the-original-mr-fuzzy
76136,169259,/the-original-mr-fuzzy
76137,169267,/the-original-mr-fuzzy
76139,169272,/the-forever-love-bear
76144,169279,/the-original-mr-fuzzy
76146,169285,/the-original-mr-fuzzy
76148,169289,/the-original-mr-fuzzy
76149,169291,/the-original-mr-fuzzy
76151,169295,/the-forever-love-bear
76155,169303,/the-original-mr-fuzzy
76156,169306,/the-original-mr-fuzzy
76157,169308,/the-original-mr-fuzzy
76159,169316,/the-original-mr-fuzzy
76160,169318,/the-original-mr-fuzzy
76162,169319,/the-original-mr-fuzzy
76165,169331,/the-original-mr-fuzzy
76166,169334,/the-original-mr-fuzzy
76167,169340,/the-forever-love-bear
76168,169342,/the-original-mr-fuzzy
76171,169346,/the-original-mr-fuzzy
76172,169350,/the-original-mr-fuzzy
76173,169352,/the-original-mr-fuzzy
76178,169365,/the-original-mr-fuzzy
76180,169369,/the-forever-love-bear
76183,169376,/the-original-mr-fuzzy
76187,169385,/the-original-mr-fuzzy
76190,169389,/the-original-mr-fuzzy
76191,169393,/the-original-mr-fuzzy
76194,169399,/the-original-mr-fuzzy
76195,169400,/the-original-mr-fuzzy
76199,169408,/the-original-mr-fuzzy
76196,169409,/the-original-mr-fuzzy
76197,169410,/the-original-mr-fuzzy
76201,169419,/the-original-mr-fuzzy
76203,169421,/the-original-mr-fuzzy
76208,169430,/the-original-mr-fuzzy
76210,169438,/the-original-mr-fuzzy
76212,169442,/the-original-mr-fuzzy
76214,169449,/the-forever-love-bear
76215,169453,/the-original-mr-fuzzy
76216,169455,/the-original-mr-fuzzy
76218,169458,/the-original-mr-fuzzy
76219,169460,/the-original-mr-fuzzy
76221,169467,/the-original-mr-fuzzy
76222,169471,/the-original-mr-fuzzy
76226,169479,/the-forever-love-bear
76227,169481,/the-original-mr-fuzzy
76231,169489,/the-original-mr-fuzzy
76232,169491,/the-original-mr-fuzzy
76235,169496,/the-original-mr-fuzzy
76245,169512,/the-original-mr-fuzzy
76243,169513,/the-original-mr-fuzzy
76249,169522,/the-original-mr-fuzzy
76250,169526,/the-original-mr-fuzzy
76253,169534,/the-original-mr-fuzzy
76255,169537,/the-original-mr-fuzzy
76256,169538,/the-original-mr-fuzzy
76260,169543,/the-original-mr-fuzzy
76262,169547,/the-original-mr-fuzzy
76263,169554,/the-original-mr-fuzzy
76264,169558,/the-original-mr-fuzzy
76266,169563,/the-original-mr-fuzzy
76267,169568,/the-original-mr-fuzzy
76274,169576,/the-original-mr-fuzzy
76275,169579,/the-original-mr-fuzzy
76278,169589,/the-original-mr-fuzzy
76277,169590,/the-original-mr-fuzzy
76280,169597,/the-original-mr-fuzzy
76279,169598,/the-original-mr-fuzzy
76281,169600,/the-original-mr-fuzzy
76283,169606,/the-forever-love-bear
76289,169612,/the-original-mr-fuzzy
76291,169616,/the-original-mr-fuzzy
76293,169622,/the-original-mr-fuzzy
76296,169628,/the-original-mr-fuzzy
76297,169629,/the-original-mr-fuzzy
76298,169635,/the-original-mr-fuzzy
76300,169640,/the-original-mr-fuzzy
76305,169653,/the-original-mr-fuzzy
76306,169656,/the-original-mr-fuzzy
76309,169660,/the-original-mr-fuzzy
76313,169668,/the-original-mr-fuzzy
76317,169676,/the-original-mr-fuzzy
76323,169683,/the-original-mr-fuzzy
76324,169686,/the-original-mr-fuzzy
76337,169705,/the-original-mr-fuzzy
76338,169708,/the-forever-love-bear
76343,169715,/the-original-mr-fuzzy
76344,169722,/the-original-mr-fuzzy
76345,169724,/the-forever-love-bear
76347,169736,/the-original-mr-fuzzy
76350,169741,/the-original-mr-fuzzy
76354,169751,/the-original-mr-fuzzy
76357,169758,/the-original-mr-fuzzy
76360,169768,/the-original-mr-fuzzy
76364,169777,/the-original-mr-fuzzy
76365,169780,/the-original-mr-fuzzy
76368,169787,/the-forever-love-bear
76369,169790,/the-original-mr-fuzzy
76373,169798,/the-original-mr-fuzzy
76375,169802,/the-forever-love-bear
76378,169809,/the-original-mr-fuzzy
76380,169813,/the-original-mr-fuzzy
76382,169821,/the-original-mr-fuzzy
76383,169824,/the-original-mr-fuzzy
76386,169830,/the-original-mr-fuzzy
76389,169836,/the-original-mr-fuzzy
76391,169841,/the-forever-love-bear
76394,169846,/the-original-mr-fuzzy
76396,169849,/the-original-mr-fuzzy
76397,169852,/the-original-mr-fuzzy
76401,169859,/the-original-mr-fuzzy
76404,169865,/the-original-mr-fuzzy
76403,169867,/the-original-mr-fuzzy
76406,169875,/the-original-mr-fuzzy
76410,169881,/the-original-mr-fuzzy
76413,169886,/the-original-mr-fuzzy
76417,169896,/the-original-mr-fuzzy
76420,169903,/the-original-mr-fuzzy
76424,169910,/the-original-mr-fuzzy
76425,169914,/the-original-mr-fuzzy
76427,169917,/the-original-mr-fuzzy
76428,169924,/the-original-mr-fuzzy
76429,169932,/the-original-mr-fuzzy
76432,169940,/the-original-mr-fuzzy
76437,169953,/the-original-mr-fuzzy
76445,169962,/the-original-mr-fuzzy
76446,169973,/the-original-mr-fuzzy
76447,169976,/the-original-mr-fuzzy
76450,169981,/the-original-mr-fuzzy
76453,169986,/the-forever-love-bear
76459,169997,/the-original-mr-fuzzy
76462,170004,/the-forever-love-bear
76464,170008,/the-original-mr-fuzzy
76465,170013,/the-original-mr-fuzzy
76467,170019,/the-original-mr-fuzzy
76469,170026,/the-original-mr-fuzzy
76470,170030,/the-original-mr-fuzzy
76476,170040,/the-forever-love-bear
76479,170047,/the-original-mr-fuzzy
76480,170048,/the-original-mr-fuzzy
76483,170055,/the-original-mr-fuzzy
76484,170057,/the-original-mr-fuzzy
76485,170062,/the-original-mr-fuzzy
76486,170066,/the-forever-love-bear
76487,170069,/the-original-mr-fuzzy
76490,170076,/the-original-mr-fuzzy
76495,170083,/the-original-mr-fuzzy
76496,170085,/the-original-mr-fuzzy
76499,170090,/the-original-mr-fuzzy
76500,170097,/the-forever-love-bear
76502,170103,/the-original-mr-fuzzy
76506,170110,/the-original-mr-fuzzy
76510,170116,/the-original-mr-fuzzy
76511,170123,/the-original-mr-fuzzy
76516,170131,/the-forever-love-bear
76523,170143,/the-original-mr-fuzzy
76529,170152,/the-original-mr-fuzzy
76536,170162,/the-original-mr-fuzzy
76535,170163,/the-original-mr-fuzzy
76538,170171,/the-original-mr-fuzzy
76541,170176,/the-forever-love-bear
76551,170190,/the-original-mr-fuzzy
76552,170191,/the-original-mr-fuzzy
76553,170199,/the-original-mr-fuzzy
76556,170204,/the-original-mr-fuzzy
76562,170217,/the-original-mr-fuzzy
76564,170218,/the-original-mr-fuzzy
76568,170231,/the-original-mr-fuzzy
76567,170234,/the-original-mr-fuzzy
76569,170235,/the-original-mr-fuzzy
76574,170243,/the-original-mr-fuzzy
76579,170252,/the-original-mr-fuzzy
76580,170265,/the-original-mr-fuzzy
76582,170266,/the-original-mr-fuzzy
76585,170269,/the-original-mr-fuzzy
76587,170280,/the-forever-love-bear
76588,170283,/the-forever-love-bear
76592,170297,/the-original-mr-fuzzy
76596,170309,/the-original-mr-fuzzy
76595,170311,/the-original-mr-fuzzy
76599,170316,/the-original-mr-fuzzy
76604,170325,/the-original-mr-fuzzy
76613,170335,/the-forever-love-bear
76616,170341,/the-original-mr-fuzzy
76617,170344,/the-original-mr-fuzzy
76621,170356,/the-forever-love-bear
76622,170360,/the-original-mr-fuzzy
76624,170363,/the-forever-love-bear
76631,170376,/the-original-mr-fuzzy
76640,170387,/the-forever-love-bear
76642,170396,/the-original-mr-fuzzy
76643,170397,/the-original-mr-fuzzy
76648,170409,/the-original-mr-fuzzy
76651,170415,/the-original-mr-fuzzy
76652,170417,/the-original-mr-fuzzy
76653,170424,/the-original-mr-fuzzy
76654,170426,/the-original-mr-fuzzy
76659,170440,/the-original-mr-fuzzy
76660,170442,/the-original-mr-fuzzy
76661,170444,/the-forever-love-bear
76671,170466,/the-original-mr-fuzzy
76672,170471,/the-original-mr-fuzzy
76676,170475,/the-original-mr-fuzzy
76677,170478,/the-original-mr-fuzzy
76679,170482,/the-original-mr-fuzzy
76680,170487,/the-original-mr-fuzzy
76681,170488,/the-original-mr-fuzzy
76683,170493,/the-original-mr-fuzzy
76686,170500,/the-original-mr-fuzzy
76688,170503,/the-original-mr-fuzzy
76690,170507,/the-forever-love-bear
76691,170514,/the-original-mr-fuzzy
76692,170518,/the-original-mr-fuzzy
76695,170523,/the-original-mr-fuzzy
76696,170532,/the-original-mr-fuzzy
76697,170536,/the-original-mr-fuzzy
76700,170543,/the-original-mr-fuzzy
76711,170558,/the-original-mr-fuzzy
76710,170559,/the-original-mr-fuzzy
76713,170570,/the-original-mr-fuzzy
76716,170575,/the-forever-love-bear
76717,170578,/the-original-mr-fuzzy
76725,170591,/the-original-mr-fuzzy
76729,170596,/the-original-mr-fuzzy
76730,170597,/the-original-mr-fuzzy
76731,170604,/the-original-mr-fuzzy
76732,170605,/the-original-mr-fuzzy
76733,170611,/the-original-mr-fuzzy
76737,170622,/the-original-mr-fuzzy
76744,170632,/the-original-mr-fuzzy
76746,170637,/the-original-mr-fuzzy
76749,170644,/the-original-mr-fuzzy
76753,170651,/the-original-mr-fuzzy
76757,170658,/the-original-mr-fuzzy
76758,170660,/the-original-mr-fuzzy
76759,170666,/the-forever-love-bear
76761,170674,/the-forever-love-bear
76762,170677,/the-original-mr-fuzzy
76766,170686,/the-original-mr-fuzzy
76765,170691,/the-original-mr-fuzzy
76769,170696,/the-original-mr-fuzzy
76771,170702,/the-original-mr-fuzzy
76773,170703,/the-forever-love-bear
76780,170716,/the-original-mr-fuzzy
76777,170718,/the-original-mr-fuzzy
76782,170727,/the-original-mr-fuzzy
76783,170730,/the-forever-love-bear
76785,170732,/the-original-mr-fuzzy
76786,170734,/the-original-mr-fuzzy
76787,170740,/the-original-mr-fuzzy
76791,170748,/the-original-mr-fuzzy
76792,170752,/the-original-mr-fuzzy
76793,170762,/the-original-mr-fuzzy
76794,170765,/the-forever-love-bear
76797,170768,/the-original-mr-fuzzy
76796,170769,/the-original-mr-fuzzy
76801,170780,/the-original-mr-fuzzy
76804,170785,/the-original-mr-fuzzy
76805,170788,/the-original-mr-fuzzy
76807,170794,/the-original-mr-fuzzy
76809,170803,/the-forever-love-bear
76810,170809,/the-forever-love-bear
76812,170813,/the-forever-love-bear
76814,170818,/the-original-mr-fuzzy
76815,170821,/the-original-mr-fuzzy
76817,170826,/the-original-mr-fuzzy
76818,170832,/the-original-mr-fuzzy
76828,170849,/the-original-mr-fuzzy
76829,170850,/the-original-mr-fuzzy
76837,170862,/the-forever-love-bear
76838,170869,/the-original-mr-fuzzy
76840,170872,/the-original-mr-fuzzy
76839,170873,/the-original-mr-fuzzy
76841,170880,/the-original-mr-fuzzy
76843,170885,/the-original-mr-fuzzy
76845,170889,/the-original-mr-fuzzy
76846,170891,/the-original-mr-fuzzy
76848,170899,/the-forever-love-bear
76849,170903,/the-original-mr-fuzzy
76851,170908,/the-forever-love-bear
76857,170918,/the-original-mr-fuzzy
76863,170927,/the-original-mr-fuzzy
76864,170930,/the-forever-love-bear
76865,170936,/the-original-mr-fuzzy
76871,170947,/the-original-mr-fuzzy
76874,170951,/the-original-mr-fuzzy
76875,170953,/the-original-mr-fuzzy
76878,170961,/the-original-mr-fuzzy
76877,170964,/the-original-mr-fuzzy
76879,170966,/the-original-mr-fuzzy
76880,170970,/the-original-mr-fuzzy
76882,170985,/the-original-mr-fuzzy
76883,170987,/the-original-mr-fuzzy
76884,170991,/the-forever-love-bear
76887,171006,/the-forever-love-bear
76893,171012,/the-original-mr-fuzzy
76895,171015,/the-original-mr-fuzzy
76897,171019,/the-original-mr-fuzzy
76901,171028,/the-original-mr-fuzzy
76911,171043,/the-original-mr-fuzzy
76914,171052,/the-original-mr-fuzzy
76913,171053,/the-original-mr-fuzzy
76921,171063,/the-original-mr-fuzzy
76923,171068,/the-original-mr-fuzzy
76924,171070,/the-forever-love-bear
76928,171078,/the-original-mr-fuzzy
76933,171085,/the-original-mr-fuzzy
76935,171090,/the-original-mr-fuzzy
76934,171091,/the-original-mr-fuzzy
76939,171100,/the-original-mr-fuzzy
76941,171104,/the-forever-love-bear
76947,171113,/the-original-mr-fuzzy
76950,171118,/the-original-mr-fuzzy
76951,171124,/the-original-mr-fuzzy
76952,171133,/the-original-mr-fuzzy
76954,171134,/the-original-mr-fuzzy
76956,171143,/the-original-mr-fuzzy
76959,171150,/the-forever-love-bear
76960,171156,/the-original-mr-fuzzy
76961,171163,/the-original-mr-fuzzy
76963,171167,/the-original-mr-fuzzy
76965,171168,/the-original-mr-fuzzy
76967,171180,/the-original-mr-fuzzy
76968,171188,/the-forever-love-bear
76970,171193,/the-original-mr-fuzzy
76971,171200,/the-original-mr-fuzzy
76977,171209,/the-forever-love-bear
76979,171216,/the-original-mr-fuzzy
76981,171222,/the-original-mr-fuzzy
76980,171223,/the-original-mr-fuzzy
76982,171227,/the-original-mr-fuzzy
76985,171234,/the-forever-love-bear
76989,171244,/the-forever-love-bear
76991,171253,/the-original-mr-fuzzy
76990,171254,/the-forever-love-bear
76992,171261,/the-original-mr-fuzzy
76995,171263,/the-original-mr-fuzzy
76997,171268,/the-original-mr-fuzzy
76998,171271,/the-original-mr-fuzzy
77004,171283,/the-original-mr-fuzzy
77005,171286,/the-original-mr-fuzzy
77007,171294,/the-original-mr-fuzzy
77009,171297,/the-original-mr-fuzzy
77012,171303,/the-original-mr-fuzzy
77013,171306,/the-original-mr-fuzzy
77015,171312,/the-original-mr-fuzzy
77018,171319,/the-original-mr-fuzzy
77022,171323,/the-original-mr-fuzzy
77031,171336,/the-original-mr-fuzzy
77032,171340,/the-original-mr-fuzzy
77034,171349,/the-original-mr-fuzzy
77036,171355,/the-original-mr-fuzzy
77039,171359,/the-original-mr-fuzzy
77041,171368,/the-original-mr-fuzzy
77045,171372,/the-original-mr-fuzzy
77046,171384,/the-original-mr-fuzzy
77047,171386,/the-original-mr-fuzzy
77049,171392,/the-original-mr-fuzzy
77050,171396,/the-original-mr-fuzzy
77051,171399,/the-forever-love-bear
77054,171405,/the-original-mr-fuzzy
77056,171410,/the-original-mr-fuzzy
77058,171416,/the-original-mr-fuzzy
77060,171420,/the-original-mr-fuzzy
77061,171427,/the-original-mr-fuzzy
77064,171431,/the-original-mr-fuzzy
77067,171441,/the-original-mr-fuzzy
77068,171442,/the-original-mr-fuzzy
77081,171462,/the-original-mr-fuzzy
77080,171464,/the-original-mr-fuzzy
77083,171466,/the-original-mr-fuzzy
77082,171469,/the-original-mr-fuzzy
77087,171477,/the-original-mr-fuzzy
77086,171478,/the-original-mr-fuzzy
77090,171483,/the-original-mr-fuzzy
77089,171484,/the-original-mr-fuzzy
77091,171485,/the-original-mr-fuzzy
77093,171499,/the-original-mr-fuzzy
77094,171500,/the-original-mr-fuzzy
77095,171505,/the-forever-love-bear
77096,171507,/the-original-mr-fuzzy
77099,171517,/the-original-mr-fuzzy
77101,171524,/the-original-mr-fuzzy
77106,171528,/the-original-mr-fuzzy
77107,171532,/the-forever-love-bear
77110,171536,/the-original-mr-fuzzy
77111,171539,/the-original-mr-fuzzy
77112,171544,/the-original-mr-fuzzy
77114,171554,/the-forever-love-bear
77117,171557,/the-original-mr-fuzzy
77118,171563,/the-original-mr-fuzzy
77120,171568,/the-forever-love-bear
77121,171570,/the-original-mr-fuzzy
77124,171577,/the-original-mr-fuzzy
77123,171579,/the-original-mr-fuzzy
77128,171588,/the-forever-love-bear
77130,171596,/the-forever-love-bear
77129,171597,/the-original-mr-fuzzy
77132,171601,/the-original-mr-fuzzy
77134,171611,/the-forever-love-bear
77135,171616,/the-original-mr-fuzzy
77142,171625,/the-original-mr-fuzzy
77145,171630,/the-original-mr-fuzzy
77144,171632,/the-original-mr-fuzzy
77146,171637,/the-original-mr-fuzzy
77147,171640,/the-original-mr-fuzzy
77150,171653,/the-original-mr-fuzzy
77151,171657,/the-original-mr-fuzzy
77154,171658,/the-forever-love-bear
77153,171665,/the-original-mr-fuzzy
77161,171673,/the-original-mr-fuzzy
77158,171675,/the-original-mr-fuzzy
77159,171678,/the-forever-love-bear
77160,171683,/the-original-mr-fuzzy
77165,171691,/the-original-mr-fuzzy
77167,171693,/the-original-mr-fuzzy
77168,171697,/the-original-mr-fuzzy
77170,171701,/the-original-mr-fuzzy
77171,171705,/the-original-mr-fuzzy
77173,171713,/the-forever-love-bear
77174,171720,/the-original-mr-fuzzy
77175,171723,/the-original-mr-fuzzy
77177,171731,/the-original-mr-fuzzy
77178,171732,/the-original-mr-fuzzy
77179,171740,/the-original-mr-fuzzy
77182,171745,/the-forever-love-bear
77183,171750,/the-original-mr-fuzzy
77184,171756,/the-original-mr-fuzzy
77186,171759,/the-original-mr-fuzzy
77187,171763,/the-original-mr-fuzzy
77195,171780,/the-original-mr-fuzzy
77199,171787,/the-original-mr-fuzzy
77200,171790,/the-original-mr-fuzzy
77201,171794,/the-original-mr-fuzzy
77205,171802,/the-original-mr-fuzzy
77208,171806,/the-original-mr-fuzzy
77209,171813,/the-original-mr-fuzzy
77213,171817,/the-original-mr-fuzzy
77210,171818,/the-original-mr-fuzzy
77212,171821,/the-original-mr-fuzzy
77215,171836,/the-original-mr-fuzzy
77217,171837,/the-original-mr-fuzzy
77225,171850,/the-original-mr-fuzzy
77227,171855,/the-original-mr-fuzzy
77228,171857,/the-original-mr-fuzzy
77229,171862,/the-original-mr-fuzzy
77230,171866,/the-original-mr-fuzzy
77234,171875,/the-original-mr-fuzzy
77237,171883,/the-original-mr-fuzzy
77240,171888,/the-forever-love-bear
77248,171900,/the-original-mr-fuzzy
77247,171901,/the-original-mr-fuzzy
77249,171904,/the-original-mr-fuzzy
77252,171913,/the-original-mr-fuzzy
77264,171934,/the-original-mr-fuzzy
77266,171941,/the-original-mr-fuzzy
77270,171948,/the-original-mr-fuzzy
77273,171953,/the-original-mr-fuzzy
77274,171959,/the-original-mr-fuzzy
77275,171966,/the-original-mr-fuzzy
77276,171968,/the-original-mr-fuzzy
77277,171971,/the-original-mr-fuzzy
77286,171986,/the-original-mr-fuzzy
77288,171993,/the-original-mr-fuzzy
77293,171999,/the-original-mr-fuzzy
77292,172000,/the-original-mr-fuzzy
77295,172005,/the-original-mr-fuzzy
77300,172014,/the-original-mr-fuzzy
77301,172022,/the-original-mr-fuzzy
77303,172025,/the-original-mr-fuzzy
77307,172034,/the-original-mr-fuzzy
77306,172035,/the-forever-love-bear
77309,172036,/the-original-mr-fuzzy
77312,172050,/the-original-mr-fuzzy
77314,172055,/the-original-mr-fuzzy
77321,172062,/the-original-mr-fuzzy
77323,172066,/the-forever-love-bear
77325,172072,/the-original-mr-fuzzy
77327,172077,/the-forever-love-bear
77328,172081,/the-original-mr-fuzzy
77334,172090,/the-original-mr-fuzzy
77333,172091,/the-forever-love-bear
77336,172102,/the-original-mr-fuzzy
77341,172106,/the-original-mr-fuzzy
77348,172118,/the-original-mr-fuzzy
77350,172125,/the-forever-love-bear
77353,172129,/the-forever-love-bear
77352,172134,/the-original-mr-fuzzy
77351,172136,/the-original-mr-fuzzy
77355,172139,/the-original-mr-fuzzy
77357,172145,/the-original-mr-fuzzy
77366,172161,/the-original-mr-fuzzy
77369,172170,/the-original-mr-fuzzy
77372,172173,/the-original-mr-fuzzy
77377,172190,/the-original-mr-fuzzy
77384,172197,/the-forever-love-bear
77385,172201,/the-original-mr-fuzzy
77387,172208,/the-original-mr-fuzzy
77388,172209,/the-original-mr-fuzzy
77392,172218,/the-forever-love-bear
77397,172230,/the-forever-love-bear
77400,172239,/the-original-mr-fuzzy
77403,172248,/the-original-mr-fuzzy
77405,172249,/the-original-mr-fuzzy
77406,172251,/the-original-mr-fuzzy
77409,172259,/the-original-mr-fuzzy
77410,172267,/the-original-mr-fuzzy
77414,172268,/the-original-mr-fuzzy
77413,172272,/the-original-mr-fuzzy
77412,172275,/the-original-mr-fuzzy
77423,172287,/the-original-mr-fuzzy
77426,172296,/the-original-mr-fuzzy
77428,172299,/the-original-mr-fuzzy
77430,172302,/the-original-mr-fuzzy
77432,172313,/the-original-mr-fuzzy
77435,172324,/the-original-mr-fuzzy
77436,172328,/the-original-mr-fuzzy
77441,172337,/the-original-mr-fuzzy
77442,172338,/the-original-mr-fuzzy
77444,172347,/the-original-mr-fuzzy
77446,172350,/the-original-mr-fuzzy
77447,172357,/the-original-mr-fuzzy
77450,172362,/the-original-mr-fuzzy
77452,172365,/the-original-mr-fuzzy
77454,172372,/the-original-mr-fuzzy
77456,172375,/the-original-mr-fuzzy
77457,172377,/the-original-mr-fuzzy
77463,172387,/the-original-mr-fuzzy
77465,172391,/the-forever-love-bear
77470,172398,/the-original-mr-fuzzy
77471,172401,/the-original-mr-fuzzy
77472,172410,/the-original-mr-fuzzy
77473,172413,/the-original-mr-fuzzy
77476,172417,/the-original-mr-fuzzy
77474,172418,/the-original-mr-fuzzy
77477,172421,/the-original-mr-fuzzy
77478,172426,/the-original-mr-fuzzy
77481,172431,/the-original-mr-fuzzy
77482,172436,/the-original-mr-fuzzy
77484,172443,/the-original-mr-fuzzy
77485,172445,/the-original-mr-fuzzy
77489,172452,/the-original-mr-fuzzy
77493,172459,/the-original-mr-fuzzy
77494,172462,/the-original-mr-fuzzy
77495,172467,/the-original-mr-fuzzy
77498,172473,/the-original-mr-fuzzy
77503,172482,/the-original-mr-fuzzy
77504,172485,/the-original-mr-fuzzy
77505,172488,/the-original-mr-fuzzy
77506,172494,/the-original-mr-fuzzy
77509,172499,/the-forever-love-bear
77511,172504,/the-original-mr-fuzzy
77510,172505,/the-forever-love-bear
77516,172517,/the-original-mr-fuzzy
77518,172524,/the-original-mr-fuzzy
77519,172527,/the-original-mr-fuzzy
77521,172535,/the-original-mr-fuzzy
77520,172536,/the-original-mr-fuzzy
77525,172544,/the-original-mr-fuzzy
77527,172549,/the-original-mr-fuzzy
77532,172558,/the-original-mr-fuzzy
77534,172570,/the-forever-love-bear
77536,172571,/the-original-mr-fuzzy
77542,172583,/the-original-mr-fuzzy
77545,172588,/the-original-mr-fuzzy
77547,172596,/the-original-mr-fuzzy
77552,172601,/the-forever-love-bear
77554,172608,/the-original-mr-fuzzy
77557,172612,/the-original-mr-fuzzy
77561,172621,/the-original-mr-fuzzy
77562,172623,/the-original-mr-fuzzy
77564,172630,/the-original-mr-fuzzy
77567,172639,/the-original-mr-fuzzy
77576,172651,/the-original-mr-fuzzy
77577,172654,/the-original-mr-fuzzy
77579,172663,/the-original-mr-fuzzy
77583,172671,/the-forever-love-bear
77580,172672,/the-original-mr-fuzzy
77581,172674,/the-original-mr-fuzzy
77582,172675,/the-forever-love-bear
77588,172685,/the-original-mr-fuzzy
77589,172690,/the-original-mr-fuzzy
77592,172698,/the-original-mr-fuzzy
77593,172701,/the-original-mr-fuzzy
77598,172706,/the-forever-love-bear
77600,172712,/the-original-mr-fuzzy
77607,172723,/the-original-mr-fuzzy
77608,172726,/the-original-mr-fuzzy
77609,172730,/the-original-mr-fuzzy
77611,172735,/the-original-mr-fuzzy
77612,172739,/the-original-mr-fuzzy
77621,172751,/the-original-mr-fuzzy
77620,172753,/the-original-mr-fuzzy
77624,172759,/the-forever-love-bear
77628,172768,/the-original-mr-fuzzy
77630,172773,/the-original-mr-fuzzy
77631,172779,/the-original-mr-fuzzy
77635,172789,/the-original-mr-fuzzy
77641,172797,/the-original-mr-fuzzy
77642,172803,/the-original-mr-fuzzy
77646,172808,/the-original-mr-fuzzy
77647,172815,/the-original-mr-fuzzy
77645,172816,/the-forever-love-bear
77651,172826,/the-original-mr-fuzzy
77654,172833,/the-original-mr-fuzzy
77658,172838,/the-original-mr-fuzzy
77663,172844,/the-original-mr-fuzzy
77665,172849,/the-original-mr-fuzzy
77667,172854,/the-original-mr-fuzzy
77670,172860,/the-original-mr-fuzzy
77671,172866,/the-original-mr-fuzzy
77672,172868,/the-original-mr-fuzzy
77676,172874,/the-original-mr-fuzzy
77678,172880,/the-original-mr-fuzzy
77677,172881,/the-original-mr-fuzzy
77679,172883,/the-original-mr-fuzzy
77681,172892,/the-forever-love-bear
77682,172895,/the-original-mr-fuzzy
77685,172903,/the-original-mr-fuzzy
77686,172907,/the-original-mr-fuzzy
77689,172913,/the-original-mr-fuzzy
77693,172920,/the-original-mr-fuzzy
77701,172936,/the-forever-love-bear
77702,172939,/the-original-mr-fuzzy
77705,172945,/the-original-mr-fuzzy
77707,172949,/the-original-mr-fuzzy
77709,172952,/the-original-mr-fuzzy
77710,172958,/the-original-mr-fuzzy
77712,172959,/the-original-mr-fuzzy
77716,172965,/the-original-mr-fuzzy
77715,172967,/the-original-mr-fuzzy
77718,172971,/the-original-mr-fuzzy
77719,172974,/the-original-mr-fuzzy
77721,172982,/the-original-mr-fuzzy
77723,172987,/the-original-mr-fuzzy
77725,172990,/the-original-mr-fuzzy
77726,172997,/the-original-mr-fuzzy
77727,173002,/the-original-mr-fuzzy
77732,173009,/the-original-mr-fuzzy
77734,173013,/the-original-mr-fuzzy
77739,173021,/the-original-mr-fuzzy
77741,173027,/the-original-mr-fuzzy
77740,173028,/the-original-mr-fuzzy
77744,173039,/the-original-mr-fuzzy
77758,173057,/the-original-mr-fuzzy
77761,173062,/the-forever-love-bear
77763,173067,/the-original-mr-fuzzy
77764,173070,/the-original-mr-fuzzy
77765,173073,/the-original-mr-fuzzy
77767,173081,/the-original-mr-fuzzy
77768,173085,/the-original-mr-fuzzy
77769,173090,/the-original-mr-fuzzy
77773,173098,/the-original-mr-fuzzy
77780,173110,/the-original-mr-fuzzy
77785,173120,/the-original-mr-fuzzy
77787,173123,/the-original-mr-fuzzy
77792,173135,/the-original-mr-fuzzy
77793,173140,/the-original-mr-fuzzy
77798,173150,/the-forever-love-bear
77799,173154,/the-original-mr-fuzzy
77801,173159,/the-original-mr-fuzzy
77803,173163,/the-original-mr-fuzzy
77810,173175,/the-original-mr-fuzzy
77811,173176,/the-original-mr-fuzzy
77812,173180,/the-original-mr-fuzzy
77816,173187,/the-original-mr-fuzzy
77818,173191,/the-original-mr-fuzzy
77819,173195,/the-original-mr-fuzzy
77820,173197,/the-original-mr-fuzzy
77826,173215,/the-original-mr-fuzzy
77829,173221,/the-original-mr-fuzzy
77832,173231,/the-original-mr-fuzzy
77833,173233,/the-original-mr-fuzzy
77834,173235,/the-original-mr-fuzzy
77836,173240,/the-original-mr-fuzzy
77842,173250,/the-original-mr-fuzzy
77845,173255,/the-original-mr-fuzzy
77847,173260,/the-original-mr-fuzzy
77850,173269,/the-forever-love-bear
77851,173271,/the-original-mr-fuzzy
77852,173278,/the-original-mr-fuzzy
77855,173283,/the-original-mr-fuzzy
77856,173287,/the-original-mr-fuzzy
77857,173290,/the-original-mr-fuzzy
77859,173295,/the-original-mr-fuzzy
77858,173297,/the-original-mr-fuzzy
77864,173308,/the-forever-love-bear
77867,173314,/the-original-mr-fuzzy
77871,173321,/the-original-mr-fuzzy
77877,173330,/the-original-mr-fuzzy
77876,173333,/the-original-mr-fuzzy
77878,173341,/the-forever-love-bear
77879,173345,/the-original-mr-fuzzy
77880,173351,/the-original-mr-fuzzy
77881,173355,/the-original-mr-fuzzy
77885,173362,/the-original-mr-fuzzy
77887,173367,/the-original-mr-fuzzy
77889,173369,/the-original-mr-fuzzy
77890,173377,/the-original-mr-fuzzy
77891,173380,/the-original-mr-fuzzy
77895,173387,/the-original-mr-fuzzy
77894,173390,/the-original-mr-fuzzy
77897,173395,/the-original-mr-fuzzy
77898,173398,/the-original-mr-fuzzy
77914,173419,/the-original-mr-fuzzy
77913,173420,/the-original-mr-fuzzy
77915,173423,/the-forever-love-bear
77917,173429,/the-original-mr-fuzzy
77919,173438,/the-original-mr-fuzzy
77923,173445,/the-original-mr-fuzzy
77926,173455,/the-forever-love-bear
77930,173465,/the-original-mr-fuzzy
77936,173475,/the-original-mr-fuzzy
77938,173481,/the-original-mr-fuzzy
77940,173486,/the-original-mr-fuzzy
77939,173487,/the-original-mr-fuzzy
77941,173491,/the-original-mr-fuzzy
77942,173496,/the-original-mr-fuzzy
77944,173499,/the-original-mr-fuzzy
77948,173510,/the-original-mr-fuzzy
77950,173515,/the-original-mr-fuzzy
77952,173520,/the-original-mr-fuzzy
77958,173530,/the-original-mr-fuzzy
77959,173538,/the-original-mr-fuzzy
77960,173540,/the-original-mr-fuzzy
77963,173549,/the-original-mr-fuzzy
77961,173550,/the-original-mr-fuzzy
77969,173563,/the-forever-love-bear
77971,173572,/the-forever-love-bear
77977,173583,/the-original-mr-fuzzy
77979,173589,/the-original-mr-fuzzy
77981,173594,/the-original-mr-fuzzy
77985,173604,/the-original-mr-fuzzy
77986,173607,/the-original-mr-fuzzy
77988,173610,/the-original-mr-fuzzy
77989,173615,/the-original-mr-fuzzy
77991,173622,/the-original-mr-fuzzy
77994,173627,/the-original-mr-fuzzy
77998,173635,/the-forever-love-bear
78001,173642,/the-original-mr-fuzzy
78002,173643,/the-original-mr-fuzzy
78003,173653,/the-original-mr-fuzzy
78006,173657,/the-original-mr-fuzzy
78007,173658,/the-original-mr-fuzzy
78008,173663,/the-original-mr-fuzzy
78009,173664,/the-forever-love-bear
78012,173672,/the-original-mr-fuzzy
78017,173677,/the-original-mr-fuzzy
78021,173687,/the-forever-love-bear
78023,173688,/the-original-mr-fuzzy
78024,173695,/the-original-mr-fuzzy
78025,173702,/the-original-mr-fuzzy
78027,173707,/the-original-mr-fuzzy
78028,173708,/the-original-mr-fuzzy
78029,173715,/the-original-mr-fuzzy
78030,173718,/the-original-mr-fuzzy
78032,173722,/the-forever-love-bear
78036,173729,/the-original-mr-fuzzy
78038,173737,/the-forever-love-bear
78041,173742,/the-forever-love-bear
78040,173743,/the-original-mr-fuzzy
78039,173744,/the-original-mr-fuzzy
78042,173746,/the-original-mr-fuzzy
78049,173758,/the-forever-love-bear
78053,173774,/the-original-mr-fuzzy
78054,173776,/the-forever-love-bear
78055,173777,/the-original-mr-fuzzy
78057,173783,/the-original-mr-fuzzy
78060,173786,/the-original-mr-fuzzy
78056,173788,/the-forever-love-bear
78061,173792,/the-original-mr-fuzzy
78066,173800,/the-original-mr-fuzzy
78075,173811,/the-original-mr-fuzzy
78081,173820,/the-original-mr-fuzzy
78082,173826,/the-forever-love-bear
78087,173829,/the-original-mr-fuzzy
78090,173836,/the-original-mr-fuzzy
78093,173844,/the-original-mr-fuzzy
78096,173849,/the-forever-love-bear
78099,173854,/the-original-mr-fuzzy
78100,173858,/the-original-mr-fuzzy
78102,173862,/the-original-mr-fuzzy
78107,173868,/the-original-mr-fuzzy
78108,173870,/the-original-mr-fuzzy
78111,173878,/the-original-mr-fuzzy
78110,173880,/the-original-mr-fuzzy
78112,173885,/the-original-mr-fuzzy
78115,173895,/the-forever-love-bear
78117,173900,/the-original-mr-fuzzy
78118,173905,/the-forever-love-bear
78122,173912,/the-original-mr-fuzzy
78120,173914,/the-original-mr-fuzzy
78127,173921,/the-original-mr-fuzzy
78129,173926,/the-original-mr-fuzzy
78135,173935,/the-original-mr-fuzzy
78139,173943,/the-original-mr-fuzzy
78151,173958,/the-original-mr-fuzzy
78154,173964,/the-original-mr-fuzzy
78159,173972,/the-original-mr-fuzzy
78160,173976,/the-original-mr-fuzzy
78165,173984,/the-original-mr-fuzzy
78166,173987,/the-original-mr-fuzzy
78167,173990,/the-original-mr-fuzzy
78172,173999,/the-original-mr-fuzzy
78174,174004,/the-original-mr-fuzzy
78175,174007,/the-original-mr-fuzzy
78178,174011,/the-original-mr-fuzzy
78182,174018,/the-original-mr-fuzzy
78185,174025,/the-original-mr-fuzzy
78184,174026,/the-original-mr-fuzzy
78189,174035,/the-original-mr-fuzzy
78191,174039,/the-original-mr-fuzzy
78192,174043,/the-original-mr-fuzzy
78193,174053,/the-original-mr-fuzzy
78202,174068,/the-original-mr-fuzzy
78203,174069,/the-original-mr-fuzzy
78205,174081,/the-original-mr-fuzzy
78206,174083,/the-original-mr-fuzzy
78208,174085,/the-original-mr-fuzzy
78210,174093,/the-original-mr-fuzzy
78213,174102,/the-original-mr-fuzzy
78218,174115,/the-original-mr-fuzzy
78220,174116,/the-original-mr-fuzzy
78222,174121,/the-original-mr-fuzzy
78223,174124,/the-original-mr-fuzzy
78221,174125,/the-original-mr-fuzzy
78225,174133,/the-original-mr-fuzzy
78226,174134,/the-original-mr-fuzzy
78231,174145,/the-original-mr-fuzzy
78232,174148,/the-forever-love-bear
78233,174151,/the-original-mr-fuzzy
78235,174156,/the-original-mr-fuzzy
78237,174158,/the-original-mr-fuzzy
78239,174166,/the-forever-love-bear
78243,174175,/the-original-mr-fuzzy
78241,174176,/the-forever-love-bear
78244,174177,/the-forever-love-bear
78246,174190,/the-original-mr-fuzzy
78251,174201,/the-forever-love-bear
78254,174206,/the-forever-love-bear
78256,174219,/the-forever-love-bear
78259,174220,/the-original-mr-fuzzy
78263,174225,/the-original-mr-fuzzy
78264,174229,/the-original-mr-fuzzy
78265,174231,/the-original-mr-fuzzy
78267,174241,/the-original-mr-fuzzy
78266,174243,/the-original-mr-fuzzy
78269,174252,/the-original-mr-fuzzy
78270,174256,/the-forever-love-bear
78272,174259,/the-original-mr-fuzzy
78273,174261,/the-original-mr-fuzzy
78274,174266,/the-original-mr-fuzzy
78275,174269,/the-original-mr-fuzzy
78279,174274,/the-original-mr-fuzzy
78281,174278,/the-forever-love-bear
78283,174292,/the-original-mr-fuzzy
78287,174294,/the-original-mr-fuzzy
78288,174296,/the-original-mr-fuzzy
78292,174311,/the-original-mr-fuzzy
78295,174322,/the-original-mr-fuzzy
78294,174323,/the-forever-love-bear
78296,174324,/the-forever-love-bear
78298,174331,/the-original-mr-fuzzy
78299,174336,/the-original-mr-fuzzy
78305,174343,/the-forever-love-bear
78306,174349,/the-original-mr-fuzzy
78310,174355,/the-original-mr-fuzzy
78313,174360,/the-original-mr-fuzzy
78318,174368,/the-original-mr-fuzzy
78322,174377,/the-original-mr-fuzzy
78328,174386,/the-original-mr-fuzzy
78331,174394,/the-original-mr-fuzzy
78339,174409,/the-forever-love-bear
78343,174423,/the-original-mr-fuzzy
78346,174424,/the-original-mr-fuzzy
78344,174428,/the-original-mr-fuzzy
78347,174435,/the-original-mr-fuzzy
78350,174441,/the-original-mr-fuzzy
78351,174443,/the-forever-love-bear
78352,174448,/the-forever-love-bear
78353,174453,/the-original-mr-fuzzy
78354,174459,/the-original-mr-fuzzy
78355,174460,/the-original-mr-fuzzy
78356,174463,/the-original-mr-fuzzy
78357,174466,/the-original-mr-fuzzy
78362,174475,/the-original-mr-fuzzy
78363,174478,/the-original-mr-fuzzy
78361,174480,/the-original-mr-fuzzy
78365,174488,/the-original-mr-fuzzy
78367,174491,/the-original-mr-fuzzy
78369,174501,/the-original-mr-fuzzy
78374,174507,/the-original-mr-fuzzy
78381,174517,/the-original-mr-fuzzy
78385,174524,/the-original-mr-fuzzy
78387,174531,/the-original-mr-fuzzy
78389,174536,/the-original-mr-fuzzy
78393,174542,/the-original-mr-fuzzy
78394,174545,/the-original-mr-fuzzy
78396,174552,/the-original-mr-fuzzy
78405,174564,/the-forever-love-bear
78408,174569,/the-original-mr-fuzzy
78409,174573,/the-original-mr-fuzzy
78411,174578,/the-original-mr-fuzzy
78412,174579,/the-original-mr-fuzzy
78416,174587,/the-forever-love-bear
78415,174588,/the-original-mr-fuzzy
78414,174589,/the-original-mr-fuzzy
78419,174602,/the-original-mr-fuzzy
78420,174606,/the-original-mr-fuzzy
78421,174610,/the-forever-love-bear
78423,174618,/the-original-mr-fuzzy
78422,174621,/the-original-mr-fuzzy
78431,174633,/the-original-mr-fuzzy
78435,174644,/the-original-mr-fuzzy
78434,174647,/the-original-mr-fuzzy
78438,174656,/the-original-mr-fuzzy
78441,174661,/the-original-mr-fuzzy
78439,174662,/the-original-mr-fuzzy
78442,174664,/the-original-mr-fuzzy
78449,174681,/the-original-mr-fuzzy
78451,174688,/the-original-mr-fuzzy
78453,174689,/the-original-mr-fuzzy
78454,174694,/the-original-mr-fuzzy
78455,174700,/the-original-mr-fuzzy
78456,174704,/the-original-mr-fuzzy
78459,174712,/the-original-mr-fuzzy
78462,174718,/the-original-mr-fuzzy
78463,174720,/the-original-mr-fuzzy
78464,174723,/the-original-mr-fuzzy
78467,174727,/the-original-mr-fuzzy
78468,174731,/the-forever-love-bear
78472,174741,/the-forever-love-bear
78471,174744,/the-original-mr-fuzzy
78474,174748,/the-original-mr-fuzzy
78477,174755,/the-original-mr-fuzzy
78486,174771,/the-original-mr-fuzzy
78485,174773,/the-original-mr-fuzzy
78489,174785,/the-original-mr-fuzzy
78493,174787,/the-original-mr-fuzzy
78494,174794,/the-original-mr-fuzzy
78496,174796,/the-original-mr-fuzzy
78497,174800,/the-original-mr-fuzzy
78500,174808,/the-forever-love-bear
78503,174814,/the-original-mr-fuzzy
78508,174822,/the-forever-love-bear
78511,174828,/the-original-mr-fuzzy
78514,174835,/the-original-mr-fuzzy
78515,174837,/the-original-mr-fuzzy
78516,174841,/the-original-mr-fuzzy
78519,174847,/the-original-mr-fuzzy
78518,174849,/the-forever-love-bear
78520,174858,/the-original-mr-fuzzy
78531,174876,/the-original-mr-fuzzy
78529,174879,/the-original-mr-fuzzy
78533,174885,/the-original-mr-fuzzy
78532,174886,/the-original-mr-fuzzy
78540,174898,/the-forever-love-bear
78541,174900,/the-original-mr-fuzzy
78544,174906,/the-forever-love-bear
78547,174913,/the-original-mr-fuzzy
78550,174919,/the-original-mr-fuzzy
78549,174921,/the-original-mr-fuzzy
78551,174930,/the-original-mr-fuzzy
78552,174936,/the-original-mr-fuzzy
78553,174937,/the-forever-love-bear
78554,174941,/the-original-mr-fuzzy
78555,174945,/the-original-mr-fuzzy
78556,174950,/the-original-mr-fuzzy
78563,174964,/the-original-mr-fuzzy
78564,174969,/the-original-mr-fuzzy
78566,174971,/the-original-mr-fuzzy
78569,174978,/the-forever-love-bear
78574,174985,/the-original-mr-fuzzy
78575,174989,/the-forever-love-bear
78576,174992,/the-forever-love-bear
78577,174995,/the-forever-love-bear
78582,175008,/the-original-mr-fuzzy
78586,175014,/the-original-mr-fuzzy
78585,175015,/the-original-mr-fuzzy
78587,175018,/the-original-mr-fuzzy
78588,175021,/the-original-mr-fuzzy
78590,175028,/the-original-mr-fuzzy
78592,175032,/the-original-mr-fuzzy
78591,175037,/the-original-mr-fuzzy
78594,175039,/the-original-mr-fuzzy
78596,175048,/the-original-mr-fuzzy
78597,175052,/the-forever-love-bear
78598,175054,/the-original-mr-fuzzy
78601,175060,/the-original-mr-fuzzy
78604,175070,/the-forever-love-bear
78603,175071,/the-original-mr-fuzzy
78605,175074,/the-original-mr-fuzzy
78606,175079,/the-forever-love-bear
78608,175086,/the-original-mr-fuzzy
78610,175096,/the-original-mr-fuzzy
78611,175102,/the-original-mr-fuzzy
78612,175108,/the-forever-love-bear
78613,175115,/the-forever-love-bear
78614,175122,/the-original-mr-fuzzy
78615,175126,/the-original-mr-fuzzy
78618,175133,/the-original-mr-fuzzy
78620,175138,/the-original-mr-fuzzy
78622,175146,/the-original-mr-fuzzy
78623,175150,/the-original-mr-fuzzy
78625,175156,/the-original-mr-fuzzy
78628,175164,/the-original-mr-fuzzy
78632,175175,/the-original-mr-fuzzy
78638,175183,/the-original-mr-fuzzy
78639,175186,/the-original-mr-fuzzy
78644,175197,/the-original-mr-fuzzy
78643,175199,/the-original-mr-fuzzy
78645,175202,/the-original-mr-fuzzy
78646,175207,/the-original-mr-fuzzy
78649,175214,/the-original-mr-fuzzy
78650,175216,/the-original-mr-fuzzy
78651,175219,/the-original-mr-fuzzy
78655,175228,/the-original-mr-fuzzy
78659,175235,/the-original-mr-fuzzy
78662,175240,/the-original-mr-fuzzy
78669,175249,/the-forever-love-bear
78672,175255,/the-original-mr-fuzzy
78673,175259,/the-original-mr-fuzzy
78675,175267,/the-original-mr-fuzzy
78676,175270,/the-original-mr-fuzzy
78685,175287,/the-original-mr-fuzzy
78688,175291,/the-original-mr-fuzzy
78689,175296,/the-forever-love-bear
78694,175302,/the-original-mr-fuzzy
78696,175311,/the-original-mr-fuzzy
78697,175312,/the-original-mr-fuzzy
78699,175321,/the-original-mr-fuzzy
78702,175329,/the-original-mr-fuzzy
78703,175333,/the-original-mr-fuzzy
78710,175343,/the-forever-love-bear
78712,175348,/the-original-mr-fuzzy
78714,175357,/the-original-mr-fuzzy
78717,175364,/the-forever-love-bear
78720,175368,/the-original-mr-fuzzy
78723,175372,/the-forever-love-bear
78724,175379,/the-forever-love-bear
78727,175389,/the-original-mr-fuzzy
78731,175396,/the-original-mr-fuzzy
78732,175397,/the-original-mr-fuzzy
78734,175401,/the-original-mr-fuzzy
78735,175405,/the-original-mr-fuzzy
78738,175412,/the-original-mr-fuzzy
78739,175415,/the-original-mr-fuzzy
78741,175419,/the-original-mr-fuzzy
78745,175429,/the-original-mr-fuzzy
78748,175434,/the-original-mr-fuzzy
78752,175449,/the-original-mr-fuzzy
78755,175453,/the-original-mr-fuzzy
78757,175456,/the-original-mr-fuzzy
78759,175460,/the-forever-love-bear
78760,175468,/the-original-mr-fuzzy
78764,175476,/the-original-mr-fuzzy
78766,175482,/the-original-mr-fuzzy
78769,175488,/the-original-mr-fuzzy
78768,175492,/the-original-mr-fuzzy
78772,175494,/the-original-mr-fuzzy
78775,175501,/the-original-mr-fuzzy
78776,175506,/the-original-mr-fuzzy
78777,175507,/the-original-mr-fuzzy
78778,175511,/the-original-mr-fuzzy
78779,175516,/the-original-mr-fuzzy
78780,175518,/the-original-mr-fuzzy
78785,175526,/the-original-mr-fuzzy
78786,175530,/the-original-mr-fuzzy
78788,175533,/the-original-mr-fuzzy
78789,175536,/the-original-mr-fuzzy
78791,175542,/the-original-mr-fuzzy
78793,175544,/the-forever-love-bear
78802,175557,/the-forever-love-bear
78801,175558,/the-original-mr-fuzzy
78803,175563,/the-original-mr-fuzzy
78804,175567,/the-forever-love-bear
78806,175573,/the-original-mr-fuzzy
78810,175583,/the-original-mr-fuzzy
78815,175590,/the-original-mr-fuzzy
78816,175592,/the-original-mr-fuzzy
78817,175596,/the-original-mr-fuzzy
78819,175606,/the-forever-love-bear
78824,175613,/the-original-mr-fuzzy
78829,175621,/the-forever-love-bear
78830,175627,/the-original-mr-fuzzy
78831,175631,/the-original-mr-fuzzy
78833,175636,/the-original-mr-fuzzy
78834,175639,/the-original-mr-fuzzy
78835,175643,/the-original-mr-fuzzy
78836,175645,/the-original-mr-fuzzy
78843,175655,/the-forever-love-bear
78841,175656,/the-original-mr-fuzzy
78844,175663,/the-original-mr-fuzzy
78849,175670,/the-original-mr-fuzzy
78851,175674,/the-original-mr-fuzzy
78856,175683,/the-original-mr-fuzzy
78858,175692,/the-original-mr-fuzzy
78862,175701,/the-original-mr-fuzzy
78863,175710,/the-forever-love-bear
78864,175712,/the-original-mr-fuzzy
78867,175717,/the-original-mr-fuzzy
78868,175719,/the-original-mr-fuzzy
78866,175721,/the-forever-love-bear
78871,175736,/the-forever-love-bear
78872,175737,/the-original-mr-fuzzy
78873,175739,/the-original-mr-fuzzy
78874,175743,/the-original-mr-fuzzy
78876,175746,/the-original-mr-fuzzy
78877,175750,/the-original-mr-fuzzy
78881,175757,/the-original-mr-fuzzy
78882,175759,/the-original-mr-fuzzy
78883,175769,/the-original-mr-fuzzy
78885,175772,/the-original-mr-fuzzy
78887,175780,/the-original-mr-fuzzy
78888,175781,/the-original-mr-fuzzy
78896,175792,/the-original-mr-fuzzy
78897,175794,/the-original-mr-fuzzy
78898,175797,/the-original-mr-fuzzy
78899,175807,/the-original-mr-fuzzy
78904,175813,/the-original-mr-fuzzy
78905,175820,/the-original-mr-fuzzy
78912,175829,/the-original-mr-fuzzy
78914,175833,/the-original-mr-fuzzy
78917,175848,/the-original-mr-fuzzy
78920,175851,/the-original-mr-fuzzy
78923,175860,/the-original-mr-fuzzy
78925,175861,/the-original-mr-fuzzy
78929,175867,/the-original-mr-fuzzy
78934,175874,/the-original-mr-fuzzy
78935,175879,/the-original-mr-fuzzy
78933,175880,/the-original-mr-fuzzy
78932,175881,/the-original-mr-fuzzy
78939,175895,/the-original-mr-fuzzy
78941,175898,/the-original-mr-fuzzy
78943,175906,/the-forever-love-bear
78945,175911,/the-original-mr-fuzzy
78946,175915,/the-original-mr-fuzzy
78949,175926,/the-original-mr-fuzzy
78953,175930,/the-original-mr-fuzzy
78958,175937,/the-original-mr-fuzzy
78960,175945,/the-original-mr-fuzzy
78961,175947,/the-original-mr-fuzzy
78962,175952,/the-original-mr-fuzzy
78965,175955,/the-original-mr-fuzzy
78971,175971,/the-original-mr-fuzzy
78973,175975,/the-original-mr-fuzzy
78977,175982,/the-original-mr-fuzzy
78979,175989,/the-original-mr-fuzzy
78982,175993,/the-original-mr-fuzzy
78985,175998,/the-original-mr-fuzzy
78990,176010,/the-original-mr-fuzzy
78993,176015,/the-original-mr-fuzzy
78996,176021,/the-original-mr-fuzzy
78997,176023,/the-original-mr-fuzzy
78998,176032,/the-original-mr-fuzzy
79001,176036,/the-original-mr-fuzzy
79000,176039,/the-original-mr-fuzzy
79005,176049,/the-forever-love-bear
79006,176055,/the-original-mr-fuzzy
79008,176060,/the-original-mr-fuzzy
79009,176061,/the-original-mr-fuzzy
79010,176067,/the-original-mr-fuzzy
79012,176069,/the-original-mr-fuzzy
79011,176070,/the-original-mr-fuzzy
79013,176080,/the-original-mr-fuzzy
79014,176086,/the-original-mr-fuzzy
79016,176089,/the-forever-love-bear
79015,176092,/the-original-mr-fuzzy
79019,176103,/the-original-mr-fuzzy
79023,176110,/the-original-mr-fuzzy
79025,176115,/the-original-mr-fuzzy
79027,176122,/the-original-mr-fuzzy
79028,176128,/the-original-mr-fuzzy
79034,176141,/the-original-mr-fuzzy
79037,176144,/the-original-mr-fuzzy
79036,176145,/the-original-mr-fuzzy
79039,176149,/the-original-mr-fuzzy
79045,176158,/the-original-mr-fuzzy
79046,176160,/the-forever-love-bear
79052,176168,/the-original-mr-fuzzy
79053,176176,/the-original-mr-fuzzy
79059,176184,/the-original-mr-fuzzy
79062,176189,/the-original-mr-fuzzy
79063,176192,/the-original-mr-fuzzy
79067,176200,/the-original-mr-fuzzy
79069,176204,/the-forever-love-bear
79070,176211,/the-original-mr-fuzzy
79073,176219,/the-original-mr-fuzzy
79078,176224,/the-original-mr-fuzzy
79080,176231,/the-forever-love-bear
79082,176235,/the-original-mr-fuzzy
79086,176242,/the-original-mr-fuzzy
79090,176250,/the-original-mr-fuzzy
79092,176255,/the-original-mr-fuzzy
79094,176262,/the-original-mr-fuzzy
79095,176269,/the-original-mr-fuzzy
79098,176274,/the-original-mr-fuzzy
79099,176277,/the-original-mr-fuzzy
79107,176292,/the-original-mr-fuzzy
79108,176295,/the-original-mr-fuzzy
79109,176298,/the-original-mr-fuzzy
79110,176305,/the-original-mr-fuzzy
79113,176312,/the-original-mr-fuzzy
79112,176314,/the-original-mr-fuzzy
79116,176326,/the-forever-love-bear
79118,176330,/the-original-mr-fuzzy
79126,176340,/the-original-mr-fuzzy
79127,176344,/the-original-mr-fuzzy
79129,176348,/the-original-mr-fuzzy
79134,176358,/the-original-mr-fuzzy
79133,176359,/the-original-mr-fuzzy
79137,176364,/the-forever-love-bear
79139,176368,/the-original-mr-fuzzy
79141,176372,/the-original-mr-fuzzy
79142,176379,/the-original-mr-fuzzy
79147,176387,/the-original-mr-fuzzy
79148,176392,/the-original-mr-fuzzy
79149,176394,/the-forever-love-bear
79152,176405,/the-original-mr-fuzzy
79153,176408,/the-original-mr-fuzzy
79156,176415,/the-original-mr-fuzzy
79157,176418,/the-forever-love-bear
79160,176425,/the-original-mr-fuzzy
79163,176432,/the-original-mr-fuzzy
79164,176433,/the-original-mr-fuzzy
79168,176443,/the-original-mr-fuzzy
79167,176444,/the-original-mr-fuzzy
79169,176446,/the-original-mr-fuzzy
79173,176453,/the-forever-love-bear
79174,176459,/the-forever-love-bear
79175,176463,/the-original-mr-fuzzy
79179,176471,/the-original-mr-fuzzy
79185,176480,/the-original-mr-fuzzy
79186,176484,/the-original-mr-fuzzy
79187,176487,/the-original-mr-fuzzy
79192,176499,/the-original-mr-fuzzy
79198,176509,/the-original-mr-fuzzy
79199,176512,/the-forever-love-bear
79203,176518,/the-original-mr-fuzzy
79208,176526,/the-original-mr-fuzzy
79209,176532,/the-original-mr-fuzzy
79214,176542,/the-original-mr-fuzzy
79215,176547,/the-original-mr-fuzzy
79217,176555,/the-original-mr-fuzzy
79218,176560,/the-forever-love-bear
79219,176563,/the-original-mr-fuzzy
79220,176567,/the-original-mr-fuzzy
79224,176577,/the-original-mr-fuzzy
79236,176598,/the-forever-love-bear
79242,176608,/the-original-mr-fuzzy
79250,176617,/the-original-mr-fuzzy
79251,176624,/the-original-mr-fuzzy
79253,176627,/the-original-mr-fuzzy
79256,176633,/the-original-mr-fuzzy
79257,176637,/the-forever-love-bear
79258,176640,/the-original-mr-fuzzy
79268,176657,/the-original-mr-fuzzy
79269,176660,/the-original-mr-fuzzy
79270,176667,/the-original-mr-fuzzy
79275,176680,/the-original-mr-fuzzy
79278,176686,/the-original-mr-fuzzy
79279,176691,/the-original-mr-fuzzy
79284,176696,/the-original-mr-fuzzy
79285,176699,/the-original-mr-fuzzy
79291,176711,/the-original-mr-fuzzy
79293,176716,/the-original-mr-fuzzy
79294,176723,/the-original-mr-fuzzy
79296,176729,/the-original-mr-fuzzy
79297,176732,/the-original-mr-fuzzy
79300,176739,/the-original-mr-fuzzy
79306,176750,/the-original-mr-fuzzy
79308,176753,/the-original-mr-fuzzy
79310,176757,/the-original-mr-fuzzy
79311,176762,/the-original-mr-fuzzy
79312,176764,/the-original-mr-fuzzy
79313,176771,/the-original-mr-fuzzy
79314,176775,/the-forever-love-bear
79316,176781,/the-original-mr-fuzzy
79317,176782,/the-original-mr-fuzzy
79318,176786,/the-original-mr-fuzzy
79323,176793,/the-original-mr-fuzzy
79322,176799,/the-original-mr-fuzzy
79329,176804,/the-original-mr-fuzzy
79333,176812,/the-forever-love-bear
79338,176826,/the-original-mr-fuzzy
79342,176833,/the-forever-love-bear
79345,176845,/the-original-mr-fuzzy
79353,176853,/the-original-mr-fuzzy
79356,176862,/the-forever-love-bear
79358,176869,/the-original-mr-fuzzy
79364,176878,/the-original-mr-fuzzy
79368,176888,/the-original-mr-fuzzy
79370,176890,/the-original-mr-fuzzy
79371,176894,/the-original-mr-fuzzy
79373,176900,/the-original-mr-fuzzy
79376,176903,/the-original-mr-fuzzy
79375,176906,/the-original-mr-fuzzy
79378,176911,/the-original-mr-fuzzy
79380,176913,/the-forever-love-bear
79381,176916,/the-forever-love-bear
79382,176919,/the-original-mr-fuzzy
79383,176924,/the-original-mr-fuzzy
79385,176928,/the-original-mr-fuzzy
79387,176933,/the-original-mr-fuzzy
79394,176945,/the-original-mr-fuzzy
79395,176946,/the-forever-love-bear
79399,176954,/the-original-mr-fuzzy
79398,176958,/the-original-mr-fuzzy
79404,176968,/the-original-mr-fuzzy
79403,176971,/the-forever-love-bear
79407,176978,/the-original-mr-fuzzy
79408,176984,/the-original-mr-fuzzy
79409,176988,/the-original-mr-fuzzy
79417,176999,/the-original-mr-fuzzy
79418,177004,/the-original-mr-fuzzy
79419,177008,/the-original-mr-fuzzy
79421,177016,/the-original-mr-fuzzy
79422,177019,/the-original-mr-fuzzy
79425,177024,/the-forever-love-bear
79426,177028,/the-original-mr-fuzzy
79427,177033,/the-original-mr-fuzzy
79428,177038,/the-original-mr-fuzzy
79432,177053,/the-original-mr-fuzzy
79431,177054,/the-forever-love-bear
79433,177055,/the-original-mr-fuzzy
79435,177063,/the-forever-love-bear
79436,177064,/the-original-mr-fuzzy
79441,177073,/the-original-mr-fuzzy
79442,177074,/the-original-mr-fuzzy
79444,177078,/the-forever-love-bear
79446,177087,/the-original-mr-fuzzy
79445,177091,/the-original-mr-fuzzy
79447,177093,/the-forever-love-bear
79448,177103,/the-original-mr-fuzzy
79449,177106,/the-original-mr-fuzzy
79453,177111,/the-original-mr-fuzzy
79454,177117,/the-original-mr-fuzzy
79460,177123,/the-original-mr-fuzzy
79462,177130,/the-original-mr-fuzzy
79466,177137,/the-original-mr-fuzzy
79467,177140,/the-original-mr-fuzzy
79469,177144,/the-original-mr-fuzzy
79473,177152,/the-original-mr-fuzzy
79477,177159,/the-original-mr-fuzzy
79478,177161,/the-original-mr-fuzzy
79482,177169,/the-original-mr-fuzzy
79485,177183,/the-original-mr-fuzzy
79487,177185,/the-original-mr-fuzzy
79492,177193,/the-original-mr-fuzzy
79497,177204,/the-original-mr-fuzzy
79498,177209,/the-original-mr-fuzzy
79499,177210,/the-original-mr-fuzzy
79500,177212,/the-original-mr-fuzzy
79502,177216,/the-original-mr-fuzzy
79503,177219,/the-forever-love-bear
79505,177229,/the-original-mr-fuzzy
79508,177235,/the-original-mr-fuzzy
79510,177239,/the-original-mr-fuzzy
79512,177243,/the-original-mr-fuzzy
79514,177248,/the-original-mr-fuzzy
79516,177254,/the-original-mr-fuzzy
79517,177255,/the-original-mr-fuzzy
79518,177259,/the-original-mr-fuzzy
79520,177265,/the-original-mr-fuzzy
79519,177266,/the-original-mr-fuzzy
79523,177273,/the-original-mr-fuzzy
79524,177276,/the-original-mr-fuzzy
79525,177279,/the-original-mr-fuzzy
79531,177288,/the-original-mr-fuzzy
79534,177298,/the-original-mr-fuzzy
79537,177307,/the-forever-love-bear
79542,177317,/the-original-mr-fuzzy
79545,177323,/the-original-mr-fuzzy
79546,177324,/the-original-mr-fuzzy
79549,177336,/the-original-mr-fuzzy
79550,177337,/the-original-mr-fuzzy
79548,177341,/the-original-mr-fuzzy
79552,177348,/the-original-mr-fuzzy
79553,177354,/the-original-mr-fuzzy
79555,177355,/the-original-mr-fuzzy
79558,177365,/the-original-mr-fuzzy
79557,177366,/the-original-mr-fuzzy
79563,177379,/the-original-mr-fuzzy
79565,177381,/the-original-mr-fuzzy
79566,177387,/the-original-mr-fuzzy
79567,177389,/the-forever-love-bear
79568,177390,/the-original-mr-fuzzy
79569,177396,/the-original-mr-fuzzy
79571,177398,/the-original-mr-fuzzy
79570,177401,/the-forever-love-bear
79572,177410,/the-original-mr-fuzzy
79575,177415,/the-original-mr-fuzzy
79577,177418,/the-forever-love-bear
79579,177423,/the-original-mr-fuzzy
79583,177431,/the-original-mr-fuzzy
79588,177437,/the-original-mr-fuzzy
79590,177443,/the-original-mr-fuzzy
79592,177449,/the-original-mr-fuzzy
79599,177467,/the-forever-love-bear
79601,177470,/the-original-mr-fuzzy
79600,177471,/the-original-mr-fuzzy
79612,177497,/the-original-mr-fuzzy
79615,177500,/the-forever-love-bear
79617,177506,/the-original-mr-fuzzy
79623,177513,/the-original-mr-fuzzy
79624,177517,/the-original-mr-fuzzy
79625,177519,/the-original-mr-fuzzy
79631,177528,/the-original-mr-fuzzy
79637,177540,/the-original-mr-fuzzy
79638,177544,/the-original-mr-fuzzy
79640,177548,/the-original-mr-fuzzy
79643,177554,/the-original-mr-fuzzy
79645,177565,/the-original-mr-fuzzy
79648,177567,/the-original-mr-fuzzy
79651,177576,/the-original-mr-fuzzy
79652,177583,/the-original-mr-fuzzy
79656,177587,/the-forever-love-bear
79653,177591,/the-original-mr-fuzzy
79658,177592,/the-forever-love-bear
79662,177605,/the-original-mr-fuzzy
79665,177611,/the-original-mr-fuzzy
79666,177612,/the-forever-love-bear
79668,177619,/the-original-mr-fuzzy
79670,177625,/the-original-mr-fuzzy
79673,177631,/the-original-mr-fuzzy
79677,177641,/the-original-mr-fuzzy
79682,177653,/the-original-mr-fuzzy
79684,177656,/the-original-mr-fuzzy
79686,177661,/the-original-mr-fuzzy
79688,177666,/the-original-mr-fuzzy
79691,177673,/the-original-mr-fuzzy
79689,177676,/the-forever-love-bear
79692,177684,/the-original-mr-fuzzy
79697,177695,/the-original-mr-fuzzy
79700,177703,/the-original-mr-fuzzy
79702,177707,/the-original-mr-fuzzy
79703,177709,/the-original-mr-fuzzy
79705,177713,/the-original-mr-fuzzy
79707,177718,/the-original-mr-fuzzy
79709,177721,/the-original-mr-fuzzy
79710,177728,/the-original-mr-fuzzy
79712,177734,/the-original-mr-fuzzy
79713,177735,/the-original-mr-fuzzy
79718,177746,/the-original-mr-fuzzy
79717,177748,/the-original-mr-fuzzy
79719,177751,/the-original-mr-fuzzy
79720,177756,/the-original-mr-fuzzy
79724,177767,/the-original-mr-fuzzy
79725,177768,/the-original-mr-fuzzy
79726,177772,/the-original-mr-fuzzy
79731,177781,/the-original-mr-fuzzy
79733,177785,/the-original-mr-fuzzy
79735,177790,/the-original-mr-fuzzy
79743,177802,/the-original-mr-fuzzy
79745,177809,/the-original-mr-fuzzy
79747,177812,/the-original-mr-fuzzy
79746,177814,/the-original-mr-fuzzy
79751,177821,/the-original-mr-fuzzy
79752,177824,/the-forever-love-bear
79753,177830,/the-original-mr-fuzzy
79755,177834,/the-original-mr-fuzzy
79760,177843,/the-original-mr-fuzzy
79761,177845,/the-original-mr-fuzzy
79762,177848,/the-original-mr-fuzzy
79764,177852,/the-original-mr-fuzzy
79763,177854,/the-original-mr-fuzzy
79765,177858,/the-original-mr-fuzzy
79768,177865,/the-original-mr-fuzzy
79771,177872,/the-original-mr-fuzzy
79773,177874,/the-forever-love-bear
79775,177880,/the-original-mr-fuzzy
79780,177887,/the-original-mr-fuzzy
79784,177896,/the-original-mr-fuzzy
79788,177904,/the-original-mr-fuzzy
79786,177905,/the-original-mr-fuzzy
79789,177908,/the-original-mr-fuzzy
79792,177915,/the-original-mr-fuzzy
79791,177916,/the-original-mr-fuzzy
79803,177938,/the-original-mr-fuzzy
79810,177950,/the-original-mr-fuzzy
79817,177958,/the-original-mr-fuzzy
79820,177960,/the-original-mr-fuzzy
79821,177965,/the-original-mr-fuzzy
79829,177974,/the-original-mr-fuzzy
79828,177975,/the-original-mr-fuzzy
79830,177984,/the-original-mr-fuzzy
79836,177995,/the-original-mr-fuzzy
79837,177996,/the-original-mr-fuzzy
79840,178009,/the-forever-love-bear
79841,178012,/the-original-mr-fuzzy
79844,178017,/the-original-mr-fuzzy
79846,178021,/the-original-mr-fuzzy
79847,178022,/the-forever-love-bear
79849,178030,/the-original-mr-fuzzy
79850,178033,/the-forever-love-bear
79852,178040,/the-original-mr-fuzzy
79855,178049,/the-original-mr-fuzzy
79860,178058,/the-original-mr-fuzzy
79864,178061,/the-original-mr-fuzzy
79863,178064,/the-original-mr-fuzzy
79865,178065,/the-original-mr-fuzzy
79867,178079,/the-original-mr-fuzzy
79870,178087,/the-original-mr-fuzzy
79871,178091,/the-original-mr-fuzzy
79878,178100,/the-original-mr-fuzzy
79882,178107,/the-original-mr-fuzzy
79885,178115,/the-original-mr-fuzzy
79890,178125,/the-original-mr-fuzzy
79892,178126,/the-original-mr-fuzzy
79891,178127,/the-original-mr-fuzzy
79897,178140,/the-original-mr-fuzzy
79900,178145,/the-original-mr-fuzzy
79902,178152,/the-original-mr-fuzzy
79901,178157,/the-original-mr-fuzzy
79906,178166,/the-original-mr-fuzzy
79909,178173,/the-original-mr-fuzzy
79913,178178,/the-original-mr-fuzzy
79916,178185,/the-original-mr-fuzzy
79919,178193,/the-original-mr-fuzzy
79921,178199,/the-original-mr-fuzzy
79922,178206,/the-forever-love-bear
79924,178209,/the-original-mr-fuzzy
79923,178211,/the-original-mr-fuzzy
79926,178220,/the-original-mr-fuzzy
79929,178229,/the-original-mr-fuzzy
79932,178232,/the-original-mr-fuzzy
79937,178245,/the-original-mr-fuzzy
79940,178250,/the-original-mr-fuzzy
79942,178252,/the-original-mr-fuzzy
79944,178258,/the-original-mr-fuzzy
79945,178259,/the-forever-love-bear
79946,178266,/the-original-mr-fuzzy
79947,178270,/the-original-mr-fuzzy
79953,178282,/the-original-mr-fuzzy
79957,178293,/the-forever-love-bear
79962,178300,/the-original-mr-fuzzy
79963,178302,/the-original-mr-fuzzy
79966,178308,/the-original-mr-fuzzy
79967,178313,/the-original-mr-fuzzy
79968,178318,/the-original-mr-fuzzy
79970,178321,/the-original-mr-fuzzy
79971,178325,/the-original-mr-fuzzy
79972,178329,/the-original-mr-fuzzy
79975,178333,/the-original-mr-fuzzy
79979,178343,/the-original-mr-fuzzy
79980,178346,/the-original-mr-fuzzy
79981,178349,/the-forever-love-bear
79984,178356,/the-original-mr-fuzzy
79985,178362,/the-original-mr-fuzzy
79988,178369,/the-original-mr-fuzzy
79987,178371,/the-original-mr-fuzzy
79989,178377,/the-original-mr-fuzzy
79993,178383,/the-original-mr-fuzzy
79995,178387,/the-original-mr-fuzzy
79996,178391,/the-original-mr-fuzzy
80001,178399,/the-original-mr-fuzzy
80004,178406,/the-original-mr-fuzzy
80003,178407,/the-original-mr-fuzzy
80008,178413,/the-forever-love-bear
80007,178414,/the-forever-love-bear
80010,178420,/the-original-mr-fuzzy
80012,178424,/the-original-mr-fuzzy
80011,178426,/the-original-mr-fuzzy
80014,178432,/the-original-mr-fuzzy
80019,178443,/the-original-mr-fuzzy
80021,178446,/the-original-mr-fuzzy
80022,178450,/the-original-mr-fuzzy
80023,178458,/the-original-mr-fuzzy
80025,178462,/the-original-mr-fuzzy
80028,178469,/the-original-mr-fuzzy
80034,178483,/the-original-mr-fuzzy
80035,178486,/the-original-mr-fuzzy
80033,178491,/the-original-mr-fuzzy
80039,178497,/the-original-mr-fuzzy
80041,178502,/the-original-mr-fuzzy
80042,178505,/the-original-mr-fuzzy
80046,178517,/the-original-mr-fuzzy
80045,178518,/the-original-mr-fuzzy
80047,178522,/the-original-mr-fuzzy
80050,178532,/the-forever-love-bear
80051,178538,/the-forever-love-bear
80056,178541,/the-forever-love-bear
80057,178544,/the-forever-love-bear
80064,178559,/the-original-mr-fuzzy
80065,178560,/the-original-mr-fuzzy
80070,178573,/the-original-mr-fuzzy
80073,178578,/the-original-mr-fuzzy
80074,178582,/the-original-mr-fuzzy
80078,178591,/the-original-mr-fuzzy
80079,178595,/the-original-mr-fuzzy
80082,178600,/the-original-mr-fuzzy
80083,178606,/the-original-mr-fuzzy
80085,178610,/the-forever-love-bear
80086,178612,/the-original-mr-fuzzy
80088,178616,/the-original-mr-fuzzy
80092,178623,/the-original-mr-fuzzy
80094,178630,/the-original-mr-fuzzy
80093,178632,/the-original-mr-fuzzy
80096,178634,/the-original-mr-fuzzy
80098,178644,/the-original-mr-fuzzy
80105,178659,/the-forever-love-bear
80104,178661,/the-original-mr-fuzzy
80108,178665,/the-original-mr-fuzzy
80107,178669,/the-original-mr-fuzzy
80106,178671,/the-original-mr-fuzzy
80109,178673,/the-forever-love-bear
80112,178683,/the-original-mr-fuzzy
80114,178687,/the-original-mr-fuzzy
80116,178690,/the-original-mr-fuzzy
80118,178696,/the-original-mr-fuzzy
80120,178699,/the-original-mr-fuzzy
80121,178704,/the-original-mr-fuzzy
80123,178709,/the-original-mr-fuzzy
80124,178714,/the-original-mr-fuzzy
80130,178729,/the-original-mr-fuzzy
80132,178733,/the-forever-love-bear
80127,178734,/the-original-mr-fuzzy
80128,178736,/the-original-mr-fuzzy
80131,178738,/the-original-mr-fuzzy
80139,178748,/the-original-mr-fuzzy
80140,178752,/the-forever-love-bear
80142,178759,/the-original-mr-fuzzy
80143,178765,/the-original-mr-fuzzy
80146,178772,/the-original-mr-fuzzy
80147,178774,/the-original-mr-fuzzy
80150,178781,/the-original-mr-fuzzy
80149,178783,/the-original-mr-fuzzy
80152,178787,/the-forever-love-bear
80158,178798,/the-original-mr-fuzzy
80162,178804,/the-original-mr-fuzzy
80164,178809,/the-original-mr-fuzzy
80163,178810,/the-forever-love-bear
80165,178816,/the-original-mr-fuzzy
80166,178819,/the-original-mr-fuzzy
80167,178823,/the-original-mr-fuzzy
80169,178830,/the-original-mr-fuzzy
80171,178834,/the-original-mr-fuzzy
80175,178842,/the-original-mr-fuzzy
80178,178850,/the-original-mr-fuzzy
80184,178864,/the-original-mr-fuzzy
80183,178865,/the-original-mr-fuzzy
80187,178873,/the-original-mr-fuzzy
80189,178884,/the-original-mr-fuzzy
80190,178885,/the-original-mr-fuzzy
80193,178889,/the-original-mr-fuzzy
80194,178894,/the-original-mr-fuzzy
80195,178896,/the-original-mr-fuzzy
80199,178905,/the-original-mr-fuzzy
80201,178908,/the-original-mr-fuzzy
80204,178920,/the-original-mr-fuzzy
80205,178922,/the-original-mr-fuzzy
80208,178928,/the-original-mr-fuzzy
80210,178934,/the-forever-love-bear
80214,178945,/the-original-mr-fuzzy
80213,178946,/the-original-mr-fuzzy
80216,178951,/the-original-mr-fuzzy
80217,178959,/the-original-mr-fuzzy
80219,178961,/the-original-mr-fuzzy
80220,178974,/the-forever-love-bear
80221,178975,/the-forever-love-bear
80224,178984,/the-original-mr-fuzzy
80226,178988,/the-original-mr-fuzzy
80227,178993,/the-forever-love-bear
80232,179001,/the-original-mr-fuzzy
80234,179006,/the-original-mr-fuzzy
80237,179012,/the-original-mr-fuzzy
80242,179024,/the-original-mr-fuzzy
80247,179035,/the-original-mr-fuzzy
80249,179038,/the-forever-love-bear
80251,179044,/the-forever-love-bear
80254,179051,/the-original-mr-fuzzy
80252,179053,/the-original-mr-fuzzy
80255,179055,/the-original-mr-fuzzy
80257,179067,/the-original-mr-fuzzy
80258,179070,/the-forever-love-bear
80271,179089,/the-original-mr-fuzzy
80274,179094,/the-original-mr-fuzzy
80272,179095,/the-original-mr-fuzzy
80276,179100,/the-forever-love-bear
80279,179105,/the-original-mr-fuzzy
80281,179109,/the-forever-love-bear
80285,179114,/the-forever-love-bear
80289,179124,/the-original-mr-fuzzy
80288,179126,/the-original-mr-fuzzy
80291,179130,/the-original-mr-fuzzy
80296,179144,/the-forever-love-bear
80295,179147,/the-original-mr-fuzzy
80298,179153,/the-original-mr-fuzzy
80300,179160,/the-original-mr-fuzzy
80304,179165,/the-original-mr-fuzzy
80305,179168,/the-forever-love-bear
80306,179177,/the-forever-love-bear
80308,179178,/the-original-mr-fuzzy
80309,179184,/the-original-mr-fuzzy
80313,179190,/the-original-mr-fuzzy
80314,179194,/the-original-mr-fuzzy
80315,179196,/the-original-mr-fuzzy
80316,179200,/the-forever-love-bear
80317,179205,/the-original-mr-fuzzy
80319,179215,/the-original-mr-fuzzy
80321,179216,/the-forever-love-bear
80324,179220,/the-original-mr-fuzzy
80327,179228,/the-original-mr-fuzzy
80328,179230,/the-original-mr-fuzzy
80331,179241,/the-original-mr-fuzzy
80335,179246,/the-original-mr-fuzzy
80337,179257,/the-original-mr-fuzzy
80336,179258,/the-original-mr-fuzzy
80339,179260,/the-original-mr-fuzzy
80341,179271,/the-original-mr-fuzzy
80343,179275,/the-original-mr-fuzzy
80349,179282,/the-original-mr-fuzzy
80350,179283,/the-original-mr-fuzzy
80351,179286,/the-original-mr-fuzzy
80352,179290,/the-original-mr-fuzzy
80353,179293,/the-original-mr-fuzzy
80354,179300,/the-original-mr-fuzzy
80355,179310,/the-original-mr-fuzzy
80356,179313,/the-forever-love-bear
80358,179315,/the-original-mr-fuzzy
80361,179319,/the-original-mr-fuzzy
80362,179326,/the-original-mr-fuzzy
80366,179340,/the-forever-love-bear
80368,179345,/the-original-mr-fuzzy
80370,179352,/the-original-mr-fuzzy
80372,179359,/the-original-mr-fuzzy
80373,179362,/the-original-mr-fuzzy
80375,179368,/the-original-mr-fuzzy
80376,179373,/the-original-mr-fuzzy
80377,179376,/the-original-mr-fuzzy
80378,179380,/the-original-mr-fuzzy
80380,179383,/the-original-mr-fuzzy
80389,179397,/the-forever-love-bear
80401,179414,/the-original-mr-fuzzy
80399,179415,/the-original-mr-fuzzy
80404,179424,/the-original-mr-fuzzy
80406,179432,/the-original-mr-fuzzy
80409,179436,/the-original-mr-fuzzy
80407,179439,/the-original-mr-fuzzy
80412,179447,/the-original-mr-fuzzy
80413,179454,/the-forever-love-bear
80419,179463,/the-original-mr-fuzzy
80420,179467,/the-original-mr-fuzzy
80422,179474,/the-original-mr-fuzzy
80423,179481,/the-original-mr-fuzzy
80424,179484,/the-original-mr-fuzzy
80426,179489,/the-original-mr-fuzzy
80435,179501,/the-original-mr-fuzzy
80438,179510,/the-original-mr-fuzzy
80439,179516,/the-original-mr-fuzzy
80440,179520,/the-original-mr-fuzzy
80445,179531,/the-original-mr-fuzzy
80448,179537,/the-original-mr-fuzzy
80450,179542,/the-original-mr-fuzzy
80449,179543,/the-original-mr-fuzzy
80451,179551,/the-original-mr-fuzzy
80452,179553,/the-original-mr-fuzzy
80454,179559,/the-original-mr-fuzzy
80458,179566,/the-original-mr-fuzzy
80463,179574,/the-original-mr-fuzzy
80465,179577,/the-original-mr-fuzzy
80466,179580,/the-original-mr-fuzzy
80469,179586,/the-original-mr-fuzzy
80470,179588,/the-original-mr-fuzzy
80471,179591,/the-original-mr-fuzzy
80473,179596,/the-original-mr-fuzzy
80474,179600,/the-original-mr-fuzzy
80475,179603,/the-original-mr-fuzzy
80479,179610,/the-original-mr-fuzzy
80482,179617,/the-original-mr-fuzzy
80484,179621,/the-original-mr-fuzzy
80485,179625,/the-original-mr-fuzzy
80488,179631,/the-original-mr-fuzzy
80487,179633,/the-forever-love-bear
80494,179641,/the-original-mr-fuzzy
80495,179647,/the-original-mr-fuzzy
80498,179653,/the-original-mr-fuzzy
80499,179656,/the-original-mr-fuzzy
80502,179662,/the-original-mr-fuzzy
80505,179671,/the-forever-love-bear
80508,179676,/the-forever-love-bear
80511,179685,/the-original-mr-fuzzy
80512,179687,/the-original-mr-fuzzy
80513,179690,/the-original-mr-fuzzy
80514,179694,/the-original-mr-fuzzy
80515,179697,/the-original-mr-fuzzy
80517,179704,/the-original-mr-fuzzy
80520,179708,/the-original-mr-fuzzy
80523,179713,/the-original-mr-fuzzy
80525,179724,/the-original-mr-fuzzy
80530,179729,/the-original-mr-fuzzy
80531,179735,/the-original-mr-fuzzy
80534,179741,/the-original-mr-fuzzy
80535,179746,/the-original-mr-fuzzy
80536,179748,/the-original-mr-fuzzy
80537,179751,/the-original-mr-fuzzy
80538,179754,/the-original-mr-fuzzy
80540,179757,/the-original-mr-fuzzy
80539,179759,/the-original-mr-fuzzy
80545,179768,/the-original-mr-fuzzy
80546,179774,/the-original-mr-fuzzy
80547,179777,/the-original-mr-fuzzy
80552,179786,/the-original-mr-fuzzy
80554,179791,/the-original-mr-fuzzy
80553,179793,/the-original-mr-fuzzy
80555,179797,/the-original-mr-fuzzy
80556,179801,/the-original-mr-fuzzy
80557,179805,/the-original-mr-fuzzy
80560,179813,/the-original-mr-fuzzy
80564,179820,/the-original-mr-fuzzy
80565,179827,/the-original-mr-fuzzy
80566,179828,/the-original-mr-fuzzy
80570,179843,/the-original-mr-fuzzy
80571,179845,/the-original-mr-fuzzy
80572,179846,/the-original-mr-fuzzy
80576,179856,/the-original-mr-fuzzy
80577,179860,/the-original-mr-fuzzy
80580,179867,/the-forever-love-bear
80579,179869,/the-original-mr-fuzzy
80581,179875,/the-original-mr-fuzzy
80582,179878,/the-original-mr-fuzzy
80588,179888,/the-original-mr-fuzzy
80590,179896,/the-forever-love-bear
80591,179898,/the-forever-love-bear
80592,179903,/the-original-mr-fuzzy
80598,179916,/the-original-mr-fuzzy
80606,179930,/the-original-mr-fuzzy
80607,179934,/the-forever-love-bear
80608,179937,/the-original-mr-fuzzy
80612,179945,/the-original-mr-fuzzy
80614,179948,/the-original-mr-fuzzy
80616,179956,/the-original-mr-fuzzy
80617,179959,/the-original-mr-fuzzy
80618,179963,/the-original-mr-fuzzy
80619,179968,/the-original-mr-fuzzy
80620,179969,/the-original-mr-fuzzy
80622,179975,/the-original-mr-fuzzy
80627,179984,/the-original-mr-fuzzy
80628,179989,/the-original-mr-fuzzy
80629,179990,/the-original-mr-fuzzy
80630,179996,/the-original-mr-fuzzy
80639,180010,/the-original-mr-fuzzy
80641,180016,/the-original-mr-fuzzy
80643,180022,/the-original-mr-fuzzy
80645,180023,/the-original-mr-fuzzy
80648,180027,/the-forever-love-bear
80652,180035,/the-original-mr-fuzzy
80653,180037,/the-original-mr-fuzzy
80654,180041,/the-original-mr-fuzzy
80663,180055,/the-original-mr-fuzzy
80665,180060,/the-original-mr-fuzzy
80668,180065,/the-original-mr-fuzzy
80669,180072,/the-original-mr-fuzzy
80672,180080,/the-original-mr-fuzzy
80673,180083,/the-original-mr-fuzzy
80674,180084,/the-original-mr-fuzzy
80678,180100,/the-original-mr-fuzzy
80679,180102,/the-original-mr-fuzzy
80680,180108,/the-original-mr-fuzzy
80682,180110,/the-original-mr-fuzzy
80683,180116,/the-forever-love-bear
80687,180128,/the-original-mr-fuzzy
80692,180135,/the-original-mr-fuzzy
80693,180139,/the-original-mr-fuzzy
80695,180144,/the-original-mr-fuzzy
80699,180151,/the-original-mr-fuzzy
80701,180155,/the-original-mr-fuzzy
80707,180165,/the-original-mr-fuzzy
80709,180172,/the-original-mr-fuzzy
80713,180179,/the-original-mr-fuzzy
80717,180187,/the-original-mr-fuzzy
80718,180193,/the-original-mr-fuzzy
80719,180197,/the-original-mr-fuzzy
80722,180211,/the-original-mr-fuzzy
80724,180213,/the-original-mr-fuzzy
80723,180214,/the-original-mr-fuzzy
80729,180221,/the-original-mr-fuzzy
80730,180225,/the-original-mr-fuzzy
80732,180231,/the-original-mr-fuzzy
80735,180236,/the-original-mr-fuzzy
80742,180250,/the-original-mr-fuzzy
80744,180257,/the-forever-love-bear
80745,180258,/the-original-mr-fuzzy
80749,180267,/the-original-mr-fuzzy
80750,180273,/the-original-mr-fuzzy
80753,180276,/the-original-mr-fuzzy
80754,180277,/the-original-mr-fuzzy
80756,180289,/the-original-mr-fuzzy
80761,180301,/the-original-mr-fuzzy
80763,180310,/the-forever-love-bear
80767,180315,/the-forever-love-bear
80768,180318,/the-forever-love-bear
80769,180324,/the-forever-love-bear
80771,180325,/the-original-mr-fuzzy
80774,180343,/the-forever-love-bear
80779,180348,/the-forever-love-bear
80783,180359,/the-original-mr-fuzzy
80786,180363,/the-original-mr-fuzzy
80784,180364,/the-original-mr-fuzzy
80795,180377,/the-original-mr-fuzzy
80797,180378,/the-original-mr-fuzzy
80799,180387,/the-original-mr-fuzzy
80798,180393,/the-original-mr-fuzzy
80805,180405,/the-original-mr-fuzzy
80806,180406,/the-original-mr-fuzzy
80813,180416,/the-original-mr-fuzzy
80814,180417,/the-original-mr-fuzzy
80817,180426,/the-original-mr-fuzzy
80819,180430,/the-original-mr-fuzzy
80821,180441,/the-original-mr-fuzzy
80827,180448,/the-forever-love-bear
80831,180456,/the-original-mr-fuzzy
80833,180463,/the-original-mr-fuzzy
80834,180464,/the-original-mr-fuzzy
80838,180473,/the-original-mr-fuzzy
80840,180483,/the-forever-love-bear
80841,180485,/the-original-mr-fuzzy
80843,180495,/the-original-mr-fuzzy
80848,180508,/the-forever-love-bear
80849,180510,/the-original-mr-fuzzy
80851,180514,/the-original-mr-fuzzy
80854,180525,/the-original-mr-fuzzy
80856,180530,/the-original-mr-fuzzy
80858,180533,/the-forever-love-bear
80859,180541,/the-original-mr-fuzzy
80861,180547,/the-original-mr-fuzzy
80866,180558,/the-original-mr-fuzzy
80867,180565,/the-original-mr-fuzzy
80868,180567,/the-original-mr-fuzzy
80880,180582,/the-original-mr-fuzzy
80883,180588,/the-original-mr-fuzzy
80886,180595,/the-original-mr-fuzzy
80890,180601,/the-forever-love-bear
80898,180612,/the-original-mr-fuzzy
80899,180617,/the-original-mr-fuzzy
80903,180625,/the-original-mr-fuzzy
80906,180628,/the-original-mr-fuzzy
80908,180633,/the-original-mr-fuzzy
80910,180639,/the-original-mr-fuzzy
80911,180643,/the-original-mr-fuzzy
80913,180648,/the-forever-love-bear
80914,180657,/the-original-mr-fuzzy
80918,180668,/the-original-mr-fuzzy
80919,180670,/the-original-mr-fuzzy
80922,180674,/the-original-mr-fuzzy
80925,180682,/the-original-mr-fuzzy
80930,180692,/the-original-mr-fuzzy
80931,180696,/the-forever-love-bear
80932,180700,/the-original-mr-fuzzy
80937,180712,/the-original-mr-fuzzy
80936,180714,/the-original-mr-fuzzy
80940,180724,/the-original-mr-fuzzy
80941,180727,/the-original-mr-fuzzy
80944,180734,/the-original-mr-fuzzy
80945,180738,/the-forever-love-bear
80947,180742,/the-original-mr-fuzzy
80948,180744,/the-original-mr-fuzzy
80949,180747,/the-original-mr-fuzzy
80950,180750,/the-original-mr-fuzzy
80953,180755,/the-original-mr-fuzzy
80954,180759,/the-forever-love-bear
80960,180772,/the-original-mr-fuzzy
80959,180773,/the-original-mr-fuzzy
80962,180781,/the-original-mr-fuzzy
80966,180787,/the-original-mr-fuzzy
80968,180795,/the-original-mr-fuzzy
80969,180799,/the-forever-love-bear
80972,180803,/the-original-mr-fuzzy
80973,180808,/the-original-mr-fuzzy
80976,180817,/the-original-mr-fuzzy
80977,180820,/the-original-mr-fuzzy
80981,180826,/the-original-mr-fuzzy
80982,180836,/the-original-mr-fuzzy
80983,180837,/the-original-mr-fuzzy
80985,180844,/the-forever-love-bear
80986,180849,/the-original-mr-fuzzy
80988,180852,/the-original-mr-fuzzy
80989,180859,/the-original-mr-fuzzy
80992,180864,/the-original-mr-fuzzy
80991,180868,/the-original-mr-fuzzy
80994,180870,/the-original-mr-fuzzy
81001,180881,/the-original-mr-fuzzy
81004,180888,/the-original-mr-fuzzy
81007,180894,/the-original-mr-fuzzy
81008,180898,/the-forever-love-bear
81017,180910,/the-original-mr-fuzzy
81018,180916,/the-original-mr-fuzzy
81020,180917,/the-original-mr-fuzzy
81021,180923,/the-original-mr-fuzzy
81024,180929,/the-forever-love-bear
81027,180942,/the-original-mr-fuzzy
81031,180945,/the-original-mr-fuzzy
81032,180956,/the-original-mr-fuzzy
81036,180964,/the-original-mr-fuzzy
81042,180971,/the-original-mr-fuzzy
81043,180975,/the-forever-love-bear
81046,180979,/the-original-mr-fuzzy
81049,180987,/the-original-mr-fuzzy
81052,180993,/the-original-mr-fuzzy
81056,181003,/the-original-mr-fuzzy
81058,181008,/the-original-mr-fuzzy
81060,181017,/the-original-mr-fuzzy
81063,181020,/the-original-mr-fuzzy
81067,181025,/the-forever-love-bear
81068,181031,/the-original-mr-fuzzy
81071,181035,/the-forever-love-bear
81072,181041,/the-original-mr-fuzzy
81073,181043,/the-original-mr-fuzzy
81080,181057,/the-original-mr-fuzzy
81082,181064,/the-original-mr-fuzzy
81085,181069,/the-original-mr-fuzzy
81092,181084,/the-original-mr-fuzzy
81095,181087,/the-original-mr-fuzzy
81096,181098,/the-original-mr-fuzzy
81100,181100,/the-original-mr-fuzzy
81099,181104,/the-original-mr-fuzzy
81104,181110,/the-forever-love-bear
81103,181111,/the-original-mr-fuzzy
81105,181118,/the-forever-love-bear
81106,181120,/the-original-mr-fuzzy
81110,181129,/the-original-mr-fuzzy
81113,181131,/the-original-mr-fuzzy
81114,181135,/the-original-mr-fuzzy
81115,181139,/the-original-mr-fuzzy
81123,181160,/the-original-mr-fuzzy
81126,181163,/the-original-mr-fuzzy
81127,181166,/the-original-mr-fuzzy
81130,181173,/the-original-mr-fuzzy
81129,181175,/the-forever-love-bear
81131,181177,/the-original-mr-fuzzy
81133,181186,/the-original-mr-fuzzy
81140,181196,/the-original-mr-fuzzy
81141,181202,/the-original-mr-fuzzy
81142,181204,/the-original-mr-fuzzy
81143,181207,/the-original-mr-fuzzy
81145,181209,/the-original-mr-fuzzy
81146,181214,/the-original-mr-fuzzy
81148,181219,/the-original-mr-fuzzy
81150,181222,/the-original-mr-fuzzy
81154,181227,/the-original-mr-fuzzy
81156,181232,/the-original-mr-fuzzy
81161,181239,/the-original-mr-fuzzy
81165,181249,/the-original-mr-fuzzy
81169,181257,/the-forever-love-bear
81170,181258,/the-original-mr-fuzzy
81173,181264,/the-original-mr-fuzzy
81176,181270,/the-original-mr-fuzzy
81178,181276,/the-original-mr-fuzzy
81181,181280,/the-original-mr-fuzzy
81182,181284,/the-original-mr-fuzzy
81188,181299,/the-forever-love-bear
81189,181303,/the-original-mr-fuzzy
81192,181309,/the-original-mr-fuzzy
81195,181315,/the-original-mr-fuzzy
81194,181316,/the-original-mr-fuzzy
81196,181329,/the-forever-love-bear
81197,181330,/the-forever-love-bear
81200,181337,/the-original-mr-fuzzy
81203,181342,/the-original-mr-fuzzy
81204,181345,/the-forever-love-bear
81205,181348,/the-original-mr-fuzzy
81209,181355,/the-original-mr-fuzzy
81213,181362,/the-original-mr-fuzzy
81215,181370,/the-original-mr-fuzzy
81217,181376,/the-original-mr-fuzzy
81220,181381,/the-original-mr-fuzzy
81224,181395,/the-original-mr-fuzzy
81225,181398,/the-original-mr-fuzzy
81229,181411,/the-original-mr-fuzzy
81228,181412,/the-forever-love-bear
81231,181416,/the-original-mr-fuzzy
81233,181419,/the-forever-love-bear
81232,181421,/the-forever-love-bear
81234,181426,/the-original-mr-fuzzy
81235,181430,/the-forever-love-bear
81238,181436,/the-forever-love-bear
81237,181440,/the-forever-love-bear
81240,181445,/the-original-mr-fuzzy
81241,181448,/the-original-mr-fuzzy
81247,181458,/the-original-mr-fuzzy
81250,181464,/the-original-mr-fuzzy
81254,181471,/the-original-mr-fuzzy
81255,181475,/the-original-mr-fuzzy
81256,181480,/the-forever-love-bear
81262,181490,/the-original-mr-fuzzy
81263,181497,/the-original-mr-fuzzy
81264,181501,/the-original-mr-fuzzy
81267,181506,/the-original-mr-fuzzy
81266,181507,/the-original-mr-fuzzy
81268,181510,/the-forever-love-bear
81269,181513,/the-original-mr-fuzzy
81271,181517,/the-original-mr-fuzzy
81274,181523,/the-original-mr-fuzzy
81275,181527,/the-original-mr-fuzzy
81283,181538,/the-original-mr-fuzzy
81289,181550,/the-original-mr-fuzzy
81290,181553,/the-original-mr-fuzzy
81292,181554,/the-original-mr-fuzzy
81297,181566,/the-original-mr-fuzzy
81299,181575,/the-original-mr-fuzzy
81301,181577,/the-original-mr-fuzzy
81305,181586,/the-original-mr-fuzzy
81308,181590,/the-original-mr-fuzzy
81311,181596,/the-original-mr-fuzzy
81312,181600,/the-original-mr-fuzzy
81315,181603,/the-forever-love-bear
81313,181605,/the-original-mr-fuzzy
81314,181607,/the-original-mr-fuzzy
81316,181611,/the-original-mr-fuzzy
81317,181617,/the-original-mr-fuzzy
81321,181630,/the-original-mr-fuzzy
81322,181633,/the-original-mr-fuzzy
81324,181637,/the-original-mr-fuzzy
81328,181643,/the-original-mr-fuzzy
81326,181651,/the-original-mr-fuzzy
81330,181655,/the-original-mr-fuzzy
81327,181656,/the-original-mr-fuzzy
81333,181669,/the-forever-love-bear
81341,181682,/the-original-mr-fuzzy
81342,181683,/the-original-mr-fuzzy
81343,181685,/the-original-mr-fuzzy
81345,181698,/the-original-mr-fuzzy
81346,181701,/the-original-mr-fuzzy
81349,181703,/the-original-mr-fuzzy
81353,181714,/the-original-mr-fuzzy
81354,181718,/the-original-mr-fuzzy
81356,181724,/the-original-mr-fuzzy
81357,181735,/the-original-mr-fuzzy
81360,181744,/the-original-mr-fuzzy
81361,181745,/the-original-mr-fuzzy
81363,181756,/the-original-mr-fuzzy
81364,181761,/the-original-mr-fuzzy
81365,181762,/the-original-mr-fuzzy
81372,181768,/the-original-mr-fuzzy
81374,181773,/the-forever-love-bear
81377,181779,/the-original-mr-fuzzy
81378,181782,/the-original-mr-fuzzy
81381,181791,/the-original-mr-fuzzy
81382,181796,/the-original-mr-fuzzy
81384,181800,/the-original-mr-fuzzy
81386,181815,/the-original-mr-fuzzy
81390,181816,/the-original-mr-fuzzy
81396,181830,/the-original-mr-fuzzy
81403,181840,/the-original-mr-fuzzy
81401,181841,/the-original-mr-fuzzy
81405,181843,/the-original-mr-fuzzy
81406,181853,/the-original-mr-fuzzy
81410,181862,/the-original-mr-fuzzy
81408,181864,/the-original-mr-fuzzy
81411,181866,/the-original-mr-fuzzy
81418,181877,/the-original-mr-fuzzy
81417,181881,/the-original-mr-fuzzy
81419,181884,/the-original-mr-fuzzy
81421,181888,/the-original-mr-fuzzy
81422,181894,/the-original-mr-fuzzy
81424,181898,/the-original-mr-fuzzy
81427,181903,/the-original-mr-fuzzy
81426,181905,/the-original-mr-fuzzy
81430,181914,/the-original-mr-fuzzy
81432,181921,/the-original-mr-fuzzy
81438,181931,/the-original-mr-fuzzy
81439,181938,/the-forever-love-bear
81440,181943,/the-original-mr-fuzzy
81442,181945,/the-original-mr-fuzzy
81443,181952,/the-original-mr-fuzzy
81445,181961,/the-original-mr-fuzzy
81448,181968,/the-original-mr-fuzzy
81449,181970,/the-original-mr-fuzzy
81450,181972,/the-forever-love-bear
81452,181977,/the-original-mr-fuzzy
81453,181982,/the-original-mr-fuzzy
81456,181989,/the-original-mr-fuzzy
81457,181995,/the-original-mr-fuzzy
81458,181999,/the-forever-love-bear
81461,182009,/the-forever-love-bear
81463,182011,/the-original-mr-fuzzy
81467,182020,/the-original-mr-fuzzy
81468,182023,/the-original-mr-fuzzy
81470,182028,/the-original-mr-fuzzy
81473,182039,/the-original-mr-fuzzy
81474,182041,/the-original-mr-fuzzy
81478,182051,/the-original-mr-fuzzy
81483,182058,/the-original-mr-fuzzy
81484,182063,/the-original-mr-fuzzy
81488,182075,/the-original-mr-fuzzy
81489,182076,/the-forever-love-bear
81492,182084,/the-original-mr-fuzzy
81493,182087,/the-original-mr-fuzzy
81498,182099,/the-original-mr-fuzzy
81497,182100,/the-original-mr-fuzzy
81499,182107,/the-forever-love-bear
81501,182113,/the-original-mr-fuzzy
81502,182117,/the-original-mr-fuzzy
81503,182119,/the-original-mr-fuzzy
81504,182122,/the-original-mr-fuzzy
81505,182128,/the-forever-love-bear
81508,182137,/the-original-mr-fuzzy
81513,182150,/the-forever-love-bear
81515,182155,/the-original-mr-fuzzy
81516,182159,/the-original-mr-fuzzy
81518,182164,/the-original-mr-fuzzy
81519,182167,/the-original-mr-fuzzy
81520,182173,/the-original-mr-fuzzy
81523,182177,/the-original-mr-fuzzy
81524,182183,/the-original-mr-fuzzy
81526,182193,/the-original-mr-fuzzy
81527,182194,/the-original-mr-fuzzy
81529,182206,/the-original-mr-fuzzy
81532,182213,/the-original-mr-fuzzy
81534,182224,/the-original-mr-fuzzy
81542,182235,/the-original-mr-fuzzy
81544,182241,/the-original-mr-fuzzy
81546,182245,/the-original-mr-fuzzy
81548,182249,/the-original-mr-fuzzy
81550,182258,/the-original-mr-fuzzy
81549,182260,/the-original-mr-fuzzy
81551,182261,/the-original-mr-fuzzy
81554,182266,/the-original-mr-fuzzy
81556,182274,/the-original-mr-fuzzy
81558,182279,/the-forever-love-bear
81560,182287,/the-original-mr-fuzzy
81562,182293,/the-original-mr-fuzzy
81564,182302,/the-original-mr-fuzzy
81569,182311,/the-original-mr-fuzzy
81568,182312,/the-original-mr-fuzzy
81572,182319,/the-forever-love-bear
81574,182323,/the-forever-love-bear
81577,182332,/the-original-mr-fuzzy
81581,182342,/the-forever-love-bear
81585,182345,/the-original-mr-fuzzy
81583,182346,/the-original-mr-fuzzy
81587,182350,/the-original-mr-fuzzy
81588,182356,/the-original-mr-fuzzy
81593,182364,/the-original-mr-fuzzy
81592,182369,/the-original-mr-fuzzy
81591,182370,/the-forever-love-bear
81595,182374,/the-original-mr-fuzzy
81602,182386,/the-forever-love-bear
81604,182388,/the-original-mr-fuzzy
81606,182394,/the-original-mr-fuzzy
81605,182398,/the-original-mr-fuzzy
81609,182409,/the-original-mr-fuzzy
81611,182413,/the-forever-love-bear
81620,182427,/the-forever-love-bear
81627,182436,/the-original-mr-fuzzy
81628,182441,/the-original-mr-fuzzy
81632,182446,/the-original-mr-fuzzy
81633,182455,/the-forever-love-bear
81639,182461,/the-forever-love-bear
81637,182463,/the-original-mr-fuzzy
81642,182471,/the-original-mr-fuzzy
81644,182477,/the-original-mr-fuzzy
81645,182478,/the-original-mr-fuzzy
81646,182479,/the-original-mr-fuzzy
81648,182483,/the-original-mr-fuzzy
81652,182495,/the-original-mr-fuzzy
81656,182499,/the-original-mr-fuzzy
81662,182511,/the-forever-love-bear
81666,182516,/the-original-mr-fuzzy
81667,182520,/the-original-mr-fuzzy
81670,182529,/the-forever-love-bear
81671,182531,/the-original-mr-fuzzy
81673,182537,/the-original-mr-fuzzy
81675,182540,/the-original-mr-fuzzy
81679,182547,/the-forever-love-bear
81681,182552,/the-original-mr-fuzzy
81684,182565,/the-original-mr-fuzzy
81692,182574,/the-original-mr-fuzzy
81698,182584,/the-original-mr-fuzzy
81700,182590,/the-original-mr-fuzzy
81701,182593,/the-original-mr-fuzzy
81703,182595,/the-original-mr-fuzzy
81706,182602,/the-original-mr-fuzzy
81712,182613,/the-original-mr-fuzzy
81709,182614,/the-original-mr-fuzzy
81715,182622,/the-original-mr-fuzzy
81717,182628,/the-original-mr-fuzzy
81722,182638,/the-original-mr-fuzzy
81725,182646,/the-original-mr-fuzzy
81727,182649,/the-original-mr-fuzzy
81728,182656,/the-original-mr-fuzzy
81729,182658,/the-original-mr-fuzzy
81734,182675,/the-original-mr-fuzzy
81735,182679,/the-original-mr-fuzzy
81739,182684,/the-forever-love-bear
81738,182685,/the-original-mr-fuzzy
81741,182688,/the-original-mr-fuzzy
81745,182698,/the-original-mr-fuzzy
81746,182701,/the-original-mr-fuzzy
81750,182708,/the-original-mr-fuzzy
81755,182717,/the-original-mr-fuzzy
81753,182719,/the-original-mr-fuzzy
81756,182720,/the-original-mr-fuzzy
81758,182728,/the-original-mr-fuzzy
81757,182731,/the-original-mr-fuzzy
81760,182735,/the-original-mr-fuzzy
81761,182738,/the-original-mr-fuzzy
81764,182745,/the-original-mr-fuzzy
81766,182756,/the-original-mr-fuzzy
81769,182759,/the-original-mr-fuzzy
81768,182762,/the-original-mr-fuzzy
81770,182764,/the-forever-love-bear
81773,182776,/the-original-mr-fuzzy
81774,182777,/the-original-mr-fuzzy
81776,182788,/the-original-mr-fuzzy
81777,182789,/the-original-mr-fuzzy
81778,182794,/the-original-mr-fuzzy
81779,182799,/the-forever-love-bear
81789,182814,/the-original-mr-fuzzy
81792,182820,/the-original-mr-fuzzy
81791,182822,/the-forever-love-bear
81793,182827,/the-original-mr-fuzzy
81795,182834,/the-original-mr-fuzzy
81794,182836,/the-original-mr-fuzzy
81796,182839,/the-original-mr-fuzzy
81799,182843,/the-original-mr-fuzzy
81801,182848,/the-original-mr-fuzzy
81803,182855,/the-original-mr-fuzzy
81804,182856,/the-original-mr-fuzzy
81807,182863,/the-original-mr-fuzzy
81809,182866,/the-original-mr-fuzzy
81812,182871,/the-forever-love-bear
81818,182882,/the-original-mr-fuzzy
81832,182905,/the-original-mr-fuzzy
81835,182913,/the-original-mr-fuzzy
81837,182920,/the-original-mr-fuzzy
81838,182924,/the-forever-love-bear
81839,182927,/the-forever-love-bear
81840,182933,/the-forever-love-bear
81841,182936,/the-original-mr-fuzzy
81843,182942,/the-original-mr-fuzzy
81844,182943,/the-original-mr-fuzzy
81847,182950,/the-original-mr-fuzzy
81850,182957,/the-original-mr-fuzzy
81854,182965,/the-original-mr-fuzzy
81856,182971,/the-original-mr-fuzzy
81859,182976,/the-original-mr-fuzzy
81860,182980,/the-original-mr-fuzzy
81862,182985,/the-original-mr-fuzzy
81864,182989,/the-original-mr-fuzzy
81865,182995,/the-original-mr-fuzzy
81869,183004,/the-original-mr-fuzzy
81872,183007,/the-original-mr-fuzzy
81874,183013,/the-original-mr-fuzzy
81875,183018,/the-original-mr-fuzzy
81877,183019,/the-original-mr-fuzzy
81881,183030,/the-original-mr-fuzzy
81883,183035,/the-original-mr-fuzzy
81887,183048,/the-original-mr-fuzzy
81890,183051,/the-original-mr-fuzzy
81892,183057,/the-original-mr-fuzzy
81895,183066,/the-original-mr-fuzzy
81898,183074,/the-original-mr-fuzzy
81901,183080,/the-forever-love-bear
81904,183091,/the-original-mr-fuzzy
81903,183092,/the-original-mr-fuzzy
81906,183094,/the-original-mr-fuzzy
81905,183096,/the-forever-love-bear
81911,183104,/the-original-mr-fuzzy
81912,183108,/the-original-mr-fuzzy
81916,183116,/the-forever-love-bear
81921,183125,/the-original-mr-fuzzy
81923,183128,/the-original-mr-fuzzy
81926,183137,/the-original-mr-fuzzy
81928,183138,/the-original-mr-fuzzy
81931,183153,/the-original-mr-fuzzy
81934,183154,/the-forever-love-bear
81936,183157,/the-forever-love-bear
81937,183161,/the-original-mr-fuzzy
81941,183170,/the-original-mr-fuzzy
81942,183176,/the-original-mr-fuzzy
81946,183182,/the-original-mr-fuzzy
81948,183186,/the-forever-love-bear
81949,183190,/the-original-mr-fuzzy
81950,183195,/the-original-mr-fuzzy
81952,183199,/the-original-mr-fuzzy
81957,183213,/the-original-mr-fuzzy
81958,183217,/the-original-mr-fuzzy
81961,183226,/the-original-mr-fuzzy
81965,183232,/the-original-mr-fuzzy
81966,183233,/the-original-mr-fuzzy
81968,183239,/the-original-mr-fuzzy
81972,183244,/the-original-mr-fuzzy
81974,183250,/the-original-mr-fuzzy
81973,183252,/the-original-mr-fuzzy
81976,183260,/the-original-mr-fuzzy
81978,183264,/the-forever-love-bear
81980,183272,/the-original-mr-fuzzy
81982,183273,/the-original-mr-fuzzy
81984,183284,/the-forever-love-bear
81986,183290,/the-forever-love-bear
81988,183300,/the-original-mr-fuzzy
81991,183304,/the-original-mr-fuzzy
81990,183305,/the-original-mr-fuzzy
81993,183308,/the-original-mr-fuzzy
81996,183326,/the-original-mr-fuzzy
81997,183328,/the-forever-love-bear
81998,183329,/the-original-mr-fuzzy
81999,183330,/the-original-mr-fuzzy
82000,183334,/the-original-mr-fuzzy
82002,183337,/the-original-mr-fuzzy
82006,183347,/the-original-mr-fuzzy
82008,183356,/the-original-mr-fuzzy
82011,183361,/the-original-mr-fuzzy
82009,183364,/the-original-mr-fuzzy
82010,183367,/the-original-mr-fuzzy
82013,183375,/the-original-mr-fuzzy
82018,183391,/the-original-mr-fuzzy
82021,183394,/the-original-mr-fuzzy
82020,183395,/the-original-mr-fuzzy
82022,183402,/the-original-mr-fuzzy
82023,183405,/the-forever-love-bear
82024,183411,/the-original-mr-fuzzy
82026,183417,/the-original-mr-fuzzy
82028,183424,/the-original-mr-fuzzy
82029,183427,/the-original-mr-fuzzy
82035,183438,/the-original-mr-fuzzy
82036,183441,/the-original-mr-fuzzy
82040,183454,/the-original-mr-fuzzy
82043,183464,/the-original-mr-fuzzy
82044,183466,/the-original-mr-fuzzy
82046,183470,/the-original-mr-fuzzy
82048,183474,/the-original-mr-fuzzy
82051,183484,/the-forever-love-bear
82052,183485,/the-original-mr-fuzzy
82053,183489,/the-original-mr-fuzzy
82057,183497,/the-original-mr-fuzzy
82056,183498,/the-original-mr-fuzzy
82058,183508,/the-original-mr-fuzzy
82059,183513,/the-original-mr-fuzzy
82062,183518,/the-forever-love-bear
82065,183528,/the-forever-love-bear
82066,183530,/the-original-mr-fuzzy
82067,183534,/the-forever-love-bear
82070,183540,/the-original-mr-fuzzy
82074,183547,/the-original-mr-fuzzy
82083,183565,/the-original-mr-fuzzy
82089,183578,/the-original-mr-fuzzy
82092,183585,/the-original-mr-fuzzy
82093,183586,/the-original-mr-fuzzy
82091,183587,/the-original-mr-fuzzy
82094,183595,/the-original-mr-fuzzy
82095,183596,/the-original-mr-fuzzy
82096,183601,/the-original-mr-fuzzy
82101,183608,/the-original-mr-fuzzy
82103,183614,/the-original-mr-fuzzy
82106,183620,/the-original-mr-fuzzy
82107,183623,/the-original-mr-fuzzy
82109,183627,/the-original-mr-fuzzy
82110,183630,/the-forever-love-bear
82113,183638,/the-original-mr-fuzzy
82115,183642,/the-original-mr-fuzzy
82119,183652,/the-original-mr-fuzzy
82120,183655,/the-original-mr-fuzzy
82121,183658,/the-forever-love-bear
82122,183667,/the-original-mr-fuzzy
82123,183672,/the-original-mr-fuzzy
82124,183676,/the-original-mr-fuzzy
82125,183682,/the-original-mr-fuzzy
82127,183688,/the-original-mr-fuzzy
82129,183690,/the-original-mr-fuzzy
82128,183692,/the-original-mr-fuzzy
82130,183695,/the-original-mr-fuzzy
82133,183705,/the-original-mr-fuzzy
82134,183707,/the-original-mr-fuzzy
82136,183715,/the-original-mr-fuzzy
82137,183721,/the-original-mr-fuzzy
82142,183735,/the-original-mr-fuzzy
82146,183747,/the-original-mr-fuzzy
82148,183756,/the-original-mr-fuzzy
82150,183760,/the-original-mr-fuzzy
82151,183763,/the-forever-love-bear
82153,183767,/the-original-mr-fuzzy
82154,183770,/the-forever-love-bear
82155,183773,/the-original-mr-fuzzy
82157,183777,/the-original-mr-fuzzy
82159,183783,/the-original-mr-fuzzy
82160,183787,/the-original-mr-fuzzy
82163,183791,/the-original-mr-fuzzy
82173,183810,/the-original-mr-fuzzy
82172,183811,/the-original-mr-fuzzy
82175,183820,/the-original-mr-fuzzy
82176,183823,/the-forever-love-bear
82177,183827,/the-original-mr-fuzzy
82178,183835,/the-forever-love-bear
82180,183842,/the-original-mr-fuzzy
82182,183848,/the-original-mr-fuzzy
82183,183849,/the-original-mr-fuzzy
82184,183856,/the-original-mr-fuzzy
82185,183859,/the-original-mr-fuzzy
82188,183864,/the-original-mr-fuzzy
82191,183870,/the-original-mr-fuzzy
82193,183878,/the-original-mr-fuzzy
82194,183883,/the-original-mr-fuzzy
82195,183885,/the-original-mr-fuzzy
82200,183893,/the-original-mr-fuzzy
82202,183901,/the-original-mr-fuzzy
82203,183905,/the-original-mr-fuzzy
82205,183908,/the-original-mr-fuzzy
82206,183916,/the-original-mr-fuzzy
82209,183921,/the-original-mr-fuzzy
82208,183922,/the-original-mr-fuzzy
82210,183929,/the-forever-love-bear
82212,183933,/the-original-mr-fuzzy
82215,183941,/the-original-mr-fuzzy
82216,183942,/the-original-mr-fuzzy
82219,183947,/the-original-mr-fuzzy
82224,183957,/the-original-mr-fuzzy
82226,183962,/the-original-mr-fuzzy
82230,183968,/the-original-mr-fuzzy
82232,183973,/the-original-mr-fuzzy
82235,183980,/the-forever-love-bear
82237,183984,/the-original-mr-fuzzy
82238,183987,/the-forever-love-bear
82239,183990,/the-original-mr-fuzzy
82241,183994,/the-original-mr-fuzzy
82244,184000,/the-original-mr-fuzzy
82246,184007,/the-original-mr-fuzzy
82251,184015,/the-original-mr-fuzzy
82258,184023,/the-forever-love-bear
82259,184030,/the-original-mr-fuzzy
82261,184037,/the-original-mr-fuzzy
82263,184044,/the-original-mr-fuzzy
82264,184047,/the-original-mr-fuzzy
82266,184051,/the-original-mr-fuzzy
82267,184055,/the-original-mr-fuzzy
82269,184065,/the-original-mr-fuzzy
82274,184077,/the-original-mr-fuzzy
82275,184078,/the-original-mr-fuzzy
82276,184084,/the-original-mr-fuzzy
82279,184091,/the-original-mr-fuzzy
82280,184097,/the-original-mr-fuzzy
82281,184103,/the-original-mr-fuzzy
82284,184107,/the-original-mr-fuzzy
82283,184108,/the-original-mr-fuzzy
82287,184116,/the-forever-love-bear
82289,184121,/the-original-mr-fuzzy
82296,184129,/the-original-mr-fuzzy
82299,184134,/the-original-mr-fuzzy
82301,184138,/the-original-mr-fuzzy
82303,184144,/the-original-mr-fuzzy
82304,184147,/the-original-mr-fuzzy
82306,184157,/the-original-mr-fuzzy
82309,184165,/the-forever-love-bear
82318,184177,/the-original-mr-fuzzy
82319,184181,/the-forever-love-bear
82320,184185,/the-forever-love-bear
82323,184194,/the-original-mr-fuzzy
82325,184199,/the-original-mr-fuzzy
82328,184209,/the-original-mr-fuzzy
82329,184212,/the-forever-love-bear
82333,184222,/the-original-mr-fuzzy
82335,184227,/the-original-mr-fuzzy
82337,184234,/the-original-mr-fuzzy
82341,184244,/the-original-mr-fuzzy
82343,184249,/the-forever-love-bear
82344,184258,/the-original-mr-fuzzy
82347,184260,/the-original-mr-fuzzy
82349,184268,/the-original-mr-fuzzy
82352,184276,/the-original-mr-fuzzy
82356,184284,/the-forever-love-bear
82357,184287,/the-forever-love-bear
82358,184293,/the-original-mr-fuzzy
82361,184297,/the-original-mr-fuzzy
82363,184303,/the-original-mr-fuzzy
82366,184308,/the-original-mr-fuzzy
82368,184312,/the-forever-love-bear
82374,184322,/the-original-mr-fuzzy
82381,184336,/the-original-mr-fuzzy
82384,184341,/the-forever-love-bear
82385,184350,/the-original-mr-fuzzy
82388,184356,/the-original-mr-fuzzy
82390,184357,/the-original-mr-fuzzy
82389,184360,/the-original-mr-fuzzy
82392,184369,/the-forever-love-bear
82397,184379,/the-original-mr-fuzzy
82396,184382,/the-original-mr-fuzzy
82398,184385,/the-forever-love-bear
82401,184394,/the-original-mr-fuzzy
82404,184399,/the-original-mr-fuzzy
82407,184408,/the-original-mr-fuzzy
82408,184409,/the-original-mr-fuzzy
82411,184416,/the-original-mr-fuzzy
82412,184420,/the-original-mr-fuzzy
82415,184427,/the-forever-love-bear
82414,184428,/the-original-mr-fuzzy
82416,184432,/the-original-mr-fuzzy
82417,184435,/the-original-mr-fuzzy
82420,184445,/the-original-mr-fuzzy
82423,184447,/the-original-mr-fuzzy
82425,184451,/the-forever-love-bear
82427,184461,/the-original-mr-fuzzy
82428,184462,/the-original-mr-fuzzy
82426,184463,/the-forever-love-bear
82430,184469,/the-original-mr-fuzzy
82431,184474,/the-forever-love-bear
82432,184475,/the-original-mr-fuzzy
82435,184482,/the-original-mr-fuzzy
82436,184489,/the-original-mr-fuzzy
82438,184491,/the-forever-love-bear
82441,184492,/the-original-mr-fuzzy
82443,184501,/the-original-mr-fuzzy
82445,184507,/the-original-mr-fuzzy
82444,184508,/the-original-mr-fuzzy
82446,184510,/the-original-mr-fuzzy
82447,184512,/the-original-mr-fuzzy
82450,184516,/the-original-mr-fuzzy
82452,184521,/the-original-mr-fuzzy
82453,184524,/the-original-mr-fuzzy
82451,184525,/the-original-mr-fuzzy
82455,184531,/the-original-mr-fuzzy
82456,184536,/the-forever-love-bear
82458,184540,/the-original-mr-fuzzy
82459,184548,/the-original-mr-fuzzy
82462,184551,/the-original-mr-fuzzy
82466,184558,/the-original-mr-fuzzy
82468,184563,/the-original-mr-fuzzy
82469,184565,/the-original-mr-fuzzy
82470,184571,/the-original-mr-fuzzy
82477,184587,/the-forever-love-bear
82480,184596,/the-forever-love-bear
82481,184602,/the-original-mr-fuzzy
82486,184614,/the-original-mr-fuzzy
82490,184625,/the-original-mr-fuzzy
82491,184630,/the-original-mr-fuzzy
82492,184633,/the-forever-love-bear
82494,184638,/the-original-mr-fuzzy
82493,184642,/the-original-mr-fuzzy
82496,184649,/the-original-mr-fuzzy
82498,184651,/the-original-mr-fuzzy
82499,184658,/the-original-mr-fuzzy
82502,184664,/the-original-mr-fuzzy
82508,184675,/the-forever-love-bear
82509,184687,/the-original-mr-fuzzy
82511,184690,/the-original-mr-fuzzy
82512,184693,/the-original-mr-fuzzy
82516,184705,/the-original-mr-fuzzy
82517,184708,/the-original-mr-fuzzy
82521,184714,/the-original-mr-fuzzy
82522,184722,/the-original-mr-fuzzy
82526,184733,/the-original-mr-fuzzy
82528,184734,/the-original-mr-fuzzy
82530,184739,/the-original-mr-fuzzy
82532,184743,/the-original-mr-fuzzy
82531,184744,/the-original-mr-fuzzy
82533,184748,/the-original-mr-fuzzy
82534,184756,/the-original-mr-fuzzy
82536,184757,/the-original-mr-fuzzy
82539,184765,/the-original-mr-fuzzy
82540,184769,/the-original-mr-fuzzy
82542,184772,/the-original-mr-fuzzy
82544,184777,/the-original-mr-fuzzy
82546,184781,/the-original-mr-fuzzy
82551,184789,/the-forever-love-bear
82549,184792,/the-original-mr-fuzzy
82550,184793,/the-original-mr-fuzzy
82553,184802,/the-original-mr-fuzzy
82556,184809,/the-forever-love-bear
82557,184813,/the-original-mr-fuzzy
82560,184819,/the-original-mr-fuzzy
82562,184824,/the-forever-love-bear
82565,184832,/the-original-mr-fuzzy
82570,184844,/the-original-mr-fuzzy
82571,184848,/the-original-mr-fuzzy
82578,184856,/the-original-mr-fuzzy
82582,184865,/the-original-mr-fuzzy
82583,184866,/the-original-mr-fuzzy
82584,184870,/the-original-mr-fuzzy
82587,184881,/the-original-mr-fuzzy
82595,184890,/the-original-mr-fuzzy
82596,184897,/the-original-mr-fuzzy
82598,184901,/the-original-mr-fuzzy
82599,184903,/the-forever-love-bear
82602,184908,/the-original-mr-fuzzy
82604,184913,/the-forever-love-bear
82605,184919,/the-original-mr-fuzzy
82606,184925,/the-original-mr-fuzzy
82608,184931,/the-original-mr-fuzzy
82609,184936,/the-original-mr-fuzzy
82612,184942,/the-original-mr-fuzzy
82611,184943,/the-original-mr-fuzzy
82615,184948,/the-original-mr-fuzzy
82617,184952,/the-original-mr-fuzzy
82619,184956,/the-original-mr-fuzzy
82620,184959,/the-original-mr-fuzzy
82623,184970,/the-forever-love-bear
82625,184976,/the-original-mr-fuzzy
82627,184985,/the-original-mr-fuzzy
82629,184992,/the-original-mr-fuzzy
82632,185003,/the-original-mr-fuzzy
82634,185006,/the-original-mr-fuzzy
82635,185009,/the-original-mr-fuzzy
82637,185012,/the-forever-love-bear
82636,185013,/the-original-mr-fuzzy
82638,185017,/the-original-mr-fuzzy
82641,185024,/the-original-mr-fuzzy
82642,185027,/the-original-mr-fuzzy
82643,185029,/the-original-mr-fuzzy
82647,185036,/the-original-mr-fuzzy
82650,185045,/the-original-mr-fuzzy
82652,185047,/the-original-mr-fuzzy
82651,185048,/the-original-mr-fuzzy
82653,185059,/the-original-mr-fuzzy
82655,185063,/the-original-mr-fuzzy
82656,185067,/the-original-mr-fuzzy
82657,185068,/the-original-mr-fuzzy
82660,185075,/the-original-mr-fuzzy
82662,185080,/the-original-mr-fuzzy
82663,185088,/the-original-mr-fuzzy
82665,185094,/the-original-mr-fuzzy
82666,185095,/the-original-mr-fuzzy
82673,185104,/the-original-mr-fuzzy
82675,185108,/the-original-mr-fuzzy
82674,185114,/the-original-mr-fuzzy
82677,185119,/the-original-mr-fuzzy
82679,185126,/the-original-mr-fuzzy
82678,185128,/the-original-mr-fuzzy
82681,185136,/the-original-mr-fuzzy
82683,185138,/the-original-mr-fuzzy
82689,185149,/the-original-mr-fuzzy
82692,185153,/the-original-mr-fuzzy
82695,185160,/the-forever-love-bear
82694,185161,/the-original-mr-fuzzy
82697,185167,/the-forever-love-bear
82698,185175,/the-original-mr-fuzzy
82699,185179,/the-forever-love-bear
82701,185188,/the-original-mr-fuzzy
82702,185195,/the-original-mr-fuzzy
82706,185202,/the-original-mr-fuzzy
82707,185213,/the-original-mr-fuzzy
82711,185216,/the-original-mr-fuzzy
82712,185220,/the-original-mr-fuzzy
82713,185222,/the-forever-love-bear
82716,185236,/the-original-mr-fuzzy
82720,185237,/the-original-mr-fuzzy
82726,185251,/the-original-mr-fuzzy
82727,185257,/the-original-mr-fuzzy
82729,185260,/the-original-mr-fuzzy
82734,185270,/the-forever-love-bear
82740,185278,/the-original-mr-fuzzy
82735,185281,/the-original-mr-fuzzy
82736,185282,/the-forever-love-bear
82744,185294,/the-original-mr-fuzzy
82745,185296,/the-original-mr-fuzzy
82748,185301,/the-original-mr-fuzzy
82750,185307,/the-original-mr-fuzzy
82752,185309,/the-original-mr-fuzzy
82756,185320,/the-original-mr-fuzzy
82755,185322,/the-original-mr-fuzzy
82757,185329,/the-original-mr-fuzzy
82761,185337,/the-forever-love-bear
82762,185340,/the-original-mr-fuzzy
82763,185343,/the-original-mr-fuzzy
82764,185354,/the-original-mr-fuzzy
82766,185359,/the-original-mr-fuzzy
82767,185361,/the-forever-love-bear
82770,185365,/the-original-mr-fuzzy
82771,185368,/the-original-mr-fuzzy
82773,185372,/the-original-mr-fuzzy
82777,185383,/the-original-mr-fuzzy
82779,185386,/the-forever-love-bear
82778,185389,/the-original-mr-fuzzy
82780,185397,/the-original-mr-fuzzy
82784,185405,/the-original-mr-fuzzy
82786,185406,/the-original-mr-fuzzy
82791,185421,/the-original-mr-fuzzy
82794,185425,/the-forever-love-bear
82796,185436,/the-original-mr-fuzzy
82797,185442,/the-original-mr-fuzzy
82801,185446,/the-original-mr-fuzzy
82802,185453,/the-original-mr-fuzzy
82809,185466,/the-original-mr-fuzzy
82808,185476,/the-original-mr-fuzzy
82813,185479,/the-original-mr-fuzzy
82810,185480,/the-original-mr-fuzzy
82817,185489,/the-original-mr-fuzzy
82819,185491,/the-original-mr-fuzzy
82820,185502,/the-original-mr-fuzzy
82821,185505,/the-original-mr-fuzzy
82829,185520,/the-original-mr-fuzzy
82834,185530,/the-forever-love-bear
82840,185542,/the-original-mr-fuzzy
82841,185543,/the-original-mr-fuzzy
82843,185550,/the-original-mr-fuzzy
82845,185556,/the-original-mr-fuzzy
82847,185561,/the-forever-love-bear
82850,185568,/the-original-mr-fuzzy
82851,185570,/the-original-mr-fuzzy
82853,185578,/the-original-mr-fuzzy
82857,185586,/the-original-mr-fuzzy
82861,185592,/the-original-mr-fuzzy
82866,185609,/the-forever-love-bear
82868,185610,/the-original-mr-fuzzy
82867,185612,/the-original-mr-fuzzy
82869,185615,/the-original-mr-fuzzy
82873,185622,/the-original-mr-fuzzy
82875,185625,/the-original-mr-fuzzy
82880,185633,/the-original-mr-fuzzy
82881,185639,/the-original-mr-fuzzy
82882,185642,/the-original-mr-fuzzy
82887,185655,/the-original-mr-fuzzy
82889,185664,/the-original-mr-fuzzy
82891,185671,/the-original-mr-fuzzy
82892,185677,/the-original-mr-fuzzy
82893,185680,/the-original-mr-fuzzy
82894,185684,/the-forever-love-bear
82898,185692,/the-original-mr-fuzzy
82899,185695,/the-original-mr-fuzzy
82900,185699,/the-original-mr-fuzzy
82904,185706,/the-original-mr-fuzzy
82906,185711,/the-original-mr-fuzzy
82905,185713,/the-original-mr-fuzzy
82910,185724,/the-original-mr-fuzzy
82911,185726,/the-original-mr-fuzzy
82913,185732,/the-original-mr-fuzzy
82914,185736,/the-original-mr-fuzzy
82916,185745,/the-original-mr-fuzzy
82919,185749,/the-original-mr-fuzzy
82921,185755,/the-original-mr-fuzzy
82922,185758,/the-original-mr-fuzzy
82926,185769,/the-original-mr-fuzzy
82929,185776,/the-original-mr-fuzzy
82930,185779,/the-original-mr-fuzzy
82932,185786,/the-original-mr-fuzzy
82933,185790,/the-original-mr-fuzzy
82938,185798,/the-original-mr-fuzzy
82940,185804,/the-forever-love-bear
82939,185806,/the-original-mr-fuzzy
82941,185807,/the-original-mr-fuzzy
82948,185819,/the-original-mr-fuzzy
82953,185825,/the-original-mr-fuzzy
82950,185826,/the-original-mr-fuzzy
82955,185830,/the-forever-love-bear
82959,185847,/the-original-mr-fuzzy
82961,185849,/the-original-mr-fuzzy
82964,185855,/the-original-mr-fuzzy
82975,185876,/the-original-mr-fuzzy
82974,185879,/the-original-mr-fuzzy
82978,185881,/the-original-mr-fuzzy
82982,185884,/the-original-mr-fuzzy
82985,185891,/the-forever-love-bear
82983,185893,/the-original-mr-fuzzy
82987,185897,/the-forever-love-bear
82990,185907,/the-original-mr-fuzzy
82992,185908,/the-forever-love-bear
82995,185915,/the-original-mr-fuzzy
83000,185928,/the-original-mr-fuzzy
82998,185930,/the-original-mr-fuzzy
83001,185937,/the-original-mr-fuzzy
83007,185942,/the-original-mr-fuzzy
83008,185944,/the-original-mr-fuzzy
83009,185951,/the-original-mr-fuzzy
83014,185962,/the-original-mr-fuzzy
83017,185968,/the-forever-love-bear
83020,185974,/the-original-mr-fuzzy
83021,185979,/the-forever-love-bear
83023,185983,/the-original-mr-fuzzy
83025,185985,/the-original-mr-fuzzy
83031,185996,/the-original-mr-fuzzy
83034,186000,/the-original-mr-fuzzy
83037,186008,/the-original-mr-fuzzy
83038,186009,/the-original-mr-fuzzy
83043,186021,/the-original-mr-fuzzy
83042,186025,/the-original-mr-fuzzy
83044,186027,/the-original-mr-fuzzy
83040,186028,/the-original-mr-fuzzy
83046,186036,/the-original-mr-fuzzy
83050,186043,/the-original-mr-fuzzy
83052,186049,/the-original-mr-fuzzy
83057,186057,/the-original-mr-fuzzy
83070,186071,/the-original-mr-fuzzy
83071,186082,/the-original-mr-fuzzy
83074,186085,/the-original-mr-fuzzy
83075,186087,/the-forever-love-bear
83076,186091,/the-original-mr-fuzzy
83080,186101,/the-forever-love-bear
83091,186120,/the-original-mr-fuzzy
83089,186122,/the-original-mr-fuzzy
83094,186133,/the-forever-love-bear
83093,186136,/the-forever-love-bear
83096,186146,/the-original-mr-fuzzy
83106,186163,/the-original-mr-fuzzy
83109,186174,/the-original-mr-fuzzy
83111,186180,/the-original-mr-fuzzy
83116,186185,/the-original-mr-fuzzy
83114,186187,/the-original-mr-fuzzy
83117,186189,/the-original-mr-fuzzy
83118,186192,/the-original-mr-fuzzy
83122,186201,/the-forever-love-bear
83125,186211,/the-original-mr-fuzzy
83123,186212,/the-original-mr-fuzzy
83124,186213,/the-original-mr-fuzzy
83127,186224,/the-original-mr-fuzzy
83134,186237,/the-original-mr-fuzzy
83135,186240,/the-original-mr-fuzzy
83133,186241,/the-original-mr-fuzzy
83140,186250,/the-original-mr-fuzzy
83142,186255,/the-forever-love-bear
83145,186261,/the-original-mr-fuzzy
83146,186263,/the-original-mr-fuzzy
83147,186269,/the-original-mr-fuzzy
83148,186278,/the-original-mr-fuzzy
83149,186279,/the-original-mr-fuzzy
83150,186285,/the-original-mr-fuzzy
83152,186287,/the-original-mr-fuzzy
83153,186293,/the-original-mr-fuzzy
83157,186299,/the-original-mr-fuzzy
83159,186304,/the-original-mr-fuzzy
83160,186314,/the-original-mr-fuzzy
83161,186317,/the-original-mr-fuzzy
83165,186321,/the-forever-love-bear
83166,186323,/the-original-mr-fuzzy
83170,186329,/the-original-mr-fuzzy
83171,186336,/the-original-mr-fuzzy
83172,186340,/the-original-mr-fuzzy
83173,186342,/the-forever-love-bear
83174,186345,/the-original-mr-fuzzy
83175,186348,/the-original-mr-fuzzy
83176,186354,/the-original-mr-fuzzy
83179,186356,/the-original-mr-fuzzy
83181,186369,/the-original-mr-fuzzy
83182,186372,/the-forever-love-bear
83183,186383,/the-original-mr-fuzzy
83185,186384,/the-original-mr-fuzzy
83189,186391,/the-forever-love-bear
83191,186403,/the-original-mr-fuzzy
83197,186412,/the-original-mr-fuzzy
83198,186416,/the-original-mr-fuzzy
83202,186422,/the-original-mr-fuzzy
83205,186431,/the-forever-love-bear
83206,186432,/the-original-mr-fuzzy
83207,186434,/the-original-mr-fuzzy
83209,186439,/the-original-mr-fuzzy
83210,186442,/the-original-mr-fuzzy
83211,186446,/the-original-mr-fuzzy
83216,186454,/the-original-mr-fuzzy
83218,186457,/the-original-mr-fuzzy
83222,186467,/the-forever-love-bear
83224,186469,/the-original-mr-fuzzy
83226,186473,/the-original-mr-fuzzy
83230,186480,/the-original-mr-fuzzy
83233,186486,/the-original-mr-fuzzy
83235,186491,/the-original-mr-fuzzy
83234,186492,/the-forever-love-bear
83237,186498,/the-forever-love-bear
83236,186499,/the-forever-love-bear
83243,186511,/the-original-mr-fuzzy
83245,186516,/the-original-mr-fuzzy
83249,186524,/the-original-mr-fuzzy
83252,186526,/the-original-mr-fuzzy
83261,186540,/the-original-mr-fuzzy
83262,186541,/the-forever-love-bear
83267,186555,/the-original-mr-fuzzy
83268,186558,/the-original-mr-fuzzy
83270,186566,/the-forever-love-bear
83276,186576,/the-original-mr-fuzzy
83278,186582,/the-original-mr-fuzzy
83282,186585,/the-original-mr-fuzzy
83285,186592,/the-original-mr-fuzzy
83284,186593,/the-original-mr-fuzzy
83286,186598,/the-original-mr-fuzzy
83292,186610,/the-original-mr-fuzzy
83297,186614,/the-forever-love-bear
83299,186618,/the-original-mr-fuzzy
83300,186629,/the-original-mr-fuzzy
83302,186631,/the-forever-love-bear
83304,186637,/the-original-mr-fuzzy
83305,186640,/the-original-mr-fuzzy
83308,186651,/the-original-mr-fuzzy
83306,186655,/the-original-mr-fuzzy
83311,186661,/the-original-mr-fuzzy
83315,186669,/the-original-mr-fuzzy
83323,186684,/the-original-mr-fuzzy
83326,186693,/the-original-mr-fuzzy
83328,186695,/the-original-mr-fuzzy
83330,186698,/the-forever-love-bear
83332,186706,/the-original-mr-fuzzy
83334,186713,/the-original-mr-fuzzy
83335,186716,/the-original-mr-fuzzy
83339,186729,/the-forever-love-bear
83349,186744,/the-original-mr-fuzzy
83350,186751,/the-original-mr-fuzzy
83353,186756,/the-original-mr-fuzzy
83356,186765,/the-original-mr-fuzzy
83359,186770,/the-original-mr-fuzzy
83358,186771,/the-original-mr-fuzzy
83362,186778,/the-original-mr-fuzzy
83365,186781,/the-original-mr-fuzzy
83366,186789,/the-original-mr-fuzzy
83372,186794,/the-original-mr-fuzzy
83371,186800,/the-original-mr-fuzzy
83376,186812,/the-original-mr-fuzzy
83375,186813,/the-original-mr-fuzzy
83385,186826,/the-forever-love-bear
83384,186829,/the-original-mr-fuzzy
83387,186835,/the-original-mr-fuzzy
83389,186840,/the-original-mr-fuzzy
83394,186854,/the-original-mr-fuzzy
83393,186855,/the-original-mr-fuzzy
83395,186864,/the-forever-love-bear
83397,186868,/the-original-mr-fuzzy
83398,186870,/the-original-mr-fuzzy
83400,186871,/the-original-mr-fuzzy
83401,186875,/the-original-mr-fuzzy
83403,186881,/the-forever-love-bear
83402,186883,/the-original-mr-fuzzy
83405,186886,/the-original-mr-fuzzy
83407,186889,/the-original-mr-fuzzy
83411,186894,/the-original-mr-fuzzy
83409,186895,/the-original-mr-fuzzy
83412,186904,/the-original-mr-fuzzy
83413,186906,/the-original-mr-fuzzy
83414,186908,/the-original-mr-fuzzy
83415,186917,/the-original-mr-fuzzy
83416,186920,/the-original-mr-fuzzy
83421,186930,/the-original-mr-fuzzy
83422,186931,/the-original-mr-fuzzy
83424,186942,/the-original-mr-fuzzy
83428,186949,/the-original-mr-fuzzy
83429,186957,/the-original-mr-fuzzy
83431,186958,/the-original-mr-fuzzy
83433,186969,/the-original-mr-fuzzy
83437,186973,/the-original-mr-fuzzy
83438,186982,/the-forever-love-bear
83443,186987,/the-original-mr-fuzzy
83444,187000,/the-original-mr-fuzzy
83445,187006,/the-original-mr-fuzzy
83449,187007,/the-original-mr-fuzzy
83448,187009,/the-original-mr-fuzzy
83450,187013,/the-original-mr-fuzzy
83451,187014,/the-forever-love-bear
83452,187015,/the-original-mr-fuzzy
83456,187025,/the-original-mr-fuzzy
83457,187032,/the-original-mr-fuzzy
83458,187035,/the-original-mr-fuzzy
83459,187038,/the-original-mr-fuzzy
83461,187044,/the-original-mr-fuzzy
83465,187051,/the-original-mr-fuzzy
83464,187052,/the-original-mr-fuzzy
83466,187057,/the-original-mr-fuzzy
83467,187064,/the-original-mr-fuzzy
83472,187084,/the-forever-love-bear
83474,187085,/the-forever-love-bear
83475,187088,/the-forever-love-bear
83473,187089,/the-original-mr-fuzzy
83477,187091,/the-original-mr-fuzzy
83480,187099,/the-original-mr-fuzzy
83481,187104,/the-original-mr-fuzzy
83483,187107,/the-original-mr-fuzzy
83484,187112,/the-original-mr-fuzzy
83485,187113,/the-original-mr-fuzzy
83490,187123,/the-original-mr-fuzzy
83493,187131,/the-original-mr-fuzzy
83491,187133,/the-original-mr-fuzzy
83492,187138,/the-original-mr-fuzzy
83496,187143,/the-original-mr-fuzzy
83497,187147,/the-original-mr-fuzzy
83499,187153,/the-original-mr-fuzzy
83502,187157,/the-forever-love-bear
83506,187165,/the-original-mr-fuzzy
83512,187173,/the-original-mr-fuzzy
83517,187181,/the-original-mr-fuzzy
83523,187191,/the-forever-love-bear
83526,187197,/the-original-mr-fuzzy
83527,187199,/the-original-mr-fuzzy
83528,187206,/the-original-mr-fuzzy
83529,187211,/the-forever-love-bear
83530,187214,/the-original-mr-fuzzy
83532,187224,/the-original-mr-fuzzy
83533,187227,/the-original-mr-fuzzy
83536,187234,/the-original-mr-fuzzy
83537,187238,/the-forever-love-bear
83538,187243,/the-original-mr-fuzzy
83539,187245,/the-original-mr-fuzzy
83540,187247,/the-original-mr-fuzzy
83543,187252,/the-original-mr-fuzzy
83544,187259,/the-forever-love-bear
83553,187274,/the-original-mr-fuzzy
83555,187278,/the-original-mr-fuzzy
83560,187289,/the-original-mr-fuzzy
83561,187293,/the-original-mr-fuzzy
83562,187301,/the-original-mr-fuzzy
83565,187304,/the-original-mr-fuzzy
83567,187311,/the-original-mr-fuzzy
83578,187330,/the-original-mr-fuzzy
83584,187335,/the-original-mr-fuzzy
83585,187345,/the-forever-love-bear
83587,187350,/the-original-mr-fuzzy
83591,187353,/the-original-mr-fuzzy
83594,187364,/the-original-mr-fuzzy
83596,187368,/the-forever-love-bear
83598,187370,/the-original-mr-fuzzy
83604,187384,/the-original-mr-fuzzy
83606,187385,/the-forever-love-bear
83607,187390,/the-original-mr-fuzzy
83608,187392,/the-original-mr-fuzzy
83610,187407,/the-original-mr-fuzzy
83612,187409,/the-original-mr-fuzzy
83614,187412,/the-original-mr-fuzzy
83617,187422,/the-original-mr-fuzzy
83618,187424,/the-forever-love-bear
83621,187427,/the-original-mr-fuzzy
83626,187437,/the-original-mr-fuzzy
83624,187439,/the-original-mr-fuzzy
83627,187447,/the-forever-love-bear
83631,187452,/the-original-mr-fuzzy
83632,187455,/the-original-mr-fuzzy
83635,187464,/the-forever-love-bear
83637,187467,/the-original-mr-fuzzy
83640,187473,/the-original-mr-fuzzy
83641,187475,/the-original-mr-fuzzy
83643,187486,/the-original-mr-fuzzy
83642,187487,/the-original-mr-fuzzy
83648,187495,/the-original-mr-fuzzy
83651,187505,/the-original-mr-fuzzy
83650,187506,/the-original-mr-fuzzy
83654,187512,/the-original-mr-fuzzy
83661,187526,/the-original-mr-fuzzy
83659,187529,/the-forever-love-bear
83660,187535,/the-original-mr-fuzzy
83662,187536,/the-original-mr-fuzzy
83665,187539,/the-original-mr-fuzzy
83669,187548,/the-original-mr-fuzzy
83671,187555,/the-forever-love-bear
83673,187564,/the-original-mr-fuzzy
83679,187573,/the-original-mr-fuzzy
83676,187574,/the-original-mr-fuzzy
83677,187577,/the-original-mr-fuzzy
83678,187579,/the-original-mr-fuzzy
83681,187586,/the-original-mr-fuzzy
83684,187601,/the-original-mr-fuzzy
83690,187603,/the-original-mr-fuzzy
83686,187609,/the-original-mr-fuzzy
83691,187612,/the-original-mr-fuzzy
83692,187617,/the-original-mr-fuzzy
83695,187626,/the-forever-love-bear
83702,187636,/the-original-mr-fuzzy
83707,187645,/the-original-mr-fuzzy
83705,187646,/the-original-mr-fuzzy
83708,187651,/the-original-mr-fuzzy
83711,187661,/the-original-mr-fuzzy
83714,187668,/the-original-mr-fuzzy
83716,187675,/the-original-mr-fuzzy
83715,187676,/the-original-mr-fuzzy
83717,187683,/the-forever-love-bear
83720,187689,/the-original-mr-fuzzy
83728,187701,/the-original-mr-fuzzy
83726,187702,/the-forever-love-bear
83727,187703,/the-original-mr-fuzzy
83731,187714,/the-original-mr-fuzzy
83730,187715,/the-original-mr-fuzzy
83732,187719,/the-original-mr-fuzzy
83735,187727,/the-original-mr-fuzzy
83739,187735,/the-original-mr-fuzzy
83744,187750,/the-original-mr-fuzzy
83758,187770,/the-original-mr-fuzzy
83760,187776,/the-original-mr-fuzzy
83764,187781,/the-original-mr-fuzzy
83767,187791,/the-original-mr-fuzzy
83769,187797,/the-original-mr-fuzzy
83774,187806,/the-original-mr-fuzzy
83776,187813,/the-original-mr-fuzzy
83775,187817,/the-original-mr-fuzzy
83779,187826,/the-original-mr-fuzzy
83783,187833,/the-original-mr-fuzzy
83787,187839,/the-original-mr-fuzzy
83790,187847,/the-original-mr-fuzzy
83796,187855,/the-forever-love-bear
83799,187861,/the-original-mr-fuzzy
83802,187865,/the-original-mr-fuzzy
83804,187868,/the-original-mr-fuzzy
83805,187871,/the-original-mr-fuzzy
83806,187877,/the-original-mr-fuzzy
83808,187882,/the-original-mr-fuzzy
83809,187890,/the-forever-love-bear
83811,187897,/the-original-mr-fuzzy
83812,187899,/the-forever-love-bear
83813,187907,/the-original-mr-fuzzy
83815,187910,/the-original-mr-fuzzy
83823,187925,/the-forever-love-bear
83824,187928,/the-original-mr-fuzzy
83833,187942,/the-original-mr-fuzzy
83835,187946,/the-original-mr-fuzzy
83838,187952,/the-original-mr-fuzzy
83839,187956,/the-original-mr-fuzzy
83843,187963,/the-forever-love-bear
83842,187965,/the-original-mr-fuzzy
83848,187976,/the-original-mr-fuzzy
83849,187979,/the-forever-love-bear
83851,187985,/the-original-mr-fuzzy
83855,187994,/the-original-mr-fuzzy
83854,187997,/the-original-mr-fuzzy
83858,188005,/the-original-mr-fuzzy
83861,188010,/the-original-mr-fuzzy
83862,188013,/the-original-mr-fuzzy
83864,188020,/the-original-mr-fuzzy
83865,188025,/the-original-mr-fuzzy
83866,188028,/the-original-mr-fuzzy
83868,188032,/the-original-mr-fuzzy
83870,188039,/the-original-mr-fuzzy
83871,188042,/the-original-mr-fuzzy
83872,188044,/the-original-mr-fuzzy
83879,188058,/the-forever-love-bear
83878,188059,/the-original-mr-fuzzy
83882,188069,/the-original-mr-fuzzy
83884,188075,/the-forever-love-bear
83886,188079,/the-original-mr-fuzzy
83887,188083,/the-original-mr-fuzzy
83890,188089,/the-original-mr-fuzzy
83891,188092,/the-original-mr-fuzzy
83892,188099,/the-original-mr-fuzzy
83896,188113,/the-original-mr-fuzzy
83897,188114,/the-original-mr-fuzzy
83901,188118,/the-original-mr-fuzzy
83902,188124,/the-original-mr-fuzzy
83904,188129,/the-forever-love-bear
83908,188140,/the-original-mr-fuzzy
83907,188141,/the-original-mr-fuzzy
83915,188157,/the-forever-love-bear
83918,188164,/the-forever-love-bear
83919,188168,/the-original-mr-fuzzy
83920,188171,/the-original-mr-fuzzy
83922,188178,/the-original-mr-fuzzy
83924,188181,/the-forever-love-bear
83928,188188,/the-forever-love-bear
83931,188193,/the-original-mr-fuzzy
83932,188196,/the-original-mr-fuzzy
83937,188204,/the-original-mr-fuzzy
83936,188205,/the-forever-love-bear
83941,188212,/the-original-mr-fuzzy
83942,188219,/the-original-mr-fuzzy
83943,188222,/the-original-mr-fuzzy
83944,188229,/the-original-mr-fuzzy
83950,188244,/the-original-mr-fuzzy
83954,188249,/the-original-mr-fuzzy
83953,188251,/the-forever-love-bear
83955,188254,/the-original-mr-fuzzy
83958,188261,/the-original-mr-fuzzy
83959,188263,/the-original-mr-fuzzy
83961,188269,/the-original-mr-fuzzy
83964,188280,/the-original-mr-fuzzy
83965,188282,/the-forever-love-bear
83968,188291,/the-original-mr-fuzzy
83969,188294,/the-original-mr-fuzzy
83971,188303,/the-original-mr-fuzzy
83972,188305,/the-original-mr-fuzzy
83975,188315,/the-forever-love-bear
83976,188319,/the-original-mr-fuzzy
83980,188328,/the-original-mr-fuzzy
83981,188336,/the-original-mr-fuzzy
83986,188345,/the-original-mr-fuzzy
83989,188350,/the-original-mr-fuzzy
83990,188358,/the-original-mr-fuzzy
83992,188363,/the-original-mr-fuzzy
83993,188365,/the-original-mr-fuzzy
83997,188376,/the-forever-love-bear
83998,188383,/the-original-mr-fuzzy
83999,188386,/the-original-mr-fuzzy
84001,188394,/the-forever-love-bear
84002,188397,/the-original-mr-fuzzy
84008,188410,/the-original-mr-fuzzy
84010,188416,/the-original-mr-fuzzy
84011,188419,/the-original-mr-fuzzy
84012,188423,/the-forever-love-bear
84013,188425,/the-original-mr-fuzzy
84014,188428,/the-original-mr-fuzzy
84016,188433,/the-forever-love-bear
84019,188442,/the-original-mr-fuzzy
84021,188446,/the-forever-love-bear
84022,188454,/the-forever-love-bear
84024,188457,/the-original-mr-fuzzy
84025,188460,/the-original-mr-fuzzy
84026,188465,/the-original-mr-fuzzy
84027,188469,/the-original-mr-fuzzy
84028,188473,/the-original-mr-fuzzy
84031,188478,/the-original-mr-fuzzy
84032,188482,/the-original-mr-fuzzy
84036,188491,/the-forever-love-bear
84035,188492,/the-original-mr-fuzzy
84037,188494,/the-original-mr-fuzzy
84045,188509,/the-original-mr-fuzzy
84047,188511,/the-forever-love-bear
84048,188515,/the-original-mr-fuzzy
84049,188519,/the-original-mr-fuzzy
84051,188526,/the-original-mr-fuzzy
84053,188533,/the-original-mr-fuzzy
84054,188538,/the-original-mr-fuzzy
84056,188542,/the-original-mr-fuzzy
84057,188546,/the-original-mr-fuzzy
84061,188553,/the-original-mr-fuzzy
84064,188561,/the-original-mr-fuzzy
84069,188568,/the-original-mr-fuzzy
84073,188576,/the-original-mr-fuzzy
84076,188586,/the-original-mr-fuzzy
84077,188588,/the-original-mr-fuzzy
84079,188591,/the-original-mr-fuzzy
84081,188597,/the-original-mr-fuzzy
84082,188600,/the-forever-love-bear
84083,188604,/the-original-mr-fuzzy
84085,188610,/the-original-mr-fuzzy
84086,188617,/the-original-mr-fuzzy
84089,188625,/the-forever-love-bear
84093,188632,/the-original-mr-fuzzy
84096,188636,/the-original-mr-fuzzy
84101,188644,/the-original-mr-fuzzy
84102,188647,/the-original-mr-fuzzy
84104,188651,/the-original-mr-fuzzy
84105,188654,/the-original-mr-fuzzy
84109,188665,/the-original-mr-fuzzy
84110,188672,/the-original-mr-fuzzy
84111,188677,/the-original-mr-fuzzy
84117,188686,/the-original-mr-fuzzy
84120,188692,/the-forever-love-bear
84122,188701,/the-original-mr-fuzzy
84124,188704,/the-original-mr-fuzzy
84125,188707,/the-original-mr-fuzzy
84131,188718,/the-original-mr-fuzzy
84132,188724,/the-original-mr-fuzzy
84135,188728,/the-original-mr-fuzzy
84136,188734,/the-original-mr-fuzzy
84140,188747,/the-original-mr-fuzzy
84141,188748,/the-original-mr-fuzzy
84139,188749,/the-forever-love-bear
84143,188756,/the-original-mr-fuzzy
84144,188761,/the-forever-love-bear
84146,188766,/the-original-mr-fuzzy
84148,188768,/the-forever-love-bear
84149,188772,/the-original-mr-fuzzy
84150,188784,/the-original-mr-fuzzy
84159,188801,/the-original-mr-fuzzy
84157,188804,/the-original-mr-fuzzy
84161,188806,/the-original-mr-fuzzy
84163,188814,/the-original-mr-fuzzy
84168,188823,/the-original-mr-fuzzy
84172,188836,/the-original-mr-fuzzy
84175,188840,/the-forever-love-bear
84178,188846,/the-original-mr-fuzzy
84181,188852,/the-original-mr-fuzzy
84184,188859,/the-original-mr-fuzzy
84185,188863,/the-original-mr-fuzzy
84188,188871,/the-original-mr-fuzzy
84189,188879,/the-original-mr-fuzzy
84190,188883,/the-original-mr-fuzzy
84194,188894,/the-original-mr-fuzzy
84198,188904,/the-original-mr-fuzzy
84200,188906,/the-original-mr-fuzzy
84202,188912,/the-original-mr-fuzzy
84203,188914,/the-original-mr-fuzzy
84206,188920,/the-original-mr-fuzzy
84208,188926,/the-original-mr-fuzzy
84209,188931,/the-original-mr-fuzzy
84213,188937,/the-original-mr-fuzzy
84211,188938,/the-original-mr-fuzzy
84214,188946,/the-original-mr-fuzzy
84215,188949,/the-original-mr-fuzzy
84225,188962,/the-original-mr-fuzzy
84228,188967,/the-original-mr-fuzzy
84230,188974,/the-original-mr-fuzzy
84233,188980,/the-original-mr-fuzzy
84232,188986,/the-forever-love-bear
84234,188987,/the-original-mr-fuzzy
84235,188988,/the-forever-love-bear
84236,188992,/the-original-mr-fuzzy
84238,189000,/the-original-mr-fuzzy
84239,189005,/the-original-mr-fuzzy
84240,189006,/the-original-mr-fuzzy
84241,189009,/the-original-mr-fuzzy
84242,189012,/the-original-mr-fuzzy
84244,189019,/the-original-mr-fuzzy
84247,189034,/the-original-mr-fuzzy
84246,189036,/the-original-mr-fuzzy
84249,189039,/the-original-mr-fuzzy
84252,189044,/the-original-mr-fuzzy
84255,189052,/the-original-mr-fuzzy
84256,189057,/the-original-mr-fuzzy
84259,189063,/the-original-mr-fuzzy
84260,189067,/the-forever-love-bear
84261,189077,/the-original-mr-fuzzy
84264,189083,/the-forever-love-bear
84263,189084,/the-original-mr-fuzzy
84265,189088,/the-original-mr-fuzzy
84268,189090,/the-original-mr-fuzzy
84269,189093,/the-original-mr-fuzzy
84276,189101,/the-original-mr-fuzzy
84278,189104,/the-original-mr-fuzzy
84281,189111,/the-original-mr-fuzzy
84284,189119,/the-original-mr-fuzzy
84292,189134,/the-original-mr-fuzzy
84294,189139,/the-original-mr-fuzzy
84295,189141,/the-forever-love-bear
84296,189147,/the-original-mr-fuzzy
84301,189152,/the-original-mr-fuzzy
84302,189155,/the-original-mr-fuzzy
84305,189163,/the-original-mr-fuzzy
84304,189164,/the-original-mr-fuzzy
84310,189171,/the-original-mr-fuzzy
84313,189177,/the-original-mr-fuzzy
84314,189186,/the-original-mr-fuzzy
84318,189193,/the-original-mr-fuzzy
84320,189196,/the-original-mr-fuzzy
84319,189198,/the-original-mr-fuzzy
84324,189203,/the-forever-love-bear
84327,189212,/the-original-mr-fuzzy
84325,189215,/the-original-mr-fuzzy
84328,189217,/the-original-mr-fuzzy
84326,189219,/the-original-mr-fuzzy
84329,189222,/the-original-mr-fuzzy
84331,189227,/the-original-mr-fuzzy
84333,189233,/the-original-mr-fuzzy
84335,189239,/the-original-mr-fuzzy
84337,189247,/the-original-mr-fuzzy
84338,189252,/the-forever-love-bear
84340,189259,/the-original-mr-fuzzy
84341,189263,/the-original-mr-fuzzy
84342,189266,/the-original-mr-fuzzy
84344,189270,/the-original-mr-fuzzy
84346,189275,/the-original-mr-fuzzy
84350,189280,/the-original-mr-fuzzy
84352,189286,/the-original-mr-fuzzy
84353,189289,/the-original-mr-fuzzy
84354,189291,/the-original-mr-fuzzy
84355,189300,/the-original-mr-fuzzy
84359,189313,/the-original-mr-fuzzy
84361,189316,/the-original-mr-fuzzy
84362,189320,/the-original-mr-fuzzy
84364,189325,/the-original-mr-fuzzy
84366,189330,/the-original-mr-fuzzy
84367,189334,/the-original-mr-fuzzy
84368,189343,/the-forever-love-bear
84371,189349,/the-original-mr-fuzzy
84373,189350,/the-original-mr-fuzzy
84375,189355,/the-original-mr-fuzzy
84377,189360,/the-original-mr-fuzzy
84376,189361,/the-original-mr-fuzzy
84378,189370,/the-original-mr-fuzzy
84379,189372,/the-original-mr-fuzzy
84382,189378,/the-original-mr-fuzzy
84386,189386,/the-original-mr-fuzzy
84387,189389,/the-forever-love-bear
84397,189404,/the-original-mr-fuzzy
84401,189410,/the-original-mr-fuzzy
84403,189417,/the-original-mr-fuzzy
84405,189424,/the-original-mr-fuzzy
84409,189434,/the-original-mr-fuzzy
84410,189440,/the-original-mr-fuzzy
84411,189443,/the-original-mr-fuzzy
84413,189453,/the-original-mr-fuzzy
84418,189463,/the-original-mr-fuzzy
84417,189464,/the-original-mr-fuzzy
84421,189469,/the-original-mr-fuzzy
84422,189472,/the-original-mr-fuzzy
84420,189473,/the-original-mr-fuzzy
84423,189475,/the-forever-love-bear
84424,189479,/the-original-mr-fuzzy
84426,189482,/the-original-mr-fuzzy
84427,189488,/the-original-mr-fuzzy
84432,189496,/the-original-mr-fuzzy
84431,189497,/the-original-mr-fuzzy
84433,189506,/the-original-mr-fuzzy
84434,189507,/the-original-mr-fuzzy
84438,189514,/the-original-mr-fuzzy
84444,189527,/the-original-mr-fuzzy
84446,189528,/the-original-mr-fuzzy
84449,189535,/the-original-mr-fuzzy
84447,189536,/the-original-mr-fuzzy
84450,189543,/the-original-mr-fuzzy
84453,189555,/the-original-mr-fuzzy
84456,189557,/the-original-mr-fuzzy
84457,189558,/the-original-mr-fuzzy
84458,189565,/the-original-mr-fuzzy
84462,189567,/the-original-mr-fuzzy
84459,189569,/the-original-mr-fuzzy
84464,189578,/the-original-mr-fuzzy
84467,189586,/the-original-mr-fuzzy
84472,189596,/the-original-mr-fuzzy
84473,189607,/the-original-mr-fuzzy
84474,189608,/the-original-mr-fuzzy
84475,189609,/the-original-mr-fuzzy
84477,189617,/the-forever-love-bear
84481,189621,/the-original-mr-fuzzy
84478,189622,/the-original-mr-fuzzy
84479,189623,/the-original-mr-fuzzy
84485,189633,/the-original-mr-fuzzy
84493,189646,/the-forever-love-bear
84498,189655,/the-original-mr-fuzzy
84499,189656,/the-original-mr-fuzzy
84501,189658,/the-original-mr-fuzzy
84506,189666,/the-original-mr-fuzzy
84503,189667,/the-original-mr-fuzzy
84508,189673,/the-original-mr-fuzzy
84510,189676,/the-original-mr-fuzzy
84513,189686,/the-original-mr-fuzzy
84526,189706,/the-original-mr-fuzzy
84532,189719,/the-forever-love-bear
84533,189720,/the-original-mr-fuzzy
84535,189722,/the-original-mr-fuzzy
84540,189730,/the-original-mr-fuzzy
84543,189737,/the-forever-love-bear
84546,189743,/the-original-mr-fuzzy
84544,189744,/the-original-mr-fuzzy
84545,189751,/the-forever-love-bear
84548,189754,/the-original-mr-fuzzy
84550,189761,/the-original-mr-fuzzy
84553,189772,/the-original-mr-fuzzy
84557,189779,/the-original-mr-fuzzy
84556,189782,/the-original-mr-fuzzy
84560,189789,/the-original-mr-fuzzy
84559,189790,/the-original-mr-fuzzy
84561,189797,/the-original-mr-fuzzy
84566,189812,/the-forever-love-bear
84571,189821,/the-original-mr-fuzzy
84577,189834,/the-original-mr-fuzzy
84578,189836,/the-original-mr-fuzzy
84581,189843,/the-original-mr-fuzzy
84582,189845,/the-original-mr-fuzzy
84585,189851,/the-original-mr-fuzzy
84584,189852,/the-original-mr-fuzzy
84587,189860,/the-forever-love-bear
84595,189875,/the-original-mr-fuzzy
84594,189876,/the-original-mr-fuzzy
84598,189878,/the-original-mr-fuzzy
84599,189885,/the-original-mr-fuzzy
84602,189894,/the-original-mr-fuzzy
84603,189898,/the-original-mr-fuzzy
84608,189905,/the-original-mr-fuzzy
84612,189913,/the-original-mr-fuzzy
84614,189917,/the-original-mr-fuzzy
84616,189925,/the-original-mr-fuzzy
84617,189930,/the-original-mr-fuzzy
84623,189940,/the-original-mr-fuzzy
84624,189945,/the-original-mr-fuzzy
84626,189952,/the-original-mr-fuzzy
84631,189966,/the-original-mr-fuzzy
84630,189967,/the-original-mr-fuzzy
84632,189968,/the-original-mr-fuzzy
84634,189977,/the-original-mr-fuzzy
84637,189982,/the-original-mr-fuzzy
84639,189988,/the-forever-love-bear
84641,189992,/the-forever-love-bear
84643,189998,/the-forever-love-bear
84646,190003,/the-forever-love-bear
84652,190016,/the-original-mr-fuzzy
84653,190018,/the-original-mr-fuzzy
84654,190029,/the-original-mr-fuzzy
84655,190033,/the-original-mr-fuzzy
84657,190039,/the-original-mr-fuzzy
84656,190040,/the-original-mr-fuzzy
84658,190045,/the-original-mr-fuzzy
